{"type": "FeatureCollection", "district": "songridan", "features": [{"type": "Feature", "geometry": {"type": "Polygon", "coordinates": [[[127.10539263, 37.50546107], [127.10555435, 37.50553102], [127.10561687, 37.50543402], [127.1054573, 37.50536379], [127.10539263, 37.50546107]]]}, "properties": {"name": "석촌동 175-7", "status": "empty", "capacity": 7, "active": 0, "industry": "", "vacancy_rate": 100.0, "source": "polygon_only", "capacity_method": "floor_approx", "active_pip": 0, "licensed": 0, "id": "1171010500101750007-1", "pnu": "1171010500101750007", "floors": 7, "height": 21.1}}, {"type": "Feature", "geometry": {"type": "Polygon", "coordinates": [[[127.10554852, 37.50645114], [127.10541527, 37.50660028], [127.10550989, 37.50664651], [127.10564065, 37.50650331], [127.10554852, 37.50645114]]]}, "properties": {"name": "전체", "status": "partial", "capacity": 3, "active": 2, "industry": "비알코올 ", "vacancy_rate": 33.3, "vacancy_rate_lo": 33.3, "vacancy_rate_hi": 33.3, "stores": 5, "source": "stores+ledger", "capacity_method": "floor_ouln", "active_pip": 0, "licensed": 2, "com_floors": [1, 3, 4], "occ_floors": [1, 4], "unknown_n": 0, "id": "1171010500101840008-1", "pnu": "1171010500101840008", "floors": 4, "height": 0.0}}, {"type": "Feature", "geometry": {"type": "Polygon", "coordinates": [[[127.10521755, 37.50457392], [127.10475998, 37.50441944], [127.10471352, 37.50451363], [127.10517074, 37.50466379], [127.10521755, 37.50457392]]]}, "properties": {"name": "소망빌딩", "status": "full", "capacity": 3, "active": 3, "industry": "기타 교육", "vacancy_rate": 0.0, "vacancy_rate_lo": 0.0, "vacancy_rate_hi": 33.3, "stores": 9, "source": "stores+ledger", "capacity_method": "floor_ouln", "active_pip": 0, "licensed": 2, "com_floors": [1, 2, 3], "occ_floors": [1, 2], "unknown_n": 1, "id": "1171010500101730008-1", "pnu": "1171010500101730008", "floors": 3, "height": 11.3}}, {"type": "Feature", "geometry": {"type": "Polygon", "coordinates": [[[127.10553302, 37.50414081], [127.10546769, 37.50425621], [127.10550493, 37.50426959], [127.10550469, 37.50427079], [127.10550507, 37.5042732], [127.10550585, 37.50427458], [127.10550752, 37.5042762], [127.1055098, 37.50427727], [127.10567877, 37.50433798], [127.10568229, 37.50433875], [127.10568456, 37.50433877], [127.10568865, 37.50433786], [127.10569022, 37.50433712], [127.10569209, 37.50433581], [127.10569405, 37.50433361], [127.10577425, 37.50423342], [127.10567765, 37.50419872], [127.10565952, 37.50423075], [127.10555796, 37.50419425], [127.10557889, 37.50415729], [127.10553302, 37.50414081]]]}, "properties": {"name": "석촌동 285-4", "status": "full", "capacity": 5, "active": 5, "industry": "일반 교육", "vacancy_rate": 0.0, "vacancy_rate_lo": 0.0, "vacancy_rate_hi": 20.0, "stores": 9, "source": "stores+ledger", "capacity_method": "floor_ouln", "active_pip": 0, "licensed": 2, "com_floors": [1, 2, 3, 4, 5], "occ_floors": [1, 2, 3, 4], "unknown_n": 1, "id": "1171010500102850004-1", "pnu": "1171010500102850004", "floors": 5, "height": 15.0}}, {"type": "Feature", "geometry": {"type": "Polygon", "coordinates": [[[127.10503983, 37.50397247], [127.10499078, 37.50407767], [127.10542888, 37.5042099], [127.10548007, 37.5041012], [127.10503983, 37.50397247]]]}, "properties": {"name": "잠실한솔아파트", "status": "high", "capacity": 7, "active": 2, "industry": "세탁", "vacancy_rate": 71.4, "vacancy_rate_lo": null, "vacancy_rate_hi": null, "stores": 2, "source": "stores+ledger", "capacity_method": "expos_units", "active_pip": 0, "licensed": 0, "com_floors": null, "occ_floors": null, "unknown_n": null, "id": "1171010500102850000-1", "pnu": "1171010500102850000", "floors": 19, "height": 51.1}}, {"type": "Feature", "geometry": {"type": "Polygon", "coordinates": [[[127.10334143, 37.50671433], [127.10340427, 37.50674108], [127.10348157, 37.50662586], [127.10341872, 37.50659911], [127.10334143, 37.50671433]]]}, "properties": {"name": "석촌동 163-13", "status": "full", "capacity": 1, "active": 1, "industry": "세탁", "vacancy_rate": 0.0, "vacancy_rate_lo": 0.0, "vacancy_rate_hi": 100.0, "stores": 1, "source": "stores+ledger", "capacity_method": "floor_ouln", "active_pip": 0, "licensed": 0, "com_floors": [1], "occ_floors": [], "unknown_n": 1, "id": "1171010500101630013-1", "pnu": "1171010500101630013", "floors": 1, "height": 3.9}}, {"type": "Feature", "geometry": {"type": "Polygon", "coordinates": [[[127.10160158, 37.50720909], [127.10170453, 37.5070562], [127.10164376, 37.50703111], [127.10166092, 37.50700821], [127.10159777, 37.5069816], [127.10163344, 37.50692985], [127.10156182, 37.50690225], [127.1015266, 37.50695805], [127.10151823, 37.50695481], [127.10141091, 37.50712997], [127.10160158, 37.50720909]]]}, "properties": {"name": "석촌동 158-3", "status": "high", "capacity": 10, "active": 3, "industry": "", "vacancy_rate": 70.0, "source": "pip_only", "capacity_method": "floor_approx", "active_pip": 3, "licensed": 1, "id": "1171010500101580003-1", "pnu": "1171010500101580003", "floors": 10, "height": 41.3}}, {"type": "Feature", "geometry": {"type": "Polygon", "coordinates": [[[127.1010332, 37.50573941], [127.10116221, 37.50579651], [127.10124167, 37.50567851], [127.10111469, 37.50562005], [127.1010332, 37.50573941]]]}, "properties": {"name": "제", "status": "partial", "capacity": 3, "active": 2, "industry": "세탁", "vacancy_rate": 33.3, "vacancy_rate_lo": 33.3, "vacancy_rate_hi": 33.3, "stores": 1, "source": "stores+ledger", "capacity_method": "floor_ouln", "active_pip": 0, "licensed": 0, "com_floors": [1, 2, 3], "occ_floors": [1, 3], "unknown_n": 0, "id": "1171010500100550014-1", "pnu": "1171010500100550014", "floors": 5, "height": 17.8}}, {"type": "Feature", "geometry": {"type": "Polygon", "coordinates": [[[127.10083278, 37.50614963], [127.1007612, 37.5062461], [127.10090854, 37.50630949], [127.10097593, 37.50621474], [127.10083278, 37.50614963]]]}, "properties": {"name": "석촌동 52-7", "status": "full", "capacity": 2, "active": 2, "industry": "한식", "vacancy_rate": 0.0, "vacancy_rate_lo": 0.0, "vacancy_rate_hi": 0.0, "stores": 3, "source": "stores+ledger", "capacity_method": "floor_ouln", "active_pip": 0, "licensed": 2, "com_floors": [1, 2], "occ_floors": [1, 2], "unknown_n": 0, "id": "1171010500100520007-1", "pnu": "1171010500100520007", "floors": 4, "height": 0.0}}, {"type": "Feature", "geometry": {"type": "Polygon", "coordinates": [[[127.10149491, 37.50602445], [127.10141647, 37.50614913], [127.10155047, 37.50620749], [127.10163025, 37.50607705], [127.10149491, 37.50602445]]]}, "properties": {"name": "석촌동 156-5", "status": "empty", "capacity": 2, "active": 0, "industry": "", "vacancy_rate": 100.0, "source": "polygon_only", "capacity_method": "floor_approx", "active_pip": 0, "licensed": 0, "id": "1171010500101560005-1", "pnu": "1171010500101560005", "floors": 2, "height": 8.0}}, {"type": "Feature", "geometry": {"type": "Polygon", "coordinates": [[[127.10111858, 37.50556905], [127.10124352, 37.50562724], [127.10129432, 37.50555457], [127.10128115, 37.50551503], [127.10117975, 37.50546835], [127.10111858, 37.50556905]]]}, "properties": {"name": "석촌동 55-13", "status": "high", "capacity": 5, "active": 1, "industry": "", "vacancy_rate": 80.0, "source": "pip_only", "capacity_method": "floor_approx", "active_pip": 0, "licensed": 1, "id": "1171010500100550013-1", "pnu": "1171010500100550013", "floors": 5, "height": 14.9}}, {"type": "Feature", "geometry": {"type": "Polygon", "coordinates": [[[127.10102157, 37.50642391], [127.10095397, 37.50653155], [127.10096522, 37.50656848], [127.10125513, 37.50668609], [127.1012987, 37.50661911], [127.10111922, 37.50654258], [127.10115929, 37.50648191], [127.10102157, 37.50642391]]]}, "properties": {"name": "세화빌딩", "status": "full", "capacity": 3, "active": 3, "industry": "한식", "vacancy_rate": 0.0, "vacancy_rate_lo": 0.0, "vacancy_rate_hi": 0.0, "stores": 6, "source": "stores+ledger", "capacity_method": "floor_ouln", "active_pip": 0, "licensed": 0, "com_floors": [1, 2, 3], "occ_floors": [1, 2, 3], "unknown_n": 0, "id": "1171010500101570000-1", "pnu": "1171010500101570000", "floors": 3, "height": 11.15}}, {"type": "Feature", "geometry": {"type": "Polygon", "coordinates": [[[127.10138454, 37.50712368], [127.10152868, 37.50690543], [127.1014618, 37.50687665], [127.10143742, 37.50691181], [127.10134032, 37.50686892], [127.10121967, 37.50705336], [127.10138454, 37.50712368]]]}, "properties": {"name": "석촌동 158-2", "status": "full", "capacity": 6, "active": 6, "industry": "기타 교육", "vacancy_rate": 0.0, "vacancy_rate_lo": 0.0, "vacancy_rate_hi": 16.7, "stores": 5, "source": "stores+ledger", "capacity_method": "floor_ouln", "active_pip": 0, "licensed": 2, "com_floors": [1, 2, 3, 7, 8, 10], "occ_floors": [1, 2, 3, 8, 10], "unknown_n": 1, "id": "1171010500101580002-1", "pnu": "1171010500101580002", "floors": 10, "height": 41.85}}, {"type": "Feature", "geometry": {"type": "Polygon", "coordinates": [[[127.10165822, 37.50502249], [127.10161337, 37.50513191], [127.10163039, 37.50517343], [127.10167598, 37.50518249], [127.10173008, 37.50504504], [127.10165822, 37.50502249]]]}, "properties": {"name": "석촌동 153", "status": "full", "capacity": 2, "active": 2, "industry": "섬유·의복·신발 소매", "vacancy_rate": 0.0, "vacancy_rate_lo": 0.0, "vacancy_rate_hi": 0.0, "stores": 2, "source": "stores+ledger", "capacity_method": "floor_ouln", "active_pip": 0, "licensed": 0, "com_floors": [1, 2], "occ_floors": [1, 2], "unknown_n": 0, "id": "1171010500101530000-1", "pnu": "1171010500101530000", "floors": 3, "height": 0.0}}, {"type": "Feature", "geometry": {"type": "Polygon", "coordinates": [[[127.10371078, 37.50409258], [127.10367899, 37.5041654], [127.10393425, 37.50424438], [127.10394709, 37.50420455], [127.1039628, 37.50419633], [127.10396651, 37.50418318], [127.10396016, 37.50416768], [127.10393866, 37.50416103], [127.10392408, 37.50416474], [127.10371078, 37.50409258]]]}, "properties": {"name": "송원빌딩", "status": "full", "capacity": 5, "active": 5, "industry": "교육 지원", "vacancy_rate": 0.0, "vacancy_rate_lo": 0.0, "vacancy_rate_hi": 0.0, "stores": 6, "source": "stores+ledger", "capacity_method": "floor_ouln", "active_pip": 0, "licensed": 1, "com_floors": [1, 2, 3, 4, 5], "occ_floors": [1, 2, 3, 4, 5], "unknown_n": 0, "id": "1171010500100770005-1", "pnu": "1171010500100770005", "floors": 6, "height": 21.2}}, {"type": "Feature", "geometry": {"type": "Polygon", "coordinates": [[[127.1015513, 37.50456532], [127.10150134, 37.50467393], [127.10167829, 37.504721], [127.10171503, 37.50462474], [127.1015513, 37.50456532]]]}, "properties": {"name": "금한빌딩", "status": "full", "capacity": 1, "active": 1, "industry": "한식", "vacancy_rate": 0.0, "vacancy_rate_lo": null, "vacancy_rate_hi": null, "stores": 1, "source": "stores+ledger", "capacity_method": "expos_units", "active_pip": 0, "licensed": 1, "com_floors": null, "occ_floors": null, "unknown_n": null, "id": "1171010500100580023-1", "pnu": "1171010500100580023", "floors": 6, "height": 17.1}}, {"type": "Feature", "geometry": {"type": "Polygon", "coordinates": [[[127.1045631, 37.50768287], [127.1046618, 37.50757313], [127.1045502, 37.50751043], [127.10445432, 37.50761647], [127.1045631, 37.50768287]]]}, "properties": {"name": "석촌동 184-2", "status": "empty", "capacity": 5, "active": 0, "industry": "", "vacancy_rate": 100.0, "source": "polygon_only", "capacity_method": "floor_approx", "active_pip": 0, "licensed": 0, "id": "1171010500101840002-1", "pnu": "1171010500101840002", "floors": 5, "height": 13.675}}, {"type": "Feature", "geometry": {"type": "Polygon", "coordinates": [[[127.10443162, 37.50715022], [127.10463669, 37.50723933], [127.10470701, 37.50714016], [127.10449799, 37.50705412], [127.10443162, 37.50715022]]]}, "properties": {"name": "석촌동 180-2", "status": "empty", "capacity": 3, "active": 0, "industry": "", "vacancy_rate": 100.0, "source": "polygon_only", "capacity_method": "floor_approx", "active_pip": 0, "licensed": 0, "id": "1171010500101800002-1", "pnu": "1171010500101800002", "floors": 3, "height": 11.5}}, {"type": "Feature", "geometry": {"type": "Polygon", "coordinates": [[[127.10523713, 37.50627752], [127.1053039, 37.50630791], [127.10539069, 37.5061753], [127.10532936, 37.50614706], [127.10523713, 37.50627752]]]}, "properties": {"name": "명칭없음", "status": "full", "capacity": 3, "active": 3, "industry": "의약·화장품 소매", "vacancy_rate": 0.0, "vacancy_rate_lo": null, "vacancy_rate_hi": null, "stores": 3, "source": "stores+ledger+pip", "capacity_method": "expos_units", "active_pip": 2, "licensed": 0, "com_floors": null, "occ_floors": null, "unknown_n": null, "id": "1171010500101770002-1", "pnu": "1171010500101770002", "floors": 1, "height": 4.2}}, {"type": "Feature", "geometry": {"type": "Polygon", "coordinates": [[[127.10465531, 37.50844647], [127.10454455, 37.50857227], [127.10462335, 37.50862707], [127.10474055, 37.50851072], [127.10465531, 37.50844647]]]}, "properties": {"name": "송파동 7-7", "status": "partial", "capacity": 4, "active": 3, "industry": "비알코올 ", "vacancy_rate": 25.0, "vacancy_rate_lo": 25.0, "vacancy_rate_hi": 75.0, "stores": 1, "source": "stores+ledger", "capacity_method": "floor_ouln", "active_pip": 0, "licensed": 1, "com_floors": [1, 2, 3, 4], "occ_floors": [1], "unknown_n": 2, "id": "1171010400100070007-1", "pnu": "1171010400100070007", "floors": 6, "height": 20.25}}, {"type": "Feature", "geometry": {"type": "Polygon", "coordinates": [[[127.10413152, 37.50756873], [127.10397746, 37.50780256], [127.10408777, 37.50784926], [127.10424211, 37.50761496], [127.10413152, 37.50756873]]]}, "properties": {"name": "중기빌딩", "status": "high", "capacity": 4, "active": 1, "industry": "일반 교육", "vacancy_rate": 75.0, "vacancy_rate_lo": 75.0, "vacancy_rate_hi": 75.0, "stores": 1, "source": "stores+ledger", "capacity_method": "floor_ouln", "active_pip": 0, "licensed": 0, "com_floors": [1, 2, 4, 5], "occ_floors": [2], "unknown_n": 0, "id": "1171010500101820002-1", "pnu": "1171010500101820002", "floors": 5, "height": 16.8}}, {"type": "Feature", "geometry": {"type": "Polygon", "coordinates": [[[127.10102778, 37.50675358], [127.10107293, 37.50668768], [127.10094042, 37.50663284], [127.10089594, 37.50669748], [127.10102778, 37.50675358]]]}, "properties": {"name": "호텔레이크", "status": "full", "capacity": 3, "active": 3, "industry": "욕탕·신체관리", "vacancy_rate": 0.0, "vacancy_rate_lo": 0.0, "vacancy_rate_hi": 0.0, "stores": 8, "source": "stores+ledger", "capacity_method": "floor_ouln", "active_pip": 0, "licensed": 2, "com_floors": [1, 4, 10], "occ_floors": [1, 4, 10], "unknown_n": 0, "id": "1171010500101580000-1", "pnu": "1171010500101580000", "floors": 0, "height": 0.0}}, {"type": "Feature", "geometry": {"type": "Polygon", "coordinates": [[[127.10376501, 37.50825487], [127.1037901, 37.5082645], [127.10384597, 37.50817224], [127.10382088, 37.5081626], [127.10376501, 37.50825487]]]}, "properties": {"name": "양지", "status": "full", "capacity": 7, "active": 7, "industry": "한식", "vacancy_rate": 0.0, "vacancy_rate_lo": null, "vacancy_rate_hi": null, "stores": 7, "source": "stores+ledger", "capacity_method": "expos_units", "active_pip": 0, "licensed": 0, "com_floors": null, "occ_floors": null, "unknown_n": null, "id": "1171010500101830002-1", "pnu": "1171010500101830002", "floors": 0, "height": 0.0}}, {"type": "Feature", "geometry": {"type": "Polygon", "coordinates": [[[127.10485332, 37.50856794], [127.10477336, 37.50865244], [127.10477872, 37.50868586], [127.10484822, 37.50873022], [127.10491464, 37.50866835], [127.10489438, 37.50865774], [127.10492973, 37.50861698], [127.10485332, 37.50856794]]]}, "properties": {"name": "SANDONG빌딩", "status": "partial", "capacity": 4, "active": 2, "industry": "섬유·의복·신발 소매", "vacancy_rate": 50.0, "vacancy_rate_lo": 50.0, "vacancy_rate_hi": 50.0, "stores": 2, "source": "stores+ledger", "capacity_method": "floor_ouln", "active_pip": 0, "licensed": 0, "com_floors": [1, 2, 3, 4], "occ_floors": [1, 2], "unknown_n": 0, "id": "1171010400100080000-1", "pnu": "1171010400100080000", "floors": 4, "height": 0.0}}, {"type": "Feature", "geometry": {"type": "Polygon", "coordinates": [[[127.10498898, 37.50844573], [127.10495313, 37.50844495], [127.10488367, 37.50851656], [127.10495261, 37.50856362], [127.10503641, 37.50847695], [127.10498898, 37.50844573]]]}, "properties": {"name": "송파동 8-4", "status": "full", "capacity": 3, "active": 3, "industry": "서양식", "vacancy_rate": 0.0, "vacancy_rate_lo": 0.0, "vacancy_rate_hi": 33.3, "stores": 2, "source": "stores+ledger", "capacity_method": "floor_ouln", "active_pip": 0, "licensed": 1, "com_floors": [1, 2, 3], "occ_floors": [1, 3], "unknown_n": 1, "id": "1171010400100080004-1", "pnu": "1171010400100080004", "floors": 4, "height": 12.2}}, {"type": "Feature", "geometry": {"type": "Polygon", "coordinates": [[[127.10021307, 37.50603582], [127.10032158, 37.50607853], [127.10039202, 37.50597882], [127.1002809, 37.50593296], [127.10021307, 37.50603582]]]}, "properties": {"name": "석촌동 52-3", "status": "full", "capacity": 1, "active": 1, "industry": "스포츠 서비스", "vacancy_rate": 0.0, "vacancy_rate_lo": 0.0, "vacancy_rate_hi": 0.0, "stores": 1, "source": "stores+ledger", "capacity_method": "floor_ouln", "active_pip": 0, "licensed": 1, "com_floors": [1], "occ_floors": [1], "unknown_n": 0, "id": "1171010500100520003-1", "pnu": "1171010500100520003", "floors": 4, "height": 12.98}}, {"type": "Feature", "geometry": {"type": "Polygon", "coordinates": [[[127.10491523, 37.50835777], [127.1048044, 37.50828047], [127.10465669, 37.50844468], [127.10476606, 37.50852919], [127.10491523, 37.50835777]]]}, "properties": {"name": "보명빌딩", "status": "full", "capacity": 4, "active": 4, "industry": "기타 교육", "vacancy_rate": 0.0, "vacancy_rate_lo": 0.0, "vacancy_rate_hi": 25.0, "stores": 3, "source": "stores+ledger", "capacity_method": "floor_ouln", "active_pip": 0, "licensed": 1, "com_floors": [1, 2, 4, 5], "occ_floors": [1, 4, 5], "unknown_n": 1, "id": "1171010400100070008-1", "pnu": "1171010400100070008", "floors": 6, "height": 26.4}}, {"type": "Feature", "geometry": {"type": "Polygon", "coordinates": [[[127.10511306, 37.50522201], [127.10503245, 37.50532642], [127.105042, 37.50535785], [127.10512405, 37.5053959], [127.10514425, 37.50536055], [127.10515634, 37.50536316], [127.10516571, 37.50534486], [127.10518438, 37.50535124], [127.10523516, 37.50527407], [127.10511306, 37.50522201]]]}, "properties": {"name": "석촌동 175", "status": "full", "capacity": 1, "active": 1, "industry": "비알코올 ", "vacancy_rate": 0.0, "vacancy_rate_lo": 0.0, "vacancy_rate_hi": 0.0, "stores": 5, "source": "stores+ledger", "capacity_method": "floor_ouln", "active_pip": 0, "licensed": 1, "com_floors": [1], "occ_floors": [1], "unknown_n": 0, "id": "1171010500101750000-1", "pnu": "1171010500101750000", "floors": 5, "height": 0.0}}, {"type": "Feature", "geometry": {"type": "Polygon", "coordinates": [[[127.10496378, 37.50829898], [127.10505728, 37.50818898], [127.1050257, 37.5081727], [127.10514053, 37.50804276], [127.10505893, 37.5079967], [127.10484447, 37.50823439], [127.10496378, 37.50829898]]]}, "properties": {"name": "송파동 15", "status": "empty", "capacity": 4, "active": 0, "industry": "", "vacancy_rate": 100.0, "source": "polygon_only", "capacity_method": "floor_approx", "active_pip": 0, "licensed": 0, "id": "1171010400100150000-1", "pnu": "1171010400100150000", "floors": 4, "height": 13.6}}, {"type": "Feature", "geometry": {"type": "Polygon", "coordinates": [[[127.10467851, 37.5070744], [127.10478209, 37.50711671], [127.10484249, 37.50702615], [127.10474157, 37.50698223], [127.10467851, 37.5070744]]]}, "properties": {"name": "대명빌딩", "status": "full", "capacity": 1, "active": 1, "industry": "한식", "vacancy_rate": 0.0, "vacancy_rate_lo": null, "vacancy_rate_hi": null, "stores": 1, "source": "stores+ledger", "capacity_method": "expos_units", "active_pip": 0, "licensed": 1, "com_floors": null, "occ_floors": null, "unknown_n": null, "id": "1171010500101800006-1", "pnu": "1171010500101800006", "floors": 6, "height": 16.1}}, {"type": "Feature", "geometry": {"type": "Polygon", "coordinates": [[[127.1033898, 37.50784139], [127.10353723, 37.50789916], [127.10359048, 37.50780621], [127.10344399, 37.50775354], [127.1033898, 37.50784139]]]}, "properties": {"name": "석촌동 183-7", "status": "full", "capacity": 1, "active": 1, "industry": "한식", "vacancy_rate": 0.0, "vacancy_rate_lo": 0.0, "vacancy_rate_hi": 0.0, "stores": 1, "source": "stores+ledger", "capacity_method": "floor_ouln", "active_pip": 0, "licensed": 1, "com_floors": [1], "occ_floors": [1], "unknown_n": 0, "id": "1171010500101830007-1", "pnu": "1171010500101830007", "floors": 1, "height": 6.5}}, {"type": "Feature", "geometry": {"type": "Polygon", "coordinates": [[[127.10441256, 37.50767868], [127.10429601, 37.50780556], [127.10441034, 37.50786591], [127.10452303, 37.50774264], [127.10441256, 37.50767868]]]}, "properties": {"name": "대성빌딩", "status": "partial", "capacity": 5, "active": 4, "industry": "이용·미용", "vacancy_rate": 20.0, "vacancy_rate_lo": 20.0, "vacancy_rate_hi": 20.0, "stores": 3, "source": "stores+ledger", "capacity_method": "floor_ouln", "active_pip": 0, "licensed": 1, "com_floors": [1, 2, 3, 4, 5], "occ_floors": [1, 2, 3, 4], "unknown_n": 0, "id": "1171010500101840001-1", "pnu": "1171010500101840001", "floors": 5, "height": 16.9}}, {"type": "Feature", "geometry": {"type": "Polygon", "coordinates": [[[127.10411035, 37.50815927], [127.10421239, 37.50801196], [127.10401864, 37.5079323], [127.10395386, 37.50802858], [127.10397853, 37.50804055], [127.10394523, 37.50808788], [127.10411035, 37.50815927]]]}, "properties": {"name": "석촌동 183-3", "status": "full", "capacity": 4, "active": 4, "industry": "한식", "vacancy_rate": 0.0, "vacancy_rate_lo": 0.0, "vacancy_rate_hi": 0.0, "stores": 7, "source": "stores+ledger", "capacity_method": "floor_ouln", "active_pip": 0, "licensed": 3, "com_floors": [1, 2, 3, 4], "occ_floors": [1, 2, 3, 4], "unknown_n": 0, "id": "1171010500101830003-1", "pnu": "1171010500101830003", "floors": 4, "height": 0.0}}, {"type": "Feature", "geometry": {"type": "Polygon", "coordinates": [[[127.10457753, 37.50691547], [127.10451231, 37.50702437], [127.10462061, 37.50707113], [127.10464193, 37.50703489], [127.10466739, 37.50704397], [127.10471174, 37.50697112], [127.10457753, 37.50691547]]]}, "properties": {"name": "석촌동 180-3", "status": "full", "capacity": 2, "active": 2, "industry": "기타 가정용품 수리", "vacancy_rate": 0.0, "vacancy_rate_lo": 0.0, "vacancy_rate_hi": 100.0, "stores": 2, "source": "stores+ledger", "capacity_method": "floor_ouln", "active_pip": 0, "licensed": 0, "com_floors": [1, 2], "occ_floors": [], "unknown_n": 2, "id": "1171010500101800003-1", "pnu": "1171010500101800003", "floors": 4, "height": 0.0}}, {"type": "Feature", "geometry": {"type": "Polygon", "coordinates": [[[127.10367782, 37.5079818], [127.10378963, 37.50803143], [127.10386061, 37.50791396], [127.10374654, 37.50786596], [127.10367782, 37.5079818]]]}, "properties": {"name": "석촌동 183-5", "status": "empty", "capacity": 9, "active": 0, "industry": "", "vacancy_rate": 100.0, "source": "polygon_only", "capacity_method": "floor_approx", "active_pip": 0, "licensed": 0, "id": "1171010500101830005-1", "pnu": "1171010500101830005", "floors": 9, "height": 30.8}}, {"type": "Feature", "geometry": {"type": "Polygon", "coordinates": [[[127.10382239, 37.50677405], [127.10373929, 37.506879], [127.10374068, 37.50690018], [127.10375246, 37.50691188], [127.10386086, 37.50695494], [127.1039488, 37.50682872], [127.10382239, 37.50677405]]]}, "properties": {"name": "성화빌딩", "status": "full", "capacity": 1, "active": 1, "industry": "유원지·오락", "vacancy_rate": 0.0, "vacancy_rate_lo": 0.0, "vacancy_rate_hi": 0.0, "stores": 4, "source": "stores+ledger", "capacity_method": "floor_ouln", "active_pip": 0, "licensed": 0, "com_floors": [1], "occ_floors": [1], "unknown_n": 0, "id": "1171010500101800000-1", "pnu": "1171010500101800000", "floors": 5, "height": 16.9}}, {"type": "Feature", "geometry": {"type": "Polygon", "coordinates": [[[127.10378736, 37.50703907], [127.10372642, 37.5071322], [127.10384626, 37.50718606], [127.10391037, 37.50709149], [127.10378736, 37.50703907]]]}, "properties": {"name": "석촌동 181-5", "status": "partial", "capacity": 2, "active": 1, "industry": "", "vacancy_rate": 50.0, "source": "pip_only", "capacity_method": "floor_approx", "active_pip": 0, "licensed": 1, "id": "1171010500101810005-1", "pnu": "1171010500101810005", "floors": 2, "height": 0.0}}, {"type": "Feature", "geometry": {"type": "Polygon", "coordinates": [[[127.10342208, 37.50739222], [127.10344827, 37.50735697], [127.10345766, 37.5073611], [127.10349353, 37.50728746], [127.10343854, 37.50726832], [127.10341196, 37.50726925], [127.10339263, 37.50727584], [127.10332397, 37.50735438], [127.10342208, 37.50739222]]]}, "properties": {"name": "석촌동 182-5", "status": "full", "capacity": 3, "active": 3, "industry": "한식", "vacancy_rate": 0.0, "vacancy_rate_lo": 0.0, "vacancy_rate_hi": 0.0, "stores": 3, "source": "stores+ledger", "capacity_method": "floor_ouln", "active_pip": 0, "licensed": 3, "com_floors": [1, 2, 3], "occ_floors": [1, 2, 3], "unknown_n": 0, "id": "1171010500101820005-1", "pnu": "1171010500101820005", "floors": 3, "height": 0.0}}, {"type": "Feature", "geometry": {"type": "Polygon", "coordinates": [[[127.10185807, 37.50701685], [127.10184705, 37.50703361], [127.10182801, 37.50702566], [127.10179179, 37.50708072], [127.10177877, 37.50707529], [127.10175619, 37.5071096], [127.10176922, 37.50711504], [127.10174403, 37.50715335], [127.10192584, 37.50722925], [127.10193109, 37.50722128], [127.10191796, 37.50721663], [127.10193887, 37.50718485], [127.10192903, 37.50718074], [127.10197733, 37.50710732], [127.10192672, 37.50708619], [127.10194771, 37.50705427], [127.10185807, 37.50701685]]]}, "properties": {"name": "석촌동 158-4", "status": "partial", "capacity": 2, "active": 1, "industry": "비알코올 ", "vacancy_rate": 50.0, "vacancy_rate_lo": 50.0, "vacancy_rate_hi": 100.0, "stores": 1, "source": "stores+ledger", "capacity_method": "floor_ouln", "active_pip": 0, "licensed": 0, "com_floors": [1, 2], "occ_floors": [], "unknown_n": 1, "id": "1171010500101580004-1", "pnu": "1171010500101580004", "floors": 2, "height": 7.15}}, {"type": "Feature", "geometry": {"type": "Polygon", "coordinates": [[[127.10395805, 37.50811328], [127.10390045, 37.50808927], [127.10384899, 37.50817131], [127.10390546, 37.50819496], [127.10395805, 37.50811328]]]}, "properties": {"name": "양지", "status": "full", "capacity": 7, "active": 7, "industry": "한식", "vacancy_rate": 0.0, "vacancy_rate_lo": null, "vacancy_rate_hi": null, "stores": 7, "source": "stores+ledger", "capacity_method": "expos_units", "active_pip": 0, "licensed": 0, "com_floors": null, "occ_floors": null, "unknown_n": null, "id": "1171010500101830002-2", "pnu": "1171010500101830002", "floors": 0, "height": 0.0}}, {"type": "Feature", "geometry": {"type": "Polygon", "coordinates": [[[127.10266788, 37.50752623], [127.10259539, 37.50761585], [127.1027225, 37.50768323], [127.10269033, 37.5077311], [127.10280057, 37.50778957], [127.10290783, 37.50765487], [127.10266788, 37.50752623]]]}, "properties": {"name": "라품미빌딩", "status": "full", "capacity": 4, "active": 4, "industry": "한식", "vacancy_rate": 0.0, "vacancy_rate_lo": 0.0, "vacancy_rate_hi": 0.0, "stores": 4, "source": "stores+ledger", "capacity_method": "floor_ouln", "active_pip": 0, "licensed": 3, "com_floors": [1, 2, 3, 4], "occ_floors": [1, 2, 3, 4], "unknown_n": 0, "id": "1171010500101580007-1", "pnu": "1171010500101580007", "floors": 4, "height": 0.0}}, {"type": "Feature", "geometry": {"type": "Polygon", "coordinates": [[[127.10502089, 37.50668163], [127.10494414, 37.5067936], [127.10503287, 37.5068329], [127.10511735, 37.50675101], [127.10511109, 37.50672021], [127.10502089, 37.50668163]]]}, "properties": {"name": "석촌동 179-7", "status": "full", "capacity": 1, "active": 1, "industry": "주점", "vacancy_rate": 0.0, "vacancy_rate_lo": 0.0, "vacancy_rate_hi": 0.0, "stores": 3, "source": "stores+ledger", "capacity_method": "floor_ouln", "active_pip": 0, "licensed": 3, "com_floors": [1], "occ_floors": [1], "unknown_n": 0, "id": "1171010500101790007-1", "pnu": "1171010500101790007", "floors": 4, "height": 0.0}}, {"type": "Feature", "geometry": {"type": "Polygon", "coordinates": [[[127.1049795, 37.50707955], [127.10507344, 37.5071338], [127.10523233, 37.50695571], [127.10513746, 37.5068975], [127.1049795, 37.50707955]]]}, "properties": {"name": "태종빌딩", "status": "full", "capacity": 4, "active": 4, "industry": "기타 교육", "vacancy_rate": 0.0, "vacancy_rate_lo": 0.0, "vacancy_rate_hi": 0.0, "stores": 10, "source": "stores+ledger", "capacity_method": "floor_ouln", "active_pip": 0, "licensed": 3, "com_floors": [1, 2, 3, 4], "occ_floors": [1, 2, 3, 4], "unknown_n": 0, "id": "1171010500101840006-1", "pnu": "1171010500101840006", "floors": 4, "height": 0.0}}, {"type": "Feature", "geometry": {"type": "Polygon", "coordinates": [[[127.10332091, 37.50784101], [127.10324981, 37.50795604], [127.10348632, 37.5080462], [127.1035495, 37.50793424], [127.10332091, 37.50784101]]]}, "properties": {"name": "석촌동 183-9", "status": "full", "capacity": 3, "active": 3, "industry": "한식", "vacancy_rate": 0.0, "vacancy_rate_lo": 0.0, "vacancy_rate_hi": 0.0, "stores": 3, "source": "stores+ledger", "capacity_method": "floor_ouln", "active_pip": 0, "licensed": 3, "com_floors": [1, 2, 3], "occ_floors": [1, 2, 3], "unknown_n": 0, "id": "1171010500101830009-1", "pnu": "1171010500101830009", "floors": 3, "height": 11.35}}, {"type": "Feature", "geometry": {"type": "Polygon", "coordinates": [[[127.10361407, 37.50784688], [127.10355764, 37.5079309], [127.10366673, 37.50797604], [127.10372373, 37.50788877], [127.10361407, 37.50784688]]]}, "properties": {"name": "석촌동 183-6", "status": "full", "capacity": 2, "active": 2, "industry": "서양식", "vacancy_rate": 0.0, "vacancy_rate_lo": 0.0, "vacancy_rate_hi": 0.0, "stores": 1, "source": "stores+ledger", "capacity_method": "floor_ouln", "active_pip": 0, "licensed": 1, "com_floors": [1, 2], "occ_floors": [1, 2], "unknown_n": 0, "id": "1171010500101830006-1", "pnu": "1171010500101830006", "floors": 2, "height": 7.9}}, {"type": "Feature", "geometry": {"type": "Polygon", "coordinates": [[[127.10421162, 37.5063242], [127.10417025, 37.506341], [127.10410917, 37.50641853], [127.10426647, 37.50648309], [127.10433588, 37.50637517], [127.10421162, 37.5063242]]]}, "properties": {"name": "정훈빌딩", "status": "full", "capacity": 1, "active": 1, "industry": "식료품 소매", "vacancy_rate": 0.0, "vacancy_rate_lo": 0.0, "vacancy_rate_hi": 0.0, "stores": 4, "source": "stores+ledger", "capacity_method": "floor_ouln", "active_pip": 0, "licensed": 3, "com_floors": [1], "occ_floors": [1], "unknown_n": 0, "id": "1171010500101790004-1", "pnu": "1171010500101790004", "floors": 5, "height": 13.9}}, {"type": "Feature", "geometry": {"type": "Polygon", "coordinates": [[[127.10243525, 37.50687879], [127.10240184, 37.50692729], [127.10235408, 37.50690328], [127.10232315, 37.50695286], [127.10249619, 37.50702776], [127.10255623, 37.50693032], [127.10243525, 37.50687879]]]}, "properties": {"name": "석촌동 160-5", "status": "empty", "capacity": 2, "active": 0, "industry": "", "vacancy_rate": 100.0, "source": "polygon_only", "capacity_method": "floor_approx", "active_pip": 0, "licensed": 0, "id": "1171010500101600005-1", "pnu": "1171010500101600005", "floors": 2, "height": 7.1}}, {"type": "Feature", "geometry": {"type": "Polygon", "coordinates": [[[127.10432369, 37.50615804], [127.10424445, 37.50625875], [127.10425534, 37.5062882], [127.10433399, 37.50631868], [127.10441978, 37.50620021], [127.10432369, 37.50615804]]]}, "properties": {"name": "송정빌딩", "status": "full", "capacity": 2, "active": 2, "industry": "서양식", "vacancy_rate": 0.0, "vacancy_rate_lo": 0.0, "vacancy_rate_hi": 0.0, "stores": 5, "source": "stores+ledger", "capacity_method": "floor_ouln", "active_pip": 0, "licensed": 3, "com_floors": [1, 2], "occ_floors": [1, 2], "unknown_n": 0, "id": "1171010500101780000-1", "pnu": "1171010500101780000", "floors": 5, "height": 15.0}}, {"type": "Feature", "geometry": {"type": "Polygon", "coordinates": [[[127.10405184, 37.50625965], [127.10393867, 37.50621614], [127.10392265, 37.50624552], [127.10390805, 37.50623752], [127.10385321, 37.50632713], [127.10399445, 37.50638593], [127.10406298, 37.50630433], [127.10405184, 37.50625965]]]}, "properties": {"name": "석촌동 165-7", "status": "full", "capacity": 2, "active": 2, "industry": "한식", "vacancy_rate": 0.0, "vacancy_rate_lo": 0.0, "vacancy_rate_hi": 50.0, "stores": 7, "source": "stores+ledger", "capacity_method": "floor_ouln", "active_pip": 0, "licensed": 3, "com_floors": [1, 2], "occ_floors": [1], "unknown_n": 1, "id": "1171010500101650007-1", "pnu": "1171010500101650007", "floors": 5, "height": 0.0}}, {"type": "Feature", "geometry": {"type": "Polygon", "coordinates": [[[127.10450135, 37.50893689], [127.10454877, 37.50889816], [127.10453662, 37.50888872], [127.10469785, 37.50875706], [127.10449397, 37.50859862], [127.10440445, 37.50869848], [127.10442125, 37.50887463], [127.10450135, 37.50893689]]]}, "properties": {"name": "송파동 7", "status": "high", "capacity": 3, "active": 1, "industry": "기타 가정용품 수리", "vacancy_rate": 66.7, "vacancy_rate_lo": 66.7, "vacancy_rate_hi": 100.0, "stores": 1, "source": "stores+ledger", "capacity_method": "floor_ouln", "active_pip": 0, "licensed": 0, "com_floors": [1, 2, 3], "occ_floors": [], "unknown_n": 1, "id": "1171010400100070000-1", "pnu": "1171010400100070000", "floors": 5, "height": 20.7}}, {"type": "Feature", "geometry": {"type": "Polygon", "coordinates": [[[127.10345812, 37.50695673], [127.10344786, 37.50697855], [127.10347773, 37.50699176], [127.10352762, 37.50691703], [127.10351637, 37.50687983], [127.10346398, 37.50686131], [127.10346646, 37.50685311], [127.10338612, 37.50682029], [127.1033307, 37.50690522], [127.10345812, 37.50695673]]]}, "properties": {"name": "영서빌딩", "status": "full", "capacity": 7, "active": 7, "industry": "한식", "vacancy_rate": 0.0, "vacancy_rate_lo": null, "vacancy_rate_hi": null, "stores": 7, "source": "stores+ledger", "capacity_method": "expos_units", "active_pip": 0, "licensed": 2, "com_floors": null, "occ_floors": null, "unknown_n": null, "id": "1171010500101610004-1", "pnu": "1171010500101610004", "floors": 6, "height": 18.7}}, {"type": "Feature", "geometry": {"type": "Polygon", "coordinates": [[[127.10353928, 37.50708136], [127.1034721, 37.50716863], [127.10348687, 37.50721295], [127.10356484, 37.5072464], [127.10361145, 37.50717725], [127.10359233, 37.50716853], [127.10362529, 37.50712129], [127.10353928, 37.50708136]]]}, "properties": {"name": "석촌동 181", "status": "partial", "capacity": 3, "active": 2, "industry": "한식", "vacancy_rate": 33.3, "vacancy_rate_lo": 33.3, "vacancy_rate_hi": 66.7, "stores": 2, "source": "stores+ledger", "capacity_method": "floor_ouln", "active_pip": 0, "licensed": 2, "com_floors": [1, 3, 4], "occ_floors": [1], "unknown_n": 1, "id": "1171010500101810000-1", "pnu": "1171010500101810000", "floors": 3, "height": 11.8}}, {"type": "Feature", "geometry": {"type": "Polygon", "coordinates": [[[127.10377587, 37.50698673], [127.10369822, 37.50694724], [127.1036513, 37.50696125], [127.10358277, 37.50704808], [127.10367489, 37.50708521], [127.10369576, 37.50704293], [127.10373389, 37.50705804], [127.10377587, 37.50698673]]]}, "properties": {"name": "석촌동 181-4", "status": "full", "capacity": 2, "active": 2, "industry": "한식", "vacancy_rate": 0.0, "vacancy_rate_lo": 0.0, "vacancy_rate_hi": 0.0, "stores": 2, "source": "stores+ledger", "capacity_method": "floor_ouln", "active_pip": 0, "licensed": 2, "com_floors": [1, 2], "occ_floors": [1, 2], "unknown_n": 0, "id": "1171010500101810004-1", "pnu": "1171010500101810004", "floors": 3, "height": 0.0}}, {"type": "Feature", "geometry": {"type": "Polygon", "coordinates": [[[127.1052118, 37.50538689], [127.1053829, 37.5054572], [127.10544768, 37.50535794], [127.10528371, 37.50529042], [127.1052118, 37.50538689]]]}, "properties": {"name": "석촌동 175-6", "status": "empty", "capacity": 7, "active": 0, "industry": "", "vacancy_rate": 100.0, "source": "polygon_only", "capacity_method": "floor_approx", "active_pip": 0, "licensed": 0, "id": "1171010500101750006-1", "pnu": "1171010500101750006", "floors": 7, "height": 21.1}}, {"type": "Feature", "geometry": {"type": "Polygon", "coordinates": [[[127.10510501, 37.50480152], [127.10502737, 37.50492755], [127.10515559, 37.50498194], [127.10516893, 37.5049804], [127.10523157, 37.50489034], [127.10524266, 37.50489339], [127.10525687, 37.50486247], [127.10510501, 37.50480152]]]}, "properties": {"name": "대지빌딩", "status": "partial", "capacity": 4, "active": 2, "industry": "한식", "vacancy_rate": 50.0, "vacancy_rate_lo": 50.0, "vacancy_rate_hi": 50.0, "stores": 2, "source": "stores+ledger", "capacity_method": "floor_ouln", "active_pip": 0, "licensed": 1, "com_floors": [1, 2, 3, 4], "occ_floors": [1, 2], "unknown_n": 0, "id": "1171010500101730005-1", "pnu": "1171010500101730005", "floors": 4, "height": 13.05}}, {"type": "Feature", "geometry": {"type": "Polygon", "coordinates": [[[127.10151378, 37.50533922], [127.10165286, 37.50540199], [127.10172846, 37.50527489], [127.10159539, 37.50521887], [127.10151378, 37.50533922]]]}, "properties": {"name": "석촌동 154-5", "status": "empty", "capacity": 5, "active": 0, "industry": "", "vacancy_rate": 100.0, "source": "polygon_only", "capacity_method": "floor_approx", "active_pip": 0, "licensed": 0, "id": "1171010500101540005-1", "pnu": "1171010500101540005", "floors": 5, "height": 15.0}}, {"type": "Feature", "geometry": {"type": "Polygon", "coordinates": [[[127.10168624, 37.50457665], [127.10175412, 37.50442891], [127.10176193, 37.50443071], [127.10178593, 37.50437464], [127.10169576, 37.50434562], [127.10166993, 37.50440033], [127.10164052, 37.50439198], [127.10157129, 37.50454314], [127.10168624, 37.50457665]]]}, "properties": {"name": "석촌동 58-24", "status": "full", "capacity": 2, "active": 2, "industry": "세탁", "vacancy_rate": 0.0, "vacancy_rate_lo": 0.0, "vacancy_rate_hi": 50.0, "stores": 3, "source": "stores+ledger", "capacity_method": "floor_ouln", "active_pip": 0, "licensed": 1, "com_floors": [1, 2], "occ_floors": [2], "unknown_n": 1, "id": "1171010500100580024-1", "pnu": "1171010500100580024", "floors": 3, "height": 0.0}}, {"type": "Feature", "geometry": {"type": "Polygon", "coordinates": [[[127.10160004, 37.505559], [127.1016621, 37.50546479], [127.10162499, 37.50545103], [127.10156619, 37.50554479], [127.10160004, 37.505559]]]}, "properties": {"name": "금광빌딩", "status": "partial", "capacity": 2, "active": 1, "industry": "종합 소매", "vacancy_rate": 50.0, "vacancy_rate_lo": 50.0, "vacancy_rate_hi": 50.0, "stores": 1, "source": "stores+ledger", "capacity_method": "floor_ouln", "active_pip": 0, "licensed": 0, "com_floors": [1, 2], "occ_floors": [1], "unknown_n": 0, "id": "1171010500101540000-1", "pnu": "1171010500101540000", "floors": 0, "height": 0.0}}, {"type": "Feature", "geometry": {"type": "Polygon", "coordinates": [[[127.10309583, 37.50569691], [127.10305317, 37.50576488], [127.10315275, 37.50580678], [127.10320341, 37.50571645], [127.10314921, 37.50569496], [127.10313984, 37.5057112], [127.10309583, 37.50569691]]]}, "properties": {"name": "석촌동 166", "status": "empty", "capacity": 2, "active": 0, "industry": "", "vacancy_rate": 100.0, "source": "polygon_only", "capacity_method": "floor_approx", "active_pip": 0, "licensed": 0, "id": "1171010500101660000-1", "pnu": "1171010500101660000", "floors": 2, "height": 0.0}}, {"type": "Feature", "geometry": {"type": "Polygon", "coordinates": [[[127.10176004, 37.50487671], [127.10172115, 37.5048881], [127.10168508, 37.50497778], [127.10177391, 37.50500626], [127.1017907, 37.50496165], [127.10180913, 37.50496569], [127.101832, 37.50490044], [127.10176004, 37.50487671]]]}, "properties": {"name": "동경빌딩", "status": "full", "capacity": 2, "active": 2, "industry": "비알코올 ", "vacancy_rate": 0.0, "vacancy_rate_lo": 0.0, "vacancy_rate_hi": 50.0, "stores": 4, "source": "stores+ledger", "capacity_method": "floor_ouln", "active_pip": 0, "licensed": 1, "com_floors": [1, 2], "occ_floors": [1], "unknown_n": 1, "id": "1171010500101530005-1", "pnu": "1171010500101530005", "floors": 3, "height": 0.0}}, {"type": "Feature", "geometry": {"type": "Polygon", "coordinates": [[[127.1052046, 37.50565712], [127.1053009, 37.50569892], [127.10535383, 37.50561553], [127.1052547, 37.50557291], [127.1052046, 37.50565712]]]}, "properties": {"name": "석촌동 176-8", "status": "empty", "capacity": 2, "active": 0, "industry": "", "vacancy_rate": 100.0, "source": "polygon_only", "capacity_method": "floor_approx", "active_pip": 0, "licensed": 0, "id": "1171010500101760008-1", "pnu": "1171010500101760008", "floors": 2, "height": 7.2}}, {"type": "Feature", "geometry": {"type": "Polygon", "coordinates": [[[127.10462686, 37.50579656], [127.10471423, 37.50583622], [127.10478953, 37.50574019], [127.10474403, 37.50571374], [127.1046867, 37.50572217], [127.10462686, 37.50579656]]]}, "properties": {"name": "석촌빌딩", "status": "full", "capacity": 2, "active": 2, "industry": "이용·미용", "vacancy_rate": 0.0, "vacancy_rate_lo": 0.0, "vacancy_rate_hi": 0.0, "stores": 6, "source": "stores+ledger", "capacity_method": "floor_ouln", "active_pip": 0, "licensed": 1, "com_floors": [1, 2], "occ_floors": [1, 2], "unknown_n": 0, "id": "1171010500101770006-1", "pnu": "1171010500101770006", "floors": 5, "height": 15.0}}, {"type": "Feature", "geometry": {"type": "Polygon", "coordinates": [[[127.1054766, 37.50525061], [127.10542514, 37.50533427], [127.10552258, 37.50537518], [127.1055772, 37.50528944], [127.1054766, 37.50525061]]]}, "properties": {"name": "송원빌딩", "status": "full", "capacity": 2, "active": 2, "industry": "종합 소매", "vacancy_rate": 0.0, "vacancy_rate_lo": 0.0, "vacancy_rate_hi": 0.0, "stores": 1, "source": "stores+ledger", "capacity_method": "floor_ouln", "active_pip": 0, "licensed": 0, "com_floors": [1, 4], "occ_floors": [1, 4], "unknown_n": 0, "id": "1171010500101750008-1", "pnu": "1171010500101750008", "floors": 7, "height": 19.9}}, {"type": "Feature", "geometry": {"type": "Polygon", "coordinates": [[[127.10450844, 37.50538391], [127.1044467, 37.50547362], [127.10452116, 37.50550716], [127.10451079, 37.50552915], [127.10460721, 37.50556997], [127.10461748, 37.50555204], [127.10468209, 37.50557504], [127.10474258, 37.50548615], [127.10450844, 37.50538391]]]}, "properties": {"name": "석촌동 171-11", "status": "full", "capacity": 3, "active": 3, "industry": "이용·미용", "vacancy_rate": 0.0, "vacancy_rate_lo": 0.0, "vacancy_rate_hi": 33.3, "stores": 4, "source": "stores+ledger", "capacity_method": "floor_ouln", "active_pip": 0, "licensed": 0, "com_floors": [1, 2, 3], "occ_floors": [1, 2], "unknown_n": 1, "id": "1171010500101710011-1", "pnu": "1171010500101710011", "floors": 3, "height": 0.0}}, {"type": "Feature", "geometry": {"type": "Polygon", "coordinates": [[[127.1042821, 37.50438518], [127.10419844, 37.5044075], [127.10415029, 37.50443421], [127.10411877, 37.50445758], [127.10410286, 37.50448192], [127.10410052, 37.50450724], [127.10410563, 37.50452048], [127.10411333, 37.50453191], [127.10412873, 37.50454677], [127.10414764, 37.50455945], [127.10416337, 37.50455944], [127.10428959, 37.50456402], [127.10432521, 37.50456236], [127.10432882, 37.50455506], [127.10432551, 37.50452831], [127.1042821, 37.50438518]]]}, "properties": {"name": "석촌동 173-1", "status": "empty", "capacity": 3, "active": 0, "industry": "", "vacancy_rate": 100.0, "source": "polygon_only", "capacity_method": "floor_approx", "active_pip": 0, "licensed": 0, "id": "1171010500101730001-1", "pnu": "1171010500101730001", "floors": 3, "height": 11.7}}, {"type": "Feature", "geometry": {"type": "Polygon", "coordinates": [[[127.10535351, 37.50562869], [127.10530328, 37.5057027], [127.10542323, 37.50575035], [127.10547536, 37.50566516], [127.10541222, 37.50563927], [127.10540488, 37.50565009], [127.10535351, 37.50562869]]]}, "properties": {"name": "석촌동 176-9", "status": "partial", "capacity": 2, "active": 1, "industry": "", "vacancy_rate": 50.0, "source": "pip_only", "capacity_method": "floor_approx", "active_pip": 0, "licensed": 1, "id": "1171010500101760009-1", "pnu": "1171010500101760009", "floors": 2, "height": 0.0}}, {"type": "Feature", "geometry": {"type": "Polygon", "coordinates": [[[127.10503347, 37.50547029], [127.10502056, 37.50546468], [127.1050323, 37.50544733], [127.10500555, 37.5054356], [127.10501322, 37.50542457], [127.10498205, 37.50541103], [127.10493933, 37.50541971], [127.10486539, 37.50550303], [127.10496483, 37.50554618], [127.10499296, 37.50550504], [127.10500588, 37.50551065], [127.10503347, 37.50547029]]]}, "properties": {"name": "서희빌딩", "status": "full", "capacity": 3, "active": 3, "industry": "이용·미용", "vacancy_rate": 0.0, "vacancy_rate_lo": null, "vacancy_rate_hi": null, "stores": 3, "source": "stores+ledger", "capacity_method": "expos_units", "active_pip": 0, "licensed": 0, "com_floors": null, "occ_floors": null, "unknown_n": null, "id": "1171010500101760006-1", "pnu": "1171010500101760006", "floors": 5, "height": 15.2}}, {"type": "Feature", "geometry": {"type": "Polygon", "coordinates": [[[127.10458902, 37.50744931], [127.1045487, 37.50749304], [127.10467582, 37.50756708], [127.10479779, 37.50743912], [127.10471561, 37.50739072], [127.10463746, 37.50747702], [127.10458902, 37.50744931]]]}, "properties": {"name": "석촌동 184-3", "status": "high", "capacity": 4, "active": 1, "industry": "오락용품 소매", "vacancy_rate": 75.0, "vacancy_rate_lo": 75.0, "vacancy_rate_hi": 100.0, "stores": 1, "source": "stores+ledger", "capacity_method": "floor_ouln", "active_pip": 0, "licensed": 0, "com_floors": [1, 2, 3, 4], "occ_floors": [], "unknown_n": 1, "id": "1171010500101840003-1", "pnu": "1171010500101840003", "floors": 5, "height": 17.8}}, {"type": "Feature", "geometry": {"type": "Polygon", "coordinates": [[[127.10421437, 37.5060797], [127.10429103, 37.50598764], [127.10428517, 37.50596884], [127.10400568, 37.50585072], [127.10395319, 37.50592954], [127.1041101, 37.50599585], [127.10408942, 37.50602691], [127.10421437, 37.5060797]]]}, "properties": {"name": "명칭없음", "status": "full", "capacity": 1, "active": 1, "industry": "종합 소매", "vacancy_rate": 0.0, "vacancy_rate_lo": null, "vacancy_rate_hi": null, "stores": 1, "source": "stores+ledger", "capacity_method": "expos_units", "active_pip": 0, "licensed": 0, "com_floors": null, "occ_floors": null, "unknown_n": null, "id": "1171010500101660012-1", "pnu": "1171010500101660012", "floors": 5, "height": 13.9}}, {"type": "Feature", "geometry": {"type": "Polygon", "coordinates": [[[127.10079337, 37.50687579], [127.10119782, 37.50704303], [127.10126182, 37.50694512], [127.10113259, 37.50689289], [127.10116824, 37.50683519], [127.10095731, 37.50674951], [127.10096386, 37.50674094], [127.10089642, 37.50671505], [127.10079337, 37.50687579]]]}, "properties": {"name": "호텔레이크", "status": "full", "capacity": 3, "active": 3, "industry": "욕탕·신체관리", "vacancy_rate": 0.0, "vacancy_rate_lo": 0.0, "vacancy_rate_hi": 0.0, "stores": 8, "source": "stores+ledger", "capacity_method": "floor_ouln", "active_pip": 0, "licensed": 2, "com_floors": [1, 4, 10], "occ_floors": [1, 4, 10], "unknown_n": 0, "id": "1171010500101580000-2", "pnu": "1171010500101580000", "floors": 10, "height": 48.9}}, {"type": "Feature", "geometry": {"type": "Polygon", "coordinates": [[[127.10000009, 37.50627449], [127.09984233, 37.50620886], [127.09978308, 37.50630442], [127.10000013, 37.50639181], [127.1000678, 37.50641915], [127.10013192, 37.50632943], [127.10000009, 37.50627449]]]}, "properties": {"name": "석촌동 24-8", "status": "partial", "capacity": 2, "active": 1, "industry": "한식", "vacancy_rate": 50.0, "vacancy_rate_lo": 50.0, "vacancy_rate_hi": 100.0, "stores": 1, "source": "stores+ledger", "capacity_method": "floor_ouln", "active_pip": 0, "licensed": 0, "com_floors": [1, 2], "occ_floors": [], "unknown_n": 1, "id": "1171010500100240008-1", "pnu": "1171010500100240008", "floors": 3, "height": 9.0}}, {"type": "Feature", "geometry": {"type": "Polygon", "coordinates": [[[127.10436561, 37.50612467], [127.10446327, 37.50616324], [127.10448809, 37.50612294], [127.10454955, 37.50614703], [127.10459411, 37.50607915], [127.10448084, 37.50603221], [127.10441662, 37.50604867], [127.10436561, 37.50612467]]]}, "properties": {"name": "석촌동 178-5", "status": "full", "capacity": 2, "active": 2, "industry": "이용·미용", "vacancy_rate": 0.0, "vacancy_rate_lo": 0.0, "vacancy_rate_hi": 0.0, "stores": 9, "source": "stores+ledger", "capacity_method": "floor_ouln", "active_pip": 0, "licensed": 2, "com_floors": [1, 2], "occ_floors": [1, 2], "unknown_n": 0, "id": "1171010500101780005-1", "pnu": "1171010500101780005", "floors": 4, "height": 0.0}}, {"type": "Feature", "geometry": {"type": "Polygon", "coordinates": [[[127.10235449, 37.50712186], [127.10246359, 37.50716925], [127.10252655, 37.50706414], [127.10242051, 37.50701585], [127.10235449, 37.50712186]]]}, "properties": {"name": "석촌동 160-7", "status": "full", "capacity": 2, "active": 2, "industry": "일반 교육", "vacancy_rate": 0.0, "vacancy_rate_lo": 0.0, "vacancy_rate_hi": 100.0, "stores": 2, "source": "stores+ledger", "capacity_method": "floor_ouln", "active_pip": 0, "licensed": 0, "com_floors": [1, 5], "occ_floors": [], "unknown_n": 2, "id": "1171010500101600007-1", "pnu": "1171010500101600007", "floors": 5, "height": 0.0}}, {"type": "Feature", "geometry": {"type": "Polygon", "coordinates": [[[127.10191455, 37.50638567], [127.10184063, 37.50650529], [127.10196284, 37.50655285], [127.10203777, 37.50643106], [127.10191455, 37.50638567]]]}, "properties": {"name": "석촌동 156-9", "status": "empty", "capacity": 4, "active": 0, "industry": "", "vacancy_rate": 100.0, "source": "polygon_only", "capacity_method": "floor_approx", "active_pip": 0, "licensed": 0, "id": "1171010500101560009-1", "pnu": "1171010500101560009", "floors": 4, "height": 14.6}}, {"type": "Feature", "geometry": {"type": "Polygon", "coordinates": [[[127.10128349, 37.5058307], [127.10132543, 37.50584846], [127.10133552, 37.50583334], [127.10135199, 37.50584032], [127.10134191, 37.50585544], [127.10140782, 37.50588335], [127.10147551, 37.50578191], [127.10133569, 37.5057227], [127.1013065, 37.50576646], [127.10131348, 37.50576942], [127.10127925, 37.50582074], [127.10128349, 37.5058307]]]}, "properties": {"name": "명칭없음", "status": "full", "capacity": 1, "active": 1, "industry": "한식", "vacancy_rate": 0.0, "vacancy_rate_lo": null, "vacancy_rate_hi": null, "stores": 1, "source": "stores+ledger", "capacity_method": "expos_units", "active_pip": 0, "licensed": 0, "com_floors": null, "occ_floors": null, "unknown_n": null, "id": "1171010500101550000-1", "pnu": "1171010500101550000", "floors": 5, "height": 15.35}}, {"type": "Feature", "geometry": {"type": "Polygon", "coordinates": [[[127.10527337, 37.5077554], [127.10507846, 37.50797245], [127.10520047, 37.50803839], [127.10539176, 37.50782044], [127.10527337, 37.5077554]]]}, "properties": {"name": "송파동 15-1", "status": "high", "capacity": 4, "active": 1, "industry": "", "vacancy_rate": 75.0, "source": "pip_only", "capacity_method": "floor_approx", "active_pip": 0, "licensed": 1, "id": "1171010400100150001-1", "pnu": "1171010400100150001", "floors": 4, "height": 19.46}}, {"type": "Feature", "geometry": {"type": "Polygon", "coordinates": [[[127.10558451, 37.50607268], [127.10536432, 37.50632074], [127.10544842, 37.50636581], [127.10566782, 37.50612008], [127.10558451, 37.50607268]]]}, "properties": {"name": "명칭없음", "status": "full", "capacity": 3, "active": 3, "industry": "의약·화장품 소매", "vacancy_rate": 0.0, "vacancy_rate_lo": null, "vacancy_rate_hi": null, "stores": 3, "source": "stores+ledger+pip", "capacity_method": "expos_units", "active_pip": 2, "licensed": 0, "com_floors": null, "occ_floors": null, "unknown_n": null, "id": "1171010500101770002-2", "pnu": "1171010500101770002", "floors": 1, "height": 3.1}}, {"type": "Feature", "geometry": {"type": "Polygon", "coordinates": [[[127.10092356, 37.50595296], [127.10104917, 37.50600943], [127.10111361, 37.5059027], [127.10097906, 37.50584155], [127.1009479, 37.5058905], [127.10095933, 37.50589472], [127.10092356, 37.50595296]]]}, "properties": {"name": "정운해피텔", "status": "partial", "capacity": 3, "active": 2, "industry": "중식", "vacancy_rate": 33.3, "vacancy_rate_lo": null, "vacancy_rate_hi": null, "stores": 2, "source": "stores+ledger", "capacity_method": "expos_units", "active_pip": 0, "licensed": 2, "com_floors": null, "occ_floors": null, "unknown_n": null, "id": "1171010500100530004-1", "pnu": "1171010500100530004", "floors": 6, "height": 17.45}}, {"type": "Feature", "geometry": {"type": "Polygon", "coordinates": [[[127.100685, 37.50609768], [127.10061626, 37.50620208], [127.10072638, 37.50625577], [127.100795, 37.50614867], [127.100685, 37.50609768]]]}, "properties": {"name": "석촌동 52-6", "status": "high", "capacity": 3, "active": 1, "industry": "", "vacancy_rate": 66.7, "source": "pip_only", "capacity_method": "floor_approx", "active_pip": 0, "licensed": 1, "id": "1171010500100520006-1", "pnu": "1171010500100520006", "floors": 3, "height": 10.2}}, {"type": "Feature", "geometry": {"type": "Polygon", "coordinates": [[[127.10435994, 37.50741428], [127.10427914, 37.50754023], [127.10437736, 37.5075806], [127.10445681, 37.50745357], [127.10435994, 37.50741428]]]}, "properties": {"name": "동보빌딩", "status": "full", "capacity": 2, "active": 2, "industry": "애완동물·용품 소매", "vacancy_rate": 0.0, "vacancy_rate_lo": 0.0, "vacancy_rate_hi": 50.0, "stores": 3, "source": "stores+ledger", "capacity_method": "floor_ouln", "active_pip": 0, "licensed": 2, "com_floors": [1, 5], "occ_floors": [1], "unknown_n": 1, "id": "1171010500101810001-1", "pnu": "1171010500101810001", "floors": 5, "height": 13.8}}, {"type": "Feature", "geometry": {"type": "Polygon", "coordinates": [[[127.10518029, 37.5083242], [127.10507829, 37.50841736], [127.10515075, 37.50847307], [127.10525456, 37.50837864], [127.10518029, 37.5083242]]]}, "properties": {"name": "송파동 9-18", "status": "full", "capacity": 2, "active": 2, "industry": "이용·미용", "vacancy_rate": 0.0, "vacancy_rate_lo": 0.0, "vacancy_rate_hi": 50.0, "stores": 2, "source": "stores+ledger", "capacity_method": "floor_ouln", "active_pip": 0, "licensed": 1, "com_floors": [1, 4], "occ_floors": [1], "unknown_n": 1, "id": "1171010400100090018-1", "pnu": "1171010400100090018", "floors": 4, "height": 0.0}}, {"type": "Feature", "geometry": {"type": "Polygon", "coordinates": [[[127.10440898, 37.50726199], [127.10433584, 37.50737172], [127.10445661, 37.5074228], [127.10452975, 37.50731307], [127.10440898, 37.50726199]]]}, "properties": {"name": "명칭없음", "status": "full", "capacity": 1, "active": 1, "industry": "기타 간이", "vacancy_rate": 0.0, "vacancy_rate_lo": null, "vacancy_rate_hi": null, "stores": 1, "source": "stores+ledger", "capacity_method": "expos_units", "active_pip": 0, "licensed": 1, "com_floors": null, "occ_floors": null, "unknown_n": null, "id": "1171010500101810009-1", "pnu": "1171010500101810009", "floors": 6, "height": 17.2}}, {"type": "Feature", "geometry": {"type": "Polygon", "coordinates": [[[127.10010018, 37.50602141], [127.10007054, 37.50618731], [127.10038807, 37.50632021], [127.10047859, 37.50617688], [127.10044815, 37.50616483], [127.10043642, 37.5061852], [127.10035053, 37.50615013], [127.10036, 37.50613012], [127.10010018, 37.50602141]]]}, "properties": {"name": "석촌동 52", "status": "empty", "capacity": 5, "active": 0, "industry": "", "vacancy_rate": 100.0, "source": "polygon_only", "capacity_method": "floor_approx", "active_pip": 0, "licensed": 0, "id": "1171010500100520000-1", "pnu": "1171010500100520000", "floors": 5, "height": 15.6}}, {"type": "Feature", "geometry": {"type": "Polygon", "coordinates": [[[127.10426832, 37.50586481], [127.10435445, 37.50590366], [127.104399, 37.50590173], [127.10448006, 37.50579751], [127.10434833, 37.50573482], [127.1043304, 37.50576799], [127.10430041, 37.50575541], [127.10427682, 37.50579102], [127.10431031, 37.50580477], [127.10426832, 37.50586481]]]}, "properties": {"name": "석촌동 170-3", "status": "full", "capacity": 1, "active": 1, "industry": "한식", "vacancy_rate": 0.0, "vacancy_rate_lo": 0.0, "vacancy_rate_hi": 0.0, "stores": 1, "source": "stores+ledger", "capacity_method": "floor_ouln", "active_pip": 0, "licensed": 1, "com_floors": [1], "occ_floors": [1], "unknown_n": 0, "id": "1171010500101700003-1", "pnu": "1171010500101700003", "floors": 1, "height": 3.7}}, {"type": "Feature", "geometry": {"type": "Polygon", "coordinates": [[[127.10334063, 37.50698588], [127.10330347, 37.50704158], [127.10327551, 37.50702974], [127.10323244, 37.50709619], [127.1032981, 37.507124], [127.10334542, 37.50711492], [127.10342261, 37.5070206], [127.10334063, 37.50698588]]]}, "properties": {"name": "코너자리", "status": "full", "capacity": 2, "active": 2, "industry": "기타 간이", "vacancy_rate": 0.0, "vacancy_rate_lo": 0.0, "vacancy_rate_hi": 0.0, "stores": 5, "source": "stores+ledger", "capacity_method": "floor_ouln", "active_pip": 0, "licensed": 3, "com_floors": [1, 2], "occ_floors": [1, 2], "unknown_n": 0, "id": "1171010500101610012-1", "pnu": "1171010500101610012", "floors": 3, "height": 0.0}}, {"type": "Feature", "geometry": {"type": "Polygon", "coordinates": [[[127.10327764, 37.50754948], [127.10336626, 37.50742912], [127.10328964, 37.50739207], [127.10322043, 37.50748034], [127.1032191, 37.50750016], [127.10322488, 37.50751358], [127.10323451, 37.50752438], [127.10327764, 37.50754948]]]}, "properties": {"name": "석촌동 182", "status": "full", "capacity": 2, "active": 2, "industry": "종합 소매", "vacancy_rate": 0.0, "vacancy_rate_lo": 0.0, "vacancy_rate_hi": 0.0, "stores": 3, "source": "stores+ledger", "capacity_method": "floor_ouln", "active_pip": 0, "licensed": 1, "com_floors": [1, 3], "occ_floors": [1, 3], "unknown_n": 0, "id": "1171010500101820000-1", "pnu": "1171010500101820000", "floors": 5, "height": 0.0}}, {"type": "Feature", "geometry": {"type": "Polygon", "coordinates": [[[127.10373711, 37.50669106], [127.10380521, 37.50661783], [127.10379735, 37.50657504], [127.10372618, 37.50655149], [127.10373431, 37.50654149], [127.10370613, 37.50653008], [127.10365431, 37.50660112], [127.10366473, 37.50660679], [127.10363809, 37.50664627], [127.10373711, 37.50669106]]]}, "properties": {"name": "안평빌딩", "status": "full", "capacity": 2, "active": 2, "industry": "한식", "vacancy_rate": 0.0, "vacancy_rate_lo": 0.0, "vacancy_rate_hi": 0.0, "stores": 2, "source": "stores+ledger", "capacity_method": "floor_ouln", "active_pip": 0, "licensed": 2, "com_floors": [1, 4], "occ_floors": [1, 4], "unknown_n": 0, "id": "1171010500101630002-1", "pnu": "1171010500101630002", "floors": 5, "height": 15.0}}, {"type": "Feature", "geometry": {"type": "Polygon", "coordinates": [[[127.10359605, 37.50666983], [127.10355971, 37.50672401], [127.10353696, 37.50671132], [127.1034856, 37.50679011], [127.10357931, 37.50683175], [127.10362747, 37.50682189], [127.10369882, 37.50672407], [127.10359605, 37.50666983]]]}, "properties": {"name": "석촌동 163-1", "status": "full", "capacity": 1, "active": 1, "industry": "기타 간이", "vacancy_rate": 0.0, "vacancy_rate_lo": 0.0, "vacancy_rate_hi": 0.0, "stores": 3, "source": "stores+ledger", "capacity_method": "floor_ouln", "active_pip": 0, "licensed": 2, "com_floors": [1], "occ_floors": [1], "unknown_n": 0, "id": "1171010500101630001-1", "pnu": "1171010500101630001", "floors": 4, "height": 0.0}}, {"type": "Feature", "geometry": {"type": "Polygon", "coordinates": [[[127.10435107, 37.50567175], [127.10452601, 37.5057389], [127.10456947, 37.50567795], [127.10456321, 37.50564714], [127.1043998, 37.50558161], [127.10437553, 37.50561722], [127.10438244, 37.50562045], [127.10435107, 37.50567175]]]}, "properties": {"name": "삼경빌딩", "status": "full", "capacity": 2, "active": 2, "industry": "식료품 소매", "vacancy_rate": 0.0, "vacancy_rate_lo": null, "vacancy_rate_hi": null, "stores": 2, "source": "stores+ledger", "capacity_method": "expos_units", "active_pip": 0, "licensed": 1, "com_floors": null, "occ_floors": null, "unknown_n": null, "id": "1171010500101700009-1", "pnu": "1171010500101700009", "floors": 5, "height": 18.35}}, {"type": "Feature", "geometry": {"type": "Polygon", "coordinates": [[[127.10159364, 37.50618691], [127.1017377, 37.5062449], [127.10178577, 37.50616693], [127.10163232, 37.50610615], [127.10159364, 37.50618691]]]}, "properties": {"name": "삼부빌딩", "status": "empty", "capacity": 1, "active": 0, "industry": "식료품 소매", "vacancy_rate": 100.0, "vacancy_rate_lo": 100.0, "vacancy_rate_hi": 100.0, "stores": 1, "source": "stores+ledger", "capacity_method": "floor_ouln", "active_pip": 0, "licensed": 0, "com_floors": [1], "occ_floors": [], "unknown_n": 0, "id": "1171010500101560004-1", "pnu": "1171010500101560004", "floors": 5, "height": 16.9}}, {"type": "Feature", "geometry": {"type": "Polygon", "coordinates": [[[127.10156463, 37.50664798], [127.10150392, 37.5067467], [127.10159014, 37.50678176], [127.10165019, 37.50668161], [127.10156463, 37.50664798]]]}, "properties": {"name": "석촌동 157-2", "status": "full", "capacity": 1, "active": 1, "industry": "일식", "vacancy_rate": 0.0, "vacancy_rate_lo": 0.0, "vacancy_rate_hi": 0.0, "stores": 2, "source": "stores+ledger", "capacity_method": "floor_ouln", "active_pip": 0, "licensed": 2, "com_floors": [1], "occ_floors": [1], "unknown_n": 0, "id": "1171010500101570002-1", "pnu": "1171010500101570002", "floors": 4, "height": 12.7}}, {"type": "Feature", "geometry": {"type": "Polygon", "coordinates": [[[127.10497182, 37.50709271], [127.10485043, 37.50723175], [127.10493725, 37.50728006], [127.10506689, 37.50713804], [127.10497182, 37.50709271]]]}, "properties": {"name": "복창빌딩", "status": "full", "capacity": 3, "active": 3, "industry": "유원지·오락", "vacancy_rate": 0.0, "vacancy_rate_lo": 0.0, "vacancy_rate_hi": 33.3, "stores": 4, "source": "stores+ledger", "capacity_method": "floor_ouln", "active_pip": 0, "licensed": 3, "com_floors": [1, 2, 3], "occ_floors": [1, 2], "unknown_n": 1, "id": "1171010500101840005-1", "pnu": "1171010500101840005", "floors": 4, "height": 0.0}}, {"type": "Feature", "geometry": {"type": "Polygon", "coordinates": [[[127.10391444, 37.5080624], [127.10399377, 37.5079443], [127.10388139, 37.50789152], [127.10380647, 37.50801772], [127.10391444, 37.5080624]]]}, "properties": {"name": "석촌동 183-4", "status": "empty", "capacity": 7, "active": 0, "industry": "", "vacancy_rate": 100.0, "source": "polygon_only", "capacity_method": "floor_approx", "active_pip": 0, "licensed": 0, "id": "1171010500101830004-1", "pnu": "1171010500101830004", "floors": 7, "height": 24.2}}, {"type": "Feature", "geometry": {"type": "Polygon", "coordinates": [[[127.10385794, 37.50671752], [127.10401364, 37.50677766], [127.10404275, 37.50672574], [127.1040578, 37.50672924], [127.10407935, 37.50669354], [127.10395283, 37.50663923], [127.1039162, 37.50664512], [127.10385794, 37.50671752]]]}, "properties": {"name": "유성빌딩", "status": "full", "capacity": 1, "active": 1, "industry": "한식", "vacancy_rate": 0.0, "vacancy_rate_lo": 0.0, "vacancy_rate_hi": 0.0, "stores": 2, "source": "stores+ledger", "capacity_method": "floor_ouln", "active_pip": 0, "licensed": 1, "com_floors": [1], "occ_floors": [1], "unknown_n": 0, "id": "1171010500101800005-1", "pnu": "1171010500101800005", "floors": 5, "height": 0.0}}, {"type": "Feature", "geometry": {"type": "Polygon", "coordinates": [[[127.10535778, 37.50520963], [127.10530803, 37.50529554], [127.10541712, 37.50533959], [127.10546993, 37.50525593], [127.10535778, 37.50520963]]]}, "properties": {"name": "석촌동 175-4", "status": "empty", "capacity": 7, "active": 0, "industry": "", "vacancy_rate": 100.0, "source": "polygon_only", "capacity_method": "floor_approx", "active_pip": 0, "licensed": 0, "id": "1171010500101750004-1", "pnu": "1171010500101750004", "floors": 7, "height": 19.5}}, {"type": "Feature", "geometry": {"type": "Polygon", "coordinates": [[[127.10499131, 37.50461854], [127.1049445, 37.50470886], [127.10502235, 37.50474005], [127.1050678, 37.5046455], [127.10499131, 37.50461854]]]}, "properties": {"name": "소망빌딩", "status": "full", "capacity": 3, "active": 3, "industry": "기타 교육", "vacancy_rate": 0.0, "vacancy_rate_lo": 0.0, "vacancy_rate_hi": 33.3, "stores": 9, "source": "stores+ledger", "capacity_method": "floor_ouln", "active_pip": 0, "licensed": 2, "com_floors": [1, 2, 3], "occ_floors": [1, 2], "unknown_n": 1, "id": "1171010500101730008-2", "pnu": "1171010500101730008", "floors": 1, "height": 4.0}}, {"type": "Feature", "geometry": {"type": "Polygon", "coordinates": [[[127.10539742, 37.50621521], [127.10541841, 37.50618293], [127.10539499, 37.50617106], [127.10537287, 37.50620505], [127.10539742, 37.50621521]]]}, "properties": {"name": "명칭없음", "status": "full", "capacity": 3, "active": 3, "industry": "의약·화장품 소매", "vacancy_rate": 0.0, "vacancy_rate_lo": null, "vacancy_rate_hi": null, "stores": 3, "source": "stores+ledger+pip", "capacity_method": "expos_units", "active_pip": 2, "licensed": 0, "com_floors": null, "occ_floors": null, "unknown_n": null, "id": "1171010500101770002-3", "pnu": "1171010500101770002", "floors": 0, "height": 0.0}}, {"type": "Feature", "geometry": {"type": "Polygon", "coordinates": [[[127.10538098, 37.50514321], [127.10527236, 37.50510186], [127.10520339, 37.50511561], [127.10516457, 37.50517989], [127.10531462, 37.5052421], [127.10538098, 37.50514321]]]}, "properties": {"name": "태원빌딩", "status": "full", "capacity": 3, "active": 3, "industry": "이용·미용", "vacancy_rate": 0.0, "vacancy_rate_lo": 0.0, "vacancy_rate_hi": 33.3, "stores": 4, "source": "stores+ledger", "capacity_method": "floor_ouln", "active_pip": 0, "licensed": 2, "com_floors": [1, 2, 3], "occ_floors": [1, 2], "unknown_n": 1, "id": "1171010500101750003-1", "pnu": "1171010500101750003", "floors": 4, "height": 0.0}}, {"type": "Feature", "geometry": {"type": "Polygon", "coordinates": [[[127.10484298, 37.50554139], [127.10476541, 37.50563543], [127.10477291, 37.50566209], [127.10484715, 37.50569708], [127.1049333, 37.50558825], [127.10484298, 37.50554139]]]}, "properties": {"name": "동훈빌딩", "status": "full", "capacity": 2, "active": 2, "industry": "기타 교육", "vacancy_rate": 0.0, "vacancy_rate_lo": 0.0, "vacancy_rate_hi": 0.0, "stores": 4, "source": "stores+ledger", "capacity_method": "floor_ouln", "active_pip": 0, "licensed": 1, "com_floors": [1, 3], "occ_floors": [1, 3], "unknown_n": 0, "id": "1171010500101760000-1", "pnu": "1171010500101760000", "floors": 5, "height": 15.1}}, {"type": "Feature", "geometry": {"type": "Polygon", "coordinates": [[[127.10473237, 37.50530155], [127.10465552, 37.50542271], [127.10476438, 37.50546983], [127.10483392, 37.5053794], [127.10483477, 37.5053384], [127.10473237, 37.50530155]]]}, "properties": {"name": "석촌동 171-9", "status": "full", "capacity": 1, "active": 1, "industry": "한식", "vacancy_rate": 0.0, "vacancy_rate_lo": 0.0, "vacancy_rate_hi": 0.0, "stores": 4, "source": "stores+ledger", "capacity_method": "floor_ouln", "active_pip": 0, "licensed": 4, "com_floors": [1], "occ_floors": [1], "unknown_n": 0, "id": "1171010500101710009-1", "pnu": "1171010500101710009", "floors": 1, "height": 4.3}}, {"type": "Feature", "geometry": {"type": "Polygon", "coordinates": [[[127.10144906, 37.5055767], [127.10139853, 37.50559278], [127.10135104, 37.50567598], [127.10145379, 37.50572058], [127.10146259, 37.50570508], [127.10159781, 37.5057565], [127.10165141, 37.50566609], [127.10144906, 37.5055767]]]}, "properties": {"name": "동쪽끝부분점포", "status": "full", "capacity": 2, "active": 2, "industry": "식료품 소매", "vacancy_rate": 0.0, "vacancy_rate_lo": 0.0, "vacancy_rate_hi": 50.0, "stores": 3, "source": "stores+ledger", "capacity_method": "floor_ouln", "active_pip": 0, "licensed": 2, "com_floors": [1, 3], "occ_floors": [1], "unknown_n": 1, "id": "1171010500101550002-1", "pnu": "1171010500101550002", "floors": 3, "height": 0.0}}, {"type": "Feature", "geometry": {"type": "Polygon", "coordinates": [[[127.1007103, 37.50633651], [127.10071031, 37.50633651], [127.10049432, 37.50624461], [127.1005156, 37.50621382], [127.10048069, 37.50619897], [127.10045991, 37.50622996], [127.10044794, 37.50622487], [127.10038702, 37.50631285], [127.1006509, 37.50642512], [127.1007103, 37.50633651]]]}, "properties": {"name": "아쉬세븐빌딩", "status": "full", "capacity": 3, "active": 3, "industry": "기타 교육", "vacancy_rate": 0.0, "vacancy_rate_lo": 0.0, "vacancy_rate_hi": 0.0, "stores": 2, "source": "stores+ledger", "capacity_method": "floor_ouln", "active_pip": 0, "licensed": 1, "com_floors": [1, 2, 3], "occ_floors": [1, 2, 3], "unknown_n": 0, "id": "1171010500100520009-1", "pnu": "1171010500100520009", "floors": 6, "height": 25.3}}, {"type": "Feature", "geometry": {"type": "Polygon", "coordinates": [[[127.10134338, 37.50595097], [127.10126452, 37.50593293], [127.10123231, 37.50594468], [127.1011941, 37.50604274], [127.10129807, 37.50607067], [127.10134338, 37.50595097]]]}, "properties": {"name": "석촌동 156-6", "status": "full", "capacity": 2, "active": 2, "industry": "기타 간이", "vacancy_rate": 0.0, "vacancy_rate_lo": 0.0, "vacancy_rate_hi": 0.0, "stores": 2, "source": "stores+ledger", "capacity_method": "floor_ouln", "active_pip": 0, "licensed": 2, "com_floors": [1, 2], "occ_floors": [1, 2], "unknown_n": 0, "id": "1171010500101560006-1", "pnu": "1171010500101560006", "floors": 3, "height": 0.0}}, {"type": "Feature", "geometry": {"type": "Polygon", "coordinates": [[[127.10018159, 37.50565053], [127.10016352, 37.50567756], [127.10018074, 37.50568486], [127.10016692, 37.50570555], [127.10016592, 37.50570512], [127.10014891, 37.50573057], [127.10015889, 37.50573481], [127.10014303, 37.50575855], [127.10015395, 37.50578477], [127.10022663, 37.5058156], [127.10030263, 37.50570186], [127.10018159, 37.50565053]]]}, "properties": {"name": "스카이빌", "status": "full", "capacity": 1, "active": 1, "industry": "기타 간이", "vacancy_rate": 0.0, "vacancy_rate_lo": null, "vacancy_rate_hi": null, "stores": 1, "source": "stores+ledger", "capacity_method": "expos_units", "active_pip": 0, "licensed": 1, "com_floors": null, "occ_floors": null, "unknown_n": null, "id": "1171010500100530000-1", "pnu": "1171010500100530000", "floors": 5, "height": 16.3}}, {"type": "Feature", "geometry": {"type": "Polygon", "coordinates": [[[127.10111931, 37.50627598], [127.10109014, 37.50628339], [127.10104724, 37.50634461], [127.10105905, 37.50636838], [127.10132984, 37.50647943], [127.1013865, 37.50639369], [127.10111931, 37.50627598]]]}, "properties": {"name": "석촌동 157-4", "status": "partial", "capacity": 4, "active": 3, "industry": "한식", "vacancy_rate": 25.0, "vacancy_rate_lo": 25.0, "vacancy_rate_hi": 75.0, "stores": 2, "source": "stores+ledger", "capacity_method": "floor_ouln", "active_pip": 0, "licensed": 2, "com_floors": [1, 2, 3, 4], "occ_floors": [1], "unknown_n": 2, "id": "1171010500101570004-1", "pnu": "1171010500101570004", "floors": 4, "height": 15.1}}, {"type": "Feature", "geometry": {"type": "Polygon", "coordinates": [[[127.10078488, 37.50636448], [127.10072893, 37.50646562], [127.10079319, 37.5064907], [127.10084657, 37.50647767], [127.10088977, 37.50640105], [127.10078488, 37.50636448]]]}, "properties": {"name": "석촌동 52-1", "status": "full", "capacity": 3, "active": 3, "industry": "서양식", "vacancy_rate": 0.0, "vacancy_rate_lo": 0.0, "vacancy_rate_hi": 0.0, "stores": 3, "source": "stores+ledger", "capacity_method": "floor_ouln", "active_pip": 0, "licensed": 2, "com_floors": [1, 2, 4], "occ_floors": [1, 2, 4], "unknown_n": 0, "id": "1171010500100520001-1", "pnu": "1171010500100520001", "floors": 4, "height": 0.0}}, {"type": "Feature", "geometry": {"type": "Polygon", "coordinates": [[[127.10098469, 37.50599849], [127.10090331, 37.50611984], [127.10097121, 37.50614906], [127.10101157, 37.50614101], [127.10107183, 37.50603798], [127.10098469, 37.50599849]]]}, "properties": {"name": "석촌동 53-3", "status": "full", "capacity": 3, "active": 3, "industry": "주점", "vacancy_rate": 0.0, "vacancy_rate_lo": 0.0, "vacancy_rate_hi": 0.0, "stores": 5, "source": "stores+ledger", "capacity_method": "floor_ouln", "active_pip": 0, "licensed": 5, "com_floors": [1, 2, 3], "occ_floors": [1, 2, 3], "unknown_n": 0, "id": "1171010500100530003-1", "pnu": "1171010500100530003", "floors": 3, "height": 0.0}}, {"type": "Feature", "geometry": {"type": "Polygon", "coordinates": [[[127.10120817, 37.50607859], [127.10113977, 37.50618559], [127.10116153, 37.50621963], [127.10131069, 37.50628528], [127.10132074, 37.50627563], [127.10136658, 37.50629424], [127.10141183, 37.5062286], [127.10136736, 37.50621027], [127.10139975, 37.5061577], [127.10120817, 37.50607859]]]}, "properties": {"name": "석촌동 156", "status": "high", "capacity": 5, "active": 2, "industry": "한식", "vacancy_rate": 60.0, "vacancy_rate_lo": 60.0, "vacancy_rate_hi": 100.0, "stores": 1, "source": "stores+ledger", "capacity_method": "floor_ouln", "active_pip": 0, "licensed": 1, "com_floors": [1, 2, 4, 5, 6], "occ_floors": [], "unknown_n": 2, "id": "1171010500101560000-1", "pnu": "1171010500101560000", "floors": 6, "height": 18.68}}, {"type": "Feature", "geometry": {"type": "Polygon", "coordinates": [[[127.10116167, 37.50646928], [127.10122291, 37.50649291], [127.10125022, 37.50644799], [127.10118898, 37.50642436], [127.10116167, 37.50646928]]]}, "properties": {"name": "석촌동 157-4", "status": "partial", "capacity": 4, "active": 3, "industry": "한식", "vacancy_rate": 25.0, "vacancy_rate_lo": 25.0, "vacancy_rate_hi": 75.0, "stores": 2, "source": "stores+ledger", "capacity_method": "floor_ouln", "active_pip": 0, "licensed": 2, "com_floors": [1, 2, 3, 4], "occ_floors": [1], "unknown_n": 2, "id": "1171010500101570004-2", "pnu": "1171010500101570004", "floors": 0, "height": 0.0}}, {"type": "Feature", "geometry": {"type": "Polygon", "coordinates": [[[127.10141744, 37.50485222], [127.1015814, 37.50491723], [127.10161784, 37.50484521], [127.10161601, 37.50483223], [127.10160434, 37.50481738], [127.10147161, 37.50476568], [127.10141744, 37.50485222]]]}, "properties": {"name": "석촌동 57-3", "status": "high", "capacity": 3, "active": 1, "industry": "종합 소매", "vacancy_rate": 66.7, "vacancy_rate_lo": 66.7, "vacancy_rate_hi": 66.7, "stores": 1, "source": "stores+ledger", "capacity_method": "floor_ouln", "active_pip": 0, "licensed": 1, "com_floors": [1, 2, 5], "occ_floors": [1], "unknown_n": 0, "id": "1171010500100570003-1", "pnu": "1171010500100570003", "floors": 5, "height": 19.0}}, {"type": "Feature", "geometry": {"type": "Polygon", "coordinates": [[[127.10145699, 37.50549623], [127.10156347, 37.50554164], [127.10163694, 37.50542516], [127.10153476, 37.50538011], [127.10145699, 37.50549623]]]}, "properties": {"name": "금광빌딩", "status": "partial", "capacity": 2, "active": 1, "industry": "종합 소매", "vacancy_rate": 50.0, "vacancy_rate_lo": 50.0, "vacancy_rate_hi": 50.0, "stores": 1, "source": "stores+ledger", "capacity_method": "floor_ouln", "active_pip": 0, "licensed": 0, "com_floors": [1, 2], "occ_floors": [1], "unknown_n": 0, "id": "1171010500101540000-2", "pnu": "1171010500101540000", "floors": 6, "height": 18.8}}, {"type": "Feature", "geometry": {"type": "Polygon", "coordinates": [[[127.10146477, 37.50673961], [127.10153101, 37.50662765], [127.10141706, 37.50658162], [127.10134877, 37.50668358], [127.10146477, 37.50673961]]]}, "properties": {"name": "WLAKE", "status": "full", "capacity": 5, "active": 5, "industry": "서양식", "vacancy_rate": 0.0, "vacancy_rate_lo": 0.0, "vacancy_rate_hi": 20.0, "stores": 4, "source": "stores+ledger", "capacity_method": "floor_ouln", "active_pip": 0, "licensed": 3, "com_floors": [1, 2, 3, 4, 6], "occ_floors": [1, 2, 4, 6], "unknown_n": 1, "id": "1171010500101570001-1", "pnu": "1171010500101570001", "floors": 6, "height": 20.6}}, {"type": "Feature", "geometry": {"type": "Polygon", "coordinates": [[[127.10537898, 37.5049176], [127.10529885, 37.50504128], [127.10556773, 37.50515016], [127.10564773, 37.50502556], [127.10537898, 37.5049176]]]}, "properties": {"name": "석촌동 174", "status": "full", "capacity": 2, "active": 2, "industry": "한식", "vacancy_rate": 0.0, "vacancy_rate_lo": 0.0, "vacancy_rate_hi": 100.0, "stores": 1, "source": "stores+ledger", "capacity_method": "floor_ouln", "active_pip": 0, "licensed": 1, "com_floors": [1, 2], "occ_floors": [], "unknown_n": 2, "id": "1171010500101740000-1", "pnu": "1171010500101740000", "floors": 2, "height": 8.75}}, {"type": "Feature", "geometry": {"type": "Polygon", "coordinates": [[[127.10391065, 37.50434489], [127.10406045, 37.50438967], [127.10414723, 37.50420995], [127.10399244, 37.50416475], [127.10391065, 37.50434489]]]}, "properties": {"name": "현도빌딩", "status": "partial", "capacity": 5, "active": 4, "industry": "기타 교육", "vacancy_rate": 20.0, "vacancy_rate_lo": 20.0, "vacancy_rate_hi": 40.0, "stores": 3, "source": "stores+ledger", "capacity_method": "floor_ouln", "active_pip": 0, "licensed": 0, "com_floors": [1, 2, 3, 4, 5], "occ_floors": [1, 2, 3], "unknown_n": 1, "id": "1171010500101730000-1", "pnu": "1171010500101730000", "floors": 6, "height": 19.95}}, {"type": "Feature", "geometry": {"type": "Polygon", "coordinates": [[[127.10363983, 37.50421842], [127.10366891, 37.50415802], [127.10354344, 37.50411795], [127.1035105, 37.50418232], [127.10363983, 37.50421842]]]}, "properties": {"name": "미산빌딩", "status": "full", "capacity": 3, "active": 3, "industry": "기타 교육", "vacancy_rate": 0.0, "vacancy_rate_lo": 0.0, "vacancy_rate_hi": 0.0, "stores": 4, "source": "stores+ledger", "capacity_method": "floor_ouln", "active_pip": 0, "licensed": 0, "com_floors": [1, 2, 4], "occ_floors": [1, 2, 4], "unknown_n": 0, "id": "1171010500100770006-1", "pnu": "1171010500100770006", "floors": 1, "height": 5.05}}, {"type": "Feature", "geometry": {"type": "Polygon", "coordinates": [[[127.10393851, 37.50455364], [127.10388058, 37.50452916], [127.10384389, 37.50453813], [127.10378772, 37.50462247], [127.10386961, 37.50465708], [127.10393851, 37.50455364]]]}, "properties": {"name": "석촌동 172-4", "status": "high", "capacity": 5, "active": 1, "industry": "", "vacancy_rate": 80.0, "source": "pip_only", "capacity_method": "floor_approx", "active_pip": 0, "licensed": 1, "id": "1171010500101720004-1", "pnu": "1171010500101720004", "floors": 5, "height": 13.55}}, {"type": "Feature", "geometry": {"type": "Polygon", "coordinates": [[[127.1047088, 37.50737262], [127.10480161, 37.50742471], [127.10492245, 37.5072925], [127.10482771, 37.50723862], [127.1047088, 37.50737262]]]}, "properties": {"name": "튤립빌딩", "status": "full", "capacity": 3, "active": 3, "industry": "이용·미용", "vacancy_rate": 0.0, "vacancy_rate_lo": 0.0, "vacancy_rate_hi": 0.0, "stores": 3, "source": "stores+ledger", "capacity_method": "floor_ouln", "active_pip": 0, "licensed": 1, "com_floors": [1, 2, 3], "occ_floors": [1, 2, 3], "unknown_n": 0, "id": "1171010500101840004-1", "pnu": "1171010500101840004", "floors": 5, "height": 18.1}}, {"type": "Feature", "geometry": {"type": "Polygon", "coordinates": [[[127.10519436, 37.50682312], [127.10517568, 37.50681223], [127.10512317, 37.50687328], [127.10524451, 37.50694309], [127.10549714, 37.5066685], [127.10539538, 37.50660795], [127.10531973, 37.50669947], [127.10530569, 37.50669192], [127.10519436, 37.50682312]]]}, "properties": {"name": "레이크빌", "status": "full", "capacity": 6, "active": 6, "industry": "오락용품 소매", "vacancy_rate": 0.0, "vacancy_rate_lo": 0.0, "vacancy_rate_hi": 16.7, "stores": 10, "source": "stores+ledger", "capacity_method": "floor_ouln", "active_pip": 0, "licensed": 5, "com_floors": [1, 2, 3, 4, 5, 6], "occ_floors": [1, 2, 3, 4, 6], "unknown_n": 1, "id": "1171010500101840007-1", "pnu": "1171010500101840007", "floors": 6, "height": 23.45}}, {"type": "Feature", "geometry": {"type": "Polygon", "coordinates": [[[127.10550397, 37.50750553], [127.1053225, 37.50770634], [127.10542743, 37.50776644], [127.1055889, 37.50758186], [127.10554646, 37.50755829], [127.10556136, 37.50754071], [127.10550397, 37.50750553]]]}, "properties": {"name": "송파동 15-2", "status": "empty", "capacity": 4, "active": 0, "industry": "", "vacancy_rate": 100.0, "source": "polygon_only", "capacity_method": "floor_approx", "active_pip": 0, "licensed": 0, "id": "1171010400100150002-1", "pnu": "1171010400100150002", "floors": 4, "height": 0.0}}, {"type": "Feature", "geometry": {"type": "Polygon", "coordinates": [[[127.10524907, 37.50865174], [127.10515169, 37.50873247], [127.10529945, 37.50884631], [127.10539049, 37.50876532], [127.10524907, 37.50865174]]]}, "properties": {"name": "세영빌딩", "status": "full", "capacity": 2, "active": 2, "industry": "기타 간이", "vacancy_rate": 0.0, "vacancy_rate_lo": 0.0, "vacancy_rate_hi": 0.0, "stores": 5, "source": "stores+ledger", "capacity_method": "floor_ouln", "active_pip": 0, "licensed": 4, "com_floors": [1, 2], "occ_floors": [1, 2], "unknown_n": 0, "id": "1171010400100080013-1", "pnu": "1171010400100080013", "floors": 4, "height": 12.6}}, {"type": "Feature", "geometry": {"type": "Polygon", "coordinates": [[[127.10522921, 37.5081181], [127.10519958, 37.50812317], [127.10512381, 37.50820811], [127.10517577, 37.50824456], [127.10526815, 37.5081432], [127.10522921, 37.5081181]]]}, "properties": {"name": "송파동 9-3", "status": "high", "capacity": 3, "active": 1, "industry": "", "vacancy_rate": 66.7, "source": "pip_only", "capacity_method": "floor_approx", "active_pip": 0, "licensed": 1, "id": "1171010400100090003-1", "pnu": "1171010400100090003", "floors": 3, "height": 0.0}}, {"type": "Feature", "geometry": {"type": "Polygon", "coordinates": [[[127.1024545, 37.50739604], [127.10237563, 37.5073661], [127.10237022, 37.50737917], [127.10223647, 37.50732622], [127.10224639, 37.50730323], [127.10209872, 37.50724479], [127.10208732, 37.50726418], [127.10203209, 37.50724053], [127.10194282, 37.50738126], [127.10224564, 37.50750254], [127.10226483, 37.50747621], [127.10230455, 37.50749059], [127.10228346, 37.50753917], [127.10245332, 37.50760363], [127.10246201, 37.50758794], [127.10247514, 37.50759163], [127.10248089, 37.5075818], [127.1025343, 37.50760401], [127.10258238, 37.50752459], [127.10255183, 37.50751308], [127.10254776, 37.50751849], [127.10252264, 37.50751077], [127.10256496, 37.50743892], [127.10256609, 37.50743937], [127.1025635, 37.50744532], [127.10259948, 37.50745871], [127.10265241, 37.50738325], [127.10249965, 37.50732419], [127.1024545, 37.50739604]]]}, "properties": {"name": "미켈란호수가", "status": "high", "capacity": 21, "active": 2, "industry": "기타 상품 소매", "vacancy_rate": 90.5, "vacancy_rate_lo": null, "vacancy_rate_hi": null, "stores": 2, "source": "stores+ledger", "capacity_method": "expos_units", "active_pip": 0, "licensed": 2, "com_floors": null, "occ_floors": null, "unknown_n": null, "id": "1171010500101580005-1", "pnu": "1171010500101580005", "floors": 26, "height": 83.22}}, {"type": "Feature", "geometry": {"type": "Polygon", "coordinates": [[[127.10798362, 37.50477451], [127.10779381, 37.50498326], [127.1078445, 37.50523802], [127.10810971, 37.50539293], [127.10818673, 37.50531006], [127.10798138, 37.50518816], [127.10796026, 37.50512925], [127.10800617, 37.5051238], [127.10798468, 37.50504102], [127.10794793, 37.50504628], [127.10793363, 37.50500719], [127.10808482, 37.50483685], [127.10798362, 37.50477451]]]}, "properties": {"name": "영빌딩", "status": "partial", "capacity": 16, "active": 13, "industry": "의원", "vacancy_rate": 18.8, "vacancy_rate_lo": null, "vacancy_rate_hi": null, "stores": 13, "source": "stores+ledger", "capacity_method": "expos_units", "active_pip": 0, "licensed": 0, "com_floors": null, "occ_floors": null, "unknown_n": null, "id": "1171010400100840007-1", "pnu": "1171010400100840007", "floors": 5, "height": 15.0}}, {"type": "Feature", "geometry": {"type": "Polygon", "coordinates": [[[127.11047988, 37.50807827], [127.11033904, 37.50815198], [127.11044337, 37.50827849], [127.11058421, 37.50820478], [127.11047988, 37.50807827]]]}, "properties": {"name": "송파동 47-7", "status": "partial", "capacity": 5, "active": 3, "industry": "섬유·의복·신발 소매", "vacancy_rate": 40.0, "vacancy_rate_lo": 40.0, "vacancy_rate_hi": 40.0, "stores": 1, "source": "stores+ledger", "capacity_method": "floor_ouln", "active_pip": 0, "licensed": 0, "com_floors": [1, 2, 3, 4, 5], "occ_floors": [2, 3, 4], "unknown_n": 0, "id": "1171010400100470007-1", "pnu": "1171010400100470007", "floors": 5, "height": 15.0}}, {"type": "Feature", "geometry": {"type": "Polygon", "coordinates": [[[127.11074671, 37.50453265], [127.11066861, 37.50460392], [127.11065152, 37.50459204], [127.1106302, 37.50460199], [127.11058834, 37.50464019], [127.11064494, 37.50467955], [127.11069448, 37.50467622], [127.11080635, 37.50457413], [127.11074671, 37.50453265]]]}, "properties": {"name": "일부", "status": "partial", "capacity": 4, "active": 2, "industry": "비알코올 ", "vacancy_rate": 50.0, "vacancy_rate_lo": 50.0, "vacancy_rate_hi": 75.0, "stores": 3, "source": "stores+ledger", "capacity_method": "floor_ouln", "active_pip": 0, "licensed": 2, "com_floors": [1, 2, 3, 4], "occ_floors": [1], "unknown_n": 1, "id": "1171010400100930000-1", "pnu": "1171010400100930000", "floors": 4, "height": 0.0}}, {"type": "Feature", "geometry": {"type": "Polygon", "coordinates": [[[127.1082596, 37.5053399], [127.10817411, 37.50542639], [127.10827214, 37.50549036], [127.10836126, 37.50540865], [127.1082596, 37.5053399]]]}, "properties": {"name": "송파동 84-6", "status": "full", "capacity": 3, "active": 3, "industry": "오락용품 소매", "vacancy_rate": 0.0, "vacancy_rate_lo": 0.0, "vacancy_rate_hi": 33.3, "stores": 3, "source": "stores+ledger", "capacity_method": "floor_ouln", "active_pip": 0, "licensed": 1, "com_floors": [1, 2, 3], "occ_floors": [1, 3], "unknown_n": 1, "id": "1171010400100840006-1", "pnu": "1171010400100840006", "floors": 4, "height": 14.0}}, {"type": "Feature", "geometry": {"type": "Polygon", "coordinates": [[[127.10638263, 37.50429771], [127.10628264, 37.50445133], [127.10652786, 37.50455589], [127.10662266, 37.50441101], [127.10638263, 37.50429771]]]}, "properties": {"name": "석촌동 286-7", "status": "high", "capacity": 8, "active": 2, "industry": "", "vacancy_rate": 75.0, "source": "pip_only", "capacity_method": "floor_approx", "active_pip": 2, "licensed": 0, "id": "1171010500102860007-1", "pnu": "1171010500102860007", "floors": 8, "height": 0.0}}, {"type": "Feature", "geometry": {"type": "Polygon", "coordinates": [[[127.10876429, 37.50700954], [127.10886981, 37.50708991], [127.10896345, 37.50700818], [127.10885578, 37.50692935], [127.10876429, 37.50700954]]]}, "properties": {"name": "송파동 21-7", "status": "full", "capacity": 1, "active": 1, "industry": "한식", "vacancy_rate": 0.0, "vacancy_rate_lo": 0.0, "vacancy_rate_hi": 0.0, "stores": 1, "source": "stores+ledger", "capacity_method": "floor_ouln", "active_pip": 0, "licensed": 1, "com_floors": [1], "occ_floors": [1], "unknown_n": 0, "id": "1171010400100210007-1", "pnu": "1171010400100210007", "floors": 5, "height": 17.6}}, {"type": "Feature", "geometry": {"type": "Polygon", "coordinates": [[[127.108317, 37.50672364], [127.10833421, 37.50673562], [127.10837066, 37.50670238], [127.10835345, 37.50669041], [127.108317, 37.50672364]]]}, "properties": {"name": "태원빌딩", "status": "full", "capacity": 2, "active": 2, "industry": "주점", "vacancy_rate": 0.0, "vacancy_rate_lo": 0.0, "vacancy_rate_hi": 0.0, "stores": 2, "source": "stores+ledger", "capacity_method": "floor_ouln", "active_pip": 0, "licensed": 1, "com_floors": [1, 2], "occ_floors": [1, 2], "unknown_n": 0, "id": "1171010400100180004-1", "pnu": "1171010400100180004", "floors": 0, "height": 0.0}}, {"type": "Feature", "geometry": {"type": "Polygon", "coordinates": [[[127.1086014, 37.50441886], [127.10853761, 37.50448802], [127.10854457, 37.50452982], [127.10864713, 37.50459694], [127.10871974, 37.50452199], [127.10866551, 37.50448636], [127.10868041, 37.50446752], [127.1086014, 37.50441886]]]}, "properties": {"name": "송파동 87-18", "status": "partial", "capacity": 2, "active": 1, "industry": "이용·미용", "vacancy_rate": 50.0, "vacancy_rate_lo": 50.0, "vacancy_rate_hi": 100.0, "stores": 1, "source": "stores+ledger", "capacity_method": "floor_ouln", "active_pip": 0, "licensed": 0, "com_floors": [1, 2], "occ_floors": [], "unknown_n": 1, "id": "1171010400100870018-1", "pnu": "1171010400100870018", "floors": 3, "height": 0.0}}, {"type": "Feature", "geometry": {"type": "Polygon", "coordinates": [[[127.10840836, 37.50481817], [127.10850798, 37.50488755], [127.10858207, 37.50481261], [127.10848233, 37.50474477], [127.10840836, 37.50481817]]]}, "properties": {"name": "송파동 86-20", "status": "empty", "capacity": 8, "active": 0, "industry": "", "vacancy_rate": 100.0, "source": "polygon_only", "capacity_method": "floor_approx", "active_pip": 0, "licensed": 0, "id": "1171010400100860020-1", "pnu": "1171010400100860020", "floors": 8, "height": 21.3}}, {"type": "Feature", "geometry": {"type": "Polygon", "coordinates": [[[127.10824403, 37.50623173], [127.1081511, 37.50632462], [127.10833936, 37.50644996], [127.10843503, 37.50636356], [127.10824403, 37.50623173]]]}, "properties": {"name": "임진각빌딩", "status": "full", "capacity": 4, "active": 4, "industry": "기타 교육", "vacancy_rate": 0.0, "vacancy_rate_lo": 0.0, "vacancy_rate_hi": 0.0, "stores": 8, "source": "stores+ledger", "capacity_method": "floor_ouln", "active_pip": 0, "licensed": 3, "com_floors": [1, 2, 3, 4], "occ_floors": [1, 2, 3, 4], "unknown_n": 0, "id": "1171010400100190008-1", "pnu": "1171010400100190008", "floors": 5, "height": 0.0}}, {"type": "Feature", "geometry": {"type": "Polygon", "coordinates": [[[127.10869719, 37.5053486], [127.10861417, 37.50542229], [127.10873053, 37.50549606], [127.10880688, 37.50542067], [127.10869719, 37.5053486]]]}, "properties": {"name": "명신빌딩", "status": "full", "capacity": 2, "active": 2, "industry": "자동차 부품 소매", "vacancy_rate": 0.0, "vacancy_rate_lo": 0.0, "vacancy_rate_hi": 0.0, "stores": 2, "source": "stores+ledger", "capacity_method": "floor_ouln", "active_pip": 0, "licensed": 1, "com_floors": [1, 3], "occ_floors": [1, 3], "unknown_n": 0, "id": "1171010400100850002-1", "pnu": "1171010400100850002", "floors": 5, "height": 15.65}}, {"type": "Feature", "geometry": {"type": "Polygon", "coordinates": [[[127.10621227, 37.50570928], [127.10608365, 37.50585473], [127.10618553, 37.5059187], [127.10631379, 37.50576757], [127.10621227, 37.50570928]]]}, "properties": {"name": "청호빌딩", "status": "full", "capacity": 6, "active": 6, "industry": "의원", "vacancy_rate": 0.0, "vacancy_rate_lo": 0.0, "vacancy_rate_hi": 33.3, "stores": 6, "source": "stores+ledger", "capacity_method": "floor_ouln", "active_pip": 0, "licensed": 0, "com_floors": [1, 2, 3, 4, 5, 6], "occ_floors": [1, 2, 3, 6], "unknown_n": 2, "id": "1171010500101740012-1", "pnu": "1171010500101740012", "floors": 7, "height": 24.0}}, {"type": "Feature", "geometry": {"type": "Polygon", "coordinates": [[[127.10588318, 37.50556569], [127.10581198, 37.50568631], [127.10594597, 37.50574133], [127.10602089, 37.50561593], [127.10588318, 37.50556569]]]}, "properties": {"name": "석촌트럼프월드", "status": "full", "capacity": 4, "active": 4, "industry": "이용·미용", "vacancy_rate": 0.0, "vacancy_rate_lo": null, "vacancy_rate_hi": null, "stores": 4, "source": "stores+ledger", "capacity_method": "expos_units", "active_pip": 0, "licensed": 0, "com_floors": null, "occ_floors": null, "unknown_n": null, "id": "1171010500101750012-1", "pnu": "1171010500101750012", "floors": 1, "height": 0.0}}, {"type": "Feature", "geometry": {"type": "Polygon", "coordinates": [[[127.10827035, 37.50503464], [127.10835291, 37.50495436], [127.10825091, 37.50487986], [127.10816224, 37.50496202], [127.10817515, 37.50497409], [127.10827035, 37.50503464]]]}, "properties": {"name": "송파동 85-5", "status": "full", "capacity": 1, "active": 1, "industry": "서양식", "vacancy_rate": 0.0, "vacancy_rate_lo": null, "vacancy_rate_hi": null, "stores": 1, "source": "stores+ledger", "capacity_method": "expos_units", "active_pip": 0, "licensed": 1, "com_floors": null, "occ_floors": null, "unknown_n": null, "id": "1171010400100850005-1", "pnu": "1171010400100850005", "floors": 6, "height": 17.2}}, {"type": "Feature", "geometry": {"type": "Polygon", "coordinates": [[[127.10865372, 37.50438546], [127.1087872, 37.50447598], [127.10882514, 37.50443666], [127.10881177, 37.50442253], [127.1088497, 37.50437844], [127.10875223, 37.50431401], [127.10873594, 37.50431232], [127.1087139, 37.50431675], [127.10865372, 37.50438546]]]}, "properties": {"name": "장안빌딩", "status": "full", "capacity": 1, "active": 1, "industry": "이용·미용", "vacancy_rate": 0.0, "vacancy_rate_lo": 0.0, "vacancy_rate_hi": 0.0, "stores": 5, "source": "stores+ledger", "capacity_method": "floor_ouln", "active_pip": 0, "licensed": 1, "com_floors": [1], "occ_floors": [1], "unknown_n": 0, "id": "1171010400100870006-1", "pnu": "1171010400100870006", "floors": 3, "height": 0.0}}, {"type": "Feature", "geometry": {"type": "Polygon", "coordinates": [[[127.11003863, 37.50503309], [127.10997551, 37.50510054], [127.11010208, 37.50518548], [127.11016914, 37.50518695], [127.11024492, 37.50511363], [127.11016466, 37.50506126], [127.11013361, 37.50509319], [127.11003863, 37.50503309]]]}, "properties": {"name": "송파동 88", "status": "full", "capacity": 4, "active": 4, "industry": "이용·미용", "vacancy_rate": 0.0, "vacancy_rate_lo": 0.0, "vacancy_rate_hi": 50.0, "stores": 6, "source": "stores+ledger", "capacity_method": "floor_ouln", "active_pip": 0, "licensed": 0, "com_floors": [1, 2, 3, 5], "occ_floors": [1, 3], "unknown_n": 2, "id": "1171010400100880000-1", "pnu": "1171010400100880000", "floors": 5, "height": 0.0}}, {"type": "Feature", "geometry": {"type": "Polygon", "coordinates": [[[127.11062746, 37.50491117], [127.11074864, 37.50502531], [127.1108476, 37.50494548], [127.11074149, 37.50485142], [127.11069106, 37.50485687], [127.11062746, 37.50491117]]]}, "properties": {"name": "명칭없음", "status": "full", "capacity": 2, "active": 2, "industry": "한식", "vacancy_rate": 0.0, "vacancy_rate_lo": null, "vacancy_rate_hi": null, "stores": 2, "source": "stores+ledger", "capacity_method": "expos_units", "active_pip": 0, "licensed": 2, "com_floors": null, "occ_floors": null, "unknown_n": null, "id": "1171010400101110010-1", "pnu": "1171010400101110010", "floors": 3, "height": 0.0}}, {"type": "Feature", "geometry": {"type": "Polygon", "coordinates": [[[127.10974043, 37.50536602], [127.10984628, 37.50543899], [127.10990564, 37.50543254], [127.10997611, 37.50535723], [127.10987672, 37.50529489], [127.10984533, 37.50532862], [127.1098065, 37.50530415], [127.10974043, 37.50536602]]]}, "properties": {"name": "승운빌딩", "status": "full", "capacity": 4, "active": 4, "industry": "이용·미용", "vacancy_rate": 0.0, "vacancy_rate_lo": 0.0, "vacancy_rate_hi": 25.0, "stores": 6, "source": "stores+ledger", "capacity_method": "floor_ouln", "active_pip": 0, "licensed": 2, "com_floors": [1, 2, 3, 4], "occ_floors": [1, 2, 3], "unknown_n": 1, "id": "1171010400100870020-1", "pnu": "1171010400100870020", "floors": 4, "height": 0.0}}, {"type": "Feature", "geometry": {"type": "Polygon", "coordinates": [[[127.10719598, 37.50443672], [127.10726493, 37.50432925], [127.10710209, 37.50426408], [127.10703732, 37.5043673], [127.10719598, 37.50443672]]]}, "properties": {"name": "서흥빌딩", "status": "full", "capacity": 4, "active": 4, "industry": "식료품 소매", "vacancy_rate": 0.0, "vacancy_rate_lo": 0.0, "vacancy_rate_hi": 25.0, "stores": 3, "source": "stores+ledger", "capacity_method": "floor_ouln", "active_pip": 0, "licensed": 0, "com_floors": [1, 2, 3, 4], "occ_floors": [2, 3, 4], "unknown_n": 1, "id": "1171010500102870000-1", "pnu": "1171010500102870000", "floors": 5, "height": 15.9}}, {"type": "Feature", "geometry": {"type": "Polygon", "coordinates": [[[127.10638779, 37.50523304], [127.10639987, 37.50521464], [127.10619324, 37.50513149], [127.10616629, 37.5051917], [127.10613642, 37.50518226], [127.10608724, 37.50527259], [127.10633426, 37.50536679], [127.10640307, 37.50539349], [127.10644571, 37.50539228], [127.10648436, 37.50537638], [127.10651237, 37.50534671], [127.1065225, 37.50531463], [127.10651759, 37.50528706], [127.10650501, 37.50526536], [127.10648644, 37.50524871], [127.10646764, 37.50523647], [127.10644807, 37.50523162], [127.10641041, 37.50523022], [127.10638779, 37.50523304]]]}, "properties": {"name": "태문빌딩", "status": "full", "capacity": 8, "active": 8, "industry": "의원", "vacancy_rate": 0.0, "vacancy_rate_lo": 0.0, "vacancy_rate_hi": 0.0, "stores": 16, "source": "stores+ledger", "capacity_method": "floor_ouln", "active_pip": 0, "licensed": 0, "com_floors": [1, 2, 3, 4, 5, 7, 9, 10], "occ_floors": [1, 2, 3, 4, 5, 7, 9, 10], "unknown_n": 0, "id": "1171010500101740002-1", "pnu": "1171010500101740002", "floors": 11, "height": 40.9}}, {"type": "Feature", "geometry": {"type": "Polygon", "coordinates": [[[127.10883473, 37.50544056], [127.10875036, 37.50551785], [127.10885622, 37.50559001], [127.10893684, 37.50550867], [127.10883473, 37.50544056]]]}, "properties": {"name": "수정빌딩", "status": "full", "capacity": 2, "active": 2, "industry": "한식", "vacancy_rate": 0.0, "vacancy_rate_lo": 0.0, "vacancy_rate_hi": 50.0, "stores": 2, "source": "stores+ledger", "capacity_method": "floor_ouln", "active_pip": 0, "licensed": 2, "com_floors": [1, 3], "occ_floors": [1], "unknown_n": 1, "id": "1171010400100850012-1", "pnu": "1171010400100850012", "floors": 5, "height": 15.45}}, {"type": "Feature", "geometry": {"type": "Polygon", "coordinates": [[[127.11041693, 37.5080238], [127.11030686, 37.5080831], [127.11036023, 37.50815089], [127.11047132, 37.50809024], [127.11041693, 37.5080238]]]}, "properties": {"name": "송파동 47-8", "status": "full", "capacity": 3, "active": 3, "industry": "자동차 수리·세차", "vacancy_rate": 0.0, "vacancy_rate_lo": 0.0, "vacancy_rate_hi": 0.0, "stores": 1, "source": "stores+ledger", "capacity_method": "floor_ouln", "active_pip": 0, "licensed": 0, "com_floors": [1, 2, 3], "occ_floors": [1, 2, 3], "unknown_n": 0, "id": "1171010400100470008-1", "pnu": "1171010400100470008", "floors": 4, "height": 0.0}}, {"type": "Feature", "geometry": {"type": "Polygon", "coordinates": [[[127.10808509, 37.50612466], [127.1079883, 37.50621998], [127.10813761, 37.50631589], [127.10822706, 37.50622797], [127.10808509, 37.50612466]]]}, "properties": {"name": "송파동 19-7", "status": "full", "capacity": 4, "active": 4, "industry": "안경·정밀기기 소매", "vacancy_rate": 0.0, "vacancy_rate_lo": 0.0, "vacancy_rate_hi": 50.0, "stores": 2, "source": "stores+ledger", "capacity_method": "floor_ouln", "active_pip": 0, "licensed": 0, "com_floors": [1, 2, 3, 4], "occ_floors": [1, 4], "unknown_n": 2, "id": "1171010400100190007-1", "pnu": "1171010400100190007", "floors": 4, "height": 13.5}}, {"type": "Feature", "geometry": {"type": "Polygon", "coordinates": [[[127.10895428, 37.50520943], [127.10903075, 37.50514125], [127.10892364, 37.50505836], [127.10884831, 37.50512826], [127.10895428, 37.50520943]]]}, "properties": {"name": "센터빌", "status": "high", "capacity": 3, "active": 1, "industry": "이용·미용", "vacancy_rate": 66.7, "vacancy_rate_lo": null, "vacancy_rate_hi": null, "stores": 1, "source": "stores+ledger", "capacity_method": "expos_units", "active_pip": 0, "licensed": 1, "com_floors": null, "occ_floors": null, "unknown_n": null, "id": "1171010400100860015-1", "pnu": "1171010400100860015", "floors": 7, "height": 17.75}}, {"type": "Feature", "geometry": {"type": "Polygon", "coordinates": [[[127.10601245, 37.50724838], [127.10594538, 37.50732809], [127.10603823, 37.50740216], [127.10613968, 37.50732062], [127.1060491, 37.50724898], [127.10601245, 37.50724838]]]}, "properties": {"name": "송파동 12-5", "status": "full", "capacity": 2, "active": 2, "industry": "한식", "vacancy_rate": 0.0, "vacancy_rate_lo": 0.0, "vacancy_rate_hi": 50.0, "stores": 2, "source": "stores+ledger", "capacity_method": "floor_ouln", "active_pip": 0, "licensed": 2, "com_floors": [1, 2], "occ_floors": [1], "unknown_n": 1, "id": "1171010400100120005-1", "pnu": "1171010400100120005", "floors": 4, "height": 13.2}}, {"type": "Feature", "geometry": {"type": "Polygon", "coordinates": [[[127.10655459, 37.5066453], [127.10644662, 37.50675649], [127.10651217, 37.5068004], [127.10656073, 37.50675476], [127.10661191, 37.50679527], [127.10667448, 37.50673231], [127.10655459, 37.5066453]]]}, "properties": {"name": "송파동 14-5", "status": "full", "capacity": 2, "active": 2, "industry": "종합 소매", "vacancy_rate": 0.0, "vacancy_rate_lo": 0.0, "vacancy_rate_hi": 0.0, "stores": 4, "source": "stores+ledger", "capacity_method": "floor_ouln", "active_pip": 0, "licensed": 4, "com_floors": [1, 2], "occ_floors": [1, 2], "unknown_n": 0, "id": "1171010400100140005-1", "pnu": "1171010400100140005", "floors": 2, "height": 0.0}}, {"type": "Feature", "geometry": {"type": "Polygon", "coordinates": [[[127.11069488, 37.50836772], [127.11058457, 37.5084181], [127.11068372, 37.50854676], [127.11079267, 37.50849278], [127.11069488, 37.50836772]]]}, "properties": {"name": "유정빌딩", "status": "full", "capacity": 4, "active": 4, "industry": "스포츠 서비스", "vacancy_rate": 0.0, "vacancy_rate_lo": 0.0, "vacancy_rate_hi": 25.0, "stores": 2, "source": "stores+ledger", "capacity_method": "floor_ouln", "active_pip": 0, "licensed": 0, "com_floors": [1, 2, 3, 4], "occ_floors": [1, 3, 4], "unknown_n": 1, "id": "1171010400100470006-1", "pnu": "1171010400100470006", "floors": 6, "height": 19.5}}, {"type": "Feature", "geometry": {"type": "Polygon", "coordinates": [[[127.10835179, 37.50761585], [127.10830118, 37.50766157], [127.10831974, 37.5076721], [127.10830156, 37.50768887], [127.10838251, 37.50775097], [127.10846464, 37.507679], [127.1084198, 37.5076448], [127.1084067, 37.5076567], [127.10835179, 37.50761585]]]}, "properties": {"name": "송파동 23-9", "status": "full", "capacity": 1, "active": 1, "industry": "가전·통신 소매", "vacancy_rate": 0.0, "vacancy_rate_lo": 0.0, "vacancy_rate_hi": 0.0, "stores": 1, "source": "stores+ledger", "capacity_method": "floor_ouln", "active_pip": 0, "licensed": 0, "com_floors": [1], "occ_floors": [1], "unknown_n": 0, "id": "1171010400100230009-1", "pnu": "1171010400100230009", "floors": 2, "height": 6.5}}, {"type": "Feature", "geometry": {"type": "Polygon", "coordinates": [[[127.11037457, 37.50513937], [127.11055387, 37.50532111], [127.11064165, 37.50525598], [127.11046487, 37.50509206], [127.11043569, 37.5050948], [127.11037457, 37.50513937]]]}, "properties": {"name": "혜원빌라", "status": "partial", "capacity": 5, "active": 3, "industry": "기타 간이", "vacancy_rate": 40.0, "vacancy_rate_lo": null, "vacancy_rate_hi": null, "stores": 3, "source": "stores+ledger", "capacity_method": "expos_units", "active_pip": 0, "licensed": 2, "com_floors": null, "occ_floors": null, "unknown_n": null, "id": "1171010400101120003-1", "pnu": "1171010400101120003", "floors": 5, "height": 13.4}}, {"type": "Feature", "geometry": {"type": "Polygon", "coordinates": [[[127.10803325, 37.5086859], [127.10810153, 37.50873819], [127.10817529, 37.5086728], [127.10818639, 37.50868099], [127.10820616, 37.50866331], [127.10812938, 37.50860058], [127.10803325, 37.5086859]]]}, "properties": {"name": "송파동 25-16", "status": "empty", "capacity": 4, "active": 0, "industry": "", "vacancy_rate": 100.0, "source": "polygon_only", "capacity_method": "floor_approx", "active_pip": 0, "licensed": 0, "id": "1171010400100250016-1", "pnu": "1171010400100250016", "floors": 4, "height": 12.7}}, {"type": "Feature", "geometry": {"type": "Polygon", "coordinates": [[[127.1064217, 37.50720368], [127.10652574, 37.50711565], [127.10643776, 37.50704716], [127.10633553, 37.50713195], [127.1064217, 37.50720368]]]}, "properties": {"name": "신원빌딩", "status": "full", "capacity": 1, "active": 1, "industry": "비알코올 ", "vacancy_rate": 0.0, "vacancy_rate_lo": 0.0, "vacancy_rate_hi": 0.0, "stores": 2, "source": "stores+ledger", "capacity_method": "floor_ouln", "active_pip": 0, "licensed": 1, "com_floors": [1], "occ_floors": [1], "unknown_n": 0, "id": "1171010400100130015-1", "pnu": "1171010400100130015", "floors": 3, "height": 8.5}}, {"type": "Feature", "geometry": {"type": "Polygon", "coordinates": [[[127.1103061, 37.50488075], [127.11038627, 37.50493734], [127.11043874, 37.50493775], [127.11050886, 37.50486533], [127.11041942, 37.50479802], [127.11039447, 37.50483057], [127.11037533, 37.50481644], [127.1103061, 37.50488075]]]}, "properties": {"name": "송파동 91", "status": "full", "capacity": 1, "active": 1, "industry": "이용·미용", "vacancy_rate": 0.0, "vacancy_rate_lo": 0.0, "vacancy_rate_hi": 0.0, "stores": 3, "source": "stores+ledger", "capacity_method": "floor_ouln", "active_pip": 0, "licensed": 1, "com_floors": [1], "occ_floors": [1], "unknown_n": 0, "id": "1171010400100910000-1", "pnu": "1171010400100910000", "floors": 4, "height": 0.0}}, {"type": "Feature", "geometry": {"type": "Polygon", "coordinates": [[[127.10960482, 37.50830306], [127.10953939, 37.50834033], [127.10954641, 37.50834735], [127.10951069, 37.50836396], [127.10957097, 37.50843806], [127.10968534, 37.50837578], [127.10965758, 37.50834239], [127.10964356, 37.50834907], [127.10960482, 37.50830306]]]}, "properties": {"name": "송파동 45-18", "status": "full", "capacity": 1, "active": 1, "industry": "비알코올 ", "vacancy_rate": 0.0, "vacancy_rate_lo": 0.0, "vacancy_rate_hi": 0.0, "stores": 1, "source": "stores+ledger", "capacity_method": "floor_ouln", "active_pip": 0, "licensed": 1, "com_floors": [1], "occ_floors": [1], "unknown_n": 0, "id": "1171010400100450018-1", "pnu": "1171010400100450018", "floors": 2, "height": 7.0}}, {"type": "Feature", "geometry": {"type": "Polygon", "coordinates": [[[127.11004418, 37.50542709], [127.10997281, 37.50550024], [127.10997481, 37.50555231], [127.11005714, 37.50562197], [127.11012864, 37.50556685], [127.11007872, 37.50553013], [127.11012987, 37.50547999], [127.11004418, 37.50542709]]]}, "properties": {"name": "송파동 111-19", "status": "full", "capacity": 2, "active": 2, "industry": "유원지·오락", "vacancy_rate": 0.0, "vacancy_rate_lo": 0.0, "vacancy_rate_hi": 0.0, "stores": 6, "source": "stores+ledger", "capacity_method": "floor_ouln", "active_pip": 0, "licensed": 4, "com_floors": [1, 2], "occ_floors": [1, 2], "unknown_n": 0, "id": "1171010400101110019-1", "pnu": "1171010400101110019", "floors": 3, "height": 0.0}}, {"type": "Feature", "geometry": {"type": "Polygon", "coordinates": [[[127.10769361, 37.50774133], [127.10760461, 37.50767852], [127.10750814, 37.50775997], [127.10751647, 37.50780762], [127.10761248, 37.50787457], [127.10768037, 37.50781567], [127.10764096, 37.50778291], [127.10769361, 37.50774133]]]}, "properties": {"name": "송파동 24", "status": "partial", "capacity": 4, "active": 2, "industry": "기타 간이", "vacancy_rate": 50.0, "vacancy_rate_lo": 50.0, "vacancy_rate_hi": 50.0, "stores": 3, "source": "stores+ledger", "capacity_method": "floor_ouln", "active_pip": 0, "licensed": 0, "com_floors": [1, 2, 3, 4], "occ_floors": [1, 2], "unknown_n": 0, "id": "1171010400100240000-1", "pnu": "1171010400100240000", "floors": 4, "height": 0.0}}, {"type": "Feature", "geometry": {"type": "Polygon", "coordinates": [[[127.10694524, 37.50809515], [127.10700923, 37.50804294], [127.10700787, 37.50800459], [127.10692229, 37.50793809], [127.10683494, 37.50800938], [127.10694524, 37.50809515]]]}, "properties": {"name": "송파동 12-3", "status": "partial", "capacity": 5, "active": 4, "industry": "기타 간이", "vacancy_rate": 20.0, "vacancy_rate_lo": 20.0, "vacancy_rate_hi": 60.0, "stores": 5, "source": "stores+ledger", "capacity_method": "floor_ouln", "active_pip": 0, "licensed": 2, "com_floors": [1, 2, 3, 4, 5], "occ_floors": [1, 2], "unknown_n": 2, "id": "1171010400100120003-1", "pnu": "1171010400100120003", "floors": 5, "height": 16.73}}, {"type": "Feature", "geometry": {"type": "Polygon", "coordinates": [[[127.10927716, 37.50852971], [127.10918037, 37.50858684], [127.10924454, 37.50865583], [127.10936205, 37.50858648], [127.10931322, 37.50853398], [127.10927716, 37.50852971]]]}, "properties": {"name": "송파동 43-9", "status": "high", "capacity": 5, "active": 1, "industry": "", "vacancy_rate": 80.0, "source": "pip_only", "capacity_method": "floor_approx", "active_pip": 0, "licensed": 1, "id": "1171010400100430009-1", "pnu": "1171010400100430009", "floors": 5, "height": 13.7}}, {"type": "Feature", "geometry": {"type": "Polygon", "coordinates": [[[127.10844336, 37.50547867], [127.10836926, 37.50554767], [127.10851293, 37.50564746], [127.10858736, 37.50557459], [127.10844336, 37.50547867]]]}, "properties": {"name": "송파동 84-4", "status": "full", "capacity": 4, "active": 4, "industry": "오락용품 소매", "vacancy_rate": 0.0, "vacancy_rate_lo": 0.0, "vacancy_rate_hi": 0.0, "stores": 5, "source": "stores+ledger", "capacity_method": "floor_ouln", "active_pip": 0, "licensed": 0, "com_floors": [1, 2, 3, 4], "occ_floors": [1, 2, 3, 4], "unknown_n": 0, "id": "1171010400100840004-1", "pnu": "1171010400100840004", "floors": 4, "height": 0.0}}, {"type": "Feature", "geometry": {"type": "Polygon", "coordinates": [[[127.10741702, 37.50620447], [127.10735829, 37.50626191], [127.10745712, 37.50632787], [127.10753641, 37.50625328], [127.10748671, 37.50621792], [127.10747, 37.50623803], [127.10741702, 37.50620447]]]}, "properties": {"name": "백경빌딩", "status": "partial", "capacity": 5, "active": 3, "industry": "의약·화장품 소매", "vacancy_rate": 40.0, "vacancy_rate_lo": 40.0, "vacancy_rate_hi": 40.0, "stores": 3, "source": "stores+ledger", "capacity_method": "floor_ouln", "active_pip": 0, "licensed": 0, "com_floors": [1, 2, 5, 6, 7], "occ_floors": [1, 2, 5], "unknown_n": 0, "id": "1171010400100180001-1", "pnu": "1171010400100180001", "floors": 7, "height": 20.0}}, {"type": "Feature", "geometry": {"type": "Polygon", "coordinates": [[[127.10783482, 37.50645132], [127.10796489, 37.50653328], [127.10803706, 37.50645726], [127.10790777, 37.5063762], [127.10783482, 37.50645132]]]}, "properties": {"name": "송파동 18-9", "status": "empty", "capacity": 7, "active": 0, "industry": "", "vacancy_rate": 100.0, "source": "polygon_only", "capacity_method": "floor_approx", "active_pip": 0, "licensed": 0, "id": "1171010400100180009-1", "pnu": "1171010400100180009", "floors": 7, "height": 18.5}}, {"type": "Feature", "geometry": {"type": "Polygon", "coordinates": [[[127.10767187, 37.50765251], [127.1078244, 37.50777293], [127.10791736, 37.50769148], [127.10776982, 37.50757746], [127.10767187, 37.50765251]]]}, "properties": {"name": "일부", "status": "full", "capacity": 2, "active": 2, "industry": "주점", "vacancy_rate": 0.0, "vacancy_rate_lo": 0.0, "vacancy_rate_hi": 0.0, "stores": 6, "source": "stores+ledger", "capacity_method": "floor_ouln", "active_pip": 0, "licensed": 3, "com_floors": [1, 2], "occ_floors": [1, 2], "unknown_n": 0, "id": "1171010400100240007-1", "pnu": "1171010400100240007", "floors": 4, "height": 13.2}}, {"type": "Feature", "geometry": {"type": "Polygon", "coordinates": [[[127.10582223, 37.50733937], [127.10571198, 37.5072782], [127.10550838, 37.50750228], [127.10560403, 37.50755644], [127.10567494, 37.50747412], [127.10570143, 37.50749039], [127.10582223, 37.50733937]]]}, "properties": {"name": "해광빌딩", "status": "full", "capacity": 2, "active": 2, "industry": "이용·미용", "vacancy_rate": 0.0, "vacancy_rate_lo": 0.0, "vacancy_rate_hi": 0.0, "stores": 3, "source": "stores+ledger", "capacity_method": "floor_ouln", "active_pip": 0, "licensed": 2, "com_floors": [1, 2], "occ_floors": [1, 2], "unknown_n": 0, "id": "1171010400100150003-1", "pnu": "1171010400100150003", "floors": 4, "height": 11.8}}, {"type": "Feature", "geometry": {"type": "Polygon", "coordinates": [[[127.10584345, 37.50546977], [127.10615759, 37.50559427], [127.10620216, 37.50552224], [127.10590521, 37.50539655], [127.10588434, 37.50543612], [127.10586759, 37.50542811], [127.10584345, 37.50546977]]]}, "properties": {"name": "동해빌딩", "status": "partial", "capacity": 4, "active": 3, "industry": "스포츠 서비스", "vacancy_rate": 25.0, "vacancy_rate_lo": 25.0, "vacancy_rate_hi": 50.0, "stores": 6, "source": "stores+ledger", "capacity_method": "floor_ouln", "active_pip": 0, "licensed": 4, "com_floors": [1, 2, 3, 4], "occ_floors": [1, 2], "unknown_n": 1, "id": "1171010500101750010-1", "pnu": "1171010500101750010", "floors": 4, "height": 13.0}}, {"type": "Feature", "geometry": {"type": "Polygon", "coordinates": [[[127.10857751, 37.50462719], [127.10846961, 37.50455413], [127.10837125, 37.50464612], [127.10847879, 37.504719], [127.10857751, 37.50462719]]]}, "properties": {"name": "송파동 86-5", "status": "partial", "capacity": 2, "active": 1, "industry": "종합 소매", "vacancy_rate": 50.0, "vacancy_rate_lo": 50.0, "vacancy_rate_hi": 50.0, "stores": 2, "source": "stores+ledger", "capacity_method": "floor_ouln", "active_pip": 0, "licensed": 1, "com_floors": [1, 4], "occ_floors": [1], "unknown_n": 0, "id": "1171010400100860005-1", "pnu": "1171010400100860005", "floors": 4, "height": 12.8}}, {"type": "Feature", "geometry": {"type": "Polygon", "coordinates": [[[127.10854797, 37.50562922], [127.10886157, 37.5058558], [127.10894167, 37.50578924], [127.10862601, 37.50555617], [127.10854797, 37.50562922]]]}, "properties": {"name": "평화빌딩", "status": "full", "capacity": 3, "active": 3, "industry": "한식", "vacancy_rate": 0.0, "vacancy_rate_lo": 0.0, "vacancy_rate_hi": 33.3, "stores": 3, "source": "stores+ledger", "capacity_method": "floor_ouln", "active_pip": 0, "licensed": 3, "com_floors": [1, 2, 3], "occ_floors": [1, 3], "unknown_n": 1, "id": "1171010400100840002-1", "pnu": "1171010400100840002", "floors": 3, "height": 0.0}}, {"type": "Feature", "geometry": {"type": "Polygon", "coordinates": [[[127.10827036, 37.50504076], [127.10817278, 37.5051314], [127.10824999, 37.50518179], [127.10834338, 37.50509359], [127.10827036, 37.50504076]]]}, "properties": {"name": "명진빌딩", "status": "full", "capacity": 2, "active": 2, "industry": "오락용품 소매", "vacancy_rate": 0.0, "vacancy_rate_lo": 0.0, "vacancy_rate_hi": 0.0, "stores": 2, "source": "stores+ledger", "capacity_method": "floor_ouln", "active_pip": 0, "licensed": 1, "com_floors": [1, 2], "occ_floors": [1, 2], "unknown_n": 0, "id": "1171010400100850014-1", "pnu": "1171010400100850014", "floors": 5, "height": 0.0}}, {"type": "Feature", "geometry": {"type": "Polygon", "coordinates": [[[127.1103306, 37.50585613], [127.110398, 37.50591848], [127.11050202, 37.50584712], [127.11043461, 37.50578477], [127.1103306, 37.50585613]]]}, "properties": {"name": "송파동 111-26", "status": "partial", "capacity": 3, "active": 2, "industry": "비알코올 ", "vacancy_rate": 33.3, "vacancy_rate_lo": 33.3, "vacancy_rate_hi": 33.3, "stores": 1, "source": "stores+ledger", "capacity_method": "floor_ouln", "active_pip": 0, "licensed": 1, "com_floors": [1, 2, 3], "occ_floors": [1, 3], "unknown_n": 0, "id": "1171010400101110026-1", "pnu": "1171010400101110026", "floors": 4, "height": 14.15}}, {"type": "Feature", "geometry": {"type": "Polygon", "coordinates": [[[127.1058239, 37.50539725], [127.10569897, 37.5053461], [127.1056561, 37.50542858], [127.10567387, 37.50543496], [127.10567071, 37.50544172], [127.10577018, 37.50547984], [127.1058239, 37.50539725]]]}, "properties": {"name": "석촌동 175-9", "status": "full", "capacity": 4, "active": 4, "industry": "비알코올 ", "vacancy_rate": 0.0, "vacancy_rate_lo": 0.0, "vacancy_rate_hi": 25.0, "stores": 1, "source": "stores+ledger", "capacity_method": "floor_ouln", "active_pip": 0, "licensed": 1, "com_floors": [1, 2, 3, 5], "occ_floors": [1, 2, 5], "unknown_n": 1, "id": "1171010500101750009-1", "pnu": "1171010500101750009", "floors": 6, "height": 19.65}}, {"type": "Feature", "geometry": {"type": "Polygon", "coordinates": [[[127.10949984, 37.50550112], [127.10947104, 37.50553232], [127.10945725, 37.50553233], [127.10944526, 37.50553721], [127.10943962, 37.50554604], [127.109441, 37.50555974], [127.10941333, 37.5055859], [127.1095639, 37.50569171], [127.10961898, 37.50569022], [127.10970628, 37.50560734], [127.10961934, 37.50554822], [127.10960059, 37.50556788], [127.10949984, 37.50550112]]]}, "properties": {"name": "제", "status": "full", "capacity": 3, "active": 3, "industry": "기타 교육", "vacancy_rate": 0.0, "vacancy_rate_lo": 0.0, "vacancy_rate_hi": 0.0, "stores": 7, "source": "stores+ledger", "capacity_method": "floor_ouln", "active_pip": 0, "licensed": 2, "com_floors": [1, 2, 3], "occ_floors": [1, 2, 3], "unknown_n": 0, "id": "1171010400100860000-1", "pnu": "1171010400100860000", "floors": 4, "height": 14.3}}, {"type": "Feature", "geometry": {"type": "Polygon", "coordinates": [[[127.10878509, 37.5046651], [127.10889185, 37.5047415], [127.10896899, 37.50466998], [127.1088585, 37.5045917], [127.10878509, 37.5046651]]]}, "properties": {"name": "송파동 87-4", "status": "full", "capacity": 1, "active": 1, "industry": "기타 가정용품 수리", "vacancy_rate": 0.0, "vacancy_rate_lo": 0.0, "vacancy_rate_hi": 0.0, "stores": 2, "source": "stores+ledger", "capacity_method": "floor_ouln", "active_pip": 0, "licensed": 1, "com_floors": [1], "occ_floors": [1], "unknown_n": 0, "id": "1171010400100870004-1", "pnu": "1171010400100870004", "floors": 3, "height": 9.8}}, {"type": "Feature", "geometry": {"type": "Polygon", "coordinates": [[[127.10834032, 37.50437891], [127.10846539, 37.50445241], [127.10851903, 37.50439379], [127.10847251, 37.50436599], [127.10848572, 37.50435094], [127.10839981, 37.50430209], [127.10834032, 37.50437891]]]}, "properties": {"name": "성은빌딩", "status": "full", "capacity": 3, "active": 3, "industry": "가구 소매", "vacancy_rate": 0.0, "vacancy_rate_lo": 0.0, "vacancy_rate_hi": 0.0, "stores": 2, "source": "stores+ledger", "capacity_method": "floor_ouln", "active_pip": 0, "licensed": 1, "com_floors": [1, 2, 3], "occ_floors": [1, 2, 3], "unknown_n": 0, "id": "1171010400100890000-1", "pnu": "1171010400100890000", "floors": 4, "height": 0.0}}, {"type": "Feature", "geometry": {"type": "Polygon", "coordinates": [[[127.11033856, 37.50518841], [127.11024626, 37.50525689], [127.11024485, 37.50529923], [127.11029378, 37.50534829], [127.11041229, 37.50525619], [127.11033856, 37.50518841]]]}, "properties": {"name": "송파동 112-14", "status": "full", "capacity": 2, "active": 2, "industry": "이용·미용", "vacancy_rate": 0.0, "vacancy_rate_lo": 0.0, "vacancy_rate_hi": 0.0, "stores": 5, "source": "stores+ledger", "capacity_method": "floor_ouln", "active_pip": 0, "licensed": 0, "com_floors": [1, 2], "occ_floors": [1, 2], "unknown_n": 0, "id": "1171010400101120014-1", "pnu": "1171010400101120014", "floors": 3, "height": 10.0}}, {"type": "Feature", "geometry": {"type": "Polygon", "coordinates": [[[127.10987344, 37.5052165], [127.1099503, 37.5052622], [127.10992195, 37.50529188], [127.1100021, 37.50534442], [127.11007439, 37.5052775], [127.11007411, 37.50524245], [127.10993894, 37.50515256], [127.10987344, 37.5052165]]]}, "properties": {"name": "송파동 87-21", "status": "full", "capacity": 4, "active": 4, "industry": "이용·미용", "vacancy_rate": 0.0, "vacancy_rate_lo": 0.0, "vacancy_rate_hi": 50.0, "stores": 3, "source": "stores+ledger", "capacity_method": "floor_ouln", "active_pip": 0, "licensed": 0, "com_floors": [1, 2, 3, 4], "occ_floors": [1, 3], "unknown_n": 2, "id": "1171010400100870021-1", "pnu": "1171010400100870021", "floors": 4, "height": 0.0}}, {"type": "Feature", "geometry": {"type": "Polygon", "coordinates": [[[127.10763149, 37.50583999], [127.10754793, 37.505929], [127.1077621, 37.506059], [127.10774527, 37.50607532], [127.10779033, 37.50610348], [127.10788869, 37.5059996], [127.10763149, 37.50583999]]]}, "properties": {"name": "남경빌딩", "status": "full", "capacity": 4, "active": 4, "industry": "기타 상품 소매", "vacancy_rate": 0.0, "vacancy_rate_lo": 0.0, "vacancy_rate_hi": 0.0, "stores": 4, "source": "stores+ledger", "capacity_method": "floor_ouln", "active_pip": 0, "licensed": 1, "com_floors": [1, 2, 3, 4], "occ_floors": [1, 2, 3, 4], "unknown_n": 0, "id": "1171010400100190005-1", "pnu": "1171010400100190005", "floors": 4, "height": 0.0}}, {"type": "Feature", "geometry": {"type": "Polygon", "coordinates": [[[127.1058295, 37.50495891], [127.10572499, 37.50511749], [127.10601923, 37.50524454], [127.10612294, 37.50508524], [127.1058295, 37.50495891]]]}, "properties": {"name": "석촌동 174-1", "status": "empty", "capacity": 9, "active": 0, "industry": "", "vacancy_rate": 100.0, "source": "polygon_only", "capacity_method": "floor_approx", "active_pip": 0, "licensed": 0, "id": "1171010500101740001-1", "pnu": "1171010500101740001", "floors": 9, "height": 34.9}}, {"type": "Feature", "geometry": {"type": "Polygon", "coordinates": [[[127.10851138, 37.50434253], [127.10863605, 37.50420852], [127.1085498, 37.50415869], [127.10842479, 37.50429441], [127.10851138, 37.50434253]]]}, "properties": {"name": "반석빌딩", "status": "partial", "capacity": 4, "active": 3, "industry": "가구 소매", "vacancy_rate": 25.0, "vacancy_rate_lo": 25.0, "vacancy_rate_hi": 25.0, "stores": 2, "source": "stores+ledger", "capacity_method": "floor_ouln", "active_pip": 0, "licensed": 0, "com_floors": [1, 2, 3, 4], "occ_floors": [1, 2, 3], "unknown_n": 0, "id": "1171010400100890010-1", "pnu": "1171010400100890010", "floors": 4, "height": 21.1}}, {"type": "Feature", "geometry": {"type": "Polygon", "coordinates": [[[127.10946777, 37.50569658], [127.10937662, 37.50577686], [127.10945701, 37.50583769], [127.10953168, 37.50577616], [127.10952609, 37.50574373], [127.10946777, 37.50569658]]]}, "properties": {"name": "송파동 85-11", "status": "full", "capacity": 1, "active": 1, "industry": "시계·귀금속 소매", "vacancy_rate": 0.0, "vacancy_rate_lo": 0.0, "vacancy_rate_hi": 0.0, "stores": 2, "source": "stores+ledger", "capacity_method": "floor_ouln", "active_pip": 0, "licensed": 1, "com_floors": [1], "occ_floors": [1], "unknown_n": 0, "id": "1171010400100850011-1", "pnu": "1171010400100850011", "floors": 4, "height": 0.0}}, {"type": "Feature", "geometry": {"type": "Polygon", "coordinates": [[[127.1067858, 37.50445258], [127.10666491, 37.504621], [127.10694547, 37.50474797], [127.10704817, 37.50459489], [127.10685578, 37.50451514], [127.10687135, 37.50448873], [127.1067858, 37.50445258]]]}, "properties": {"name": "대신빌딩", "status": "partial", "capacity": 5, "active": 4, "industry": "의원", "vacancy_rate": 20.0, "vacancy_rate_lo": 20.0, "vacancy_rate_hi": 40.0, "stores": 4, "source": "stores+ledger", "capacity_method": "floor_ouln", "active_pip": 0, "licensed": 1, "com_floors": [1, 2, 3, 5, 7], "occ_floors": [1, 5, 7], "unknown_n": 1, "id": "1171010500102860005-1", "pnu": "1171010500102860005", "floors": 8, "height": 41.35}}, {"type": "Feature", "geometry": {"type": "Polygon", "coordinates": [[[127.10959557, 37.50421854], [127.10952159, 37.50428763], [127.10952141, 37.50431862], [127.10959612, 37.50436775], [127.10968444, 37.50427955], [127.10959557, 37.50421854]]]}, "properties": {"name": "제", "status": "full", "capacity": 1, "active": 1, "industry": "이용·미용", "vacancy_rate": 0.0, "vacancy_rate_lo": 0.0, "vacancy_rate_hi": 0.0, "stores": 2, "source": "stores+ledger", "capacity_method": "floor_ouln", "active_pip": 0, "licensed": 0, "com_floors": [1], "occ_floors": [1], "unknown_n": 0, "id": "1171010400100910005-1", "pnu": "1171010400100910005", "floors": 4, "height": 12.3}}, {"type": "Feature", "geometry": {"type": "Polygon", "coordinates": [[[127.10739343, 37.50442563], [127.1072375, 37.50459931], [127.10732544, 37.5046487], [127.10747426, 37.5044771], [127.10739343, 37.50442563]]]}, "properties": {"name": "석촌동 286-1", "status": "full", "capacity": 2, "active": 2, "industry": "의약·화장품 소매", "vacancy_rate": 0.0, "vacancy_rate_lo": 0.0, "vacancy_rate_hi": 50.0, "stores": 3, "source": "stores+ledger", "capacity_method": "floor_ouln", "active_pip": 0, "licensed": 0, "com_floors": [1, 2], "occ_floors": [1], "unknown_n": 1, "id": "1171010500102860001-1", "pnu": "1171010500102860001", "floors": 4, "height": 14.2}}, {"type": "Feature", "geometry": {"type": "Polygon", "coordinates": [[[127.11097718, 37.50485219], [127.11093687, 37.50489323], [127.11102841, 37.50500225], [127.11109323, 37.50494056], [127.11097718, 37.50485219]]]}, "properties": {"name": "송파동 108-1", "status": "full", "capacity": 2, "active": 2, "industry": "기타 교육", "vacancy_rate": 0.0, "vacancy_rate_lo": 0.0, "vacancy_rate_hi": 0.0, "stores": 3, "source": "stores+ledger", "capacity_method": "floor_ouln", "active_pip": 0, "licensed": 0, "com_floors": [1, 2], "occ_floors": [1, 2], "unknown_n": 0, "id": "1171010400101080001-1", "pnu": "1171010400101080001", "floors": 5, "height": 0.0}}, {"type": "Feature", "geometry": {"type": "Polygon", "coordinates": [[[127.11106227, 37.50434629], [127.11111151, 37.50429975], [127.11101166, 37.50423092], [127.1109631, 37.50427664], [127.11106227, 37.50434629]]]}, "properties": {"name": "전체", "status": "partial", "capacity": 2, "active": 1, "industry": "자동차 수리·세차", "vacancy_rate": 50.0, "vacancy_rate_lo": 50.0, "vacancy_rate_hi": 50.0, "stores": 1, "source": "stores+ledger", "capacity_method": "floor_ouln", "active_pip": 0, "licensed": 0, "com_floors": [1, 5], "occ_floors": [1], "unknown_n": 0, "id": "1171010400100930003-1", "pnu": "1171010400100930003", "floors": 5, "height": 0.0}}, {"type": "Feature", "geometry": {"type": "Polygon", "coordinates": [[[127.10901673, 37.50600216], [127.10916538, 37.50610348], [127.10924479, 37.50603097], [127.1092445, 37.50599258], [127.10919696, 37.50596064], [127.10915302, 37.50600114], [127.10907274, 37.50594535], [127.10901673, 37.50600216]]]}, "properties": {"name": "송파동 84", "status": "full", "capacity": 3, "active": 3, "industry": "서양식", "vacancy_rate": 0.0, "vacancy_rate_lo": 0.0, "vacancy_rate_hi": 33.3, "stores": 4, "source": "stores+ledger", "capacity_method": "floor_ouln", "active_pip": 0, "licensed": 1, "com_floors": [1, 2, 3], "occ_floors": [1, 2], "unknown_n": 1, "id": "1171010400100840000-1", "pnu": "1171010400100840000", "floors": 3, "height": 0.0}}, {"type": "Feature", "geometry": {"type": "Polygon", "coordinates": [[[127.1091889, 37.50539617], [127.10933836, 37.50550153], [127.10942693, 37.50541921], [127.10928389, 37.50532834], [127.1091889, 37.50539617]]]}, "properties": {"name": "동광팰리스", "status": "partial", "capacity": 2, "active": 1, "industry": "한식", "vacancy_rate": 50.0, "vacancy_rate_lo": null, "vacancy_rate_hi": null, "stores": 1, "source": "stores+ledger", "capacity_method": "expos_units", "active_pip": 0, "licensed": 1, "com_floors": null, "occ_floors": null, "unknown_n": null, "id": "1171010400100860001-1", "pnu": "1171010400100860001", "floors": 8, "height": 25.5}}, {"type": "Feature", "geometry": {"type": "Polygon", "coordinates": [[[127.10718228, 37.50458269], [127.10715416, 37.50461029], [127.1071688, 37.50464163], [127.10703311, 37.50465995], [127.10697159, 37.50474542], [127.10697658, 37.50475614], [127.10698744, 37.50475811], [127.10699942, 37.50475287], [127.10701278, 37.50475908], [127.10703439, 37.50476627], [127.10706538, 37.50476768], [127.10709444, 37.50476513], [127.10721949, 37.50474096], [127.10724255, 37.50473112], [127.10725768, 37.50471579], [127.1072615, 37.50469777], [127.10727892, 37.50470235], [127.10729294, 37.50469459], [127.10730479, 37.50467845], [127.10730873, 37.50466556], [127.10730679, 37.50465718], [127.10729797, 37.50465133], [127.10718228, 37.50458269]]]}, "properties": {"name": "석촌동 286-3", "status": "partial", "capacity": 4, "active": 3, "industry": "의원", "vacancy_rate": 25.0, "vacancy_rate_lo": 25.0, "vacancy_rate_hi": 75.0, "stores": 3, "source": "stores+ledger", "capacity_method": "floor_ouln", "active_pip": 0, "licensed": 0, "com_floors": [2, 3, 4, 6], "occ_floors": [3], "unknown_n": 2, "id": "1171010500102860003-1", "pnu": "1171010500102860003", "floors": 6, "height": 26.05}}, {"type": "Feature", "geometry": {"type": "Polygon", "coordinates": [[[127.10942414, 37.50586196], [127.10919613, 37.50570647], [127.1091331, 37.50576302], [127.10914333, 37.50579725], [127.10931361, 37.50591657], [127.10935614, 37.50592166], [127.10942414, 37.50586196]]]}, "properties": {"name": "송파동 85", "status": "high", "capacity": 5, "active": 1, "industry": "", "vacancy_rate": 80.0, "source": "pip_only", "capacity_method": "floor_approx", "active_pip": 0, "licensed": 1, "id": "1171010400100850000-1", "pnu": "1171010400100850000", "floors": 5, "height": 18.1}}, {"type": "Feature", "geometry": {"type": "Polygon", "coordinates": [[[127.10939492, 37.50634819], [127.10940845, 37.50635137], [127.10942783, 37.50633451], [127.10948367, 37.50628761], [127.10931183, 37.50616125], [127.10922072, 37.50624177], [127.10922771, 37.50625982], [127.10923548, 37.50627533], [127.10924726, 37.50629094], [127.10925907, 37.50631279], [127.10926799, 37.50632283], [127.10927844, 37.50633251], [127.10929443, 37.50634322], [127.10930388, 37.5063486], [127.10931524, 37.50635257], [127.1093278, 37.5063549], [127.10933565, 37.50635568], [127.10934404, 37.50635433], [127.10934922, 37.50635236], [127.1093534, 37.50635039], [127.10935906, 37.50634862], [127.10936351, 37.50634783], [127.10937385, 37.50634645], [127.10938297, 37.50634663], [127.10939492, 37.50634819]]]}, "properties": {"name": "송파동 113-1", "status": "empty", "capacity": 4, "active": 0, "industry": "", "vacancy_rate": 100.0, "source": "polygon_only", "capacity_method": "floor_approx", "active_pip": 0, "licensed": 0, "id": "1171010400101130001-1", "pnu": "1171010400101130001", "floors": 4, "height": 17.6}}, {"type": "Feature", "geometry": {"type": "Polygon", "coordinates": [[[127.10697077, 37.50603055], [127.10699976, 37.50604562], [127.10702101, 37.50601965], [127.10699202, 37.50600459], [127.10697077, 37.50603055]]]}, "properties": {"name": "녹십초빌딩", "status": "full", "capacity": 7, "active": 7, "industry": "의원", "vacancy_rate": 0.0, "vacancy_rate_lo": 0.0, "vacancy_rate_hi": 0.0, "stores": 14, "source": "stores+ledger", "capacity_method": "floor_ouln", "active_pip": 0, "licensed": 0, "com_floors": [1, 2, 3, 4, 5, 7, 8], "occ_floors": [1, 2, 3, 4, 5, 7, 8], "unknown_n": 0, "id": "1171010400100190002-1", "pnu": "1171010400100190002", "floors": 0, "height": 0.0}}, {"type": "Feature", "geometry": {"type": "Polygon", "coordinates": [[[127.10762334, 37.50429266], [127.10754993, 37.50425189], [127.10748683, 37.50426086], [127.10738182, 37.50438086], [127.10737982, 37.50438314], [127.10749041, 37.50444456], [127.10762334, 37.50429266]]]}, "properties": {"name": "석촌동 286", "status": "high", "capacity": 6, "active": 1, "industry": "", "vacancy_rate": 83.3, "source": "pip_only", "capacity_method": "floor_approx", "active_pip": 0, "licensed": 1, "id": "1171010500102860000-1", "pnu": "1171010500102860000", "floors": 6, "height": 28.65}}, {"type": "Feature", "geometry": {"type": "Polygon", "coordinates": [[[127.11096212, 37.50446063], [127.11103993, 37.50438352], [127.11092684, 37.50430668], [127.11084631, 37.50438163], [127.11096212, 37.50446063]]]}, "properties": {"name": "송파동 93-2", "status": "full", "capacity": 2, "active": 2, "industry": "의약·화장품 소매", "vacancy_rate": 0.0, "vacancy_rate_lo": 0.0, "vacancy_rate_hi": 0.0, "stores": 5, "source": "stores+ledger", "capacity_method": "floor_ouln", "active_pip": 0, "licensed": 0, "com_floors": [1, 2], "occ_floors": [1, 2], "unknown_n": 0, "id": "1171010400100930002-1", "pnu": "1171010400100930002", "floors": 5, "height": 0.0}}, {"type": "Feature", "geometry": {"type": "Polygon", "coordinates": [[[127.11023161, 37.50498146], [127.11018882, 37.5049561], [127.11015494, 37.50498748], [127.11028694, 37.50507701], [127.11034422, 37.50503019], [127.11033465, 37.50498614], [127.11026899, 37.50494269], [127.11023161, 37.50498146]]]}, "properties": {"name": "선경빌딩", "status": "full", "capacity": 3, "active": 3, "industry": "일반 교육", "vacancy_rate": 0.0, "vacancy_rate_lo": 0.0, "vacancy_rate_hi": 0.0, "stores": 6, "source": "stores+ledger", "capacity_method": "floor_ouln", "active_pip": 0, "licensed": 2, "com_floors": [1, 2, 3], "occ_floors": [1, 2, 3], "unknown_n": 0, "id": "1171010400100880015-1", "pnu": "1171010400100880015", "floors": 4, "height": 13.45}}, {"type": "Feature", "geometry": {"type": "Polygon", "coordinates": [[[127.11102633, 37.50420513], [127.11112165, 37.50427226], [127.11120489, 37.50419785], [127.11110651, 37.50413037], [127.11102633, 37.50420513]]]}, "properties": {"name": "송파동 93-4", "status": "empty", "capacity": 5, "active": 0, "industry": "", "vacancy_rate": 100.0, "source": "polygon_only", "capacity_method": "floor_approx", "active_pip": 0, "licensed": 0, "id": "1171010400100930004-1", "pnu": "1171010400100930004", "floors": 5, "height": 13.2}}, {"type": "Feature", "geometry": {"type": "Polygon", "coordinates": [[[127.10560159, 37.50486029], [127.1055393, 37.50495787], [127.10568194, 37.50501567], [127.10574423, 37.50491809], [127.10560159, 37.50486029]]]}, "properties": {"name": "석촌동 174-4", "status": "full", "capacity": 2, "active": 2, "industry": "중식", "vacancy_rate": 0.0, "vacancy_rate_lo": 0.0, "vacancy_rate_hi": 0.0, "stores": 1, "source": "stores+ledger", "capacity_method": "floor_ouln", "active_pip": 0, "licensed": 1, "com_floors": [1, 2], "occ_floors": [1, 2], "unknown_n": 0, "id": "1171010500101740004-1", "pnu": "1171010500101740004", "floors": 2, "height": 8.9}}, {"type": "Feature", "geometry": {"type": "Polygon", "coordinates": [[[127.10752441, 37.50577161], [127.10744006, 37.50586576], [127.10753808, 37.5059227], [127.10762095, 37.50582568], [127.10752441, 37.50577161]]]}, "properties": {"name": "송파동 19-4", "status": "full", "capacity": 3, "active": 3, "industry": "종합 소매", "vacancy_rate": 0.0, "vacancy_rate_lo": 0.0, "vacancy_rate_hi": 33.3, "stores": 5, "source": "stores+ledger", "capacity_method": "floor_ouln", "active_pip": 0, "licensed": 1, "com_floors": [1, 2, 4], "occ_floors": [1, 2], "unknown_n": 1, "id": "1171010400100190004-1", "pnu": "1171010400100190004", "floors": 4, "height": 14.5}}, {"type": "Feature", "geometry": {"type": "Polygon", "coordinates": [[[127.10793521, 37.50602803], [127.10783831, 37.50612542], [127.10797958, 37.50620882], [127.10806958, 37.50611539], [127.10793521, 37.50602803]]]}, "properties": {"name": "우성빌딩", "status": "partial", "capacity": 6, "active": 4, "industry": "의약·화장품 소매", "vacancy_rate": 33.3, "vacancy_rate_lo": 33.3, "vacancy_rate_hi": 66.7, "stores": 4, "source": "stores+ledger", "capacity_method": "floor_ouln", "active_pip": 0, "licensed": 0, "com_floors": [1, 2, 3, 4, 5, 6], "occ_floors": [2, 6], "unknown_n": 2, "id": "1171010400100190006-1", "pnu": "1171010400100190006", "floors": 6, "height": 20.4}}, {"type": "Feature", "geometry": {"type": "Polygon", "coordinates": [[[127.10836805, 37.50540738], [127.1082813, 37.50548999], [127.10836474, 37.50554731], [127.10844707, 37.50546885], [127.10836805, 37.50540738]]]}, "properties": {"name": "대영빌딩", "status": "full", "capacity": 4, "active": 4, "industry": "이용·미용", "vacancy_rate": 0.0, "vacancy_rate_lo": 0.0, "vacancy_rate_hi": 50.0, "stores": 2, "source": "stores+ledger", "capacity_method": "floor_ouln", "active_pip": 0, "licensed": 1, "com_floors": [1, 2, 3, 4], "occ_floors": [1, 2], "unknown_n": 2, "id": "1171010400100840005-1", "pnu": "1171010400100840005", "floors": 4, "height": 0.0}}, {"type": "Feature", "geometry": {"type": "Polygon", "coordinates": [[[127.10620862, 37.50673066], [127.10603528, 37.50692003], [127.10612968, 37.50697328], [127.10629804, 37.50678203], [127.10620862, 37.50673066]]]}, "properties": {"name": "송파동 15-6", "status": "empty", "capacity": 3, "active": 0, "industry": "", "vacancy_rate": 100.0, "source": "polygon_only", "capacity_method": "floor_approx", "active_pip": 0, "licensed": 0, "id": "1171010400100150006-1", "pnu": "1171010400100150006", "floors": 3, "height": 14.6}}, {"type": "Feature", "geometry": {"type": "Polygon", "coordinates": [[[127.1086771, 37.50677878], [127.1086109, 37.50675452], [127.10852969, 37.50682758], [127.10858788, 37.50686888], [127.1086771, 37.50677878]]]}, "properties": {"name": "송파동 21-6", "status": "full", "capacity": 3, "active": 3, "industry": "유원지·오락", "vacancy_rate": 0.0, "vacancy_rate_lo": 0.0, "vacancy_rate_hi": 0.0, "stores": 3, "source": "stores+ledger", "capacity_method": "floor_ouln", "active_pip": 0, "licensed": 2, "com_floors": [1, 2, 3], "occ_floors": [1, 2, 3], "unknown_n": 0, "id": "1171010400100210006-1", "pnu": "1171010400100210006", "floors": 4, "height": 12.8}}, {"type": "Feature", "geometry": {"type": "Polygon", "coordinates": [[[127.10650313, 37.5083987], [127.10646497, 37.50837026], [127.10638985, 37.50843709], [127.10648203, 37.50851341], [127.1065215, 37.50851347], [127.10662486, 37.50842256], [127.10654402, 37.50836109], [127.10650313, 37.5083987]]]}, "properties": {"name": "송파동 11-1", "status": "full", "capacity": 4, "active": 4, "industry": "의약·화장품 소매", "vacancy_rate": 0.0, "vacancy_rate_lo": null, "vacancy_rate_hi": null, "stores": 4, "source": "stores+ledger", "capacity_method": "expos_units", "active_pip": 0, "licensed": 4, "com_floors": null, "occ_floors": null, "unknown_n": null, "id": "1171010400100110001-1", "pnu": "1171010400100110001", "floors": 5, "height": 0.0}}, {"type": "Feature", "geometry": {"type": "Polygon", "coordinates": [[[127.10559381, 37.50640505], [127.10568278, 37.50645705], [127.10580677, 37.50632404], [127.10571068, 37.50626979], [127.10559381, 37.50640505]]]}, "properties": {"name": "석촌동 174-15", "status": "full", "capacity": 4, "active": 4, "industry": "의약·화장품 소매", "vacancy_rate": 0.0, "vacancy_rate_lo": 0.0, "vacancy_rate_hi": 50.0, "stores": 5, "source": "stores+ledger", "capacity_method": "floor_ouln", "active_pip": 0, "licensed": 0, "com_floors": [1, 2, 3, 4], "occ_floors": [1, 3], "unknown_n": 2, "id": "1171010500101740015-1", "pnu": "1171010500101740015", "floors": 4, "height": 0.0}}, {"type": "Feature", "geometry": {"type": "Polygon", "coordinates": [[[127.10740184, 37.50753166], [127.10730233, 37.50762167], [127.10739777, 37.50769375], [127.1075026, 37.50760085], [127.10740184, 37.50753166]]]}, "properties": {"name": "송파동 14-3", "status": "high", "capacity": 3, "active": 1, "industry": "이용·미용", "vacancy_rate": 66.7, "vacancy_rate_lo": 66.7, "vacancy_rate_hi": 66.7, "stores": 2, "source": "stores+ledger", "capacity_method": "floor_ouln", "active_pip": 0, "licensed": 1, "com_floors": [1, 5, 6], "occ_floors": [1], "unknown_n": 0, "id": "1171010400100140003-1", "pnu": "1171010400100140003", "floors": 6, "height": 18.0}}, {"type": "Feature", "geometry": {"type": "Polygon", "coordinates": [[[127.10635636, 37.50866887], [127.10643746, 37.50859337], [127.10643718, 37.50855202], [127.10636268, 37.50849766], [127.10629558, 37.50855323], [127.10631777, 37.5085697], [127.106277, 37.50861064], [127.10635636, 37.50866887]]]}, "properties": {"name": "티에스티빌딩", "status": "full", "capacity": 3, "active": 3, "industry": "일식", "vacancy_rate": 0.0, "vacancy_rate_lo": 0.0, "vacancy_rate_hi": 66.7, "stores": 4, "source": "stores+ledger", "capacity_method": "floor_ouln", "active_pip": 0, "licensed": 2, "com_floors": [1, 3, 4], "occ_floors": [1], "unknown_n": 2, "id": "1171010400100100007-1", "pnu": "1171010400100100007", "floors": 4, "height": 12.6}}, {"type": "Feature", "geometry": {"type": "Polygon", "coordinates": [[[127.1073882, 37.50621756], [127.10744116, 37.50616147], [127.10732183, 37.50607832], [127.10726004, 37.50613343], [127.1073882, 37.50621756]]]}, "properties": {"name": "건원빌딩", "status": "full", "capacity": 3, "active": 3, "industry": "철물·건설자재 소매", "vacancy_rate": 0.0, "vacancy_rate_lo": 0.0, "vacancy_rate_hi": 0.0, "stores": 2, "source": "stores+ledger", "capacity_method": "floor_ouln", "active_pip": 0, "licensed": 0, "com_floors": [1, 5, 6], "occ_floors": [1, 5, 6], "unknown_n": 0, "id": "1171010400100180000-1", "pnu": "1171010400100180000", "floors": 7, "height": 20.2}}, {"type": "Feature", "geometry": {"type": "Polygon", "coordinates": [[[127.10748468, 37.50748473], [127.10750369, 37.50749742], [127.10749161, 37.50751131], [127.10756451, 37.50755791], [127.1076202, 37.50750641], [127.10762094, 37.50746938], [127.10755188, 37.50742431], [127.10748468, 37.50748473]]]}, "properties": {"name": "부림빌딩", "status": "full", "capacity": 5, "active": 5, "industry": "일반 숙박", "vacancy_rate": 0.0, "vacancy_rate_lo": 0.0, "vacancy_rate_hi": 40.0, "stores": 5, "source": "stores+ledger", "capacity_method": "floor_ouln", "active_pip": 0, "licensed": 2, "com_floors": [1, 2, 3, 4, 6], "occ_floors": [1, 2, 3], "unknown_n": 2, "id": "1171010400100140018-1", "pnu": "1171010400100140018", "floors": 6, "height": 18.5}}, {"type": "Feature", "geometry": {"type": "Polygon", "coordinates": [[[127.10657702, 37.50865533], [127.10651719, 37.50866088], [127.10643959, 37.50872898], [127.10654477, 37.50880906], [127.10664903, 37.50871428], [127.10657702, 37.50865533]]]}, "properties": {"name": "평안", "status": "full", "capacity": 2, "active": 2, "industry": "이용·미용", "vacancy_rate": 0.0, "vacancy_rate_lo": 0.0, "vacancy_rate_hi": 0.0, "stores": 2, "source": "stores+ledger", "capacity_method": "floor_ouln", "active_pip": 0, "licensed": 1, "com_floors": [1, 2], "occ_floors": [1, 2], "unknown_n": 0, "id": "1171010400100280014-1", "pnu": "1171010400100280014", "floors": 5, "height": 14.4}}, {"type": "Feature", "geometry": {"type": "Polygon", "coordinates": [[[127.10627666, 37.50821798], [127.10619646, 37.50828185], [127.10628014, 37.50834881], [127.10636588, 37.50827818], [127.10627666, 37.50821798]]]}, "properties": {"name": "스투바이", "status": "partial", "capacity": 4, "active": 3, "industry": "비알코올 ", "vacancy_rate": 25.0, "vacancy_rate_lo": 25.0, "vacancy_rate_hi": 25.0, "stores": 3, "source": "stores+ledger", "capacity_method": "floor_ouln", "active_pip": 0, "licensed": 3, "com_floors": [1, 2, 3, 4], "occ_floors": [1, 2, 4], "unknown_n": 0, "id": "1171010400100110010-1", "pnu": "1171010400100110010", "floors": 2, "height": 0.0}}, {"type": "Feature", "geometry": {"type": "Polygon", "coordinates": [[[127.10607484, 37.50706047], [127.10598395, 37.50701126], [127.10590253, 37.50710026], [127.10599467, 37.50715361], [127.10607484, 37.50706047]]]}, "properties": {"name": "송파동 15-9", "status": "empty", "capacity": 4, "active": 0, "industry": "", "vacancy_rate": 100.0, "source": "polygon_only", "capacity_method": "floor_approx", "active_pip": 0, "licensed": 0, "id": "1171010400100150009-1", "pnu": "1171010400100150009", "floors": 4, "height": 17.4}}, {"type": "Feature", "geometry": {"type": "Polygon", "coordinates": [[[127.10607836, 37.5086651], [127.10620357, 37.50876285], [127.10630252, 37.50868241], [127.10617732, 37.50858466], [127.10607836, 37.5086651]]]}, "properties": {"name": "지건", "status": "full", "capacity": 4, "active": 4, "industry": "비알코올 ", "vacancy_rate": 0.0, "vacancy_rate_lo": null, "vacancy_rate_hi": null, "stores": 4, "source": "stores+ledger", "capacity_method": "expos_units", "active_pip": 0, "licensed": 3, "com_floors": null, "occ_floors": null, "unknown_n": null, "id": "1171010400100100001-1", "pnu": "1171010400100100001", "floors": 5, "height": 19.3}}, {"type": "Feature", "geometry": {"type": "Polygon", "coordinates": [[[127.10681626, 37.50852645], [127.10684507, 37.50849768], [127.10686532, 37.50851064], [127.10693275, 37.50844363], [127.10686413, 37.5083891], [127.10681381, 37.50839581], [127.1067335, 37.50846544], [127.10681626, 37.50852645]]]}, "properties": {"name": "제", "status": "partial", "capacity": 2, "active": 1, "industry": "종합 소매", "vacancy_rate": 50.0, "vacancy_rate_lo": 50.0, "vacancy_rate_hi": 50.0, "stores": 2, "source": "stores+ledger", "capacity_method": "floor_ouln", "active_pip": 0, "licensed": 2, "com_floors": [1, 2], "occ_floors": [1], "unknown_n": 0, "id": "1171010400100270008-1", "pnu": "1171010400100270008", "floors": 3, "height": 7.95}}, {"type": "Feature", "geometry": {"type": "Polygon", "coordinates": [[[127.10660334, 37.50807394], [127.10672538, 37.50816911], [127.10672111, 37.5081726], [127.10677039, 37.50820976], [127.10679966, 37.50818594], [127.10681139, 37.50819508], [127.10687903, 37.50814003], [127.10681882, 37.50809308], [127.10679347, 37.50811371], [127.10667142, 37.50801854], [127.10660334, 37.50807394]]]}, "properties": {"name": "송파동 12-2", "status": "high", "capacity": 5, "active": 1, "industry": "", "vacancy_rate": 80.0, "source": "pip_only", "capacity_method": "floor_approx", "active_pip": 0, "licensed": 1, "id": "1171010400100120002-1", "pnu": "1171010400100120002", "floors": 5, "height": 14.1}}, {"type": "Feature", "geometry": {"type": "Polygon", "coordinates": [[[127.10985106, 37.50777863], [127.1099668, 37.507877], [127.11005369, 37.507817], [127.11007419, 37.50783392], [127.11004822, 37.50786593], [127.1100754, 37.50789158], [127.11021753, 37.50778846], [127.11019771, 37.50777136], [127.11018245, 37.50777516], [127.11013813, 37.50779601], [127.11011822, 37.50777864], [127.11013095, 37.50775584], [127.1101327, 37.50771448], [127.11012057, 37.50769323], [127.11009962, 37.50767649], [127.11007122, 37.50766759], [127.11005041, 37.50766698], [127.11001953, 37.5076681], [127.10998799, 37.50767731], [127.10985106, 37.50777863]]]}, "properties": {"name": "천마빌딩", "status": "partial", "capacity": 4, "active": 3, "industry": "일반 교육", "vacancy_rate": 25.0, "vacancy_rate_lo": 25.0, "vacancy_rate_hi": 50.0, "stores": 3, "source": "stores+ledger", "capacity_method": "floor_ouln", "active_pip": 0, "licensed": 1, "com_floors": [1, 2, 3, 4], "occ_floors": [2, 4], "unknown_n": 1, "id": "1171010400100200009-1", "pnu": "1171010400100200009", "floors": 9, "height": 38.98}}, {"type": "Feature", "geometry": {"type": "Polygon", "coordinates": [[[127.10953693, 37.50627811], [127.10977386, 37.50611183], [127.10976978, 37.50610284], [127.10991214, 37.50600611], [127.10992221, 37.50601133], [127.1100935, 37.50589188], [127.11003416, 37.50583877], [127.11004737, 37.50582588], [127.10993956, 37.50572831], [127.1099538, 37.50571965], [127.10991382, 37.5056831], [127.10957159, 37.50591958], [127.10959617, 37.50594595], [127.10953936, 37.50599673], [127.10943987, 37.50610242], [127.10943274, 37.50609765], [127.10938297, 37.50617158], [127.1094047, 37.50618597], [127.10941487, 37.50617921], [127.10953693, 37.50627811]]]}, "properties": {"name": "송파여성문화회관", "status": "high", "capacity": 9, "active": 3, "industry": "기타 교육", "vacancy_rate": 66.7, "vacancy_rate_lo": null, "vacancy_rate_hi": null, "stores": 3, "source": "stores+ledger", "capacity_method": "expos_units", "active_pip": 0, "licensed": 3, "com_floors": null, "occ_floors": null, "unknown_n": null, "id": "1171010400101130002-1", "pnu": "1171010400101130002", "floors": 6, "height": 29.2}}, {"type": "Feature", "geometry": {"type": "Polygon", "coordinates": [[[127.10885731, 37.50587914], [127.10901512, 37.50598333], [127.10907679, 37.50592742], [127.10895679, 37.50584535], [127.1089892, 37.50581343], [127.1089532, 37.50578634], [127.10885731, 37.50587914]]]}, "properties": {"name": "송파동 84-1", "status": "full", "capacity": 4, "active": 4, "industry": "의원", "vacancy_rate": 0.0, "vacancy_rate_lo": 0.0, "vacancy_rate_hi": 25.0, "stores": 7, "source": "stores+ledger", "capacity_method": "floor_ouln", "active_pip": 0, "licensed": 1, "com_floors": [1, 2, 3, 5], "occ_floors": [1, 2, 3], "unknown_n": 1, "id": "1171010400100840001-1", "pnu": "1171010400100840001", "floors": 5, "height": 0.0}}, {"type": "Feature", "geometry": {"type": "Polygon", "coordinates": [[[127.10717572, 37.50822203], [127.10723107, 37.50817153], [127.10715352, 37.50812177], [127.10713102, 37.5081217], [127.1071049, 37.50813236], [127.10702561, 37.50820307], [127.10710882, 37.50826237], [127.10716372, 37.50821123], [127.10717572, 37.50822203]]]}, "properties": {"name": "송파동 26-7", "status": "full", "capacity": 1, "active": 1, "industry": "한식", "vacancy_rate": 0.0, "vacancy_rate_lo": 0.0, "vacancy_rate_hi": 0.0, "stores": 1, "source": "stores+ledger", "capacity_method": "floor_ouln", "active_pip": 0, "licensed": 1, "com_floors": [1], "occ_floors": [1], "unknown_n": 0, "id": "1171010400100260007-1", "pnu": "1171010400100260007", "floors": 2, "height": 0.0}}, {"type": "Feature", "geometry": {"type": "Polygon", "coordinates": [[[127.10715226, 37.50620867], [127.10703848, 37.50613173], [127.1070098, 37.50616483], [127.10700323, 37.50615889], [127.10696958, 37.50619596], [127.1070905, 37.50628116], [127.10715226, 37.50620867]]]}, "properties": {"name": "송파동 17-17", "status": "full", "capacity": 2, "active": 2, "industry": "기타 가정용품 수리", "vacancy_rate": 0.0, "vacancy_rate_lo": 0.0, "vacancy_rate_hi": 0.0, "stores": 4, "source": "stores+ledger", "capacity_method": "floor_ouln", "active_pip": 0, "licensed": 2, "com_floors": [1, 2], "occ_floors": [1, 2], "unknown_n": 0, "id": "1171010400100170017-1", "pnu": "1171010400100170017", "floors": 4, "height": 11.5}}, {"type": "Feature", "geometry": {"type": "Polygon", "coordinates": [[[127.10713682, 37.50783455], [127.10703099, 37.50793466], [127.10707765, 37.50797128], [127.10712842, 37.50796655], [127.10720804, 37.50788404], [127.10713682, 37.50783455]]]}, "properties": {"name": "송파동 13-18", "status": "full", "capacity": 3, "active": 3, "industry": "이용·미용", "vacancy_rate": 0.0, "vacancy_rate_lo": 0.0, "vacancy_rate_hi": 0.0, "stores": 6, "source": "stores+ledger", "capacity_method": "floor_ouln", "active_pip": 0, "licensed": 3, "com_floors": [1, 2, 3], "occ_floors": [1, 2, 3], "unknown_n": 0, "id": "1171010400100130018-1", "pnu": "1171010400100130018", "floors": 5, "height": 15.7}}, {"type": "Feature", "geometry": {"type": "Polygon", "coordinates": [[[127.11024097, 37.50850366], [127.11016831, 37.50854481], [127.11023211, 37.50863089], [127.11034038, 37.50857664], [127.11030549, 37.50853478], [127.11027271, 37.50854796], [127.11024097, 37.50850366]]]}, "properties": {"name": "송파동 46-13", "status": "full", "capacity": 2, "active": 2, "industry": "이용·미용", "vacancy_rate": 0.0, "vacancy_rate_lo": 0.0, "vacancy_rate_hi": 100.0, "stores": 2, "source": "stores+ledger", "capacity_method": "floor_ouln", "active_pip": 0, "licensed": 1, "com_floors": [1, 2], "occ_floors": [], "unknown_n": 2, "id": "1171010400100460013-1", "pnu": "1171010400100460013", "floors": 2, "height": 0.0}}, {"type": "Feature", "geometry": {"type": "Polygon", "coordinates": [[[127.1070125, 37.5082129], [127.10690914, 37.50830193], [127.10691405, 37.50833697], [127.10698154, 37.50839024], [127.10710535, 37.50828517], [127.1070125, 37.5082129]]]}, "properties": {"name": "송파동 26", "status": "full", "capacity": 4, "active": 4, "industry": "기타 교육", "vacancy_rate": 0.0, "vacancy_rate_lo": 0.0, "vacancy_rate_hi": 0.0, "stores": 6, "source": "stores+ledger", "capacity_method": "floor_ouln", "active_pip": 0, "licensed": 3, "com_floors": [1, 2, 3, 4], "occ_floors": [1, 2, 3, 4], "unknown_n": 0, "id": "1171010400100260000-1", "pnu": "1171010400100260000", "floors": 4, "height": 13.3}}, {"type": "Feature", "geometry": {"type": "Polygon", "coordinates": [[[127.1063503, 37.50550977], [127.1062, 37.50567505], [127.10632428, 37.50574594], [127.10647493, 37.50558489], [127.1063503, 37.50550977]]]}, "properties": {"name": "덕일빌딩", "status": "partial", "capacity": 8, "active": 7, "industry": "의원", "vacancy_rate": 12.5, "vacancy_rate_lo": 12.5, "vacancy_rate_hi": 25.0, "stores": 7, "source": "stores+ledger", "capacity_method": "floor_ouln", "active_pip": 0, "licensed": 2, "com_floors": [1, 2, 3, 4, 5, 6, 7, 8], "occ_floors": [1, 2, 3, 4, 5, 6], "unknown_n": 1, "id": "1171010500101740010-1", "pnu": "1171010500101740010", "floors": 8, "height": 28.2}}, {"type": "Feature", "geometry": {"type": "Polygon", "coordinates": [[[127.11017333, 37.50556879], [127.11007944, 37.50563862], [127.11020344, 37.50574789], [127.11029145, 37.50568067], [127.11017333, 37.50556879]]]}, "properties": {"name": "성현빌딩", "status": "full", "capacity": 3, "active": 3, "industry": "일반 교육", "vacancy_rate": 0.0, "vacancy_rate_lo": 0.0, "vacancy_rate_hi": 0.0, "stores": 8, "source": "stores+ledger", "capacity_method": "floor_ouln", "active_pip": 0, "licensed": 1, "com_floors": [1, 2, 3], "occ_floors": [1, 2, 3], "unknown_n": 0, "id": "1171010400101110028-1", "pnu": "1171010400101110028", "floors": 4, "height": 13.3}}, {"type": "Feature", "geometry": {"type": "Polygon", "coordinates": [[[127.10834043, 37.50468804], [127.1082746, 37.50476072], [127.10828334, 37.50478423], [127.10836993, 37.50483028], [127.10843237, 37.50476013], [127.10841086, 37.50474753], [127.10842316, 37.50472779], [127.10834043, 37.50468804]]]}, "properties": {"name": "송파동 86-4", "status": "empty", "capacity": 3, "active": 0, "industry": "", "vacancy_rate": 100.0, "source": "polygon_only", "capacity_method": "floor_approx", "active_pip": 0, "licensed": 0, "id": "1171010400100860004-1", "pnu": "1171010400100860004", "floors": 3, "height": 9.1}}, {"type": "Feature", "geometry": {"type": "Polygon", "coordinates": [[[127.11018895, 37.5054922], [127.11025272, 37.50545567], [127.11016949, 37.50536326], [127.11011461, 37.50539864], [127.11018895, 37.5054922]]]}, "properties": {"name": "명칭없음", "status": "high", "capacity": 3, "active": 1, "industry": "가전·통신 소매", "vacancy_rate": 66.7, "vacancy_rate_lo": null, "vacancy_rate_hi": null, "stores": 1, "source": "stores+ledger", "capacity_method": "expos_units", "active_pip": 0, "licensed": 0, "com_floors": null, "occ_floors": null, "unknown_n": null, "id": "1171010400101110018-1", "pnu": "1171010400101110018", "floors": 5, "height": 16.0}}, {"type": "Feature", "geometry": {"type": "Polygon", "coordinates": [[[127.10626113, 37.50443278], [127.10630988, 37.50435931], [127.10614828, 37.50429242], [127.10615571, 37.5042689], [127.10615387, 37.50424799], [127.10614207, 37.50422089], [127.10611387, 37.50419613], [127.10611624, 37.50418766], [127.10607857, 37.50418067], [127.10603888, 37.50418404], [127.10600056, 37.50419749], [127.10597413, 37.50422257], [127.10596388, 37.50425501], [127.10596844, 37.5042842], [127.10598884, 37.50430896], [127.10601035, 37.50432813], [127.10603717, 37.50434333], [127.10626113, 37.50443278]]]}, "properties": {"name": "우전빌딩", "status": "full", "capacity": 5, "active": 5, "industry": "의원", "vacancy_rate": 0.0, "vacancy_rate_lo": 0.0, "vacancy_rate_hi": 20.0, "stores": 8, "source": "stores+ledger", "capacity_method": "floor_ouln", "active_pip": 0, "licensed": 0, "com_floors": [1, 2, 4, 5, 6], "occ_floors": [1, 4, 5, 6], "unknown_n": 1, "id": "1171010500102860009-1", "pnu": "1171010500102860009", "floors": 7, "height": 29.3}}, {"type": "Feature", "geometry": {"type": "Polygon", "coordinates": [[[127.10967212, 37.50541407], [127.10962104, 37.50545987], [127.10966501, 37.50549098], [127.10963873, 37.50551456], [127.10964887, 37.50552174], [127.10962783, 37.50554061], [127.10969295, 37.50558668], [127.10976943, 37.50551809], [127.10976667, 37.50548098], [127.10967212, 37.50541407]]]}, "properties": {"name": "송파동 86-10", "status": "full", "capacity": 4, "active": 4, "industry": "의원", "vacancy_rate": 0.0, "vacancy_rate_lo": 0.0, "vacancy_rate_hi": 25.0, "stores": 4, "source": "stores+ledger", "capacity_method": "floor_ouln", "active_pip": 0, "licensed": 2, "com_floors": [1, 2, 3, 7], "occ_floors": [1, 3, 7], "unknown_n": 1, "id": "1171010400100860010-1", "pnu": "1171010400100860010", "floors": 7, "height": 25.5}}, {"type": "Feature", "geometry": {"type": "Polygon", "coordinates": [[[127.11112985, 37.50446236], [127.11124917, 37.5045455], [127.11130553, 37.50449283], [127.11118383, 37.50440915], [127.11112985, 37.50446236]]]}, "properties": {"name": "송파동 108-4", "status": "full", "capacity": 1, "active": 1, "industry": "기타 간이", "vacancy_rate": 0.0, "vacancy_rate_lo": 0.0, "vacancy_rate_hi": 0.0, "stores": 1, "source": "stores+ledger", "capacity_method": "floor_ouln", "active_pip": 0, "licensed": 1, "com_floors": [1], "occ_floors": [1], "unknown_n": 0, "id": "1171010400101080004-1", "pnu": "1171010400101080004", "floors": 3, "height": 9.5}}, {"type": "Feature", "geometry": {"type": "Polygon", "coordinates": [[[127.1082699, 37.50503473], [127.10817504, 37.50497427], [127.10809981, 37.50504092], [127.10819288, 37.50510985], [127.1082699, 37.50503473]]]}, "properties": {"name": "송파동 85-4", "status": "empty", "capacity": 8, "active": 0, "industry": "", "vacancy_rate": 100.0, "source": "polygon_only", "capacity_method": "floor_approx", "active_pip": 0, "licensed": 0, "id": "1171010400100850004-1", "pnu": "1171010400100850004", "floors": 8, "height": 25.2}}, {"type": "Feature", "geometry": {"type": "Polygon", "coordinates": [[[127.11061212, 37.50493714], [127.11052174, 37.50500434], [127.11052057, 37.50505606], [127.11061683, 37.50514319], [127.11069479, 37.50509095], [127.11062821, 37.50503902], [127.11068369, 37.50499978], [127.11061212, 37.50493714]]]}, "properties": {"name": "송파동 111-11", "status": "full", "capacity": 3, "active": 3, "industry": "비알코올 ", "vacancy_rate": 0.0, "vacancy_rate_lo": 0.0, "vacancy_rate_hi": 66.7, "stores": 5, "source": "stores+ledger", "capacity_method": "floor_ouln", "active_pip": 0, "licensed": 2, "com_floors": [1, 2, 3], "occ_floors": [1], "unknown_n": 2, "id": "1171010400101110011-1", "pnu": "1171010400101110011", "floors": 4, "height": 0.0}}, {"type": "Feature", "geometry": {"type": "Polygon", "coordinates": [[[127.10619387, 37.50541737], [127.10626358, 37.50544677], [127.1062956, 37.50538386], [127.10623098, 37.5053522], [127.10619387, 37.50541737]]]}, "properties": {"name": "태문빌딩", "status": "full", "capacity": 8, "active": 8, "industry": "의원", "vacancy_rate": 0.0, "vacancy_rate_lo": 0.0, "vacancy_rate_hi": 0.0, "stores": 16, "source": "stores+ledger", "capacity_method": "floor_ouln", "active_pip": 0, "licensed": 0, "com_floors": [1, 2, 3, 4, 5, 7, 9, 10], "occ_floors": [1, 2, 3, 4, 5, 7, 9, 10], "unknown_n": 0, "id": "1171010500101740002-2", "pnu": "1171010500101740002", "floors": 0, "height": 0.0}}, {"type": "Feature", "geometry": {"type": "Polygon", "coordinates": [[[127.1063311, 37.50432929], [127.10636258, 37.50427259], [127.1063035, 37.50424885], [127.10626932, 37.5043061], [127.1063311, 37.50432929]]]}, "properties": {"name": "우전빌딩", "status": "full", "capacity": 5, "active": 5, "industry": "의원", "vacancy_rate": 0.0, "vacancy_rate_lo": 0.0, "vacancy_rate_hi": 20.0, "stores": 8, "source": "stores+ledger", "capacity_method": "floor_ouln", "active_pip": 0, "licensed": 0, "com_floors": [1, 2, 4, 5, 6], "occ_floors": [1, 4, 5, 6], "unknown_n": 1, "id": "1171010500102860009-2", "pnu": "1171010500102860009", "floors": 0, "height": 0.0}}, {"type": "Feature", "geometry": {"type": "Polygon", "coordinates": [[[127.10719033, 37.50581898], [127.10719465, 37.50583931], [127.10724778, 37.50583214], [127.10724345, 37.50581181], [127.10719033, 37.50581898]]]}, "properties": {"name": "녹십초빌딩", "status": "full", "capacity": 7, "active": 7, "industry": "의원", "vacancy_rate": 0.0, "vacancy_rate_lo": 0.0, "vacancy_rate_hi": 0.0, "stores": 14, "source": "stores+ledger", "capacity_method": "floor_ouln", "active_pip": 0, "licensed": 0, "com_floors": [1, 2, 3, 4, 5, 7, 8], "occ_floors": [1, 2, 3, 4, 5, 7, 8], "unknown_n": 0, "id": "1171010400100190002-2", "pnu": "1171010400100190002", "floors": 0, "height": 0.0}}, {"type": "Feature", "geometry": {"type": "Polygon", "coordinates": [[[127.10743372, 37.50570565], [127.10724681, 37.50572979], [127.10727619, 37.50587861], [127.10737458, 37.50587204], [127.10736035, 37.50580285], [127.10738986, 37.50580166], [127.10738416, 37.50577057], [127.10744839, 37.50576375], [127.10743372, 37.50570565]]]}, "properties": {"name": "송파동 19-3", "status": "empty", "capacity": 3, "active": 0, "industry": "", "vacancy_rate": 100.0, "source": "polygon_only", "capacity_method": "floor_approx", "active_pip": 0, "licensed": 0, "id": "1171010400100190003-1", "pnu": "1171010400100190003", "floors": 3, "height": 0.0}}, {"type": "Feature", "geometry": {"type": "Polygon", "coordinates": [[[127.108423, 37.50665648], [127.10832724, 37.50675487], [127.10840332, 37.5068021], [127.10847797, 37.50673527], [127.10848095, 37.50668634], [127.108423, 37.50665648]]]}, "properties": {"name": "태원빌딩", "status": "full", "capacity": 2, "active": 2, "industry": "주점", "vacancy_rate": 0.0, "vacancy_rate_lo": 0.0, "vacancy_rate_hi": 0.0, "stores": 2, "source": "stores+ledger", "capacity_method": "floor_ouln", "active_pip": 0, "licensed": 1, "com_floors": [1, 2], "occ_floors": [1, 2], "unknown_n": 0, "id": "1171010400100180004-2", "pnu": "1171010400100180004", "floors": 5, "height": 17.0}}, {"type": "Feature", "geometry": {"type": "Polygon", "coordinates": [[[127.10655604, 37.50830251], [127.10665771, 37.50837712], [127.10673509, 37.50830938], [127.10673687, 37.5082901], [127.10664381, 37.50822378], [127.10655604, 37.50830251]]]}, "properties": {"name": "송파동 11-2", "status": "full", "capacity": 4, "active": 4, "industry": "한식", "vacancy_rate": 0.0, "vacancy_rate_lo": 0.0, "vacancy_rate_hi": 50.0, "stores": 4, "source": "stores+ledger", "capacity_method": "floor_ouln", "active_pip": 0, "licensed": 4, "com_floors": [1, 2, 3, 4], "occ_floors": [1, 2], "unknown_n": 2, "id": "1171010400100110002-1", "pnu": "1171010400100110002", "floors": 4, "height": 12.5}}, {"type": "Feature", "geometry": {"type": "Polygon", "coordinates": [[[127.10665875, 37.50688614], [127.10676348, 37.50680386], [127.10668818, 37.50674473], [127.10659012, 37.50682276], [127.10665875, 37.50688614]]]}, "properties": {"name": "아산빌딩", "status": "full", "capacity": 3, "active": 3, "industry": "서양식", "vacancy_rate": 0.0, "vacancy_rate_lo": 0.0, "vacancy_rate_hi": 0.0, "stores": 1, "source": "stores+ledger", "capacity_method": "floor_ouln", "active_pip": 0, "licensed": 1, "com_floors": [1, 2, 3], "occ_floors": [1, 2, 3], "unknown_n": 0, "id": "1171010400100140004-1", "pnu": "1171010400100140004", "floors": 5, "height": 14.28}}, {"type": "Feature", "geometry": {"type": "Polygon", "coordinates": [[[127.10805975, 37.50729608], [127.10801519, 37.50730062], [127.10792516, 37.50737666], [127.10804473, 37.50747278], [127.10808709, 37.50743454], [127.1080966, 37.50744183], [127.1081681, 37.50737968], [127.10805975, 37.50729608]]]}, "properties": {"name": "송파동 23-12", "status": "full", "capacity": 2, "active": 2, "industry": "종합 소매", "vacancy_rate": 0.0, "vacancy_rate_lo": 0.0, "vacancy_rate_hi": 100.0, "stores": 3, "source": "stores+ledger", "capacity_method": "floor_ouln", "active_pip": 0, "licensed": 0, "com_floors": [1, 2], "occ_floors": [], "unknown_n": 2, "id": "1171010400100230012-1", "pnu": "1171010400100230012", "floors": 4, "height": 0.0}}, {"type": "Feature", "geometry": {"type": "Polygon", "coordinates": [[[127.10586791, 37.50709642], [127.1057341, 37.50724736], [127.10585115, 37.50731348], [127.10598031, 37.50715948], [127.10586791, 37.50709642]]]}, "properties": {"name": "웅현빌딩", "status": "full", "capacity": 3, "active": 3, "industry": "한식", "vacancy_rate": 0.0, "vacancy_rate_lo": 0.0, "vacancy_rate_hi": 0.0, "stores": 12, "source": "stores+ledger", "capacity_method": "floor_ouln", "active_pip": 0, "licensed": 3, "com_floors": [1, 2, 3], "occ_floors": [1, 2, 3], "unknown_n": 0, "id": "1171010400100150004-1", "pnu": "1171010400100150004", "floors": 3, "height": 10.8}}, {"type": "Feature", "geometry": {"type": "Polygon", "coordinates": [[[127.10899849, 37.50703015], [127.10889237, 37.50711634], [127.10900943, 37.50720783], [127.10911556, 37.50712164], [127.10899849, 37.50703015]]]}, "properties": {"name": "송파동 21-8", "status": "empty", "capacity": 5, "active": 0, "industry": "", "vacancy_rate": 100.0, "source": "polygon_only", "capacity_method": "floor_approx", "active_pip": 0, "licensed": 0, "id": "1171010400100210008-1", "pnu": "1171010400100210008", "floors": 5, "height": 16.5}}, {"type": "Feature", "geometry": {"type": "Polygon", "coordinates": [[[127.10744213, 37.50644681], [127.10737482, 37.50651192], [127.10752177, 37.50661207], [127.10758918, 37.50654435], [127.10744213, 37.50644681]]]}, "properties": {"name": "송파동 17-6", "status": "empty", "capacity": 6, "active": 0, "industry": "", "vacancy_rate": 100.0, "source": "polygon_only", "capacity_method": "floor_approx", "active_pip": 0, "licensed": 0, "id": "1171010400100170006-1", "pnu": "1171010400100170006", "floors": 6, "height": 17.0}}, {"type": "Feature", "geometry": {"type": "Polygon", "coordinates": [[[127.10825607, 37.50751403], [127.10817304, 37.50758303], [127.1082763, 37.50766259], [127.10835154, 37.50760296], [127.10829346, 37.50756202], [127.10830656, 37.50754949], [127.10825607, 37.50751403]]]}, "properties": {"name": "송파동 23-10", "status": "full", "capacity": 1, "active": 1, "industry": "중식", "vacancy_rate": 0.0, "vacancy_rate_lo": 0.0, "vacancy_rate_hi": 0.0, "stores": 1, "source": "stores+ledger", "capacity_method": "floor_ouln", "active_pip": 0, "licensed": 1, "com_floors": [2], "occ_floors": [2], "unknown_n": 0, "id": "1171010400100230010-1", "pnu": "1171010400100230010", "floors": 2, "height": 0.0}}, {"type": "Feature", "geometry": {"type": "Polygon", "coordinates": [[[127.10795764, 37.50691865], [127.1080114, 37.50686526], [127.10788029, 37.50676943], [127.10781704, 37.50682598], [127.10795764, 37.50691865]]]}, "properties": {"name": "송파동 17-9", "status": "full", "capacity": 5, "active": 5, "industry": "섬유·의복·신발 소매", "vacancy_rate": 0.0, "vacancy_rate_lo": 0.0, "vacancy_rate_hi": 40.0, "stores": 1, "source": "stores+ledger", "capacity_method": "floor_ouln", "active_pip": 0, "licensed": 0, "com_floors": [1, 2, 3, 5, 6], "occ_floors": [1, 2, 3], "unknown_n": 2, "id": "1171010400100170009-1", "pnu": "1171010400100170009", "floors": 6, "height": 21.6}}, {"type": "Feature", "geometry": {"type": "Polygon", "coordinates": [[[127.10980816, 37.50871935], [127.10986491, 37.50879066], [127.10998802, 37.50872912], [127.10993059, 37.50865731], [127.10980816, 37.50871935]]]}, "properties": {"name": "명칭없음", "status": "full", "capacity": 1, "active": 1, "industry": "비알코올 ", "vacancy_rate": 0.0, "vacancy_rate_lo": null, "vacancy_rate_hi": null, "stores": 1, "source": "stores+ledger", "capacity_method": "expos_units", "active_pip": 0, "licensed": 1, "com_floors": null, "occ_floors": null, "unknown_n": null, "id": "1171010400100450011-1", "pnu": "1171010400100450011", "floors": 5, "height": 16.2}}, {"type": "Feature", "geometry": {"type": "Polygon", "coordinates": [[[127.10632773, 37.50753696], [127.10624661, 37.50759884], [127.10635689, 37.50768145], [127.10641959, 37.50762779], [127.10637395, 37.50759314], [127.10638604, 37.50758232], [127.10632773, 37.50753696]]]}, "properties": {"name": "지상", "status": "partial", "capacity": 2, "active": 1, "industry": "비알코올 ", "vacancy_rate": 50.0, "vacancy_rate_lo": 50.0, "vacancy_rate_hi": 50.0, "stores": 1, "source": "stores+ledger", "capacity_method": "floor_ouln", "active_pip": 0, "licensed": 1, "com_floors": [1, 2], "occ_floors": [2], "unknown_n": 0, "id": "1171010400100120006-1", "pnu": "1171010400100120006", "floors": 2, "height": 0.0}}, {"type": "Feature", "geometry": {"type": "Polygon", "coordinates": [[[127.10729568, 37.50795658], [127.10720678, 37.50803136], [127.10720503, 37.50807758], [127.10727953, 37.50812851], [127.10736878, 37.50805878], [127.10734908, 37.50804348], [127.10738161, 37.50801389], [127.10729568, 37.50795658]]]}, "properties": {"name": "덕성빌딩", "status": "full", "capacity": 2, "active": 2, "industry": "한식", "vacancy_rate": 0.0, "vacancy_rate_lo": 0.0, "vacancy_rate_hi": 0.0, "stores": 5, "source": "stores+ledger", "capacity_method": "floor_ouln", "active_pip": 0, "licensed": 3, "com_floors": [1, 2], "occ_floors": [1, 2], "unknown_n": 0, "id": "1171010400100250000-1", "pnu": "1171010400100250000", "floors": 5, "height": 0.0}}, {"type": "Feature", "geometry": {"type": "Polygon", "coordinates": [[[127.11091027, 37.50794486], [127.11106749, 37.507872], [127.11099135, 37.50778089], [127.11084444, 37.50786428], [127.11091027, 37.50794486]]]}, "properties": {"name": "송파동 134-3", "status": "partial", "capacity": 4, "active": 3, "industry": "일반 교육", "vacancy_rate": 25.0, "vacancy_rate_lo": 25.0, "vacancy_rate_hi": 50.0, "stores": 3, "source": "stores+ledger", "capacity_method": "floor_ouln", "active_pip": 0, "licensed": 0, "com_floors": [1, 2, 3, 4], "occ_floors": [2, 3], "unknown_n": 1, "id": "1171010400101340003-1", "pnu": "1171010400101340003", "floors": 4, "height": 0.0}}, {"type": "Feature", "geometry": {"type": "Polygon", "coordinates": [[[127.10957386, 37.50716152], [127.10948189, 37.50722683], [127.10950193, 37.50724447], [127.10938658, 37.5073272], [127.1095133, 37.50744413], [127.10972357, 37.50730058], [127.10957386, 37.50716152]]]}, "properties": {"name": "골재회관", "status": "partial", "capacity": 3, "active": 2, "industry": "중식", "vacancy_rate": 33.3, "vacancy_rate_lo": 33.3, "vacancy_rate_hi": 33.3, "stores": 2, "source": "stores+ledger", "capacity_method": "floor_ouln", "active_pip": 0, "licensed": 1, "com_floors": [1, 4, 5], "occ_floors": [1, 4], "unknown_n": 0, "id": "1171010400100200006-1", "pnu": "1171010400100200006", "floors": 7, "height": 27.5}}, {"type": "Feature", "geometry": {"type": "Polygon", "coordinates": [[[127.11017911, 37.50789185], [127.11032978, 37.50806028], [127.11041533, 37.50800947], [127.11026251, 37.50784041], [127.11017911, 37.50789185]]]}, "properties": {"name": "대우빌딩", "status": "full", "capacity": 5, "active": 5, "industry": "이용·미용", "vacancy_rate": 0.0, "vacancy_rate_lo": 0.0, "vacancy_rate_hi": 0.0, "stores": 10, "source": "stores+ledger", "capacity_method": "floor_ouln", "active_pip": 0, "licensed": 2, "com_floors": [1, 2, 3, 4, 5], "occ_floors": [1, 2, 3, 4, 5], "unknown_n": 0, "id": "1171010400100470009-1", "pnu": "1171010400100470009", "floors": 5, "height": 0.0}}, {"type": "Feature", "geometry": {"type": "Polygon", "coordinates": [[[127.10674216, 37.50668216], [127.10681757, 37.50674705], [127.1069268, 37.50665073], [127.10685784, 37.50658889], [127.10674216, 37.50668216]]]}, "properties": {"name": "레이크프라자", "status": "high", "capacity": 3, "active": 1, "industry": "이용·미용", "vacancy_rate": 66.7, "vacancy_rate_lo": 66.7, "vacancy_rate_hi": 66.7, "stores": 3, "source": "stores+ledger", "capacity_method": "floor_ouln", "active_pip": 0, "licensed": 0, "com_floors": [1, 2, 3], "occ_floors": [3], "unknown_n": 0, "id": "1171010400100160014-1", "pnu": "1171010400100160014", "floors": 8, "height": 23.8}}, {"type": "Feature", "geometry": {"type": "Polygon", "coordinates": [[[127.10714165, 37.50835433], [127.10705341, 37.50843244], [127.10713643, 37.50850138], [127.10715958, 37.50847559], [127.10720951, 37.50851609], [127.1073, 37.50844105], [127.10722719, 37.50838813], [127.10721127, 37.50840265], [127.10714165, 37.50835433]]]}, "properties": {"name": "송파동 26-16", "status": "empty", "capacity": 2, "active": 0, "industry": "", "vacancy_rate": 100.0, "source": "polygon_only", "capacity_method": "floor_approx", "active_pip": 0, "licensed": 0, "id": "1171010400100260016-1", "pnu": "1171010400100260016", "floors": 2, "height": 7.9}}, {"type": "Feature", "geometry": {"type": "Polygon", "coordinates": [[[127.10931968, 37.50713283], [127.10944243, 37.50723849], [127.10957585, 37.50713214], [127.10945005, 37.50702819], [127.10931968, 37.50713283]]]}, "properties": {"name": "영풍빌딩", "status": "full", "capacity": 3, "active": 3, "industry": "기타 교육", "vacancy_rate": 0.0, "vacancy_rate_lo": 0.0, "vacancy_rate_hi": 33.3, "stores": 3, "source": "stores+ledger", "capacity_method": "floor_ouln", "active_pip": 0, "licensed": 0, "com_floors": [2, 3, 5], "occ_floors": [2, 5], "unknown_n": 1, "id": "1171010400100200005-1", "pnu": "1171010400100200005", "floors": 5, "height": 18.3}}, {"type": "Feature", "geometry": {"type": "Polygon", "coordinates": [[[127.10844218, 37.50638202], [127.10839553, 37.50642657], [127.10844773, 37.50646833], [127.10843475, 37.50648564], [127.10847461, 37.50651741], [127.10845111, 37.50654041], [127.10845102, 37.50655302], [127.10845533, 37.50656122], [127.1084662, 37.50657049], [127.10855632, 37.50663987], [127.10856764, 37.50664131], [127.10857634, 37.5066376], [127.10866795, 37.5065584], [127.10866951, 37.50654336], [127.10866271, 37.50653453], [127.10844218, 37.50638202]]]}, "properties": {"name": "삼현빌딩", "status": "full", "capacity": 5, "active": 5, "industry": "이용·미용", "vacancy_rate": 0.0, "vacancy_rate_lo": 0.0, "vacancy_rate_hi": 20.0, "stores": 8, "source": "stores+ledger", "capacity_method": "floor_ouln", "active_pip": 0, "licensed": 2, "com_floors": [1, 2, 3, 4, 5], "occ_floors": [1, 2, 3, 4], "unknown_n": 1, "id": "1171010400100190009-1", "pnu": "1171010400100190009", "floors": 5, "height": 17.6}}, {"type": "Feature", "geometry": {"type": "Polygon", "coordinates": [[[127.10875194, 37.50722571], [127.10886298, 37.5071365], [127.1087741, 37.50706675], [127.10866271, 37.50715974], [127.10875194, 37.50722571]]]}, "properties": {"name": "다원빌딩", "status": "full", "capacity": 3, "active": 3, "industry": "기타 보건", "vacancy_rate": 0.0, "vacancy_rate_lo": 0.0, "vacancy_rate_hi": 33.3, "stores": 2, "source": "stores+ledger", "capacity_method": "floor_ouln", "active_pip": 0, "licensed": 0, "com_floors": [1, 3, 4], "occ_floors": [3, 4], "unknown_n": 1, "id": "1171010400100210001-1", "pnu": "1171010400100210001", "floors": 5, "height": 15.9}}, {"type": "Feature", "geometry": {"type": "Polygon", "coordinates": [[[127.1105947, 37.50822996], [127.11047771, 37.50828269], [127.11057755, 37.50841387], [127.11069249, 37.50835691], [127.1105947, 37.50822996]]]}, "properties": {"name": "향우빌딩", "status": "full", "capacity": 3, "active": 3, "industry": "일반 교육", "vacancy_rate": 0.0, "vacancy_rate_lo": 0.0, "vacancy_rate_hi": 0.0, "stores": 3, "source": "stores+ledger", "capacity_method": "floor_ouln", "active_pip": 0, "licensed": 0, "com_floors": [1, 2, 4], "occ_floors": [1, 2, 4], "unknown_n": 0, "id": "1171010400100470014-1", "pnu": "1171010400100470014", "floors": 5, "height": 18.3}}, {"type": "Feature", "geometry": {"type": "Polygon", "coordinates": [[[127.10685902, 37.50757135], [127.10699132, 37.50747554], [127.10689271, 37.50740076], [127.10677081, 37.50749727], [127.10685902, 37.50757135]]]}, "properties": {"name": "송파동 13-10", "status": "high", "capacity": 5, "active": 1, "industry": "", "vacancy_rate": 80.0, "source": "pip_only", "capacity_method": "floor_approx", "active_pip": 0, "licensed": 1, "id": "1171010400100130010-1", "pnu": "1171010400100130010", "floors": 5, "height": 13.2}}, {"type": "Feature", "geometry": {"type": "Polygon", "coordinates": [[[127.107817, 37.50711439], [127.10771647, 37.50720097], [127.10785346, 37.5073041], [127.1079244, 37.50724268], [127.10792377, 37.50719709], [127.107817, 37.50711439]]]}, "properties": {"name": "일층일부", "status": "full", "capacity": 3, "active": 3, "industry": "한식", "vacancy_rate": 0.0, "vacancy_rate_lo": 0.0, "vacancy_rate_hi": 33.3, "stores": 4, "source": "stores+ledger", "capacity_method": "floor_ouln", "active_pip": 0, "licensed": 2, "com_floors": [1, 2, 3], "occ_floors": [1, 2], "unknown_n": 1, "id": "1171010400100160006-1", "pnu": "1171010400100160006", "floors": 4, "height": 0.0}}, {"type": "Feature", "geometry": {"type": "Polygon", "coordinates": [[[127.10874498, 37.50671916], [127.10880647, 37.50677181], [127.10881427, 37.50676622], [127.10885389, 37.50679033], [127.10884564, 37.50679863], [127.10902851, 37.5069437], [127.10917232, 37.50683023], [127.10899613, 37.50668965], [127.10900347, 37.50667505], [127.10899983, 37.50666415], [127.10890315, 37.50660018], [127.10888732, 37.50660064], [127.10886979, 37.50661066], [127.10874498, 37.50671916]]]}, "properties": {"name": "황제빌딩", "status": "high", "capacity": 3, "active": 1, "industry": "식료품 소매", "vacancy_rate": 66.7, "vacancy_rate_lo": 66.7, "vacancy_rate_hi": 100.0, "stores": 1, "source": "stores+ledger", "capacity_method": "floor_ouln", "active_pip": 0, "licensed": 0, "com_floors": [1, 2, 6], "occ_floors": [], "unknown_n": 1, "id": "1171010400100200000-1", "pnu": "1171010400100200000", "floors": 6, "height": 26.4}}, {"type": "Feature", "geometry": {"type": "Polygon", "coordinates": [[[127.11122467, 37.50761795], [127.11112375, 37.50767571], [127.11111816, 37.50771725], [127.11121637, 37.50782006], [127.11130043, 37.50776556], [127.11124345, 37.50770326], [127.11128289, 37.50767665], [127.11122467, 37.50761795]]]}, "properties": {"name": "제", "status": "full", "capacity": 2, "active": 2, "industry": "이용·미용", "vacancy_rate": 0.0, "vacancy_rate_lo": 0.0, "vacancy_rate_hi": 0.0, "stores": 5, "source": "stores+ledger", "capacity_method": "floor_ouln", "active_pip": 0, "licensed": 1, "com_floors": [1, 2], "occ_floors": [1, 2], "unknown_n": 0, "id": "1171010400101330003-1", "pnu": "1171010400101330003", "floors": 3, "height": 0.0}}, {"type": "Feature", "geometry": {"type": "Polygon", "coordinates": [[[127.10799477, 37.50694628], [127.10796478, 37.50692432], [127.10791179, 37.50697149], [127.10794, 37.50699246], [127.10799477, 37.50694628]]]}, "properties": {"name": "은혜빌딩", "status": "partial", "capacity": 7, "active": 5, "industry": "의약·화장품 소매", "vacancy_rate": 28.6, "vacancy_rate_lo": null, "vacancy_rate_hi": null, "stores": 5, "source": "stores+ledger", "capacity_method": "expos_units", "active_pip": 0, "licensed": 3, "com_floors": null, "occ_floors": null, "unknown_n": null, "id": "1171010400100170003-1", "pnu": "1171010400100170003", "floors": 0, "height": 0.0}}, {"type": "Feature", "geometry": {"type": "Polygon", "coordinates": [[[127.109217, 37.50683748], [127.10905273, 37.50696008], [127.10910652, 37.5070076], [127.10914708, 37.50697702], [127.10920641, 37.50702238], [127.10933249, 37.50692883], [127.109217, 37.50683748]]]}, "properties": {"name": "상주황씨대종회빌딩", "status": "full", "capacity": 4, "active": 4, "industry": "기타 교육", "vacancy_rate": 0.0, "vacancy_rate_lo": 0.0, "vacancy_rate_hi": 25.0, "stores": 6, "source": "stores+ledger", "capacity_method": "floor_ouln", "active_pip": 0, "licensed": 1, "com_floors": [1, 2, 3, 6], "occ_floors": [1, 2, 3], "unknown_n": 1, "id": "1171010400100200002-1", "pnu": "1171010400100200002", "floors": 6, "height": 25.4}}, {"type": "Feature", "geometry": {"type": "Polygon", "coordinates": [[[127.10834646, 37.50647127], [127.10839286, 37.50650292], [127.10843288, 37.50646568], [127.10838648, 37.50643403], [127.10834646, 37.50647127]]]}, "properties": {"name": "삼현빌딩", "status": "full", "capacity": 5, "active": 5, "industry": "이용·미용", "vacancy_rate": 0.0, "vacancy_rate_lo": 0.0, "vacancy_rate_hi": 20.0, "stores": 8, "source": "stores+ledger", "capacity_method": "floor_ouln", "active_pip": 0, "licensed": 2, "com_floors": [1, 2, 3, 4, 5], "occ_floors": [1, 2, 3, 4], "unknown_n": 1, "id": "1171010400100190009-2", "pnu": "1171010400100190009", "floors": 0, "height": 0.0}}, {"type": "Feature", "geometry": {"type": "Polygon", "coordinates": [[[127.11035014, 37.50843905], [127.1104887, 37.50837116], [127.11042322, 37.50829481], [127.11029381, 37.50836071], [127.11035014, 37.50843905]]]}, "properties": {"name": "송파동 47-11", "status": "high", "capacity": 3, "active": 1, "industry": "", "vacancy_rate": 66.7, "source": "pip_only", "capacity_method": "floor_approx", "active_pip": 0, "licensed": 1, "id": "1171010400100470011-1", "pnu": "1171010400100470011", "floors": 3, "height": 10.35}}, {"type": "Feature", "geometry": {"type": "Polygon", "coordinates": [[[127.11080003, 37.50850007], [127.11070272, 37.50854792], [127.11084721, 37.50873942], [127.1109417, 37.50869321], [127.11080003, 37.50850007]]]}, "properties": {"name": "동화빌딩", "status": "full", "capacity": 2, "active": 2, "industry": "식물 소매", "vacancy_rate": 0.0, "vacancy_rate_lo": 0.0, "vacancy_rate_hi": 50.0, "stores": 5, "source": "stores+ledger", "capacity_method": "floor_ouln", "active_pip": 0, "licensed": 1, "com_floors": [1, 2], "occ_floors": [1], "unknown_n": 1, "id": "1171010400100470005-1", "pnu": "1171010400100470005", "floors": 4, "height": 16.0}}, {"type": "Feature", "geometry": {"type": "Polygon", "coordinates": [[[127.10640218, 37.50651993], [127.10638095, 37.50655004], [127.10637021, 37.50654437], [127.1063028, 37.50662336], [127.10641181, 37.50669219], [127.10650394, 37.50658093], [127.10640218, 37.50651993]]]}, "properties": {"name": "옥명빌딩", "status": "full", "capacity": 6, "active": 6, "industry": "의원", "vacancy_rate": 0.0, "vacancy_rate_lo": 0.0, "vacancy_rate_hi": 0.0, "stores": 6, "source": "stores+ledger", "capacity_method": "floor_ouln", "active_pip": 0, "licensed": 1, "com_floors": [1, 2, 3, 4, 5, 7], "occ_floors": [1, 2, 3, 4, 5, 7], "unknown_n": 0, "id": "1171010400100150008-1", "pnu": "1171010400100150008", "floors": 7, "height": 23.1}}, {"type": "Feature", "geometry": {"type": "Polygon", "coordinates": [[[127.10799998, 37.50695231], [127.10812328, 37.50703599], [127.10819827, 37.50695978], [127.10810738, 37.50690761], [127.10811741, 37.50689507], [127.10808628, 37.50687348], [127.10799998, 37.50695231]]]}, "properties": {"name": "송파동 17-10", "status": "partial", "capacity": 4, "active": 2, "industry": "종합 소매", "vacancy_rate": 50.0, "vacancy_rate_lo": 50.0, "vacancy_rate_hi": 50.0, "stores": 1, "source": "stores+ledger", "capacity_method": "floor_ouln", "active_pip": 0, "licensed": 1, "com_floors": [1, 3, 4, 5], "occ_floors": [1, 3], "unknown_n": 0, "id": "1171010400100170010-1", "pnu": "1171010400100170010", "floors": 5, "height": 17.45}}, {"type": "Feature", "geometry": {"type": "Polygon", "coordinates": [[[127.10934113, 37.50695603], [127.10922986, 37.50704551], [127.10932125, 37.50712292], [127.10943309, 37.50703154], [127.10934113, 37.50695603]]]}, "properties": {"name": "PSP제2빌딩", "status": "full", "capacity": 4, "active": 4, "industry": "기타 교육", "vacancy_rate": 0.0, "vacancy_rate_lo": 0.0, "vacancy_rate_hi": 25.0, "stores": 5, "source": "stores+ledger", "capacity_method": "floor_ouln", "active_pip": 0, "licensed": 0, "com_floors": [1, 2, 3, 4], "occ_floors": [1, 2, 3], "unknown_n": 1, "id": "1171010400100200004-1", "pnu": "1171010400100200004", "floors": 4, "height": 0.0}}, {"type": "Feature", "geometry": {"type": "Polygon", "coordinates": [[[127.10821627, 37.50713385], [127.10810116, 37.50723063], [127.10818971, 37.50730254], [127.108255, 37.50724527], [127.10826496, 37.50725409], [127.10831648, 37.50721124], [127.10821627, 37.50713385]]]}, "properties": {"name": "송파동 22", "status": "partial", "capacity": 6, "active": 5, "industry": "기타 간이", "vacancy_rate": 16.7, "vacancy_rate_lo": 16.7, "vacancy_rate_hi": 83.3, "stores": 3, "source": "stores+ledger", "capacity_method": "floor_ouln", "active_pip": 0, "licensed": 3, "com_floors": [1, 2, 3, 4, 5, 6], "occ_floors": [1], "unknown_n": 4, "id": "1171010400100220000-1", "pnu": "1171010400100220000", "floors": 6, "height": 17.35}}, {"type": "Feature", "geometry": {"type": "Polygon", "coordinates": [[[127.10801408, 37.50747497], [127.10801871, 37.50747109], [127.10791579, 37.50738892], [127.1078117, 37.50752372], [127.10788486, 37.50758384], [127.1079663, 37.50751528], [127.10801591, 37.5075602], [127.1080663, 37.50752042], [127.10801408, 37.50747497]]]}, "properties": {"name": "일송빌딩", "status": "partial", "capacity": 6, "active": 5, "industry": "가전·통신 소매", "vacancy_rate": 16.7, "vacancy_rate_lo": 16.7, "vacancy_rate_hi": 50.0, "stores": 7, "source": "stores+ledger", "capacity_method": "floor_ouln", "active_pip": 0, "licensed": 2, "com_floors": [1, 2, 3, 4, 5, 7], "occ_floors": [1, 2, 3], "unknown_n": 2, "id": "1171010400100230000-1", "pnu": "1171010400100230000", "floors": 7, "height": 19.9}}, {"type": "Feature", "geometry": {"type": "Polygon", "coordinates": [[[127.10825401, 37.50710534], [127.10846913, 37.50726687], [127.10853126, 37.50721491], [127.10850239, 37.50719602], [127.10852475, 37.50717374], [127.10834088, 37.50703155], [127.10825401, 37.50710534]]]}, "properties": {"name": "해븐빌딩", "status": "full", "capacity": 4, "active": 4, "industry": "한식", "vacancy_rate": 0.0, "vacancy_rate_lo": 0.0, "vacancy_rate_hi": 50.0, "stores": 4, "source": "stores+ledger", "capacity_method": "floor_ouln", "active_pip": 0, "licensed": 4, "com_floors": [1, 2, 3, 5], "occ_floors": [1, 5], "unknown_n": 2, "id": "1171010400100220002-1", "pnu": "1171010400100220002", "floors": 5, "height": 16.35}}, {"type": "Feature", "geometry": {"type": "Polygon", "coordinates": [[[127.10800309, 37.50714143], [127.10810316, 37.50704583], [127.10800409, 37.50696627], [127.10789124, 37.50706612], [127.10800309, 37.50714143]]]}, "properties": {"name": "은혜빌딩", "status": "partial", "capacity": 7, "active": 5, "industry": "의약·화장품 소매", "vacancy_rate": 28.6, "vacancy_rate_lo": null, "vacancy_rate_hi": null, "stores": 5, "source": "stores+ledger", "capacity_method": "expos_units", "active_pip": 0, "licensed": 3, "com_floors": null, "occ_floors": null, "unknown_n": null, "id": "1171010400100170003-2", "pnu": "1171010400100170003", "floors": 6, "height": 19.75}}, {"type": "Feature", "geometry": {"type": "Polygon", "coordinates": [[[127.10772824, 37.50665784], [127.10766432, 37.50672169], [127.10781137, 37.5068203], [127.1078736, 37.50675709], [127.10772824, 37.50665784]]]}, "properties": {"name": "송파동 17-4", "status": "empty", "capacity": 6, "active": 0, "industry": "", "vacancy_rate": 100.0, "source": "polygon_only", "capacity_method": "floor_approx", "active_pip": 0, "licensed": 0, "id": "1171010400100170004-1", "pnu": "1171010400100170004", "floors": 6, "height": 16.3}}, {"type": "Feature", "geometry": {"type": "Polygon", "coordinates": [[[127.1069903, 37.50788629], [127.10710527, 37.50779677], [127.10704752, 37.5077497], [127.10693256, 37.50783922], [127.1069903, 37.50788629]]]}, "properties": {"name": "송파동 13-8", "status": "high", "capacity": 6, "active": 1, "industry": "", "vacancy_rate": 83.3, "source": "pip_only", "capacity_method": "floor_approx", "active_pip": 0, "licensed": 1, "id": "1171010400100130008-1", "pnu": "1171010400100130008", "floors": 6, "height": 13.2}}, {"type": "Feature", "geometry": {"type": "Polygon", "coordinates": [[[127.10855868, 37.50709641], [127.108667, 37.5069954], [127.10849163, 37.50686563], [127.10840364, 37.50694725], [127.10840538, 37.50697752], [127.10855868, 37.50709641]]]}, "properties": {"name": "송파빌딩", "status": "full", "capacity": 5, "active": 5, "industry": "기타 교육", "vacancy_rate": 0.0, "vacancy_rate_lo": 0.0, "vacancy_rate_hi": 40.0, "stores": 6, "source": "stores+ledger", "capacity_method": "floor_ouln", "active_pip": 0, "licensed": 1, "com_floors": [1, 2, 3, 4, 5], "occ_floors": [1, 2, 5], "unknown_n": 2, "id": "1171010400100210000-1", "pnu": "1171010400100210000", "floors": 5, "height": 16.55}}, {"type": "Feature", "geometry": {"type": "Polygon", "coordinates": [[[127.10696069, 37.50622344], [127.10688717, 37.50629316], [127.10703637, 37.5063906], [127.10710085, 37.50632125], [127.10696069, 37.50622344]]]}, "properties": {"name": "글로리아빌딩", "status": "partial", "capacity": 3, "active": 2, "industry": "자동차 수리·세차", "vacancy_rate": 33.3, "vacancy_rate_lo": 33.3, "vacancy_rate_hi": 33.3, "stores": 2, "source": "stores+ledger", "capacity_method": "floor_ouln", "active_pip": 0, "licensed": 0, "com_floors": [1, 2, 3], "occ_floors": [1, 3], "unknown_n": 0, "id": "1171010400100170000-1", "pnu": "1171010400100170000", "floors": 5, "height": 14.7}}, {"type": "Feature", "geometry": {"type": "Polygon", "coordinates": [[[127.10661119, 37.50859871], [127.1067276, 37.50868871], [127.10684734, 37.50858616], [127.1067254, 37.50849941], [127.10661119, 37.50859871]]]}, "properties": {"name": "대건빌딩", "status": "high", "capacity": 3, "active": 1, "industry": "비알코올 ", "vacancy_rate": 66.7, "vacancy_rate_lo": 66.7, "vacancy_rate_hi": 66.7, "stores": 1, "source": "stores+ledger", "capacity_method": "floor_ouln", "active_pip": 0, "licensed": 1, "com_floors": [1, 2, 5], "occ_floors": [1], "unknown_n": 0, "id": "1171010400100270012-1", "pnu": "1171010400100270012", "floors": 5, "height": 16.7}}, {"type": "Feature", "geometry": {"type": "Polygon", "coordinates": [[[127.10622421, 37.5067156], [127.10629835, 37.50675924], [127.1063774, 37.50667195], [127.10630473, 37.50662877], [127.10622421, 37.5067156]]]}, "properties": {"name": "송파동 15-7", "status": "full", "capacity": 3, "active": 3, "industry": "통신장비 수리", "vacancy_rate": 0.0, "vacancy_rate_lo": 0.0, "vacancy_rate_hi": 100.0, "stores": 2, "source": "stores+ledger", "capacity_method": "floor_ouln", "active_pip": 0, "licensed": 1, "com_floors": [1, 2, 3], "occ_floors": [], "unknown_n": 3, "id": "1171010400100150007-1", "pnu": "1171010400100150007", "floors": 3, "height": 0.0}}, {"type": "Feature", "geometry": {"type": "Polygon", "coordinates": [[[127.10861606, 37.50688426], [127.10873144, 37.5069757], [127.10881367, 37.50690246], [127.10869807, 37.50681274], [127.10861606, 37.50688426]]]}, "properties": {"name": "연빌딩", "status": "full", "capacity": 4, "active": 4, "industry": "이용·미용", "vacancy_rate": 0.0, "vacancy_rate_lo": 0.0, "vacancy_rate_hi": 0.0, "stores": 8, "source": "stores+ledger", "capacity_method": "floor_ouln", "active_pip": 0, "licensed": 3, "com_floors": [1, 2, 3, 4], "occ_floors": [1, 2, 3, 4], "unknown_n": 0, "id": "1171010400100210005-1", "pnu": "1171010400100210005", "floors": 4, "height": 0.0}}, {"type": "Feature", "geometry": {"type": "Polygon", "coordinates": [[[127.10598094, 37.5069651], [127.10608001, 37.50702107], [127.10611612, 37.5069805], [127.10601706, 37.50692454], [127.10598094, 37.5069651]]]}, "properties": {"name": "허니빌딩", "status": "full", "capacity": 6, "active": 6, "industry": "이용·미용", "vacancy_rate": 0.0, "vacancy_rate_lo": 0.0, "vacancy_rate_hi": 16.7, "stores": 6, "source": "stores+ledger", "capacity_method": "floor_ouln", "active_pip": 0, "licensed": 1, "com_floors": [1, 2, 3, 4, 5, 6], "occ_floors": [2, 3, 4, 5, 6], "unknown_n": 1, "id": "1171010400100150005-1", "pnu": "1171010400100150005", "floors": 6, "height": 20.9}}, {"type": "Feature", "geometry": {"type": "Polygon", "coordinates": [[[127.10617757, 37.50708614], [127.10609391, 37.5071838], [127.1060945, 37.50720569], [127.10616345, 37.50725311], [127.10621177, 37.50719179], [127.10622252, 37.5071989], [127.10627254, 37.50714074], [127.10617757, 37.50708614]]]}, "properties": {"name": "송파동 13", "status": "full", "capacity": 1, "active": 1, "industry": "비알코올 ", "vacancy_rate": 0.0, "vacancy_rate_lo": 0.0, "vacancy_rate_hi": 0.0, "stores": 1, "source": "stores+ledger", "capacity_method": "floor_ouln", "active_pip": 0, "licensed": 1, "com_floors": [1], "occ_floors": [1], "unknown_n": 0, "id": "1171010400100130000-1", "pnu": "1171010400100130000", "floors": 3, "height": 0.0}}, {"type": "Feature", "geometry": {"type": "Polygon", "coordinates": [[[127.10698894, 37.50406407], [127.10694843, 37.50412871], [127.10695647, 37.5041324], [127.10693559, 37.50416566], [127.10696105, 37.5041778], [127.10695575, 37.50418772], [127.10704662, 37.50422719], [127.10705249, 37.50421538], [127.1070939, 37.50423066], [127.10714883, 37.50412726], [127.10698894, 37.50406407]]]}, "properties": {"name": "석촌동 287-11", "status": "high", "capacity": 5, "active": 1, "industry": "", "vacancy_rate": 80.0, "source": "pip_only", "capacity_method": "floor_approx", "active_pip": 0, "licensed": 1, "id": "1171010500102870011-1", "pnu": "1171010500102870011", "floors": 5, "height": 15.4}}, {"type": "Feature", "geometry": {"type": "Polygon", "coordinates": [[[127.10500661, 37.50932276], [127.10516127, 37.50920099], [127.10477565, 37.50891192], [127.10464202, 37.50903791], [127.10470712, 37.50908488], [127.10470159, 37.50909174], [127.10492838, 37.50926922], [127.10493516, 37.50926164], [127.10500661, 37.50932276]]]}, "properties": {"name": "잠실아르누보팰리스", "status": "partial", "capacity": 6, "active": 5, "industry": "기타 간이", "vacancy_rate": 16.7, "vacancy_rate_lo": null, "vacancy_rate_hi": null, "stores": 5, "source": "stores+ledger", "capacity_method": "expos_units", "active_pip": 0, "licensed": 5, "com_floors": null, "occ_floors": null, "unknown_n": null, "id": "1171010400100070001-1", "pnu": "1171010400100070001", "floors": 20, "height": 79.4}}, {"type": "Feature", "geometry": {"type": "Polygon", "coordinates": [[[127.10541337, 37.50918355], [127.10550814, 37.50909589], [127.1054017, 37.50901732], [127.10530659, 37.50910184], [127.10541337, 37.50918355]]]}, "properties": {"name": "송파동 8-10", "status": "partial", "capacity": 2, "active": 1, "industry": "비알코올 ", "vacancy_rate": 50.0, "vacancy_rate_lo": 50.0, "vacancy_rate_hi": 50.0, "stores": 1, "source": "stores+ledger", "capacity_method": "floor_ouln", "active_pip": 0, "licensed": 1, "com_floors": [1, 2], "occ_floors": [1], "unknown_n": 0, "id": "1171010400100080010-1", "pnu": "1171010400100080010", "floors": 3, "height": 0.0}}, {"type": "Feature", "geometry": {"type": "Polygon", "coordinates": [[[127.10405395, 37.50941614], [127.10405196, 37.50936415], [127.10398625, 37.50936457], [127.10398575, 37.50941665], [127.10405395, 37.50941614]]]}, "properties": {"name": "송파관광정보센터", "status": "partial", "capacity": 2, "active": 1, "industry": "서양식", "vacancy_rate": 50.0, "vacancy_rate_lo": 50.0, "vacancy_rate_hi": 50.0, "stores": 1, "source": "stores+ledger", "capacity_method": "floor_ouln", "active_pip": 0, "licensed": 0, "com_floors": [1, 2], "occ_floors": [1], "unknown_n": 0, "id": "1171010200100320000-1", "pnu": "1171010200100320000", "floors": 0, "height": 0.0}}, {"type": "Feature", "geometry": {"type": "Polygon", "coordinates": [[[127.10411842, 37.51204772], [127.1041911, 37.51207944], [127.10420944, 37.51205276], [127.10413676, 37.51202105], [127.10411842, 37.51204772]]]}, "properties": {"name": "송파관광정보센터", "status": "partial", "capacity": 2, "active": 1, "industry": "서양식", "vacancy_rate": 50.0, "vacancy_rate_lo": 50.0, "vacancy_rate_hi": 50.0, "stores": 1, "source": "stores+ledger", "capacity_method": "floor_ouln", "active_pip": 0, "licensed": 0, "com_floors": [1, 2], "occ_floors": [1], "unknown_n": 0, "id": "1171010200100320000-2", "pnu": "1171010200100320000", "floors": 0, "height": 0.0}}, {"type": "Feature", "geometry": {"type": "Polygon", "coordinates": [[[127.10552259, 37.50940699], [127.10535535, 37.50926911], [127.10525412, 37.50935029], [127.10526805, 37.50936028], [127.10543696, 37.5094814], [127.10552259, 37.50940699]]]}, "properties": {"name": "송파동 7-12", "status": "partial", "capacity": 4, "active": 3, "industry": "한식", "vacancy_rate": 25.0, "vacancy_rate_lo": 25.0, "vacancy_rate_hi": 50.0, "stores": 3, "source": "stores+ledger", "capacity_method": "floor_ouln", "active_pip": 0, "licensed": 2, "com_floors": [1, 2, 3, 5], "occ_floors": [1, 2], "unknown_n": 1, "id": "1171010400100070012-1", "pnu": "1171010400100070012", "floors": 6, "height": 18.4}}, {"type": "Feature", "geometry": {"type": "Polygon", "coordinates": [[[127.10545871, 37.50918008], [127.1056196, 37.50930031], [127.10570884, 37.50921725], [127.10555632, 37.509099], [127.10545871, 37.50918008]]]}, "properties": {"name": "신천빌딩", "status": "full", "capacity": 6, "active": 6, "industry": "기타 교육", "vacancy_rate": 0.0, "vacancy_rate_lo": 0.0, "vacancy_rate_hi": 16.7, "stores": 5, "source": "stores+ledger", "capacity_method": "floor_ouln", "active_pip": 0, "licensed": 1, "com_floors": [1, 2, 3, 4, 5, 6], "occ_floors": [1, 2, 3, 4, 5], "unknown_n": 1, "id": "1171010400100080002-1", "pnu": "1171010400100080002", "floors": 6, "height": 19.65}}, {"type": "Feature", "geometry": {"type": "Polygon", "coordinates": [[[127.10520468, 37.50902317], [127.10531088, 37.50893766], [127.10523072, 37.50887746], [127.10513109, 37.50896513], [127.10520468, 37.50902317]]]}, "properties": {"name": "송파동 8-8", "status": "high", "capacity": 4, "active": 1, "industry": "", "vacancy_rate": 75.0, "source": "pip_only", "capacity_method": "floor_approx", "active_pip": 0, "licensed": 1, "id": "1171010400100080008-1", "pnu": "1171010400100080008", "floors": 4, "height": 11.55}}, {"type": "Feature", "geometry": {"type": "Polygon", "coordinates": [[[127.10568889, 37.50951424], [127.10545594, 37.50969889], [127.105721, 37.50990219], [127.10587046, 37.50977906], [127.10593625, 37.50983144], [127.10601227, 37.50976389], [127.10568889, 37.50951424]]]}, "properties": {"name": "경남레이크파크", "status": "partial", "capacity": 15, "active": 10, "industry": "종합 소매", "vacancy_rate": 33.3, "vacancy_rate_lo": null, "vacancy_rate_hi": null, "stores": 10, "source": "stores+ledger", "capacity_method": "expos_units", "active_pip": 0, "licensed": 5, "com_floors": null, "occ_floors": null, "unknown_n": null, "id": "1171010400100320001-1", "pnu": "1171010400100320001", "floors": 24, "height": 80.07}}, {"type": "Feature", "geometry": {"type": "Polygon", "coordinates": [[[127.10405843, 37.51201029], [127.1041159, 37.51203532], [127.10412612, 37.51202043], [127.10406865, 37.51199541], [127.10405843, 37.51201029]]]}, "properties": {"name": "송파관광정보센터", "status": "partial", "capacity": 2, "active": 1, "industry": "서양식", "vacancy_rate": 50.0, "vacancy_rate_lo": 50.0, "vacancy_rate_hi": 50.0, "stores": 1, "source": "stores+ledger", "capacity_method": "floor_ouln", "active_pip": 0, "licensed": 0, "com_floors": [1, 2], "occ_floors": [1], "unknown_n": 0, "id": "1171010200100320000-3", "pnu": "1171010200100320000", "floors": 0, "height": 0.0}}, {"type": "Feature", "geometry": {"type": "Polygon", "coordinates": [[[127.10544195, 37.50948581], [127.10526805, 37.50936028], [127.10525144, 37.50937498], [127.1052108, 37.50934465], [127.10512008, 37.50942357], [127.10532525, 37.50958295], [127.10544195, 37.50948581]]]}, "properties": {"name": "선일타워", "status": "partial", "capacity": 5, "active": 4, "industry": "기타 간이", "vacancy_rate": 20.0, "vacancy_rate_lo": 20.0, "vacancy_rate_hi": 40.0, "stores": 3, "source": "stores+ledger", "capacity_method": "floor_ouln", "active_pip": 0, "licensed": 3, "com_floors": [1, 2, 3, 4, 5], "occ_floors": [1, 2, 3], "unknown_n": 1, "id": "1171010400100070004-1", "pnu": "1171010400100070004", "floors": 5, "height": 0.0}}, {"type": "Feature", "geometry": {"type": "Polygon", "coordinates": [[[127.10903617, 37.511276], [127.10900542, 37.51128512], [127.10898161, 37.51124514], [127.10896985, 37.51124921], [127.10894332, 37.51120418], [127.10881546, 37.51125097], [127.10882567, 37.51127421], [127.1087045, 37.51132424], [127.10869928, 37.51131541], [127.10858941, 37.51136435], [127.10861095, 37.5113955], [127.10860213, 37.51140236], [127.1086341, 37.51144918], [127.10860934, 37.51145857], [127.10868189, 37.51156852], [127.10875593, 37.5115425], [127.10874505, 37.51152612], [127.10903274, 37.5114089], [127.10904204, 37.51142493], [127.10911246, 37.51139549], [127.10903617, 37.511276]]]}, "properties": {"name": "한진로즈힐레이크", "status": "high", "capacity": 16, "active": 5, "industry": "한식", "vacancy_rate": 68.8, "vacancy_rate_lo": null, "vacancy_rate_hi": null, "stores": 5, "source": "stores+ledger", "capacity_method": "expos_units", "active_pip": 0, "licensed": 5, "com_floors": null, "occ_floors": null, "unknown_n": null, "id": "1171010400100580004-1", "pnu": "1171010400100580004", "floors": 15, "height": 47.1}}, {"type": "Feature", "geometry": {"type": "Polygon", "coordinates": [[[127.10614865, 37.50942076], [127.10607838, 37.50948155], [127.10641851, 37.50974263], [127.10648934, 37.50967867], [127.10614865, 37.50942076]]]}, "properties": {"name": "송파동 30-7", "status": "full", "capacity": 1, "active": 1, "industry": "서양식", "vacancy_rate": 0.0, "vacancy_rate_lo": 0.0, "vacancy_rate_hi": 0.0, "stores": 1, "source": "stores+ledger", "capacity_method": "floor_ouln", "active_pip": 0, "licensed": 1, "com_floors": [1], "occ_floors": [1], "unknown_n": 0, "id": "1171010400100300007-1", "pnu": "1171010400100300007", "floors": 0, "height": 0.0}}, {"type": "Feature", "geometry": {"type": "Polygon", "coordinates": [[[127.10709618, 37.51096963], [127.10730339, 37.51081176], [127.10692757, 37.51052172], [127.106805, 37.51062481], [127.10674975, 37.51058269], [127.10667553, 37.51064646], [127.10709618, 37.51096963]]]}, "properties": {"name": "현대레이크빌", "status": "high", "capacity": 27, "active": 6, "industry": "서양식", "vacancy_rate": 77.8, "vacancy_rate_lo": null, "vacancy_rate_hi": null, "stores": 6, "source": "stores+ledger", "capacity_method": "expos_units", "active_pip": 0, "licensed": 6, "com_floors": null, "occ_floors": null, "unknown_n": null, "id": "1171010400100310002-1", "pnu": "1171010400100310002", "floors": 23, "height": 79.3}}, {"type": "Feature", "geometry": {"type": "Polygon", "coordinates": [[[127.10612228, 37.51021276], [127.10625758, 37.5103131], [127.10634309, 37.51023293], [127.10630165, 37.51020422], [127.10631351, 37.51019358], [127.10622373, 37.51012753], [127.10612228, 37.51021276]]]}, "properties": {"name": "씨엠빌딩", "status": "partial", "capacity": 7, "active": 5, "industry": "서양식", "vacancy_rate": 28.6, "vacancy_rate_lo": 28.6, "vacancy_rate_hi": 28.6, "stores": 2, "source": "stores+ledger", "capacity_method": "floor_ouln", "active_pip": 0, "licensed": 2, "com_floors": [1, 2, 3, 4, 5, 6, 8], "occ_floors": [1, 2, 4, 5, 8], "unknown_n": 0, "id": "1171010400100320007-1", "pnu": "1171010400100320007", "floors": 8, "height": 24.9}}, {"type": "Feature", "geometry": {"type": "Polygon", "coordinates": [[[127.1099786, 37.51088756], [127.1098475, 37.5109416], [127.10989247, 37.51101082], [127.10991858, 37.51100005], [127.10992638, 37.51101206], [127.11003136, 37.51096879], [127.1099786, 37.51088756]]]}, "properties": {"name": "전체", "status": "full", "capacity": 4, "active": 4, "industry": "기타 교육", "vacancy_rate": 0.0, "vacancy_rate_lo": 0.0, "vacancy_rate_hi": 0.0, "stores": 5, "source": "stores+ledger", "capacity_method": "floor_ouln", "active_pip": 0, "licensed": 0, "com_floors": [1, 2, 3, 4], "occ_floors": [1, 2, 3, 4], "unknown_n": 0, "id": "1171010400100590008-1", "pnu": "1171010400100590008", "floors": 5, "height": 16.7}}, {"type": "Feature", "geometry": {"type": "Polygon", "coordinates": [[[127.11023841, 37.51030243], [127.11021087, 37.51026164], [127.11019234, 37.51027255], [127.11015879, 37.51022448], [127.11006938, 37.51026114], [127.11013149, 37.51035326], [127.11023841, 37.51030243]]]}, "properties": {"name": "송파동 52-7", "status": "empty", "capacity": 2, "active": 0, "industry": "", "vacancy_rate": 100.0, "source": "polygon_only", "capacity_method": "floor_approx", "active_pip": 0, "licensed": 0, "id": "1171010400100520007-1", "pnu": "1171010400100520007", "floors": 2, "height": 0.0}}, {"type": "Feature", "geometry": {"type": "Polygon", "coordinates": [[[127.10951352, 37.51007073], [127.10961875, 37.51001747], [127.10953816, 37.50989979], [127.10949867, 37.50989018], [127.10941186, 37.50992865], [127.10951352, 37.51007073]]]}, "properties": {"name": "신광빌딩", "status": "partial", "capacity": 6, "active": 3, "industry": "이용·미용", "vacancy_rate": 50.0, "vacancy_rate_lo": null, "vacancy_rate_hi": null, "stores": 3, "source": "stores+ledger", "capacity_method": "expos_units", "active_pip": 0, "licensed": 2, "com_floors": null, "occ_floors": null, "unknown_n": null, "id": "1171010400100530010-1", "pnu": "1171010400100530010", "floors": 6, "height": 18.2}}, {"type": "Feature", "geometry": {"type": "Polygon", "coordinates": [[[127.10968688, 37.50951033], [127.10959558, 37.50957069], [127.10968385, 37.50967188], [127.1097643, 37.50962523], [127.10976879, 37.50959261], [127.10968688, 37.50951033]]]}, "properties": {"name": "송파동 42", "status": "full", "capacity": 5, "active": 5, "industry": "서양식", "vacancy_rate": 0.0, "vacancy_rate_lo": 0.0, "vacancy_rate_hi": 0.0, "stores": 5, "source": "stores+ledger", "capacity_method": "floor_ouln", "active_pip": 0, "licensed": 5, "com_floors": [1, 2, 3, 4, 5], "occ_floors": [1, 2, 3, 4, 5], "unknown_n": 0, "id": "1171010400100420000-1", "pnu": "1171010400100420000", "floors": 5, "height": 15.7}}, {"type": "Feature", "geometry": {"type": "Polygon", "coordinates": [[[127.11039574, 37.50941286], [127.11045735, 37.50951423], [127.11057646, 37.5094683], [127.11052421, 37.50938234], [127.11051577, 37.50938066], [127.11049324, 37.50938927], [127.11048635, 37.50937792], [127.11039574, 37.50941286]]]}, "properties": {"name": "송파동 50-8", "status": "high", "capacity": 5, "active": 1, "industry": "", "vacancy_rate": 80.0, "source": "pip_only", "capacity_method": "floor_approx", "active_pip": 0, "licensed": 1, "id": "1171010400100500008-1", "pnu": "1171010400100500008", "floors": 5, "height": 17.0}}, {"type": "Feature", "geometry": {"type": "Polygon", "coordinates": [[[127.11022804, 37.50924881], [127.11011187, 37.50931406], [127.11016152, 37.50938483], [127.11022058, 37.50939955], [127.11031347, 37.50935018], [127.11022804, 37.50924881]]]}, "properties": {"name": "송파동 45-4", "status": "full", "capacity": 2, "active": 2, "industry": "동남아시아", "vacancy_rate": 0.0, "vacancy_rate_lo": 0.0, "vacancy_rate_hi": 0.0, "stores": 3, "source": "stores+ledger", "capacity_method": "floor_ouln", "active_pip": 0, "licensed": 3, "com_floors": [1, 2], "occ_floors": [1, 2], "unknown_n": 0, "id": "1171010400100450004-1", "pnu": "1171010400100450004", "floors": 3, "height": 0.0}}, {"type": "Feature", "geometry": {"type": "Polygon", "coordinates": [[[127.1097134, 37.50977196], [127.10960693, 37.5098262], [127.10959295, 37.50985505], [127.10967035, 37.50995877], [127.10975343, 37.50991986], [127.1097174, 37.50987782], [127.10977266, 37.50984804], [127.1097134, 37.50977196]]]}, "properties": {"name": "송파동 52-15", "status": "full", "capacity": 3, "active": 3, "industry": "이용·미용", "vacancy_rate": 0.0, "vacancy_rate_lo": 0.0, "vacancy_rate_hi": 0.0, "stores": 3, "source": "stores+ledger", "capacity_method": "floor_ouln", "active_pip": 0, "licensed": 1, "com_floors": [1, 2, 6], "occ_floors": [1, 2, 6], "unknown_n": 0, "id": "1171010400100520015-1", "pnu": "1171010400100520015", "floors": 2, "height": 6.6}}, {"type": "Feature", "geometry": {"type": "Polygon", "coordinates": [[[127.10601947, 37.50925599], [127.10587633, 37.50937118], [127.10602807, 37.50949115], [127.10617697, 37.5093701], [127.10601947, 37.50925599]]]}, "properties": {"name": "송파동 30", "status": "full", "capacity": 2, "active": 2, "industry": "", "vacancy_rate": 0.0, "source": "pip_only", "capacity_method": "floor_approx", "active_pip": 1, "licensed": 2, "id": "1171010400100300000-1", "pnu": "1171010400100300000", "floors": 1, "height": 6.6}}, {"type": "Feature", "geometry": {"type": "Polygon", "coordinates": [[[127.10613515, 37.51003453], [127.10623287, 37.50994984], [127.10602645, 37.50979424], [127.10593665, 37.50987829], [127.10613515, 37.51003453]]]}, "properties": {"name": "유성원룸텔", "status": "full", "capacity": 3, "active": 3, "industry": "스포츠 서비스", "vacancy_rate": 0.0, "vacancy_rate_lo": 0.0, "vacancy_rate_hi": 33.3, "stores": 6, "source": "stores+ledger", "capacity_method": "floor_ouln", "active_pip": 0, "licensed": 2, "com_floors": [1, 2, 3], "occ_floors": [1, 2], "unknown_n": 1, "id": "1171010400100320003-1", "pnu": "1171010400100320003", "floors": 5, "height": 17.7}}, {"type": "Feature", "geometry": {"type": "Polygon", "coordinates": [[[127.107682, 37.51060319], [127.10752133, 37.51072363], [127.10751445, 37.5107367], [127.10751503, 37.51074535], [127.10751968, 37.51075346], [127.10753722, 37.51076074], [127.10755791, 37.51075991], [127.10773556, 37.5106482], [127.107682, 37.51060319]]]}, "properties": {"name": "호수임광아파트", "status": "high", "capacity": 14, "active": 3, "industry": "주점", "vacancy_rate": 78.6, "vacancy_rate_lo": null, "vacancy_rate_hi": null, "stores": 3, "source": "stores+ledger", "capacity_method": "expos_units", "active_pip": 0, "licensed": 3, "com_floors": null, "occ_floors": null, "unknown_n": null, "id": "1171010400100330000-1", "pnu": "1171010400100330000", "floors": 3, "height": 10.3}}, {"type": "Feature", "geometry": {"type": "Polygon", "coordinates": [[[127.10814748, 37.5111904], [127.10808455, 37.51124542], [127.10823335, 37.51135917], [127.10829684, 37.51130524], [127.10814748, 37.5111904]]]}, "properties": {"name": "송파동 57-8", "status": "partial", "capacity": 4, "active": 2, "industry": "한식", "vacancy_rate": 50.0, "vacancy_rate_lo": 50.0, "vacancy_rate_hi": 50.0, "stores": 2, "source": "stores+ledger", "capacity_method": "floor_ouln", "active_pip": 0, "licensed": 1, "com_floors": [1, 2, 3, 4], "occ_floors": [1, 2], "unknown_n": 0, "id": "1171010400100570008-1", "pnu": "1171010400100570008", "floors": 4, "height": 0.0}}, {"type": "Feature", "geometry": {"type": "Polygon", "coordinates": [[[127.10879019, 37.51036405], [127.10890739, 37.51030059], [127.10885731, 37.51023802], [127.10880753, 37.51023051], [127.10871768, 37.51027762], [127.10879019, 37.51036405]]]}, "properties": {"name": "송파동 55-11", "status": "partial", "capacity": 2, "active": 1, "industry": "비알코올 ", "vacancy_rate": 50.0, "vacancy_rate_lo": 50.0, "vacancy_rate_hi": 50.0, "stores": 1, "source": "stores+ledger", "capacity_method": "floor_ouln", "active_pip": 0, "licensed": 1, "com_floors": [1, 2], "occ_floors": [1], "unknown_n": 0, "id": "1171010400100550011-1", "pnu": "1171010400100550011", "floors": 3, "height": 0.0}}, {"type": "Feature", "geometry": {"type": "Polygon", "coordinates": [[[127.10795049, 37.51114221], [127.10802829, 37.51120674], [127.10810702, 37.51113809], [127.10802901, 37.51107933], [127.10795049, 37.51114221]]]}, "properties": {"name": "송파동 57-1", "status": "high", "capacity": 3, "active": 1, "industry": "주점", "vacancy_rate": 66.7, "vacancy_rate_lo": 66.7, "vacancy_rate_hi": 66.7, "stores": 1, "source": "stores+ledger", "capacity_method": "floor_ouln", "active_pip": 0, "licensed": 1, "com_floors": [1, 2, 3], "occ_floors": [1], "unknown_n": 0, "id": "1171010400100570001-1", "pnu": "1171010400100570001", "floors": 4, "height": 15.2}}, {"type": "Feature", "geometry": {"type": "Polygon", "coordinates": [[[127.11120601, 37.50906796], [127.11110653, 37.50910787], [127.11123077, 37.50929435], [127.11131917, 37.50926003], [127.11120601, 37.50906796]]]}, "properties": {"name": "송파동 48-19", "status": "high", "capacity": 6, "active": 1, "industry": "", "vacancy_rate": 83.3, "source": "pip_only", "capacity_method": "floor_approx", "active_pip": 1, "licensed": 0, "id": "1171010400100480019-1", "pnu": "1171010400100480019", "floors": 6, "height": 17.8}}, {"type": "Feature", "geometry": {"type": "Polygon", "coordinates": [[[127.11081357, 37.51008664], [127.1107158, 37.51012818], [127.11083628, 37.51029818], [127.11089693, 37.51031119], [127.1109539, 37.51028563], [127.11081357, 37.51008664]]]}, "properties": {"name": "인영빌딩", "status": "full", "capacity": 3, "active": 3, "industry": "비알코올 ", "vacancy_rate": 0.0, "vacancy_rate_lo": 0.0, "vacancy_rate_hi": 33.3, "stores": 7, "source": "stores+ledger", "capacity_method": "floor_ouln", "active_pip": 0, "licensed": 4, "com_floors": [1, 2, 3], "occ_floors": [1, 2], "unknown_n": 1, "id": "1171010400100500009-1", "pnu": "1171010400100500009", "floors": 4, "height": 0.0}}, {"type": "Feature", "geometry": {"type": "Polygon", "coordinates": [[[127.10899204, 37.50955503], [127.10893961, 37.50958887], [127.10894833, 37.50959823], [127.10891353, 37.50962016], [127.10892678, 37.50963159], [127.10889571, 37.50965351], [127.10893411, 37.50969582], [127.10905265, 37.50961985], [127.10899204, 37.50955503]]]}, "properties": {"name": "송파동 40-13", "status": "full", "capacity": 2, "active": 2, "industry": "한식", "vacancy_rate": 0.0, "vacancy_rate_lo": 0.0, "vacancy_rate_hi": 0.0, "stores": 4, "source": "stores+ledger", "capacity_method": "floor_ouln", "active_pip": 0, "licensed": 2, "com_floors": [1, 2], "occ_floors": [1, 2], "unknown_n": 0, "id": "1171010400100400013-1", "pnu": "1171010400100400013", "floors": 2, "height": 0.0}}, {"type": "Feature", "geometry": {"type": "Polygon", "coordinates": [[[127.11000101, 37.51143743], [127.11004836, 37.51151124], [127.11027926, 37.51141725], [127.1102319, 37.51134343], [127.11000101, 37.51143743]]]}, "properties": {"name": "방이동 109-9", "status": "empty", "capacity": 5, "active": 0, "industry": "", "vacancy_rate": 100.0, "source": "polygon_only", "capacity_method": "floor_approx", "active_pip": 0, "licensed": 0, "id": "1171011100101090009-1", "pnu": "1171011100101090009", "floors": 5, "height": 16.2}}, {"type": "Feature", "geometry": {"type": "Polygon", "coordinates": [[[127.11033188, 37.50994347], [127.11042932, 37.50990869], [127.11036754, 37.5098182], [127.11025756, 37.50986479], [127.11028318, 37.50990432], [127.11030613, 37.50989538], [127.11033188, 37.50994347]]]}, "properties": {"name": "송파동 51-8", "status": "full", "capacity": 3, "active": 3, "industry": "기타 간이", "vacancy_rate": 0.0, "vacancy_rate_lo": 0.0, "vacancy_rate_hi": 0.0, "stores": 8, "source": "stores+ledger", "capacity_method": "floor_ouln", "active_pip": 0, "licensed": 5, "com_floors": [1, 2, 3], "occ_floors": [1, 2, 3], "unknown_n": 0, "id": "1171010400100510008-1", "pnu": "1171010400100510008", "floors": 3, "height": 0.0}}, {"type": "Feature", "geometry": {"type": "Polygon", "coordinates": [[[127.10939837, 37.51076317], [127.10945889, 37.51084285], [127.10948922, 37.5108531], [127.10957389, 37.51081689], [127.10950271, 37.5107192], [127.10939837, 37.51076317]]]}, "properties": {"name": "두경빌딩", "status": "full", "capacity": 3, "active": 3, "industry": "주점", "vacancy_rate": 0.0, "vacancy_rate_lo": null, "vacancy_rate_hi": null, "stores": 3, "source": "stores+ledger", "capacity_method": "expos_units", "active_pip": 0, "licensed": 0, "com_floors": null, "occ_floors": null, "unknown_n": null, "id": "1171010400100540000-1", "pnu": "1171010400100540000", "floors": 6, "height": 16.8}}, {"type": "Feature", "geometry": {"type": "Polygon", "coordinates": [[[127.10792146, 37.51069912], [127.10795489, 37.51074206], [127.10796302, 37.51073755], [127.10800042, 37.51078392], [127.10814418, 37.51071171], [127.10807291, 37.51062023], [127.10792146, 37.51069912]]]}, "properties": {"name": "동방빌딩", "status": "full", "capacity": 6, "active": 6, "industry": "기타 간이", "vacancy_rate": 0.0, "vacancy_rate_lo": 0.0, "vacancy_rate_hi": 16.7, "stores": 5, "source": "stores+ledger", "capacity_method": "floor_ouln", "active_pip": 0, "licensed": 4, "com_floors": [1, 2, 3, 4, 5, 6], "occ_floors": [1, 2, 3, 4, 5], "unknown_n": 1, "id": "1171010400100560001-1", "pnu": "1171010400100560001", "floors": 6, "height": 18.3}}, {"type": "Feature", "geometry": {"type": "Polygon", "coordinates": [[[127.11097299, 37.51049978], [127.11103306, 37.51058947], [127.11130299, 37.51047829], [127.11124597, 37.5103878], [127.11097299, 37.51049978]]]}, "properties": {"name": "송파동 48-16", "status": "partial", "capacity": 9, "active": 6, "industry": "식물 소매", "vacancy_rate": 33.3, "vacancy_rate_lo": null, "vacancy_rate_hi": null, "stores": 6, "source": "stores+ledger", "capacity_method": "expos_units", "active_pip": 0, "licensed": 2, "com_floors": null, "occ_floors": null, "unknown_n": null, "id": "1171010400100480016-1", "pnu": "1171010400100480016", "floors": 3, "height": 0.0}}, {"type": "Feature", "geometry": {"type": "Polygon", "coordinates": [[[127.11072571, 37.51063678], [127.11077549, 37.51072251], [127.1109386, 37.51065136], [127.11089041, 37.51057149], [127.11072571, 37.51063678]]]}, "properties": {"name": "송파동 59-11", "status": "partial", "capacity": 3, "active": 2, "industry": "가전·통신 소매", "vacancy_rate": 33.3, "vacancy_rate_lo": 33.3, "vacancy_rate_hi": 66.7, "stores": 3, "source": "stores+ledger", "capacity_method": "floor_ouln", "active_pip": 0, "licensed": 2, "com_floors": [1, 2, 3], "occ_floors": [1], "unknown_n": 1, "id": "1171010400100590011-1", "pnu": "1171010400100590011", "floors": 3, "height": 0.0}}, {"type": "Feature", "geometry": {"type": "Polygon", "coordinates": [[[127.10973317, 37.50975761], [127.10980557, 37.50984539], [127.10992311, 37.50978474], [127.10987484, 37.50972613], [127.10981624, 37.50971564], [127.10973317, 37.50975761]]]}, "properties": {"name": "송파동 52-17", "status": "empty", "capacity": 4, "active": 0, "industry": "", "vacancy_rate": 100.0, "source": "polygon_only", "capacity_method": "floor_approx", "active_pip": 0, "licensed": 0, "id": "1171010400100520017-1", "pnu": "1171010400100520017", "floors": 4, "height": 12.0}}, {"type": "Feature", "geometry": {"type": "Polygon", "coordinates": [[[127.11060896, 37.51046426], [127.11068061, 37.51057574], [127.11084055, 37.51050738], [127.11078614, 37.51042067], [127.11076859, 37.51041059], [127.11073206, 37.51041171], [127.11060896, 37.51046426]]]}, "properties": {"name": "송파동 59-13", "status": "partial", "capacity": 4, "active": 3, "industry": "한식", "vacancy_rate": 25.0, "vacancy_rate_lo": 25.0, "vacancy_rate_hi": 50.0, "stores": 2, "source": "stores+ledger", "capacity_method": "floor_ouln", "active_pip": 0, "licensed": 2, "com_floors": [1, 2, 3, 4], "occ_floors": [1, 2], "unknown_n": 1, "id": "1171010400100590013-1", "pnu": "1171010400100590013", "floors": 4, "height": 12.35}}, {"type": "Feature", "geometry": {"type": "Polygon", "coordinates": [[[127.10842024, 37.51060883], [127.10831872, 37.51048413], [127.10821836, 37.51053649], [127.10824158, 37.51056566], [127.10823333, 37.51056909], [127.10830722, 37.51066705], [127.10842024, 37.51060883]]]}, "properties": {"name": "빌드원빌딩", "status": "full", "capacity": 4, "active": 4, "industry": "한식", "vacancy_rate": 0.0, "vacancy_rate_lo": 0.0, "vacancy_rate_hi": 25.0, "stores": 5, "source": "stores+ledger", "capacity_method": "floor_ouln", "active_pip": 0, "licensed": 3, "com_floors": [1, 2, 3, 4], "occ_floors": [1, 2, 4], "unknown_n": 1, "id": "1171010400100560007-1", "pnu": "1171010400100560007", "floors": 1, "height": 5.0}}, {"type": "Feature", "geometry": {"type": "Polygon", "coordinates": [[[127.10739524, 37.51105576], [127.10730725, 37.51113504], [127.10750427, 37.51128821], [127.10759883, 37.51120758], [127.10739524, 37.51105576]]]}, "properties": {"name": "성우빌딩", "status": "full", "capacity": 4, "active": 4, "industry": "비알코올 ", "vacancy_rate": 0.0, "vacancy_rate_lo": 0.0, "vacancy_rate_hi": 25.0, "stores": 5, "source": "stores+ledger", "capacity_method": "floor_ouln", "active_pip": 0, "licensed": 5, "com_floors": [1, 2, 3, 4], "occ_floors": [1, 2, 3], "unknown_n": 1, "id": "1171010400100580018-1", "pnu": "1171010400100580018", "floors": 4, "height": 14.5}}, {"type": "Feature", "geometry": {"type": "Polygon", "coordinates": [[[127.11037281, 37.50962556], [127.1104734, 37.50958204], [127.11038463, 37.50943598], [127.11030698, 37.50947227], [127.11029358, 37.50951058], [127.11037281, 37.50962556]]]}, "properties": {"name": "송파동 50", "status": "full", "capacity": 2, "active": 2, "industry": "한식", "vacancy_rate": 0.0, "vacancy_rate_lo": 0.0, "vacancy_rate_hi": 0.0, "stores": 2, "source": "stores+ledger", "capacity_method": "floor_ouln", "active_pip": 0, "licensed": 1, "com_floors": [1, 2], "occ_floors": [1, 2], "unknown_n": 0, "id": "1171010400100500000-1", "pnu": "1171010400100500000", "floors": 4, "height": 0.0}}, {"type": "Feature", "geometry": {"type": "Polygon", "coordinates": [[[127.10814866, 37.51013073], [127.10807205, 37.51018595], [127.10815348, 37.51026201], [127.10825134, 37.51019434], [127.10820569, 37.51014726], [127.10818625, 37.51016115], [127.10814866, 37.51013073]]]}, "properties": {"name": "송파동 37-4", "status": "partial", "capacity": 4, "active": 3, "industry": "일반 교육", "vacancy_rate": 25.0, "vacancy_rate_lo": 25.0, "vacancy_rate_hi": 50.0, "stores": 1, "source": "stores+ledger", "capacity_method": "floor_ouln", "active_pip": 0, "licensed": 1, "com_floors": [1, 2, 4, 5], "occ_floors": [1, 2], "unknown_n": 1, "id": "1171010400100370004-1", "pnu": "1171010400100370004", "floors": 2, "height": 0.0}}, {"type": "Feature", "geometry": {"type": "Polygon", "coordinates": [[[127.10837799, 37.50923276], [127.10833336, 37.50918667], [127.1082897, 37.50918806], [127.10821095, 37.50924057], [127.10827585, 37.50931079], [127.10837799, 37.50923276]]]}, "properties": {"name": "알앤비하우스", "status": "full", "capacity": 1, "active": 1, "industry": "비알코올 ", "vacancy_rate": 0.0, "vacancy_rate_lo": null, "vacancy_rate_hi": null, "stores": 1, "source": "stores+ledger", "capacity_method": "expos_units", "active_pip": 0, "licensed": 1, "com_floors": null, "occ_floors": null, "unknown_n": null, "id": "1171010400100390015-1", "pnu": "1171010400100390015", "floors": 3, "height": 10.2}}, {"type": "Feature", "geometry": {"type": "Polygon", "coordinates": [[[127.1082326, 37.51056877], [127.10818846, 37.51059229], [127.10815742, 37.51055862], [127.10806995, 37.51060564], [127.10817375, 37.51074015], [127.10830651, 37.51066743], [127.1082326, 37.51056877]]]}, "properties": {"name": "빌드원빌딩", "status": "full", "capacity": 4, "active": 4, "industry": "한식", "vacancy_rate": 0.0, "vacancy_rate_lo": 0.0, "vacancy_rate_hi": 25.0, "stores": 5, "source": "stores+ledger", "capacity_method": "floor_ouln", "active_pip": 0, "licensed": 3, "com_floors": [1, 2, 3, 4], "occ_floors": [1, 2, 4], "unknown_n": 1, "id": "1171010400100560007-2", "pnu": "1171010400100560007", "floors": 1, "height": 5.0}}, {"type": "Feature", "geometry": {"type": "Polygon", "coordinates": [[[127.10760679, 37.51085249], [127.1075944, 37.51088791], [127.10780366, 37.51105098], [127.10783123, 37.51103077], [127.10781425, 37.51101925], [127.10789289, 37.51096071], [127.10770445, 37.51080789], [127.10760679, 37.51085249]]]}, "properties": {"name": "송파동 57", "status": "full", "capacity": 1, "active": 1, "industry": "한식", "vacancy_rate": 0.0, "vacancy_rate_lo": 0.0, "vacancy_rate_hi": 0.0, "stores": 3, "source": "stores+ledger", "capacity_method": "floor_ouln", "active_pip": 0, "licensed": 2, "com_floors": [1], "occ_floors": [1], "unknown_n": 0, "id": "1171010400100570000-1", "pnu": "1171010400100570000", "floors": 1, "height": 4.5}}, {"type": "Feature", "geometry": {"type": "Polygon", "coordinates": [[[127.11001691, 37.50949948], [127.11011308, 37.50944587], [127.11003353, 37.50934233], [127.10993193, 37.50939946], [127.11001691, 37.50949948]]]}, "properties": {"name": "렉스프라자", "status": "full", "capacity": 2, "active": 2, "industry": "한식", "vacancy_rate": 0.0, "vacancy_rate_lo": 0.0, "vacancy_rate_hi": 0.0, "stores": 2, "source": "stores+ledger", "capacity_method": "floor_ouln", "active_pip": 0, "licensed": 2, "com_floors": [1, 2], "occ_floors": [1, 2], "unknown_n": 0, "id": "1171010400100430001-1", "pnu": "1171010400100430001", "floors": 7, "height": 22.9}}, {"type": "Feature", "geometry": {"type": "Polygon", "coordinates": [[[127.11014007, 37.5108806], [127.1101887, 37.51095309], [127.11037476, 37.51088093], [127.11034937, 37.51084122], [127.11026697, 37.51087589], [127.11025509, 37.51087608], [127.1102414, 37.51087492], [127.11022851, 37.51087295], [127.11022274, 37.51087034], [127.11021787, 37.51086611], [127.11020631, 37.51085621], [127.11014007, 37.5108806]]]}, "properties": {"name": "송파동 59-9", "status": "high", "capacity": 3, "active": 1, "industry": "비알코올 ", "vacancy_rate": 66.7, "vacancy_rate_lo": 66.7, "vacancy_rate_hi": 100.0, "stores": 1, "source": "stores+ledger", "capacity_method": "floor_ouln", "active_pip": 0, "licensed": 0, "com_floors": [1, 2, 3], "occ_floors": [], "unknown_n": 1, "id": "1171010400100590009-1", "pnu": "1171010400100590009", "floors": 0, "height": 0.0}}, {"type": "Feature", "geometry": {"type": "Polygon", "coordinates": [[[127.10741768, 37.50911012], [127.10733633, 37.50917083], [127.10739679, 37.50921474], [127.10741858, 37.50919238], [127.10743794, 37.50920633], [127.10748527, 37.50916268], [127.10741768, 37.50911012]]]}, "properties": {"name": "송파동 27-3", "status": "full", "capacity": 2, "active": 2, "industry": "주점", "vacancy_rate": 0.0, "vacancy_rate_lo": 0.0, "vacancy_rate_hi": 0.0, "stores": 2, "source": "stores+ledger", "capacity_method": "floor_ouln", "active_pip": 0, "licensed": 2, "com_floors": [1, 2], "occ_floors": [1, 2], "unknown_n": 0, "id": "1171010400100270003-1", "pnu": "1171010400100270003", "floors": 2, "height": 7.6}}, {"type": "Feature", "geometry": {"type": "Polygon", "coordinates": [[[127.11096435, 37.51031761], [127.11088749, 37.51035048], [127.11088131, 37.51037715], [127.11096097, 37.51048367], [127.11105026, 37.51044114], [127.11096435, 37.51031761]]]}, "properties": {"name": "송파동 48-15", "status": "partial", "capacity": 3, "active": 2, "industry": "비알코올 ", "vacancy_rate": 33.3, "vacancy_rate_lo": 33.3, "vacancy_rate_hi": 33.3, "stores": 2, "source": "stores+ledger", "capacity_method": "floor_ouln", "active_pip": 0, "licensed": 2, "com_floors": [1, 2, 3], "occ_floors": [1, 3], "unknown_n": 0, "id": "1171010400100480015-1", "pnu": "1171010400100480015", "floors": 3, "height": 0.0}}, {"type": "Feature", "geometry": {"type": "Polygon", "coordinates": [[[127.1101904, 37.5095696], [127.11014153, 37.5095627], [127.11006501, 37.50959476], [127.1100963, 37.50964645], [127.11011687, 37.50963679], [127.11017162, 37.50972008], [127.11026012, 37.50967999], [127.1101904, 37.5095696]]]}, "properties": {"name": "송파동 51-10", "status": "full", "capacity": 2, "active": 2, "industry": "일식", "vacancy_rate": 0.0, "vacancy_rate_lo": 0.0, "vacancy_rate_hi": 0.0, "stores": 4, "source": "stores+ledger", "capacity_method": "floor_ouln", "active_pip": 0, "licensed": 3, "com_floors": [1, 2], "occ_floors": [1, 2], "unknown_n": 0, "id": "1171010400100510010-1", "pnu": "1171010400100510010", "floors": 2, "height": 0.0}}, {"type": "Feature", "geometry": {"type": "Polygon", "coordinates": [[[127.10822856, 37.50960799], [127.10810065, 37.50969217], [127.10819341, 37.5097821], [127.10826245, 37.50973509], [127.10823266, 37.50970701], [127.10829277, 37.50966695], [127.10822856, 37.50960799]]]}, "properties": {"name": "잠실파크타운", "status": "full", "capacity": 1, "active": 1, "industry": "일반 교육", "vacancy_rate": 0.0, "vacancy_rate_lo": null, "vacancy_rate_hi": null, "stores": 1, "source": "stores+ledger", "capacity_method": "expos_units", "active_pip": 0, "licensed": 0, "com_floors": null, "occ_floors": null, "unknown_n": null, "id": "1171010400100380006-1", "pnu": "1171010400100380006", "floors": 2, "height": 0.0}}, {"type": "Feature", "geometry": {"type": "Polygon", "coordinates": [[[127.1079023, 37.51105549], [127.10794804, 37.51101201], [127.10789505, 37.5109699], [127.10783866, 37.51100743], [127.1079023, 37.51105549]]]}, "properties": {"name": "송파동 57", "status": "full", "capacity": 1, "active": 1, "industry": "한식", "vacancy_rate": 0.0, "vacancy_rate_lo": 0.0, "vacancy_rate_hi": 0.0, "stores": 3, "source": "stores+ledger", "capacity_method": "floor_ouln", "active_pip": 0, "licensed": 2, "com_floors": [1], "occ_floors": [1], "unknown_n": 0, "id": "1171010400100570000-2", "pnu": "1171010400100570000", "floors": 0, "height": 0.0}}, {"type": "Feature", "geometry": {"type": "Polygon", "coordinates": [[[127.10890194, 37.5103243], [127.10879393, 37.51038521], [127.10884753, 37.51044551], [127.10895553, 37.51038459], [127.10890194, 37.5103243]]]}, "properties": {"name": "만복빌리지", "status": "full", "capacity": 1, "active": 1, "industry": "이용·미용", "vacancy_rate": 0.0, "vacancy_rate_lo": null, "vacancy_rate_hi": null, "stores": 1, "source": "stores+ledger", "capacity_method": "expos_units", "active_pip": 0, "licensed": 0, "com_floors": null, "occ_floors": null, "unknown_n": null, "id": "1171010400100550010-1", "pnu": "1171010400100550010", "floors": 5, "height": 13.2}}, {"type": "Feature", "geometry": {"type": "Polygon", "coordinates": [[[127.10845199, 37.51108716], [127.10835295, 37.51112975], [127.10842374, 37.51123421], [127.10845241, 37.51122189], [127.10845135, 37.51122034], [127.10852172, 37.51119008], [127.10845199, 37.51108716]]]}, "properties": {"name": "송파동 57-10", "status": "high", "capacity": 3, "active": 1, "industry": "섬유·의복·신발 소매", "vacancy_rate": 66.7, "vacancy_rate_lo": 66.7, "vacancy_rate_hi": 66.7, "stores": 1, "source": "stores+ledger", "capacity_method": "floor_ouln", "active_pip": 0, "licensed": 0, "com_floors": [1, 3, 4], "occ_floors": [1], "unknown_n": 0, "id": "1171010400100570010-1", "pnu": "1171010400100570010", "floors": 5, "height": 13.6}}, {"type": "Feature", "geometry": {"type": "Polygon", "coordinates": [[[127.11041262, 37.51008359], [127.11046475, 37.51015724], [127.11050329, 37.51014009], [127.11051338, 37.51015558], [127.11057499, 37.5101293], [127.11052147, 37.51004123], [127.11041262, 37.51008359]]]}, "properties": {"name": "송파동 51-3", "status": "full", "capacity": 1, "active": 1, "industry": "비알코올 ", "vacancy_rate": 0.0, "vacancy_rate_lo": 0.0, "vacancy_rate_hi": 0.0, "stores": 1, "source": "stores+ledger", "capacity_method": "floor_ouln", "active_pip": 0, "licensed": 1, "com_floors": [1], "occ_floors": [1], "unknown_n": 0, "id": "1171010400100510003-1", "pnu": "1171010400100510003", "floors": 4, "height": 0.0}}, {"type": "Feature", "geometry": {"type": "Polygon", "coordinates": [[[127.11089146, 37.50921251], [127.11083919, 37.50919967], [127.11075091, 37.50923958], [127.1108119, 37.50933214], [127.11084523, 37.50931346], [127.11086882, 37.50935515], [127.11095902, 37.50931417], [127.11089146, 37.50921251]]]}, "properties": {"name": "송파동 49-5", "status": "full", "capacity": 2, "active": 2, "industry": "서양식", "vacancy_rate": 0.0, "vacancy_rate_lo": 0.0, "vacancy_rate_hi": 0.0, "stores": 4, "source": "stores+ledger", "capacity_method": "floor_ouln", "active_pip": 0, "licensed": 4, "com_floors": [1, 2], "occ_floors": [1, 2], "unknown_n": 0, "id": "1171010400100490005-1", "pnu": "1171010400100490005", "floors": 4, "height": 0.0}}, {"type": "Feature", "geometry": {"type": "Polygon", "coordinates": [[[127.11078345, 37.5114001], [127.11095488, 37.51132919], [127.11089565, 37.51123662], [127.1107239, 37.51130908], [127.11078345, 37.5114001]]]}, "properties": {"name": "외", "status": "high", "capacity": 7, "active": 1, "industry": "기타 숙박", "vacancy_rate": 85.7, "vacancy_rate_lo": 85.7, "vacancy_rate_hi": 100.0, "stores": 1, "source": "stores+ledger", "capacity_method": "floor_ouln", "active_pip": 0, "licensed": 0, "com_floors": [1, 2, 3, 4, 5, 6, 7], "occ_floors": [], "unknown_n": 1, "id": "1171011100101090023-1", "pnu": "1171011100101090023", "floors": 7, "height": 20.5}}, {"type": "Feature", "geometry": {"type": "Polygon", "coordinates": [[[127.10987981, 37.51153457], [127.10988207, 37.51153276], [127.10987981, 37.51153096], [127.10987755, 37.51153277], [127.10987981, 37.51153457]]]}, "properties": {"name": "방이동 109-10", "status": "partial", "capacity": 2, "active": 1, "industry": "한식", "vacancy_rate": 50.0, "vacancy_rate_lo": 50.0, "vacancy_rate_hi": 100.0, "stores": 1, "source": "stores+ledger", "capacity_method": "floor_ouln", "active_pip": 0, "licensed": 0, "com_floors": [1, 2], "occ_floors": [], "unknown_n": 1, "id": "1171011100101090010-1", "pnu": "1171011100101090010", "floors": 2, "height": 10.95}}, {"type": "Feature", "geometry": {"type": "Polygon", "coordinates": [[[127.11045143, 37.50994129], [127.1103835, 37.50997054], [127.11040038, 37.50999116], [127.110345, 37.51001941], [127.11039045, 37.51008649], [127.11051513, 37.5100352], [127.11045143, 37.50994129]]]}, "properties": {"name": "송파동 51-4", "status": "full", "capacity": 2, "active": 2, "industry": "기타 간이", "vacancy_rate": 0.0, "vacancy_rate_lo": 0.0, "vacancy_rate_hi": 0.0, "stores": 4, "source": "stores+ledger", "capacity_method": "floor_ouln", "active_pip": 0, "licensed": 4, "com_floors": [1, 2], "occ_floors": [1, 2], "unknown_n": 0, "id": "1171010400100510004-1", "pnu": "1171010400100510004", "floors": 2, "height": 0.0}}, {"type": "Feature", "geometry": {"type": "Polygon", "coordinates": [[[127.11058132, 37.51135655], [127.11066498, 37.51148676], [127.11075022, 37.51145028], [127.11066938, 37.51132025], [127.11058132, 37.51135655]]]}, "properties": {"name": "방이동 109-5", "status": "empty", "capacity": 3, "active": 0, "industry": "", "vacancy_rate": 100.0, "source": "polygon_only", "capacity_method": "floor_approx", "active_pip": 0, "licensed": 0, "id": "1171011100101090005-1", "pnu": "1171011100101090005", "floors": 3, "height": 10.5}}, {"type": "Feature", "geometry": {"type": "Polygon", "coordinates": [[[127.10659691, 37.50992482], [127.10653399, 37.50998155], [127.10651825, 37.50996869], [127.10647567, 37.51000936], [127.10653693, 37.51006012], [127.10655334, 37.51006263], [127.10656566, 37.51006055], [127.1066704, 37.50998233], [127.10659691, 37.50992482]]]}, "properties": {"name": "송파동 30-11", "status": "partial", "capacity": 2, "active": 1, "industry": "종합 소매", "vacancy_rate": 50.0, "vacancy_rate_lo": 50.0, "vacancy_rate_hi": 50.0, "stores": 2, "source": "stores+ledger", "capacity_method": "floor_ouln", "active_pip": 0, "licensed": 2, "com_floors": [1, 2], "occ_floors": [1], "unknown_n": 0, "id": "1171010400100300011-1", "pnu": "1171010400100300011", "floors": 4, "height": 13.2}}, {"type": "Feature", "geometry": {"type": "Polygon", "coordinates": [[[127.10906783, 37.51010358], [127.10912597, 37.5101875], [127.10917027, 37.51016124], [127.10920936, 37.51021076], [127.10927626, 37.5101697], [127.10919298, 37.51006617], [127.10913349, 37.51006703], [127.10906783, 37.51010358]]]}, "properties": {"name": "송파동 54-13", "status": "full", "capacity": 2, "active": 2, "industry": "일식", "vacancy_rate": 0.0, "vacancy_rate_lo": 0.0, "vacancy_rate_hi": 0.0, "stores": 4, "source": "stores+ledger", "capacity_method": "floor_ouln", "active_pip": 0, "licensed": 4, "com_floors": [1, 2], "occ_floors": [1, 2], "unknown_n": 0, "id": "1171010400100540013-1", "pnu": "1171010400100540013", "floors": 3, "height": 0.0}}, {"type": "Feature", "geometry": {"type": "Polygon", "coordinates": [[[127.10926145, 37.51001844], [127.10933794, 37.51011937], [127.10946114, 37.51005816], [127.10938465, 37.50995598], [127.10926145, 37.51001844]]]}, "properties": {"name": "송파동 53-9", "status": "full", "capacity": 6, "active": 6, "industry": "종합 소매", "vacancy_rate": 0.0, "vacancy_rate_lo": 0.0, "vacancy_rate_hi": 50.0, "stores": 6, "source": "stores+ledger", "capacity_method": "floor_ouln", "active_pip": 0, "licensed": 3, "com_floors": [1, 2, 3, 4, 5, 6], "occ_floors": [1, 2, 3], "unknown_n": 3, "id": "1171010400100530009-1", "pnu": "1171010400100530009", "floors": 6, "height": 18.8}}, {"type": "Feature", "geometry": {"type": "Polygon", "coordinates": [[[127.10586687, 37.5088801], [127.1059043, 37.50890771], [127.10592842, 37.50888697], [127.10589099, 37.50885935], [127.10586687, 37.5088801]]]}, "properties": {"name": "송파동 9-9", "status": "full", "capacity": 2, "active": 2, "industry": "중식", "vacancy_rate": 0.0, "vacancy_rate_lo": 0.0, "vacancy_rate_hi": 0.0, "stores": 4, "source": "stores+ledger", "capacity_method": "floor_ouln", "active_pip": 0, "licensed": 4, "com_floors": [1, 2], "occ_floors": [1, 2], "unknown_n": 0, "id": "1171010400100090009-1", "pnu": "1171010400100090009", "floors": 0, "height": 0.0}}, {"type": "Feature", "geometry": {"type": "Polygon", "coordinates": [[[127.10586303, 37.50891528], [127.10579514, 37.5089813], [127.10587384, 37.50904691], [127.10592634, 37.50905759], [127.10602427, 37.50896487], [127.10593866, 37.50890395], [127.10589801, 37.50894173], [127.10586303, 37.50891528]]]}, "properties": {"name": "송파동 9-9", "status": "full", "capacity": 2, "active": 2, "industry": "중식", "vacancy_rate": 0.0, "vacancy_rate_lo": 0.0, "vacancy_rate_hi": 0.0, "stores": 4, "source": "stores+ledger", "capacity_method": "floor_ouln", "active_pip": 0, "licensed": 4, "com_floors": [1, 2], "occ_floors": [1, 2], "unknown_n": 0, "id": "1171010400100090009-2", "pnu": "1171010400100090009", "floors": 3, "height": 0.0}}, {"type": "Feature", "geometry": {"type": "Polygon", "coordinates": [[[127.10995734, 37.50890217], [127.11002905, 37.50898491], [127.1101076, 37.50894609], [127.11007405, 37.5089036], [127.11008807, 37.50889538], [127.11005294, 37.50885172], [127.10995734, 37.50890217]]]}, "properties": {"name": "송파동 45-13", "status": "full", "capacity": 2, "active": 2, "industry": "서양식", "vacancy_rate": 0.0, "vacancy_rate_lo": 0.0, "vacancy_rate_hi": 0.0, "stores": 1, "source": "stores+ledger", "capacity_method": "floor_ouln", "active_pip": 0, "licensed": 1, "com_floors": [1, 2], "occ_floors": [1, 2], "unknown_n": 0, "id": "1171010400100450013-1", "pnu": "1171010400100450013", "floors": 2, "height": 7.5}}, {"type": "Feature", "geometry": {"type": "Polygon", "coordinates": [[[127.10649139, 37.50984672], [127.10638385, 37.50994097], [127.10645213, 37.50999749], [127.1065608, 37.50990225], [127.10649139, 37.50984672]]]}, "properties": {"name": "송파동 30-10", "status": "partial", "capacity": 3, "active": 2, "industry": "한식", "vacancy_rate": 33.3, "vacancy_rate_lo": 33.3, "vacancy_rate_hi": 33.3, "stores": 2, "source": "stores+ledger", "capacity_method": "floor_ouln", "active_pip": 0, "licensed": 2, "com_floors": [1, 2, 3], "occ_floors": [1, 3], "unknown_n": 0, "id": "1171010400100300010-1", "pnu": "1171010400100300010", "floors": 5, "height": 0.0}}, {"type": "Feature", "geometry": {"type": "Polygon", "coordinates": [[[127.11056695, 37.5130436], [127.11042034, 37.51310123], [127.11040411, 37.51314035], [127.11043189, 37.51318952], [127.11052346, 37.51315411], [127.11050758, 37.51312899], [127.11060017, 37.51309321], [127.11056695, 37.5130436]]]}, "properties": {"name": "초원소금구이", "status": "high", "capacity": 4, "active": 1, "industry": "비알코올 ", "vacancy_rate": 75.0, "vacancy_rate_lo": 75.0, "vacancy_rate_hi": 75.0, "stores": 4, "source": "stores+ledger", "capacity_method": "floor_ouln", "active_pip": 0, "licensed": 0, "com_floors": [1, 2, 3, 4], "occ_floors": [1], "unknown_n": 0, "id": "1171011100100980007-1", "pnu": "1171011100100980007", "floors": 4, "height": 13.0}}, {"type": "Feature", "geometry": {"type": "Polygon", "coordinates": [[[127.10913354, 37.51196986], [127.1091993, 37.51207153], [127.10930149, 37.51203161], [127.10923585, 37.51193021], [127.10913354, 37.51196986]]]}, "properties": {"name": "방이동 109", "status": "empty", "capacity": 5, "active": 0, "industry": "", "vacancy_rate": 100.0, "source": "polygon_only", "capacity_method": "floor_approx", "active_pip": 0, "licensed": 0, "id": "1171011100101090000-1", "pnu": "1171011100101090000", "floors": 5, "height": 16.1}}, {"type": "Feature", "geometry": {"type": "Polygon", "coordinates": [[[127.11106334, 37.51285402], [127.11111299, 37.51293173], [127.11121495, 37.51288937], [127.11124308, 37.51293467], [127.11132131, 37.51290693], [127.11126098, 37.51280842], [127.1112052, 37.51279378], [127.11106334, 37.51285402]]]}, "properties": {"name": "방이동 99-22", "status": "full", "capacity": 2, "active": 2, "industry": "한식", "vacancy_rate": 0.0, "vacancy_rate_lo": 0.0, "vacancy_rate_hi": 50.0, "stores": 4, "source": "stores+ledger", "capacity_method": "floor_ouln", "active_pip": 0, "licensed": 0, "com_floors": [1, 4], "occ_floors": [1], "unknown_n": 1, "id": "1171011100100990022-1", "pnu": "1171011100100990022", "floors": 4, "height": 14.0}}, {"type": "Feature", "geometry": {"type": "Polygon", "coordinates": [[[127.10953758, 37.51306538], [127.10964961, 37.51302203], [127.10956174, 37.51287813], [127.1095363, 37.51288455], [127.10949007, 37.51298478], [127.10953758, 37.51306538]]]}, "properties": {"name": "명칭없음", "status": "full", "capacity": 4, "active": 4, "industry": "일식", "vacancy_rate": 0.0, "vacancy_rate_lo": null, "vacancy_rate_hi": null, "stores": 4, "source": "stores+ledger", "capacity_method": "expos_units", "active_pip": 0, "licensed": 3, "com_floors": null, "occ_floors": null, "unknown_n": null, "id": "1171011100100690006-1", "pnu": "1171011100100690006", "floors": 3, "height": 0.0}}, {"type": "Feature", "geometry": {"type": "Polygon", "coordinates": [[[127.1085267, 37.51320579], [127.10865106, 37.51323973], [127.10871563, 37.51307632], [127.10859128, 37.51304417], [127.1085267, 37.51320579]]]}, "properties": {"name": "부흥빌딩", "status": "partial", "capacity": 6, "active": 5, "industry": "한식", "vacancy_rate": 16.7, "vacancy_rate_lo": 16.7, "vacancy_rate_hi": 16.7, "stores": 5, "source": "stores+ledger", "capacity_method": "floor_ouln", "active_pip": 0, "licensed": 2, "com_floors": [1, 2, 3, 4, 5, 6], "occ_floors": [1, 2, 4, 5, 6], "unknown_n": 0, "id": "1171011100100670007-1", "pnu": "1171011100100670007", "floors": 6, "height": 18.0}}, {"type": "Feature", "geometry": {"type": "Polygon", "coordinates": [[[127.10897673, 37.51270952], [127.10891308, 37.51285929], [127.10902717, 37.51289006], [127.10909077, 37.51274027], [127.10897673, 37.51270952]]]}, "properties": {"name": "명칭없음", "status": "full", "capacity": 1, "active": 1, "industry": "한식", "vacancy_rate": 0.0, "vacancy_rate_lo": null, "vacancy_rate_hi": null, "stores": 1, "source": "stores+ledger", "capacity_method": "expos_units", "active_pip": 0, "licensed": 1, "com_floors": null, "occ_floors": null, "unknown_n": null, "id": "1171011100100680001-1", "pnu": "1171011100100680001", "floors": 5, "height": 15.0}}, {"type": "Feature", "geometry": {"type": "Polygon", "coordinates": [[[127.10908651, 37.51237463], [127.1091628, 37.51248593], [127.10925436, 37.51245053], [127.10927058, 37.51240141], [127.10921447, 37.51231929], [127.10908651, 37.51237463]]]}, "properties": {"name": "방이동 67-10", "status": "full", "capacity": 3, "active": 3, "industry": "한식", "vacancy_rate": 0.0, "vacancy_rate_lo": 0.0, "vacancy_rate_hi": 0.0, "stores": 3, "source": "stores+ledger", "capacity_method": "floor_ouln", "active_pip": 0, "licensed": 2, "com_floors": [1, 2, 3], "occ_floors": [1, 2, 3], "unknown_n": 0, "id": "1171011100100670010-1", "pnu": "1171011100100670010", "floors": 4, "height": 0.0}}, {"type": "Feature", "geometry": {"type": "Polygon", "coordinates": [[[127.10858018, 37.51280335], [127.10853228, 37.51291782], [127.10862789, 37.51294098], [127.1086724, 37.51282651], [127.10858018, 37.51280335]]]}, "properties": {"name": "방이동 67-1", "status": "partial", "capacity": 2, "active": 1, "industry": "", "vacancy_rate": 50.0, "source": "pip_only", "capacity_method": "floor_approx", "active_pip": 0, "licensed": 1, "id": "1171011100100670001-1", "pnu": "1171011100100670001", "floors": 2, "height": 7.85}}, {"type": "Feature", "geometry": {"type": "Polygon", "coordinates": [[[127.10959257, 37.51198827], [127.10944278, 37.51204643], [127.10948292, 37.51211135], [127.10963372, 37.51205265], [127.10959257, 37.51198827]]]}, "properties": {"name": "방이동 71-4", "status": "high", "capacity": 3, "active": 1, "industry": "교육 지원", "vacancy_rate": 66.7, "vacancy_rate_lo": 66.7, "vacancy_rate_hi": 66.7, "stores": 1, "source": "stores+ledger", "capacity_method": "floor_ouln", "active_pip": 0, "licensed": 0, "com_floors": [1, 2, 3], "occ_floors": [2], "unknown_n": 0, "id": "1171011100100710004-1", "pnu": "1171011100100710004", "floors": 4, "height": 11.8}}, {"type": "Feature", "geometry": {"type": "Polygon", "coordinates": [[[127.10911494, 37.51313484], [127.10897689, 37.5130982], [127.10894672, 37.5131703], [127.10894737, 37.51317047], [127.10893434, 37.51320163], [127.10902469, 37.51322561], [127.10903005, 37.51321278], [127.1090771, 37.51322527], [127.10911494, 37.51313484]]]}, "properties": {"name": "보석빌딩", "status": "partial", "capacity": 4, "active": 2, "industry": "한식", "vacancy_rate": 50.0, "vacancy_rate_lo": 50.0, "vacancy_rate_hi": 50.0, "stores": 1, "source": "stores+ledger", "capacity_method": "floor_ouln", "active_pip": 0, "licensed": 1, "com_floors": [1, 2, 4, 5], "occ_floors": [1, 2], "unknown_n": 0, "id": "1171011100100680011-1", "pnu": "1171011100100680011", "floors": 5, "height": 14.9}}, {"type": "Feature", "geometry": {"type": "Polygon", "coordinates": [[[127.1087171, 37.51237264], [127.10876312, 37.51244179], [127.10898074, 37.51235779], [127.10893528, 37.51228656], [127.1087171, 37.51237264]]]}, "properties": {"name": "태훈빌딩", "status": "high", "capacity": 3, "active": 1, "industry": "한식", "vacancy_rate": 66.7, "vacancy_rate_lo": 66.7, "vacancy_rate_hi": 66.7, "stores": 3, "source": "stores+ledger", "capacity_method": "floor_ouln", "active_pip": 0, "licensed": 3, "com_floors": [1, 2, 3], "occ_floors": [1], "unknown_n": 0, "id": "1171011100100670003-1", "pnu": "1171011100100670003", "floors": 5, "height": 0.0}}, {"type": "Feature", "geometry": {"type": "Polygon", "coordinates": [[[127.11052813, 37.51332935], [127.11067622, 37.51327092], [127.11063393, 37.51320329], [127.11061675, 37.51321016], [127.11059702, 37.51317585], [127.11046498, 37.51322697], [127.11052813, 37.51332935]]]}, "properties": {"name": "삼정빌딩", "status": "full", "capacity": 2, "active": 2, "industry": "가전·통신 소매", "vacancy_rate": 0.0, "vacancy_rate_lo": 0.0, "vacancy_rate_hi": 0.0, "stores": 3, "source": "stores+ledger", "capacity_method": "floor_ouln", "active_pip": 0, "licensed": 2, "com_floors": [1, 2], "occ_floors": [1, 2], "unknown_n": 0, "id": "1171011100100980006-1", "pnu": "1171011100100980006", "floors": 3, "height": 0.0}}, {"type": "Feature", "geometry": {"type": "Polygon", "coordinates": [[[127.10924984, 37.51267821], [127.10931174, 37.51278267], [127.10944795, 37.51272416], [127.10945586, 37.51271244], [127.10945437, 37.51270055], [127.10945108, 37.51269371], [127.10939916, 37.51261528], [127.10924984, 37.51267821]]]}, "properties": {"name": "방이동 68-8", "status": "partial", "capacity": 5, "active": 3, "industry": "한식", "vacancy_rate": 40.0, "vacancy_rate_lo": 40.0, "vacancy_rate_hi": 60.0, "stores": 4, "source": "stores+ledger", "capacity_method": "floor_ouln", "active_pip": 0, "licensed": 2, "com_floors": [1, 2, 3, 4, 5], "occ_floors": [1, 2], "unknown_n": 1, "id": "1171011100100680008-1", "pnu": "1171011100100680008", "floors": 5, "height": 16.2}}, {"type": "Feature", "geometry": {"type": "Polygon", "coordinates": [[[127.1104007, 37.5126657], [127.11046521, 37.51277114], [127.11062438, 37.51270802], [127.11056564, 37.51260824], [127.1104007, 37.5126657]]]}, "properties": {"name": "방이동 93-7", "status": "high", "capacity": 5, "active": 2, "industry": "기타 숙박", "vacancy_rate": 60.0, "vacancy_rate_lo": 60.0, "vacancy_rate_hi": 80.0, "stores": 2, "source": "stores+ledger", "capacity_method": "floor_ouln", "active_pip": 0, "licensed": 1, "com_floors": [1, 2, 3, 4, 5], "occ_floors": [1], "unknown_n": 1, "id": "1171011100100930007-1", "pnu": "1171011100100930007", "floors": 6, "height": 19.3}}, {"type": "Feature", "geometry": {"type": "Polygon", "coordinates": [[[127.11002794, 37.5130041], [127.11010196, 37.51311738], [127.11024643, 37.51306373], [127.1102594, 37.51303389], [127.1102026, 37.51294033], [127.11002794, 37.5130041]]]}, "properties": {"name": "방이동 71-9", "status": "full", "capacity": 2, "active": 2, "industry": "세탁", "vacancy_rate": 0.0, "vacancy_rate_lo": 0.0, "vacancy_rate_hi": 0.0, "stores": 4, "source": "stores+ledger", "capacity_method": "floor_ouln", "active_pip": 0, "licensed": 2, "com_floors": [1, 2], "occ_floors": [1, 2], "unknown_n": 0, "id": "1171011100100710009-1", "pnu": "1171011100100710009", "floors": 3, "height": 0.0}}, {"type": "Feature", "geometry": {"type": "Polygon", "coordinates": [[[127.1093614, 37.51231843], [127.10949592, 37.51226424], [127.10944795, 37.51217941], [127.10930868, 37.51223225], [127.1093614, 37.51231843]]]}, "properties": {"name": "방이동 71-13", "status": "full", "capacity": 1, "active": 1, "industry": "주점", "vacancy_rate": 0.0, "vacancy_rate_lo": 0.0, "vacancy_rate_hi": 0.0, "stores": 2, "source": "stores+ledger", "capacity_method": "floor_ouln", "active_pip": 0, "licensed": 1, "com_floors": [1], "occ_floors": [1], "unknown_n": 0, "id": "1171011100100710013-1", "pnu": "1171011100100710013", "floors": 4, "height": 0.0}}, {"type": "Feature", "geometry": {"type": "Polygon", "coordinates": [[[127.10855549, 37.51223412], [127.10839062, 37.51218093], [127.10832125, 37.51215613], [127.10822097, 37.5124194], [127.10850712, 37.51249374], [127.1085691, 37.51233051], [127.10855535, 37.51229115], [127.10855109, 37.51224521], [127.10855549, 37.51223412]]]}, "properties": {"name": "방이동 66-3", "status": "full", "capacity": 2, "active": 2, "industry": "한식", "vacancy_rate": 0.0, "vacancy_rate_lo": 0.0, "vacancy_rate_hi": 0.0, "stores": 2, "source": "stores+ledger", "capacity_method": "floor_ouln", "active_pip": 0, "licensed": 2, "com_floors": [1, 2], "occ_floors": [1, 2], "unknown_n": 0, "id": "1171011100100660003-1", "pnu": "1171011100100660003", "floors": 0, "height": 0.0}}, {"type": "Feature", "geometry": {"type": "Polygon", "coordinates": [[[127.10855549, 37.51223394], [127.10856304, 37.51221474], [127.10858291, 37.5121913], [127.10858856, 37.51218463], [127.10861908, 37.51216919], [127.10865491, 37.51222322], [127.10904059, 37.51206428], [127.10892769, 37.51189103], [127.10849383, 37.51206416], [127.10845191, 37.51209474], [127.10842176, 37.51212522], [127.1084021, 37.51214587], [127.10839062, 37.51218084], [127.10855549, 37.51223394]]]}, "properties": {"name": "방이동 66-3", "status": "full", "capacity": 2, "active": 2, "industry": "한식", "vacancy_rate": 0.0, "vacancy_rate_lo": 0.0, "vacancy_rate_hi": 0.0, "stores": 2, "source": "stores+ledger", "capacity_method": "floor_ouln", "active_pip": 0, "licensed": 2, "com_floors": [1, 2], "occ_floors": [1, 2], "unknown_n": 0, "id": "1171011100100660003-2", "pnu": "1171011100100660003", "floors": 6, "height": 30.0}}, {"type": "Feature", "geometry": {"type": "Polygon", "coordinates": [[[127.11074992, 37.51315966], [127.11078022, 37.51314918], [127.11073564, 37.51307354], [127.11064543, 37.51310399], [127.11065826, 37.51313101], [127.11072416, 37.51310436], [127.11073323, 37.51311913], [127.11073074, 37.51312265], [127.11074992, 37.51315966]]]}, "properties": {"name": "방이동 98-16", "status": "full", "capacity": 1, "active": 1, "industry": "한식", "vacancy_rate": 0.0, "vacancy_rate_lo": 0.0, "vacancy_rate_hi": 0.0, "stores": 6, "source": "stores+ledger", "capacity_method": "floor_ouln", "active_pip": 0, "licensed": 4, "com_floors": [1], "occ_floors": [1], "unknown_n": 0, "id": "1171011100100980016-1", "pnu": "1171011100100980016", "floors": 0, "height": 0.0}}, {"type": "Feature", "geometry": {"type": "Polygon", "coordinates": [[[127.10941729, 37.51240866], [127.10956493, 37.5123522], [127.10952184, 37.51228161], [127.10937624, 37.51233896], [127.10941729, 37.51240866]]]}, "properties": {"name": "방이동 71-3", "status": "full", "capacity": 1, "active": 1, "industry": "한식", "vacancy_rate": 0.0, "vacancy_rate_lo": 0.0, "vacancy_rate_hi": 0.0, "stores": 2, "source": "stores+ledger", "capacity_method": "floor_ouln", "active_pip": 0, "licensed": 2, "com_floors": [1], "occ_floors": [1], "unknown_n": 0, "id": "1171011100100710003-1", "pnu": "1171011100100710003", "floors": 4, "height": 0.0}}, {"type": "Feature", "geometry": {"type": "Polygon", "coordinates": [[[127.10817239, 37.51332684], [127.10823383, 37.51318389], [127.10807429, 37.51314349], [127.10801477, 37.51328392], [127.10817239, 37.51332684]]]}, "properties": {"name": "방이동 65-4", "status": "full", "capacity": 4, "active": 4, "industry": "일반 교육", "vacancy_rate": 0.0, "vacancy_rate_lo": 0.0, "vacancy_rate_hi": 25.0, "stores": 1, "source": "stores+ledger", "capacity_method": "floor_ouln", "active_pip": 0, "licensed": 1, "com_floors": [1, 2, 3, 6], "occ_floors": [1, 2, 6], "unknown_n": 1, "id": "1171011100100650004-1", "pnu": "1171011100100650004", "floors": 6, "height": 22.95}}, {"type": "Feature", "geometry": {"type": "Polygon", "coordinates": [[[127.10922817, 37.5126398], [127.10935588, 37.51258783], [127.10931623, 37.51252031], [127.10927365, 37.51250618], [127.10916173, 37.51254986], [127.10922817, 37.5126398]]]}, "properties": {"name": "명칭없음", "status": "full", "capacity": 4, "active": 4, "industry": "주점", "vacancy_rate": 0.0, "vacancy_rate_lo": null, "vacancy_rate_hi": null, "stores": 4, "source": "stores+ledger", "capacity_method": "expos_units", "active_pip": 0, "licensed": 4, "com_floors": null, "occ_floors": null, "unknown_n": null, "id": "1171011100100680006-1", "pnu": "1171011100100680006", "floors": 6, "height": 18.85}}, {"type": "Feature", "geometry": {"type": "Polygon", "coordinates": [[[127.10895208, 37.51318837], [127.10898984, 37.51310138], [127.10893485, 37.51308837], [127.10893925, 37.51307801], [127.10886039, 37.51306114], [127.10885037, 37.51309367], [127.10882989, 37.51308982], [127.10880611, 37.51314561], [127.10895208, 37.51318837]]]}, "properties": {"name": "방이동 68-9", "status": "full", "capacity": 3, "active": 3, "industry": "비알코올 ", "vacancy_rate": 0.0, "vacancy_rate_lo": 0.0, "vacancy_rate_hi": 0.0, "stores": 3, "source": "stores+ledger", "capacity_method": "floor_ouln", "active_pip": 0, "licensed": 3, "com_floors": [1, 2, 5], "occ_floors": [1, 2, 5], "unknown_n": 0, "id": "1171011100100680009-1", "pnu": "1171011100100680009", "floors": 2, "height": 0.0}}, {"type": "Feature", "geometry": {"type": "Polygon", "coordinates": [[[127.10977712, 37.51266204], [127.10973392, 37.51259063], [127.10956911, 37.51265765], [127.10961117, 37.51272527], [127.10977712, 37.51266204]]]}, "properties": {"name": "방이동 71-11", "status": "full", "capacity": 2, "active": 2, "industry": "주점", "vacancy_rate": 0.0, "vacancy_rate_lo": 0.0, "vacancy_rate_hi": 0.0, "stores": 2, "source": "stores+ledger", "capacity_method": "floor_ouln", "active_pip": 0, "licensed": 1, "com_floors": [1, 2], "occ_floors": [1, 2], "unknown_n": 0, "id": "1171011100100710011-1", "pnu": "1171011100100710011", "floors": 4, "height": 0.0}}, {"type": "Feature", "geometry": {"type": "Polygon", "coordinates": [[[127.10952345, 37.51260075], [127.10961525, 37.51256993], [127.1096038, 37.51255453], [127.10964438, 37.51253891], [127.10955322, 37.5123942], [127.10942424, 37.5124456], [127.10952345, 37.51260075]]]}, "properties": {"name": "방이동 71-2", "status": "full", "capacity": 4, "active": 4, "industry": "기타 교육", "vacancy_rate": 0.0, "vacancy_rate_lo": 0.0, "vacancy_rate_hi": 0.0, "stores": 7, "source": "stores+ledger", "capacity_method": "floor_ouln", "active_pip": 0, "licensed": 4, "com_floors": [1, 2, 3, 4], "occ_floors": [1, 2, 3, 4], "unknown_n": 0, "id": "1171011100100710002-1", "pnu": "1171011100100710002", "floors": 4, "height": 15.9}}, {"type": "Feature", "geometry": {"type": "Polygon", "coordinates": [[[127.11023459, 37.51285227], [127.11034138, 37.51302174], [127.11049445, 37.51296394], [127.11046191, 37.51290802], [127.11042754, 37.51291841], [127.11039342, 37.51286889], [127.11044078, 37.51284766], [127.11040189, 37.51278237], [127.11023459, 37.51285227]]]}, "properties": {"name": "흥진맨션", "status": "partial", "capacity": 4, "active": 2, "industry": "한식", "vacancy_rate": 50.0, "vacancy_rate_lo": null, "vacancy_rate_hi": null, "stores": 2, "source": "stores+ledger", "capacity_method": "expos_units", "active_pip": 0, "licensed": 2, "com_floors": null, "occ_floors": null, "unknown_n": null, "id": "1171011100100930000-1", "pnu": "1171011100100930000", "floors": 5, "height": 15.1}}, {"type": "Feature", "geometry": {"type": "Polygon", "coordinates": [[[127.10946309, 37.51280586], [127.10935121, 37.51285333], [127.10931259, 37.51295301], [127.10931638, 37.51295394], [127.10931913, 37.51294683], [127.10938722, 37.51296358], [127.10936921, 37.51301007], [127.10944919, 37.51302972], [127.10949821, 37.51290316], [127.10949443, 37.51290224], [127.10949193, 37.51290869], [127.10948003, 37.51290576], [127.10950321, 37.51284593], [127.10948704, 37.51284196], [127.1094631, 37.51280587], [127.10946309, 37.51280586]]]}, "properties": {"name": "방이동 69-1", "status": "full", "capacity": 4, "active": 4, "industry": "주점", "vacancy_rate": 0.0, "vacancy_rate_lo": 0.0, "vacancy_rate_hi": 0.0, "stores": 2, "source": "stores+ledger", "capacity_method": "floor_ouln", "active_pip": 0, "licensed": 2, "com_floors": [1, 2, 3, 4], "occ_floors": [1, 2, 3, 4], "unknown_n": 0, "id": "1171011100100690001-1", "pnu": "1171011100100690001", "floors": 6, "height": 17.4}}, {"type": "Feature", "geometry": {"type": "Polygon", "coordinates": [[[127.10890261, 37.51300447], [127.10900611, 37.51303202], [127.10903596, 37.51295116], [127.10893274, 37.51292425], [127.10890261, 37.51300447]]]}, "properties": {"name": "방이동 68-10", "status": "partial", "capacity": 2, "active": 1, "industry": "한식", "vacancy_rate": 50.0, "vacancy_rate_lo": 50.0, "vacancy_rate_hi": 50.0, "stores": 1, "source": "stores+ledger", "capacity_method": "floor_ouln", "active_pip": 0, "licensed": 1, "com_floors": [1, 2], "occ_floors": [1], "unknown_n": 0, "id": "1171011100100680010-1", "pnu": "1171011100100680010", "floors": 2, "height": 7.9}}, {"type": "Feature", "geometry": {"type": "Polygon", "coordinates": [[[127.10880759, 37.51315723], [127.1087588, 37.51328396], [127.10887625, 37.51331593], [127.10892538, 37.51318596], [127.10880759, 37.51315723]]]}, "properties": {"name": "서흥빌딩", "status": "partial", "capacity": 6, "active": 4, "industry": "유원지·오락", "vacancy_rate": 33.3, "vacancy_rate_lo": 33.3, "vacancy_rate_hi": 50.0, "stores": 2, "source": "stores+ledger", "capacity_method": "floor_ouln", "active_pip": 0, "licensed": 2, "com_floors": [1, 2, 3, 4, 5, 6], "occ_floors": [1, 3, 4], "unknown_n": 1, "id": "1171011100100680000-1", "pnu": "1171011100100680000", "floors": 6, "height": 18.9}}, {"type": "Feature", "geometry": {"type": "Polygon", "coordinates": [[[127.10853726, 37.5129207], [127.1085127, 37.51298388], [127.10859824, 37.51300434], [127.10862348, 37.51294116], [127.10853726, 37.5129207]]]}, "properties": {"name": "방이동 67-1", "status": "full", "capacity": 1, "active": 1, "industry": "", "vacancy_rate": 0.0, "source": "pip_only", "capacity_method": "floor_approx", "active_pip": 0, "licensed": 1, "id": "1171011100100670001-2", "pnu": "1171011100100670001", "floors": 0, "height": 0.0}}, {"type": "Feature", "geometry": {"type": "Polygon", "coordinates": [[[127.10985752, 37.51095079], [127.10976087, 37.5109871], [127.10981529, 37.51107814], [127.10991172, 37.51104003], [127.10985752, 37.51095079]]]}, "properties": {"name": "송파동 59-7", "status": "full", "capacity": 1, "active": 1, "industry": "이용·미용", "vacancy_rate": 0.0, "vacancy_rate_lo": 0.0, "vacancy_rate_hi": 0.0, "stores": 1, "source": "stores+ledger", "capacity_method": "floor_ouln", "active_pip": 0, "licensed": 1, "com_floors": [1], "occ_floors": [1], "unknown_n": 0, "id": "1171010400100590007-1", "pnu": "1171010400100590007", "floors": 4, "height": 11.7}}, {"type": "Feature", "geometry": {"type": "Polygon", "coordinates": [[[127.10876064, 37.51289008], [127.10880512, 37.5127859], [127.10870435, 37.5127586], [127.10865988, 37.51286278], [127.10876064, 37.51289008]]]}, "properties": {"name": "방이동", "status": "full", "capacity": 1, "active": 1, "industry": "한식", "vacancy_rate": 0.0, "vacancy_rate_lo": 0.0, "vacancy_rate_hi": 0.0, "stores": 1, "source": "stores+ledger", "capacity_method": "floor_ouln", "active_pip": 0, "licensed": 1, "com_floors": [1], "occ_floors": [1], "unknown_n": 0, "id": "1171011100100670005-1", "pnu": "1171011100100670005", "floors": 1, "height": 5.85}}, {"type": "Feature", "geometry": {"type": "Polygon", "coordinates": [[[127.10845977, 37.51298681], [127.10838943, 37.51315492], [127.10850223, 37.51317977], [127.10857156, 37.51301311], [127.10845977, 37.51298681]]]}, "properties": {"name": "오선빌딩", "status": "full", "capacity": 4, "active": 4, "industry": "한식", "vacancy_rate": 0.0, "vacancy_rate_lo": 0.0, "vacancy_rate_hi": 25.0, "stores": 5, "source": "stores+ledger", "capacity_method": "floor_ouln", "active_pip": 0, "licensed": 1, "com_floors": [1, 2, 3, 5], "occ_floors": [1, 2, 3], "unknown_n": 1, "id": "1171011100100670000-1", "pnu": "1171011100100670000", "floors": 5, "height": 14.5}}, {"type": "Feature", "geometry": {"type": "Polygon", "coordinates": [[[127.11044487, 37.5107149], [127.11050574, 37.51080557], [127.11075544, 37.51070244], [127.11069241, 37.51060555], [127.11044487, 37.5107149]]]}, "properties": {"name": "송파동 59-10", "status": "full", "capacity": 3, "active": 3, "industry": "이용·미용", "vacancy_rate": 0.0, "vacancy_rate_lo": 0.0, "vacancy_rate_hi": 33.3, "stores": 5, "source": "stores+ledger", "capacity_method": "floor_ouln", "active_pip": 0, "licensed": 2, "com_floors": [1, 2, 3], "occ_floors": [1, 2], "unknown_n": 1, "id": "1171010400100590010-1", "pnu": "1171010400100590010", "floors": 3, "height": 0.0}}, {"type": "Feature", "geometry": {"type": "Polygon", "coordinates": [[[127.1101316, 37.51227177], [127.1101807, 37.51235929], [127.11031319, 37.51231033], [127.11030265, 37.51229566], [127.11034663, 37.51228012], [127.11030208, 37.51221006], [127.1101316, 37.51227177]]]}, "properties": {"name": "방이동 93-5", "status": "empty", "capacity": 3, "active": 0, "industry": "", "vacancy_rate": 100.0, "source": "polygon_only", "capacity_method": "floor_approx", "active_pip": 0, "licensed": 0, "id": "1171011100100930005-1", "pnu": "1171011100100930005", "floors": 3, "height": 10.2}}, {"type": "Feature", "geometry": {"type": "Polygon", "coordinates": [[[127.1081473, 37.51027932], [127.10806132, 37.5103476], [127.10815181, 37.51042942], [127.10818947, 37.51042866], [127.10825454, 37.51037301], [127.1081473, 37.51027932]]]}, "properties": {"name": "용진빌딩", "status": "full", "capacity": 4, "active": 4, "industry": "비알코올 ", "vacancy_rate": 0.0, "vacancy_rate_lo": 0.0, "vacancy_rate_hi": 50.0, "stores": 3, "source": "stores+ledger", "capacity_method": "floor_ouln", "active_pip": 0, "licensed": 2, "com_floors": [1, 2, 5, 6], "occ_floors": [1, 2], "unknown_n": 2, "id": "1171010400100370011-1", "pnu": "1171010400100370011", "floors": 6, "height": 18.7}}, {"type": "Feature", "geometry": {"type": "Polygon", "coordinates": [[[127.11042971, 37.51125961], [127.11028657, 37.51131764], [127.11031434, 37.51136148], [127.11031813, 37.51135997], [127.110324, 37.51136923], [127.1102764, 37.51138836], [127.1103118, 37.51144501], [127.11035968, 37.51142582], [127.11035519, 37.51141849], [127.1104948, 37.51136237], [127.11042971, 37.51125961]]]}, "properties": {"name": "방이동 109-15", "status": "empty", "capacity": 6, "active": 0, "industry": "", "vacancy_rate": 100.0, "source": "polygon_only", "capacity_method": "floor_approx", "active_pip": 0, "licensed": 0, "id": "1171011100101090015-1", "pnu": "1171011100101090015", "floors": 6, "height": 19.0}}, {"type": "Feature", "geometry": {"type": "Polygon", "coordinates": [[[127.10800506, 37.51290713], [127.10795862, 37.51302241], [127.10821887, 37.51308597], [127.10825976, 37.51297132], [127.10800506, 37.51290713]]]}, "properties": {"name": "덕림빌딩", "status": "partial", "capacity": 5, "active": 4, "industry": "애완동물·용품 소매", "vacancy_rate": 20.0, "vacancy_rate_lo": 20.0, "vacancy_rate_hi": 20.0, "stores": 3, "source": "stores+ledger", "capacity_method": "floor_ouln", "active_pip": 0, "licensed": 1, "com_floors": [1, 2, 3, 4, 6], "occ_floors": [2, 3, 4, 6], "unknown_n": 0, "id": "1171011100100660000-1", "pnu": "1171011100100660000", "floors": 8, "height": 0.0}}, {"type": "Feature", "geometry": {"type": "Polygon", "coordinates": [[[127.10853361, 37.5108683], [127.10861328, 37.51097996], [127.10871174, 37.51093878], [127.10863297, 37.51082289], [127.10853361, 37.5108683]]]}, "properties": {"name": "송파동 57-3", "status": "full", "capacity": 4, "active": 4, "industry": "한식", "vacancy_rate": 0.0, "vacancy_rate_lo": 0.0, "vacancy_rate_hi": 0.0, "stores": 6, "source": "stores+ledger", "capacity_method": "floor_ouln", "active_pip": 0, "licensed": 3, "com_floors": [1, 2, 3, 4], "occ_floors": [1, 2, 3, 4], "unknown_n": 0, "id": "1171010400100570003-1", "pnu": "1171010400100570003", "floors": 4, "height": 0.0}}, {"type": "Feature", "geometry": {"type": "Polygon", "coordinates": [[[127.10631749, 37.51036981], [127.10660702, 37.5105939], [127.10675501, 37.51046259], [127.1064666, 37.51023165], [127.10631749, 37.51036981]]]}, "properties": {"name": "여흥레이크빌", "status": "high", "capacity": 4, "active": 1, "industry": "기타 간이", "vacancy_rate": 75.0, "vacancy_rate_lo": null, "vacancy_rate_hi": null, "stores": 1, "source": "stores+ledger", "capacity_method": "expos_units", "active_pip": 0, "licensed": 1, "com_floors": null, "occ_floors": null, "unknown_n": null, "id": "1171010400100310000-1", "pnu": "1171010400100310000", "floors": 29, "height": 98.85}}, {"type": "Feature", "geometry": {"type": "Polygon", "coordinates": [[[127.10776544, 37.51223493], [127.10776134, 37.5122143], [127.10776507, 37.51221475], [127.10775756, 37.51210096], [127.10775021, 37.51210187], [127.10775098, 37.51209052], [127.10764771, 37.51209385], [127.10764874, 37.51210565], [127.10763608, 37.51210648], [127.1076461, 37.51222648], [127.10765854, 37.51222575], [127.10766082, 37.51223764], [127.10776544, 37.51223493]]]}, "properties": {"name": "송파관광정보센터", "status": "partial", "capacity": 2, "active": 1, "industry": "서양식", "vacancy_rate": 50.0, "vacancy_rate_lo": 50.0, "vacancy_rate_hi": 50.0, "stores": 1, "source": "stores+ledger", "capacity_method": "floor_ouln", "active_pip": 0, "licensed": 0, "com_floors": [1, 2], "occ_floors": [1], "unknown_n": 0, "id": "1171010200100320000-4", "pnu": "1171010200100320000", "floors": 0, "height": 0.0}}, {"type": "Feature", "geometry": {"type": "Polygon", "coordinates": [[[127.10836234, 37.51046075], [127.10844857, 37.51057231], [127.10859177, 37.5104937], [127.10851994, 37.51040826], [127.10850194, 37.51040098], [127.1084748, 37.51040128], [127.10836234, 37.51046075]]]}, "properties": {"name": "미석빌딩", "status": "full", "capacity": 3, "active": 3, "industry": "비알코올 ", "vacancy_rate": 0.0, "vacancy_rate_lo": 0.0, "vacancy_rate_hi": 33.3, "stores": 8, "source": "stores+ledger", "capacity_method": "floor_ouln", "active_pip": 0, "licensed": 3, "com_floors": [1, 2, 4], "occ_floors": [1, 2], "unknown_n": 1, "id": "1171010400100560002-1", "pnu": "1171010400100560002", "floors": 5, "height": 15.95}}, {"type": "Feature", "geometry": {"type": "Polygon", "coordinates": [[[127.10948509, 37.51011663], [127.10946458, 37.51008897], [127.10940365, 37.51011553], [127.10942439, 37.51014289], [127.10948509, 37.51011663]]]}, "properties": {"name": "송파동 53-9", "status": "full", "capacity": 6, "active": 6, "industry": "종합 소매", "vacancy_rate": 0.0, "vacancy_rate_lo": 0.0, "vacancy_rate_hi": 50.0, "stores": 6, "source": "stores+ledger", "capacity_method": "floor_ouln", "active_pip": 0, "licensed": 3, "com_floors": [1, 2, 3, 4, 5, 6], "occ_floors": [1, 2, 3], "unknown_n": 3, "id": "1171010400100530009-2", "pnu": "1171010400100530009", "floors": 0, "height": 0.0}}, {"type": "Feature", "geometry": {"type": "Polygon", "coordinates": [[[127.10756544, 37.51127482], [127.10761764, 37.51131442], [127.1076748, 37.51126346], [127.10762429, 37.51122071], [127.10756544, 37.51127482]]]}, "properties": {"name": "대성빌딩", "status": "full", "capacity": 4, "active": 4, "industry": "한식", "vacancy_rate": 0.0, "vacancy_rate_lo": 0.0, "vacancy_rate_hi": 0.0, "stores": 5, "source": "stores+ledger", "capacity_method": "floor_ouln", "active_pip": 0, "licensed": 3, "com_floors": [1, 4, 5, 6], "occ_floors": [1, 4, 5, 6], "unknown_n": 0, "id": "1171010400100580000-1", "pnu": "1171010400100580000", "floors": 0, "height": 0.0}}, {"type": "Feature", "geometry": {"type": "Polygon", "coordinates": [[[127.10691816, 37.5100277], [127.10677254, 37.51014811], [127.10684161, 37.51020526], [127.10687563, 37.51018397], [127.10747458, 37.51069709], [127.10756745, 37.51062088], [127.10699262, 37.51013359], [127.10701736, 37.51011474], [127.10691816, 37.5100277]]]}, "properties": {"name": "호수임광아파트", "status": "high", "capacity": 14, "active": 3, "industry": "주점", "vacancy_rate": 78.6, "vacancy_rate_lo": null, "vacancy_rate_hi": null, "stores": 3, "source": "stores+ledger", "capacity_method": "expos_units", "active_pip": 0, "licensed": 3, "com_floors": null, "occ_floors": null, "unknown_n": null, "id": "1171010400100330000-2", "pnu": "1171010400100330000", "floors": 12, "height": 33.32}}, {"type": "Feature", "geometry": {"type": "Polygon", "coordinates": [[[127.10881222, 37.50995515], [127.10873877, 37.51000477], [127.10882101, 37.51008858], [127.10887713, 37.51009772], [127.10896912, 37.51004538], [127.10890002, 37.50997201], [127.10885346, 37.50999773], [127.10881222, 37.50995515]]]}, "properties": {"name": "송파동 39-3", "status": "full", "capacity": 3, "active": 3, "industry": "일식", "vacancy_rate": 0.0, "vacancy_rate_lo": 0.0, "vacancy_rate_hi": 33.3, "stores": 6, "source": "stores+ledger", "capacity_method": "floor_ouln", "active_pip": 0, "licensed": 2, "com_floors": [1, 2, 3], "occ_floors": [1, 3], "unknown_n": 1, "id": "1171010400100390003-1", "pnu": "1171010400100390003", "floors": 4, "height": 0.0}}, {"type": "Feature", "geometry": {"type": "Polygon", "coordinates": [[[127.11094275, 37.50871285], [127.11085108, 37.50875645], [127.11094708, 37.50889466], [127.11093183, 37.50890351], [127.1109512, 37.50892854], [127.11085931, 37.50896746], [127.11090442, 37.5090312], [127.11110572, 37.50894245], [127.11094275, 37.50871285]]]}, "properties": {"name": "영동빌딩", "status": "full", "capacity": 3, "active": 3, "industry": "가전·통신 소매", "vacancy_rate": 0.0, "vacancy_rate_lo": 0.0, "vacancy_rate_hi": 0.0, "stores": 7, "source": "stores+ledger", "capacity_method": "floor_ouln", "active_pip": 0, "licensed": 0, "com_floors": [1, 2, 4], "occ_floors": [1, 2, 4], "unknown_n": 0, "id": "1171010400100470003-1", "pnu": "1171010400100470003", "floors": 4, "height": 0.0}}, {"type": "Feature", "geometry": {"type": "Polygon", "coordinates": [[[127.11087257, 37.51311441], [127.11080441, 37.51299256], [127.11075066, 37.5129773], [127.11059228, 37.51303358], [127.11063842, 37.51310571], [127.11073598, 37.51307228], [127.11077863, 37.51314495], [127.11087257, 37.51311441]]]}, "properties": {"name": "방이동 98-16", "status": "full", "capacity": 1, "active": 1, "industry": "한식", "vacancy_rate": 0.0, "vacancy_rate_lo": 0.0, "vacancy_rate_hi": 0.0, "stores": 6, "source": "stores+ledger", "capacity_method": "floor_ouln", "active_pip": 0, "licensed": 4, "com_floors": [1], "occ_floors": [1], "unknown_n": 0, "id": "1171011100100980016-2", "pnu": "1171011100100980016", "floors": 1, "height": 3.7}}, {"type": "Feature", "geometry": {"type": "Polygon", "coordinates": [[[127.11108716, 37.50976734], [127.11120606, 37.50971164], [127.11114065, 37.50961403], [127.11101395, 37.50966758], [127.11108716, 37.50976734]]]}, "properties": {"name": "송파동 49-9", "status": "high", "capacity": 5, "active": 2, "industry": "", "vacancy_rate": 60.0, "source": "pip_only", "capacity_method": "floor_approx", "active_pip": 2, "licensed": 0, "id": "1171010400100490009-1", "pnu": "1171010400100490009", "floors": 5, "height": 14.3}}, {"type": "Feature", "geometry": {"type": "Polygon", "coordinates": [[[127.11086019, 37.51108482], [127.11057943, 37.51119957], [127.11060756, 37.51124326], [127.11057134, 37.51125807], [127.11061022, 37.51131843], [127.11092721, 37.51118887], [127.11086019, 37.51108482]]]}, "properties": {"name": "방이동 109-8", "status": "high", "capacity": 4, "active": 1, "industry": "가구 소매", "vacancy_rate": 75.0, "vacancy_rate_lo": 75.0, "vacancy_rate_hi": 100.0, "stores": 1, "source": "stores+ledger", "capacity_method": "floor_ouln", "active_pip": 0, "licensed": 0, "com_floors": [1, 2, 3, 4], "occ_floors": [], "unknown_n": 1, "id": "1171011100101090008-1", "pnu": "1171011100101090008", "floors": 6, "height": 22.8}}, {"type": "Feature", "geometry": {"type": "Polygon", "coordinates": [[[127.10944281, 37.51327424], [127.109521, 37.51309033], [127.10935922, 37.51304669], [127.10932584, 37.51312521], [127.10930978, 37.51312087], [127.10930107, 37.51314135], [127.10931714, 37.51314569], [127.10927706, 37.51323998], [127.10936223, 37.51326296], [127.10936622, 37.51325357], [127.10944281, 37.51327424]]]}, "properties": {"name": "방이동 69-10", "status": "full", "capacity": 2, "active": 2, "industry": "한식", "vacancy_rate": 0.0, "vacancy_rate_lo": 0.0, "vacancy_rate_hi": 0.0, "stores": 2, "source": "stores+ledger", "capacity_method": "floor_ouln", "active_pip": 0, "licensed": 2, "com_floors": [1, 2], "occ_floors": [1, 2], "unknown_n": 0, "id": "1171011100100690010-1", "pnu": "1171011100100690010", "floors": 2, "height": 7.25}}, {"type": "Feature", "geometry": {"type": "Polygon", "coordinates": [[[127.10796625, 37.51147935], [127.10786208, 37.5115599], [127.10791337, 37.51159625], [127.1079041, 37.51160365], [127.10803567, 37.51169895], [127.10811532, 37.51171509], [127.10820424, 37.5117251], [127.10825649, 37.51172425], [127.10830557, 37.51171717], [127.10843579, 37.51166614], [127.10843047, 37.51165894], [127.10849829, 37.51163266], [127.108439, 37.51153865], [127.10832551, 37.5115811], [127.10827831, 37.51155934], [127.1082253, 37.51158462], [127.10819541, 37.51156302], [127.10816433, 37.51158197], [127.10808825, 37.51153077], [127.10805978, 37.51155432], [127.10796625, 37.51147935]]]}, "properties": {"name": "대우레이크월드", "status": "high", "capacity": 13, "active": 5, "industry": "기타 간이", "vacancy_rate": 61.5, "vacancy_rate_lo": null, "vacancy_rate_hi": null, "stores": 5, "source": "stores+ledger", "capacity_method": "expos_units", "active_pip": 0, "licensed": 4, "com_floors": null, "occ_floors": null, "unknown_n": null, "id": "1171010400100580001-1", "pnu": "1171010400100580001", "floors": 28, "height": 92.7}}, {"type": "Feature", "geometry": {"type": "Polygon", "coordinates": [[[127.10783948, 37.51330418], [127.10798816, 37.51334342], [127.10807123, 37.51313845], [127.10792628, 37.5131001], [127.10783948, 37.51330418]]]}, "properties": {"name": "방이동 65-3", "status": "full", "capacity": 3, "active": 3, "industry": "의원", "vacancy_rate": 0.0, "vacancy_rate_lo": 0.0, "vacancy_rate_hi": 0.0, "stores": 2, "source": "stores+ledger", "capacity_method": "floor_ouln", "active_pip": 0, "licensed": 1, "com_floors": [1, 2, 4], "occ_floors": [1, 2, 4], "unknown_n": 0, "id": "1171011100100650003-1", "pnu": "1171011100100650003", "floors": 8, "height": 32.75}}, {"type": "Feature", "geometry": {"type": "Polygon", "coordinates": [[[127.10919787, 37.51117232], [127.10914334, 37.51108552], [127.10913848, 37.51108282], [127.1091206, 37.51107653], [127.10910487, 37.5110742], [127.10904394, 37.51109813], [127.109108, 37.51120818], [127.10919787, 37.51117232]]]}, "properties": {"name": "지상1", "status": "full", "capacity": 2, "active": 2, "industry": "기타 간이", "vacancy_rate": 0.0, "vacancy_rate_lo": 0.0, "vacancy_rate_hi": 0.0, "stores": 2, "source": "stores+ledger", "capacity_method": "floor_ouln", "active_pip": 0, "licensed": 1, "com_floors": [1, 2], "occ_floors": [1, 2], "unknown_n": 0, "id": "1171010400100580008-1", "pnu": "1171010400100580008", "floors": 4, "height": 0.0}}, {"type": "Feature", "geometry": {"type": "Polygon", "coordinates": [[[127.10784602, 37.51155712], [127.10794928, 37.51147324], [127.10773356, 37.51130404], [127.10762634, 37.51139217], [127.10784602, 37.51155712]]]}, "properties": {"name": "대성빌딩", "status": "full", "capacity": 4, "active": 4, "industry": "한식", "vacancy_rate": 0.0, "vacancy_rate_lo": 0.0, "vacancy_rate_hi": 0.0, "stores": 5, "source": "stores+ledger", "capacity_method": "floor_ouln", "active_pip": 0, "licensed": 3, "com_floors": [1, 4, 5, 6], "occ_floors": [1, 4, 5, 6], "unknown_n": 0, "id": "1171010400100580000-2", "pnu": "1171010400100580000", "floors": 6, "height": 22.6}}, {"type": "Feature", "geometry": {"type": "Polygon", "coordinates": [[[127.10980449, 37.51327768], [127.10966788, 37.5130612], [127.10955291, 37.51310122], [127.10952484, 37.51317008], [127.10957427, 37.51324807], [127.10960671, 37.5132329], [127.10966612, 37.51333024], [127.10976853, 37.5133588], [127.10980449, 37.51327768]]]}, "properties": {"name": "유인빌딩", "status": "full", "capacity": 5, "active": 5, "industry": "한식", "vacancy_rate": 0.0, "vacancy_rate_lo": 0.0, "vacancy_rate_hi": 40.0, "stores": 10, "source": "stores+ledger", "capacity_method": "floor_ouln", "active_pip": 0, "licensed": 5, "com_floors": [1, 2, 3, 4, 5], "occ_floors": [1, 2, 4], "unknown_n": 2, "id": "1171011100100690004-1", "pnu": "1171011100100690004", "floors": 5, "height": 16.1}}, {"type": "Feature", "geometry": {"type": "Polygon", "coordinates": [[[127.10839167, 37.51107376], [127.10854507, 37.51101445], [127.10854161, 37.51100418], [127.10856094, 37.5109915], [127.10850672, 37.51091275], [127.1083235, 37.51098408], [127.10839167, 37.51107376]]]}, "properties": {"name": "명칭없음", "status": "full", "capacity": 2, "active": 2, "industry": "일식", "vacancy_rate": 0.0, "vacancy_rate_lo": null, "vacancy_rate_hi": null, "stores": 2, "source": "stores+ledger", "capacity_method": "expos_units", "active_pip": 0, "licensed": 2, "com_floors": null, "occ_floors": null, "unknown_n": null, "id": "1171010400100570016-1", "pnu": "1171010400100570016", "floors": 4, "height": 11.8}}, {"type": "Feature", "geometry": {"type": "Polygon", "coordinates": [[[127.10871346, 37.51300609], [127.10875769, 37.51290201], [127.108657, 37.51287486], [127.10861278, 37.51297895], [127.10871346, 37.51300609]]]}, "properties": {"name": "방이동 67-6", "status": "empty", "capacity": 1, "active": 0, "industry": "", "vacancy_rate": 100.0, "source": "polygon_only", "capacity_method": "floor_approx", "active_pip": 0, "licensed": 0, "id": "1171011100100670006-1", "pnu": "1171011100100670006", "floors": 1, "height": 5.85}}, {"type": "Feature", "geometry": {"type": "Polygon", "coordinates": [[[127.1090508, 37.51263352], [127.10904102, 37.51266696], [127.10900516, 37.51266014], [127.10899525, 37.51269413], [127.10914631, 37.51273363], [127.10917268, 37.51266522], [127.1090508, 37.51263352]]]}, "properties": {"name": "방이동 68-5", "status": "full", "capacity": 2, "active": 2, "industry": "", "vacancy_rate": 0.0, "source": "pip_only", "capacity_method": "floor_approx", "active_pip": 0, "licensed": 2, "id": "1171011100100680005-1", "pnu": "1171011100100680005", "floors": 2, "height": 6.2}}, {"type": "Feature", "geometry": {"type": "Polygon", "coordinates": [[[127.10978957, 37.51104221], [127.10974806, 37.51096702], [127.10977699, 37.51095266], [127.10970037, 37.51083957], [127.10947306, 37.5109388], [127.10946377, 37.51092754], [127.10928551, 37.51099997], [127.1093558, 37.51111884], [127.10950434, 37.5110632], [127.10953052, 37.51109948], [127.10957009, 37.51108539], [127.1095821, 37.51110115], [127.10964258, 37.51107577], [127.10965561, 37.51109567], [127.10978957, 37.51104221]]]}, "properties": {"name": "송파동 59", "status": "empty", "capacity": 1, "active": 0, "industry": "", "vacancy_rate": 100.0, "source": "polygon_only", "capacity_method": "floor_approx", "active_pip": 0, "licensed": 0, "id": "1171010400100590000-1", "pnu": "1171010400100590000", "floors": 1, "height": 5.0}}, {"type": "Feature", "geometry": {"type": "Polygon", "coordinates": [[[127.10870599, 37.51087643], [127.10884594, 37.51082008], [127.10879528, 37.51074697], [127.10865816, 37.51080674], [127.10870599, 37.51087643]]]}, "properties": {"name": "전부", "status": "full", "capacity": 2, "active": 2, "industry": "비알코올 ", "vacancy_rate": 0.0, "vacancy_rate_lo": 0.0, "vacancy_rate_hi": 0.0, "stores": 4, "source": "stores+ledger", "capacity_method": "floor_ouln", "active_pip": 0, "licensed": 4, "com_floors": [1, 2], "occ_floors": [1, 2], "unknown_n": 0, "id": "1171010400100570011-1", "pnu": "1171010400100570011", "floors": 4, "height": 0.0}}, {"type": "Feature", "geometry": {"type": "Polygon", "coordinates": [[[127.10774585, 37.5120579], [127.10774488, 37.51202637], [127.10764197, 37.51203241], [127.10764348, 37.51206205], [127.10774585, 37.5120579]]]}, "properties": {"name": "송파관광정보센터", "status": "partial", "capacity": 2, "active": 1, "industry": "서양식", "vacancy_rate": 50.0, "vacancy_rate_lo": 50.0, "vacancy_rate_hi": 50.0, "stores": 1, "source": "stores+ledger", "capacity_method": "floor_ouln", "active_pip": 0, "licensed": 0, "com_floors": [1, 2], "occ_floors": [1], "unknown_n": 0, "id": "1171010200100320000-5", "pnu": "1171010200100320000", "floors": 0, "height": 0.0}}, {"type": "Feature", "geometry": {"type": "Polygon", "coordinates": [[[127.10796836, 37.51147813], [127.10806033, 37.51155248], [127.10808732, 37.5115288], [127.10816398, 37.51158086], [127.10819573, 37.51156175], [127.1082253, 37.51158347], [127.1082792, 37.51155843], [127.10832536, 37.51158017], [127.10843853, 37.51153849], [127.10840032, 37.51147496], [127.10833935, 37.51150196], [127.10832, 37.51148858], [127.10829351, 37.51147663], [127.10826397, 37.51146611], [127.10823193, 37.51145788], [127.10819238, 37.51145279], [127.10814586, 37.51145155], [127.10810292, 37.51145558], [127.10806751, 37.51146588], [127.10802881, 37.51143014], [127.10796836, 37.51147813]]]}, "properties": {"name": "대우레이크월드", "status": "high", "capacity": 13, "active": 5, "industry": "기타 간이", "vacancy_rate": 61.5, "vacancy_rate_lo": null, "vacancy_rate_hi": null, "stores": 5, "source": "stores+ledger", "capacity_method": "expos_units", "active_pip": 0, "licensed": 4, "com_floors": null, "occ_floors": null, "unknown_n": null, "id": "1171010400100580001-2", "pnu": "1171010400100580001", "floors": 0, "height": 0.0}}, {"type": "Feature", "geometry": {"type": "Polygon", "coordinates": [[[127.11000053, 37.51205718], [127.1100605, 37.51215055], [127.11022916, 37.51208579], [127.11019117, 37.51201825], [127.11015262, 37.51203333], [127.11013075, 37.51200353], [127.11011738, 37.51200904], [127.11001085, 37.51184417], [127.10989611, 37.51188527], [127.11000053, 37.51205718]]]}, "properties": {"name": "방이동 93-4", "status": "empty", "capacity": 2, "active": 0, "industry": "", "vacancy_rate": 100.0, "source": "polygon_only", "capacity_method": "floor_approx", "active_pip": 0, "licensed": 0, "id": "1171011100100930004-1", "pnu": "1171011100100930004", "floors": 2, "height": 8.8}}, {"type": "Feature", "geometry": {"type": "Polygon", "coordinates": [[[127.10919373, 37.51136127], [127.10930575, 37.51131107], [127.10922577, 37.51122068], [127.10913184, 37.51126339], [127.10919373, 37.51136127]]]}, "properties": {"name": "송파동 58-7", "status": "full", "capacity": 4, "active": 4, "industry": "기타 간이", "vacancy_rate": 0.0, "vacancy_rate_lo": 0.0, "vacancy_rate_hi": 0.0, "stores": 3, "source": "stores+ledger", "capacity_method": "floor_ouln", "active_pip": 0, "licensed": 2, "com_floors": [1, 2, 4, 5], "occ_floors": [1, 2, 4, 5], "unknown_n": 0, "id": "1171010400100580007-1", "pnu": "1171010400100580007", "floors": 5, "height": 17.8}}, {"type": "Feature", "geometry": {"type": "Polygon", "coordinates": [[[127.10962511, 37.51274661], [127.10967195, 37.51282847], [127.10981687, 37.51277382], [127.10977219, 37.51269602], [127.10962511, 37.51274661]]]}, "properties": {"name": "방이동 71-1", "status": "full", "capacity": 2, "active": 2, "industry": "한식", "vacancy_rate": 0.0, "vacancy_rate_lo": 0.0, "vacancy_rate_hi": 0.0, "stores": 1, "source": "stores+ledger", "capacity_method": "floor_ouln", "active_pip": 0, "licensed": 1, "com_floors": [1, 2], "occ_floors": [1, 2], "unknown_n": 0, "id": "1171011100100710001-1", "pnu": "1171011100100710001", "floors": 4, "height": 0.0}}, {"type": "Feature", "geometry": {"type": "Polygon", "coordinates": [[[127.10892523, 37.51074622], [127.1090222, 37.51069595], [127.10896463, 37.51061221], [127.10886166, 37.5106605], [127.10892523, 37.51074622]]]}, "properties": {"name": "송파동 55-4", "status": "full", "capacity": 3, "active": 3, "industry": "한식", "vacancy_rate": 0.0, "vacancy_rate_lo": 0.0, "vacancy_rate_hi": 0.0, "stores": 4, "source": "stores+ledger", "capacity_method": "floor_ouln", "active_pip": 0, "licensed": 3, "com_floors": [1, 4, 5], "occ_floors": [1, 4, 5], "unknown_n": 0, "id": "1171010400100550004-1", "pnu": "1171010400100550004", "floors": 5, "height": 13.2}}, {"type": "Feature", "geometry": {"type": "Polygon", "coordinates": [[[127.1105732, 37.50899115], [127.11069749, 37.5091443], [127.11077897, 37.50909971], [127.11078369, 37.50907908], [127.11066563, 37.50893584], [127.1105732, 37.50899115]]]}, "properties": {"name": "행운빌딩", "status": "full", "capacity": 2, "active": 2, "industry": "한식", "vacancy_rate": 0.0, "vacancy_rate_lo": null, "vacancy_rate_hi": null, "stores": 2, "source": "stores+ledger", "capacity_method": "expos_units", "active_pip": 0, "licensed": 2, "com_floors": null, "occ_floors": null, "unknown_n": null, "id": "1171010400100460004-1", "pnu": "1171010400100460004", "floors": 6, "height": 16.95}}, {"type": "Feature", "geometry": {"type": "Polygon", "coordinates": [[[127.10903256, 37.51011884], [127.10894678, 37.51016622], [127.10895857, 37.51018072], [127.10893935, 37.51019073], [127.10904621, 37.5103275], [127.10915176, 37.51027019], [127.10903256, 37.51011884]]]}, "properties": {"name": "정명빌딩", "status": "full", "capacity": 2, "active": 2, "industry": "의약·화장품 소매", "vacancy_rate": 0.0, "vacancy_rate_lo": null, "vacancy_rate_hi": null, "stores": 2, "source": "stores+ledger", "capacity_method": "expos_units", "active_pip": 0, "licensed": 0, "com_floors": null, "occ_floors": null, "unknown_n": null, "id": "1171010400100540008-1", "pnu": "1171010400100540008", "floors": 5, "height": 18.0}}, {"type": "Feature", "geometry": {"type": "Polygon", "coordinates": [[[127.10806338, 37.5100535], [127.10798429, 37.51010809], [127.10806899, 37.51017856], [127.10814808, 37.51011776], [127.10806338, 37.5100535]]]}, "properties": {"name": "송파동 37-5", "status": "full", "capacity": 2, "active": 2, "industry": "가구 소매", "vacancy_rate": 0.0, "vacancy_rate_lo": 0.0, "vacancy_rate_hi": 0.0, "stores": 3, "source": "stores+ledger", "capacity_method": "floor_ouln", "active_pip": 0, "licensed": 3, "com_floors": [1, 2], "occ_floors": [1, 2], "unknown_n": 0, "id": "1171010400100370005-1", "pnu": "1171010400100370005", "floors": 2, "height": 0.0}}, {"type": "Feature", "geometry": {"type": "Polygon", "coordinates": [[[127.10730277, 37.50990724], [127.10720538, 37.50998474], [127.10786829, 37.51053104], [127.10796149, 37.5104559], [127.10730277, 37.50990724]]]}, "properties": {"name": "호수임광아파트", "status": "high", "capacity": 14, "active": 3, "industry": "주점", "vacancy_rate": 78.6, "vacancy_rate_lo": null, "vacancy_rate_hi": null, "stores": 3, "source": "stores+ledger", "capacity_method": "expos_units", "active_pip": 0, "licensed": 3, "com_floors": null, "occ_floors": null, "unknown_n": null, "id": "1171010400100330000-3", "pnu": "1171010400100330000", "floors": 10, "height": 28.12}}, {"type": "Feature", "geometry": {"type": "Polygon", "coordinates": [[[127.10833025, 37.51009399], [127.10850424, 37.51026529], [127.10858819, 37.51021088], [127.10841703, 37.51003543], [127.10833025, 37.51009399]]]}, "properties": {"name": "호수", "status": "full", "capacity": 1, "active": 1, "industry": "한식", "vacancy_rate": 0.0, "vacancy_rate_lo": null, "vacancy_rate_hi": null, "stores": 1, "source": "stores+ledger", "capacity_method": "expos_units", "active_pip": 0, "licensed": 1, "com_floors": null, "occ_floors": null, "unknown_n": null, "id": "1171010400100380000-1", "pnu": "1171010400100380000", "floors": 6, "height": 16.0}}, {"type": "Feature", "geometry": {"type": "Polygon", "coordinates": [[[127.10946503, 37.50916266], [127.10952395, 37.50922892], [127.1096539, 37.50915076], [127.10959555, 37.50908279], [127.10946503, 37.50916266]]]}, "properties": {"name": "송파동 43-12", "status": "full", "capacity": 1, "active": 1, "industry": "섬유·의복·신발 소매", "vacancy_rate": 0.0, "vacancy_rate_lo": 0.0, "vacancy_rate_hi": 100.0, "stores": 1, "source": "stores+ledger", "capacity_method": "floor_ouln", "active_pip": 0, "licensed": 0, "com_floors": [1], "occ_floors": [], "unknown_n": 1, "id": "1171010400100430012-1", "pnu": "1171010400100430012", "floors": 3, "height": 10.2}}, {"type": "Feature", "geometry": {"type": "Polygon", "coordinates": [[[127.11044822, 37.5091466], [127.11050997, 37.50922223], [127.11055929, 37.50922741], [127.11065591, 37.50917164], [127.11059212, 37.5090961], [127.11056444, 37.50911388], [127.11054359, 37.50908849], [127.11044822, 37.5091466]]]}, "properties": {"name": "송파동 46", "status": "full", "capacity": 2, "active": 2, "industry": "의약·화장품 소매", "vacancy_rate": 0.0, "vacancy_rate_lo": 0.0, "vacancy_rate_hi": 0.0, "stores": 4, "source": "stores+ledger", "capacity_method": "floor_ouln", "active_pip": 0, "licensed": 2, "com_floors": [1, 2], "occ_floors": [1, 2], "unknown_n": 0, "id": "1171010400100460000-1", "pnu": "1171010400100460000", "floors": 2, "height": 0.0}}, {"type": "Feature", "geometry": {"type": "Polygon", "coordinates": [[[127.10906647, 37.50963786], [127.10901212, 37.50967377], [127.10902141, 37.50968475], [127.10896807, 37.50971805], [127.10902946, 37.50978115], [127.10913987, 37.50971113], [127.10906647, 37.50963786]]]}, "properties": {"name": "송파동 40-12", "status": "full", "capacity": 2, "active": 2, "industry": "비알코올 ", "vacancy_rate": 0.0, "vacancy_rate_lo": 0.0, "vacancy_rate_hi": 0.0, "stores": 2, "source": "stores+ledger", "capacity_method": "floor_ouln", "active_pip": 0, "licensed": 2, "com_floors": [1, 2], "occ_floors": [1, 2], "unknown_n": 0, "id": "1171010400100400012-1", "pnu": "1171010400100400012", "floors": 2, "height": 0.0}}, {"type": "Feature", "geometry": {"type": "Polygon", "coordinates": [[[127.10883108, 37.51063053], [127.10893471, 37.51057547], [127.10888327, 37.5105165], [127.10878077, 37.51057012], [127.10883108, 37.51063053]]]}, "properties": {"name": "지", "status": "high", "capacity": 3, "active": 1, "industry": "주점", "vacancy_rate": 66.7, "vacancy_rate_lo": 66.7, "vacancy_rate_hi": 66.7, "stores": 2, "source": "stores+ledger", "capacity_method": "floor_ouln", "active_pip": 0, "licensed": 2, "com_floors": [1, 2, 5], "occ_floors": [1], "unknown_n": 0, "id": "1171010400100550005-1", "pnu": "1171010400100550005", "floors": 5, "height": 12.2}}, {"type": "Feature", "geometry": {"type": "Polygon", "coordinates": [[[127.1089019, 37.50931671], [127.10882833, 37.50936669], [127.10890729, 37.50944951], [127.10899632, 37.50939149], [127.10896731, 37.50935412], [127.10895126, 37.50936198], [127.1089019, 37.50931671]]]}, "properties": {"name": "송파동 40-11", "status": "full", "capacity": 2, "active": 2, "industry": "한식", "vacancy_rate": 0.0, "vacancy_rate_lo": 0.0, "vacancy_rate_hi": 0.0, "stores": 2, "source": "stores+ledger", "capacity_method": "floor_ouln", "active_pip": 0, "licensed": 2, "com_floors": [1, 2], "occ_floors": [1, 2], "unknown_n": 0, "id": "1171010400100400011-1", "pnu": "1171010400100400011", "floors": 2, "height": 0.0}}, {"type": "Feature", "geometry": {"type": "Polygon", "coordinates": [[[127.10630563, 37.50981661], [127.10639296, 37.50974868], [127.10610638, 37.5095254], [127.10602165, 37.5095935], [127.10630563, 37.50981661]]]}, "properties": {"name": "건물바라보고왼쪽에서두번째가게", "status": "full", "capacity": 1, "active": 1, "industry": "기타 간이", "vacancy_rate": 0.0, "vacancy_rate_lo": 0.0, "vacancy_rate_hi": 0.0, "stores": 5, "source": "stores+ledger", "capacity_method": "floor_ouln", "active_pip": 0, "licensed": 5, "com_floors": [1], "occ_floors": [1], "unknown_n": 0, "id": "1171010400100300003-1", "pnu": "1171010400100300003", "floors": 1, "height": 5.2}}, {"type": "Feature", "geometry": {"type": "Polygon", "coordinates": [[[127.11024278, 37.50919355], [127.11035641, 37.50932365], [127.11045666, 37.50927535], [127.11046263, 37.5092566], [127.11035183, 37.50913173], [127.11024278, 37.50919355]]]}, "properties": {"name": "태일", "status": "full", "capacity": 3, "active": 3, "industry": "이용·미용", "vacancy_rate": 0.0, "vacancy_rate_lo": null, "vacancy_rate_hi": null, "stores": 3, "source": "stores+ledger", "capacity_method": "expos_units", "active_pip": 0, "licensed": 3, "com_floors": null, "occ_floors": null, "unknown_n": null, "id": "1171010400100450005-1", "pnu": "1171010400100450005", "floors": 6, "height": 17.5}}, {"type": "Feature", "geometry": {"type": "Polygon", "coordinates": [[[127.10892282, 37.50993955], [127.10900652, 37.51001948], [127.10909544, 37.50995886], [127.10901367, 37.50987847], [127.10892282, 37.50993955]]]}, "properties": {"name": "송파동 39-9", "status": "partial", "capacity": 5, "active": 3, "industry": "한식", "vacancy_rate": 40.0, "vacancy_rate_lo": 40.0, "vacancy_rate_hi": 60.0, "stores": 2, "source": "stores+ledger", "capacity_method": "floor_ouln", "active_pip": 0, "licensed": 2, "com_floors": [1, 2, 3, 4, 5], "occ_floors": [1, 2], "unknown_n": 1, "id": "1171010400100390009-1", "pnu": "1171010400100390009", "floors": 5, "height": 15.4}}, {"type": "Feature", "geometry": {"type": "Polygon", "coordinates": [[[127.10640712, 37.50976921], [127.10628998, 37.50986717], [127.10636404, 37.50992882], [127.10648639, 37.50983086], [127.10640712, 37.50976921]]]}, "properties": {"name": "송파동 30-6", "status": "full", "capacity": 1, "active": 1, "industry": "비알코올 ", "vacancy_rate": 0.0, "vacancy_rate_lo": 0.0, "vacancy_rate_hi": 0.0, "stores": 1, "source": "stores+ledger", "capacity_method": "floor_ouln", "active_pip": 0, "licensed": 1, "com_floors": [1], "occ_floors": [1], "unknown_n": 0, "id": "1171010400100300006-1", "pnu": "1171010400100300006", "floors": 4, "height": 0.0}}, {"type": "Feature", "geometry": {"type": "Polygon", "coordinates": [[[127.11097687, 37.50922215], [127.11110944, 37.5091586], [127.11105538, 37.5090908], [127.11095739, 37.50913739], [127.11094275, 37.50917597], [127.11097687, 37.50922215]]]}, "properties": {"name": "송파동 48", "status": "full", "capacity": 6, "active": 6, "industry": "주점", "vacancy_rate": 0.0, "vacancy_rate_lo": 0.0, "vacancy_rate_hi": 50.0, "stores": 4, "source": "stores+ledger", "capacity_method": "floor_ouln", "active_pip": 0, "licensed": 0, "com_floors": [1, 2, 3, 4, 5, 6], "occ_floors": [2, 3, 4], "unknown_n": 3, "id": "1171010400100480000-1", "pnu": "1171010400100480000", "floors": 3, "height": 0.0}}, {"type": "Feature", "geometry": {"type": "Polygon", "coordinates": [[[127.10778203, 37.50937756], [127.1078513, 37.50933128], [127.10777564, 37.50926629], [127.10771057, 37.50931428], [127.10778203, 37.50937756]]]}, "properties": {"name": "전체", "status": "partial", "capacity": 4, "active": 2, "industry": "기타 간이", "vacancy_rate": 50.0, "vacancy_rate_lo": 50.0, "vacancy_rate_hi": 75.0, "stores": 2, "source": "stores+ledger", "capacity_method": "floor_ouln", "active_pip": 0, "licensed": 0, "com_floors": [1, 2, 3, 5], "occ_floors": [1], "unknown_n": 1, "id": "1171010400100360006-1", "pnu": "1171010400100360006", "floors": 0, "height": 0.0}}, {"type": "Feature", "geometry": {"type": "Polygon", "coordinates": [[[127.10562806, 37.50896074], [127.10551717, 37.50905122], [127.10570542, 37.50919762], [127.1058163, 37.50910714], [127.10562806, 37.50896074]]]}, "properties": {"name": "송파동 8-3", "status": "full", "capacity": 3, "active": 3, "industry": "한식", "vacancy_rate": 0.0, "vacancy_rate_lo": 0.0, "vacancy_rate_hi": 0.0, "stores": 5, "source": "stores+ledger", "capacity_method": "floor_ouln", "active_pip": 0, "licensed": 2, "com_floors": [1, 2, 3], "occ_floors": [1, 2, 3], "unknown_n": 0, "id": "1171010400100080003-1", "pnu": "1171010400100080003", "floors": 3, "height": 12.15}}, {"type": "Feature", "geometry": {"type": "Polygon", "coordinates": [[[127.11076337, 37.51277294], [127.11078628, 37.51282013], [127.11083529, 37.5128382], [127.11097603, 37.51278428], [127.11092682, 37.51270548], [127.11076337, 37.51277294]]]}, "properties": {"name": "방이동 100", "status": "partial", "capacity": 4, "active": 3, "industry": "주점", "vacancy_rate": 25.0, "vacancy_rate_lo": 25.0, "vacancy_rate_hi": 50.0, "stores": 6, "source": "stores+ledger", "capacity_method": "floor_ouln", "active_pip": 0, "licensed": 3, "com_floors": [1, 2, 3, 4], "occ_floors": [1, 2], "unknown_n": 1, "id": "1171011100101000000-1", "pnu": "1171011100101000000", "floors": 4, "height": 0.0}}, {"type": "Feature", "geometry": {"type": "Polygon", "coordinates": [[[127.10923298, 37.51212907], [127.10928647, 37.51220759], [127.10939092, 37.51216433], [127.10938468, 37.51214947], [127.10943736, 37.51212987], [127.10939553, 37.51206269], [127.10923298, 37.51212907]]]}, "properties": {"name": "방이동 71-14", "status": "full", "capacity": 3, "active": 3, "industry": "한식", "vacancy_rate": 0.0, "vacancy_rate_lo": 0.0, "vacancy_rate_hi": 33.3, "stores": 3, "source": "stores+ledger", "capacity_method": "floor_ouln", "active_pip": 0, "licensed": 2, "com_floors": [1, 3, 4], "occ_floors": [1, 4], "unknown_n": 1, "id": "1171011100100710014-1", "pnu": "1171011100100710014", "floors": 4, "height": 0.0}}, {"type": "Feature", "geometry": {"type": "Polygon", "coordinates": [[[127.10941499, 37.5116811], [127.10905382, 37.51182722], [127.10910608, 37.51190547], [127.10945989, 37.51176008], [127.10941499, 37.5116811]]]}, "properties": {"name": "유미빌딩", "status": "full", "capacity": 4, "active": 4, "industry": "일식", "vacancy_rate": 0.0, "vacancy_rate_lo": 0.0, "vacancy_rate_hi": 0.0, "stores": 3, "source": "stores+ledger", "capacity_method": "floor_ouln", "active_pip": 0, "licensed": 2, "com_floors": [1, 2, 3, 4], "occ_floors": [1, 2, 3, 4], "unknown_n": 0, "id": "1171011100101090011-1", "pnu": "1171011100101090011", "floors": 4, "height": 12.5}}, {"type": "Feature", "geometry": {"type": "Polygon", "coordinates": [[[127.11064217, 37.51275688], [127.11054532, 37.51279408], [127.11054756, 37.51279729], [127.11054901, 37.5127969], [127.11055787, 37.512812], [127.1105484, 37.51281546], [127.11053712, 37.51279742], [127.11047491, 37.51282155], [127.1105329, 37.51291765], [127.1106864, 37.51285875], [127.11069385, 37.51284146], [127.11064261, 37.51275679], [127.11064217, 37.51275688]]]}, "properties": {"name": "오성빌딩", "status": "full", "capacity": 3, "active": 3, "industry": "한식", "vacancy_rate": 0.0, "vacancy_rate_lo": 0.0, "vacancy_rate_hi": 0.0, "stores": 4, "source": "stores+ledger", "capacity_method": "floor_ouln", "active_pip": 0, "licensed": 2, "com_floors": [1, 2, 3], "occ_floors": [1, 2, 3], "unknown_n": 0, "id": "1171011100100930006-1", "pnu": "1171011100100930006", "floors": 3, "height": 9.7}}, {"type": "Feature", "geometry": {"type": "Polygon", "coordinates": [[[127.10969564, 37.51286755], [127.10988532, 37.51317066], [127.10990468, 37.51318334], [127.10991928, 37.51318657], [127.10993613, 37.51318682], [127.11005845, 37.51314382], [127.110013, 37.51307547], [127.10995365, 37.51309824], [127.10981101, 37.5128632], [127.10979789, 37.51286872], [127.10977805, 37.51283702], [127.10969564, 37.51286755]]]}, "properties": {"name": "호수빌딩", "status": "full", "capacity": 4, "active": 4, "industry": "한식", "vacancy_rate": 0.0, "vacancy_rate_lo": 0.0, "vacancy_rate_hi": 0.0, "stores": 12, "source": "stores+ledger", "capacity_method": "floor_ouln", "active_pip": 0, "licensed": 0, "com_floors": [1, 2, 3, 4], "occ_floors": [1, 2, 3, 4], "unknown_n": 0, "id": "1171011100100710000-1", "pnu": "1171011100100710000", "floors": 4, "height": 0.0}}, {"type": "Feature", "geometry": {"type": "Polygon", "coordinates": [[[127.1082123, 37.5124458], [127.10810893, 37.51269332], [127.10837064, 37.51276164], [127.10839408, 37.51269666], [127.10833377, 37.51267879], [127.10840511, 37.51250095], [127.1082123, 37.5124458]]]}, "properties": {"name": "세기빌딩", "status": "full", "capacity": 7, "active": 7, "industry": "섬유·의복·신발 소매", "vacancy_rate": 0.0, "vacancy_rate_lo": 0.0, "vacancy_rate_hi": 0.0, "stores": 12, "source": "stores+ledger", "capacity_method": "floor_ouln", "active_pip": 0, "licensed": 1, "com_floors": [1, 5, 6, 7, 8, 9, 10], "occ_floors": [1, 5, 6, 7, 8, 9, 10], "unknown_n": 0, "id": "1171011100100660002-1", "pnu": "1171011100100660002", "floors": 11, "height": 42.1}}, {"type": "Feature", "geometry": {"type": "Polygon", "coordinates": [[[127.10859851, 37.51272774], [127.1086836, 37.5127519], [127.1087811, 37.51251566], [127.10878017, 37.51250097], [127.10876782, 37.51248485], [127.10875243, 37.51247523], [127.10873817, 37.51247227], [127.10872505, 37.51247228], [127.1087168, 37.51247454], [127.10870629, 37.51248158], [127.10869883, 37.51248987], [127.10869839, 37.51249276], [127.10866956, 37.51250513], [127.10859075, 37.51268089], [127.10860662, 37.51270827], [127.10859851, 37.51272774]]]}, "properties": {"name": "정환빌딩", "status": "full", "capacity": 3, "active": 3, "industry": "섬유·의복·신발 소매", "vacancy_rate": 0.0, "vacancy_rate_lo": 0.0, "vacancy_rate_hi": 33.3, "stores": 11, "source": "stores+ledger", "capacity_method": "floor_ouln", "active_pip": 0, "licensed": 1, "com_floors": [1, 3, 5], "occ_floors": [1, 3], "unknown_n": 1, "id": "1171011100100670002-1", "pnu": "1171011100100670002", "floors": 5, "height": 16.55}}, {"type": "Feature", "geometry": {"type": "Polygon", "coordinates": [[[127.10588064, 37.50985906], [127.10577569, 37.50994836], [127.10589063, 37.51003898], [127.10590315, 37.51002682], [127.10593793, 37.51005463], [127.10594402, 37.51004695], [127.10597063, 37.51006774], [127.10595505, 37.51008362], [127.10598426, 37.51010566], [127.10600503, 37.51008105], [127.1060424, 37.51010795], [127.10611367, 37.51004023], [127.10588064, 37.50985906]]]}, "properties": {"name": "대림빌딩", "status": "partial", "capacity": 4, "active": 2, "industry": "스포츠 서비스", "vacancy_rate": 50.0, "vacancy_rate_lo": 50.0, "vacancy_rate_hi": 75.0, "stores": 2, "source": "stores+ledger", "capacity_method": "floor_ouln", "active_pip": 0, "licensed": 2, "com_floors": [1, 2, 4, 5], "occ_floors": [1], "unknown_n": 1, "id": "1171010400100320000-1", "pnu": "1171010400100320000", "floors": 5, "height": 17.75}}, {"type": "Feature", "geometry": {"type": "Polygon", "coordinates": [[[127.10923632, 37.50977113], [127.10931517, 37.50985737], [127.10941632, 37.50980169], [127.10942542, 37.50976898], [127.10935327, 37.5096984], [127.10923632, 37.50977113]]]}, "properties": {"name": "지상", "status": "full", "capacity": 2, "active": 2, "industry": "기타 간이", "vacancy_rate": 0.0, "vacancy_rate_lo": 0.0, "vacancy_rate_hi": 0.0, "stores": 4, "source": "stores+ledger", "capacity_method": "floor_ouln", "active_pip": 0, "licensed": 3, "com_floors": [1, 2], "occ_floors": [1, 2], "unknown_n": 0, "id": "1171010400100400004-1", "pnu": "1171010400100400004", "floors": 4, "height": 13.65}}, {"type": "Feature", "geometry": {"type": "Polygon", "coordinates": [[[127.10627243, 37.50997059], [127.10618527, 37.51003942], [127.1062219, 37.51006885], [127.10619941, 37.51008662], [127.10633199, 37.51019315], [127.10635449, 37.51017539], [127.10637519, 37.51019203], [127.10646234, 37.51012321], [127.10627243, 37.50997059]]]}, "properties": {"name": "더블유123빌딩", "status": "full", "capacity": 4, "active": 4, "industry": "서양식", "vacancy_rate": 0.0, "vacancy_rate_lo": 0.0, "vacancy_rate_hi": 50.0, "stores": 5, "source": "stores+ledger", "capacity_method": "floor_ouln", "active_pip": 0, "licensed": 1, "com_floors": [1, 2, 3, 6], "occ_floors": [1, 6], "unknown_n": 2, "id": "1171010400100320002-1", "pnu": "1171010400100320002", "floors": 8, "height": 29.9}}, {"type": "Feature", "geometry": {"type": "Polygon", "coordinates": [[[127.10831029, 37.51036485], [127.10840215, 37.51030151], [127.10840439, 37.5102825], [127.10830463, 37.51020015], [127.10820666, 37.51026331], [127.10831029, 37.51036485]]]}, "properties": {"name": "미래빌딩", "status": "full", "capacity": 2, "active": 2, "industry": "종합 소매", "vacancy_rate": 0.0, "vacancy_rate_lo": null, "vacancy_rate_hi": null, "stores": 2, "source": "stores+ledger", "capacity_method": "expos_units", "active_pip": 0, "licensed": 2, "com_floors": null, "occ_floors": null, "unknown_n": null, "id": "1171010400100370002-1", "pnu": "1171010400100370002", "floors": 6, "height": 16.5}}, {"type": "Feature", "geometry": {"type": "Polygon", "coordinates": [[[127.10700599, 37.50872099], [127.106932, 37.50878836], [127.10693461, 37.50879475], [127.10690965, 37.5088146], [127.10697215, 37.50886265], [127.10701258, 37.50882451], [127.10702345, 37.50883197], [127.10707947, 37.50877507], [127.10700599, 37.50872099]]]}, "properties": {"name": "송파동 27-1", "status": "high", "capacity": 3, "active": 1, "industry": "", "vacancy_rate": 66.7, "source": "pip_only", "capacity_method": "floor_approx", "active_pip": 0, "licensed": 1, "id": "1171010400100270001-1", "pnu": "1171010400100270001", "floors": 3, "height": 10.2}}, {"type": "Feature", "geometry": {"type": "Polygon", "coordinates": [[[127.10627972, 37.50893455], [127.10622205, 37.50893919], [127.10613856, 37.50900909], [127.10622994, 37.50908524], [127.10635276, 37.50899431], [127.10627972, 37.50893455]]]}, "properties": {"name": "송파동 29-6", "status": "full", "capacity": 2, "active": 2, "industry": "서양식", "vacancy_rate": 0.0, "vacancy_rate_lo": 0.0, "vacancy_rate_hi": 50.0, "stores": 2, "source": "stores+ledger", "capacity_method": "floor_ouln", "active_pip": 0, "licensed": 2, "com_floors": [1, 4], "occ_floors": [1], "unknown_n": 1, "id": "1171010400100290006-1", "pnu": "1171010400100290006", "floors": 5, "height": 0.0}}, {"type": "Feature", "geometry": {"type": "Polygon", "coordinates": [[[127.10817136, 37.50892751], [127.10804843, 37.50902061], [127.10811773, 37.50907858], [127.1082419, 37.5089843], [127.10817136, 37.50892751]]]}, "properties": {"name": "송파동 36-12", "status": "high", "capacity": 6, "active": 1, "industry": "이용·미용", "vacancy_rate": 83.3, "vacancy_rate_lo": null, "vacancy_rate_hi": null, "stores": 1, "source": "stores+ledger", "capacity_method": "floor_approx", "active_pip": 0, "licensed": 0, "com_floors": null, "occ_floors": null, "unknown_n": null, "id": "1171010400100360012-1", "pnu": "1171010400100360012", "floors": 3, "height": 12.1}}, {"type": "Feature", "geometry": {"type": "Polygon", "coordinates": [[[127.10566654, 37.50887685], [127.1057408, 37.5089284], [127.10585611, 37.50883743], [127.10577956, 37.5087822], [127.10566654, 37.50887685]]]}, "properties": {"name": "마이크로하우징", "status": "high", "capacity": 5, "active": 2, "industry": "비알코올 ", "vacancy_rate": 60.0, "vacancy_rate_lo": null, "vacancy_rate_hi": null, "stores": 2, "source": "stores+ledger", "capacity_method": "expos_units", "active_pip": 0, "licensed": 1, "com_floors": null, "occ_floors": null, "unknown_n": null, "id": "1171010400100090017-1", "pnu": "1171010400100090017", "floors": 6, "height": 17.4}}, {"type": "Feature", "geometry": {"type": "Polygon", "coordinates": [[[127.10702791, 37.51005923], [127.10695114, 37.50999505], [127.10692199, 37.51001887], [127.10699492, 37.51008394], [127.10702791, 37.51005923]]]}, "properties": {"name": "호수임광아파트", "status": "high", "capacity": 14, "active": 3, "industry": "주점", "vacancy_rate": 78.6, "vacancy_rate_lo": null, "vacancy_rate_hi": null, "stores": 3, "source": "stores+ledger", "capacity_method": "expos_units", "active_pip": 0, "licensed": 3, "com_floors": null, "occ_floors": null, "unknown_n": null, "id": "1171010400100330000-4", "pnu": "1171010400100330000", "floors": 0, "height": 0.0}}, {"type": "Feature", "geometry": {"type": "Polygon", "coordinates": [[[127.10842863, 37.51059101], [127.10845055, 37.51061524], [127.1084975, 37.51058829], [127.10847557, 37.51056406], [127.10842863, 37.51059101]]]}, "properties": {"name": "미석빌딩", "status": "full", "capacity": 3, "active": 3, "industry": "비알코올 ", "vacancy_rate": 0.0, "vacancy_rate_lo": 0.0, "vacancy_rate_hi": 33.3, "stores": 8, "source": "stores+ledger", "capacity_method": "floor_ouln", "active_pip": 0, "licensed": 3, "com_floors": [1, 2, 4], "occ_floors": [1, 2], "unknown_n": 1, "id": "1171010400100560002-2", "pnu": "1171010400100560002", "floors": 0, "height": 0.0}}, {"type": "Feature", "geometry": {"type": "Polygon", "coordinates": [[[127.10615346, 37.5090653], [127.1060546, 37.5091464], [127.10626567, 37.50931055], [127.10636237, 37.5092273], [127.10615346, 37.5090653]]]}, "properties": {"name": "부영빌딩", "status": "full", "capacity": 4, "active": 4, "industry": "한식", "vacancy_rate": 0.0, "vacancy_rate_lo": 0.0, "vacancy_rate_hi": 0.0, "stores": 4, "source": "stores+ledger", "capacity_method": "floor_ouln", "active_pip": 0, "licensed": 1, "com_floors": [1, 2, 3, 6], "occ_floors": [1, 2, 3, 6], "unknown_n": 0, "id": "1171010400100290000-1", "pnu": "1171010400100290000", "floors": 6, "height": 22.4}}, {"type": "Feature", "geometry": {"type": "Polygon", "coordinates": [[[127.10802842, 37.50996488], [127.10791881, 37.51003824], [127.10797589, 37.51009107], [127.10808607, 37.51002123], [127.10802842, 37.50996488]]]}, "properties": {"name": "송파동 37-6", "status": "partial", "capacity": 2, "active": 1, "industry": "", "vacancy_rate": 50.0, "source": "pip_only", "capacity_method": "floor_approx", "active_pip": 0, "licensed": 1, "id": "1171010400100370006-1", "pnu": "1171010400100370006", "floors": 2, "height": 6.24}}]}