{"type": "FeatureCollection", "district": "mokdong-yc", "features": [{"type": "Feature", "geometry": {"type": "Polygon", "coordinates": [[[126.86151029, 37.5258514], [126.86138076, 37.52583407], [126.86135401, 37.52595877], [126.86148495, 37.52597667], [126.86151029, 37.5258514]]]}, "properties": {"name": "신정동 903-19", "status": "full", "capacity": 3, "active": 3, "industry": "욕탕·신체관리", "vacancy_rate": 0.0, "vacancy_rate_lo": 0.0, "vacancy_rate_hi": 0.0, "stores": 6, "source": "stores+ledger", "capacity_method": "floor_ouln", "active_pip": 0, "licensed": 0, "com_floors": [1, 2, 4], "occ_floors": [1, 2, 4], "unknown_n": 0, "id": "1147010100109030019-1", "pnu": "1147010100109030019", "floors": 5, "height": 0.0}}, {"type": "Feature", "geometry": {"type": "Polygon", "coordinates": [[[126.86250208, 37.5260567], [126.86248561, 37.52598601], [126.8624513, 37.52598934], [126.86245009, 37.52597695], [126.86226365, 37.52595308], [126.86229628, 37.52608968], [126.86250208, 37.5260567]]]}, "properties": {"name": "영정빌딩", "status": "full", "capacity": 5, "active": 5, "industry": "이용·미용", "vacancy_rate": 0.0, "vacancy_rate_lo": 0.0, "vacancy_rate_hi": 40.0, "stores": 6, "source": "stores+ledger", "capacity_method": "floor_ouln", "active_pip": 0, "licensed": 0, "com_floors": [1, 2, 3, 4, 5], "occ_floors": [1, 3, 5], "unknown_n": 2, "id": "1147010100109020015-1", "pnu": "1147010100109020015", "floors": 5, "height": 16.2}}, {"type": "Feature", "geometry": {"type": "Polygon", "coordinates": [[[126.86381006, 37.52580086], [126.86383869, 37.52571023], [126.86373321, 37.52568899], [126.86373267, 37.52569153], [126.86372136, 37.52568926], [126.86369414, 37.52578327], [126.86371906, 37.52578781], [126.86372084, 37.52578358], [126.86381006, 37.52580086]]]}, "properties": {"name": "신정동 994-8", "status": "partial", "capacity": 2, "active": 1, "industry": "한식", "vacancy_rate": 50.0, "vacancy_rate_lo": 50.0, "vacancy_rate_hi": 50.0, "stores": 1, "source": "stores+ledger", "capacity_method": "floor_ouln", "active_pip": 0, "licensed": 0, "com_floors": [1, 2], "occ_floors": [1], "unknown_n": 0, "id": "1147010100109940008-1", "pnu": "1147010100109940008", "floors": 3, "height": 10.2}}, {"type": "Feature", "geometry": {"type": "Polygon", "coordinates": [[[126.85892313, 37.52578751], [126.85892834, 37.52574023], [126.85896617, 37.52574252], [126.8589744, 37.52568988], [126.85875384, 37.52567273], [126.85874611, 37.52573692], [126.85878304, 37.52574146], [126.85877962, 37.52577581], [126.85892313, 37.52578751]]]}, "properties": {"name": "덕운빌딩", "status": "full", "capacity": 4, "active": 4, "industry": "기타 교육", "vacancy_rate": 0.0, "vacancy_rate_lo": 0.0, "vacancy_rate_hi": 25.0, "stores": 6, "source": "stores+ledger", "capacity_method": "floor_ouln", "active_pip": 0, "licensed": 0, "com_floors": [1, 3, 5, 6], "occ_floors": [1, 5, 6], "unknown_n": 1, "id": "1147010100109080015-1", "pnu": "1147010100109080015", "floors": 0, "height": 0.0}}, {"type": "Feature", "geometry": {"type": "Polygon", "coordinates": [[[126.86120052, 37.52293658], [126.86108582, 37.52292519], [126.86107099, 37.5230192], [126.86117173, 37.52302749], [126.86119438, 37.52300809], [126.86120052, 37.52293658]]]}, "properties": {"name": "신정동 1012-4", "status": "empty", "capacity": 3, "active": 0, "industry": "", "vacancy_rate": 100.0, "source": "polygon_only", "capacity_method": "floor_approx", "active_pip": 0, "licensed": 0, "id": "1147010100110120004-1", "pnu": "1147010100110120004", "floors": 3, "height": 0.0}}, {"type": "Feature", "geometry": {"type": "Polygon", "coordinates": [[[126.85912061, 37.52454691], [126.85905451, 37.52454035], [126.85902914, 37.52468871], [126.85912491, 37.52469896], [126.85914866, 37.52457397], [126.85912061, 37.52454691]]]}, "properties": {"name": "수영빌딩", "status": "full", "capacity": 2, "active": 2, "industry": "기타 간이", "vacancy_rate": 0.0, "vacancy_rate_lo": 0.0, "vacancy_rate_hi": 50.0, "stores": 2, "source": "stores+ledger", "capacity_method": "floor_ouln", "active_pip": 0, "licensed": 0, "com_floors": [1, 2], "occ_floors": [1], "unknown_n": 1, "id": "1147010100109540013-1", "pnu": "1147010100109540013", "floors": 4, "height": 9.1}}, {"type": "Feature", "geometry": {"type": "Polygon", "coordinates": [[[126.86257157, 37.52238209], [126.86239344, 37.52236161], [126.86237504, 37.52247], [126.862553, 37.5224916], [126.86257157, 37.52238209]]]}, "properties": {"name": "제", "status": "full", "capacity": 2, "active": 2, "industry": "한식", "vacancy_rate": 0.0, "vacancy_rate_lo": null, "vacancy_rate_hi": null, "stores": 2, "source": "stores+ledger", "capacity_method": "expos_units", "active_pip": 0, "licensed": 0, "com_floors": null, "occ_floors": null, "unknown_n": null, "id": "1147010100110100014-1", "pnu": "1147010100110100014", "floors": 4, "height": 0.0}}, {"type": "Feature", "geometry": {"type": "Polygon", "coordinates": [[[126.85908964, 37.52428108], [126.85908865, 37.52424081], [126.85896584, 37.52422828], [126.85896063, 37.52426374], [126.85908964, 37.52428108]]]}, "properties": {"name": "신정빌딩", "status": "partial", "capacity": 3, "active": 2, "industry": "기타 교육", "vacancy_rate": 33.3, "vacancy_rate_lo": 33.3, "vacancy_rate_hi": 33.3, "stores": 4, "source": "stores+ledger", "capacity_method": "floor_ouln", "active_pip": 0, "licensed": 0, "com_floors": [1, 2, 4], "occ_floors": [1, 4], "unknown_n": 0, "id": "1147010100109550008-1", "pnu": "1147010100109550008", "floors": 0, "height": 0.0}}, {"type": "Feature", "geometry": {"type": "Polygon", "coordinates": [[[126.86076427, 37.52218429], [126.86062343, 37.5221678], [126.8606041, 37.5222987], [126.86074265, 37.52231463], [126.86076427, 37.52218429]]]}, "properties": {"name": "신정동 982-13", "status": "high", "capacity": 5, "active": 2, "industry": "의원", "vacancy_rate": 60.0, "vacancy_rate_lo": 60.0, "vacancy_rate_hi": 80.0, "stores": 2, "source": "stores+ledger", "capacity_method": "floor_ouln", "active_pip": 0, "licensed": 0, "com_floors": [1, 2, 3, 4, 5], "occ_floors": [1], "unknown_n": 1, "id": "1147010100109820013-1", "pnu": "1147010100109820013", "floors": 5, "height": 17.1}}, {"type": "Feature", "geometry": {"type": "Polygon", "coordinates": [[[126.85916494, 37.52211894], [126.85925501, 37.52213144], [126.85924492, 37.52217042], [126.85952291, 37.52220973], [126.85956421, 37.52203895], [126.85919624, 37.52198764], [126.85916494, 37.52211894]]]}, "properties": {"name": "신정동 981-13", "status": "high", "capacity": 4, "active": 1, "industry": "한식", "vacancy_rate": 75.0, "vacancy_rate_lo": 75.0, "vacancy_rate_hi": 100.0, "stores": 1, "source": "stores+ledger", "capacity_method": "floor_ouln", "active_pip": 0, "licensed": 0, "com_floors": [1, 2, 3, 4], "occ_floors": [], "unknown_n": 1, "id": "1147010100109810013-1", "pnu": "1147010100109810013", "floors": 4, "height": 16.8}}, {"type": "Feature", "geometry": {"type": "Polygon", "coordinates": [[[126.86228038, 37.52608347], [126.86224969, 37.52595109], [126.86207747, 37.52597821], [126.86211134, 37.5261103], [126.86228038, 37.52608347]]]}, "properties": {"name": "일부", "status": "partial", "capacity": 2, "active": 1, "industry": "이용·미용", "vacancy_rate": 50.0, "vacancy_rate_lo": 50.0, "vacancy_rate_hi": 50.0, "stores": 2, "source": "stores+ledger", "capacity_method": "floor_ouln", "active_pip": 0, "licensed": 0, "com_floors": [1, 2], "occ_floors": [1], "unknown_n": 0, "id": "1147010100109020016-1", "pnu": "1147010100109020016", "floors": 4, "height": 14.1}}, {"type": "Feature", "geometry": {"type": "Polygon", "coordinates": [[[126.86455396, 37.52370971], [126.86438611, 37.52367432], [126.86436478, 37.52373849], [126.86440683, 37.52374586], [126.86439865, 37.52377062], [126.86452517, 37.52379555], [126.86455396, 37.52370971]]]}, "properties": {"name": "STUDIO", "status": "partial", "capacity": 4, "active": 2, "industry": "기타 생활용품 소매", "vacancy_rate": 50.0, "vacancy_rate_lo": 50.0, "vacancy_rate_hi": 50.0, "stores": 3, "source": "stores+ledger", "capacity_method": "floor_ouln", "active_pip": 0, "licensed": 0, "com_floors": [1, 2, 3, 6], "occ_floors": [1, 2], "unknown_n": 0, "id": "1147010100110060006-1", "pnu": "1147010100110060006", "floors": 6, "height": 19.1}}, {"type": "Feature", "geometry": {"type": "Polygon", "coordinates": [[[126.86427532, 37.52345851], [126.86417512, 37.52344545], [126.86415942, 37.52352595], [126.8641854, 37.52352908], [126.86417862, 37.52356399], [126.86427881, 37.52357509], [126.86429826, 37.52348332], [126.86427532, 37.52345851]]]}, "properties": {"name": "신정동 1004-7", "status": "full", "capacity": 3, "active": 3, "industry": "비알코올 ", "vacancy_rate": 0.0, "vacancy_rate_lo": 0.0, "vacancy_rate_hi": 0.0, "stores": 3, "source": "stores+ledger", "capacity_method": "floor_ouln", "active_pip": 0, "licensed": 0, "com_floors": [1, 2, 3], "occ_floors": [1, 2, 3], "unknown_n": 0, "id": "1147010100110040007-1", "pnu": "1147010100110040007", "floors": 5, "height": 13.3}}, {"type": "Feature", "geometry": {"type": "Polygon", "coordinates": [[[126.8633964, 37.52612052], [126.86319141, 37.52609354], [126.86322332, 37.52623717], [126.86341904, 37.52620642], [126.8633964, 37.52612052]]]}, "properties": {"name": "신정동 902-10", "status": "full", "capacity": 3, "active": 3, "industry": "섬유·의복·신발 소매", "vacancy_rate": 0.0, "vacancy_rate_lo": 0.0, "vacancy_rate_hi": 0.0, "stores": 9, "source": "stores+ledger", "capacity_method": "floor_ouln", "active_pip": 0, "licensed": 0, "com_floors": [1, 2, 3], "occ_floors": [1, 2, 3], "unknown_n": 0, "id": "1147010100109020010-1", "pnu": "1147010100109020010", "floors": 3, "height": 0.0}}, {"type": "Feature", "geometry": {"type": "Polygon", "coordinates": [[[126.86259196, 37.52562742], [126.86265877, 37.52563481], [126.8626643, 37.52560554], [126.86259166, 37.52559757], [126.86258718, 37.52562684], [126.86259196, 37.52562742]]]}, "properties": {"name": "신정동 991-6", "status": "high", "capacity": 7, "active": 2, "industry": "식료품 소매", "vacancy_rate": 71.4, "vacancy_rate_lo": 71.4, "vacancy_rate_hi": 85.7, "stores": 2, "source": "stores+ledger", "capacity_method": "floor_ouln", "active_pip": 0, "licensed": 0, "com_floors": [1, 2, 3, 4, 5, 6, 7], "occ_floors": [3], "unknown_n": 1, "id": "1147010100109910006-1", "pnu": "1147010100109910006", "floors": 0, "height": 0.0}}, {"type": "Feature", "geometry": {"type": "Polygon", "coordinates": [[[126.86389297, 37.52570438], [126.86392124, 37.52561459], [126.86378271, 37.52558768], [126.86377275, 37.52561723], [126.86375933, 37.52561384], [126.86373818, 37.52567098], [126.86389297, 37.52570438]]]}, "properties": {"name": "신정동 994-7", "status": "empty", "capacity": 2, "active": 0, "industry": "", "vacancy_rate": 100.0, "source": "polygon_only", "capacity_method": "floor_approx", "active_pip": 0, "licensed": 0, "id": "1147010100109940007-1", "pnu": "1147010100109940007", "floors": 2, "height": 0.0}}, {"type": "Feature", "geometry": {"type": "Polygon", "coordinates": [[[126.8638487, 37.52497368], [126.86385554, 37.52490301], [126.86376082, 37.52489023], [126.86375673, 37.52490881], [126.86370194, 37.52490255], [126.86368871, 37.52498446], [126.86380358, 37.52499783], [126.8638487, 37.52497368]]]}, "properties": {"name": "오른쪽호", "status": "full", "capacity": 2, "active": 2, "industry": "오락용품 소매", "vacancy_rate": 0.0, "vacancy_rate_lo": 0.0, "vacancy_rate_hi": 0.0, "stores": 3, "source": "stores+ledger", "capacity_method": "floor_ouln", "active_pip": 0, "licensed": 0, "com_floors": [1, 2], "occ_floors": [1, 2], "unknown_n": 0, "id": "1147010100109960011-1", "pnu": "1147010100109960011", "floors": 3, "height": 0.0}}, {"type": "Feature", "geometry": {"type": "Polygon", "coordinates": [[[126.86307945, 37.52544749], [126.86296598, 37.52543497], [126.8629506, 37.52544087], [126.86293804, 37.52545015], [126.86293271, 37.5254614], [126.86292862, 37.52547914], [126.86292042, 37.52551461], [126.86292855, 37.52551547], [126.86306498, 37.52552998], [126.86307945, 37.52544749]]]}, "properties": {"name": "우측크린토피아세탁소", "status": "full", "capacity": 2, "active": 2, "industry": "세탁", "vacancy_rate": 0.0, "vacancy_rate_lo": 0.0, "vacancy_rate_hi": 0.0, "stores": 3, "source": "stores+ledger", "capacity_method": "floor_ouln", "active_pip": 0, "licensed": 0, "com_floors": [1, 2], "occ_floors": [1, 2], "unknown_n": 0, "id": "1147010100109920008-1", "pnu": "1147010100109920008", "floors": 4, "height": 12.2}}, {"type": "Feature", "geometry": {"type": "Polygon", "coordinates": [[[126.86422165, 37.52566871], [126.86414511, 37.52566216], [126.8641301, 37.52575955], [126.86421015, 37.52576838], [126.86422165, 37.52566871]]]}, "properties": {"name": "에스케이충전소", "status": "partial", "capacity": 2, "active": 1, "industry": "연료 소매", "vacancy_rate": 50.0, "vacancy_rate_lo": 50.0, "vacancy_rate_hi": 100.0, "stores": 1, "source": "stores+ledger", "capacity_method": "floor_ouln", "active_pip": 0, "licensed": 0, "com_floors": [1, 3], "occ_floors": [], "unknown_n": 1, "id": "1147010100109940004-1", "pnu": "1147010100109940004", "floors": 1, "height": 4.0}}, {"type": "Feature", "geometry": {"type": "Polygon", "coordinates": [[[126.863151, 37.52478929], [126.86306194, 37.52477961], [126.86304033, 37.52489475], [126.86326532, 37.52492148], [126.86328687, 37.52482041], [126.86314885, 37.52480674], [126.863151, 37.52478929]]]}, "properties": {"name": "한농빌딩", "status": "full", "capacity": 5, "active": 5, "industry": "교육 지원", "vacancy_rate": 0.0, "vacancy_rate_lo": 0.0, "vacancy_rate_hi": 20.0, "stores": 39, "source": "stores+ledger", "capacity_method": "floor_ouln", "active_pip": 0, "licensed": 0, "com_floors": [1, 2, 3, 4, 5], "occ_floors": [1, 3, 4, 5], "unknown_n": 1, "id": "1147010100109960001-1", "pnu": "1147010100109960001", "floors": 6, "height": 18.5}}, {"type": "Feature", "geometry": {"type": "Polygon", "coordinates": [[[126.8645957, 37.52349857], [126.86446034, 37.52348603], [126.86441452, 37.52350654], [126.86440276, 37.52355917], [126.86458353, 37.523585], [126.8645957, 37.52349857]]]}, "properties": {"name": "신정동 1006-4", "status": "partial", "capacity": 5, "active": 4, "industry": "비알코올 ", "vacancy_rate": 20.0, "vacancy_rate_lo": 20.0, "vacancy_rate_hi": 20.0, "stores": 4, "source": "stores+ledger", "capacity_method": "floor_ouln", "active_pip": 0, "licensed": 0, "com_floors": [1, 2, 3, 4, 6], "occ_floors": [1, 2, 3, 4], "unknown_n": 0, "id": "1147010100110060004-1", "pnu": "1147010100110060004", "floors": 6, "height": 19.1}}, {"type": "Feature", "geometry": {"type": "Polygon", "coordinates": [[[126.86321457, 37.52396894], [126.86321293, 37.52398131], [126.86327167, 37.52398623], [126.86327294, 37.52397655], [126.8633013, 37.52397893], [126.8633107, 37.52390779], [126.86319663, 37.52389822], [126.863189, 37.52395592], [126.86319006, 37.52395605], [126.8632013, 37.52396783], [126.86321457, 37.52396894]]]}, "properties": {"name": "명칭없음", "status": "full", "capacity": 1, "active": 1, "industry": "비알코올 ", "vacancy_rate": 0.0, "vacancy_rate_lo": null, "vacancy_rate_hi": null, "stores": 1, "source": "stores+ledger", "capacity_method": "expos_units", "active_pip": 0, "licensed": 0, "com_floors": null, "occ_floors": null, "unknown_n": null, "id": "1147010100110050001-1", "pnu": "1147010100110050001", "floors": 5, "height": 13.1}}, {"type": "Feature", "geometry": {"type": "Polygon", "coordinates": [[[126.86377928, 37.52555242], [126.86389454, 37.52557528], [126.86389813, 37.52556417], [126.86392258, 37.52556802], [126.86394097, 37.52551112], [126.86391362, 37.52550535], [126.8639209, 37.52548282], [126.8638091, 37.52546009], [126.86377928, 37.52555242]]]}, "properties": {"name": "유정빌딩", "status": "full", "capacity": 1, "active": 1, "industry": "한식", "vacancy_rate": 0.0, "vacancy_rate_lo": 0.0, "vacancy_rate_hi": 0.0, "stores": 2, "source": "stores+ledger", "capacity_method": "floor_ouln", "active_pip": 0, "licensed": 0, "com_floors": [1], "occ_floors": [1], "unknown_n": 0, "id": "1147010100109940006-1", "pnu": "1147010100109940006", "floors": 7, "height": 21.0}}, {"type": "Feature", "geometry": {"type": "Polygon", "coordinates": [[[126.86321783, 37.52439884], [126.86310807, 37.52438689], [126.86309365, 37.52445388], [126.86312682, 37.5244863], [126.86320245, 37.5244954], [126.86321783, 37.52439884]]]}, "properties": {"name": "신정동 997-1", "status": "empty", "capacity": 4, "active": 0, "industry": "", "vacancy_rate": 100.0, "source": "polygon_only", "capacity_method": "floor_approx", "active_pip": 0, "licensed": 0, "id": "1147010100109970001-1", "pnu": "1147010100109970001", "floors": 4, "height": 0.0}}, {"type": "Feature", "geometry": {"type": "Polygon", "coordinates": [[[126.86463256, 37.52422984], [126.86452372, 37.52420747], [126.86452194, 37.52421225], [126.86446345, 37.52420008], [126.86440194, 37.52439457], [126.86456858, 37.52442855], [126.86463256, 37.52422984]]]}, "properties": {"name": "정동프라자", "status": "partial", "capacity": 15, "active": 9, "industry": "기타 교육", "vacancy_rate": 40.0, "vacancy_rate_lo": null, "vacancy_rate_hi": null, "stores": 9, "source": "stores+ledger", "capacity_method": "expos_units", "active_pip": 0, "licensed": 0, "com_floors": null, "occ_floors": null, "unknown_n": null, "id": "1147010100109950006-1", "pnu": "1147010100109950006", "floors": 8, "height": 35.3}}, {"type": "Feature", "geometry": {"type": "Polygon", "coordinates": [[[126.86446717, 37.52459173], [126.86431522, 37.52456369], [126.86426064, 37.52473482], [126.86441277, 37.52476512], [126.86446717, 37.52459173]]]}, "properties": {"name": "쌍우빌딩", "status": "full", "capacity": 4, "active": 4, "industry": "스포츠 서비스", "vacancy_rate": 0.0, "vacancy_rate_lo": 0.0, "vacancy_rate_hi": 0.0, "stores": 12, "source": "stores+ledger", "capacity_method": "floor_ouln", "active_pip": 0, "licensed": 0, "com_floors": [1, 2, 3, 4], "occ_floors": [1, 2, 3, 4], "unknown_n": 0, "id": "1147010100109950004-1", "pnu": "1147010100109950004", "floors": 4, "height": 0.0}}, {"type": "Feature", "geometry": {"type": "Polygon", "coordinates": [[[126.86280837, 37.52540918], [126.86273891, 37.52540122], [126.86271748, 37.5255169], [126.86283236, 37.52552943], [126.86285073, 37.52544245], [126.86282975, 37.52541652], [126.86280837, 37.52540918]]]}, "properties": {"name": "신정동 991-7", "status": "full", "capacity": 2, "active": 2, "industry": "주점", "vacancy_rate": 0.0, "vacancy_rate_lo": 0.0, "vacancy_rate_hi": 0.0, "stores": 3, "source": "stores+ledger", "capacity_method": "floor_ouln", "active_pip": 0, "licensed": 0, "com_floors": [1, 2], "occ_floors": [1, 2], "unknown_n": 0, "id": "1147010100109910007-1", "pnu": "1147010100109910007", "floors": 3, "height": 10.1}}, {"type": "Feature", "geometry": {"type": "Polygon", "coordinates": [[[126.8623176, 37.5218899], [126.86240278, 37.52189705], [126.86240921, 37.52186073], [126.86232368, 37.52185049], [126.8623176, 37.5218899]]]}, "properties": {"name": "서측", "status": "full", "capacity": 3, "active": 3, "industry": "이용·미용", "vacancy_rate": 0.0, "vacancy_rate_lo": 0.0, "vacancy_rate_hi": 33.3, "stores": 2, "source": "stores+ledger", "capacity_method": "floor_ouln", "active_pip": 0, "licensed": 0, "com_floors": [1, 2, 3], "occ_floors": [1, 2], "unknown_n": 1, "id": "1147010100110140001-1", "pnu": "1147010100110140001", "floors": 0, "height": 0.0}}, {"type": "Feature", "geometry": {"type": "Polygon", "coordinates": [[[126.86358577, 37.52269017], [126.86359276, 37.52264344], [126.86365408, 37.52264887], [126.86367942, 37.52251318], [126.86345446, 37.52248673], [126.86342265, 37.52267422], [126.86358577, 37.52269017]]]}, "properties": {"name": "법조타운", "status": "high", "capacity": 15, "active": 3, "industry": "기타 교육", "vacancy_rate": 80.0, "vacancy_rate_lo": null, "vacancy_rate_hi": null, "stores": 3, "source": "stores+ledger", "capacity_method": "expos_units", "active_pip": 0, "licensed": 0, "com_floors": null, "occ_floors": null, "unknown_n": null, "id": "1147010100110090011-1", "pnu": "1147010100110090011", "floors": 6, "height": 22.0}}, {"type": "Feature", "geometry": {"type": "Polygon", "coordinates": [[[126.86331171, 37.52274476], [126.86318075, 37.52273082], [126.86316771, 37.52280739], [126.86316736, 37.52280908], [126.86329759, 37.5228219], [126.86330028, 37.52280726], [126.86330652, 37.52277319], [126.86330953, 37.52277235], [126.86331396, 37.5227687], [126.86331662, 37.52276363], [126.86331822, 37.52275687], [126.86331787, 37.52275096], [126.86331523, 37.52274617], [126.86331171, 37.52274476]]]}, "properties": {"name": "신정동 1010-8", "status": "full", "capacity": 1, "active": 1, "industry": "한식", "vacancy_rate": 0.0, "vacancy_rate_lo": 0.0, "vacancy_rate_hi": 0.0, "stores": 2, "source": "stores+ledger", "capacity_method": "floor_ouln", "active_pip": 0, "licensed": 0, "com_floors": [1], "occ_floors": [1], "unknown_n": 0, "id": "1147010100110100008-1", "pnu": "1147010100110100008", "floors": 4, "height": 12.9}}, {"type": "Feature", "geometry": {"type": "Polygon", "coordinates": [[[126.86207182, 37.52184147], [126.86192286, 37.52182357], [126.86189945, 37.52195925], [126.86204913, 37.52197604], [126.86207182, 37.52184147]]]}, "properties": {"name": "신정동 1017-15", "status": "empty", "capacity": 2, "active": 0, "industry": "", "vacancy_rate": 100.0, "source": "polygon_only", "capacity_method": "floor_approx", "active_pip": 0, "licensed": 0, "id": "1147010100110170015-1", "pnu": "1147010100110170015", "floors": 2, "height": 7.6}}, {"type": "Feature", "geometry": {"type": "Polygon", "coordinates": [[[126.86412384, 37.52326068], [126.86398476, 37.52324644], [126.86396779, 37.52334102], [126.86410457, 37.52335583], [126.86412384, 37.52326068]]]}, "properties": {"name": "아르떼빌딩", "status": "partial", "capacity": 4, "active": 3, "industry": "기타 교육", "vacancy_rate": 25.0, "vacancy_rate_lo": null, "vacancy_rate_hi": null, "stores": 3, "source": "stores+ledger", "capacity_method": "expos_units", "active_pip": 0, "licensed": 0, "com_floors": null, "occ_floors": null, "unknown_n": null, "id": "1147010100110080011-1", "pnu": "1147010100110080011", "floors": 4, "height": 14.0}}, {"type": "Feature", "geometry": {"type": "Polygon", "coordinates": [[[126.86406989, 37.52551876], [126.86399286, 37.52550374], [126.86395177, 37.52563856], [126.86403059, 37.52565245], [126.86406989, 37.52551876]]]}, "properties": {"name": "에스케이충전소", "status": "partial", "capacity": 2, "active": 1, "industry": "연료 소매", "vacancy_rate": 50.0, "vacancy_rate_lo": 50.0, "vacancy_rate_hi": 100.0, "stores": 1, "source": "stores+ledger", "capacity_method": "floor_ouln", "active_pip": 0, "licensed": 0, "com_floors": [1, 3], "occ_floors": [], "unknown_n": 1, "id": "1147010100109940004-2", "pnu": "1147010100109940004", "floors": 3, "height": 8.2}}, {"type": "Feature", "geometry": {"type": "Polygon", "coordinates": [[[126.86263882, 37.5229163], [126.86256725, 37.5229089], [126.86256226, 37.52293085], [126.8625999, 37.52293456], [126.86260382, 37.52292048], [126.86263722, 37.52292278], [126.86263882, 37.5229163]]]}, "properties": {"name": "신정동 1011-17", "status": "partial", "capacity": 2, "active": 1, "industry": "한식", "vacancy_rate": 50.0, "vacancy_rate_lo": 50.0, "vacancy_rate_hi": 50.0, "stores": 1, "source": "stores+ledger", "capacity_method": "floor_ouln", "active_pip": 0, "licensed": 0, "com_floors": [1, 2], "occ_floors": [1], "unknown_n": 0, "id": "1147010100110110017-1", "pnu": "1147010100110110017", "floors": 0, "height": 0.0}}, {"type": "Feature", "geometry": {"type": "Polygon", "coordinates": [[[126.86303635, 37.52243445], [126.86299128, 37.52242904], [126.86297107, 37.52256191], [126.86306403, 37.52257273], [126.8630867, 37.52244661], [126.86303546, 37.5224412], [126.86303635, 37.52243445]]]}, "properties": {"name": "신정동 1010-11", "status": "empty", "capacity": 5, "active": 0, "industry": "", "vacancy_rate": 100.0, "source": "polygon_only", "capacity_method": "floor_approx", "active_pip": 0, "licensed": 0, "id": "1147010100110100011-1", "pnu": "1147010100110100011", "floors": 5, "height": 14.6}}, {"type": "Feature", "geometry": {"type": "Polygon", "coordinates": [[[126.86395256, 37.52297441], [126.86387108, 37.52296615], [126.86385462, 37.52307567], [126.86396243, 37.52308677], [126.86396688, 37.52306707], [126.86396971, 37.5230651], [126.86397149, 37.52306285], [126.86397308, 37.5230606], [126.86397308, 37.5230575], [126.86397186, 37.52305496], [126.86396815, 37.52305299], [126.8639783, 37.52300486], [126.86397655, 37.5229995], [126.86397056, 37.52298964], [126.86396156, 37.52297977], [126.86395256, 37.52297441]]]}, "properties": {"name": "신정동 1008-19", "status": "partial", "capacity": 2, "active": 1, "industry": "서양식", "vacancy_rate": 50.0, "vacancy_rate_lo": 50.0, "vacancy_rate_hi": 50.0, "stores": 1, "source": "stores+ledger", "capacity_method": "floor_ouln", "active_pip": 0, "licensed": 0, "com_floors": [1, 2], "occ_floors": [1], "unknown_n": 0, "id": "1147010100110080019-1", "pnu": "1147010100110080019", "floors": 4, "height": 11.9}}, {"type": "Feature", "geometry": {"type": "Polygon", "coordinates": [[[126.86404568, 37.52415906], [126.86344233, 37.52409698], [126.86341357, 37.52425603], [126.86401549, 37.52432683], [126.86404568, 37.52415906]]]}, "properties": {"name": "삼천리아파트", "status": "partial", "capacity": 8, "active": 7, "industry": "한식", "vacancy_rate": 12.5, "vacancy_rate_lo": null, "vacancy_rate_hi": null, "stores": 7, "source": "stores+ledger", "capacity_method": "expos_units", "active_pip": 0, "licensed": 0, "com_floors": null, "occ_floors": null, "unknown_n": null, "id": "1147010100109970006-1", "pnu": "1147010100109970006", "floors": 9, "height": 26.2}}, {"type": "Feature", "geometry": {"type": "Polygon", "coordinates": [[[126.86292857, 37.52453619], [126.86291462, 37.52453476], [126.86289125, 37.52464567], [126.86292854, 37.52465022], [126.86297184, 37.52465562], [126.8629874, 37.52455372], [126.86297523, 37.52454075], [126.86292857, 37.52453619]]]}, "properties": {"name": "신정동 999-18", "status": "full", "capacity": 2, "active": 2, "industry": "이용·미용", "vacancy_rate": 0.0, "vacancy_rate_lo": 0.0, "vacancy_rate_hi": 50.0, "stores": 2, "source": "stores+ledger", "capacity_method": "floor_ouln", "active_pip": 0, "licensed": 0, "com_floors": [1, 2], "occ_floors": [1], "unknown_n": 1, "id": "1147010100109990018-1", "pnu": "1147010100109990018", "floors": 4, "height": 0.0}}, {"type": "Feature", "geometry": {"type": "Polygon", "coordinates": [[[126.86392701, 37.5225388], [126.86370134, 37.52251405], [126.86367921, 37.52262862], [126.86368563, 37.52269283], [126.86389558, 37.52271588], [126.86392701, 37.5225388]]]}, "properties": {"name": "신정동 1009-15", "status": "full", "capacity": 7, "active": 7, "industry": "비알코올 ", "vacancy_rate": 0.0, "vacancy_rate_lo": 0.0, "vacancy_rate_hi": 42.9, "stores": 1, "source": "stores+ledger", "capacity_method": "floor_ouln", "active_pip": 0, "licensed": 0, "com_floors": [1, 2, 3, 4, 5, 6, 7], "occ_floors": [3, 4, 5, 6], "unknown_n": 3, "id": "1147010100110090015-1", "pnu": "1147010100110090015", "floors": 8, "height": 26.65}}, {"type": "Feature", "geometry": {"type": "Polygon", "coordinates": [[[126.86373559, 37.52286226], [126.86373747, 37.52286227], [126.86373763, 37.52286376], [126.86373797, 37.52286783], [126.86374119, 37.52287272], [126.86374613, 37.52287666], [126.86375073, 37.52287871], [126.86375345, 37.52287898], [126.86375345, 37.52288061], [126.86383379, 37.52288973], [126.86383303, 37.52288393], [126.86386217, 37.52288732], [126.86387945, 37.52279532], [126.86374891, 37.5227828], [126.86373559, 37.52286226]]]}, "properties": {"name": "신정동 1009-3", "status": "full", "capacity": 1, "active": 1, "industry": "중식", "vacancy_rate": 0.0, "vacancy_rate_lo": 0.0, "vacancy_rate_hi": 0.0, "stores": 1, "source": "stores+ledger", "capacity_method": "floor_ouln", "active_pip": 0, "licensed": 0, "com_floors": [1], "occ_floors": [1], "unknown_n": 0, "id": "1147010100110090003-1", "pnu": "1147010100110090003", "floors": 4, "height": 12.9}}, {"type": "Feature", "geometry": {"type": "Polygon", "coordinates": [[[126.86276096, 37.52249068], [126.86295067, 37.52251403], [126.8629722, 37.52240312], [126.86278248, 37.52237976], [126.86276096, 37.52249068]]]}, "properties": {"name": "진성빌딩", "status": "partial", "capacity": 4, "active": 3, "industry": "기타 간이", "vacancy_rate": 25.0, "vacancy_rate_lo": 25.0, "vacancy_rate_hi": 25.0, "stores": 1, "source": "stores+ledger", "capacity_method": "floor_ouln", "active_pip": 0, "licensed": 0, "com_floors": [1, 2, 3, 5], "occ_floors": [1, 2, 5], "unknown_n": 0, "id": "1147010100110100012-1", "pnu": "1147010100110100012", "floors": 7, "height": 22.85}}, {"type": "Feature", "geometry": {"type": "Polygon", "coordinates": [[[126.86255187, 37.52570536], [126.8625788, 37.5255739], [126.86251272, 37.52556425], [126.86251503, 37.52555355], [126.86238762, 37.52553594], [126.86238565, 37.5255458], [126.86234625, 37.5255404], [126.86231701, 37.52567074], [126.8623239, 37.52567948], [126.86233184, 37.52568259], [126.86233873, 37.52568259], [126.86234209, 37.5256826], [126.8623497, 37.52567894], [126.86235147, 37.52567555], [126.86237481, 37.52567812], [126.86237409, 37.52568235], [126.86255187, 37.52570536]]]}, "properties": {"name": "제연빌딩", "status": "partial", "capacity": 6, "active": 5, "industry": "오락용품 소매", "vacancy_rate": 16.7, "vacancy_rate_lo": 16.7, "vacancy_rate_hi": 33.3, "stores": 5, "source": "stores+ledger", "capacity_method": "floor_ouln", "active_pip": 0, "licensed": 0, "com_floors": [1, 2, 3, 4, 5, 6], "occ_floors": [1, 2, 3, 6], "unknown_n": 1, "id": "1147010100109910005-1", "pnu": "1147010100109910005", "floors": 6, "height": 21.8}}, {"type": "Feature", "geometry": {"type": "Polygon", "coordinates": [[[126.86338076, 37.5254853], [126.86325758, 37.52547163], [126.86323955, 37.52557241], [126.86336166, 37.52558635], [126.86338076, 37.5254853]]]}, "properties": {"name": "신정동 992-6", "status": "full", "capacity": 2, "active": 2, "industry": "한식", "vacancy_rate": 0.0, "vacancy_rate_lo": 0.0, "vacancy_rate_hi": 0.0, "stores": 2, "source": "stores+ledger", "capacity_method": "floor_ouln", "active_pip": 0, "licensed": 0, "com_floors": [1, 2], "occ_floors": [1, 2], "unknown_n": 0, "id": "1147010100109920006-1", "pnu": "1147010100109920006", "floors": 4, "height": 11.4}}, {"type": "Feature", "geometry": {"type": "Polygon", "coordinates": [[[126.86021009, 37.52211353], [126.86014153, 37.52210641], [126.86012689, 37.52218944], [126.86019438, 37.52219685], [126.86021009, 37.52211353]]]}, "properties": {"name": "신정동 982-5", "status": "full", "capacity": 1, "active": 1, "industry": "일반 교육", "vacancy_rate": 0.0, "vacancy_rate_lo": 0.0, "vacancy_rate_hi": 100.0, "stores": 1, "source": "stores+ledger", "capacity_method": "floor_ouln", "active_pip": 0, "licensed": 0, "com_floors": [1], "occ_floors": [], "unknown_n": 1, "id": "1147010100109820005-1", "pnu": "1147010100109820005", "floors": 1, "height": 0.0}}, {"type": "Feature", "geometry": {"type": "Polygon", "coordinates": [[[126.85897607, 37.52564624], [126.85898149, 37.5255829], [126.85899068, 37.52558319], [126.85899736, 37.52550942], [126.85879623, 37.52549117], [126.85877593, 37.52567191], [126.85897847, 37.52568763], [126.8589835, 37.52564681], [126.85897607, 37.52564624]]]}, "properties": {"name": "덕운빌딩", "status": "full", "capacity": 4, "active": 4, "industry": "기타 교육", "vacancy_rate": 0.0, "vacancy_rate_lo": 0.0, "vacancy_rate_hi": 25.0, "stores": 6, "source": "stores+ledger", "capacity_method": "floor_ouln", "active_pip": 0, "licensed": 0, "com_floors": [1, 3, 5, 6], "occ_floors": [1, 5, 6], "unknown_n": 1, "id": "1147010100109080015-2", "pnu": "1147010100109080015", "floors": 6, "height": 20.7}}, {"type": "Feature", "geometry": {"type": "Polygon", "coordinates": [[[126.86017589, 37.5254745], [126.86020783, 37.52531996], [126.86010357, 37.5253083], [126.86009144, 37.52536347], [126.86000007, 37.52535266], [126.8599778, 37.52535011], [126.85995836, 37.52544524], [126.85999989, 37.52545093], [126.86017589, 37.5254745]]]}, "properties": {"name": "좌측", "status": "full", "capacity": 4, "active": 4, "industry": "기타 교육", "vacancy_rate": 0.0, "vacancy_rate_lo": 0.0, "vacancy_rate_hi": 0.0, "stores": 6, "source": "stores+ledger", "capacity_method": "floor_ouln", "active_pip": 0, "licensed": 0, "com_floors": [1, 2, 3, 4], "occ_floors": [1, 2, 3, 4], "unknown_n": 0, "id": "1147010100109870007-1", "pnu": "1147010100109870007", "floors": 4, "height": 0.0}}, {"type": "Feature", "geometry": {"type": "Polygon", "coordinates": [[[126.859419, 37.52519176], [126.85942272, 37.52519204], [126.85942736, 37.5251653], [126.85931921, 37.5251511], [126.85931243, 37.52517896], [126.859419, 37.52519176]]]}, "properties": {"name": "신정동 987-2", "status": "partial", "capacity": 3, "active": 2, "industry": "중고 상품 소매", "vacancy_rate": 33.3, "vacancy_rate_lo": 33.3, "vacancy_rate_hi": 33.3, "stores": 1, "source": "stores+ledger", "capacity_method": "floor_ouln", "active_pip": 0, "licensed": 0, "com_floors": [1, 2, 4], "occ_floors": [2, 4], "unknown_n": 0, "id": "1147010100109870002-1", "pnu": "1147010100109870002", "floors": 0, "height": 0.0}}, {"type": "Feature", "geometry": {"type": "Polygon", "coordinates": [[[126.85924478, 37.52403376], [126.85925495, 37.52397916], [126.85918497, 37.52397147], [126.85918353, 37.5239847], [126.85908633, 37.52397361], [126.85907472, 37.52403977], [126.85920461, 37.52405567], [126.85924478, 37.52403376]]]}, "properties": {"name": "신정동 956-3", "status": "partial", "capacity": 4, "active": 2, "industry": "비알코올 ", "vacancy_rate": 50.0, "vacancy_rate_lo": 50.0, "vacancy_rate_hi": 50.0, "stores": 2, "source": "stores+ledger", "capacity_method": "floor_ouln", "active_pip": 0, "licensed": 0, "com_floors": [1, 2, 3, 4], "occ_floors": [1, 2], "unknown_n": 0, "id": "1147010100109560003-1", "pnu": "1147010100109560003", "floors": 5, "height": 14.8}}, {"type": "Feature", "geometry": {"type": "Polygon", "coordinates": [[[126.85982416, 37.52225329], [126.85970523, 37.52223964], [126.8596786, 37.52239756], [126.85970311, 37.52242602], [126.85988833, 37.52244454], [126.85990103, 37.52236094], [126.85981213, 37.52235154], [126.85982416, 37.52225329]]]}, "properties": {"name": "신이모닝빌", "status": "full", "capacity": 1, "active": 1, "industry": "기타 간이", "vacancy_rate": 0.0, "vacancy_rate_lo": null, "vacancy_rate_hi": null, "stores": 1, "source": "stores+ledger", "capacity_method": "expos_units", "active_pip": 0, "licensed": 0, "com_floors": null, "occ_floors": null, "unknown_n": null, "id": "1147010100109820001-1", "pnu": "1147010100109820001", "floors": 7, "height": 24.2}}, {"type": "Feature", "geometry": {"type": "Polygon", "coordinates": [[[126.86000004, 37.52565056], [126.85984099, 37.52562897], [126.8598392, 37.52564304], [126.8598217, 37.52564106], [126.85980632, 37.52574408], [126.86000001, 37.52577135], [126.86011116, 37.52578697], [126.86014108, 37.5256696], [126.86000004, 37.52565056]]]}, "properties": {"name": "아진빌딩", "status": "full", "capacity": 4, "active": 4, "industry": "오락용품 소매", "vacancy_rate": 0.0, "vacancy_rate_lo": 0.0, "vacancy_rate_hi": 0.0, "stores": 11, "source": "stores+ledger", "capacity_method": "floor_ouln", "active_pip": 0, "licensed": 0, "com_floors": [1, 2, 3, 4], "occ_floors": [1, 2, 3, 4], "unknown_n": 0, "id": "1147010100109070011-1", "pnu": "1147010100109070011", "floors": 4, "height": 0.0}}, {"type": "Feature", "geometry": {"type": "Polygon", "coordinates": [[[126.86171401, 37.52274262], [126.86164402, 37.52273466], [126.86164383, 37.52274029], [126.86159718, 37.52273573], [126.86158662, 37.52280724], [126.86158411, 37.52282469], [126.86170041, 37.52283609], [126.86170452, 37.52280709], [126.86171401, 37.52274262]]]}, "properties": {"name": "신정동 1012-19", "status": "empty", "capacity": 1, "active": 0, "industry": "", "vacancy_rate": 100.0, "source": "polygon_only", "capacity_method": "floor_approx", "active_pip": 0, "licensed": 0, "id": "1147010100110120019-1", "pnu": "1147010100110120019", "floors": 1, "height": 0.0}}, {"type": "Feature", "geometry": {"type": "Polygon", "coordinates": [[[126.85965361, 37.52535901], [126.85967931, 37.5252222], [126.85955791, 37.52520995], [126.85952707, 37.52534816], [126.8596529, 37.52536295], [126.85965361, 37.52535901]]]}, "properties": {"name": "신정동 987-4", "status": "high", "capacity": 3, "active": 1, "industry": "가구 소매", "vacancy_rate": 66.7, "vacancy_rate_lo": null, "vacancy_rate_hi": null, "stores": 1, "source": "stores+ledger", "capacity_method": "floor_approx", "active_pip": 0, "licensed": 0, "com_floors": null, "occ_floors": null, "unknown_n": null, "id": "1147010100109870004-1", "pnu": "1147010100109870004", "floors": 3, "height": 0.0}}, {"type": "Feature", "geometry": {"type": "Polygon", "coordinates": [[[126.86166751, 37.52484669], [126.86140951, 37.52481513], [126.86139063, 37.52489254], [126.86148729, 37.52490645], [126.86147176, 37.52498808], [126.86155977, 37.52500002], [126.86166121, 37.52501393], [126.86166423, 37.52500014], [126.86169152, 37.52487066], [126.86166751, 37.52484669]]]}, "properties": {"name": "신정동 989-11", "status": "high", "capacity": 4, "active": 1, "industry": "비알코올 ", "vacancy_rate": 75.0, "vacancy_rate_lo": 75.0, "vacancy_rate_hi": 75.0, "stores": 1, "source": "stores+ledger", "capacity_method": "floor_ouln", "active_pip": 0, "licensed": 0, "com_floors": [1, 2, 3, 4], "occ_floors": [1], "unknown_n": 0, "id": "1147010100109890011-1", "pnu": "1147010100109890011", "floors": 4, "height": 16.85}}, {"type": "Feature", "geometry": {"type": "Polygon", "coordinates": [[[126.85944616, 37.52259296], [126.85929999, 37.52258181], [126.85927622, 37.5227251], [126.85942643, 37.52273824], [126.85944616, 37.52259296]]]}, "properties": {"name": "신정동 980-9", "status": "empty", "capacity": 3, "active": 0, "industry": "", "vacancy_rate": 100.0, "source": "polygon_only", "capacity_method": "floor_approx", "active_pip": 0, "licensed": 0, "id": "1147010100109800009-1", "pnu": "1147010100109800009", "floors": 3, "height": 0.0}}, {"type": "Feature", "geometry": {"type": "Polygon", "coordinates": [[[126.85922712, 37.52157598], [126.85923195, 37.52154839], [126.85919183, 37.52154496], [126.85918754, 37.52157086], [126.85905782, 37.52155719], [126.85903907, 37.52166164], [126.85947591, 37.52171199], [126.85949485, 37.52160671], [126.85922712, 37.52157598]]]}, "properties": {"name": "신정동 1026-3", "status": "partial", "capacity": 5, "active": 4, "industry": "스포츠 서비스", "vacancy_rate": 20.0, "vacancy_rate_lo": 20.0, "vacancy_rate_hi": 40.0, "stores": 6, "source": "stores+ledger", "capacity_method": "floor_ouln", "active_pip": 0, "licensed": 0, "com_floors": [1, 2, 3, 4, 5], "occ_floors": [1, 3, 4], "unknown_n": 1, "id": "1147010100110260003-1", "pnu": "1147010100110260003", "floors": 5, "height": 18.7}}, {"type": "Feature", "geometry": {"type": "Polygon", "coordinates": [[[126.86098696, 37.52172308], [126.86086378, 37.52170885], [126.86087075, 37.52166944], [126.86078629, 37.52165835], [126.86077698, 37.52171748], [126.86073457, 37.52171292], [126.86071611, 37.52185171], [126.86079722, 37.52185941], [126.86095274, 37.52187451], [126.86103402, 37.52188165], [126.8610507, 37.52175384], [126.86101695, 37.52174958], [126.86101857, 37.52173776], [126.86098569, 37.52173405], [126.86098696, 37.52172308]]]}, "properties": {"name": "남부필타운", "status": "high", "capacity": 19, "active": 5, "industry": "섬유·의복·신발 소매", "vacancy_rate": 73.7, "vacancy_rate_lo": null, "vacancy_rate_hi": null, "stores": 5, "source": "stores+ledger", "capacity_method": "expos_units", "active_pip": 0, "licensed": 0, "com_floors": null, "occ_floors": null, "unknown_n": null, "id": "1147010100110180005-1", "pnu": "1147010100110180005", "floors": 8, "height": 39.2}}, {"type": "Feature", "geometry": {"type": "Polygon", "coordinates": [[[126.86069597, 37.5218469], [126.86071026, 37.52176273], [126.86067421, 37.52175733], [126.86067494, 37.52175142], [126.8605293, 37.52174083], [126.86052608, 37.5217642], [126.86050558, 37.52176277], [126.86049309, 37.52182499], [126.86069597, 37.5218469]]]}, "properties": {"name": "신정동 1018-4", "status": "empty", "capacity": 4, "active": 0, "industry": "", "vacancy_rate": 100.0, "source": "polygon_only", "capacity_method": "floor_approx", "active_pip": 0, "licensed": 0, "id": "1147010100110180004-1", "pnu": "1147010100110180004", "floors": 4, "height": 0.0}}, {"type": "Feature", "geometry": {"type": "Polygon", "coordinates": [[[126.86119934, 37.52153161], [126.86115888, 37.5215566], [126.86115307, 37.52159324], [126.86120076, 37.52159805], [126.86119892, 37.52160967], [126.8612253, 37.52161232], [126.86122274, 37.52162841], [126.86126202, 37.52163237], [126.86127678, 37.5215394], [126.86119934, 37.52153161]]]}, "properties": {"name": "신정동 1017-12", "status": "empty", "capacity": 2, "active": 0, "industry": "", "vacancy_rate": 100.0, "source": "polygon_only", "capacity_method": "floor_approx", "active_pip": 0, "licensed": 0, "id": "1147010100110170012-1", "pnu": "1147010100110170012", "floors": 2, "height": 0.0}}, {"type": "Feature", "geometry": {"type": "Polygon", "coordinates": [[[126.86313797, 37.52612891], [126.8631255, 37.52607562], [126.86296405, 37.52605448], [126.86298672, 37.52615137], [126.86313797, 37.52612891]]]}, "properties": {"name": "일부", "status": "full", "capacity": 3, "active": 3, "industry": "의원", "vacancy_rate": 0.0, "vacancy_rate_lo": 0.0, "vacancy_rate_hi": 0.0, "stores": 4, "source": "stores+ledger", "capacity_method": "floor_ouln", "active_pip": 0, "licensed": 0, "com_floors": [1, 2, 3], "occ_floors": [1, 2, 3], "unknown_n": 0, "id": "1147010100109020011-1", "pnu": "1147010100109020011", "floors": 3, "height": 0.0}}, {"type": "Feature", "geometry": {"type": "Polygon", "coordinates": [[[126.86353514, 37.52273911], [126.86343298, 37.52272772], [126.86341601, 37.52282766], [126.86341459, 37.52283498], [126.86351779, 37.52284636], [126.86352405, 37.52280723], [126.86353514, 37.52273911]]]}, "properties": {"name": "건일빌딩", "status": "partial", "capacity": 4, "active": 3, "industry": "식료품 소매", "vacancy_rate": 25.0, "vacancy_rate_lo": 25.0, "vacancy_rate_hi": 25.0, "stores": 2, "source": "stores+ledger", "capacity_method": "floor_ouln", "active_pip": 0, "licensed": 0, "com_floors": [1, 2, 3, 4], "occ_floors": [2, 3, 4], "unknown_n": 0, "id": "1147010100110090001-1", "pnu": "1147010100110090001", "floors": 5, "height": 15.95}}, {"type": "Feature", "geometry": {"type": "Polygon", "coordinates": [[[126.85929524, 37.52502211], [126.85925054, 37.52501614], [126.85919301, 37.52505183], [126.85914491, 37.5253432], [126.8592527, 37.52535797], [126.85926003, 37.52531659], [126.85925032, 37.52531545], [126.85929524, 37.52502211]]]}, "properties": {"name": "일부", "status": "full", "capacity": 4, "active": 4, "industry": "기타 간이", "vacancy_rate": 0.0, "vacancy_rate_lo": 0.0, "vacancy_rate_hi": 50.0, "stores": 11, "source": "stores+ledger", "capacity_method": "floor_ouln", "active_pip": 0, "licensed": 0, "com_floors": [1, 2, 3, 4], "occ_floors": [1, 3], "unknown_n": 2, "id": "1147010100109870001-1", "pnu": "1147010100109870001", "floors": 4, "height": 0.0}}, {"type": "Feature", "geometry": {"type": "Polygon", "coordinates": [[[126.85972655, 37.52265496], [126.85973693, 37.52258374], [126.85980727, 37.52259002], [126.85982032, 37.52251514], [126.8597081, 37.52250374], [126.8596552, 37.52253127], [126.85963783, 37.52264726], [126.85972655, 37.52265496]]]}, "properties": {"name": "신정동 983-14", "status": "partial", "capacity": 2, "active": 1, "industry": "한식", "vacancy_rate": 50.0, "vacancy_rate_lo": 50.0, "vacancy_rate_hi": 50.0, "stores": 1, "source": "stores+ledger", "capacity_method": "floor_ouln", "active_pip": 0, "licensed": 0, "com_floors": [1, 3], "occ_floors": [1], "unknown_n": 0, "id": "1147010100109830014-1", "pnu": "1147010100109830014", "floors": 3, "height": 0.0}}, {"type": "Feature", "geometry": {"type": "Polygon", "coordinates": [[[126.86270154, 37.52206972], [126.86270973, 37.52203453], [126.86275816, 37.52203712], [126.86275958, 37.52203571], [126.86276962, 37.52196053], [126.86272401, 37.52195796], [126.86273084, 37.52189573], [126.8626515, 37.52189002], [126.86262484, 37.52206118], [126.86270154, 37.52206972]]]}, "properties": {"name": "법정빌딩", "status": "full", "capacity": 4, "active": 4, "industry": "교육 지원", "vacancy_rate": 0.0, "vacancy_rate_lo": 0.0, "vacancy_rate_hi": 0.0, "stores": 7, "source": "stores+ledger", "capacity_method": "floor_ouln", "active_pip": 0, "licensed": 0, "com_floors": [1, 6, 7, 8], "occ_floors": [1, 6, 7, 8], "unknown_n": 0, "id": "1147010100110140003-1", "pnu": "1147010100110140003", "floors": 8, "height": 28.2}}, {"type": "Feature", "geometry": {"type": "Polygon", "coordinates": [[[126.86289082, 37.5228569], [126.86280616, 37.52284666], [126.86280103, 37.52284778], [126.8627936, 37.52284947], [126.86278794, 37.52285255], [126.86278228, 37.52285705], [126.86277644, 37.52287], [126.86276889, 37.52293221], [126.86291063, 37.52294674], [126.8629244, 37.5228606], [126.86289082, 37.5228569]]]}, "properties": {"name": "신정동 1011-18", "status": "full", "capacity": 3, "active": 3, "industry": "한식", "vacancy_rate": 0.0, "vacancy_rate_lo": 0.0, "vacancy_rate_hi": 0.0, "stores": 3, "source": "stores+ledger", "capacity_method": "floor_ouln", "active_pip": 0, "licensed": 0, "com_floors": [1, 2, 5], "occ_floors": [1, 2, 5], "unknown_n": 0, "id": "1147010100110110018-1", "pnu": "1147010100110110018", "floors": 5, "height": 13.7}}, {"type": "Feature", "geometry": {"type": "Polygon", "coordinates": [[[126.8599787, 37.52525409], [126.85991049, 37.52524641], [126.85990371, 37.52527822], [126.85997351, 37.52528562], [126.8599787, 37.52525409]]]}, "properties": {"name": "기산빌딩", "status": "full", "capacity": 5, "active": 5, "industry": "일반 교육", "vacancy_rate": 0.0, "vacancy_rate_lo": 0.0, "vacancy_rate_hi": 20.0, "stores": 6, "source": "stores+ledger", "capacity_method": "floor_ouln", "active_pip": 0, "licensed": 0, "com_floors": [1, 2, 3, 4, 5], "occ_floors": [1, 2, 3, 5], "unknown_n": 1, "id": "1147010100109870006-1", "pnu": "1147010100109870006", "floors": 0, "height": 0.0}}, {"type": "Feature", "geometry": {"type": "Polygon", "coordinates": [[[126.86079331, 37.52576637], [126.8606196, 37.52574562], [126.86059011, 37.52591845], [126.86075907, 37.52594118], [126.86079331, 37.52576637]]]}, "properties": {"name": "신정빌딩", "status": "full", "capacity": 4, "active": 4, "industry": "기타 보건", "vacancy_rate": 0.0, "vacancy_rate_lo": 0.0, "vacancy_rate_hi": 25.0, "stores": 5, "source": "stores+ledger", "capacity_method": "floor_ouln", "active_pip": 0, "licensed": 0, "com_floors": [1, 2, 3, 4], "occ_floors": [1, 2, 3], "unknown_n": 1, "id": "1147010100109030026-1", "pnu": "1147010100109030026", "floors": 4, "height": 0.0}}, {"type": "Feature", "geometry": {"type": "Polygon", "coordinates": [[[126.8596275, 37.52174343], [126.85966018, 37.52156721], [126.85956405, 37.52155442], [126.85955174, 37.52161692], [126.85951056, 37.52161264], [126.85949374, 37.52172553], [126.8596275, 37.52174343]]]}, "properties": {"name": "준빌딩", "status": "partial", "capacity": 5, "active": 4, "industry": "안경·정밀기기 소매", "vacancy_rate": 20.0, "vacancy_rate_lo": 20.0, "vacancy_rate_hi": 40.0, "stores": 5, "source": "stores+ledger", "capacity_method": "floor_ouln", "active_pip": 0, "licensed": 0, "com_floors": [1, 2, 3, 4, 5], "occ_floors": [1, 2, 5], "unknown_n": 1, "id": "1147010100110260004-1", "pnu": "1147010100110260004", "floors": 7, "height": 31.15}}, {"type": "Feature", "geometry": {"type": "Polygon", "coordinates": [[[126.86060289, 37.52494679], [126.86049491, 37.52493315], [126.86048382, 37.52499987], [126.86047507, 37.52505308], [126.860588, 37.52506335], [126.86059607, 37.525], [126.86060289, 37.52494679]]]}, "properties": {"name": "신정동 989-2", "status": "partial", "capacity": 2, "active": 1, "industry": "의약·화장품 소매", "vacancy_rate": 50.0, "vacancy_rate_lo": 50.0, "vacancy_rate_hi": 50.0, "stores": 1, "source": "stores+ledger", "capacity_method": "floor_ouln", "active_pip": 0, "licensed": 0, "com_floors": [1, 2], "occ_floors": [1], "unknown_n": 0, "id": "1147010100109890002-1", "pnu": "1147010100109890002", "floors": 4, "height": 0.0}}, {"type": "Feature", "geometry": {"type": "Polygon", "coordinates": [[[126.86035879, 37.52493609], [126.86034631, 37.525], [126.86033828, 37.52504137], [126.86035749, 37.52506955], [126.86043136, 37.52507781], [126.86044441, 37.52499983], [126.8604537, 37.52494522], [126.86035879, 37.52493609]]]}, "properties": {"name": "신정동 989-1", "status": "full", "capacity": 3, "active": 3, "industry": "일반 교육", "vacancy_rate": 0.0, "vacancy_rate_lo": 0.0, "vacancy_rate_hi": 0.0, "stores": 4, "source": "stores+ledger", "capacity_method": "floor_ouln", "active_pip": 0, "licensed": 0, "com_floors": [1, 2, 3], "occ_floors": [1, 2, 3], "unknown_n": 0, "id": "1147010100109890001-1", "pnu": "1147010100109890001", "floors": 5, "height": 0.0}}, {"type": "Feature", "geometry": {"type": "Polygon", "coordinates": [[[126.86237188, 37.52236159], [126.86222838, 37.52234425], [126.86222397, 37.52234763], [126.86220235, 37.52247008], [126.86235063, 37.52248461], [126.86237188, 37.52236159]]]}, "properties": {"name": "신정동 1010-15", "status": "partial", "capacity": 4, "active": 3, "industry": "기타 간이", "vacancy_rate": 25.0, "vacancy_rate_lo": 25.0, "vacancy_rate_hi": 50.0, "stores": 3, "source": "stores+ledger", "capacity_method": "floor_ouln", "active_pip": 0, "licensed": 0, "com_floors": [1, 3, 4, 5], "occ_floors": [1, 5], "unknown_n": 1, "id": "1147010100110100015-1", "pnu": "1147010100110100015", "floors": 5, "height": 18.9}}, {"type": "Feature", "geometry": {"type": "Polygon", "coordinates": [[[126.8616825, 37.52608467], [126.86169464, 37.52601507], [126.86177308, 37.52602374], [126.86179597, 37.52589256], [126.86159989, 37.52587086], [126.86156485, 37.52607165], [126.8616825, 37.52608467]]]}, "properties": {"name": "신협빌딩", "status": "partial", "capacity": 6, "active": 3, "industry": "오락용품 소매", "vacancy_rate": 50.0, "vacancy_rate_lo": 50.0, "vacancy_rate_hi": 50.0, "stores": 4, "source": "stores+ledger", "capacity_method": "floor_ouln", "active_pip": 0, "licensed": 0, "com_floors": [1, 2, 3, 4, 5, 6], "occ_floors": [1, 3, 4], "unknown_n": 0, "id": "1147010100109020018-1", "pnu": "1147010100109020018", "floors": 6, "height": 20.3}}, {"type": "Feature", "geometry": {"type": "Polygon", "coordinates": [[[126.86265877, 37.52563481], [126.86259196, 37.52562742], [126.86256448, 37.5257707], [126.86274563, 37.52579202], [126.86275959, 37.5257912], [126.86277144, 37.52578727], [126.86278065, 37.52577771], [126.86278509, 37.52576617], [126.86278598, 37.52576167], [126.86280757, 37.5256516], [126.86265877, 37.52563481]]]}, "properties": {"name": "신정동 991-6", "status": "high", "capacity": 7, "active": 2, "industry": "식료품 소매", "vacancy_rate": 71.4, "vacancy_rate_lo": 71.4, "vacancy_rate_hi": 85.7, "stores": 2, "source": "stores+ledger", "capacity_method": "floor_ouln", "active_pip": 0, "licensed": 0, "com_floors": [1, 2, 3, 4, 5, 6, 7], "occ_floors": [3], "unknown_n": 1, "id": "1147010100109910006-2", "pnu": "1147010100109910006", "floors": 7, "height": 27.98}}, {"type": "Feature", "geometry": {"type": "Polygon", "coordinates": [[[126.86267955, 37.5261515], [126.86264974, 37.52602448], [126.86262252, 37.52602783], [126.86262146, 37.52602614], [126.86255904, 37.52603621], [126.8625594, 37.5260379], [126.86253234, 37.52604237], [126.86256304, 37.52616939], [126.86267955, 37.5261515]]]}, "properties": {"name": "크로노스빌딩", "status": "partial", "capacity": 7, "active": 5, "industry": "이용·미용", "vacancy_rate": 28.6, "vacancy_rate_lo": 28.6, "vacancy_rate_hi": 28.6, "stores": 7, "source": "stores+ledger", "capacity_method": "floor_ouln", "active_pip": 0, "licensed": 0, "com_floors": [1, 2, 3, 4, 5, 6, 9], "occ_floors": [2, 3, 5, 6, 9], "unknown_n": 0, "id": "1147010100109020014-1", "pnu": "1147010100109020014", "floors": 9, "height": 37.8}}, {"type": "Feature", "geometry": {"type": "Polygon", "coordinates": [[[126.86163576, 37.52520226], [126.86165721, 37.52506996], [126.86155436, 37.5250597], [126.8615399, 37.5251357], [126.86145207, 37.52512659], [126.86144044, 37.52520344], [126.8616055, 37.52522137], [126.86163576, 37.52520226]]]}, "properties": {"name": "신정동 989-10", "status": "full", "capacity": 2, "active": 2, "industry": "이용·미용", "vacancy_rate": 0.0, "vacancy_rate_lo": 0.0, "vacancy_rate_hi": 0.0, "stores": 3, "source": "stores+ledger", "capacity_method": "floor_ouln", "active_pip": 0, "licensed": 0, "com_floors": [1, 2], "occ_floors": [1, 2], "unknown_n": 0, "id": "1147010100109890010-1", "pnu": "1147010100109890010", "floors": 3, "height": 0.0}}, {"type": "Feature", "geometry": {"type": "Polygon", "coordinates": [[[126.85985158, 37.5261127], [126.85972929, 37.52609708], [126.85970896, 37.5261925], [126.85983072, 37.52620786], [126.85985158, 37.5261127]]]}, "properties": {"name": "신정동 906-10", "status": "full", "capacity": 1, "active": 1, "industry": "기타 교육", "vacancy_rate": 0.0, "vacancy_rate_lo": 0.0, "vacancy_rate_hi": 100.0, "stores": 1, "source": "stores+ledger", "capacity_method": "floor_ouln", "active_pip": 0, "licensed": 0, "com_floors": [1], "occ_floors": [], "unknown_n": 1, "id": "1147010100109060010-1", "pnu": "1147010100109060010", "floors": 4, "height": 12.5}}, {"type": "Feature", "geometry": {"type": "Polygon", "coordinates": [[[126.86211599, 37.52550551], [126.86194758, 37.52548335], [126.8619085, 37.52568349], [126.86217905, 37.52572042], [126.8621983, 37.52563315], [126.86218575, 37.52563201], [126.86218631, 37.52561962], [126.86217482, 37.52561848], [126.8621766, 37.5256092], [126.86216229, 37.52560636], [126.86216604, 37.52558638], [126.86215313, 37.5255858], [126.86216581, 37.52552415], [126.86211403, 37.52551677], [126.86211599, 37.52550551]]]}, "properties": {"name": "신정동 991-2", "status": "empty", "capacity": 2, "active": 0, "industry": "", "vacancy_rate": 100.0, "source": "polygon_only", "capacity_method": "floor_approx", "active_pip": 0, "licensed": 0, "id": "1147010100109910002-1", "pnu": "1147010100109910002", "floors": 2, "height": 0.0}}, {"type": "Feature", "geometry": {"type": "Polygon", "coordinates": [[[126.86297356, 37.52613045], [126.86296081, 37.52604231], [126.86292863, 37.52604565], [126.86283423, 37.52605342], [126.86284979, 37.52614578], [126.86292865, 37.52613603], [126.86297356, 37.52613045]]]}, "properties": {"name": "일부", "status": "full", "capacity": 3, "active": 3, "industry": "주점", "vacancy_rate": 0.0, "vacancy_rate_lo": 0.0, "vacancy_rate_hi": 33.3, "stores": 4, "source": "stores+ledger", "capacity_method": "floor_ouln", "active_pip": 0, "licensed": 0, "com_floors": [1, 2, 3], "occ_floors": [1, 2], "unknown_n": 1, "id": "1147010100109020012-1", "pnu": "1147010100109020012", "floors": 3, "height": 10.2}}, {"type": "Feature", "geometry": {"type": "Polygon", "coordinates": [[[126.86127721, 37.52618956], [126.86128684, 37.5261479], [126.86142045, 37.52616495], [126.86142858, 37.52616159], [126.86144751, 37.52614894], [126.86147194, 37.52603775], [126.86122666, 37.52600227], [126.86108775, 37.52598747], [126.86107562, 37.52604968], [126.86121186, 37.52606757], [126.86122583, 37.52607012], [126.86120212, 37.52617935], [126.86127721, 37.52618956]]]}, "properties": {"name": "예", "status": "partial", "capacity": 8, "active": 6, "industry": "기타 생활용품 소매", "vacancy_rate": 25.0, "vacancy_rate_lo": null, "vacancy_rate_hi": null, "stores": 6, "source": "stores+ledger", "capacity_method": "expos_units", "active_pip": 0, "licensed": 0, "com_floors": null, "occ_floors": null, "unknown_n": null, "id": "1147010100109030015-1", "pnu": "1147010100109030015", "floors": 9, "height": 27.2}}, {"type": "Feature", "geometry": {"type": "Polygon", "coordinates": [[[126.86125498, 37.52554689], [126.86125596, 37.52554683], [126.86125691, 37.52554662], [126.86125781, 37.52554629], [126.86125862, 37.52554584], [126.86125931, 37.52554529], [126.86125988, 37.52554465], [126.8612603, 37.52554393], [126.86126056, 37.52554318], [126.86126064, 37.52554239], [126.86126056, 37.52554162], [126.86126031, 37.52554085], [126.86125989, 37.52554014], [126.86125932, 37.5255395], [126.86125864, 37.52553894], [126.86125782, 37.52553849], [126.86125693, 37.52553816], [126.86125598, 37.52553796], [126.86125499, 37.52553788], [126.86125401, 37.52553795], [126.86125306, 37.52553816], [126.86125217, 37.52553848], [126.86125136, 37.52553893], [126.86125066, 37.52553949], [126.86125009, 37.52554013], [126.86124967, 37.52554084], [126.86124942, 37.52554161], [126.86124933, 37.52554238], [126.86124942, 37.52554316], [126.86124967, 37.52554392], [126.86125008, 37.52554463], [126.86125065, 37.52554528], [126.86125135, 37.52554583], [126.86125215, 37.52554629], [126.86125304, 37.52554662], [126.86125399, 37.52554683], [126.86125498, 37.52554689]]]}, "properties": {"name": "목동중앙하이츠펠리시티", "status": "high", "capacity": 23, "active": 6, "industry": "기타 간이", "vacancy_rate": 73.9, "vacancy_rate_lo": null, "vacancy_rate_hi": null, "stores": 6, "source": "stores+ledger", "capacity_method": "expos_units", "active_pip": 0, "licensed": 0, "com_floors": null, "occ_floors": null, "unknown_n": null, "id": "1147010100109880005-1", "pnu": "1147010100109880005", "floors": 4, "height": 13.7}}, {"type": "Feature", "geometry": {"type": "Polygon", "coordinates": [[[126.85933373, 37.52567525], [126.85939014, 37.52568242], [126.85946903, 37.52569241], [126.85949367, 37.52556874], [126.85935877, 37.52555161], [126.85933373, 37.52567525]]]}, "properties": {"name": "이스트만빌딩", "status": "partial", "capacity": 6, "active": 4, "industry": "의원", "vacancy_rate": 33.3, "vacancy_rate_lo": 33.3, "vacancy_rate_hi": 33.3, "stores": 4, "source": "stores+ledger", "capacity_method": "floor_ouln", "active_pip": 0, "licensed": 0, "com_floors": [1, 2, 3, 4, 5, 6], "occ_floors": [1, 2, 3, 5], "unknown_n": 0, "id": "1147010100109070014-1", "pnu": "1147010100109070014", "floors": 6, "height": 21.5}}, {"type": "Feature", "geometry": {"type": "Polygon", "coordinates": [[[126.86043067, 37.525733], [126.86022921, 37.5257063], [126.86021558, 37.52571191], [126.86019095, 37.52583915], [126.86040284, 37.5258684], [126.86043067, 37.525733]]]}, "properties": {"name": "신정동 903-28", "status": "full", "capacity": 3, "active": 3, "industry": "의원", "vacancy_rate": 0.0, "vacancy_rate_lo": 0.0, "vacancy_rate_hi": 33.3, "stores": 3, "source": "stores+ledger", "capacity_method": "floor_ouln", "active_pip": 0, "licensed": 0, "com_floors": [1, 2, 3], "occ_floors": [1, 2], "unknown_n": 1, "id": "1147010100109030028-1", "pnu": "1147010100109030028", "floors": 3, "height": 0.0}}, {"type": "Feature", "geometry": {"type": "Polygon", "coordinates": [[[126.85920051, 37.5257673], [126.85910154, 37.52575957], [126.85908178, 37.52592285], [126.85911939, 37.52594374], [126.85918885, 37.52594945], [126.85920048, 37.52587204], [126.8591867, 37.52587117], [126.85920051, 37.5257673]]]}, "properties": {"name": "신정동 907-1", "status": "full", "capacity": 2, "active": 2, "industry": "한식", "vacancy_rate": 0.0, "vacancy_rate_lo": 0.0, "vacancy_rate_hi": 50.0, "stores": 4, "source": "stores+ledger", "capacity_method": "floor_ouln", "active_pip": 0, "licensed": 0, "com_floors": [1, 2], "occ_floors": [1], "unknown_n": 1, "id": "1147010100109070001-1", "pnu": "1147010100109070001", "floors": 2, "height": 0.0}}, {"type": "Feature", "geometry": {"type": "Polygon", "coordinates": [[[126.85942064, 37.52432229], [126.85933263, 37.52431093], [126.8593007, 37.52446491], [126.85933423, 37.52449564], [126.8595311, 37.52451473], [126.85954167, 37.52444154], [126.85940453, 37.52442787], [126.85942064, 37.52432229]]]}, "properties": {"name": "신정동 985-1", "status": "empty", "capacity": 3, "active": 0, "industry": "", "vacancy_rate": 100.0, "source": "polygon_only", "capacity_method": "floor_approx", "active_pip": 0, "licensed": 0, "id": "1147010100109850001-1", "pnu": "1147010100109850001", "floors": 3, "height": 0.0}}, {"type": "Feature", "geometry": {"type": "Polygon", "coordinates": [[[126.85994281, 37.52544467], [126.85996423, 37.52533151], [126.85980713, 37.52531414], [126.85978803, 37.52541238], [126.85979244, 37.52541493], [126.85979544, 37.52541689], [126.8597995, 37.52541859], [126.85980357, 37.52541944], [126.85980798, 37.52541945], [126.85981241, 37.52541861], [126.85981965, 37.52541749], [126.85982867, 37.52541806], [126.85982599, 37.52543157], [126.85994281, 37.52544467]]]}, "properties": {"name": "기산빌딩", "status": "full", "capacity": 5, "active": 5, "industry": "일반 교육", "vacancy_rate": 0.0, "vacancy_rate_lo": 0.0, "vacancy_rate_hi": 20.0, "stores": 6, "source": "stores+ledger", "capacity_method": "floor_ouln", "active_pip": 0, "licensed": 0, "com_floors": [1, 2, 3, 4, 5], "occ_floors": [1, 2, 3, 5], "unknown_n": 1, "id": "1147010100109870006-2", "pnu": "1147010100109870006", "floors": 7, "height": 24.0}}, {"type": "Feature", "geometry": {"type": "Polygon", "coordinates": [[[126.86035879, 37.52493609], [126.86045583, 37.52494437], [126.86044939, 37.52498238], [126.8604752, 37.52498438], [126.86048077, 37.52492525], [126.86036397, 37.52490907], [126.86035879, 37.52493609]]]}, "properties": {"name": "신정동 989-1", "status": "full", "capacity": 3, "active": 3, "industry": "일반 교육", "vacancy_rate": 0.0, "vacancy_rate_lo": 0.0, "vacancy_rate_hi": 0.0, "stores": 4, "source": "stores+ledger", "capacity_method": "floor_ouln", "active_pip": 0, "licensed": 0, "com_floors": [1, 2, 3], "occ_floors": [1, 2, 3], "unknown_n": 0, "id": "1147010100109890001-2", "pnu": "1147010100109890001", "floors": 0, "height": 0.0}}, {"type": "Feature", "geometry": {"type": "Polygon", "coordinates": [[[126.85968237, 37.52519883], [126.85956378, 37.52518292], [126.85955826, 37.5252077], [126.85967843, 37.52522108], [126.85968237, 37.52519883]]]}, "properties": {"name": "신정동 987-4", "status": "high", "capacity": 3, "active": 1, "industry": "가구 소매", "vacancy_rate": 66.7, "vacancy_rate_lo": null, "vacancy_rate_hi": null, "stores": 1, "source": "stores+ledger", "capacity_method": "floor_approx", "active_pip": 0, "licensed": 0, "com_floors": null, "occ_floors": null, "unknown_n": null, "id": "1147010100109870004-2", "pnu": "1147010100109870004", "floors": 0, "height": 0.0}}, {"type": "Feature", "geometry": {"type": "Polygon", "coordinates": [[[126.85926963, 37.523884], [126.85910634, 37.52386635], [126.85909453, 37.52394011], [126.85925729, 37.52395719], [126.85926963, 37.523884]]]}, "properties": {"name": "신정동 956-4", "status": "empty", "capacity": 2, "active": 0, "industry": "", "vacancy_rate": 100.0, "source": "polygon_only", "capacity_method": "floor_approx", "active_pip": 0, "licensed": 0, "id": "1147010100109560004-1", "pnu": "1147010100109560004", "floors": 2, "height": 0.0}}, {"type": "Feature", "geometry": {"type": "Polygon", "coordinates": [[[126.86134163, 37.52587091], [126.86110572, 37.52583459], [126.86109035, 37.52592412], [126.86132095, 37.52595761], [126.86134163, 37.52587091]]]}, "properties": {"name": "신정동 903-20", "status": "partial", "capacity": 2, "active": 1, "industry": "일식", "vacancy_rate": 50.0, "vacancy_rate_lo": 50.0, "vacancy_rate_hi": 50.0, "stores": 3, "source": "stores+ledger", "capacity_method": "floor_ouln", "active_pip": 0, "licensed": 0, "com_floors": [1, 2], "occ_floors": [1], "unknown_n": 0, "id": "1147010100109030020-1", "pnu": "1147010100109030020", "floors": 3, "height": 0.0}}, {"type": "Feature", "geometry": {"type": "Polygon", "coordinates": [[[126.86113703, 37.52524476], [126.86107429, 37.52523792], [126.86105504, 37.52532603], [126.86111973, 37.5253323], [126.86111812, 37.52533906], [126.86118298, 37.52534533], [126.86120063, 37.52526314], [126.86113455, 37.52525546], [126.86113703, 37.52524476]]]}, "properties": {"name": "목동중앙하이츠펠리시티", "status": "high", "capacity": 23, "active": 6, "industry": "기타 간이", "vacancy_rate": 73.9, "vacancy_rate_lo": null, "vacancy_rate_hi": null, "stores": 6, "source": "stores+ledger", "capacity_method": "expos_units", "active_pip": 0, "licensed": 0, "com_floors": null, "occ_floors": null, "unknown_n": null, "id": "1147010100109880005-2", "pnu": "1147010100109880005", "floors": 2, "height": 0.0}}, {"type": "Feature", "geometry": {"type": "Polygon", "coordinates": [[[126.85937498, 37.52463169], [126.85927495, 37.52462143], [126.85922567, 37.52489279], [126.85932533, 37.52490473], [126.85937498, 37.52463169]]]}, "properties": {"name": "외", "status": "full", "capacity": 3, "active": 3, "industry": "섬유·의복·신발 소매", "vacancy_rate": 0.0, "vacancy_rate_lo": 0.0, "vacancy_rate_hi": 33.3, "stores": 5, "source": "stores+ledger", "capacity_method": "floor_ouln", "active_pip": 0, "licensed": 0, "com_floors": [1, 2, 3], "occ_floors": [1, 3], "unknown_n": 1, "id": "1147010100109860001-1", "pnu": "1147010100109860001", "floors": 3, "height": 12.3}}, {"type": "Feature", "geometry": {"type": "Polygon", "coordinates": [[[126.85896092, 37.52580727], [126.85876899, 37.52578593], [126.85874777, 37.52588586], [126.858942, 37.52590299], [126.85896092, 37.52580727]]]}, "properties": {"name": "예인빌딩", "status": "partial", "capacity": 2, "active": 1, "industry": "중식", "vacancy_rate": 50.0, "vacancy_rate_lo": 50.0, "vacancy_rate_hi": 50.0, "stores": 1, "source": "stores+ledger", "capacity_method": "floor_ouln", "active_pip": 0, "licensed": 0, "com_floors": [1, 2], "occ_floors": [1], "unknown_n": 0, "id": "1147010100109080014-1", "pnu": "1147010100109080014", "floors": 5, "height": 16.0}}, {"type": "Feature", "geometry": {"type": "Polygon", "coordinates": [[[126.86036273, 37.52600333], [126.86036676, 37.52600254], [126.86053692, 37.52603059], [126.86059754, 37.52571058], [126.86042342, 37.52568791], [126.86036273, 37.52600333]]]}, "properties": {"name": "신정동 903-27", "status": "partial", "capacity": 2, "active": 1, "industry": "기타 간이", "vacancy_rate": 50.0, "vacancy_rate_lo": null, "vacancy_rate_hi": null, "stores": 1, "source": "stores+ledger", "capacity_method": "expos_units", "active_pip": 0, "licensed": 0, "com_floors": null, "occ_floors": null, "unknown_n": null, "id": "1147010100109030027-1", "pnu": "1147010100109030027", "floors": 7, "height": 27.0}}, {"type": "Feature", "geometry": {"type": "Polygon", "coordinates": [[[126.86414309, 37.52313729], [126.86414442, 37.52314016], [126.86439892, 37.5231885], [126.86444734, 37.52307245], [126.86441938, 37.52303325], [126.86418942, 37.5229827], [126.86414309, 37.52313729]]]}, "properties": {"name": "신정동 1008-14", "status": "full", "capacity": 6, "active": 6, "industry": "", "vacancy_rate": 0.0, "source": "pip_only", "capacity_method": "floor_approx", "active_pip": 6, "licensed": 0, "id": "1147010100110080014-1", "pnu": "1147010100110080014", "floors": 5, "height": 15.2}}, {"type": "Feature", "geometry": {"type": "Polygon", "coordinates": [[[126.85946387, 37.52275855], [126.85929653, 37.52273694], [126.85928773, 37.52280705], [126.85928737, 37.52281126], [126.85942716, 37.52282467], [126.859456, 37.52280838], [126.85945618, 37.52280725], [126.85946387, 37.52275855]]]}, "properties": {"name": "신정동", "status": "full", "capacity": 3, "active": 3, "industry": "오락용품 소매", "vacancy_rate": 0.0, "vacancy_rate_lo": 0.0, "vacancy_rate_hi": 33.3, "stores": 2, "source": "stores+ledger", "capacity_method": "floor_ouln", "active_pip": 0, "licensed": 0, "com_floors": [1, 2, 3], "occ_floors": [1, 3], "unknown_n": 1, "id": "1147010100109800008-1", "pnu": "1147010100109800008", "floors": 3, "height": 0.0}}, {"type": "Feature", "geometry": {"type": "Polygon", "coordinates": [[[126.86141635, 37.52178552], [126.86141869, 37.52177088], [126.86124354, 37.52175153], [126.86123642, 37.52177743], [126.86121222, 37.52177543], [126.86120738, 37.52180949], [126.86123301, 37.52181234], [126.86122048, 37.52189848], [126.8612302, 37.52189962], [126.86122966, 37.52190384], [126.8614168, 37.52192546], [126.86144427, 37.52178837], [126.86141635, 37.52178552]]]}, "properties": {"name": "제이더블유디테일링", "status": "full", "capacity": 1, "active": 1, "industry": "자동차 수리·세차", "vacancy_rate": 0.0, "vacancy_rate_lo": 0.0, "vacancy_rate_hi": 0.0, "stores": 3, "source": "stores+ledger", "capacity_method": "floor_ouln", "active_pip": 0, "licensed": 0, "com_floors": [1], "occ_floors": [1], "unknown_n": 0, "id": "1147010100110170001-1", "pnu": "1147010100110170001", "floors": 4, "height": 0.0}}, {"type": "Feature", "geometry": {"type": "Polygon", "coordinates": [[[126.85941987, 37.52303161], [126.85934176, 37.52302335], [126.85931252, 37.52315903], [126.85932225, 37.52316129], [126.85932151, 37.52317565], [126.85939149, 37.52318615], [126.85941987, 37.52303161]]]}, "properties": {"name": "신정동 956-25", "status": "full", "capacity": 2, "active": 2, "industry": "철물·건설자재 소매", "vacancy_rate": 0.0, "vacancy_rate_lo": 0.0, "vacancy_rate_hi": 0.0, "stores": 3, "source": "stores+ledger", "capacity_method": "floor_ouln", "active_pip": 0, "licensed": 0, "com_floors": [1, 2], "occ_floors": [1, 2], "unknown_n": 0, "id": "1147010100109560025-1", "pnu": "1147010100109560025", "floors": 3, "height": 0.0}}, {"type": "Feature", "geometry": {"type": "Polygon", "coordinates": [[[126.85987888, 37.52220014], [126.85988318, 37.52216805], [126.85999999, 37.52217945], [126.86000723, 37.5221803], [126.86001798, 37.52210937], [126.86000013, 37.52210737], [126.8597324, 37.52207805], [126.85971436, 37.52218108], [126.85987888, 37.52220014]]]}, "properties": {"name": "신정동 982-8", "status": "full", "capacity": 3, "active": 3, "industry": "기타 교육", "vacancy_rate": 0.0, "vacancy_rate_lo": 0.0, "vacancy_rate_hi": 33.3, "stores": 3, "source": "stores+ledger", "capacity_method": "floor_ouln", "active_pip": 0, "licensed": 0, "com_floors": [1, 2, 3], "occ_floors": [2, 3], "unknown_n": 1, "id": "1147010100109820008-1", "pnu": "1147010100109820008", "floors": 3, "height": 10.0}}, {"type": "Feature", "geometry": {"type": "Polygon", "coordinates": [[[126.86455119, 37.52325492], [126.86465982, 37.52327661], [126.86468705, 37.52319009], [126.86451039, 37.52315482], [126.86449141, 37.52321512], [126.86450457, 37.52321775], [126.86450403, 37.5232195], [126.86455889, 37.52323045], [126.86455119, 37.52325492]]]}, "properties": {"name": "신정동 1007-2", "status": "full", "capacity": 1, "active": 1, "industry": "기타 간이", "vacancy_rate": 0.0, "vacancy_rate_lo": 0.0, "vacancy_rate_hi": 0.0, "stores": 2, "source": "stores+ledger", "capacity_method": "floor_ouln", "active_pip": 0, "licensed": 0, "com_floors": [1], "occ_floors": [1], "unknown_n": 0, "id": "1147010100110070002-1", "pnu": "1147010100110070002", "floors": 6, "height": 19.5}}, {"type": "Feature", "geometry": {"type": "Polygon", "coordinates": [[[126.86192926, 37.5223774], [126.8618052, 37.52236346], [126.86178396, 37.52247831], [126.86190801, 37.52249113], [126.86192926, 37.5223774]]]}, "properties": {"name": "신정동 1013-5", "status": "high", "capacity": 3, "active": 1, "industry": "일반 교육", "vacancy_rate": 66.7, "vacancy_rate_lo": 66.7, "vacancy_rate_hi": 66.7, "stores": 1, "source": "stores+ledger", "capacity_method": "floor_ouln", "active_pip": 0, "licensed": 0, "com_floors": [1, 4, 6], "occ_floors": [6], "unknown_n": 0, "id": "1147010100110130005-1", "pnu": "1147010100110130005", "floors": 2, "height": 6.4}}, {"type": "Feature", "geometry": {"type": "Polygon", "coordinates": [[[126.86273553, 37.52164555], [126.8627479, 37.5215815], [126.86279053, 37.52158616], [126.86283715, 37.52134467], [126.8624554, 37.52130226], [126.8624235, 37.52132232], [126.86240303, 37.52152472], [126.86254325, 37.52153976], [126.86254773, 37.52152246], [126.86258884, 37.52152612], [126.86258202, 37.52156185], [126.86260942, 37.5215643], [126.86259937, 37.52161637], [126.86260788, 37.52161741], [126.86260552, 37.52162963], [126.86273553, 37.52164555]]]}, "properties": {"name": "SM엘루이", "status": "partial", "capacity": 8, "active": 6, "industry": "비알코올 ", "vacancy_rate": 25.0, "vacancy_rate_lo": null, "vacancy_rate_hi": null, "stores": 6, "source": "stores+ledger", "capacity_method": "expos_units", "active_pip": 0, "licensed": 0, "com_floors": null, "occ_floors": null, "unknown_n": null, "id": "1147010100110140005-1", "pnu": "1147010100110140005", "floors": 12, "height": 35.2}}, {"type": "Feature", "geometry": {"type": "Polygon", "coordinates": [[[126.86202461, 37.52252506], [126.86203249, 37.52247129], [126.86210548, 37.52247869], [126.86212837, 37.5223323], [126.86196296, 37.52231409], [126.86192866, 37.52251396], [126.86202461, 37.52252506]]]}, "properties": {"name": "성배법조빌딩", "status": "full", "capacity": 7, "active": 7, "industry": "기타 교육", "vacancy_rate": 0.0, "vacancy_rate_lo": null, "vacancy_rate_hi": null, "stores": 7, "source": "stores+ledger", "capacity_method": "expos_units", "active_pip": 0, "licensed": 0, "com_floors": null, "occ_floors": null, "unknown_n": null, "id": "1147010100110130004-1", "pnu": "1147010100110130004", "floors": 8, "height": 28.3}}, {"type": "Feature", "geometry": {"type": "Polygon", "coordinates": [[[126.86022637, 37.52276903], [126.86009702, 37.52275508], [126.86009648, 37.52275958], [126.86005636, 37.52275587], [126.86005831, 37.52275109], [126.86004365, 37.52274882], [126.86003487, 37.52280709], [126.86002182, 37.52289295], [126.86020543, 37.52291316], [126.860221, 37.52280731], [126.86022637, 37.52276903]]]}, "properties": {"name": "신정동 983-2", "status": "partial", "capacity": 2, "active": 1, "industry": "기타 숙박", "vacancy_rate": 50.0, "vacancy_rate_lo": 50.0, "vacancy_rate_hi": 50.0, "stores": 1, "source": "stores+ledger", "capacity_method": "floor_ouln", "active_pip": 0, "licensed": 0, "com_floors": [1, 3], "occ_floors": [3], "unknown_n": 0, "id": "1147010100109830002-1", "pnu": "1147010100109830002", "floors": 3, "height": 0.0}}, {"type": "Feature", "geometry": {"type": "Polygon", "coordinates": [[[126.86223212, 37.5218473], [126.86213988, 37.52183846], [126.86213398, 37.52187534], [126.86222517, 37.52188361], [126.86223212, 37.5218473]]]}, "properties": {"name": "일부", "status": "full", "capacity": 3, "active": 3, "industry": "기타 가정용품 수리", "vacancy_rate": 0.0, "vacancy_rate_lo": 0.0, "vacancy_rate_hi": 0.0, "stores": 3, "source": "stores+ledger", "capacity_method": "floor_ouln", "active_pip": 0, "licensed": 0, "com_floors": [1, 2, 4], "occ_floors": [1, 2, 4], "unknown_n": 0, "id": "1147010100110170004-1", "pnu": "1147010100110170004", "floors": 4, "height": 0.0}}, {"type": "Feature", "geometry": {"type": "Polygon", "coordinates": [[[126.8633435, 37.52255643], [126.86308602, 37.52252741], [126.86307673, 37.52258288], [126.86333103, 37.5226102], [126.8633435, 37.52255643]]]}, "properties": {"name": "신정동 1010-10", "status": "empty", "capacity": 2, "active": 0, "industry": "", "vacancy_rate": 100.0, "source": "polygon_only", "capacity_method": "floor_approx", "active_pip": 0, "licensed": 0, "id": "1147010100110100010-1", "pnu": "1147010100110100010", "floors": 2, "height": 7.3}}, {"type": "Feature", "geometry": {"type": "Polygon", "coordinates": [[[126.86448441, 37.52287845], [126.86432536, 37.52286531], [126.86431602, 37.52294583], [126.86446077, 37.52295473], [126.86447652, 37.52294489], [126.86448441, 37.52287845]]]}, "properties": {"name": "일부", "status": "full", "capacity": 2, "active": 2, "industry": "한식", "vacancy_rate": 0.0, "vacancy_rate_lo": 0.0, "vacancy_rate_hi": 0.0, "stores": 3, "source": "stores+ledger", "capacity_method": "floor_ouln", "active_pip": 0, "licensed": 0, "com_floors": [1, 2], "occ_floors": [1, 2], "unknown_n": 0, "id": "1147010100110090007-1", "pnu": "1147010100110090007", "floors": 4, "height": 12.5}}, {"type": "Feature", "geometry": {"type": "Polygon", "coordinates": [[[126.8601256, 37.52212243], [126.86004748, 37.52211248], [126.86002694, 37.52222819], [126.86010505, 37.52223757], [126.8601256, 37.52212243]]]}, "properties": {"name": "신정동 982-7", "status": "full", "capacity": 3, "active": 3, "industry": "가구 소매", "vacancy_rate": 0.0, "vacancy_rate_lo": 0.0, "vacancy_rate_hi": 0.0, "stores": 3, "source": "stores+ledger", "capacity_method": "floor_ouln", "active_pip": 0, "licensed": 0, "com_floors": [1, 2, 3], "occ_floors": [1, 2, 3], "unknown_n": 0, "id": "1147010100109820007-1", "pnu": "1147010100109820007", "floors": 3, "height": 0.0}}, {"type": "Feature", "geometry": {"type": "Polygon", "coordinates": [[[126.86170161, 37.52179965], [126.86146905, 37.52177319], [126.86144225, 37.52192999], [126.86167427, 37.5219542], [126.86170161, 37.52179965]]]}, "properties": {"name": "신정동 1017-2", "status": "empty", "capacity": 2, "active": 0, "industry": "", "vacancy_rate": 100.0, "source": "polygon_only", "capacity_method": "floor_approx", "active_pip": 0, "licensed": 0, "id": "1147010100110170002-1", "pnu": "1147010100110170002", "floors": 2, "height": 7.0}}, {"type": "Feature", "geometry": {"type": "Polygon", "coordinates": [[[126.85900019, 37.52165737], [126.85902558, 37.52150394], [126.85895012, 37.52149428], [126.85894707, 37.52151567], [126.85889176, 37.52151139], [126.85889103, 37.52152378], [126.85877652, 37.52151153], [126.85875543, 37.52163004], [126.85900019, 37.52165737]]]}, "properties": {"name": "신정동 1026-2", "status": "empty", "capacity": 5, "active": 0, "industry": "", "vacancy_rate": 100.0, "source": "polygon_only", "capacity_method": "floor_approx", "active_pip": 0, "licensed": 0, "id": "1147010100110260002-1", "pnu": "1147010100110260002", "floors": 5, "height": 0.0}}, {"type": "Feature", "geometry": {"type": "Polygon", "coordinates": [[[126.86351033, 37.52285623], [126.86351348, 37.5228578], [126.86362369, 37.52286992], [126.86365488, 37.52285394], [126.86367658, 37.52274779], [126.86353794, 37.52273405], [126.86351033, 37.52285623]]]}, "properties": {"name": "신정동 1009-2", "status": "empty", "capacity": 5, "active": 0, "industry": "", "vacancy_rate": 100.0, "source": "polygon_only", "capacity_method": "floor_approx", "active_pip": 0, "licensed": 0, "id": "1147010100110090002-1", "pnu": "1147010100110090002", "floors": 5, "height": 16.1}}, {"type": "Feature", "geometry": {"type": "Polygon", "coordinates": [[[126.86189389, 37.52308211], [126.86197878, 37.52309136], [126.86198591, 37.52308738], [126.86200181, 37.52299493], [126.86191058, 37.52298498], [126.86189389, 37.52308211]]]}, "properties": {"name": "명성쉐르빌", "status": "partial", "capacity": 2, "active": 1, "industry": "이용·미용", "vacancy_rate": 50.0, "vacancy_rate_lo": null, "vacancy_rate_hi": null, "stores": 1, "source": "stores+ledger", "capacity_method": "expos_units", "active_pip": 0, "licensed": 0, "com_floors": null, "occ_floors": null, "unknown_n": null, "id": "1147010100110120024-1", "pnu": "1147010100110120024", "floors": 5, "height": 13.4}}, {"type": "Feature", "geometry": {"type": "Polygon", "coordinates": [[[126.86007441, 37.52605215], [126.86010531, 37.52589001], [126.86001112, 37.52587497], [126.85999988, 37.52593043], [126.85998846, 37.52598729], [126.85994729, 37.52598133], [126.85992804, 37.5260607], [126.85999996, 37.5260698], [126.86003903, 37.52607463], [126.86007441, 37.52605215]]]}, "properties": {"name": "신정동 907-9", "status": "full", "capacity": 2, "active": 2, "industry": "한식", "vacancy_rate": 0.0, "vacancy_rate_lo": 0.0, "vacancy_rate_hi": 0.0, "stores": 6, "source": "stores+ledger", "capacity_method": "floor_ouln", "active_pip": 0, "licensed": 0, "com_floors": [1, 2], "occ_floors": [1, 2], "unknown_n": 0, "id": "1147010100109070009-1", "pnu": "1147010100109070009", "floors": 3, "height": 0.0}}, {"type": "Feature", "geometry": {"type": "Polygon", "coordinates": [[[126.86035852, 37.52602884], [126.86015458, 37.52600579], [126.86014294, 37.52608687], [126.86034283, 37.52610963], [126.86035852, 37.52602884]]]}, "properties": {"name": "신정동 903-30", "status": "full", "capacity": 1, "active": 1, "industry": "한식", "vacancy_rate": 0.0, "vacancy_rate_lo": 0.0, "vacancy_rate_hi": 0.0, "stores": 1, "source": "stores+ledger", "capacity_method": "floor_ouln", "active_pip": 0, "licensed": 0, "com_floors": [1], "occ_floors": [1], "unknown_n": 0, "id": "1147010100109030030-1", "pnu": "1147010100109030030", "floors": 4, "height": 11.5}}, {"type": "Feature", "geometry": {"type": "Polygon", "coordinates": [[[126.86183612, 37.52618341], [126.86208691, 37.52614544], [126.86205366, 37.52600668], [126.86199797, 37.52601574], [126.86199201, 37.52598965], [126.86188357, 37.52600794], [126.86189007, 37.52603206], [126.86183377, 37.526042], [126.86185529, 37.52612388], [126.86182222, 37.52612907], [126.86183612, 37.52618341]]]}, "properties": {"name": "애플팜마트", "status": "full", "capacity": 1, "active": 1, "industry": "식료품 소매", "vacancy_rate": 0.0, "vacancy_rate_lo": 0.0, "vacancy_rate_hi": 100.0, "stores": 2, "source": "stores+ledger", "capacity_method": "floor_ouln", "active_pip": 0, "licensed": 0, "com_floors": [1], "occ_floors": [], "unknown_n": 1, "id": "1147010100109020017-1", "pnu": "1147010100109020017", "floors": 1, "height": 4.6}}, {"type": "Feature", "geometry": {"type": "Polygon", "coordinates": [[[126.86405957, 37.52469076], [126.86420346, 37.52472021], [126.86436118, 37.52424113], [126.86433625, 37.52423536], [126.86433142, 37.52424992], [126.86422021, 37.52422429], [126.86419449, 37.52430242], [126.86418788, 37.52430103], [126.86405957, 37.52469076]]]}, "properties": {"name": "휘버스아파트", "status": "partial", "capacity": 7, "active": 4, "industry": "세탁", "vacancy_rate": 42.9, "vacancy_rate_lo": null, "vacancy_rate_hi": null, "stores": 4, "source": "stores+ledger", "capacity_method": "expos_units", "active_pip": 0, "licensed": 0, "com_floors": null, "occ_floors": null, "unknown_n": null, "id": "1147010100109950003-1", "pnu": "1147010100109950003", "floors": 9, "height": 27.4}}, {"type": "Feature", "geometry": {"type": "Polygon", "coordinates": [[[126.86330831, 37.52469712], [126.86310578, 37.52468055], [126.86309556, 37.52475741], [126.8632965, 37.52477425], [126.86330831, 37.52469712]]]}, "properties": {"name": "신정동 996-7", "status": "full", "capacity": 2, "active": 2, "industry": "기타 교육", "vacancy_rate": 0.0, "vacancy_rate_lo": 0.0, "vacancy_rate_hi": 0.0, "stores": 6, "source": "stores+ledger", "capacity_method": "floor_ouln", "active_pip": 0, "licensed": 0, "com_floors": [1, 2], "occ_floors": [1, 2], "unknown_n": 0, "id": "1147010100109960007-1", "pnu": "1147010100109960007", "floors": 5, "height": 0.0}}, {"type": "Feature", "geometry": {"type": "Polygon", "coordinates": [[[126.86280372, 37.52601425], [126.86265457, 37.52599436], [126.86269471, 37.52617686], [126.86279373, 37.52616205], [126.86278111, 37.5261046], [126.86280144, 37.52610096], [126.8627974, 37.52608913], [126.86282092, 37.52608578], [126.86280372, 37.52601425]]]}, "properties": {"name": "신정동 902-13", "status": "partial", "capacity": 3, "active": 2, "industry": "스포츠 서비스", "vacancy_rate": 33.3, "vacancy_rate_lo": 33.3, "vacancy_rate_hi": 66.7, "stores": 3, "source": "stores+ledger", "capacity_method": "floor_ouln", "active_pip": 0, "licensed": 0, "com_floors": [1, 2, 3], "occ_floors": [3], "unknown_n": 1, "id": "1147010100109020013-1", "pnu": "1147010100109020013", "floors": 3, "height": 0.0}}, {"type": "Feature", "geometry": {"type": "Polygon", "coordinates": [[[126.86370118, 37.52542118], [126.86371402, 37.52535925], [126.86362583, 37.52534789], [126.86362103, 37.52536394], [126.86357473, 37.52535825], [126.86356505, 37.52543314], [126.86366896, 37.52544424], [126.86370118, 37.52542118]]]}, "properties": {"name": "신정동 993-3", "status": "full", "capacity": 2, "active": 2, "industry": "한식", "vacancy_rate": 0.0, "vacancy_rate_lo": 0.0, "vacancy_rate_hi": 0.0, "stores": 1, "source": "stores+ledger", "capacity_method": "floor_ouln", "active_pip": 0, "licensed": 0, "com_floors": [1, 2], "occ_floors": [1, 2], "unknown_n": 0, "id": "1147010100109930003-1", "pnu": "1147010100109930003", "floors": 2, "height": 5.2}}, {"type": "Feature", "geometry": {"type": "Polygon", "coordinates": [[[126.8623176, 37.5218899], [126.86231477, 37.52188962], [126.86229102, 37.52202812], [126.86242532, 37.52204377], [126.86245068, 37.5219033], [126.8623176, 37.5218899]]]}, "properties": {"name": "서측", "status": "full", "capacity": 3, "active": 3, "industry": "이용·미용", "vacancy_rate": 0.0, "vacancy_rate_lo": 0.0, "vacancy_rate_hi": 33.3, "stores": 2, "source": "stores+ledger", "capacity_method": "floor_ouln", "active_pip": 0, "licensed": 0, "com_floors": [1, 2, 3], "occ_floors": [1, 2], "unknown_n": 1, "id": "1147010100110140001-2", "pnu": "1147010100110140001", "floors": 4, "height": 0.0}}, {"type": "Feature", "geometry": {"type": "Polygon", "coordinates": [[[126.85908964, 37.52428108], [126.8590891, 37.52428361], [126.85919478, 37.52429669], [126.85922477, 37.52414525], [126.85919724, 37.52411875], [126.85912019, 37.52411105], [126.85908964, 37.52428108]]]}, "properties": {"name": "신정빌딩", "status": "partial", "capacity": 3, "active": 2, "industry": "기타 교육", "vacancy_rate": 33.3, "vacancy_rate_lo": 33.3, "vacancy_rate_hi": 33.3, "stores": 4, "source": "stores+ledger", "capacity_method": "floor_ouln", "active_pip": 0, "licensed": 0, "com_floors": [1, 2, 4], "occ_floors": [1, 4], "unknown_n": 0, "id": "1147010100109550008-2", "pnu": "1147010100109550008", "floors": 5, "height": 15.4}}, {"type": "Feature", "geometry": {"type": "Polygon", "coordinates": [[[126.859419, 37.52519176], [126.8593112, 37.52518009], [126.85928372, 37.52531577], [126.85939682, 37.52533139], [126.859419, 37.52519176]]]}, "properties": {"name": "신정동 987-2", "status": "partial", "capacity": 3, "active": 2, "industry": "중고 상품 소매", "vacancy_rate": 33.3, "vacancy_rate_lo": 33.3, "vacancy_rate_hi": 33.3, "stores": 1, "source": "stores+ledger", "capacity_method": "floor_ouln", "active_pip": 0, "licensed": 0, "com_floors": [1, 2, 4], "occ_floors": [2, 4], "unknown_n": 0, "id": "1147010100109870002-2", "pnu": "1147010100109870002", "floors": 4, "height": 0.0}}, {"type": "Feature", "geometry": {"type": "Polygon", "coordinates": [[[126.86151109, 37.52226598], [126.86093517, 37.5221997], [126.86093093, 37.52220025], [126.86092898, 37.52220194], [126.86090898, 37.52230778], [126.86090968, 37.52231004], [126.86091197, 37.52231088], [126.8614879, 37.52237745], [126.86149321, 37.52237774], [126.86149533, 37.52237718], [126.86149727, 37.52237521], [126.86151533, 37.52227021], [126.86151409, 37.52226796], [126.86151286, 37.52226739], [126.86151109, 37.52226598]]]}, "properties": {"name": "아빌딩", "status": "full", "capacity": 3, "active": 3, "industry": "자동차 수리·세차", "vacancy_rate": 0.0, "vacancy_rate_lo": 0.0, "vacancy_rate_hi": 0.0, "stores": 2, "source": "stores+ledger", "capacity_method": "floor_ouln", "active_pip": 0, "licensed": 0, "com_floors": [1, 2, 3], "occ_floors": [1, 2, 3], "unknown_n": 0, "id": "1147010100110130007-1", "pnu": "1147010100110130007", "floors": 4, "height": 15.3}}, {"type": "Feature", "geometry": {"type": "Polygon", "coordinates": [[[126.86038226, 37.52533341], [126.86029126, 37.52531978], [126.86026217, 37.52547292], [126.86047723, 37.52550246], [126.86049331, 37.5254073], [126.86038551, 37.52539253], [126.86038946, 37.52536298], [126.86037656, 37.52536128], [126.86038226, 37.52533341]]]}, "properties": {"name": "주차장옆다니다네일일부호", "status": "full", "capacity": 5, "active": 5, "industry": "기타 숙박", "vacancy_rate": 0.0, "vacancy_rate_lo": 0.0, "vacancy_rate_hi": 20.0, "stores": 12, "source": "stores+ledger", "capacity_method": "floor_ouln", "active_pip": 0, "licensed": 0, "com_floors": [1, 2, 3, 4, 5], "occ_floors": [1, 2, 3, 5], "unknown_n": 1, "id": "1147010100109880001-1", "pnu": "1147010100109880001", "floors": 5, "height": 0.0}}, {"type": "Feature", "geometry": {"type": "Polygon", "coordinates": [[[126.86328173, 37.52289987], [126.86319106, 37.52289076], [126.86317282, 37.52300448], [126.86328239, 37.523017], [126.86329864, 37.52292889], [126.86328173, 37.52289987]]]}, "properties": {"name": "일부", "status": "full", "capacity": 1, "active": 1, "industry": "기타 간이", "vacancy_rate": 0.0, "vacancy_rate_lo": 0.0, "vacancy_rate_hi": 0.0, "stores": 2, "source": "stores+ledger", "capacity_method": "floor_ouln", "active_pip": 0, "licensed": 0, "com_floors": [1], "occ_floors": [1], "unknown_n": 0, "id": "1147010100110110015-1", "pnu": "1147010100110110015", "floors": 4, "height": 11.9}}, {"type": "Feature", "geometry": {"type": "Polygon", "coordinates": [[[126.86092658, 37.52577442], [126.86082196, 37.52576359], [126.86079948, 37.52587365], [126.860905, 37.52588448], [126.86092658, 37.52577442]]]}, "properties": {"name": "신정동 903-25", "status": "full", "capacity": 2, "active": 2, "industry": "비알코올 ", "vacancy_rate": 0.0, "vacancy_rate_lo": 0.0, "vacancy_rate_hi": 0.0, "stores": 2, "source": "stores+ledger", "capacity_method": "floor_ouln", "active_pip": 0, "licensed": 0, "com_floors": [1, 2], "occ_floors": [1, 2], "unknown_n": 0, "id": "1147010100109030025-1", "pnu": "1147010100109030025", "floors": 4, "height": 0.0}}, {"type": "Feature", "geometry": {"type": "Polygon", "coordinates": [[[126.86351746, 37.52292829], [126.86342185, 37.52291692], [126.86337852, 37.52293349], [126.86336745, 37.52299176], [126.86342047, 37.52299661], [126.86341852, 37.52300252], [126.86341691, 37.52300955], [126.86349962, 37.5230195], [126.86351746, 37.52292829]]]}, "properties": {"name": "신정동 1008-3", "status": "partial", "capacity": 2, "active": 1, "industry": "한식", "vacancy_rate": 50.0, "vacancy_rate_lo": 50.0, "vacancy_rate_hi": 50.0, "stores": 2, "source": "stores+ledger", "capacity_method": "floor_ouln", "active_pip": 0, "licensed": 0, "com_floors": [1, 2], "occ_floors": [1], "unknown_n": 0, "id": "1147010100110080003-1", "pnu": "1147010100110080003", "floors": 4, "height": 11.8}}, {"type": "Feature", "geometry": {"type": "Polygon", "coordinates": [[[126.86056218, 37.52516214], [126.86045897, 37.52514964], [126.86043827, 37.52525548], [126.86053953, 37.52526799], [126.86056218, 37.52516214]]]}, "properties": {"name": "신정동 988-17", "status": "partial", "capacity": 2, "active": 1, "industry": "일식", "vacancy_rate": 50.0, "vacancy_rate_lo": 50.0, "vacancy_rate_hi": 50.0, "stores": 1, "source": "stores+ledger", "capacity_method": "floor_ouln", "active_pip": 0, "licensed": 0, "com_floors": [1, 2], "occ_floors": [1], "unknown_n": 0, "id": "1147010100109880017-1", "pnu": "1147010100109880017", "floors": 3, "height": 9.6}}, {"type": "Feature", "geometry": {"type": "Polygon", "coordinates": [[[126.86088604, 37.52523574], [126.8608249, 37.52522862], [126.86080439, 37.52532573], [126.86091078, 37.52534079], [126.86092878, 37.52525634], [126.86088284, 37.52524953], [126.86088604, 37.52523574]]]}, "properties": {"name": "신정동 988-14", "status": "partial", "capacity": 2, "active": 1, "industry": "비알코올 ", "vacancy_rate": 50.0, "vacancy_rate_lo": 50.0, "vacancy_rate_hi": 50.0, "stores": 1, "source": "stores+ledger", "capacity_method": "floor_ouln", "active_pip": 0, "licensed": 0, "com_floors": [1, 2], "occ_floors": [2], "unknown_n": 0, "id": "1147010100109880014-1", "pnu": "1147010100109880014", "floors": 2, "height": 8.3}}, {"type": "Feature", "geometry": {"type": "Polygon", "coordinates": [[[126.86292856, 37.52482873], [126.86281105, 37.52481705], [126.86279836, 37.52488884], [126.86290581, 37.52489881], [126.86292864, 37.52488279], [126.86294422, 37.52487183], [126.8629496, 37.52483073], [126.86292856, 37.52482873]]]}, "properties": {"name": "신정동 999-16", "status": "empty", "capacity": 4, "active": 0, "industry": "", "vacancy_rate": 100.0, "source": "polygon_only", "capacity_method": "floor_approx", "active_pip": 0, "licensed": 0, "id": "1147010100109990016-1", "pnu": "1147010100109990016", "floors": 4, "height": 13.1}}, {"type": "Feature", "geometry": {"type": "Polygon", "coordinates": [[[126.86256725, 37.5229089], [126.86263882, 37.5229163], [126.86264324, 37.52291687], [126.86264379, 37.52290786], [126.86271625, 37.52291666], [126.86272642, 37.52286037], [126.8627266, 37.52285361], [126.86272415, 37.52284854], [126.86271902, 37.52284121], [126.86271127, 37.52283388], [126.86269873, 37.52282851], [126.86258315, 37.52281685], [126.86256336, 37.52290861], [126.86256725, 37.5229089]]]}, "properties": {"name": "신정동 1011-17", "status": "partial", "capacity": 2, "active": 1, "industry": "한식", "vacancy_rate": 50.0, "vacancy_rate_lo": 50.0, "vacancy_rate_hi": 50.0, "stores": 1, "source": "stores+ledger", "capacity_method": "floor_ouln", "active_pip": 0, "licensed": 0, "com_floors": [1, 2], "occ_floors": [1], "unknown_n": 0, "id": "1147010100110110017-2", "pnu": "1147010100110110017", "floors": 5, "height": 15.3}}, {"type": "Feature", "geometry": {"type": "Polygon", "coordinates": [[[126.86458524, 37.523614], [126.86441739, 37.52358003], [126.86439536, 37.52364167], [126.86444041, 37.52364961], [126.86443295, 37.52367381], [126.8645591, 37.52369986], [126.86458524, 37.523614]]]}, "properties": {"name": "신정동외", "status": "high", "capacity": 4, "active": 1, "industry": "일반 교육", "vacancy_rate": 75.0, "vacancy_rate_lo": 75.0, "vacancy_rate_hi": 75.0, "stores": 1, "source": "stores+ledger", "capacity_method": "floor_ouln", "active_pip": 0, "licensed": 0, "com_floors": [1, 2, 3, 6], "occ_floors": [2], "unknown_n": 0, "id": "1147010100110060005-1", "pnu": "1147010100110060005", "floors": 6, "height": 19.1}}, {"type": "Feature", "geometry": {"type": "Polygon", "coordinates": [[[126.860334, 37.52458664], [126.86033825, 37.52458185], [126.86035073, 37.52451767], [126.86028518, 37.52450972], [126.86028661, 37.52450295], [126.86020195, 37.52449413], [126.86019876, 37.52450201], [126.86011922, 37.52449264], [126.8601028, 37.5245813], [126.86011181, 37.52458301], [126.86011304, 37.52458526], [126.86011498, 37.52458751], [126.86011941, 37.52458893], [126.86012435, 37.52458921], [126.86012859, 37.52458781], [126.86013267, 37.52458528], [126.86029931, 37.52460462], [126.86030569, 37.5246021], [126.86031187, 37.524599], [126.86032603, 37.52459198], [126.860334, 37.52458664]]]}, "properties": {"name": "성일빌딩", "status": "full", "capacity": 3, "active": 3, "industry": "기타 교육", "vacancy_rate": 0.0, "vacancy_rate_lo": 0.0, "vacancy_rate_hi": 0.0, "stores": 5, "source": "stores+ledger", "capacity_method": "floor_ouln", "active_pip": 0, "licensed": 0, "com_floors": [1, 2, 3], "occ_floors": [1, 2, 3], "unknown_n": 0, "id": "1147010100109850008-1", "pnu": "1147010100109850008", "floors": 4, "height": 12.8}}, {"type": "Feature", "geometry": {"type": "Polygon", "coordinates": [[[126.8594286, 37.52290435], [126.85926654, 37.52288811], [126.85925441, 37.5229537], [126.85944172, 37.52297476], [126.85944995, 37.52292437], [126.8594286, 37.52290435]]]}, "properties": {"name": "신정동 956-9", "status": "partial", "capacity": 2, "active": 1, "industry": "종합 소매", "vacancy_rate": 50.0, "vacancy_rate_lo": 50.0, "vacancy_rate_hi": 50.0, "stores": 2, "source": "stores+ledger", "capacity_method": "floor_ouln", "active_pip": 0, "licensed": 0, "com_floors": [1, 2], "occ_floors": [1], "unknown_n": 0, "id": "1147010100109560009-1", "pnu": "1147010100109560009", "floors": 3, "height": 0.0}}, {"type": "Feature", "geometry": {"type": "Polygon", "coordinates": [[[126.86324292, 37.52546627], [126.86309482, 37.52545005], [126.86308037, 37.52552577], [126.86322846, 37.5255434], [126.86324292, 37.52546627]]]}, "properties": {"name": "신정동 992-7", "status": "full", "capacity": 2, "active": 2, "industry": "기타 보건", "vacancy_rate": 0.0, "vacancy_rate_lo": 0.0, "vacancy_rate_hi": 0.0, "stores": 2, "source": "stores+ledger", "capacity_method": "floor_ouln", "active_pip": 0, "licensed": 0, "com_floors": [1, 3], "occ_floors": [1, 3], "unknown_n": 0, "id": "1147010100109920007-1", "pnu": "1147010100109920007", "floors": 4, "height": 12.1}}, {"type": "Feature", "geometry": {"type": "Polygon", "coordinates": [[[126.85953739, 37.52521387], [126.85943189, 37.52520079], [126.85940014, 37.52535138], [126.85950512, 37.52536586], [126.85953739, 37.52521387]]]}, "properties": {"name": "신정동 987-3", "status": "full", "capacity": 3, "active": 3, "industry": "일반 교육", "vacancy_rate": 0.0, "vacancy_rate_lo": 0.0, "vacancy_rate_hi": 33.3, "stores": 1, "source": "stores+ledger", "capacity_method": "floor_ouln", "active_pip": 0, "licensed": 0, "com_floors": [1, 2, 3], "occ_floors": [1, 2], "unknown_n": 1, "id": "1147010100109870003-1", "pnu": "1147010100109870003", "floors": 4, "height": 12.6}}, {"type": "Feature", "geometry": {"type": "Polygon", "coordinates": [[[126.86351771, 37.5258909], [126.86352218, 37.5258681], [126.86354691, 37.52587151], [126.86355781, 37.5258124], [126.86352688, 37.52580898], [126.86354151, 37.52573269], [126.86335631, 37.52571108], [126.86335934, 37.52569587], [126.8631699, 37.52567116], [126.86316598, 37.52568551], [126.86292866, 37.52565287], [126.86291759, 37.5257103], [126.86290222, 37.52570886], [126.86289007, 37.52577446], [126.86290562, 37.52577645], [126.86290097, 37.52580911], [126.86292854, 37.52581308], [126.86351771, 37.5258909]]]}, "properties": {"name": "보성주상복합", "status": "partial", "capacity": 36, "active": 24, "industry": "이용·미용", "vacancy_rate": 33.3, "vacancy_rate_lo": null, "vacancy_rate_hi": null, "stores": 24, "source": "stores+ledger", "capacity_method": "expos_units", "active_pip": 0, "licensed": 0, "com_floors": null, "occ_floors": null, "unknown_n": null, "id": "1147010100109920001-1", "pnu": "1147010100109920001", "floors": 12, "height": 35.6}}, {"type": "Feature", "geometry": {"type": "Polygon", "coordinates": [[[126.86021068, 37.52511977], [126.86012356, 37.52510953], [126.86010249, 37.52521848], [126.86021666, 37.52522987], [126.86023326, 37.52514317], [126.86021068, 37.52511977]]]}, "properties": {"name": "일부", "status": "full", "capacity": 2, "active": 2, "industry": "기타 교육", "vacancy_rate": 0.0, "vacancy_rate_lo": 0.0, "vacancy_rate_hi": 0.0, "stores": 5, "source": "stores+ledger", "capacity_method": "floor_ouln", "active_pip": 0, "licensed": 0, "com_floors": [1, 2], "occ_floors": [1, 2], "unknown_n": 0, "id": "1147010100109870008-1", "pnu": "1147010100109870008", "floors": 4, "height": 12.0}}, {"type": "Feature", "geometry": {"type": "Polygon", "coordinates": [[[126.85949305, 37.52246548], [126.85935008, 37.52245066], [126.85933897, 37.52253287], [126.85945968, 37.52254597], [126.8594595, 37.52254935], [126.85950738, 37.52255419], [126.85951829, 37.52248775], [126.85949305, 37.52246548]]]}, "properties": {"name": "일부", "status": "full", "capacity": 2, "active": 2, "industry": "한식", "vacancy_rate": 0.0, "vacancy_rate_lo": 0.0, "vacancy_rate_hi": 0.0, "stores": 3, "source": "stores+ledger", "capacity_method": "floor_ouln", "active_pip": 0, "licensed": 0, "com_floors": [1, 2], "occ_floors": [1, 2], "unknown_n": 0, "id": "1147010100109800011-1", "pnu": "1147010100109800011", "floors": 3, "height": 0.0}}, {"type": "Feature", "geometry": {"type": "Polygon", "coordinates": [[[126.85904073, 37.52453583], [126.85891633, 37.52451879], [126.85889276, 37.52464011], [126.8590124, 37.52465658], [126.85904073, 37.52453583]]]}, "properties": {"name": "명칭없음", "status": "full", "capacity": 1, "active": 1, "industry": "기타 교육", "vacancy_rate": 0.0, "vacancy_rate_lo": null, "vacancy_rate_hi": null, "stores": 1, "source": "stores+ledger", "capacity_method": "expos_units", "active_pip": 0, "licensed": 0, "com_floors": null, "occ_floors": null, "unknown_n": null, "id": "1147010100109540024-1", "pnu": "1147010100109540024", "floors": 4, "height": 13.1}}, {"type": "Feature", "geometry": {"type": "Polygon", "coordinates": [[[126.86460389, 37.52444886], [126.86443285, 37.5244146], [126.86438893, 37.52455561], [126.8645621, 37.52458847], [126.86460389, 37.52444886]]]}, "properties": {"name": "신정동 995-5", "status": "full", "capacity": 3, "active": 3, "industry": "중식", "vacancy_rate": 0.0, "vacancy_rate_lo": 0.0, "vacancy_rate_hi": 0.0, "stores": 6, "source": "stores+ledger", "capacity_method": "floor_ouln", "active_pip": 0, "licensed": 0, "com_floors": [1, 2, 3], "occ_floors": [1, 2, 3], "unknown_n": 0, "id": "1147010100109950005-1", "pnu": "1147010100109950005", "floors": 4, "height": 0.0}}, {"type": "Feature", "geometry": {"type": "Polygon", "coordinates": [[[126.86256808, 37.52245076], [126.86274213, 37.5224695], [126.86275205, 37.52240899], [126.86261953, 37.52239519], [126.86262113, 37.52238686], [126.86257903, 37.52238278], [126.86256808, 37.52245076]]]}, "properties": {"name": "에덴빌딩", "status": "full", "capacity": 4, "active": 4, "industry": "일반 교육", "vacancy_rate": 0.0, "vacancy_rate_lo": 0.0, "vacancy_rate_hi": 0.0, "stores": 3, "source": "stores+ledger", "capacity_method": "floor_ouln", "active_pip": 0, "licensed": 0, "com_floors": [1, 2, 3, 6], "occ_floors": [1, 2, 3, 6], "unknown_n": 0, "id": "1147010100110100013-1", "pnu": "1147010100110100013", "floors": 7, "height": 27.0}}, {"type": "Feature", "geometry": {"type": "Polygon", "coordinates": [[[126.86340478, 37.52316496], [126.86333481, 37.52315616], [126.86331716, 37.52324032], [126.86334927, 37.52327499], [126.86344152, 37.52328523], [126.86345277, 37.52321655], [126.86339852, 37.52321198], [126.86340478, 37.52316496]]]}, "properties": {"name": "신정동 1008-1", "status": "full", "capacity": 1, "active": 1, "industry": "기타 간이", "vacancy_rate": 0.0, "vacancy_rate_lo": 0.0, "vacancy_rate_hi": 0.0, "stores": 2, "source": "stores+ledger", "capacity_method": "floor_ouln", "active_pip": 0, "licensed": 0, "com_floors": [1], "occ_floors": [1], "unknown_n": 0, "id": "1147010100110080001-1", "pnu": "1147010100110080001", "floors": 3, "height": 10.4}}, {"type": "Feature", "geometry": {"type": "Polygon", "coordinates": [[[126.85965361, 37.52535901], [126.85978139, 37.52537184], [126.85980796, 37.52524769], [126.85967876, 37.52523402], [126.85965361, 37.52535901]]]}, "properties": {"name": "신정동 987-5", "status": "full", "capacity": 3, "active": 3, "industry": "한식", "vacancy_rate": 0.0, "vacancy_rate_lo": 0.0, "vacancy_rate_hi": 0.0, "stores": 3, "source": "stores+ledger", "capacity_method": "floor_ouln", "active_pip": 0, "licensed": 0, "com_floors": [1, 2, 3], "occ_floors": [1, 2, 3], "unknown_n": 0, "id": "1147010100109870005-1", "pnu": "1147010100109870005", "floors": 4, "height": 0.0}}, {"type": "Feature", "geometry": {"type": "Polygon", "coordinates": [[[126.86122113, 37.52445198], [126.86122212, 37.52445191], [126.86122307, 37.52445171], [126.86122396, 37.52445138], [126.86122478, 37.52445093], [126.86122547, 37.52445037], [126.86122604, 37.52444974], [126.86122646, 37.52444902], [126.86122672, 37.52444827], [126.8612268, 37.52444748], [126.86122672, 37.5244467], [126.86122646, 37.52444594], [126.86122604, 37.52444523], [126.86122548, 37.52444458], [126.86122479, 37.52444403], [126.86122398, 37.52444358], [126.86122308, 37.52444324], [126.86122213, 37.52444304], [126.86122115, 37.52444297], [126.86122018, 37.52444303], [126.86121921, 37.52444324], [126.86121832, 37.52444357], [126.86121752, 37.52444402], [126.86121681, 37.52444457], [126.86121625, 37.52444522], [126.86121584, 37.52444593], [126.86121558, 37.52444669], [126.86121548, 37.52444747], [126.86121557, 37.52444825], [126.86121583, 37.52444901], [126.86121624, 37.52444972], [126.8612168, 37.52445036], [126.8612175, 37.52445092], [126.86121831, 37.52445137], [126.8612192, 37.52445171], [126.86122016, 37.52445191], [126.86122113, 37.52445198]]]}, "properties": {"name": "신정동 1000-14", "status": "empty", "capacity": 1, "active": 0, "industry": "", "vacancy_rate": 100.0, "source": "polygon_only", "capacity_method": "floor_approx", "active_pip": 0, "licensed": 0, "id": "1147010100110000014-1", "pnu": "1147010100110000014", "floors": 1, "height": 2.6}}, {"type": "Feature", "geometry": {"type": "Polygon", "coordinates": [[[126.86127902, 37.52287418], [126.86128182, 37.52287582], [126.86134357, 37.52288141], [126.86135339, 37.52282548], [126.86127052, 37.52281688], [126.86126555, 37.5228516], [126.86128193, 37.52285387], [126.86127902, 37.52287418]]]}, "properties": {"name": "신정동 1012-14", "status": "empty", "capacity": 4, "active": 0, "industry": "", "vacancy_rate": 100.0, "source": "polygon_only", "capacity_method": "floor_approx", "active_pip": 0, "licensed": 0, "id": "1147010100110120014-1", "pnu": "1147010100110120014", "floors": 4, "height": 13.1}}, {"type": "Feature", "geometry": {"type": "Polygon", "coordinates": [[[126.86451719, 37.52380793], [126.86437989, 37.52378242], [126.86428553, 37.52406585], [126.86442177, 37.52408966], [126.86451719, 37.52380793]]]}, "properties": {"name": "문창오피스텔", "status": "full", "capacity": 7, "active": 7, "industry": "한식", "vacancy_rate": 0.0, "vacancy_rate_lo": null, "vacancy_rate_hi": null, "stores": 7, "source": "stores+ledger", "capacity_method": "expos_units", "active_pip": 0, "licensed": 0, "com_floors": null, "occ_floors": null, "unknown_n": null, "id": "1147010100110060001-1", "pnu": "1147010100110060001", "floors": 7, "height": 23.2}}, {"type": "Feature", "geometry": {"type": "Polygon", "coordinates": [[[126.86415513, 37.52588967], [126.86393637, 37.52585112], [126.86393406, 37.52585871], [126.86379323, 37.52583407], [126.86377439, 37.52589233], [126.86378604, 37.52589488], [126.8637807, 37.52591542], [126.86410516, 37.52595831], [126.86413913, 37.52594174], [126.86415513, 37.52588967]]]}, "properties": {"name": "양지스퀘어", "status": "full", "capacity": 2, "active": 2, "industry": "기타 간이", "vacancy_rate": 0.0, "vacancy_rate_lo": 0.0, "vacancy_rate_hi": 50.0, "stores": 2, "source": "stores+ledger", "capacity_method": "floor_ouln", "active_pip": 0, "licensed": 0, "com_floors": [1, 2], "occ_floors": [1], "unknown_n": 1, "id": "1147010100109940002-1", "pnu": "1147010100109940002", "floors": 2, "height": 9.9}}, {"type": "Feature", "geometry": {"type": "Polygon", "coordinates": [[[126.86360352, 37.5251285], [126.86378092, 37.52514311], [126.86378871, 37.52509945], [126.86376385, 37.52508017], [126.86361134, 37.52506796], [126.86360352, 37.5251285]]]}, "properties": {"name": "신정동 993-6", "status": "full", "capacity": 1, "active": 1, "industry": "기타 간이", "vacancy_rate": 0.0, "vacancy_rate_lo": 0.0, "vacancy_rate_hi": 0.0, "stores": 2, "source": "stores+ledger", "capacity_method": "floor_ouln", "active_pip": 0, "licensed": 0, "com_floors": [1], "occ_floors": [1], "unknown_n": 0, "id": "1147010100109930006-1", "pnu": "1147010100109930006", "floors": 4, "height": 10.8}}, {"type": "Feature", "geometry": {"type": "Polygon", "coordinates": [[[126.8641632, 37.52300365], [126.86409304, 37.52299457], [126.86405146, 37.52301676], [126.86403932, 37.52308883], [126.86408932, 37.52309255], [126.86408629, 37.52310972], [126.86414372, 37.52311626], [126.8641632, 37.52300365]]]}, "properties": {"name": "신정동 1008-16", "status": "full", "capacity": 2, "active": 2, "industry": "한식", "vacancy_rate": 0.0, "vacancy_rate_lo": 0.0, "vacancy_rate_hi": 0.0, "stores": 2, "source": "stores+ledger", "capacity_method": "floor_ouln", "active_pip": 0, "licensed": 0, "com_floors": [1, 2], "occ_floors": [1, 2], "unknown_n": 0, "id": "1147010100110080016-1", "pnu": "1147010100110080016", "floors": 4, "height": 12.2}}, {"type": "Feature", "geometry": {"type": "Polygon", "coordinates": [[[126.86436417, 37.52329333], [126.86413515, 37.52326323], [126.86412854, 37.52329701], [126.86414587, 37.52329984], [126.86413943, 37.52333391], [126.8641792, 37.52333761], [126.86417563, 37.52335703], [126.86432549, 37.52337551], [126.86434743, 37.52336596], [126.86436417, 37.52329333]]]}, "properties": {"name": "신정동", "status": "full", "capacity": 4, "active": 4, "industry": "기타 간이", "vacancy_rate": 0.0, "vacancy_rate_lo": 0.0, "vacancy_rate_hi": 0.0, "stores": 4, "source": "stores+ledger", "capacity_method": "floor_ouln", "active_pip": 0, "licensed": 0, "com_floors": [1, 2, 4, 5], "occ_floors": [1, 2, 4, 5], "unknown_n": 0, "id": "1147010100110080012-1", "pnu": "1147010100110080012", "floors": 6, "height": 17.65}}, {"type": "Feature", "geometry": {"type": "Polygon", "coordinates": [[[126.86417236, 37.52380162], [126.86405872, 37.52378853], [126.86403728, 37.5239138], [126.86416082, 37.52392549], [126.86419246, 37.52382529], [126.86417236, 37.52380162]]]}, "properties": {"name": "신정동 1005-8", "status": "full", "capacity": 1, "active": 1, "industry": "이용·미용", "vacancy_rate": 0.0, "vacancy_rate_lo": 0.0, "vacancy_rate_hi": 0.0, "stores": 1, "source": "stores+ledger", "capacity_method": "floor_ouln", "active_pip": 0, "licensed": 0, "com_floors": [1], "occ_floors": [1], "unknown_n": 0, "id": "1147010100110050008-1", "pnu": "1147010100110050008", "floors": 3, "height": 9.8}}, {"type": "Feature", "geometry": {"type": "Polygon", "coordinates": [[[126.86373615, 37.52581936], [126.86368031, 37.52581225], [126.86364578, 37.52594032], [126.86374352, 37.52595283], [126.86375864, 37.52589823], [126.86371588, 37.52589029], [126.86373615, 37.52581936]]]}, "properties": {"name": "신정동 994-1", "status": "full", "capacity": 2, "active": 2, "industry": "한식", "vacancy_rate": 0.0, "vacancy_rate_lo": 0.0, "vacancy_rate_hi": 0.0, "stores": 4, "source": "stores+ledger", "capacity_method": "floor_ouln", "active_pip": 0, "licensed": 0, "com_floors": [1, 2], "occ_floors": [1, 2], "unknown_n": 0, "id": "1147010100109940001-1", "pnu": "1147010100109940001", "floors": 3, "height": 0.0}}, {"type": "Feature", "geometry": {"type": "Polygon", "coordinates": [[[126.86363596, 37.52551066], [126.86355626, 37.52550126], [126.86353873, 37.52561781], [126.86363468, 37.52563144], [126.86365501, 37.52553405], [126.86363596, 37.52551066]]]}, "properties": {"name": "신정동 992-4", "status": "full", "capacity": 2, "active": 2, "industry": "유원지·오락", "vacancy_rate": 0.0, "vacancy_rate_lo": 0.0, "vacancy_rate_hi": 0.0, "stores": 4, "source": "stores+ledger", "capacity_method": "floor_ouln", "active_pip": 0, "licensed": 0, "com_floors": [1, 2], "occ_floors": [1, 2], "unknown_n": 0, "id": "1147010100109920004-1", "pnu": "1147010100109920004", "floors": 2, "height": 0.0}}, {"type": "Feature", "geometry": {"type": "Polygon", "coordinates": [[[126.86440904, 37.52506555], [126.86442842, 37.52500137], [126.86442082, 37.52499995], [126.86408474, 37.52493396], [126.86406394, 37.5250001], [126.86406038, 37.52501164], [126.8642514, 37.52504847], [126.86425406, 37.52503834], [126.86440904, 37.52506555]]]}, "properties": {"name": "생림빌딩", "status": "full", "capacity": 3, "active": 3, "industry": "기타 교육", "vacancy_rate": 0.0, "vacancy_rate_lo": 0.0, "vacancy_rate_hi": 0.0, "stores": 8, "source": "stores+ledger", "capacity_method": "floor_ouln", "active_pip": 0, "licensed": 0, "com_floors": [1, 2, 3], "occ_floors": [1, 2, 3], "unknown_n": 0, "id": "1147010100109950001-1", "pnu": "1147010100109950001", "floors": 3, "height": 0.0}}, {"type": "Feature", "geometry": {"type": "Polygon", "coordinates": [[[126.86313198, 37.52272794], [126.86298741, 37.52271117], [126.86297455, 37.52279027], [126.86311646, 37.52280507], [126.86313198, 37.52272794]]]}, "properties": {"name": "신정동 1010-7", "status": "partial", "capacity": 2, "active": 1, "industry": "한식", "vacancy_rate": 50.0, "vacancy_rate_lo": 50.0, "vacancy_rate_hi": 100.0, "stores": 1, "source": "stores+ledger", "capacity_method": "floor_ouln", "active_pip": 0, "licensed": 0, "com_floors": [1, 2], "occ_floors": [], "unknown_n": 1, "id": "1147010100110100007-1", "pnu": "1147010100110100007", "floors": 4, "height": 12.6}}, {"type": "Feature", "geometry": {"type": "Polygon", "coordinates": [[[126.86249108, 37.52280745], [126.86240961, 37.52280003], [126.86240871, 37.52280735], [126.86239635, 37.52289659], [126.86254904, 37.52291394], [126.86256689, 37.52281598], [126.86249108, 37.52280745]]]}, "properties": {"name": "신정동 1011-7", "status": "empty", "capacity": 5, "active": 0, "industry": "", "vacancy_rate": 100.0, "source": "polygon_only", "capacity_method": "floor_approx", "active_pip": 0, "licensed": 0, "id": "1147010100110110007-1", "pnu": "1147010100110110007", "floors": 5, "height": 14.3}}, {"type": "Feature", "geometry": {"type": "Polygon", "coordinates": [[[126.86101186, 37.52163497], [126.86101364, 37.52162878], [126.86108009, 37.52163477], [126.86109387, 37.52154806], [126.86106669, 37.52152269], [126.86098698, 37.521515], [126.86097051, 37.52163211], [126.86101186, 37.52163497]]]}, "properties": {"name": "신정동 1018-6", "status": "full", "capacity": 1, "active": 1, "industry": "의원", "vacancy_rate": 0.0, "vacancy_rate_lo": 0.0, "vacancy_rate_hi": 0.0, "stores": 2, "source": "stores+ledger", "capacity_method": "floor_ouln", "active_pip": 0, "licensed": 0, "com_floors": [1], "occ_floors": [1], "unknown_n": 0, "id": "1147010100110180006-1", "pnu": "1147010100110180006", "floors": 2, "height": 0.0}}, {"type": "Feature", "geometry": {"type": "Polygon", "coordinates": [[[126.86346131, 37.52319093], [126.86340846, 37.52318496], [126.86340241, 37.52320973], [126.8634579, 37.52321486], [126.86346131, 37.52319093]]]}, "properties": {"name": "신정동 1008-1", "status": "full", "capacity": 1, "active": 1, "industry": "기타 간이", "vacancy_rate": 0.0, "vacancy_rate_lo": 0.0, "vacancy_rate_hi": 0.0, "stores": 2, "source": "stores+ledger", "capacity_method": "floor_ouln", "active_pip": 0, "licensed": 0, "com_floors": [1], "occ_floors": [1], "unknown_n": 0, "id": "1147010100110080001-2", "pnu": "1147010100110080001", "floors": 0, "height": 0.0}}, {"type": "Feature", "geometry": {"type": "Polygon", "coordinates": [[[126.86385534, 37.52296698], [126.86375249, 37.52295672], [126.86372703, 37.52296683], [126.86371132, 37.52304087], [126.86384177, 37.52305256], [126.86385534, 37.52296698]]]}, "properties": {"name": "신정동 1008-5", "status": "full", "capacity": 2, "active": 2, "industry": "한식", "vacancy_rate": 0.0, "vacancy_rate_lo": 0.0, "vacancy_rate_hi": 0.0, "stores": 1, "source": "stores+ledger", "capacity_method": "floor_ouln", "active_pip": 0, "licensed": 0, "com_floors": [1, 2], "occ_floors": [1, 2], "unknown_n": 0, "id": "1147010100110080005-1", "pnu": "1147010100110080005", "floors": 4, "height": 11.9}}, {"type": "Feature", "geometry": {"type": "Polygon", "coordinates": [[[126.86258419, 37.52206198], [126.86258455, 37.52205662], [126.8626084, 37.5220589], [126.86263184, 37.52191055], [126.8624553, 37.52189119], [126.86245403, 37.52190387], [126.8624285, 37.52204405], [126.86258419, 37.52206198]]]}, "properties": {"name": "신정동 1014-2", "status": "full", "capacity": 7, "active": 7, "industry": "동남아시아", "vacancy_rate": 0.0, "vacancy_rate_lo": 0.0, "vacancy_rate_hi": 42.9, "stores": 1, "source": "stores+ledger", "capacity_method": "floor_ouln", "active_pip": 0, "licensed": 0, "com_floors": [1, 2, 3, 4, 5, 6, 7], "occ_floors": [1, 3, 5, 6], "unknown_n": 3, "id": "1147010100110140002-1", "pnu": "1147010100110140002", "floors": 8, "height": 26.85}}, {"type": "Feature", "geometry": {"type": "Polygon", "coordinates": [[[126.86345135, 37.52447586], [126.8635302, 37.52448556], [126.86353228, 37.52447574], [126.86365909, 37.52449005], [126.86367711, 37.52439276], [126.86347281, 37.52436724], [126.86345135, 37.52447586]]]}, "properties": {"name": "신정동 997-3", "status": "empty", "capacity": 3, "active": 0, "industry": "", "vacancy_rate": 100.0, "source": "polygon_only", "capacity_method": "floor_approx", "active_pip": 0, "licensed": 0, "id": "1147010100109970003-1", "pnu": "1147010100109970003", "floors": 3, "height": 11.1}}, {"type": "Feature", "geometry": {"type": "Polygon", "coordinates": [[[126.86473501, 37.52309075], [126.86458023, 37.52306101], [126.86455249, 37.52315305], [126.86470391, 37.52318392], [126.86473501, 37.52309075]]]}, "properties": {"name": "신정동 1007-3", "status": "full", "capacity": 4, "active": 4, "industry": "기타 교육", "vacancy_rate": 0.0, "vacancy_rate_lo": 0.0, "vacancy_rate_hi": 0.0, "stores": 3, "source": "stores+ledger", "capacity_method": "floor_ouln", "active_pip": 0, "licensed": 0, "com_floors": [1, 2, 3, 4], "occ_floors": [1, 2, 3, 4], "unknown_n": 0, "id": "1147010100110070003-1", "pnu": "1147010100110070003", "floors": 6, "height": 18.5}}, {"type": "Feature", "geometry": {"type": "Polygon", "coordinates": [[[126.85891216, 37.52598123], [126.85880382, 37.52596589], [126.85879047, 37.52601881], [126.85887759, 37.52603356], [126.85887434, 37.52606677], [126.85893566, 37.52607192], [126.85894355, 37.52601589], [126.85891216, 37.52598123]]]}, "properties": {"name": "신정동 909-16", "status": "full", "capacity": 1, "active": 1, "industry": "한식", "vacancy_rate": 0.0, "vacancy_rate_lo": 0.0, "vacancy_rate_hi": 0.0, "stores": 1, "source": "stores+ledger", "capacity_method": "floor_ouln", "active_pip": 0, "licensed": 0, "com_floors": [1], "occ_floors": [1], "unknown_n": 0, "id": "1147010100109090016-1", "pnu": "1147010100109090016", "floors": 2, "height": 0.0}}, {"type": "Feature", "geometry": {"type": "Polygon", "coordinates": [[[126.86061279, 37.52219144], [126.86036007, 37.52216185], [126.86032684, 37.52235637], [126.86057865, 37.52238595], [126.86061279, 37.52219144]]]}, "properties": {"name": "더넥스트목동", "status": "high", "capacity": 5, "active": 1, "industry": "애완동물·용품 소매", "vacancy_rate": 80.0, "vacancy_rate_lo": null, "vacancy_rate_hi": null, "stores": 1, "source": "stores+ledger", "capacity_method": "expos_units", "active_pip": 0, "licensed": 0, "com_floors": null, "occ_floors": null, "unknown_n": null, "id": "1147010100109820004-1", "pnu": "1147010100109820004", "floors": 2, "height": 8.3}}, {"type": "Feature", "geometry": {"type": "Polygon", "coordinates": [[[126.86017807, 37.52147237], [126.86009819, 37.52146412], [126.86004371, 37.52177573], [126.86037593, 37.52181274], [126.86040507, 37.52163313], [126.86015767, 37.5216075], [126.86017807, 37.52147237]]]}, "properties": {"name": "세원빌딩", "status": "full", "capacity": 5, "active": 5, "industry": "스포츠 서비스", "vacancy_rate": 0.0, "vacancy_rate_lo": 0.0, "vacancy_rate_hi": 20.0, "stores": 6, "source": "stores+ledger", "capacity_method": "floor_ouln", "active_pip": 0, "licensed": 0, "com_floors": [1, 3, 4, 6, 7], "occ_floors": [1, 3, 6, 7], "unknown_n": 1, "id": "1147010100110180002-1", "pnu": "1147010100110180002", "floors": 7, "height": 31.95}}, {"type": "Feature", "geometry": {"type": "Polygon", "coordinates": [[[126.86420943, 37.52291844], [126.86421917, 37.52284789], [126.86414315, 37.52284123], [126.86409251, 37.52283679], [126.86408277, 37.52290736], [126.86413387, 37.52291183], [126.86413425, 37.52290907], [126.8641587, 37.52291121], [126.86415833, 37.52291397], [126.86420943, 37.52291844]]]}, "properties": {"name": "원진빌딩", "status": "full", "capacity": 1, "active": 1, "industry": "식물 소매", "vacancy_rate": 0.0, "vacancy_rate_lo": 0.0, "vacancy_rate_hi": 0.0, "stores": 2, "source": "stores+ledger", "capacity_method": "floor_ouln", "active_pip": 0, "licensed": 0, "com_floors": [1], "occ_floors": [1], "unknown_n": 0, "id": "1147010100110090005-1", "pnu": "1147010100110090005", "floors": 6, "height": 17.5}}, {"type": "Feature", "geometry": {"type": "Polygon", "coordinates": [[[126.8662856, 37.52532756], [126.8662823, 37.52530054], [126.86656005, 37.52526114], [126.86656603, 37.52528762], [126.86657062, 37.52529072], [126.86660704, 37.52528682], [126.86661111, 37.5252826], [126.86660586, 37.52525163], [126.86676321, 37.52523351], [126.86673635, 37.52512366], [126.86656857, 37.52514825], [126.8665733, 37.52517275], [126.86654889, 37.52517582], [126.86654626, 37.52516286], [126.86624569, 37.52520533], [126.86624761, 37.52521941], [126.86622393, 37.52522247], [126.86621884, 37.52519938], [126.8660507, 37.52522312], [126.86607384, 37.52533099], [126.86623472, 37.52531005], [126.86624051, 37.52533568], [126.86624793, 37.52533682], [126.86628064, 37.52533263], [126.8662856, 37.52532756]]]}, "properties": {"name": "목동신시가지7단지", "status": "full", "capacity": 22, "active": 22, "industry": "기타 간이", "vacancy_rate": 0.0, "vacancy_rate_lo": null, "vacancy_rate_hi": null, "stores": 22, "source": "stores+ledger", "capacity_method": "expos_units", "active_pip": 0, "licensed": 0, "com_floors": null, "occ_floors": null, "unknown_n": null, "id": "1147010200109250000-1", "pnu": "1147010200109250000", "floors": 15, "height": 0.0}}, {"type": "Feature", "geometry": {"type": "Polygon", "coordinates": [[[126.86938644, 37.52466824], [126.86935369, 37.52450517], [126.86932115, 37.5245088], [126.86922013, 37.52456331], [126.86922028, 37.5245726], [126.86920331, 37.52457428], [126.86922856, 37.52469116], [126.86938644, 37.52466824]]]}, "properties": {"name": "동문빌딩", "status": "partial", "capacity": 7, "active": 6, "industry": "의원", "vacancy_rate": 14.3, "vacancy_rate_lo": 14.3, "vacancy_rate_hi": 28.6, "stores": 7, "source": "stores+ledger", "capacity_method": "floor_ouln", "active_pip": 0, "licensed": 0, "com_floors": [1, 2, 3, 4, 5, 6, 7], "occ_floors": [1, 2, 3, 4, 7], "unknown_n": 1, "id": "1147010200104080174-1", "pnu": "1147010200104080174", "floors": 7, "height": 25.1}}, {"type": "Feature", "geometry": {"type": "Polygon", "coordinates": [[[126.8686603, 37.52588632], [126.8686268, 37.52574156], [126.86818778, 37.52581089], [126.86826868, 37.52613901], [126.86853055, 37.52609622], [126.868503, 37.52598244], [126.86854172, 37.52597488], [126.86852699, 37.52590729], [126.8686603, 37.52588632]]]}, "properties": {"name": "현대프라자", "status": "partial", "capacity": 49, "active": 30, "industry": "일반 교육", "vacancy_rate": 38.8, "vacancy_rate_lo": null, "vacancy_rate_hi": null, "stores": 30, "source": "stores+ledger", "capacity_method": "expos_units", "active_pip": 0, "licensed": 0, "com_floors": null, "occ_floors": null, "unknown_n": null, "id": "1147010200104060004-1", "pnu": "1147010200104060004", "floors": 5, "height": 20.95}}, {"type": "Feature", "geometry": {"type": "Polygon", "coordinates": [[[126.86483202, 37.52340875], [126.86486046, 37.52332037], [126.86493256, 37.52333368], [126.86499993, 37.52311921], [126.86502499, 37.52303955], [126.86500007, 37.52303474], [126.86486773, 37.52300868], [126.86484604, 37.52307709], [126.86476458, 37.52306432], [126.86466378, 37.52338715], [126.86471007, 37.52339678], [126.86471522, 37.52338496], [126.86483202, 37.52340875]]]}, "properties": {"name": "이스타팰리스", "status": "partial", "capacity": 15, "active": 13, "industry": "기타 간이", "vacancy_rate": 13.3, "vacancy_rate_lo": null, "vacancy_rate_hi": null, "stores": 13, "source": "stores+ledger", "capacity_method": "expos_units", "active_pip": 0, "licensed": 0, "com_floors": null, "occ_floors": null, "unknown_n": null, "id": "1147010100110070011-1", "pnu": "1147010100110070011", "floors": 12, "height": 38.7}}, {"type": "Feature", "geometry": {"type": "Polygon", "coordinates": [[[126.86917428, 37.52179968], [126.86915144, 37.52169733], [126.86900635, 37.52171735], [126.86906785, 37.52199507], [126.86928919, 37.52196491], [126.86925036, 37.52179005], [126.86917428, 37.52179968]]]}, "properties": {"name": "황금프라자", "status": "partial", "capacity": 39, "active": 32, "industry": "일반 교육", "vacancy_rate": 17.9, "vacancy_rate_lo": null, "vacancy_rate_hi": null, "stores": 32, "source": "stores+ledger", "capacity_method": "expos_units", "active_pip": 0, "licensed": 0, "com_floors": null, "occ_floors": null, "unknown_n": null, "id": "1147010100103180005-1", "pnu": "1147010100103180005", "floors": 11, "height": 40.94}}, {"type": "Feature", "geometry": {"type": "Polygon", "coordinates": [[[126.86848061, 37.52423475], [126.86846215, 37.52417729], [126.8684229, 37.52418316], [126.86843923, 37.52424315], [126.86848061, 37.52423475]]]}, "properties": {"name": "진도아파트", "status": "full", "capacity": 2, "active": 2, "industry": "스포츠 서비스", "vacancy_rate": 0.0, "vacancy_rate_lo": null, "vacancy_rate_hi": null, "stores": 2, "source": "stores+ledger", "capacity_method": "expos_units", "active_pip": 0, "licensed": 0, "com_floors": null, "occ_floors": null, "unknown_n": null, "id": "1147010200109350000-1", "pnu": "1147010200109350000", "floors": 0, "height": 0.0}}, {"type": "Feature", "geometry": {"type": "Polygon", "coordinates": [[[126.86832084, 37.52422303], [126.86831377, 37.52422275], [126.86821805, 37.52427726], [126.86822015, 37.52428627], [126.8681763, 37.52429467], [126.86820584, 37.52438198], [126.86836197, 37.52435232], [126.86832543, 37.52422444], [126.86832084, 37.52422303]]]}, "properties": {"name": "진도아파트", "status": "full", "capacity": 2, "active": 2, "industry": "스포츠 서비스", "vacancy_rate": 0.0, "vacancy_rate_lo": null, "vacancy_rate_hi": null, "stores": 2, "source": "stores+ledger", "capacity_method": "expos_units", "active_pip": 0, "licensed": 0, "com_floors": null, "occ_floors": null, "unknown_n": null, "id": "1147010200109350000-2", "pnu": "1147010200109350000", "floors": 3, "height": 16.2}}, {"type": "Feature", "geometry": {"type": "Polygon", "coordinates": [[[126.86913086, 37.52520864], [126.86942895, 37.52516406], [126.86947022, 37.52513527], [126.86945233, 37.52505334], [126.86940313, 37.5250612], [126.86940644, 37.52507949], [126.86934208, 37.52508947], [126.86929974, 37.52506019], [126.86917239, 37.52507821], [126.86911426, 37.52513351], [126.86913086, 37.52520864]]]}, "properties": {"name": "가로판대구두수선대", "status": "full", "capacity": 4, "active": 4, "industry": "일반 교육", "vacancy_rate": 0.0, "vacancy_rate_lo": 0.0, "vacancy_rate_hi": 0.0, "stores": 7, "source": "stores+ledger", "capacity_method": "floor_ouln", "active_pip": 0, "licensed": 0, "com_floors": [1, 2, 3, 4], "occ_floors": [1, 2, 3, 4], "unknown_n": 0, "id": "1147010200104050270-1", "pnu": "1147010200104050270", "floors": 4, "height": 16.2}}, {"type": "Feature", "geometry": {"type": "Polygon", "coordinates": [[[126.86964722, 37.52159582], [126.86959758, 37.52137756], [126.86951024, 37.52139013], [126.86950499, 37.52136113], [126.86935755, 37.52138152], [126.86937455, 37.52145671], [126.86941911, 37.52144945], [126.86953419, 37.52195301], [126.8696141, 37.5219424], [126.86960867, 37.52191282], [126.86971669, 37.52189605], [126.86966634, 37.52167749], [126.869672, 37.52167722], [126.86965235, 37.52159583], [126.86964722, 37.52159582]]]}, "properties": {"name": "제이월드빌오피스텔", "status": "full", "capacity": 15, "active": 15, "industry": "기타 간이", "vacancy_rate": 0.0, "vacancy_rate_lo": null, "vacancy_rate_hi": null, "stores": 15, "source": "stores+ledger", "capacity_method": "expos_units", "active_pip": 0, "licensed": 0, "com_floors": null, "occ_floors": null, "unknown_n": null, "id": "1147010100103180017-1", "pnu": "1147010100103180017", "floors": 15, "height": 48.95}}, {"type": "Feature", "geometry": {"type": "Polygon", "coordinates": [[[126.86522138, 37.52549135], [126.86521472, 37.52546234], [126.86549902, 37.52542128], [126.86550516, 37.52545057], [126.86554954, 37.52544499], [126.86554375, 37.52541514], [126.86569846, 37.52539504], [126.86567708, 37.52528604], [126.86551019, 37.52530867], [126.86551261, 37.52533261], [126.86548928, 37.52533596], [126.86548648, 37.52532329], [126.8651852, 37.52536517], [126.86518729, 37.52538038], [126.8651659, 37.52538261], [126.86516117, 37.52535866], [126.86499992, 37.5253827], [126.8649948, 37.52538355], [126.86500004, 37.52541029], [126.86501598, 37.52549169], [126.86517387, 37.52546736], [126.8651823, 37.52549863], [126.86522138, 37.52549135]]]}, "properties": {"name": "목동신시가지7단지", "status": "full", "capacity": 22, "active": 22, "industry": "기타 간이", "vacancy_rate": 0.0, "vacancy_rate_lo": null, "vacancy_rate_hi": null, "stores": 22, "source": "stores+ledger", "capacity_method": "expos_units", "active_pip": 0, "licensed": 0, "com_floors": null, "occ_floors": null, "unknown_n": null, "id": "1147010200109250000-2", "pnu": "1147010200109250000", "floors": 15, "height": 0.0}}, {"type": "Feature", "geometry": {"type": "Polygon", "coordinates": [[[126.86740346, 37.52472149], [126.86735833, 37.5246533], [126.86727094, 37.52469263], [126.8673182, 37.52475885], [126.86740346, 37.52472149]]]}, "properties": {"name": "전면우측", "status": "full", "capacity": 1, "active": 1, "industry": "기타 교육", "vacancy_rate": 0.0, "vacancy_rate_lo": 0.0, "vacancy_rate_hi": 0.0, "stores": 3, "source": "stores+ledger", "capacity_method": "floor_ouln", "active_pip": 0, "licensed": 0, "com_floors": [1], "occ_floors": [1], "unknown_n": 0, "id": "1147010200104080072-1", "pnu": "1147010200104080072", "floors": 3, "height": 0.0}}, {"type": "Feature", "geometry": {"type": "Polygon", "coordinates": [[[126.86895194, 37.52459032], [126.86892172, 37.52448329], [126.86869964, 37.52452556], [126.86873003, 37.52463006], [126.86895194, 37.52459032]]]}, "properties": {"name": "진도아파트", "status": "full", "capacity": 2, "active": 2, "industry": "스포츠 서비스", "vacancy_rate": 0.0, "vacancy_rate_lo": null, "vacancy_rate_hi": null, "stores": 2, "source": "stores+ledger", "capacity_method": "expos_units", "active_pip": 0, "licensed": 0, "com_floors": null, "occ_floors": null, "unknown_n": null, "id": "1147010200109350000-3", "pnu": "1147010200109350000", "floors": 15, "height": 41.6}}, {"type": "Feature", "geometry": {"type": "Polygon", "coordinates": [[[126.86966156, 37.52595302], [126.86965297, 37.5259074], [126.86949985, 37.5259323], [126.8695023, 37.52595089], [126.86948196, 37.52595537], [126.86947913, 37.52596043], [126.86948211, 37.52597367], [126.86949041, 37.52597903], [126.86966156, 37.52595302]]]}, "properties": {"name": "공조빌딩", "status": "full", "capacity": 3, "active": 3, "industry": "스포츠 서비스", "vacancy_rate": 0.0, "vacancy_rate_lo": 0.0, "vacancy_rate_hi": 33.3, "stores": 3, "source": "stores+ledger", "capacity_method": "floor_ouln", "active_pip": 0, "licensed": 0, "com_floors": [1, 2, 4], "occ_floors": [2, 4], "unknown_n": 1, "id": "1147010200104060250-1", "pnu": "1147010200104060250", "floors": 4, "height": 14.6}}, {"type": "Feature", "geometry": {"type": "Polygon", "coordinates": [[[126.86948935, 37.52587964], [126.86947371, 37.5258219], [126.86934994, 37.52584119], [126.86936275, 37.52589808], [126.86948935, 37.52587964]]]}, "properties": {"name": "센텀빌딩", "status": "full", "capacity": 2, "active": 2, "industry": "기타 생활용품 소매", "vacancy_rate": 0.0, "vacancy_rate_lo": 0.0, "vacancy_rate_hi": 50.0, "stores": 1, "source": "stores+ledger", "capacity_method": "floor_ouln", "active_pip": 0, "licensed": 0, "com_floors": [1, 2], "occ_floors": [1], "unknown_n": 1, "id": "1147010200104060141-1", "pnu": "1147010200104060141", "floors": 4, "height": 12.1}}, {"type": "Feature", "geometry": {"type": "Polygon", "coordinates": [[[126.86955291, 37.52561166], [126.86951247, 37.52559303], [126.86930153, 37.52562714], [126.86931871, 37.52570629], [126.86956907, 37.52566799], [126.86955291, 37.52561166]]]}, "properties": {"name": "미래빌딩", "status": "full", "capacity": 4, "active": 4, "industry": "기타 교육", "vacancy_rate": 0.0, "vacancy_rate_lo": 0.0, "vacancy_rate_hi": 0.0, "stores": 6, "source": "stores+ledger", "capacity_method": "floor_ouln", "active_pip": 0, "licensed": 0, "com_floors": [1, 2, 3, 4], "occ_floors": [1, 2, 3, 4], "unknown_n": 0, "id": "1147010200104060183-1", "pnu": "1147010200104060183", "floors": 4, "height": 13.3}}, {"type": "Feature", "geometry": {"type": "Polygon", "coordinates": [[[126.86932598, 37.52447756], [126.86931909, 37.52447332], [126.86931131, 37.52447359], [126.86930477, 37.52447556], [126.8692919, 37.52445865], [126.86931773, 37.52444375], [126.86929851, 37.52441923], [126.86930488, 37.52441164], [126.86930048, 37.52440854], [126.86930738, 37.52440122], [126.86930402, 37.52439784], [126.86930934, 37.52439362], [126.86926911, 37.52434684], [126.86906903, 37.52444601], [126.8691244, 37.52451928], [126.86905363, 37.5245575], [126.86909737, 37.52461132], [126.86932206, 37.52449783], [126.86932648, 37.52449192], [126.86932879, 37.52448713], [126.86932898, 37.52448291], [126.86932598, 37.52447756]]]}, "properties": {"name": "목동 408-216", "status": "empty", "capacity": 8, "active": 0, "industry": "", "vacancy_rate": 100.0, "source": "polygon_only", "capacity_method": "floor_approx", "active_pip": 0, "licensed": 0, "id": "1147010200104080216-1", "pnu": "1147010200104080216", "floors": 8, "height": 37.6}}, {"type": "Feature", "geometry": {"type": "Polygon", "coordinates": [[[126.870019, 37.52451306], [126.87005861, 37.52448676], [126.87006858, 37.524497], [126.870112, 37.52446799], [126.87010103, 37.52445886], [126.87010815, 37.52445403], [126.87008301, 37.52443242], [126.87009059, 37.52442661], [126.87005069, 37.52438884], [126.87007719, 37.52432599], [126.87009842, 37.52433337], [126.87015912, 37.52419945], [126.87006583, 37.52417284], [126.87006326, 37.52418054], [126.87000001, 37.52416268], [126.86997932, 37.52415685], [126.86998162, 37.52414935], [126.86988941, 37.5241223], [126.86983026, 37.52425682], [126.86985222, 37.52426229], [126.86983159, 37.52431516], [126.86979451, 37.52431811], [126.86979594, 37.52432793], [126.86974519, 37.52433427], [126.86974683, 37.524343], [126.8697302, 37.52434427], [126.86974078, 37.52438785], [126.86975595, 37.52438579], [126.86976599, 37.52442761], [126.86982179, 37.52441971], [126.86981919, 37.52440391], [126.86985306, 37.52440081], [126.86995538, 37.52443118], [126.86998649, 37.52445982], [126.86997113, 37.52446954], [126.87, 37.52449579], [126.870019, 37.52451306]]]}, "properties": {"name": "하이페리온2차", "status": "full", "capacity": 24, "active": 24, "industry": "기타 간이", "vacancy_rate": 0.0, "vacancy_rate_lo": null, "vacancy_rate_hi": null, "stores": 24, "source": "stores+ledger", "capacity_method": "expos_units", "active_pip": 0, "licensed": 0, "com_floors": null, "occ_floors": null, "unknown_n": null, "id": "1147010200109610000-1", "pnu": "1147010200109610000", "floors": 33, "height": 109.65}}, {"type": "Feature", "geometry": {"type": "Polygon", "coordinates": [[[126.86602701, 37.52482723], [126.86602194, 37.52479511], [126.86633806, 37.52475211], [126.86633001, 37.52471184], [126.86630808, 37.52471435], [126.86629193, 37.52465689], [126.86599136, 37.52469962], [126.86599398, 37.52471483], [126.8659694, 37.52471818], [126.86596624, 37.52470494], [126.86581385, 37.52472477], [126.86583488, 37.52482306], [126.86598146, 37.52480127], [126.86598829, 37.52483252], [126.86602701, 37.52482723]]]}, "properties": {"name": "목동신시가지7단지", "status": "full", "capacity": 22, "active": 22, "industry": "기타 간이", "vacancy_rate": 0.0, "vacancy_rate_lo": null, "vacancy_rate_hi": null, "stores": 22, "source": "stores+ledger", "capacity_method": "expos_units", "active_pip": 0, "licensed": 0, "com_floors": null, "occ_floors": null, "unknown_n": null, "id": "1147010200109250000-3", "pnu": "1147010200109250000", "floors": 15, "height": 0.0}}, {"type": "Feature", "geometry": {"type": "Polygon", "coordinates": [[[126.86920893, 37.52429413], [126.86916891, 37.52423495], [126.86911355, 37.52426136], [126.86911001, 37.52425826], [126.86905711, 37.5242858], [126.8691042, 37.52434384], [126.86920893, 37.52429413]]]}, "properties": {"name": "일부", "status": "partial", "capacity": 2, "active": 1, "industry": "일반 교육", "vacancy_rate": 50.0, "vacancy_rate_lo": 50.0, "vacancy_rate_hi": 50.0, "stores": 2, "source": "stores+ledger", "capacity_method": "floor_ouln", "active_pip": 0, "licensed": 0, "com_floors": [1, 2], "occ_floors": [1], "unknown_n": 0, "id": "1147010200104080196-1", "pnu": "1147010200104080196", "floors": 2, "height": 0.0}}, {"type": "Feature", "geometry": {"type": "Polygon", "coordinates": [[[126.86772909, 37.52490571], [126.86771217, 37.52488064], [126.86762071, 37.52492193], [126.867623, 37.52492588], [126.86760583, 37.52493317], [126.86765097, 37.52499995], [126.86765767, 37.52500982], [126.86768101, 37.52499998], [126.86774063, 37.52497472], [126.86772425, 37.52494457], [126.86773397, 37.52493895], [126.8677174, 37.52491303], [126.86772909, 37.52490571]]]}, "properties": {"name": "명칭없음", "status": "full", "capacity": 3, "active": 3, "industry": "비알코올 ", "vacancy_rate": 0.0, "vacancy_rate_lo": null, "vacancy_rate_hi": null, "stores": 3, "source": "stores+ledger", "capacity_method": "expos_units", "active_pip": 0, "licensed": 0, "com_floors": null, "occ_floors": null, "unknown_n": null, "id": "1147010200104080044-1", "pnu": "1147010200104080044", "floors": 5, "height": 13.5}}, {"type": "Feature", "geometry": {"type": "Polygon", "coordinates": [[[126.86751801, 37.52511694], [126.86747095, 37.5250403], [126.86745415, 37.52504507], [126.86742684, 37.52499999], [126.86739, 37.52493969], [126.86729554, 37.52497928], [126.86730929, 37.52500014], [126.86735512, 37.52506945], [126.86746034, 37.52514109], [126.86751801, 37.52511694]]]}, "properties": {"name": "목동 408-117", "status": "empty", "capacity": 4, "active": 0, "industry": "", "vacancy_rate": 100.0, "source": "polygon_only", "capacity_method": "floor_approx", "active_pip": 0, "licensed": 0, "id": "1147010200104080117-1", "pnu": "1147010200104080117", "floors": 4, "height": 0.0}}, {"type": "Feature", "geometry": {"type": "Polygon", "coordinates": [[[126.869844, 37.52391331], [126.86988296, 37.52388589], [126.86989362, 37.52389464], [126.86993629, 37.52386602], [126.8699267, 37.52385695], [126.86993221, 37.52385263], [126.86990643, 37.52382884], [126.86991213, 37.52382448], [126.86987595, 37.52378838], [126.86988984, 37.52375677], [126.86990881, 37.52376248], [126.86994918, 37.52367621], [126.86996868, 37.52368078], [126.86998644, 37.52363701], [126.86997947, 37.52363492], [126.86999511, 37.52359909], [126.86989489, 37.52356877], [126.86989024, 37.52357795], [126.8698056, 37.52355197], [126.86980821, 37.52354469], [126.86970637, 37.52351408], [126.86969033, 37.52354827], [126.86968386, 37.52354557], [126.86966296, 37.52359487], [126.8696771, 37.523599], [126.86963879, 37.52368494], [126.86966123, 37.52369111], [126.86964604, 37.52372161], [126.86958794, 37.52372927], [126.86958845, 37.52373616], [126.86955119, 37.52374268], [126.86955231, 37.52374934], [126.86953634, 37.52375169], [126.86954744, 37.5237954], [126.86956282, 37.52379391], [126.86957277, 37.52383427], [126.86964417, 37.52382473], [126.86964151, 37.52380782], [126.86967923, 37.52380422], [126.86978202, 37.52383345], [126.8698099, 37.52385722], [126.86979531, 37.52386928], [126.869844, 37.52391331]]]}, "properties": {"name": "하이페리온2차", "status": "full", "capacity": 24, "active": 24, "industry": "기타 간이", "vacancy_rate": 0.0, "vacancy_rate_lo": null, "vacancy_rate_hi": null, "stores": 24, "source": "stores+ledger", "capacity_method": "expos_units", "active_pip": 0, "licensed": 0, "com_floors": null, "occ_floors": null, "unknown_n": null, "id": "1147010200109610000-2", "pnu": "1147010200109610000", "floors": 37, "height": 122.8}}, {"type": "Feature", "geometry": {"type": "Polygon", "coordinates": [[[126.86751023, 37.52602018], [126.8674974, 37.52597145], [126.86748043, 37.52597228], [126.86746726, 37.52592159], [126.86741069, 37.52592772], [126.86741245, 37.52593477], [126.86724112, 37.52596131], [126.86726392, 37.52605679], [126.86751023, 37.52602018]]]}, "properties": {"name": "목동신시가지7단지", "status": "full", "capacity": 22, "active": 22, "industry": "기타 간이", "vacancy_rate": 0.0, "vacancy_rate_lo": null, "vacancy_rate_hi": null, "stores": 22, "source": "stores+ledger", "capacity_method": "expos_units", "active_pip": 0, "licensed": 0, "com_floors": null, "occ_floors": null, "unknown_n": null, "id": "1147010200109250000-4", "pnu": "1147010200109250000", "floors": 0, "height": 0.0}}, {"type": "Feature", "geometry": {"type": "Polygon", "coordinates": [[[126.86960674, 37.52576263], [126.86959639, 37.52571025], [126.86947793, 37.5257287], [126.86949461, 37.52580389], [126.86961961, 37.52578714], [126.86961381, 37.52576263], [126.86960674, 37.52576263]]]}, "properties": {"name": "정선과학", "status": "partial", "capacity": 4, "active": 3, "industry": "일반 교육", "vacancy_rate": 25.0, "vacancy_rate_lo": 25.0, "vacancy_rate_hi": 25.0, "stores": 3, "source": "stores+ledger", "capacity_method": "floor_ouln", "active_pip": 0, "licensed": 0, "com_floors": [1, 2, 3, 4], "occ_floors": [1, 3, 4], "unknown_n": 0, "id": "1147010200104060143-1", "pnu": "1147010200104060143", "floors": 5, "height": 16.1}}, {"type": "Feature", "geometry": {"type": "Polygon", "coordinates": [[[126.86825453, 37.52444117], [126.86823941, 37.5243899], [126.86821041, 37.52439466], [126.86822606, 37.52444592], [126.86825453, 37.52444117]]]}, "properties": {"name": "진도아파트", "status": "full", "capacity": 2, "active": 2, "industry": "스포츠 서비스", "vacancy_rate": 0.0, "vacancy_rate_lo": null, "vacancy_rate_hi": null, "stores": 2, "source": "stores+ledger", "capacity_method": "expos_units", "active_pip": 0, "licensed": 0, "com_floors": null, "occ_floors": null, "unknown_n": null, "id": "1147010200109350000-4", "pnu": "1147010200109350000", "floors": 0, "height": 0.0}}, {"type": "Feature", "geometry": {"type": "Polygon", "coordinates": [[[126.86882642, 37.52419121], [126.86879639, 37.52408391], [126.86866484, 37.52410797], [126.86867012, 37.52412233], [126.86860469, 37.5241355], [126.86860592, 37.52414028], [126.86856719, 37.52414897], [126.8685327, 37.52416667], [126.86853569, 37.52417314], [126.86852261, 37.52417708], [126.86853105, 37.52419792], [126.86850152, 37.52420718], [126.86850625, 37.52422942], [126.86850271, 37.52423027], [126.86850991, 37.52425308], [126.86845263, 37.52426513], [126.86852151, 37.52450229], [126.86826706, 37.52455156], [126.86829975, 37.52465802], [126.86863959, 37.52459477], [126.86862219, 37.52454125], [126.86866499, 37.52453171], [126.86858135, 37.52424106], [126.86882642, 37.52419121]]]}, "properties": {"name": "진도아파트", "status": "full", "capacity": 2, "active": 2, "industry": "스포츠 서비스", "vacancy_rate": 0.0, "vacancy_rate_lo": null, "vacancy_rate_hi": null, "stores": 2, "source": "stores+ledger", "capacity_method": "expos_units", "active_pip": 0, "licensed": 0, "com_floors": null, "occ_floors": null, "unknown_n": null, "id": "1147010200109350000-5", "pnu": "1147010200109350000", "floors": 19, "height": 52.0}}, {"type": "Feature", "geometry": {"type": "Polygon", "coordinates": [[[126.8678499, 37.52465246], [126.86783199, 37.52458711], [126.86771175, 37.52461063], [126.86772984, 37.5246754], [126.8678499, 37.52465246]]]}, "properties": {"name": "목동 408-57", "status": "partial", "capacity": 3, "active": 2, "industry": "기타 교육", "vacancy_rate": 33.3, "vacancy_rate_lo": 33.3, "vacancy_rate_hi": 33.3, "stores": 2, "source": "stores+ledger", "capacity_method": "floor_ouln", "active_pip": 0, "licensed": 0, "com_floors": [1, 2, 3], "occ_floors": [1, 3], "unknown_n": 0, "id": "1147010200104080057-1", "pnu": "1147010200104080057", "floors": 4, "height": 13.9}}, {"type": "Feature", "geometry": {"type": "Polygon", "coordinates": [[[126.86480044, 37.52288867], [126.8646612, 37.5228581], [126.86463099, 37.52295211], [126.86477323, 37.52297762], [126.86480044, 37.52288867]]]}, "properties": {"name": "동양빌딩", "status": "full", "capacity": 6, "active": 6, "industry": "섬유·의복·신발 소매", "vacancy_rate": 0.0, "vacancy_rate_lo": 0.0, "vacancy_rate_hi": 16.7, "stores": 1, "source": "stores+ledger", "capacity_method": "floor_ouln", "active_pip": 0, "licensed": 0, "com_floors": [1, 2, 3, 4, 5, 6], "occ_floors": [1, 2, 3, 4, 6], "unknown_n": 1, "id": "1147010100110070005-1", "pnu": "1147010100110070005", "floors": 6, "height": 19.7}}, {"type": "Feature", "geometry": {"type": "Polygon", "coordinates": [[[126.86806846, 37.52541066], [126.8680312, 37.52528673], [126.86792794, 37.52530435], [126.86783389, 37.52532029], [126.86783387, 37.52532818], [126.86782255, 37.52533042], [126.86783715, 37.52537577], [126.86792807, 37.52542853], [126.86793497, 37.52543247], [126.86806846, 37.52541066]]]}, "properties": {"name": "목동 408-114", "status": "full", "capacity": 2, "active": 2, "industry": "한식", "vacancy_rate": 0.0, "vacancy_rate_lo": 0.0, "vacancy_rate_hi": 0.0, "stores": 2, "source": "stores+ledger", "capacity_method": "floor_ouln", "active_pip": 0, "licensed": 0, "com_floors": [1, 2], "occ_floors": [1, 2], "unknown_n": 0, "id": "1147010200104080114-1", "pnu": "1147010200104080114", "floors": 2, "height": 0.0}}, {"type": "Feature", "geometry": {"type": "Polygon", "coordinates": [[[126.86787906, 37.52476145], [126.86786078, 37.52469357], [126.86774885, 37.5247154], [126.86776643, 37.524783], [126.86787906, 37.52476145]]]}, "properties": {"name": "목동 408-56", "status": "empty", "capacity": 4, "active": 0, "industry": "", "vacancy_rate": 100.0, "source": "polygon_only", "capacity_method": "floor_approx", "active_pip": 0, "licensed": 0, "id": "1147010200104080056-1", "pnu": "1147010200104080056", "floors": 4, "height": 0.0}}, {"type": "Feature", "geometry": {"type": "Polygon", "coordinates": [[[126.86488621, 37.52354368], [126.86472418, 37.52351731], [126.86463423, 37.52380468], [126.86479413, 37.5238364], [126.86488621, 37.52354368]]]}, "properties": {"name": "일부호", "status": "partial", "capacity": 4, "active": 3, "industry": "스포츠 서비스", "vacancy_rate": 25.0, "vacancy_rate_lo": 25.0, "vacancy_rate_hi": 25.0, "stores": 5, "source": "stores+ledger", "capacity_method": "floor_ouln", "active_pip": 0, "licensed": 0, "com_floors": [1, 2, 3, 4], "occ_floors": [1, 2, 4], "unknown_n": 0, "id": "1147010100110060003-1", "pnu": "1147010100110060003", "floors": 4, "height": 0.0}}, {"type": "Feature", "geometry": {"type": "Polygon", "coordinates": [[[126.87081292, 37.52261524], [126.87075119, 37.52233277], [126.87037302, 37.52238275], [126.87036587, 37.52232784], [126.87020127, 37.52234737], [126.87018656, 37.52227273], [126.87000003, 37.52229985], [126.86998324, 37.52230236], [126.87000008, 37.52237812], [126.87004567, 37.52258427], [126.87058138, 37.52250659], [126.87061172, 37.52264374], [126.87081292, 37.52261524]]]}, "properties": {"name": "삼성쉐르빌아파트", "status": "full", "capacity": 18, "active": 18, "industry": "이용·미용", "vacancy_rate": 0.0, "vacancy_rate_lo": null, "vacancy_rate_hi": null, "stores": 18, "source": "stores+ledger", "capacity_method": "expos_units", "active_pip": 0, "licensed": 0, "com_floors": null, "occ_floors": null, "unknown_n": null, "id": "1147010100103180010-1", "pnu": "1147010100103180010", "floors": 39, "height": 125.2}}, {"type": "Feature", "geometry": {"type": "Polygon", "coordinates": [[[126.8701797, 37.52472471], [126.87014618, 37.52458327], [126.87, 37.52460467], [126.86975741, 37.52464018], [126.86983894, 37.52500003], [126.86984651, 37.52503342], [126.86991257, 37.52506725], [126.87, 37.52505419], [126.87026708, 37.52501431], [126.87026369, 37.52500004], [126.87026355, 37.52499947], [126.87030037, 37.52497442], [126.87032634, 37.5249608], [126.8703473, 37.52494246], [126.87036648, 37.52491905], [126.87037426, 37.524894], [126.87041185, 37.52485115], [126.8701797, 37.52472471]]]}, "properties": {"name": "하이페리온2차", "status": "full", "capacity": 24, "active": 24, "industry": "기타 간이", "vacancy_rate": 0.0, "vacancy_rate_lo": null, "vacancy_rate_hi": null, "stores": 24, "source": "stores+ledger", "capacity_method": "expos_units", "active_pip": 0, "licensed": 0, "com_floors": null, "occ_floors": null, "unknown_n": null, "id": "1147010200109610000-3", "pnu": "1147010200109610000", "floors": 31, "height": 113.85}}, {"type": "Feature", "geometry": {"type": "Polygon", "coordinates": [[[126.86928407, 37.52570175], [126.86926651, 37.52563471], [126.86901774, 37.52567526], [126.86903547, 37.52574257], [126.86928407, 37.52570175]]]}, "properties": {"name": "대림빌딩", "status": "partial", "capacity": 4, "active": 3, "industry": "이용·미용", "vacancy_rate": 25.0, "vacancy_rate_lo": 25.0, "vacancy_rate_hi": 50.0, "stores": 3, "source": "stores+ledger", "capacity_method": "floor_ouln", "active_pip": 0, "licensed": 0, "com_floors": [1, 2, 3, 4], "occ_floors": [1, 2], "unknown_n": 1, "id": "1147010200104060293-1", "pnu": "1147010200104060293", "floors": 5, "height": 15.0}}, {"type": "Feature", "geometry": {"type": "Polygon", "coordinates": [[[126.86941598, 37.52486762], [126.86940803, 37.52486676], [126.86939813, 37.52486957], [126.86928737, 37.52493167], [126.86928771, 37.52493645], [126.86927357, 37.52493841], [126.86928442, 37.52500009], [126.86929282, 37.52504599], [126.86930092, 37.52505952], [126.86931824, 37.52506488], [126.86944765, 37.5250487], [126.86945174, 37.52503687], [126.86944438, 37.52499999], [126.8694181, 37.52487072], [126.86941598, 37.52486762]]]}, "properties": {"name": "풍성빌딩", "status": "partial", "capacity": 6, "active": 3, "industry": "기타 간이", "vacancy_rate": 50.0, "vacancy_rate_lo": 50.0, "vacancy_rate_hi": 50.0, "stores": 5, "source": "stores+ledger", "capacity_method": "floor_ouln", "active_pip": 0, "licensed": 0, "com_floors": [1, 2, 3, 4, 5, 6], "occ_floors": [1, 3, 6], "unknown_n": 0, "id": "1147010200104080040-1", "pnu": "1147010200104080040", "floors": 6, "height": 22.9}}, {"type": "Feature", "geometry": {"type": "Polygon", "coordinates": [[[126.86962568, 37.525855], [126.86961515, 37.52580403], [126.86949475, 37.52582051], [126.86950844, 37.52587741], [126.86951975, 37.52587826], [126.86953088, 37.52587686], [126.86954079, 37.52587237], [126.86953992, 37.52586476], [126.86962568, 37.525855]]]}, "properties": {"name": "지층", "status": "full", "capacity": 2, "active": 2, "industry": "주점", "vacancy_rate": 0.0, "vacancy_rate_lo": 0.0, "vacancy_rate_hi": 0.0, "stores": 2, "source": "stores+ledger", "capacity_method": "floor_ouln", "active_pip": 0, "licensed": 0, "com_floors": [1, 2], "occ_floors": [1, 2], "unknown_n": 0, "id": "1147010200104060144-1", "pnu": "1147010200104060144", "floors": 4, "height": 12.1}}, {"type": "Feature", "geometry": {"type": "Polygon", "coordinates": [[[126.86936051, 37.52261871], [126.86960715, 37.5225835], [126.86961083, 37.52260153], [126.86970912, 37.52258643], [126.86963825, 37.52227861], [126.86919378, 37.52234372], [126.86926465, 37.52265098], [126.86936419, 37.52263758], [126.86936051, 37.52261871]]]}, "properties": {"name": "대림아크로텔", "status": "full", "capacity": 18, "active": 18, "industry": "일반 교육", "vacancy_rate": 0.0, "vacancy_rate_lo": null, "vacancy_rate_hi": null, "stores": 18, "source": "stores+ledger", "capacity_method": "expos_units", "active_pip": 0, "licensed": 0, "com_floors": null, "occ_floors": null, "unknown_n": null, "id": "1147010100103180001-1", "pnu": "1147010100103180001", "floors": 15, "height": 47.85}}, {"type": "Feature", "geometry": {"type": "Polygon", "coordinates": [[[126.86947022, 37.52579318], [126.86945565, 37.52573487], [126.86932145, 37.52575415], [126.86933796, 37.52581386], [126.86947022, 37.52579318]]]}, "properties": {"name": "목동 406-142", "status": "full", "capacity": 1, "active": 1, "industry": "이용·미용", "vacancy_rate": 0.0, "vacancy_rate_lo": 0.0, "vacancy_rate_hi": 0.0, "stores": 2, "source": "stores+ledger", "capacity_method": "floor_ouln", "active_pip": 0, "licensed": 0, "com_floors": [1], "occ_floors": [1], "unknown_n": 0, "id": "1147010200104060142-1", "pnu": "1147010200104060142", "floors": 4, "height": 11.0}}, {"type": "Feature", "geometry": {"type": "Polygon", "coordinates": [[[126.8680175, 37.52524476], [126.86799573, 37.52515464], [126.867928, 37.52517258], [126.86790571, 37.52517875], [126.86792149, 37.52524888], [126.86792803, 37.52524776], [126.86797277, 37.52524048], [126.86797559, 37.52525119], [126.8680175, 37.52524476]]]}, "properties": {"name": "좌측", "status": "partial", "capacity": 2, "active": 1, "industry": "섬유·의복·신발 소매", "vacancy_rate": 50.0, "vacancy_rate_lo": 50.0, "vacancy_rate_hi": 50.0, "stores": 2, "source": "stores+ledger", "capacity_method": "floor_ouln", "active_pip": 0, "licensed": 0, "com_floors": [1, 2], "occ_floors": [1], "unknown_n": 0, "id": "1147010200104080042-1", "pnu": "1147010200104080042", "floors": 4, "height": 12.0}}, {"type": "Feature", "geometry": {"type": "Polygon", "coordinates": [[[126.86727912, 37.52476866], [126.86723822, 37.52470808], [126.86714304, 37.52475218], [126.86718429, 37.52481501], [126.86727912, 37.52476866]]]}, "properties": {"name": "목동 408-73", "status": "full", "capacity": 1, "active": 1, "industry": "오락용품 소매", "vacancy_rate": 0.0, "vacancy_rate_lo": 0.0, "vacancy_rate_hi": 0.0, "stores": 1, "source": "stores+ledger", "capacity_method": "floor_ouln", "active_pip": 0, "licensed": 0, "com_floors": [1], "occ_floors": [1], "unknown_n": 0, "id": "1147010200104080073-1", "pnu": "1147010200104080073", "floors": 4, "height": 0.0}}, {"type": "Feature", "geometry": {"type": "Polygon", "coordinates": [[[126.86798411, 37.52512619], [126.86796339, 37.5250462], [126.86792803, 37.52505349], [126.86787339, 37.52506468], [126.86789234, 37.52514157], [126.86792788, 37.5251357], [126.86798411, 37.52512619]]]}, "properties": {"name": "목동 408-52", "status": "full", "capacity": 1, "active": 1, "industry": "한식", "vacancy_rate": 0.0, "vacancy_rate_lo": 0.0, "vacancy_rate_hi": 0.0, "stores": 1, "source": "stores+ledger", "capacity_method": "floor_ouln", "active_pip": 0, "licensed": 0, "com_floors": [1], "occ_floors": [1], "unknown_n": 0, "id": "1147010200104080052-1", "pnu": "1147010200104080052", "floors": 3, "height": 9.6}}, {"type": "Feature", "geometry": {"type": "Polygon", "coordinates": [[[126.86494924, 37.52299188], [126.86495726, 37.52296458], [126.86497615, 37.52296798], [126.86499999, 37.52288861], [126.86500479, 37.52287285], [126.86500002, 37.52287171], [126.86483535, 37.52283886], [126.86480636, 37.52293654], [126.86482066, 37.52293908], [126.86481196, 37.52296668], [126.86494924, 37.52299188]]]}, "properties": {"name": "신정동 1007-10", "status": "full", "capacity": 2, "active": 2, "industry": "한식", "vacancy_rate": 0.0, "vacancy_rate_lo": 0.0, "vacancy_rate_hi": 50.0, "stores": 2, "source": "stores+ledger", "capacity_method": "floor_ouln", "active_pip": 0, "licensed": 0, "com_floors": [1, 3], "occ_floors": [1], "unknown_n": 1, "id": "1147010100110070010-1", "pnu": "1147010100110070010", "floors": 3, "height": 0.0}}, {"type": "Feature", "geometry": {"type": "Polygon", "coordinates": [[[126.86790979, 37.52526942], [126.86788412, 37.52519562], [126.86778475, 37.52521071], [126.86780512, 37.52528816], [126.86790979, 37.52526942]]]}, "properties": {"name": "목동 408-46", "status": "full", "capacity": 1, "active": 1, "industry": "자동차 수리·세차", "vacancy_rate": 0.0, "vacancy_rate_lo": 0.0, "vacancy_rate_hi": 100.0, "stores": 1, "source": "stores+ledger", "capacity_method": "floor_ouln", "active_pip": 0, "licensed": 0, "com_floors": [1], "occ_floors": [], "unknown_n": 1, "id": "1147010200104080046-1", "pnu": "1147010200104080046", "floors": 2, "height": 7.6}}, {"type": "Feature", "geometry": {"type": "Polygon", "coordinates": [[[126.86734313, 37.52485377], [126.86729534, 37.52478754], [126.86720406, 37.52483108], [126.86725042, 37.52489674], [126.86734313, 37.52485377]]]}, "properties": {"name": "목동 408-124", "status": "full", "capacity": 1, "active": 1, "industry": "한식", "vacancy_rate": 0.0, "vacancy_rate_lo": 0.0, "vacancy_rate_hi": 100.0, "stores": 1, "source": "stores+ledger", "capacity_method": "floor_ouln", "active_pip": 0, "licensed": 0, "com_floors": [1], "occ_floors": [], "unknown_n": 1, "id": "1147010200104080124-1", "pnu": "1147010200104080124", "floors": 4, "height": 12.3}}, {"type": "Feature", "geometry": {"type": "Polygon", "coordinates": [[[126.86537971, 37.52492813], [126.86537393, 37.52489545], [126.86568599, 37.52485302], [126.86568077, 37.52481275], [126.86565724, 37.52481638], [126.86564091, 37.52476146], [126.86534246, 37.52480194], [126.86534473, 37.52481574], [126.86532105, 37.52481853], [126.86531772, 37.52480444], [126.86516619, 37.52482878], [126.86518457, 37.52492734], [126.86533131, 37.52490583], [126.8653371, 37.5249354], [126.86537971, 37.52492813]]]}, "properties": {"name": "목동신시가지7단지", "status": "full", "capacity": 22, "active": 22, "industry": "기타 간이", "vacancy_rate": 0.0, "vacancy_rate_lo": null, "vacancy_rate_hi": null, "stores": 22, "source": "stores+ledger", "capacity_method": "expos_units", "active_pip": 0, "licensed": 0, "com_floors": null, "occ_floors": null, "unknown_n": null, "id": "1147010200109250000-5", "pnu": "1147010200109250000", "floors": 15, "height": 0.0}}, {"type": "Feature", "geometry": {"type": "Polygon", "coordinates": [[[126.86763894, 37.52460266], [126.86760917, 37.52454068], [126.86755646, 37.52456146], [126.86755717, 37.5245623], [126.86753029, 37.52457354], [126.86756111, 37.52463129], [126.86763894, 37.52460266]]]}, "properties": {"name": "목동 408-63", "status": "full", "capacity": 1, "active": 1, "industry": "자동차 수리·세차", "vacancy_rate": 0.0, "vacancy_rate_lo": 0.0, "vacancy_rate_hi": 100.0, "stores": 1, "source": "stores+ledger", "capacity_method": "floor_ouln", "active_pip": 0, "licensed": 0, "com_floors": [1], "occ_floors": [], "unknown_n": 1, "id": "1147010200104080063-1", "pnu": "1147010200104080063", "floors": 4, "height": 0.0}}, {"type": "Feature", "geometry": {"type": "Polygon", "coordinates": [[[126.86754253, 37.52464338], [126.86750215, 37.52458674], [126.86739973, 37.52462998], [126.867441, 37.52468746], [126.86754253, 37.52464338]]]}, "properties": {"name": "일부", "status": "full", "capacity": 1, "active": 1, "industry": "종합 소매", "vacancy_rate": 0.0, "vacancy_rate_lo": 0.0, "vacancy_rate_hi": 0.0, "stores": 3, "source": "stores+ledger", "capacity_method": "floor_ouln", "active_pip": 0, "licensed": 0, "com_floors": [1], "occ_floors": [1], "unknown_n": 0, "id": "1147010200104080064-1", "pnu": "1147010200104080064", "floors": 4, "height": 0.0}}, {"type": "Feature", "geometry": {"type": "Polygon", "coordinates": [[[126.87066911, 37.5255739], [126.87063958, 37.52545489], [126.87001531, 37.52555319], [126.87, 37.5255709], [126.86996706, 37.52560903], [126.86998636, 37.52568182], [126.87000001, 37.52567966], [126.87066911, 37.5255739]]]}, "properties": {"name": "트라팰리스웨스턴에비뉴", "status": "full", "capacity": 34, "active": 34, "industry": "의원", "vacancy_rate": 0.0, "vacancy_rate_lo": null, "vacancy_rate_hi": null, "stores": 34, "source": "stores+ledger", "capacity_method": "expos_units", "active_pip": 0, "licensed": 0, "com_floors": null, "occ_floors": null, "unknown_n": null, "id": "1147010200109620000-1", "pnu": "1147010200109620000", "floors": 0, "height": 0.0}}, {"type": "Feature", "geometry": {"type": "Polygon", "coordinates": [[[126.86901693, 37.52471794], [126.86899972, 37.5246571], [126.86895569, 37.5246655], [126.86897343, 37.52472634], [126.86901693, 37.52471794]]]}, "properties": {"name": "진도아파트", "status": "full", "capacity": 2, "active": 2, "industry": "스포츠 서비스", "vacancy_rate": 0.0, "vacancy_rate_lo": null, "vacancy_rate_hi": null, "stores": 2, "source": "stores+ledger", "capacity_method": "expos_units", "active_pip": 0, "licensed": 0, "com_floors": null, "occ_floors": null, "unknown_n": null, "id": "1147010200109350000-6", "pnu": "1147010200109350000", "floors": 0, "height": 0.0}}, {"type": "Feature", "geometry": {"type": "Polygon", "coordinates": [[[126.86761455, 37.52519391], [126.86763314, 37.52518408], [126.86764054, 37.52519198], [126.86770549, 37.52515206], [126.86770038, 37.52514361], [126.86771171, 37.52513629], [126.867702, 37.52512417], [126.86770803, 37.52511968], [126.86767503, 37.52508867], [126.86757362, 37.52515108], [126.86761455, 37.52519391]]]}, "properties": {"name": "목동 408-49", "status": "full", "capacity": 1, "active": 1, "industry": "자동차 수리·세차", "vacancy_rate": 0.0, "vacancy_rate_lo": 0.0, "vacancy_rate_hi": 0.0, "stores": 1, "source": "stores+ledger", "capacity_method": "floor_ouln", "active_pip": 0, "licensed": 0, "com_floors": [1], "occ_floors": [1], "unknown_n": 0, "id": "1147010200104080049-1", "pnu": "1147010200104080049", "floors": 4, "height": 0.0}}, {"type": "Feature", "geometry": {"type": "Polygon", "coordinates": [[[126.86781527, 37.52454458], [126.86779526, 37.52446628], [126.8677553, 37.52447243], [126.8677574, 37.52448257], [126.86771903, 37.52449013], [126.86771919, 37.52450026], [126.86768471, 37.52450529], [126.86769946, 37.52456528], [126.86781527, 37.52454458]]]}, "properties": {"name": "목동 408-58", "status": "full", "capacity": 1, "active": 1, "industry": "비알코올 ", "vacancy_rate": 0.0, "vacancy_rate_lo": 0.0, "vacancy_rate_hi": 0.0, "stores": 1, "source": "stores+ledger", "capacity_method": "floor_ouln", "active_pip": 0, "licensed": 0, "com_floors": [1], "occ_floors": [1], "unknown_n": 0, "id": "1147010200104080058-1", "pnu": "1147010200104080058", "floors": 4, "height": 12.0}}, {"type": "Feature", "geometry": {"type": "Polygon", "coordinates": [[[126.87028792, 37.52605925], [126.87039764, 37.52604197], [126.87039895, 37.52604723], [126.87041074, 37.52604474], [126.87040856, 37.52603817], [126.87041634, 37.52603606], [126.87040053, 37.52597773], [126.87051625, 37.52584836], [126.87053213, 37.52584581], [126.87052639, 37.52582634], [126.87051479, 37.52582708], [126.87036594, 37.52574976], [126.87037049, 37.52574421], [126.87025231, 37.5256799], [126.87016875, 37.52577929], [126.87017393, 37.5257826], [126.87007743, 37.52590159], [126.87006483, 37.5259044], [126.87007121, 37.52592458], [126.87009125, 37.52592308], [126.87018374, 37.52597346], [126.87019023, 37.52596762], [126.87025384, 37.52600213], [126.87027046, 37.52605185], [126.87026701, 37.52605305], [126.87026938, 37.52605986], [126.87027509, 37.52605918], [126.87027697, 37.52606509], [126.8702896, 37.52606353], [126.87028792, 37.52605925]]]}, "properties": {"name": "트라팰리스웨스턴에비뉴", "status": "full", "capacity": 34, "active": 34, "industry": "의원", "vacancy_rate": 0.0, "vacancy_rate_lo": null, "vacancy_rate_hi": null, "stores": 34, "source": "stores+ledger", "capacity_method": "expos_units", "active_pip": 0, "licensed": 0, "com_floors": null, "occ_floors": null, "unknown_n": null, "id": "1147010200109620000-2", "pnu": "1147010200109620000", "floors": 0, "height": 0.0}}, {"type": "Feature", "geometry": {"type": "Polygon", "coordinates": [[[126.86929336, 37.5242365], [126.86927266, 37.52414046], [126.86925675, 37.52414213], [126.86916969, 37.52418933], [126.86923637, 37.52426994], [126.86929336, 37.5242365]]]}, "properties": {"name": "중간상가", "status": "full", "capacity": 2, "active": 2, "industry": "기타 간이", "vacancy_rate": 0.0, "vacancy_rate_lo": 0.0, "vacancy_rate_hi": 0.0, "stores": 3, "source": "stores+ledger", "capacity_method": "floor_ouln", "active_pip": 0, "licensed": 0, "com_floors": [1, 2], "occ_floors": [1, 2], "unknown_n": 0, "id": "1147010200104080259-1", "pnu": "1147010200104080259", "floors": 2, "height": 7.1}}, {"type": "Feature", "geometry": {"type": "Polygon", "coordinates": [[[126.86719209, 37.52497534], [126.86721858, 37.52496322], [126.86720055, 37.52493822], [126.8671735, 37.52490072], [126.86717252, 37.52490117], [126.86715593, 37.52487462], [126.86714597, 37.52487918], [126.86705584, 37.52477597], [126.86697734, 37.52481184], [126.86699864, 37.52484573], [126.86700847, 37.52484124], [126.86702368, 37.52486546], [126.86703351, 37.52486096], [126.86705176, 37.52489002], [126.86706159, 37.52488553], [126.86707833, 37.52491216], [126.86708816, 37.52490767], [126.86710338, 37.52493188], [126.86711413, 37.52492696], [126.8671293, 37.52494796], [126.8671391, 37.52494347], [126.86715262, 37.52496221], [126.8671639, 37.52495705], [126.86717628, 37.52495161], [126.86719209, 37.52497534]]]}, "properties": {"name": "외부계단", "status": "partial", "capacity": 4, "active": 3, "industry": "기타 교육", "vacancy_rate": 25.0, "vacancy_rate_lo": 25.0, "vacancy_rate_hi": 25.0, "stores": 6, "source": "stores+ledger", "capacity_method": "floor_ouln", "active_pip": 0, "licensed": 0, "com_floors": [1, 2, 3, 5], "occ_floors": [1, 2, 3], "unknown_n": 0, "id": "1147010200104080076-1", "pnu": "1147010200104080076", "floors": 5, "height": 14.0}}, {"type": "Feature", "geometry": {"type": "Polygon", "coordinates": [[[126.86977303, 37.52212446], [126.86974426, 37.52199773], [126.86973684, 37.52199828], [126.86972527, 37.52194561], [126.86965013, 37.52195623], [126.86966206, 37.5220089], [126.86951831, 37.52203042], [126.86956321, 37.52222756], [126.86971314, 37.52220576], [126.86972482, 37.52220212], [126.86973861, 37.52219593], [126.86974782, 37.5221892], [126.86975613, 37.52218216], [126.86976198, 37.52217485], [126.86976659, 37.52216697], [126.86977067, 37.52215712], [126.86977264, 37.52214529], [126.86977318, 37.52213544], [126.86977303, 37.52212446]]]}, "properties": {"name": "신정동 318-3", "status": "empty", "capacity": 6, "active": 0, "industry": "", "vacancy_rate": 100.0, "source": "polygon_only", "capacity_method": "floor_approx", "active_pip": 0, "licensed": 0, "id": "1147010100103180003-1", "pnu": "1147010100103180003", "floors": 6, "height": 25.9}}, {"type": "Feature", "geometry": {"type": "Polygon", "coordinates": [[[126.86974241, 37.52621836], [126.86970152, 37.52604486], [126.86967447, 37.52604511], [126.86965555, 37.52604706], [126.86963486, 37.5260538], [126.86967999, 37.52622842], [126.86974241, 37.52621836]]]}, "properties": {"name": "목동성원", "status": "full", "capacity": 2, "active": 2, "industry": "이용·미용", "vacancy_rate": 0.0, "vacancy_rate_lo": null, "vacancy_rate_hi": null, "stores": 2, "source": "stores+ledger", "capacity_method": "expos_units", "active_pip": 0, "licensed": 0, "com_floors": null, "occ_floors": null, "unknown_n": null, "id": "1147010200109260008-1", "pnu": "1147010200109260008", "floors": 3, "height": 11.55}}, {"type": "Feature", "geometry": {"type": "Polygon", "coordinates": [[[126.85929156, 37.53013572], [126.85921838, 37.53012707], [126.85921724, 37.53013518], [126.85918998, 37.53013136], [126.85917845, 37.53018397], [126.85919316, 37.53018597], [126.85918756, 37.53021146], [126.85930825, 37.53022485], [126.85931391, 37.53016503], [126.85931302, 37.53015647], [126.85931009, 37.5301498], [126.85930524, 37.53014457], [126.85929156, 37.53013572]]]}, "properties": {"name": "화곡동 842-3", "status": "empty", "capacity": 4, "active": 0, "industry": "", "vacancy_rate": 100.0, "source": "polygon_only", "capacity_method": "floor_approx", "active_pip": 0, "licensed": 0, "id": "1150010300108420003-1", "pnu": "1150010300108420003", "floors": 4, "height": 13.1}}, {"type": "Feature", "geometry": {"type": "Polygon", "coordinates": [[[126.85998332, 37.526982], [126.8599843, 37.52698194], [126.85998525, 37.52698173], [126.85998615, 37.5269814], [126.85998696, 37.52698095], [126.85998766, 37.5269804], [126.85998822, 37.52697975], [126.85998864, 37.52697904], [126.8599889, 37.52697829], [126.85998898, 37.5269775], [126.85998891, 37.52697672], [126.85998865, 37.52697596], [126.85998823, 37.52697525], [126.85998767, 37.52697461], [126.85998698, 37.52697405], [126.85998616, 37.5269736], [126.85998527, 37.52697326], [126.85998432, 37.52697306], [126.85998334, 37.52697299], [126.85998236, 37.52697306], [126.8599814, 37.52697326], [126.85998051, 37.52697359], [126.8599797, 37.52697404], [126.859979, 37.5269746], [126.85997843, 37.52697524], [126.85997802, 37.52697595], [126.85997776, 37.52697671], [126.85997767, 37.52697749], [126.85997776, 37.52697827], [126.85997802, 37.52697903], [126.85997842, 37.52697974], [126.85997899, 37.52698039], [126.85997969, 37.52698094], [126.85998049, 37.52698139], [126.85998139, 37.52698173], [126.85998235, 37.52698194], [126.85998332, 37.526982]]]}, "properties": {"name": "신정동 885-11", "status": "partial", "capacity": 4, "active": 2, "industry": "한식", "vacancy_rate": 50.0, "vacancy_rate_lo": null, "vacancy_rate_hi": null, "stores": 2, "source": "stores+ledger", "capacity_method": "expos_units", "active_pip": 0, "licensed": 0, "com_floors": null, "occ_floors": null, "unknown_n": null, "id": "1147010100108850011-1", "pnu": "1147010100108850011", "floors": 2, "height": 0.0}}, {"type": "Feature", "geometry": {"type": "Polygon", "coordinates": [[[126.86195902, 37.52636972], [126.86192887, 37.52623538], [126.86180723, 37.5262527], [126.86180248, 37.52623721], [126.86174961, 37.52624475], [126.86178575, 37.52639542], [126.86195902, 37.52636972]]]}, "properties": {"name": "신정동 902-2", "status": "full", "capacity": 3, "active": 3, "industry": "유원지·오락", "vacancy_rate": 0.0, "vacancy_rate_lo": 0.0, "vacancy_rate_hi": 0.0, "stores": 3, "source": "stores+ledger", "capacity_method": "floor_ouln", "active_pip": 0, "licensed": 0, "com_floors": [1, 2, 3], "occ_floors": [1, 2, 3], "unknown_n": 0, "id": "1147010100109020002-1", "pnu": "1147010100109020002", "floors": 4, "height": 0.0}}, {"type": "Feature", "geometry": {"type": "Polygon", "coordinates": [[[126.85952511, 37.52676666], [126.85948744, 37.52659374], [126.85942431, 37.52660126], [126.85940716, 37.52651256], [126.85923777, 37.52653742], [126.85925491, 37.52663993], [126.85920752, 37.5266455], [126.8592385, 37.52680631], [126.85952511, 37.52676666]]]}, "properties": {"name": "해풍", "status": "partial", "capacity": 6, "active": 4, "industry": "한식", "vacancy_rate": 33.3, "vacancy_rate_lo": null, "vacancy_rate_hi": null, "stores": 4, "source": "stores+ledger", "capacity_method": "expos_units", "active_pip": 0, "licensed": 0, "com_floors": null, "occ_floors": null, "unknown_n": null, "id": "1147010100109050002-1", "pnu": "1147010100109050002", "floors": 10, "height": 25.7}}, {"type": "Feature", "geometry": {"type": "Polygon", "coordinates": [[[126.86114195, 37.52726385], [126.8611174, 37.52715205], [126.86101238, 37.52716684], [126.86101361, 37.52717332], [126.86098355, 37.52717722], [126.86100705, 37.52727946], [126.86114195, 37.52726385]]]}, "properties": {"name": "신정동 889-17", "status": "high", "capacity": 3, "active": 1, "industry": "오락용품 소매", "vacancy_rate": 66.7, "vacancy_rate_lo": 66.7, "vacancy_rate_hi": 100.0, "stores": 1, "source": "stores+ledger", "capacity_method": "floor_ouln", "active_pip": 0, "licensed": 0, "com_floors": [1, 2, 3], "occ_floors": [], "unknown_n": 1, "id": "1147010100108890017-1", "pnu": "1147010100108890017", "floors": 4, "height": 0.0}}, {"type": "Feature", "geometry": {"type": "Polygon", "coordinates": [[[126.86398799, 37.52720917], [126.86383528, 37.5272011], [126.86382134, 37.52737847], [126.86397282, 37.5273854], [126.86398799, 37.52720917]]]}, "properties": {"name": "평화빌딩", "status": "full", "capacity": 7, "active": 7, "industry": "의원", "vacancy_rate": 0.0, "vacancy_rate_lo": null, "vacancy_rate_hi": null, "stores": 7, "source": "stores+ledger", "capacity_method": "expos_units", "active_pip": 0, "licensed": 0, "com_floors": null, "occ_floors": null, "unknown_n": null, "id": "1147010100109000020-1", "pnu": "1147010100109000020", "floors": 5, "height": 18.6}}, {"type": "Feature", "geometry": {"type": "Polygon", "coordinates": [[[126.86161723, 37.52626495], [126.86161413, 37.52625165], [126.8615296, 37.52626415], [126.86157066, 37.52644043], [126.86176754, 37.52641135], [126.86172564, 37.52623151], [126.86167338, 37.52623923], [126.86167729, 37.52625607], [126.86161723, 37.52626495]]]}, "properties": {"name": "신정동 902-1", "status": "full", "capacity": 4, "active": 4, "industry": "주점", "vacancy_rate": 0.0, "vacancy_rate_lo": 0.0, "vacancy_rate_hi": 75.0, "stores": 4, "source": "stores+ledger", "capacity_method": "floor_ouln", "active_pip": 0, "licensed": 0, "com_floors": [1, 2, 3, 4], "occ_floors": [1], "unknown_n": 3, "id": "1147010100109020001-1", "pnu": "1147010100109020001", "floors": 4, "height": 13.3}}, {"type": "Feature", "geometry": {"type": "Polygon", "coordinates": [[[126.86246546, 37.52780657], [126.86244392, 37.52769813], [126.86233625, 37.52771377], [126.86235782, 37.52780644], [126.86236482, 37.52783769], [126.86239361, 37.52785266], [126.8624723, 37.52784149], [126.86246546, 37.52780657]]]}, "properties": {"name": "신정동 890-11", "status": "high", "capacity": 3, "active": 1, "industry": "기타 교육", "vacancy_rate": 66.7, "vacancy_rate_lo": 66.7, "vacancy_rate_hi": 66.7, "stores": 2, "source": "stores+ledger", "capacity_method": "floor_ouln", "active_pip": 0, "licensed": 0, "com_floors": [1, 2, 5], "occ_floors": [1], "unknown_n": 0, "id": "1147010100108900011-1", "pnu": "1147010100108900011", "floors": 5, "height": 14.4}}, {"type": "Feature", "geometry": {"type": "Polygon", "coordinates": [[[126.8614126, 37.52639357], [126.86140752, 37.52636964], [126.86138366, 37.52636933], [126.8613905, 37.52639721], [126.8614126, 37.52639357]]]}, "properties": {"name": "덕남빌딩", "status": "full", "capacity": 6, "active": 6, "industry": "한식", "vacancy_rate": 0.0, "vacancy_rate_lo": 0.0, "vacancy_rate_hi": 16.7, "stores": 9, "source": "stores+ledger", "capacity_method": "floor_ouln", "active_pip": 0, "licensed": 0, "com_floors": [1, 2, 3, 4, 5, 6], "occ_floors": [1, 2, 3, 4, 6], "unknown_n": 1, "id": "1147010100109040008-1", "pnu": "1147010100109040008", "floors": 0, "height": 0.0}}, {"type": "Feature", "geometry": {"type": "Polygon", "coordinates": [[[126.86218444, 37.52788198], [126.86216813, 37.52781439], [126.86212181, 37.52781912], [126.86212163, 37.52781489], [126.86204826, 37.52782354], [126.86206353, 37.52788944], [126.86208366, 37.52789735], [126.86218444, 37.52788198]]]}, "properties": {"name": "신정동 890-8", "status": "empty", "capacity": 3, "active": 0, "industry": "", "vacancy_rate": 100.0, "source": "polygon_only", "capacity_method": "floor_approx", "active_pip": 0, "licensed": 0, "id": "1147010100108900008-1", "pnu": "1147010100108900008", "floors": 3, "height": 0.0}}, {"type": "Feature", "geometry": {"type": "Polygon", "coordinates": [[[126.86258522, 37.5281519], [126.86257907, 37.52812964], [126.86250393, 37.52813717], [126.86250742, 37.52816335], [126.86258522, 37.5281519]]]}, "properties": {"name": "신정동 895-25", "status": "full", "capacity": 1, "active": 1, "industry": "주점", "vacancy_rate": 0.0, "vacancy_rate_lo": 0.0, "vacancy_rate_hi": 0.0, "stores": 2, "source": "stores+ledger", "capacity_method": "floor_ouln", "active_pip": 0, "licensed": 0, "com_floors": [1], "occ_floors": [1], "unknown_n": 0, "id": "1147010100108950025-1", "pnu": "1147010100108950025", "floors": 0, "height": 0.0}}, {"type": "Feature", "geometry": {"type": "Polygon", "coordinates": [[[126.862557, 37.52628144], [126.86252859, 37.5261595], [126.86249217, 37.52616339], [126.86249374, 37.52617466], [126.86232471, 37.52619952], [126.86235049, 37.5263102], [126.862557, 37.52628144]]]}, "properties": {"name": "좌측일부", "status": "full", "capacity": 4, "active": 4, "industry": "주점", "vacancy_rate": 0.0, "vacancy_rate_lo": 0.0, "vacancy_rate_hi": 0.0, "stores": 6, "source": "stores+ledger", "capacity_method": "floor_ouln", "active_pip": 0, "licensed": 0, "com_floors": [1, 2, 3, 4], "occ_floors": [1, 2, 3, 4], "unknown_n": 0, "id": "1147010100109020005-1", "pnu": "1147010100109020005", "floors": 4, "height": 0.0}}, {"type": "Feature", "geometry": {"type": "Polygon", "coordinates": [[[126.86026069, 37.52654286], [126.86016327, 37.52655935], [126.86019293, 37.52667623], [126.86043129, 37.52663541], [126.86039773, 37.52651993], [126.86026069, 37.52654286]]]}, "properties": {"name": "신정동 904-1", "status": "full", "capacity": 2, "active": 2, "industry": "유원지·오락", "vacancy_rate": 0.0, "vacancy_rate_lo": 0.0, "vacancy_rate_hi": 0.0, "stores": 4, "source": "stores+ledger", "capacity_method": "floor_ouln", "active_pip": 0, "licensed": 0, "com_floors": [1, 3], "occ_floors": [1, 3], "unknown_n": 0, "id": "1147010100109040001-1", "pnu": "1147010100109040001", "floors": 3, "height": 10.5}}, {"type": "Feature", "geometry": {"type": "Polygon", "coordinates": [[[126.86102116, 37.52805237], [126.86100839, 37.52798647], [126.86088408, 37.52800265], [126.86088654, 37.52801336], [126.8608678, 37.52801643], [126.86088271, 37.52807558], [126.86092577, 37.52811449], [126.86100945, 37.52807995], [126.86101528, 37.52807489], [126.86101919, 37.52806785], [126.86102098, 37.52806025], [126.86102116, 37.52805237]]]}, "properties": {"name": "신정동 891-23", "status": "empty", "capacity": 4, "active": 0, "industry": "", "vacancy_rate": 100.0, "source": "polygon_only", "capacity_method": "floor_approx", "active_pip": 0, "licensed": 0, "id": "1147010100108910023-1", "pnu": "1147010100108910023", "floors": 4, "height": 12.4}}, {"type": "Feature", "geometry": {"type": "Polygon", "coordinates": [[[126.86318684, 37.52771364], [126.86317703, 37.52766942], [126.8630713, 37.52768028], [126.86308568, 37.52774422], [126.86316984, 37.52773136], [126.86318684, 37.52771364]]]}, "properties": {"name": "신정동 890-14", "status": "partial", "capacity": 2, "active": 1, "industry": "한식", "vacancy_rate": 50.0, "vacancy_rate_lo": 50.0, "vacancy_rate_hi": 50.0, "stores": 1, "source": "stores+ledger", "capacity_method": "floor_ouln", "active_pip": 0, "licensed": 0, "com_floors": [1, 2], "occ_floors": [1], "unknown_n": 0, "id": "1147010100108900014-1", "pnu": "1147010100108900014", "floors": 3, "height": 0.0}}, {"type": "Feature", "geometry": {"type": "Polygon", "coordinates": [[[126.86324345, 37.52721027], [126.86322858, 37.52712523], [126.86311825, 37.52714059], [126.86312678, 37.52720901], [126.86313243, 37.52721606], [126.86314003, 37.52722001], [126.8631494, 37.52722143], [126.86324345, 37.52721027]]]}, "properties": {"name": "신정동 888-29", "status": "partial", "capacity": 3, "active": 2, "industry": "이용·미용", "vacancy_rate": 33.3, "vacancy_rate_lo": 33.3, "vacancy_rate_hi": 33.3, "stores": 2, "source": "stores+ledger", "capacity_method": "floor_ouln", "active_pip": 0, "licensed": 0, "com_floors": [1, 2, 3], "occ_floors": [1, 3], "unknown_n": 0, "id": "1147010100108880029-1", "pnu": "1147010100108880029", "floors": 4, "height": 13.8}}, {"type": "Feature", "geometry": {"type": "Polygon", "coordinates": [[[126.8622963, 37.52780665], [126.86229262, 37.52779116], [126.86217981, 37.52780624], [126.86219947, 37.52788143], [126.86229, 37.52786774], [126.86230592, 37.52785988], [126.86230525, 37.52784271], [126.8622963, 37.52780665]]]}, "properties": {"name": "신정동 890-9", "status": "partial", "capacity": 2, "active": 1, "industry": "섬유·의복·신발 소매", "vacancy_rate": 50.0, "vacancy_rate_lo": 50.0, "vacancy_rate_hi": 100.0, "stores": 1, "source": "stores+ledger", "capacity_method": "floor_ouln", "active_pip": 0, "licensed": 0, "com_floors": [1, 2], "occ_floors": [], "unknown_n": 1, "id": "1147010100108900009-1", "pnu": "1147010100108900009", "floors": 3, "height": 9.0}}, {"type": "Feature", "geometry": {"type": "Polygon", "coordinates": [[[126.86209944, 37.52681813], [126.86209523, 37.52679955], [126.86208391, 37.52680066], [126.86207618, 37.5267739], [126.8619579, 37.52678868], [126.86196825, 37.52683346], [126.86209944, 37.52681813]]]}, "properties": {"name": "신정동 887-11", "status": "full", "capacity": 1, "active": 1, "industry": "주점", "vacancy_rate": 0.0, "vacancy_rate_lo": 0.0, "vacancy_rate_hi": 100.0, "stores": 1, "source": "stores+ledger", "capacity_method": "floor_ouln", "active_pip": 0, "licensed": 0, "com_floors": [1], "occ_floors": [], "unknown_n": 1, "id": "1147010100108870011-1", "pnu": "1147010100108870011", "floors": 0, "height": 0.0}}, {"type": "Feature", "geometry": {"type": "Polygon", "coordinates": [[[126.86337934, 37.52742892], [126.8633732, 37.52740133], [126.86319551, 37.5274242], [126.8632118, 37.52750672], [126.86338242, 37.52748468], [126.86337155, 37.52743089], [126.86337934, 37.52742892]]]}, "properties": {"name": "신정동 890-18", "status": "full", "capacity": 2, "active": 2, "industry": "섬유·의복·신발 소매", "vacancy_rate": 0.0, "vacancy_rate_lo": 0.0, "vacancy_rate_hi": 0.0, "stores": 3, "source": "stores+ledger", "capacity_method": "floor_ouln", "active_pip": 0, "licensed": 0, "com_floors": [1, 2], "occ_floors": [1, 2], "unknown_n": 0, "id": "1147010100108900018-1", "pnu": "1147010100108900018", "floors": 4, "height": 12.65}}, {"type": "Feature", "geometry": {"type": "Polygon", "coordinates": [[[126.8609394, 37.5284001], [126.86105702, 37.52840679], [126.86105964, 37.52837815], [126.86117881, 37.52838402], [126.86118168, 37.52832608], [126.86111902, 37.52831947], [126.86112561, 37.52825905], [126.86098276, 37.52832761], [126.86093921, 37.52837293], [126.86093893, 37.52840039], [126.8609394, 37.5284001]]]}, "properties": {"name": "신정동 894-34", "status": "empty", "capacity": 4, "active": 0, "industry": "", "vacancy_rate": 100.0, "source": "polygon_only", "capacity_method": "floor_approx", "active_pip": 0, "licensed": 0, "id": "1147010100108940034-1", "pnu": "1147010100108940034", "floors": 4, "height": 12.1}}, {"type": "Feature", "geometry": {"type": "Polygon", "coordinates": [[[126.86267745, 37.52813939], [126.86283476, 37.52811646], [126.86281002, 37.52800783], [126.86267011, 37.52802939], [126.86265615, 37.528046], [126.86267745, 37.52813939]]]}, "properties": {"name": "신정동 895-21", "status": "full", "capacity": 3, "active": 3, "industry": "섬유·의복·신발 소매", "vacancy_rate": 0.0, "vacancy_rate_lo": 0.0, "vacancy_rate_hi": 33.3, "stores": 3, "source": "stores+ledger", "capacity_method": "floor_ouln", "active_pip": 0, "licensed": 0, "com_floors": [1, 2, 3], "occ_floors": [1, 3], "unknown_n": 1, "id": "1147010100108950021-1", "pnu": "1147010100108950021", "floors": 5, "height": 17.95}}, {"type": "Feature", "geometry": {"type": "Polygon", "coordinates": [[[126.86184295, 37.52693179], [126.86196626, 37.52690987], [126.86194753, 37.52684131], [126.86182408, 37.52686269], [126.86184295, 37.52693179]]]}, "properties": {"name": "신정동 887-2", "status": "empty", "capacity": 1, "active": 0, "industry": "", "vacancy_rate": 100.0, "source": "polygon_only", "capacity_method": "floor_approx", "active_pip": 0, "licensed": 0, "id": "1147010100108870002-1", "pnu": "1147010100108870002", "floors": 1, "height": 4.8}}, {"type": "Feature", "geometry": {"type": "Polygon", "coordinates": [[[126.86061554, 37.52809677], [126.86058641, 37.52813144], [126.86059151, 37.52813423], [126.86057937, 37.5281477], [126.86061465, 37.52816763], [126.86060109, 37.52818365], [126.86062316, 37.52819544], [126.86061357, 37.52820658], [126.86071769, 37.52826345], [126.86076893, 37.52820185], [126.86072757, 37.52815906], [126.86061554, 37.52809677]]]}, "properties": {"name": "명칭없음", "status": "full", "capacity": 1, "active": 1, "industry": "섬유·의복·신발 소매", "vacancy_rate": 0.0, "vacancy_rate_lo": null, "vacancy_rate_hi": null, "stores": 1, "source": "stores+ledger", "capacity_method": "expos_units", "active_pip": 0, "licensed": 0, "com_floors": null, "occ_floors": null, "unknown_n": null, "id": "1147010100108910014-1", "pnu": "1147010100108910014", "floors": 6, "height": 23.8}}, {"type": "Feature", "geometry": {"type": "Polygon", "coordinates": [[[126.86369682, 37.52794282], [126.86379655, 37.52794872], [126.86378575, 37.52806022], [126.86390117, 37.52806654], [126.86392161, 37.5278447], [126.86370325, 37.52787698], [126.86369682, 37.52794282]]]}, "properties": {"name": "서연빌딩", "status": "partial", "capacity": 13, "active": 8, "industry": "유원지·오락", "vacancy_rate": 38.5, "vacancy_rate_lo": null, "vacancy_rate_hi": null, "stores": 8, "source": "stores+ledger", "capacity_method": "expos_units", "active_pip": 0, "licensed": 0, "com_floors": null, "occ_floors": null, "unknown_n": null, "id": "1147010100108990005-1", "pnu": "1147010100108990005", "floors": 3, "height": 9.9}}, {"type": "Feature", "geometry": {"type": "Polygon", "coordinates": [[[126.86337906, 37.52701766], [126.86343086, 37.52701893], [126.86344027, 37.52686968], [126.86336562, 37.52686717], [126.86336015, 37.52693816], [126.86337006, 37.52693756], [126.86336924, 37.52696486], [126.86338067, 37.52696548], [126.86337906, 37.52701766]]]}, "properties": {"name": "신정동 888-44", "status": "full", "capacity": 2, "active": 2, "industry": "이용·미용", "vacancy_rate": 0.0, "vacancy_rate_lo": 0.0, "vacancy_rate_hi": 0.0, "stores": 4, "source": "stores+ledger", "capacity_method": "floor_ouln", "active_pip": 0, "licensed": 0, "com_floors": [1, 2], "occ_floors": [1, 2], "unknown_n": 0, "id": "1147010100108880044-1", "pnu": "1147010100108880044", "floors": 4, "height": 13.0}}, {"type": "Feature", "geometry": {"type": "Polygon", "coordinates": [[[126.86239211, 37.52740292], [126.86241878, 37.527517], [126.86252034, 37.52750394], [126.86252611, 37.52750997], [126.86260085, 37.52749649], [126.8625813, 37.52742841], [126.86274051, 37.52740727], [126.86272536, 37.5273641], [126.86239211, 37.52740292]]]}, "properties": {"name": "신정동 890-27", "status": "partial", "capacity": 2, "active": 1, "industry": "오락용품 소매", "vacancy_rate": 50.0, "vacancy_rate_lo": 50.0, "vacancy_rate_hi": 100.0, "stores": 1, "source": "stores+ledger", "capacity_method": "floor_ouln", "active_pip": 0, "licensed": 0, "com_floors": [1, 2], "occ_floors": [], "unknown_n": 1, "id": "1147010100108900027-1", "pnu": "1147010100108900027", "floors": 5, "height": 14.8}}, {"type": "Feature", "geometry": {"type": "Polygon", "coordinates": [[[126.86214677, 37.52711453], [126.86214459, 37.52711585], [126.86202031, 37.52711704], [126.8620226, 37.52718728], [126.86214443, 37.52719069], [126.86214677, 37.52711453]]]}, "properties": {"name": "신정동 888-6", "status": "empty", "capacity": 6, "active": 0, "industry": "", "vacancy_rate": 100.0, "source": "polygon_only", "capacity_method": "floor_approx", "active_pip": 0, "licensed": 0, "id": "1147010100108880006-1", "pnu": "1147010100108880006", "floors": 6, "height": 17.9}}, {"type": "Feature", "geometry": {"type": "Polygon", "coordinates": [[[126.86139223, 37.52743291], [126.86164419, 37.52739625], [126.86161778, 37.52728309], [126.8615833, 37.52728991], [126.86153616, 37.52709046], [126.8614178, 37.52710695], [126.86146614, 37.52730577], [126.86148405, 37.52730342], [126.86148897, 37.52733115], [126.86137559, 37.52734527], [126.86139223, 37.52743291]]]}, "properties": {"name": "춘당아네시스", "status": "partial", "capacity": 12, "active": 7, "industry": "비알코올 ", "vacancy_rate": 41.7, "vacancy_rate_lo": null, "vacancy_rate_hi": null, "stores": 7, "source": "stores+ledger", "capacity_method": "expos_units", "active_pip": 0, "licensed": 0, "com_floors": null, "occ_floors": null, "unknown_n": null, "id": "1147010100108890015-1", "pnu": "1147010100108890015", "floors": 7, "height": 21.4}}, {"type": "Feature", "geometry": {"type": "Polygon", "coordinates": [[[126.86443148, 37.52809942], [126.86445135, 37.52786799], [126.8645323, 37.52787202], [126.8645386, 37.52780671], [126.86454113, 37.52778081], [126.86453866, 37.52777771], [126.86435087, 37.52780283], [126.86434929, 37.52780396], [126.8643491, 37.52780678], [126.86432561, 37.52809422], [126.86443148, 37.52809942]]]}, "properties": {"name": "화창상가", "status": "full", "capacity": 4, "active": 4, "industry": "의원", "vacancy_rate": 0.0, "vacancy_rate_lo": 0.0, "vacancy_rate_hi": 0.0, "stores": 11, "source": "stores+ledger", "capacity_method": "floor_ouln", "active_pip": 0, "licensed": 0, "com_floors": [1, 2, 3, 4], "occ_floors": [1, 2, 3, 4], "unknown_n": 0, "id": "1147010200108080007-1", "pnu": "1147010200108080007", "floors": 4, "height": 0.0}}, {"type": "Feature", "geometry": {"type": "Polygon", "coordinates": [[[126.86150491, 37.52780657], [126.86150104, 37.52779051], [126.86144623, 37.52779693], [126.86144659, 37.52780031], [126.86140662, 37.52780645], [126.8614131, 37.52784588], [126.86139894, 37.52784755], [126.86140543, 37.52788078], [126.86151841, 37.52786318], [126.86150491, 37.52780657]]]}, "properties": {"name": "신정동 891-37", "status": "empty", "capacity": 2, "active": 0, "industry": "", "vacancy_rate": 100.0, "source": "polygon_only", "capacity_method": "floor_approx", "active_pip": 0, "licensed": 0, "id": "1147010100108910037-1", "pnu": "1147010100108910037", "floors": 2, "height": 0.0}}, {"type": "Feature", "geometry": {"type": "Polygon", "coordinates": [[[126.86463791, 37.52851101], [126.86459549, 37.52850843], [126.86459278, 37.52854109], [126.86459171, 37.52854784], [126.86459435, 37.52855263], [126.86459912, 37.52855545], [126.86460741, 37.52855997], [126.86461307, 37.52856082], [126.86462368, 37.52855858], [126.86463235, 37.52855436], [126.86463466, 37.52854789], [126.86463791, 37.52851101]]]}, "properties": {"name": "대원칸타빌1차", "status": "full", "capacity": 3, "active": 3, "industry": "기타 상품 소매", "vacancy_rate": 0.0, "vacancy_rate_lo": null, "vacancy_rate_hi": null, "stores": 3, "source": "stores+ledger", "capacity_method": "expos_units", "active_pip": 0, "licensed": 0, "com_floors": null, "occ_floors": null, "unknown_n": null, "id": "1147010200108080005-1", "pnu": "1147010200108080005", "floors": 0, "height": 0.0}}, {"type": "Feature", "geometry": {"type": "Polygon", "coordinates": [[[126.86383586, 37.5282457], [126.86383693, 37.52824063], [126.86383923, 37.52824063], [126.86385082, 37.52808889], [126.86366823, 37.52807967], [126.86365486, 37.52823648], [126.86383586, 37.5282457]]]}, "properties": {"name": "신정동 899-6", "status": "full", "capacity": 2, "active": 2, "industry": "한식", "vacancy_rate": 0.0, "vacancy_rate_lo": 0.0, "vacancy_rate_hi": 50.0, "stores": 3, "source": "stores+ledger", "capacity_method": "floor_ouln", "active_pip": 0, "licensed": 0, "com_floors": [1, 2], "occ_floors": [1], "unknown_n": 1, "id": "1147010100108990006-1", "pnu": "1147010100108990006", "floors": 2, "height": 10.305}}, {"type": "Feature", "geometry": {"type": "Polygon", "coordinates": [[[126.86240258, 37.5274934], [126.86238772, 37.52740468], [126.86225794, 37.52742255], [126.86227758, 37.5275062], [126.86240258, 37.5274934]]]}, "properties": {"name": "신정동 890-29", "status": "full", "capacity": 1, "active": 1, "industry": "이용·미용", "vacancy_rate": 0.0, "vacancy_rate_lo": 0.0, "vacancy_rate_hi": 0.0, "stores": 4, "source": "stores+ledger", "capacity_method": "floor_ouln", "active_pip": 0, "licensed": 0, "com_floors": [1], "occ_floors": [1], "unknown_n": 0, "id": "1147010100108900029-1", "pnu": "1147010100108900029", "floors": 3, "height": 0.0}}, {"type": "Feature", "geometry": {"type": "Polygon", "coordinates": [[[126.86097387, 37.52896373], [126.86087826, 37.52895264], [126.86083795, 37.52914068], [126.86087518, 37.52917732], [126.86114895, 37.52921283], [126.861165, 37.52912951], [126.86094745, 37.52909914], [126.86097387, 37.52896373]]]}, "properties": {"name": "신정동 893-1", "status": "full", "capacity": 1, "active": 1, "industry": "자동차 수리·세차", "vacancy_rate": 0.0, "vacancy_rate_lo": 0.0, "vacancy_rate_hi": 0.0, "stores": 1, "source": "stores+ledger", "capacity_method": "floor_ouln", "active_pip": 0, "licensed": 0, "com_floors": [1], "occ_floors": [1], "unknown_n": 0, "id": "1147010100108930001-1", "pnu": "1147010100108930001", "floors": 1, "height": 5.0}}, {"type": "Feature", "geometry": {"type": "Polygon", "coordinates": [[[126.86195215, 37.52683682], [126.8619353, 37.52677655], [126.86185803, 37.52678744], [126.86185558, 37.52677533], [126.86180041, 37.52678399], [126.86181476, 37.5268575], [126.86195215, 37.52683682]]]}, "properties": {"name": "신정동 887-12", "status": "full", "capacity": 3, "active": 3, "industry": "한식", "vacancy_rate": 0.0, "vacancy_rate_lo": 0.0, "vacancy_rate_hi": 33.3, "stores": 4, "source": "stores+ledger", "capacity_method": "floor_ouln", "active_pip": 0, "licensed": 0, "com_floors": [1, 2, 3], "occ_floors": [2, 3], "unknown_n": 1, "id": "1147010100108870012-1", "pnu": "1147010100108870012", "floors": 0, "height": 0.0}}, {"type": "Feature", "geometry": {"type": "Polygon", "coordinates": [[[126.86250612, 37.52819123], [126.86247738, 37.5280597], [126.86235183, 37.52807814], [126.8623778, 37.52818995], [126.86245415, 37.52819933], [126.86250612, 37.52819123]]]}, "properties": {"name": "신정동 895-26", "status": "partial", "capacity": 3, "active": 2, "industry": "기타 교육", "vacancy_rate": 33.3, "vacancy_rate_lo": 33.3, "vacancy_rate_hi": 33.3, "stores": 2, "source": "stores+ledger", "capacity_method": "floor_ouln", "active_pip": 0, "licensed": 0, "com_floors": [1, 2, 4], "occ_floors": [2, 4], "unknown_n": 0, "id": "1147010100108950026-1", "pnu": "1147010100108950026", "floors": 6, "height": 18.2}}, {"type": "Feature", "geometry": {"type": "Polygon", "coordinates": [[[126.86362711, 37.52736501], [126.86363148, 37.5272904], [126.86352649, 37.52728408], [126.86352542, 37.52729844], [126.86351179, 37.52729815], [126.86350851, 37.52735839], [126.86362711, 37.52736501]]]}, "properties": {"name": "신정동 900-3", "status": "empty", "capacity": 2, "active": 0, "industry": "", "vacancy_rate": 100.0, "source": "polygon_only", "capacity_method": "floor_approx", "active_pip": 0, "licensed": 0, "id": "1147010100109000003-1", "pnu": "1147010100109000003", "floors": 2, "height": 0.0}}, {"type": "Feature", "geometry": {"type": "Polygon", "coordinates": [[[126.86100661, 37.52656457], [126.86097685, 37.52641306], [126.8609367, 37.52641807], [126.86093987, 37.52643103], [126.86083678, 37.52644611], [126.86083362, 37.52643006], [126.86080922, 37.52643369], [126.86084624, 37.52658915], [126.86100661, 37.52656457]]]}, "properties": {"name": "신정동 904-6", "status": "full", "capacity": 1, "active": 1, "industry": "한식", "vacancy_rate": 0.0, "vacancy_rate_lo": 0.0, "vacancy_rate_hi": 0.0, "stores": 1, "source": "stores+ledger", "capacity_method": "floor_ouln", "active_pip": 0, "licensed": 0, "com_floors": [1], "occ_floors": [1], "unknown_n": 0, "id": "1147010100109040006-1", "pnu": "1147010100109040006", "floors": 1, "height": 3.6}}, {"type": "Feature", "geometry": {"type": "Polygon", "coordinates": [[[126.86318988, 37.52882501], [126.86327594, 37.52882988], [126.86328376, 37.52874855], [126.86328836, 37.52874819], [126.8632903, 37.52872509], [126.86320128, 37.5287195], [126.8631991, 37.52874081], [126.86319696, 37.52874081], [126.86318988, 37.52882501]]]}, "properties": {"name": "신정동 896-8", "status": "full", "capacity": 1, "active": 1, "industry": "한식", "vacancy_rate": 0.0, "vacancy_rate_lo": 0.0, "vacancy_rate_hi": 0.0, "stores": 1, "source": "stores+ledger", "capacity_method": "floor_ouln", "active_pip": 0, "licensed": 0, "com_floors": [1], "occ_floors": [1], "unknown_n": 0, "id": "1147010100108960008-1", "pnu": "1147010100108960008", "floors": 4, "height": 11.7}}, {"type": "Feature", "geometry": {"type": "Polygon", "coordinates": [[[126.86207144, 37.52666099], [126.86205793, 37.52660692], [126.86198438, 37.52661471], [126.86199507, 37.52667019], [126.86207144, 37.52666099]]]}, "properties": {"name": "신정동 887-11", "status": "full", "capacity": 1, "active": 1, "industry": "주점", "vacancy_rate": 0.0, "vacancy_rate_lo": 0.0, "vacancy_rate_hi": 100.0, "stores": 1, "source": "stores+ledger", "capacity_method": "floor_ouln", "active_pip": 0, "licensed": 0, "com_floors": [1], "occ_floors": [], "unknown_n": 1, "id": "1147010100108870011-2", "pnu": "1147010100108870011", "floors": 0, "height": 0.0}}, {"type": "Feature", "geometry": {"type": "Polygon", "coordinates": [[[126.86053216, 37.52856621], [126.86049628, 37.52856532], [126.86047668, 37.52864329], [126.86059509, 37.52866089], [126.86060206, 37.52861641], [126.86053216, 37.52856621]]]}, "properties": {"name": "신정동 892-12", "status": "full", "capacity": 2, "active": 2, "industry": "섬유·의복·신발 소매", "vacancy_rate": 0.0, "vacancy_rate_lo": 0.0, "vacancy_rate_hi": 50.0, "stores": 1, "source": "stores+ledger", "capacity_method": "floor_ouln", "active_pip": 0, "licensed": 0, "com_floors": [1, 2], "occ_floors": [2], "unknown_n": 1, "id": "1147010100108920012-1", "pnu": "1147010100108920012", "floors": 4, "height": 0.0}}, {"type": "Feature", "geometry": {"type": "Polygon", "coordinates": [[[126.86355836, 37.52679265], [126.86400532, 37.52681913], [126.86402817, 37.5266049], [126.86372877, 37.52658403], [126.86372033, 37.52663594], [126.86365686, 37.52663097], [126.8636564, 37.52663658], [126.86357524, 37.52663234], [126.86355836, 37.52679265]]]}, "properties": {"name": "로데오빌딩", "status": "full", "capacity": 7, "active": 7, "industry": "의원", "vacancy_rate": 0.0, "vacancy_rate_lo": 0.0, "vacancy_rate_hi": 28.6, "stores": 12, "source": "stores+ledger", "capacity_method": "floor_ouln", "active_pip": 0, "licensed": 0, "com_floors": [1, 2, 3, 4, 5, 6, 7], "occ_floors": [1, 2, 4, 5, 7], "unknown_n": 2, "id": "1147010100109000010-1", "pnu": "1147010100109000010", "floors": 7, "height": 32.4}}, {"type": "Feature", "geometry": {"type": "Polygon", "coordinates": [[[126.86164204, 37.52842143], [126.86177059, 37.52840282], [126.86175774, 37.52834568], [126.86162908, 37.5283638], [126.86164204, 37.52842143]]]}, "properties": {"name": "신정동 894-28", "status": "empty", "capacity": 4, "active": 0, "industry": "", "vacancy_rate": 100.0, "source": "polygon_only", "capacity_method": "floor_approx", "active_pip": 0, "licensed": 0, "id": "1147010100108940028-1", "pnu": "1147010100108940028", "floors": 4, "height": 10.65}}, {"type": "Feature", "geometry": {"type": "Polygon", "coordinates": [[[126.86336033, 37.52806242], [126.86336034, 37.52805819], [126.86321482, 37.52807491], [126.86323392, 37.52816758], [126.8633538, 37.52815222], [126.86336033, 37.52806242]]]}, "properties": {"name": "신정동 895-47", "status": "full", "capacity": 2, "active": 2, "industry": "유원지·오락", "vacancy_rate": 0.0, "vacancy_rate_lo": 0.0, "vacancy_rate_hi": 0.0, "stores": 3, "source": "stores+ledger", "capacity_method": "floor_ouln", "active_pip": 0, "licensed": 0, "com_floors": [1, 2], "occ_floors": [1, 2], "unknown_n": 0, "id": "1147010100108950047-1", "pnu": "1147010100108950047", "floors": 4, "height": 12.9}}, {"type": "Feature", "geometry": {"type": "Polygon", "coordinates": [[[126.86207582, 37.52988979], [126.86189009, 37.52986479], [126.86187184, 37.52994946], [126.86205779, 37.529975], [126.86207582, 37.52988979]]]}, "properties": {"name": "화곡동 786-12", "status": "full", "capacity": 1, "active": 1, "industry": "오락용품 소매", "vacancy_rate": 0.0, "vacancy_rate_lo": 0.0, "vacancy_rate_hi": 100.0, "stores": 1, "source": "stores+ledger", "capacity_method": "floor_ouln", "active_pip": 0, "licensed": 0, "com_floors": [1], "occ_floors": [], "unknown_n": 1, "id": "1150010300107860012-1", "pnu": "1150010300107860012", "floors": 4, "height": 13.3}}, {"type": "Feature", "geometry": {"type": "Polygon", "coordinates": [[[126.86159604, 37.52987337], [126.86139811, 37.52984638], [126.86138668, 37.52990907], [126.86158314, 37.52993598], [126.86159604, 37.52987337]]]}, "properties": {"name": "화곡동 786-3", "status": "empty", "capacity": 2, "active": 0, "industry": "", "vacancy_rate": 100.0, "source": "polygon_only", "capacity_method": "floor_approx", "active_pip": 0, "licensed": 0, "id": "1150010300107860003-1", "pnu": "1150010300107860003", "floors": 2, "height": 7.8}}, {"type": "Feature", "geometry": {"type": "Polygon", "coordinates": [[[126.86164764, 37.52901042], [126.86122366, 37.52895839], [126.8612085, 37.5290313], [126.8612115, 37.5290344], [126.86162452, 37.52908416], [126.86162983, 37.52908304], [126.86164764, 37.52901042]]]}, "properties": {"name": "신정동 893-3", "status": "full", "capacity": 1, "active": 1, "industry": "자동차 수리·세차", "vacancy_rate": 0.0, "vacancy_rate_lo": 0.0, "vacancy_rate_hi": 0.0, "stores": 1, "source": "stores+ledger", "capacity_method": "floor_ouln", "active_pip": 0, "licensed": 0, "com_floors": [1], "occ_floors": [1], "unknown_n": 0, "id": "1147010100108930003-1", "pnu": "1147010100108930003", "floors": 3, "height": 10.1}}, {"type": "Feature", "geometry": {"type": "Polygon", "coordinates": [[[126.86118205, 37.52908814], [126.86120593, 37.52898089], [126.86121177, 37.5289809], [126.86121978, 37.52894909], [126.86106249, 37.52893258], [126.86105907, 37.5289627], [126.86110079, 37.52896782], [126.8610806, 37.52907676], [126.86118205, 37.52908814]]]}, "properties": {"name": "신정동 893-1", "status": "full", "capacity": 1, "active": 1, "industry": "자동차 수리·세차", "vacancy_rate": 0.0, "vacancy_rate_lo": 0.0, "vacancy_rate_hi": 0.0, "stores": 1, "source": "stores+ledger", "capacity_method": "floor_ouln", "active_pip": 0, "licensed": 0, "com_floors": [1], "occ_floors": [1], "unknown_n": 0, "id": "1147010100108930001-2", "pnu": "1147010100108930001", "floors": 1, "height": 4.2}}, {"type": "Feature", "geometry": {"type": "Polygon", "coordinates": [[[126.85943614, 37.53044584], [126.85933717, 37.53043148], [126.85931949, 37.53050876], [126.85935924, 37.53054801], [126.85944565, 37.53055919], [126.85946044, 37.53046037], [126.85943351, 37.53045773], [126.85943614, 37.53044584]]]}, "properties": {"name": "화곡동 790-9", "status": "full", "capacity": 1, "active": 1, "industry": "종합 소매", "vacancy_rate": 0.0, "vacancy_rate_lo": 0.0, "vacancy_rate_hi": 0.0, "stores": 1, "source": "stores+ledger", "capacity_method": "floor_ouln", "active_pip": 0, "licensed": 0, "com_floors": [1], "occ_floors": [1], "unknown_n": 0, "id": "1150010300107900009-1", "pnu": "1150010300107900009", "floors": 3, "height": 0.0}}, {"type": "Feature", "geometry": {"type": "Polygon", "coordinates": [[[126.859456, 37.52962703], [126.85945692, 37.52961928], [126.85948553, 37.52962256], [126.85950324, 37.52953428], [126.85947926, 37.52953146], [126.85948121, 37.5295175], [126.85927129, 37.52948877], [126.85924935, 37.52960075], [126.859456, 37.52962703]]]}, "properties": {"name": "화곡동 843-5", "status": "empty", "capacity": 2, "active": 0, "industry": "", "vacancy_rate": 100.0, "source": "polygon_only", "capacity_method": "floor_approx", "active_pip": 0, "licensed": 0, "id": "1150010300108430005-1", "pnu": "1150010300108430005", "floors": 2, "height": 8.5}}, {"type": "Feature", "geometry": {"type": "Polygon", "coordinates": [[[126.8631286, 37.53047126], [126.86299477, 37.53046479], [126.86298458, 37.53059822], [126.86311841, 37.53060468], [126.8631286, 37.53047126]]]}, "properties": {"name": "셀리베이", "status": "full", "capacity": 2, "active": 2, "industry": "주점", "vacancy_rate": 0.0, "vacancy_rate_lo": null, "vacancy_rate_hi": null, "stores": 2, "source": "stores+ledger", "capacity_method": "expos_units", "active_pip": 0, "licensed": 0, "com_floors": null, "occ_floors": null, "unknown_n": null, "id": "1150010300107830008-1", "pnu": "1150010300107830008", "floors": 5, "height": 18.8}}, {"type": "Feature", "geometry": {"type": "Polygon", "coordinates": [[[126.85917697, 37.53013189], [126.85906713, 37.53012211], [126.85905396, 37.53020706], [126.85916493, 37.53021693], [126.85917697, 37.53013189]]]}, "properties": {"name": "화곡동 842-4", "status": "empty", "capacity": 4, "active": 0, "industry": "", "vacancy_rate": 100.0, "source": "polygon_only", "capacity_method": "floor_approx", "active_pip": 0, "licensed": 0, "id": "1150010300108420004-1", "pnu": "1150010300108420004", "floors": 4, "height": 12.5}}, {"type": "Feature", "geometry": {"type": "Polygon", "coordinates": [[[126.85923974, 37.53050336], [126.85925744, 37.53041634], [126.85917418, 37.53040759], [126.85916595, 37.53045714], [126.85914106, 37.5304545], [126.85913111, 37.53051476], [126.85920814, 37.53052288], [126.85923974, 37.53050336]]]}, "properties": {"name": "화곡동 842-1", "status": "full", "capacity": 1, "active": 1, "industry": "기타 생활용품 소매", "vacancy_rate": 0.0, "vacancy_rate_lo": 0.0, "vacancy_rate_hi": 0.0, "stores": 1, "source": "stores+ledger", "capacity_method": "floor_ouln", "active_pip": 0, "licensed": 0, "com_floors": [1], "occ_floors": [1], "unknown_n": 0, "id": "1150010300108420001-1", "pnu": "1150010300108420001", "floors": 4, "height": 13.6}}, {"type": "Feature", "geometry": {"type": "Polygon", "coordinates": [[[126.86064596, 37.52986414], [126.86063905, 37.52986396], [126.86063363, 37.52986458], [126.86063102, 37.52986674], [126.86062853, 37.52986872], [126.86062682, 37.52987142], [126.86062545, 37.52987511], [126.86062444, 37.52987817], [126.86062408, 37.52988277], [126.86062352, 37.52988538], [126.86062884, 37.52988602], [126.86061135, 37.52998069], [126.86070851, 37.52999162], [126.86072932, 37.52987442], [126.86064596, 37.52986414]]]}, "properties": {"name": "화곡동 786-7", "status": "partial", "capacity": 2, "active": 1, "industry": "종합 소매", "vacancy_rate": 50.0, "vacancy_rate_lo": 50.0, "vacancy_rate_hi": 50.0, "stores": 2, "source": "stores+ledger", "capacity_method": "floor_ouln", "active_pip": 0, "licensed": 0, "com_floors": [1, 2], "occ_floors": [1], "unknown_n": 0, "id": "1150010300107860007-1", "pnu": "1150010300107860007", "floors": 5, "height": 12.9}}, {"type": "Feature", "geometry": {"type": "Polygon", "coordinates": [[[126.85990699, 37.5302152], [126.85979784, 37.53020119], [126.85976781, 37.5303492], [126.85987695, 37.53036337], [126.85990699, 37.5302152]]]}, "properties": {"name": "화곡동 790-24", "status": "partial", "capacity": 2, "active": 1, "industry": "자동차 수리·세차", "vacancy_rate": 50.0, "vacancy_rate_lo": 50.0, "vacancy_rate_hi": 100.0, "stores": 1, "source": "stores+ledger", "capacity_method": "floor_ouln", "active_pip": 0, "licensed": 0, "com_floors": [1, 2], "occ_floors": [], "unknown_n": 1, "id": "1150010300107900024-1", "pnu": "1150010300107900024", "floors": 2, "height": 4.5}}, {"type": "Feature", "geometry": {"type": "Polygon", "coordinates": [[[126.85917445, 37.52960051], [126.85898862, 37.52957818], [126.85898063, 37.52961817], [126.85890145, 37.52961123], [126.85890843, 37.52956988], [126.85872136, 37.52954344], [126.85873611, 37.52945552], [126.85919567, 37.52951032], [126.85920468, 37.52947112], [126.85848339, 37.52938629], [126.8584475, 37.52957447], [126.8591663, 37.52966453], [126.85917751, 37.52960093], [126.85917445, 37.52960051]]]}, "properties": {"name": "화곡동 843-6", "status": "partial", "capacity": 2, "active": 1, "industry": "가구 소매", "vacancy_rate": 50.0, "vacancy_rate_lo": 50.0, "vacancy_rate_hi": 50.0, "stores": 1, "source": "stores+ledger", "capacity_method": "floor_ouln", "active_pip": 0, "licensed": 0, "com_floors": [1, 2], "occ_floors": [1], "unknown_n": 0, "id": "1150010300108430006-1", "pnu": "1150010300108430006", "floors": 2, "height": 8.2}}, {"type": "Feature", "geometry": {"type": "Polygon", "coordinates": [[[126.8607364, 37.52984002], [126.86064398, 37.52982819], [126.86063737, 37.5298626], [126.86073012, 37.52987307], [126.8607364, 37.52984002]]]}, "properties": {"name": "화곡동 786-7", "status": "partial", "capacity": 2, "active": 1, "industry": "종합 소매", "vacancy_rate": 50.0, "vacancy_rate_lo": 50.0, "vacancy_rate_hi": 50.0, "stores": 2, "source": "stores+ledger", "capacity_method": "floor_ouln", "active_pip": 0, "licensed": 0, "com_floors": [1, 2], "occ_floors": [1], "unknown_n": 0, "id": "1150010300107860007-2", "pnu": "1150010300107860007", "floors": 0, "height": 0.0}}, {"type": "Feature", "geometry": {"type": "Polygon", "coordinates": [[[126.86137825, 37.52981671], [126.86121198, 37.52979633], [126.86119519, 37.52988317], [126.86136123, 37.52990391], [126.86137825, 37.52981671]]]}, "properties": {"name": "화곡동 786-4", "status": "empty", "capacity": 2, "active": 0, "industry": "", "vacancy_rate": 100.0, "source": "polygon_only", "capacity_method": "floor_approx", "active_pip": 0, "licensed": 0, "id": "1150010300107860004-1", "pnu": "1150010300107860004", "floors": 2, "height": 7.65}}, {"type": "Feature", "geometry": {"type": "Polygon", "coordinates": [[[126.86024678, 37.52988412], [126.8601487, 37.52982067], [126.86009398, 37.52986061], [126.86002357, 37.52988278], [126.85994393, 37.52988025], [126.85992417, 37.5299797], [126.86003537, 37.529981], [126.86015762, 37.52994601], [126.86024678, 37.52988412]]]}, "properties": {"name": "그린상가", "status": "full", "capacity": 1, "active": 1, "industry": "자동차 수리·세차", "vacancy_rate": 0.0, "vacancy_rate_lo": 0.0, "vacancy_rate_hi": 0.0, "stores": 1, "source": "stores+ledger", "capacity_method": "floor_ouln", "active_pip": 0, "licensed": 0, "com_floors": [1], "occ_floors": [1], "unknown_n": 0, "id": "1150010300108430001-1", "pnu": "1150010300108430001", "floors": 1, "height": 4.7}}, {"type": "Feature", "geometry": {"type": "Polygon", "coordinates": [[[126.85917445, 37.52960051], [126.85919294, 37.52951698], [126.85873973, 37.52946165], [126.85872633, 37.52954327], [126.85891295, 37.52956917], [126.85890597, 37.52961079], [126.85898006, 37.5296179], [126.85898806, 37.52957701], [126.85917445, 37.52960051]]]}, "properties": {"name": "화곡동 843-6", "status": "partial", "capacity": 2, "active": 1, "industry": "가구 소매", "vacancy_rate": 50.0, "vacancy_rate_lo": 50.0, "vacancy_rate_hi": 50.0, "stores": 1, "source": "stores+ledger", "capacity_method": "floor_ouln", "active_pip": 0, "licensed": 0, "com_floors": [1, 2], "occ_floors": [1], "unknown_n": 0, "id": "1150010300108430006-2", "pnu": "1150010300108430006", "floors": 0, "height": 0.0}}, {"type": "Feature", "geometry": {"type": "Polygon", "coordinates": [[[126.860349, 37.52973008], [126.86020875, 37.52971225], [126.86019242, 37.52979287], [126.86019833, 37.52979363], [126.86032663, 37.52981001], [126.86033278, 37.52981079], [126.860349, 37.52973008]]]}, "properties": {"name": "화곡동 843-2", "status": "empty", "capacity": 3, "active": 0, "industry": "", "vacancy_rate": 100.0, "source": "polygon_only", "capacity_method": "floor_approx", "active_pip": 0, "licensed": 0, "id": "1150010300108430002-1", "pnu": "1150010300108430002", "floors": 3, "height": 8.0}}, {"type": "Feature", "geometry": {"type": "Polygon", "coordinates": [[[126.86018956, 37.52968754], [126.86003177, 37.52967232], [126.86001692, 37.5297487], [126.86017369, 37.52976808], [126.86018956, 37.52968754]]]}, "properties": {"name": "화곡동 843-3", "status": "empty", "capacity": 2, "active": 0, "industry": "", "vacancy_rate": 100.0, "source": "polygon_only", "capacity_method": "floor_approx", "active_pip": 0, "licensed": 0, "id": "1150010300108430003-1", "pnu": "1150010300108430003", "floors": 2, "height": 7.5}}, {"type": "Feature", "geometry": {"type": "Polygon", "coordinates": [[[126.86226718, 37.52992245], [126.86214649, 37.52991393], [126.86213418, 37.53001996], [126.86225511, 37.53002884], [126.86226718, 37.52992245]]]}, "properties": {"name": "화곡동 785-12", "status": "full", "capacity": 1, "active": 1, "industry": "철물·건설자재 소매", "vacancy_rate": 0.0, "vacancy_rate_lo": 0.0, "vacancy_rate_hi": 100.0, "stores": 1, "source": "stores+ledger", "capacity_method": "floor_ouln", "active_pip": 0, "licensed": 0, "com_floors": [1], "occ_floors": [], "unknown_n": 1, "id": "1150010300107850012-1", "pnu": "1150010300107850012", "floors": 4, "height": 13.2}}, {"type": "Feature", "geometry": {"type": "Polygon", "coordinates": [[[126.85905675, 37.53010642], [126.85897181, 37.5300956], [126.85895545, 37.53019317], [126.85903575, 37.53020309], [126.85905675, 37.53010642]]]}, "properties": {"name": "화곡동 842-5", "status": "partial", "capacity": 2, "active": 1, "industry": "애완동물·용품 소매", "vacancy_rate": 50.0, "vacancy_rate_lo": 50.0, "vacancy_rate_hi": 50.0, "stores": 1, "source": "stores+ledger", "capacity_method": "floor_ouln", "active_pip": 0, "licensed": 0, "com_floors": [1, 2], "occ_floors": [2], "unknown_n": 0, "id": "1150010300108420005-1", "pnu": "1150010300108420005", "floors": 3, "height": 0.0}}, {"type": "Feature", "geometry": {"type": "Polygon", "coordinates": [[[126.86045161, 37.53021674], [126.86046364, 37.5301408], [126.86036364, 37.53013033], [126.86036181, 37.5301424], [126.86034937, 37.53014112], [126.86033895, 37.53020688], [126.86045161, 37.53021674]]]}, "properties": {"name": "화곡동 789-22", "status": "full", "capacity": 2, "active": 2, "industry": "기타 교육", "vacancy_rate": 0.0, "vacancy_rate_lo": 0.0, "vacancy_rate_hi": 50.0, "stores": 1, "source": "stores+ledger", "capacity_method": "floor_ouln", "active_pip": 0, "licensed": 0, "com_floors": [1, 2], "occ_floors": [2], "unknown_n": 1, "id": "1150010300107890022-1", "pnu": "1150010300107890022", "floors": 4, "height": 11.9}}, {"type": "Feature", "geometry": {"type": "Polygon", "coordinates": [[[126.86187366, 37.5304307], [126.86181779, 37.53042423], [126.86179986, 37.53051927], [126.86190392, 37.53053173], [126.86192059, 37.53044373], [126.86187319, 37.53043907], [126.86187366, 37.5304307]]]}, "properties": {"name": "화곡동 787-39", "status": "full", "capacity": 1, "active": 1, "industry": "", "vacancy_rate": 0.0, "source": "pip_only", "capacity_method": "floor_approx", "active_pip": 1, "licensed": 0, "id": "1150010300107870039-1", "pnu": "1150010300107870039", "floors": 1, "height": 0.0}}, {"type": "Feature", "geometry": {"type": "Polygon", "coordinates": [[[126.85951237, 37.53015274], [126.85951045, 37.53015085], [126.85950819, 37.53014959], [126.85950468, 37.53014904], [126.85949993, 37.53014895], [126.85949586, 37.53014984], [126.85949235, 37.5301511], [126.8594255, 37.53014453], [126.85939402, 37.53015873], [126.85937995, 37.53024061], [126.8594986, 37.530254], [126.8595221, 37.53015339], [126.85951237, 37.53015274]]]}, "properties": {"name": "화곡동 790-6", "status": "empty", "capacity": 4, "active": 0, "industry": "", "vacancy_rate": 100.0, "source": "polygon_only", "capacity_method": "floor_approx", "active_pip": 0, "licensed": 0, "id": "1150010300107900006-1", "pnu": "1150010300107900006", "floors": 4, "height": 12.2}}, {"type": "Feature", "geometry": {"type": "Polygon", "coordinates": [[[126.86205022, 37.53002842], [126.86196697, 37.53001949], [126.86196125, 37.53005309], [126.86196951, 37.530054], [126.86195056, 37.53014363], [126.86195712, 37.53014454], [126.86195688, 37.53015211], [126.86201174, 37.53016073], [126.86201785, 37.53016029], [126.86201966, 37.53015966], [126.86204823, 37.53012555], [126.86205149, 37.53007654], [126.86204999, 37.53003031], [126.86205022, 37.53002842]]]}, "properties": {"name": "화곡동 786-11", "status": "partial", "capacity": 2, "active": 1, "industry": "이용·미용", "vacancy_rate": 50.0, "vacancy_rate_lo": 50.0, "vacancy_rate_hi": 50.0, "stores": 2, "source": "stores+ledger", "capacity_method": "floor_ouln", "active_pip": 0, "licensed": 0, "com_floors": [1, 2], "occ_floors": [1], "unknown_n": 0, "id": "1150010300107860011-1", "pnu": "1150010300107860011", "floors": 4, "height": 12.5}}, {"type": "Feature", "geometry": {"type": "Polygon", "coordinates": [[[126.85904478, 37.53020594], [126.85895454, 37.53019401], [126.85895019, 37.53021911], [126.85903943, 37.53023155], [126.85904478, 37.53020594]]]}, "properties": {"name": "화곡동 842-5", "status": "partial", "capacity": 2, "active": 1, "industry": "애완동물·용품 소매", "vacancy_rate": 50.0, "vacancy_rate_lo": 50.0, "vacancy_rate_hi": 50.0, "stores": 1, "source": "stores+ledger", "capacity_method": "floor_ouln", "active_pip": 0, "licensed": 0, "com_floors": [1, 2], "occ_floors": [2], "unknown_n": 0, "id": "1150010300108420005-2", "pnu": "1150010300108420005", "floors": 0, "height": 0.0}}, {"type": "Feature", "geometry": {"type": "Polygon", "coordinates": [[[126.86241469, 37.52993559], [126.86227736, 37.52992607], [126.86226285, 37.53006075], [126.8623978, 37.53007136], [126.86241469, 37.52993559]]]}, "properties": {"name": "화곡동 785-5", "status": "empty", "capacity": 5, "active": 0, "industry": "", "vacancy_rate": 100.0, "source": "polygon_only", "capacity_method": "floor_approx", "active_pip": 0, "licensed": 0, "id": "1150010300107850005-1", "pnu": "1150010300107850005", "floors": 5, "height": 18.4}}, {"type": "Feature", "geometry": {"type": "Polygon", "coordinates": [[[126.86056956, 37.53012174], [126.86057516, 37.53009372], [126.86058613, 37.53009491], [126.86059358, 37.53004725], [126.86052017, 37.5300387], [126.86051755, 37.53004626], [126.86049527, 37.53004146], [126.86047783, 37.53005297], [126.86046686, 37.53010909], [126.86056956, 37.53012174]]]}, "properties": {"name": "화곡동 789-20", "status": "empty", "capacity": 4, "active": 0, "industry": "", "vacancy_rate": 100.0, "source": "polygon_only", "capacity_method": "floor_approx", "active_pip": 0, "licensed": 0, "id": "1150010300107890020-1", "pnu": "1150010300107890020", "floors": 4, "height": 13.1}}, {"type": "Feature", "geometry": {"type": "Polygon", "coordinates": [[[126.86341378, 37.53043222], [126.86325834, 37.530426], [126.86325345, 37.53050474], [126.86341002, 37.53051042], [126.86341378, 37.53043222]]]}, "properties": {"name": "화곡동 782-8", "status": "full", "capacity": 1, "active": 1, "industry": "중식", "vacancy_rate": 0.0, "vacancy_rate_lo": 0.0, "vacancy_rate_hi": 0.0, "stores": 1, "source": "stores+ledger", "capacity_method": "floor_ouln", "active_pip": 0, "licensed": 0, "com_floors": [1], "occ_floors": [1], "unknown_n": 0, "id": "1150010300107820008-1", "pnu": "1150010300107820008", "floors": 4, "height": 12.3}}, {"type": "Feature", "geometry": {"type": "Polygon", "coordinates": [[[126.85926515, 37.52968051], [126.85890773, 37.52963872], [126.85888124, 37.52976672], [126.85924172, 37.5298086], [126.85926515, 37.52968051]]]}, "properties": {"name": "화곡동 843-9", "status": "empty", "capacity": 1, "active": 0, "industry": "", "vacancy_rate": 100.0, "source": "polygon_only", "capacity_method": "floor_approx", "active_pip": 0, "licensed": 0, "id": "1150010300108430009-1", "pnu": "1150010300108430009", "floors": 1, "height": 6.2}}, {"type": "Feature", "geometry": {"type": "Polygon", "coordinates": [[[126.86184245, 37.52999998], [126.86186712, 37.52986558], [126.86180593, 37.52985983], [126.86179407, 37.52991847], [126.86160358, 37.529895], [126.86158964, 37.52997022], [126.86184245, 37.52999998]]]}, "properties": {"name": "화곡동 786-2", "status": "empty", "capacity": 3, "active": 0, "industry": "", "vacancy_rate": 100.0, "source": "polygon_only", "capacity_method": "floor_approx", "active_pip": 0, "licensed": 0, "id": "1150010300107860002-1", "pnu": "1150010300107860002", "floors": 3, "height": 8.7}}, {"type": "Feature", "geometry": {"type": "Polygon", "coordinates": [[[126.86059037, 37.52767654], [126.86056776, 37.52766722], [126.86047228, 37.5276809], [126.86048697, 37.52776764], [126.86060685, 37.52775146], [126.86059037, 37.52767654]]]}, "properties": {"name": "신정동 891-5", "status": "full", "capacity": 1, "active": 1, "industry": "기타 교육", "vacancy_rate": 0.0, "vacancy_rate_lo": 0.0, "vacancy_rate_hi": 0.0, "stores": 1, "source": "stores+ledger", "capacity_method": "floor_ouln", "active_pip": 0, "licensed": 0, "com_floors": [2], "occ_floors": [2], "unknown_n": 0, "id": "1147010100108910005-1", "pnu": "1147010100108910005", "floors": 3, "height": 0.0}}, {"type": "Feature", "geometry": {"type": "Polygon", "coordinates": [[[126.86305705, 37.5266762], [126.8631032, 37.52666965], [126.8630837, 37.52658241], [126.86295636, 37.52660046], [126.86296913, 37.52665759], [126.86299249, 37.52665428], [126.86299446, 37.52666313], [126.86302366, 37.52665899], [126.8630254, 37.52666675], [126.86305402, 37.52666269], [126.86305705, 37.5266762]]]}, "properties": {"name": "신정동 888-34", "status": "empty", "capacity": 6, "active": 0, "industry": "", "vacancy_rate": 100.0, "source": "polygon_only", "capacity_method": "floor_approx", "active_pip": 0, "licensed": 0, "id": "1147010100108880034-1", "pnu": "1147010100108880034", "floors": 6, "height": 17.5}}, {"type": "Feature", "geometry": {"type": "Polygon", "coordinates": [[[126.86103446, 37.52687292], [126.86113435, 37.52685842], [126.86113252, 37.52685044], [126.86120235, 37.5268403], [126.86118216, 37.5267521], [126.86101243, 37.52677675], [126.86103446, 37.52687292]]]}, "properties": {"name": "신정동 886-10", "status": "partial", "capacity": 3, "active": 2, "industry": "한식", "vacancy_rate": 33.3, "vacancy_rate_lo": null, "vacancy_rate_hi": null, "stores": 2, "source": "stores+ledger", "capacity_method": "expos_units", "active_pip": 0, "licensed": 0, "com_floors": null, "occ_floors": null, "unknown_n": null, "id": "1147010100108860010-1", "pnu": "1147010100108860010", "floors": 4, "height": 11.6}}, {"type": "Feature", "geometry": {"type": "Polygon", "coordinates": [[[126.86082895, 37.52657477], [126.86079668, 37.52643199], [126.8607645, 37.52643533], [126.86076011, 37.52641815], [126.86071767, 37.52642316], [126.8607196, 37.52643245], [126.86060079, 37.52644866], [126.86063887, 37.52660243], [126.86082895, 37.52657477]]]}, "properties": {"name": "일부", "status": "full", "capacity": 4, "active": 4, "industry": "스포츠 서비스", "vacancy_rate": 0.0, "vacancy_rate_lo": 0.0, "vacancy_rate_hi": 50.0, "stores": 4, "source": "stores+ledger", "capacity_method": "floor_ouln", "active_pip": 0, "licensed": 0, "com_floors": [1, 2, 4, 5], "occ_floors": [1, 2], "unknown_n": 2, "id": "1147010100109040005-1", "pnu": "1147010100109040005", "floors": 5, "height": 17.55}}, {"type": "Feature", "geometry": {"type": "Polygon", "coordinates": [[[126.86123548, 37.52629454], [126.86129347, 37.52629067], [126.86141739, 37.52629194], [126.86141671, 37.52627842], [126.8614268, 37.52626858], [126.86143584, 37.52625958], [126.86143885, 37.52624944], [126.86144135, 37.52623734], [126.86129324, 37.52622084], [126.86129371, 37.52625547], [126.86126065, 37.52625515], [126.86126743, 37.52622419], [126.86120859, 37.52621539], [126.86119625, 37.52629028], [126.86123548, 37.52629454]]]}, "properties": {"name": "신정동 903-16", "status": "partial", "capacity": 4, "active": 3, "industry": "주점", "vacancy_rate": 25.0, "vacancy_rate_lo": 25.0, "vacancy_rate_hi": 25.0, "stores": 3, "source": "stores+ledger", "capacity_method": "floor_ouln", "active_pip": 0, "licensed": 0, "com_floors": [1, 2, 3, 4], "occ_floors": [1, 2, 4], "unknown_n": 0, "id": "1147010100109030016-1", "pnu": "1147010100109030016", "floors": 4, "height": 15.0}}, {"type": "Feature", "geometry": {"type": "Polygon", "coordinates": [[[126.86118943, 37.52749422], [126.86114818, 37.52732918], [126.86104245, 37.52734623], [126.8610837, 37.52751156], [126.86118943, 37.52749422]]]}, "properties": {"name": "중앙아트맨션", "status": "full", "capacity": 2, "active": 2, "industry": "오락용품 소매", "vacancy_rate": 0.0, "vacancy_rate_lo": null, "vacancy_rate_hi": null, "stores": 2, "source": "stores+ledger", "capacity_method": "expos_units", "active_pip": 0, "licensed": 0, "com_floors": null, "occ_floors": null, "unknown_n": null, "id": "1147010100108890013-1", "pnu": "1147010100108890013", "floors": 4, "height": 13.15}}, {"type": "Feature", "geometry": {"type": "Polygon", "coordinates": [[[126.85970686, 37.52882624], [126.85956619, 37.52880973], [126.85954617, 37.52892741], [126.85968579, 37.52894024], [126.85970686, 37.52882624]]]}, "properties": {"name": "신정동 881-4", "status": "full", "capacity": 1, "active": 1, "industry": "자동차 수리·세차", "vacancy_rate": 0.0, "vacancy_rate_lo": 0.0, "vacancy_rate_hi": 0.0, "stores": 1, "source": "stores+ledger", "capacity_method": "floor_ouln", "active_pip": 0, "licensed": 0, "com_floors": [1], "occ_floors": [1], "unknown_n": 0, "id": "1147010100108810004-1", "pnu": "1147010100108810004", "floors": 1, "height": 5.4}}, {"type": "Feature", "geometry": {"type": "Polygon", "coordinates": [[[126.86322371, 37.52659419], [126.86319233, 37.52645084], [126.86308925, 37.52646733], [126.86312045, 37.52660955], [126.86322371, 37.52659419]]]}, "properties": {"name": "목오빌딩", "status": "full", "capacity": 5, "active": 5, "industry": "의원", "vacancy_rate": 0.0, "vacancy_rate_lo": 0.0, "vacancy_rate_hi": 0.0, "stores": 5, "source": "stores+ledger", "capacity_method": "floor_ouln", "active_pip": 0, "licensed": 0, "com_floors": [1, 2, 3, 4, 5], "occ_floors": [1, 2, 3, 4, 5], "unknown_n": 0, "id": "1147010100108880037-1", "pnu": "1147010100108880037", "floors": 6, "height": 25.95}}, {"type": "Feature", "geometry": {"type": "Polygon", "coordinates": [[[126.85920728, 37.52874343], [126.85900315, 37.52871953], [126.85898424, 37.52881552], [126.85918625, 37.52884364], [126.85920728, 37.52874343]]]}, "properties": {"name": "신정동 881-2", "status": "empty", "capacity": 6, "active": 0, "industry": "", "vacancy_rate": 100.0, "source": "polygon_only", "capacity_method": "floor_approx", "active_pip": 0, "licensed": 0, "id": "1147010100108810002-1", "pnu": "1147010100108810002", "floors": 6, "height": 23.6}}, {"type": "Feature", "geometry": {"type": "Polygon", "coordinates": [[[126.86140804, 37.52828229], [126.86139224, 37.5282254], [126.86120605, 37.52825192], [126.86120762, 37.52826657], [126.86116059, 37.52827075], [126.86116124, 37.52829862], [126.8612452, 37.52830407], [126.86140804, 37.52828229]]]}, "properties": {"name": "빈티지강남", "status": "full", "capacity": 2, "active": 2, "industry": "오락용품 소매", "vacancy_rate": 0.0, "vacancy_rate_lo": 0.0, "vacancy_rate_hi": 50.0, "stores": 2, "source": "stores+ledger", "capacity_method": "floor_ouln", "active_pip": 0, "licensed": 0, "com_floors": [1, 2], "occ_floors": [1], "unknown_n": 1, "id": "1147010100108940032-1", "pnu": "1147010100108940032", "floors": 3, "height": 0.0}}, {"type": "Feature", "geometry": {"type": "Polygon", "coordinates": [[[126.86302968, 37.52917899], [126.86296923, 37.5291716], [126.86295622, 37.52923663], [126.86298024, 37.52923919], [126.86296398, 37.52933659], [126.86306259, 37.52934685], [126.86305937, 37.52937303], [126.86310727, 37.52937815], [126.86314013, 37.52919546], [126.86302967, 37.5291835], [126.86302968, 37.52917899]]]}, "properties": {"name": "제일빌딩", "status": "full", "capacity": 4, "active": 4, "industry": "의약·화장품 소매", "vacancy_rate": 0.0, "vacancy_rate_lo": 0.0, "vacancy_rate_hi": 0.0, "stores": 5, "source": "stores+ledger", "capacity_method": "floor_ouln", "active_pip": 0, "licensed": 0, "com_floors": [1, 2, 3, 4], "occ_floors": [1, 2, 3, 4], "unknown_n": 0, "id": "1147010100108970005-1", "pnu": "1147010100108970005", "floors": 5, "height": 17.65}}, {"type": "Feature", "geometry": {"type": "Polygon", "coordinates": [[[126.86076779, 37.52771391], [126.86075448, 37.52764858], [126.86065899, 37.52766226], [126.86064233, 37.5276842], [126.8606518, 37.52772814], [126.86076779, 37.52771391]]]}, "properties": {"name": "신정동 891-19", "status": "full", "capacity": 1, "active": 1, "industry": "이용·미용", "vacancy_rate": 0.0, "vacancy_rate_lo": 0.0, "vacancy_rate_hi": 100.0, "stores": 2, "source": "stores+ledger", "capacity_method": "floor_ouln", "active_pip": 0, "licensed": 0, "com_floors": [1], "occ_floors": [], "unknown_n": 1, "id": "1147010100108910019-1", "pnu": "1147010100108910019", "floors": 4, "height": 0.0}}, {"type": "Feature", "geometry": {"type": "Polygon", "coordinates": [[[126.8605362, 37.52866814], [126.86042062, 37.52865561], [126.86040722, 37.5287333], [126.86052332, 37.5287464], [126.86052369, 37.52874246], [126.86052776, 37.52874077], [126.86053024, 37.52873824], [126.86053166, 37.52873458], [126.86053114, 37.52872951], [126.86052709, 37.52872388], [126.8605362, 37.52866814]]]}, "properties": {"name": "신정동 892-13", "status": "full", "capacity": 2, "active": 2, "industry": "오락용품 소매", "vacancy_rate": 0.0, "vacancy_rate_lo": 0.0, "vacancy_rate_hi": 0.0, "stores": 2, "source": "stores+ledger", "capacity_method": "floor_ouln", "active_pip": 0, "licensed": 0, "com_floors": [1, 2], "occ_floors": [1, 2], "unknown_n": 0, "id": "1147010100108920013-1", "pnu": "1147010100108920013", "floors": 5, "height": 16.6}}, {"type": "Feature", "geometry": {"type": "Polygon", "coordinates": [[[126.86450602, 37.52754003], [126.86451235, 37.52746514], [126.8645728, 37.52746746], [126.86457732, 37.52740919], [126.86455717, 37.52740747], [126.86455753, 37.52740297], [126.86452802, 37.52740209], [126.86452713, 37.52740519], [126.8645167, 37.52740489], [126.86452285, 37.5273255], [126.86447017, 37.52723675], [126.86445955, 37.52723561], [126.86446046, 37.52721928], [126.86443714, 37.52721587], [126.86444057, 37.52718096], [126.86443387, 37.52716997], [126.86440629, 37.52716741], [126.86437718, 37.52753397], [126.86437912, 37.52753425], [126.86437768, 37.52755368], [126.86440825, 37.52755568], [126.86448533, 37.52754479], [126.86448569, 37.52754311], [126.86450602, 37.52754003]]]}, "properties": {"name": "목동타운빌딩", "status": "full", "capacity": 20, "active": 20, "industry": "의원", "vacancy_rate": 0.0, "vacancy_rate_lo": null, "vacancy_rate_hi": null, "stores": 20, "source": "stores+ledger", "capacity_method": "expos_units", "active_pip": 0, "licensed": 0, "com_floors": null, "occ_floors": null, "unknown_n": null, "id": "1147010200108100001-1", "pnu": "1147010200108100001", "floors": 6, "height": 22.25}}, {"type": "Feature", "geometry": {"type": "Polygon", "coordinates": [[[126.86153136, 37.52822078], [126.86150911, 37.52821089], [126.86142795, 37.52822065], [126.86144392, 37.52828318], [126.86153941, 37.5282695], [126.86153136, 37.52822078]]]}, "properties": {"name": "신정동 894-31", "status": "partial", "capacity": 2, "active": 1, "industry": "섬유·의복·신발 소매", "vacancy_rate": 50.0, "vacancy_rate_lo": 50.0, "vacancy_rate_hi": 100.0, "stores": 1, "source": "stores+ledger", "capacity_method": "floor_ouln", "active_pip": 0, "licensed": 0, "com_floors": [1, 2], "occ_floors": [], "unknown_n": 1, "id": "1147010100108940031-1", "pnu": "1147010100108940031", "floors": 4, "height": 13.3}}, {"type": "Feature", "geometry": {"type": "Polygon", "coordinates": [[[126.86383635, 37.52826654], [126.86366455, 37.52825902], [126.86365102, 37.52840429], [126.86382459, 37.52841097], [126.86383635, 37.52826654]]]}, "properties": {"name": "이증빌딩", "status": "full", "capacity": 5, "active": 5, "industry": "의원", "vacancy_rate": 0.0, "vacancy_rate_lo": 0.0, "vacancy_rate_hi": 0.0, "stores": 7, "source": "stores+ledger", "capacity_method": "floor_ouln", "active_pip": 0, "licensed": 0, "com_floors": [1, 2, 3, 4, 5], "occ_floors": [1, 2, 3, 4, 5], "unknown_n": 0, "id": "1147010100108990007-1", "pnu": "1147010100108990007", "floors": 5, "height": 19.25}}, {"type": "Feature", "geometry": {"type": "Polygon", "coordinates": [[[126.86192761, 37.52672332], [126.86191024, 37.52665488], [126.86176844, 37.52667471], [126.86178563, 37.52674258], [126.86192761, 37.52672332]]]}, "properties": {"name": "신정동 887-12", "status": "full", "capacity": 3, "active": 3, "industry": "한식", "vacancy_rate": 0.0, "vacancy_rate_lo": 0.0, "vacancy_rate_hi": 33.3, "stores": 4, "source": "stores+ledger", "capacity_method": "floor_ouln", "active_pip": 0, "licensed": 0, "com_floors": [1, 2, 3], "occ_floors": [2, 3], "unknown_n": 1, "id": "1147010100108870012-2", "pnu": "1147010100108870012", "floors": 4, "height": 14.5}}, {"type": "Feature", "geometry": {"type": "Polygon", "coordinates": [[[126.85949932, 37.5271383], [126.85946335, 37.52698931], [126.85930475, 37.52701813], [126.85933842, 37.52716458], [126.85949932, 37.5271383]]]}, "properties": {"name": "양정빌딩", "status": "partial", "capacity": 5, "active": 4, "industry": "한식", "vacancy_rate": 20.0, "vacancy_rate_lo": 20.0, "vacancy_rate_hi": 20.0, "stores": 3, "source": "stores+ledger", "capacity_method": "floor_ouln", "active_pip": 0, "licensed": 0, "com_floors": [1, 2, 3, 4, 5], "occ_floors": [1, 2, 3, 4], "unknown_n": 0, "id": "1147010100108850017-1", "pnu": "1147010100108850017", "floors": 5, "height": 15.9}}, {"type": "Feature", "geometry": {"type": "Polygon", "coordinates": [[[126.86093324, 37.52771129], [126.86092644, 37.52766313], [126.860913, 37.5276648], [126.86090566, 37.52762453], [126.86078702, 37.52764017], [126.86079525, 37.52768072], [126.86077827, 37.52768324], [126.86078614, 37.52772886], [126.86093324, 37.52771129]]]}, "properties": {"name": "오름빌딩", "status": "partial", "capacity": 4, "active": 2, "industry": "섬유·의복·신발 소매", "vacancy_rate": 50.0, "vacancy_rate_lo": 50.0, "vacancy_rate_hi": 50.0, "stores": 1, "source": "stores+ledger", "capacity_method": "floor_ouln", "active_pip": 0, "licensed": 0, "com_floors": [1, 2, 4, 5], "occ_floors": [2, 4], "unknown_n": 0, "id": "1147010100108910020-1", "pnu": "1147010100108910020", "floors": 3, "height": 10.35}}, {"type": "Feature", "geometry": {"type": "Polygon", "coordinates": [[[126.85907033, 37.52776824], [126.85885517, 37.52774066], [126.8588322, 37.52785444], [126.85905338, 37.52788115], [126.85907033, 37.52776824]]]}, "properties": {"name": "신정동 884-22", "status": "empty", "capacity": 2, "active": 0, "industry": "", "vacancy_rate": 100.0, "source": "polygon_only", "capacity_method": "floor_approx", "active_pip": 0, "licensed": 0, "id": "1147010100108840022-1", "pnu": "1147010100108840022", "floors": 2, "height": 7.4}}, {"type": "Feature", "geometry": {"type": "Polygon", "coordinates": [[[126.86184425, 37.52831998], [126.86184232, 37.52830956], [126.86190368, 37.52830062], [126.86189069, 37.52824767], [126.86176178, 37.5282692], [126.8617767, 37.52832187], [126.86182092, 37.52831629], [126.86182285, 37.52832333], [126.86184425, 37.52831998]]]}, "properties": {"name": "신정동 894-24", "status": "empty", "capacity": 3, "active": 0, "industry": "", "vacancy_rate": 100.0, "source": "polygon_only", "capacity_method": "floor_approx", "active_pip": 0, "licensed": 0, "id": "1147010100108940024-1", "pnu": "1147010100108940024", "floors": 3, "height": 0.0}}, {"type": "Feature", "geometry": {"type": "Polygon", "coordinates": [[[126.86335073, 37.5277127], [126.86338331, 37.52768177], [126.86338499, 37.52762124], [126.86331216, 37.52762734], [126.86331531, 37.52764115], [126.86324547, 37.52765233], [126.86325986, 37.52770669], [126.86327454, 37.52770445], [126.86327963, 37.52772529], [126.86335073, 37.5277127]]]}, "properties": {"name": "신정동 890-16", "status": "partial", "capacity": 2, "active": 1, "industry": "주점", "vacancy_rate": 50.0, "vacancy_rate_lo": 50.0, "vacancy_rate_hi": 50.0, "stores": 1, "source": "stores+ledger", "capacity_method": "floor_ouln", "active_pip": 0, "licensed": 0, "com_floors": [1, 2], "occ_floors": [1], "unknown_n": 0, "id": "1147010100108900016-1", "pnu": "1147010100108900016", "floors": 3, "height": 10.5}}, {"type": "Feature", "geometry": {"type": "Polygon", "coordinates": [[[126.86338859, 37.52758746], [126.86337758, 37.52752015], [126.86322658, 37.52753686], [126.86323971, 37.52760727], [126.86338859, 37.52758746]]]}, "properties": {"name": "신정동 890-17", "status": "partial", "capacity": 2, "active": 1, "industry": "의원", "vacancy_rate": 50.0, "vacancy_rate_lo": 50.0, "vacancy_rate_hi": 100.0, "stores": 1, "source": "stores+ledger", "capacity_method": "floor_ouln", "active_pip": 0, "licensed": 0, "com_floors": [1, 2], "occ_floors": [], "unknown_n": 1, "id": "1147010100108900017-1", "pnu": "1147010100108900017", "floors": 2, "height": 0.0}}, {"type": "Feature", "geometry": {"type": "Polygon", "coordinates": [[[126.8614126, 37.52639357], [126.8613905, 37.52639721], [126.86124463, 37.52641985], [126.86124674, 37.52642605], [126.86118663, 37.52643386], [126.86120273, 37.52651581], [126.86121157, 37.52651385], [126.86121753, 37.52653723], [126.86144369, 37.52650258], [126.86141702, 37.52639302], [126.8614126, 37.52639357]]]}, "properties": {"name": "덕남빌딩", "status": "full", "capacity": 6, "active": 6, "industry": "한식", "vacancy_rate": 0.0, "vacancy_rate_lo": 0.0, "vacancy_rate_hi": 16.7, "stores": 9, "source": "stores+ledger", "capacity_method": "floor_ouln", "active_pip": 0, "licensed": 0, "com_floors": [1, 2, 3, 4, 5, 6], "occ_floors": [1, 2, 3, 4, 6], "unknown_n": 1, "id": "1147010100109040008-2", "pnu": "1147010100109040008", "floors": 6, "height": 23.9}}, {"type": "Feature", "geometry": {"type": "Polygon", "coordinates": [[[126.85913608, 37.52712689], [126.85911714, 37.52704268], [126.85893273, 37.52707033], [126.85891878, 37.52715845], [126.858924, 37.52719365], [126.85899173, 37.52718387], [126.85898805, 37.52716614], [126.8590128, 37.52716194], [126.85900736, 37.52714251], [126.85913608, 37.52712689]]]}, "properties": {"name": "서측", "status": "full", "capacity": 2, "active": 2, "industry": "주점", "vacancy_rate": 0.0, "vacancy_rate_lo": 0.0, "vacancy_rate_hi": 0.0, "stores": 3, "source": "stores+ledger", "capacity_method": "floor_ouln", "active_pip": 0, "licensed": 0, "com_floors": [1, 2], "occ_floors": [1, 2], "unknown_n": 0, "id": "1147010100108850020-1", "pnu": "1147010100108850020", "floors": 2, "height": 8.235}}, {"type": "Feature", "geometry": {"type": "Polygon", "coordinates": [[[126.86255549, 37.52623329], [126.86269465, 37.52621234], [126.86268624, 37.52617009], [126.86259713, 37.52617985], [126.8625547, 37.52618431], [126.86254091, 37.52618542], [126.86255408, 37.52623358], [126.86255549, 37.52623329]]]}, "properties": {"name": "신정동 902-6", "status": "partial", "capacity": 4, "active": 3, "industry": "한식", "vacancy_rate": 25.0, "vacancy_rate_lo": 25.0, "vacancy_rate_hi": 25.0, "stores": 4, "source": "stores+ledger", "capacity_method": "floor_ouln", "active_pip": 0, "licensed": 0, "com_floors": [1, 2, 3, 4], "occ_floors": [1, 2, 4], "unknown_n": 0, "id": "1147010100109020006-1", "pnu": "1147010100109020006", "floors": 0, "height": 0.0}}, {"type": "Feature", "geometry": {"type": "Polygon", "coordinates": [[[126.85979668, 37.5271119], [126.8597551, 37.52694658], [126.85964424, 37.52696278], [126.8596807, 37.52712951], [126.85979668, 37.5271119]]]}, "properties": {"name": "층", "status": "empty", "capacity": 1, "active": 0, "industry": "기타 교육", "vacancy_rate": 100.0, "vacancy_rate_lo": 100.0, "vacancy_rate_hi": 100.0, "stores": 1, "source": "stores+ledger", "capacity_method": "floor_ouln", "active_pip": 0, "licensed": 0, "com_floors": [1], "occ_floors": [], "unknown_n": 0, "id": "1147010100108850014-1", "pnu": "1147010100108850014", "floors": 4, "height": 13.2}}, {"type": "Feature", "geometry": {"type": "Polygon", "coordinates": [[[126.85979831, 37.52671998], [126.85976867, 37.52659211], [126.85967283, 37.52660663], [126.85970388, 37.52673619], [126.85979831, 37.52671998]]]}, "properties": {"name": "신정동 905-18", "status": "full", "capacity": 2, "active": 2, "industry": "기타 간이", "vacancy_rate": 0.0, "vacancy_rate_lo": 0.0, "vacancy_rate_hi": 0.0, "stores": 2, "source": "stores+ledger", "capacity_method": "floor_ouln", "active_pip": 0, "licensed": 0, "com_floors": [1, 2], "occ_floors": [1, 2], "unknown_n": 0, "id": "1147010100109050018-1", "pnu": "1147010100109050018", "floors": 4, "height": 11.1}}, {"type": "Feature", "geometry": {"type": "Polygon", "coordinates": [[[126.86314925, 37.52678252], [126.86323392, 37.52677014], [126.8632124, 37.52667232], [126.86312907, 37.52668392], [126.86314925, 37.52678252]]]}, "properties": {"name": "신정동 888-39", "status": "partial", "capacity": 3, "active": 2, "industry": "한식", "vacancy_rate": 33.3, "vacancy_rate_lo": 33.3, "vacancy_rate_hi": 33.3, "stores": 1, "source": "stores+ledger", "capacity_method": "floor_ouln", "active_pip": 0, "licensed": 0, "com_floors": [1, 2, 3], "occ_floors": [1, 3], "unknown_n": 0, "id": "1147010100108880039-1", "pnu": "1147010100108880039", "floors": 5, "height": 14.7}}, {"type": "Feature", "geometry": {"type": "Polygon", "coordinates": [[[126.86340401, 37.5271854], [126.86343562, 37.52710265], [126.86333377, 37.52711521], [126.86332202, 37.52706311], [126.86331053, 37.52706393], [126.86330631, 37.52705098], [126.86322886, 37.52706159], [126.86325919, 37.52720833], [126.86340401, 37.5271854]]]}, "properties": {"name": "신정동 888-42", "status": "high", "capacity": 4, "active": 1, "industry": "유원지·오락", "vacancy_rate": 75.0, "vacancy_rate_lo": 75.0, "vacancy_rate_hi": 75.0, "stores": 2, "source": "stores+ledger", "capacity_method": "floor_ouln", "active_pip": 0, "licensed": 0, "com_floors": [1, 2, 3, 4], "occ_floors": [1], "unknown_n": 0, "id": "1147010100108880042-1", "pnu": "1147010100108880042", "floors": 4, "height": 15.45}}, {"type": "Feature", "geometry": {"type": "Polygon", "coordinates": [[[126.86300902, 37.5284809], [126.86304046, 37.52848477], [126.86304137, 37.5284801], [126.86309746, 37.52848703], [126.8631156, 37.52839377], [126.86302807, 37.52838297], [126.86300902, 37.5284809]]]}, "properties": {"name": "신정동 895-14", "status": "full", "capacity": 1, "active": 1, "industry": "이용·미용", "vacancy_rate": 0.0, "vacancy_rate_lo": 0.0, "vacancy_rate_hi": 0.0, "stores": 1, "source": "stores+ledger", "capacity_method": "floor_ouln", "active_pip": 0, "licensed": 0, "com_floors": [1], "occ_floors": [1], "unknown_n": 0, "id": "1147010100108950014-1", "pnu": "1147010100108950014", "floors": 5, "height": 13.6}}, {"type": "Feature", "geometry": {"type": "Polygon", "coordinates": [[[126.86286863, 37.52707589], [126.86300616, 37.52705361], [126.8629983, 37.52702285], [126.86300883, 37.52702115], [126.86299704, 37.52697501], [126.86284899, 37.526999], [126.86285768, 37.52703302], [126.8628764, 37.52702999], [126.86287867, 37.52703884], [126.86285994, 37.52704187], [126.86286863, 37.52707589]]]}, "properties": {"name": "신정동 888-26", "status": "empty", "capacity": 5, "active": 0, "industry": "", "vacancy_rate": 100.0, "source": "polygon_only", "capacity_method": "floor_approx", "active_pip": 0, "licensed": 0, "id": "1147010100108880026-1", "pnu": "1147010100108880026", "floors": 5, "height": 15.8}}, {"type": "Feature", "geometry": {"type": "Polygon", "coordinates": [[[126.8604912, 37.52702122], [126.86044733, 37.52684463], [126.86022418, 37.52687985], [126.86026328, 37.52705361], [126.8604912, 37.52702122]]]}, "properties": {"name": "실", "status": "full", "capacity": 4, "active": 4, "industry": "기타 숙박", "vacancy_rate": 0.0, "vacancy_rate_lo": 0.0, "vacancy_rate_hi": 25.0, "stores": 7, "source": "stores+ledger", "capacity_method": "floor_ouln", "active_pip": 0, "licensed": 0, "com_floors": [1, 2, 4, 5], "occ_floors": [2, 4, 5], "unknown_n": 1, "id": "1147010100108860001-1", "pnu": "1147010100108860001", "floors": 6, "height": 22.3}}, {"type": "Feature", "geometry": {"type": "Polygon", "coordinates": [[[126.86262368, 37.52757782], [126.86278629, 37.52755523], [126.86276932, 37.52747775], [126.86260671, 37.52750035], [126.86262368, 37.52757782]]]}, "properties": {"name": "신정동 890-25", "status": "empty", "capacity": 5, "active": 0, "industry": "", "vacancy_rate": 100.0, "source": "polygon_only", "capacity_method": "floor_approx", "active_pip": 0, "licensed": 0, "id": "1147010100108900025-1", "pnu": "1147010100108900025", "floors": 5, "height": 13.3}}, {"type": "Feature", "geometry": {"type": "Polygon", "coordinates": [[[126.86200907, 37.52708551], [126.86211638, 37.52707002], [126.86209988, 37.52699755], [126.86209336, 37.52699414], [126.86205719, 37.52699936], [126.86205799, 37.52700291], [126.86203406, 37.52700636], [126.86203325, 37.52700282], [126.86199707, 37.52700804], [126.86199246, 37.52701305], [126.86200907, 37.52708551]]]}, "properties": {"name": "신정동 888-7", "status": "empty", "capacity": 6, "active": 0, "industry": "", "vacancy_rate": 100.0, "source": "polygon_only", "capacity_method": "floor_approx", "active_pip": 0, "licensed": 0, "id": "1147010100108880007-1", "pnu": "1147010100108880007", "floors": 6, "height": 17.8}}, {"type": "Feature", "geometry": {"type": "Polygon", "coordinates": [[[126.86309143, 37.52653266], [126.86307548, 37.52645465], [126.86277155, 37.52650048], [126.86279243, 37.52658046], [126.86309143, 37.52653266]]]}, "properties": {"name": "신정동 888-36", "status": "full", "capacity": 3, "active": 3, "industry": "일식", "vacancy_rate": 0.0, "vacancy_rate_lo": 0.0, "vacancy_rate_hi": 0.0, "stores": 8, "source": "stores+ledger", "capacity_method": "floor_ouln", "active_pip": 0, "licensed": 0, "com_floors": [1, 2, 3], "occ_floors": [1, 2, 3], "unknown_n": 0, "id": "1147010100108880036-1", "pnu": "1147010100108880036", "floors": 4, "height": 0.0}}, {"type": "Feature", "geometry": {"type": "Polygon", "coordinates": [[[126.86363026, 37.52738247], [126.86350689, 37.5273736], [126.86349838, 37.52747918], [126.86362228, 37.52748608], [126.86363026, 37.52738247]]]}, "properties": {"name": "우측", "status": "full", "capacity": 2, "active": 2, "industry": "주점", "vacancy_rate": 0.0, "vacancy_rate_lo": 0.0, "vacancy_rate_hi": 0.0, "stores": 3, "source": "stores+ledger", "capacity_method": "floor_ouln", "active_pip": 0, "licensed": 0, "com_floors": [1, 2], "occ_floors": [1, 2], "unknown_n": 0, "id": "1147010100109000002-1", "pnu": "1147010100109000002", "floors": 4, "height": 12.9}}, {"type": "Feature", "geometry": {"type": "Polygon", "coordinates": [[[126.86363505, 37.52717778], [126.86352635, 37.52717146], [126.86351916, 37.5272379], [126.86362998, 37.5272462], [126.86363505, 37.52717778]]]}, "properties": {"name": "신정동 900-6", "status": "full", "capacity": 2, "active": 2, "industry": "일식", "vacancy_rate": 0.0, "vacancy_rate_lo": 0.0, "vacancy_rate_hi": 0.0, "stores": 2, "source": "stores+ledger", "capacity_method": "floor_ouln", "active_pip": 0, "licensed": 0, "com_floors": [1, 2], "occ_floors": [1, 2], "unknown_n": 0, "id": "1147010100109000006-1", "pnu": "1147010100109000006", "floors": 4, "height": 10.9}}, {"type": "Feature", "geometry": {"type": "Polygon", "coordinates": [[[126.86370964, 37.52688223], [126.86356842, 37.52687672], [126.86356529, 37.52694569], [126.86370706, 37.52694671], [126.86370964, 37.52688223]]]}, "properties": {"name": "신정동 900-9", "status": "full", "capacity": 2, "active": 2, "industry": "비알코올 ", "vacancy_rate": 0.0, "vacancy_rate_lo": 0.0, "vacancy_rate_hi": 0.0, "stores": 2, "source": "stores+ledger", "capacity_method": "floor_ouln", "active_pip": 0, "licensed": 0, "com_floors": [1, 2], "occ_floors": [1, 2], "unknown_n": 0, "id": "1147010100109000009-1", "pnu": "1147010100109000009", "floors": 4, "height": 11.1}}, {"type": "Feature", "geometry": {"type": "Polygon", "coordinates": [[[126.85950207, 37.52878488], [126.85926523, 37.52875702], [126.8592513, 37.52884259], [126.85948899, 37.52887243], [126.85950207, 37.52878488]]]}, "properties": {"name": "신정동 881-3", "status": "empty", "capacity": 1, "active": 0, "industry": "", "vacancy_rate": 100.0, "source": "polygon_only", "capacity_method": "floor_approx", "active_pip": 0, "licensed": 0, "id": "1147010100108810003-1", "pnu": "1147010100108810003", "floors": 1, "height": 4.9}}, {"type": "Feature", "geometry": {"type": "Polygon", "coordinates": [[[126.8591947, 37.52669532], [126.85915017, 37.52649254], [126.85904179, 37.52650452], [126.85901277, 37.52652701], [126.85899384, 37.52672211], [126.8591947, 37.52669532]]]}, "properties": {"name": "신정동 905-1", "status": "high", "capacity": 3, "active": 1, "industry": "한식", "vacancy_rate": 66.7, "vacancy_rate_lo": 66.7, "vacancy_rate_hi": 66.7, "stores": 1, "source": "stores+ledger", "capacity_method": "floor_ouln", "active_pip": 0, "licensed": 0, "com_floors": [1, 2, 3], "occ_floors": [1], "unknown_n": 0, "id": "1147010100109050001-1", "pnu": "1147010100109050001", "floors": 3, "height": 12.9}}, {"type": "Feature", "geometry": {"type": "Polygon", "coordinates": [[[126.86156761, 37.52695928], [126.86149765, 37.52668112], [126.86119372, 37.5267296], [126.8612146, 37.52681264], [126.86130667, 37.52679796], [126.86133089, 37.52689426], [126.86139411, 37.52688417], [126.86142655, 37.52701316], [126.86153503, 37.52699585], [126.86156761, 37.52695928]]]}, "properties": {"name": "로데오프라자", "status": "full", "capacity": 20, "active": 18, "industry": "한식", "vacancy_rate": 10.0, "vacancy_rate_lo": null, "vacancy_rate_hi": null, "stores": 18, "source": "stores+ledger", "capacity_method": "expos_units", "active_pip": 0, "licensed": 0, "com_floors": null, "occ_floors": null, "unknown_n": null, "id": "1147010100108860006-1", "pnu": "1147010100108860006", "floors": 4, "height": 17.5}}, {"type": "Feature", "geometry": {"type": "Polygon", "coordinates": [[[126.85997973, 37.52810491], [126.86000008, 37.52799682], [126.86002971, 37.52783918], [126.86000002, 37.52783661], [126.85975736, 37.52781605], [126.85975432, 37.52783379], [126.85966578, 37.5278241], [126.85966133, 37.52784522], [126.85957295, 37.52783581], [126.85956902, 37.52786368], [126.85947959, 37.52785402], [126.8594753, 37.52787626], [126.8593926, 37.52786573], [126.85935376, 37.52802928], [126.85944529, 37.52804009], [126.8594444, 37.52804769], [126.85971621, 37.52808377], [126.85971764, 37.52807307], [126.85997973, 37.52810491]]]}, "properties": {"name": "양천시장주상복합", "status": "high", "capacity": 35, "active": 5, "industry": "욕탕·신체관리", "vacancy_rate": 85.7, "vacancy_rate_lo": null, "vacancy_rate_hi": null, "stores": 5, "source": "stores+ledger", "capacity_method": "expos_units", "active_pip": 0, "licensed": 0, "com_floors": null, "occ_floors": null, "unknown_n": null, "id": "1147010100108830000-1", "pnu": "1147010100108830000", "floors": 9, "height": 27.45}}, {"type": "Feature", "geometry": {"type": "Polygon", "coordinates": [[[126.86194213, 37.52757198], [126.86192672, 37.52749368], [126.86190023, 37.52748464], [126.86183127, 37.5274947], [126.86180647, 37.52751973], [126.86181893, 37.52757352], [126.86188029, 37.52756317], [126.8618859, 37.52757923], [126.86194213, 37.52757198]]]}, "properties": {"name": "신정동 890-4", "status": "full", "capacity": 1, "active": 1, "industry": "섬유·의복·신발 소매", "vacancy_rate": 0.0, "vacancy_rate_lo": 0.0, "vacancy_rate_hi": 0.0, "stores": 2, "source": "stores+ledger", "capacity_method": "floor_ouln", "active_pip": 0, "licensed": 0, "com_floors": [1], "occ_floors": [1], "unknown_n": 0, "id": "1147010100108900004-1", "pnu": "1147010100108900004", "floors": 3, "height": 0.0}}, {"type": "Feature", "geometry": {"type": "Polygon", "coordinates": [[[126.86224808, 37.52817628], [126.8622328, 37.52811067], [126.86222591, 37.52811178], [126.86222328, 37.52810362], [126.86216827, 37.52811425], [126.8621674, 37.52811087], [126.86212584, 37.52811758], [126.86213705, 37.52817643], [126.86216323, 37.52817365], [126.86216673, 37.5281897], [126.86224808, 37.52817628]]]}, "properties": {"name": "우측수선집", "status": "full", "capacity": 1, "active": 1, "industry": "기타 가정용품 수리", "vacancy_rate": 0.0, "vacancy_rate_lo": 0.0, "vacancy_rate_hi": 0.0, "stores": 3, "source": "stores+ledger", "capacity_method": "floor_ouln", "active_pip": 0, "licensed": 0, "com_floors": [1], "occ_floors": [1], "unknown_n": 0, "id": "1147010100108950029-1", "pnu": "1147010100108950029", "floors": 3, "height": 9.2}}, {"type": "Feature", "geometry": {"type": "Polygon", "coordinates": [[[126.86091233, 37.52812629], [126.86085743, 37.52807357], [126.86084133, 37.52808369], [126.86082297, 37.528071], [126.86075909, 37.52810809], [126.86081538, 37.52816587], [126.86084491, 37.52816591], [126.86091233, 37.52812629]]]}, "properties": {"name": "신정동 891-15", "status": "empty", "capacity": 4, "active": 0, "industry": "", "vacancy_rate": 100.0, "source": "polygon_only", "capacity_method": "floor_approx", "active_pip": 0, "licensed": 0, "id": "1147010100108910015-1", "pnu": "1147010100108910015", "floors": 4, "height": 7.7}}, {"type": "Feature", "geometry": {"type": "Polygon", "coordinates": [[[126.86000002, 37.52613512], [126.85986872, 37.5261192], [126.85985391, 37.52619042], [126.86000006, 37.52620833], [126.8600195, 37.5262106], [126.86003303, 37.52615853], [126.86001911, 37.5261374], [126.86000002, 37.52613512]]]}, "properties": {"name": "신정동 906-9", "status": "empty", "capacity": 2, "active": 0, "industry": "", "vacancy_rate": 100.0, "source": "polygon_only", "capacity_method": "floor_approx", "active_pip": 0, "licensed": 0, "id": "1147010100109060009-1", "pnu": "1147010100109060009", "floors": 2, "height": 0.0}}, {"type": "Feature", "geometry": {"type": "Polygon", "coordinates": [[[126.86010275, 37.52669021], [126.86006381, 37.52652799], [126.85999998, 37.52653692], [126.85995897, 37.5265425], [126.85997701, 37.52662699], [126.85994712, 37.52663231], [126.85996377, 37.52671117], [126.86000002, 37.52670558], [126.86010275, 37.52669021]]]}, "properties": {"name": "와이씨", "status": "full", "capacity": 1, "active": 1, "industry": "한식", "vacancy_rate": 0.0, "vacancy_rate_lo": 0.0, "vacancy_rate_hi": 0.0, "stores": 5, "source": "stores+ledger", "capacity_method": "floor_ouln", "active_pip": 0, "licensed": 0, "com_floors": [1], "occ_floors": [1], "unknown_n": 0, "id": "1147010100109050005-1", "pnu": "1147010100109050005", "floors": 3, "height": 0.0}}, {"type": "Feature", "geometry": {"type": "Polygon", "coordinates": [[[126.85914336, 37.52626813], [126.8590518, 37.52626042], [126.85903279, 37.52640935], [126.85910523, 37.52642238], [126.85915225, 37.52642301], [126.85915911, 37.52634952], [126.85913313, 37.52634753], [126.85914336, 37.52626813]]]}, "properties": {"name": "신정동 906-1", "status": "full", "capacity": 3, "active": 3, "industry": "비알코올 ", "vacancy_rate": 0.0, "vacancy_rate_lo": 0.0, "vacancy_rate_hi": 66.7, "stores": 5, "source": "stores+ledger", "capacity_method": "floor_ouln", "active_pip": 0, "licensed": 0, "com_floors": [1, 2, 3], "occ_floors": [2], "unknown_n": 2, "id": "1147010100109060001-1", "pnu": "1147010100109060001", "floors": 3, "height": 0.0}}, {"type": "Feature", "geometry": {"type": "Polygon", "coordinates": [[[126.86062028, 37.5272821], [126.86060026, 37.52720972], [126.86044713, 37.52723741], [126.86047122, 37.52730727], [126.86062028, 37.5272821]]]}, "properties": {"name": "일부", "status": "full", "capacity": 1, "active": 1, "industry": "이용·미용", "vacancy_rate": 0.0, "vacancy_rate_lo": 0.0, "vacancy_rate_hi": 0.0, "stores": 2, "source": "stores+ledger", "capacity_method": "floor_ouln", "active_pip": 0, "licensed": 0, "com_floors": [1], "occ_floors": [1], "unknown_n": 0, "id": "1147010100108890007-1", "pnu": "1147010100108890007", "floors": 4, "height": 11.8}}, {"type": "Feature", "geometry": {"type": "Polygon", "coordinates": [[[126.86373896, 37.52651904], [126.86373932, 37.5265106], [126.86381637, 37.52651716], [126.86382709, 37.52635527], [126.86360306, 37.52639134], [126.86358891, 37.52650113], [126.86362903, 37.52650512], [126.86362777, 37.52651413], [126.86373896, 37.52651904]]]}, "properties": {"name": "신정동 900-13", "status": "full", "capacity": 3, "active": 3, "industry": "유원지·오락", "vacancy_rate": 0.0, "vacancy_rate_lo": 0.0, "vacancy_rate_hi": 33.3, "stores": 3, "source": "stores+ledger", "capacity_method": "floor_ouln", "active_pip": 0, "licensed": 0, "com_floors": [1, 2, 3], "occ_floors": [1, 2], "unknown_n": 1, "id": "1147010100109000013-1", "pnu": "1147010100109000013", "floors": 3, "height": 0.0}}, {"type": "Feature", "geometry": {"type": "Polygon", "coordinates": [[[126.86106857, 37.52804003], [126.86108554, 37.52803611], [126.86108642, 37.52803949], [126.86120117, 37.52802611], [126.86119995, 37.52801963], [126.86122346, 37.52801628], [126.86120785, 37.52794587], [126.86108267, 37.52796205], [126.8610846, 37.52796994], [126.86105225, 37.52797525], [126.86106857, 37.52804003]]]}, "properties": {"name": "신정동 891-24", "status": "empty", "capacity": 6, "active": 0, "industry": "", "vacancy_rate": 100.0, "source": "polygon_only", "capacity_method": "floor_approx", "active_pip": 0, "licensed": 0, "id": "1147010100108910024-1", "pnu": "1147010100108910024", "floors": 6, "height": 23.05}}, {"type": "Feature", "geometry": {"type": "Polygon", "coordinates": [[[126.86252631, 37.52732166], [126.86249852, 37.52720514], [126.86238739, 37.5272213], [126.86237387, 37.52717235], [126.86240771, 37.52716222], [126.86240327, 37.52713374], [126.86236618, 37.52713515], [126.86235687, 37.5270857], [126.8624667, 37.52706844], [126.8624435, 37.52695702], [126.86218668, 37.52699545], [126.86226642, 37.5273552], [126.86252631, 37.52732166]]]}, "properties": {"name": "이연에버리치", "status": "high", "capacity": 10, "active": 4, "industry": "이용·미용", "vacancy_rate": 60.0, "vacancy_rate_lo": null, "vacancy_rate_hi": null, "stores": 4, "source": "stores+ledger", "capacity_method": "expos_units", "active_pip": 0, "licensed": 0, "com_floors": null, "occ_floors": null, "unknown_n": null, "id": "1147010100108880008-1", "pnu": "1147010100108880008", "floors": 10, "height": 30.9}}, {"type": "Feature", "geometry": {"type": "Polygon", "coordinates": [[[126.86397298, 37.52739807], [126.86366861, 37.52738252], [126.86366101, 37.52747852], [126.86381407, 37.52748911], [126.86380591, 37.52760708], [126.86395633, 37.52761344], [126.86397298, 37.52739807]]]}, "properties": {"name": "화성빌딩", "status": "full", "capacity": 3, "active": 3, "industry": "기타 교육", "vacancy_rate": 0.0, "vacancy_rate_lo": 0.0, "vacancy_rate_hi": 0.0, "stores": 8, "source": "stores+ledger", "capacity_method": "floor_ouln", "active_pip": 0, "licensed": 0, "com_floors": [1, 2, 3], "occ_floors": [1, 2, 3], "unknown_n": 0, "id": "1147010100109000021-1", "pnu": "1147010100109000021", "floors": 3, "height": 10.8}}, {"type": "Feature", "geometry": {"type": "Polygon", "coordinates": [[[126.86350423, 37.52903566], [126.86350205, 37.5290647], [126.86351147, 37.5290652], [126.86350744, 37.5291095], [126.8637362, 37.5291239], [126.8637527, 37.52907695], [126.86375859, 37.5290151], [126.86376102, 37.52901558], [126.86376329, 37.52899024], [126.86369215, 37.52898642], [126.86368907, 37.52900978], [126.86352338, 37.52899872], [126.86352004, 37.52903695], [126.86350423, 37.52903566]]]}, "properties": {"name": "신정동 898-11", "status": "high", "capacity": 5, "active": 2, "industry": "일반 숙박", "vacancy_rate": 60.0, "vacancy_rate_lo": null, "vacancy_rate_hi": null, "stores": 2, "source": "stores+ledger", "capacity_method": "floor_approx", "active_pip": 0, "licensed": 0, "com_floors": null, "occ_floors": null, "unknown_n": null, "id": "1147010100108980011-1", "pnu": "1147010100108980011", "floors": 5, "height": 11.8}}, {"type": "Feature", "geometry": {"type": "Polygon", "coordinates": [[[126.86310712, 37.52848067], [126.86319065, 37.52848943], [126.86320658, 37.52840032], [126.86312394, 37.52839124], [126.86310712, 37.52848067]]]}, "properties": {"name": "신정동 895-15", "status": "full", "capacity": 1, "active": 1, "industry": "한식", "vacancy_rate": 0.0, "vacancy_rate_lo": 0.0, "vacancy_rate_hi": 0.0, "stores": 1, "source": "stores+ledger", "capacity_method": "floor_ouln", "active_pip": 0, "licensed": 0, "com_floors": [1], "occ_floors": [1], "unknown_n": 0, "id": "1147010100108950015-1", "pnu": "1147010100108950015", "floors": 5, "height": 14.8}}, {"type": "Feature", "geometry": {"type": "Polygon", "coordinates": [[[126.86255549, 37.52623329], [126.86258112, 37.52633723], [126.86271621, 37.52631571], [126.86269624, 37.52621374], [126.86255549, 37.52623329]]]}, "properties": {"name": "신정동 902-6", "status": "partial", "capacity": 4, "active": 3, "industry": "한식", "vacancy_rate": 25.0, "vacancy_rate_lo": 25.0, "vacancy_rate_hi": 25.0, "stores": 4, "source": "stores+ledger", "capacity_method": "floor_ouln", "active_pip": 0, "licensed": 0, "com_floors": [1, 2, 3, 4], "occ_floors": [1, 2, 4], "unknown_n": 0, "id": "1147010100109020006-2", "pnu": "1147010100109020006", "floors": 4, "height": 0.0}}, {"type": "Feature", "geometry": {"type": "Polygon", "coordinates": [[[126.86290376, 37.52814804], [126.86292342, 37.52821987], [126.86292873, 37.52821875], [126.86302987, 37.52820197], [126.86300776, 37.52811607], [126.86292872, 37.52812752], [126.86289919, 37.52813171], [126.86290376, 37.52814804]]]}, "properties": {"name": "신정동 895-19", "status": "empty", "capacity": 1, "active": 0, "industry": "", "vacancy_rate": 100.0, "source": "polygon_only", "capacity_method": "floor_approx", "active_pip": 0, "licensed": 0, "id": "1147010100108950019-1", "pnu": "1147010100108950019", "floors": 1, "height": 3.9}}, {"type": "Feature", "geometry": {"type": "Polygon", "coordinates": [[[126.85888171, 37.52739445], [126.85889039, 37.52739722], [126.85916501, 37.52736119], [126.85915012, 37.52729647], [126.85914282, 37.52729878], [126.8591327, 37.52727259], [126.85888071, 37.52729855], [126.85889894, 37.52735492], [126.85887694, 37.52737082], [126.85888171, 37.52739445]]]}, "properties": {"name": "제일에비앙", "status": "full", "capacity": 1, "active": 1, "industry": "비알코올 ", "vacancy_rate": 0.0, "vacancy_rate_lo": null, "vacancy_rate_hi": null, "stores": 1, "source": "stores+ledger", "capacity_method": "expos_units", "active_pip": 0, "licensed": 0, "com_floors": null, "occ_floors": null, "unknown_n": null, "id": "1147010100108850001-1", "pnu": "1147010100108850001", "floors": 5, "height": 16.1}}, {"type": "Feature", "geometry": {"type": "Polygon", "coordinates": [[[126.8627414, 37.52709243], [126.86284959, 37.52707387], [126.86283318, 37.52701319], [126.86281955, 37.52701552], [126.86281404, 37.52699514], [126.86272282, 37.52701079], [126.86272833, 37.52703116], [126.862725, 37.52703174], [126.8627414, 37.52709243]]]}, "properties": {"name": "신정동 888-22", "status": "empty", "capacity": 6, "active": 0, "industry": "", "vacancy_rate": 100.0, "source": "polygon_only", "capacity_method": "floor_approx", "active_pip": 0, "licensed": 0, "id": "1147010100108880022-1", "pnu": "1147010100108880022", "floors": 6, "height": 16.9}}, {"type": "Feature", "geometry": {"type": "Polygon", "coordinates": [[[126.862717, 37.52710609], [126.86271641, 37.52710948], [126.86272302, 37.52717361], [126.86286132, 37.52716674], [126.86285654, 37.52709468], [126.862717, 37.52710609]]]}, "properties": {"name": "신정동 888-21", "status": "empty", "capacity": 6, "active": 0, "industry": "", "vacancy_rate": 100.0, "source": "polygon_only", "capacity_method": "floor_approx", "active_pip": 0, "licensed": 0, "id": "1147010100108880021-1", "pnu": "1147010100108880021", "floors": 6, "height": 17.5}}, {"type": "Feature", "geometry": {"type": "Polygon", "coordinates": [[[126.863919, 37.5264045], [126.86391998, 37.52640444], [126.86392093, 37.52640423], [126.86392182, 37.5264039], [126.86392264, 37.52640345], [126.86392333, 37.5264029], [126.8639239, 37.52640225], [126.86392432, 37.52640154], [126.86392458, 37.52640079], [126.86392466, 37.5264], [126.86392458, 37.52639923], [126.86392432, 37.52639846], [126.86392391, 37.52639775], [126.86392334, 37.52639711], [126.86392265, 37.52639655], [126.86392184, 37.5263961], [126.86392095, 37.52639577], [126.86392, 37.52639556], [126.86391901, 37.52639549], [126.86391803, 37.52639556], [126.86391708, 37.52639577], [126.86391618, 37.52639609], [126.86391538, 37.52639654], [126.86391468, 37.5263971], [126.86391411, 37.52639774], [126.86391369, 37.52639845], [126.86391344, 37.52639922], [126.86391335, 37.52639999], [126.86391344, 37.52640077], [126.86391368, 37.52640153], [126.8639141, 37.52640224], [126.86391467, 37.52640289], [126.86391537, 37.52640344], [126.86391617, 37.52640389], [126.86391706, 37.52640423], [126.86391801, 37.52640444], [126.863919, 37.5264045]]]}, "properties": {"name": "한성빌딩", "status": "full", "capacity": 7, "active": 7, "industry": "의원", "vacancy_rate": 0.0, "vacancy_rate_lo": 0.0, "vacancy_rate_hi": 0.0, "stores": 11, "source": "stores+ledger", "capacity_method": "floor_ouln", "active_pip": 0, "licensed": 0, "com_floors": [1, 2, 3, 4, 5, 6, 7], "occ_floors": [1, 2, 3, 4, 5, 6, 7], "unknown_n": 0, "id": "1147010100109000014-1", "pnu": "1147010100109000014", "floors": 7, "height": 25.35}}, {"type": "Feature", "geometry": {"type": "Polygon", "coordinates": [[[126.86358285, 37.5275888], [126.86358305, 37.52758007], [126.86353196, 37.52757833], [126.86353106, 37.52758677], [126.86348812, 37.52758447], [126.86348479, 37.52766528], [126.86352471, 37.5276887], [126.86360586, 37.52767358], [126.86361114, 37.52759024], [126.86358285, 37.5275888]]]}, "properties": {"name": "전체", "status": "full", "capacity": 3, "active": 3, "industry": "이용·미용", "vacancy_rate": 0.0, "vacancy_rate_lo": 0.0, "vacancy_rate_hi": 0.0, "stores": 4, "source": "stores+ledger", "capacity_method": "floor_ouln", "active_pip": 0, "licensed": 0, "com_floors": [1, 2, 3], "occ_floors": [1, 2, 3], "unknown_n": 0, "id": "1147010100109000001-1", "pnu": "1147010100109000001", "floors": 4, "height": 13.3}}, {"type": "Feature", "geometry": {"type": "Polygon", "coordinates": [[[126.86055193, 37.52886243], [126.86038173, 37.52883971], [126.86037371, 37.52887742], [126.86054586, 37.52889959], [126.86055193, 37.52886243]]]}, "properties": {"name": "신정동 892-2", "status": "empty", "capacity": 2, "active": 0, "industry": "", "vacancy_rate": 100.0, "source": "polygon_only", "capacity_method": "floor_approx", "active_pip": 0, "licensed": 0, "id": "1147010100108920002-1", "pnu": "1147010100108920002", "floors": 2, "height": 0.0}}, {"type": "Feature", "geometry": {"type": "Polygon", "coordinates": [[[126.86446843, 37.53024637], [126.8644695, 37.53023709], [126.86457627, 37.53024283], [126.86458813, 37.53013669], [126.86455402, 37.53013469], [126.86451725, 37.53013887], [126.86438473, 37.5301956], [126.8643797, 37.5302412], [126.86446843, 37.53024637]]]}, "properties": {"name": "목동 807-6", "status": "partial", "capacity": 3, "active": 2, "industry": "한식", "vacancy_rate": 33.3, "vacancy_rate_lo": 33.3, "vacancy_rate_hi": 33.3, "stores": 4, "source": "stores+ledger", "capacity_method": "floor_ouln", "active_pip": 0, "licensed": 0, "com_floors": [1, 2, 3], "occ_floors": [1, 2], "unknown_n": 0, "id": "1147010200108070006-1", "pnu": "1147010200108070006", "floors": 3, "height": 11.5}}, {"type": "Feature", "geometry": {"type": "Polygon", "coordinates": [[[126.86313724, 37.52927078], [126.86323042, 37.52928114], [126.86324338, 37.5291981], [126.86315021, 37.52918807], [126.86313724, 37.52927078]]]}, "properties": {"name": "신정동 897-7", "status": "empty", "capacity": 3, "active": 0, "industry": "", "vacancy_rate": 100.0, "source": "polygon_only", "capacity_method": "floor_approx", "active_pip": 0, "licensed": 0, "id": "1147010100108970007-1", "pnu": "1147010100108970007", "floors": 3, "height": 9.3}}, {"type": "Feature", "geometry": {"type": "Polygon", "coordinates": [[[126.86360628, 37.53046451], [126.86344881, 37.53045568], [126.86343391, 37.53062271], [126.86359184, 37.53062487], [126.86360628, 37.53046451]]]}, "properties": {"name": "화곡동 782-4", "status": "high", "capacity": 3, "active": 1, "industry": "가전·통신 소매", "vacancy_rate": 66.7, "vacancy_rate_lo": 66.7, "vacancy_rate_hi": 100.0, "stores": 1, "source": "stores+ledger", "capacity_method": "floor_ouln", "active_pip": 0, "licensed": 0, "com_floors": [1, 2, 3], "occ_floors": [], "unknown_n": 1, "id": "1150010300107820004-1", "pnu": "1150010300107820004", "floors": 3, "height": 14.25}}, {"type": "Feature", "geometry": {"type": "Polygon", "coordinates": [[[126.86341595, 37.53054268], [126.86325035, 37.53053213], [126.86324447, 37.53058843], [126.863299, 37.53059174], [126.86329819, 37.53059958], [126.8634095, 37.53060674], [126.86341595, 37.53054268]]]}, "properties": {"name": "화곡동 782-9", "status": "full", "capacity": 2, "active": 2, "industry": "한식", "vacancy_rate": 0.0, "vacancy_rate_lo": 0.0, "vacancy_rate_hi": 0.0, "stores": 4, "source": "stores+ledger", "capacity_method": "floor_ouln", "active_pip": 0, "licensed": 0, "com_floors": [1, 2], "occ_floors": [1, 2], "unknown_n": 0, "id": "1150010300107820009-1", "pnu": "1150010300107820009", "floors": 4, "height": 12.2}}, {"type": "Feature", "geometry": {"type": "Polygon", "coordinates": [[[126.86341952, 37.53001596], [126.86330085, 37.53001167], [126.86328634, 37.53002346], [126.86327983, 37.53011896], [126.86345178, 37.5301252], [126.86345828, 37.53003925], [126.86341952, 37.53001596]]]}, "properties": {"name": "원철빌딩", "status": "high", "capacity": 4, "active": 1, "industry": "기타 교육", "vacancy_rate": 75.0, "vacancy_rate_lo": null, "vacancy_rate_hi": null, "stores": 1, "source": "stores+ledger", "capacity_method": "expos_units", "active_pip": 0, "licensed": 0, "com_floors": null, "occ_floors": null, "unknown_n": null, "id": "1150010300107820006-1", "pnu": "1150010300107820006", "floors": 6, "height": 21.0}}, {"type": "Feature", "geometry": {"type": "Polygon", "coordinates": [[[126.86344417, 37.53032728], [126.8632548, 37.53031716], [126.86325052, 37.53036788], [126.86344013, 37.53037791], [126.86344417, 37.53032728]]]}, "properties": {"name": "그린빌딩", "status": "partial", "capacity": 2, "active": 1, "industry": "서양식", "vacancy_rate": 50.0, "vacancy_rate_lo": 50.0, "vacancy_rate_hi": 50.0, "stores": 1, "source": "stores+ledger", "capacity_method": "floor_ouln", "active_pip": 0, "licensed": 0, "com_floors": [1, 2], "occ_floors": [1], "unknown_n": 0, "id": "1150010300107820007-1", "pnu": "1150010300107820007", "floors": 5, "height": 13.9}}, {"type": "Feature", "geometry": {"type": "Polygon", "coordinates": [[[126.86467036, 37.52936671], [126.86462376, 37.52932057], [126.86458271, 37.52934339], [126.86455, 37.52931344], [126.86455234, 37.52927854], [126.86437939, 37.52926884], [126.86437448, 37.5293188], [126.86436869, 37.52932321], [126.86437484, 37.52934923], [126.86439503, 37.52939308], [126.86443022, 37.52944299], [126.86446509, 37.52948249], [126.86450701, 37.52952498], [126.86455596, 37.52956086], [126.86461594, 37.5295972], [126.86466386, 37.52962032], [126.86467179, 37.52950166], [126.86464871, 37.5294783], [126.864668, 37.52946729], [126.86460432, 37.5294037], [126.86467036, 37.52936671]]]}, "properties": {"name": "경원빌딩", "status": "high", "capacity": 6, "active": 2, "industry": "스포츠 서비스", "vacancy_rate": 66.7, "vacancy_rate_lo": 66.7, "vacancy_rate_hi": 83.3, "stores": 2, "source": "stores+ledger", "capacity_method": "floor_ouln", "active_pip": 0, "licensed": 0, "com_floors": [1, 2, 3, 4, 5, 6], "occ_floors": [3], "unknown_n": 1, "id": "1147010200108080001-1", "pnu": "1147010200108080001", "floors": 7, "height": 26.1}}, {"type": "Feature", "geometry": {"type": "Polygon", "coordinates": [[[126.86302046, 37.52773653], [126.86299306, 37.52763852], [126.86292871, 37.52764745], [126.86255688, 37.52769939], [126.86255969, 37.52771066], [126.86252096, 37.52771653], [126.86253935, 37.52780609], [126.8629287, 37.52774995], [126.86302046, 37.52773653]]]}, "properties": {"name": "건영", "status": "high", "capacity": 10, "active": 1, "industry": "섬유·의복·신발 소매", "vacancy_rate": 90.0, "vacancy_rate_lo": null, "vacancy_rate_hi": null, "stores": 1, "source": "stores+ledger", "capacity_method": "expos_units", "active_pip": 0, "licensed": 0, "com_floors": null, "occ_floors": null, "unknown_n": null, "id": "1147010100108900013-1", "pnu": "1147010100108900013", "floors": 8, "height": 24.1}}, {"type": "Feature", "geometry": {"type": "Polygon", "coordinates": [[[126.86034444, 37.52780464], [126.86033078, 37.52772831], [126.86022187, 37.52774114], [126.86019898, 37.52778587], [126.86020687, 37.52782193], [126.86034444, 37.52780464]]]}, "properties": {"name": "신정동 891-3", "status": "full", "capacity": 1, "active": 1, "industry": "식료품 소매", "vacancy_rate": 0.0, "vacancy_rate_lo": 0.0, "vacancy_rate_hi": 100.0, "stores": 1, "source": "stores+ledger", "capacity_method": "floor_ouln", "active_pip": 0, "licensed": 0, "com_floors": [1], "occ_floors": [], "unknown_n": 1, "id": "1147010100108910003-1", "pnu": "1147010100108910003", "floors": 4, "height": 12.8}}, {"type": "Feature", "geometry": {"type": "Polygon", "coordinates": [[[126.86154543, 37.52797527], [126.8615302, 37.52789952], [126.86145824, 37.52791182], [126.86145822, 37.52792055], [126.86140923, 37.52792753], [126.86142346, 37.52797992], [126.86145295, 37.52798952], [126.86154543, 37.52797527]]]}, "properties": {"name": "신정동 891-33", "status": "full", "capacity": 1, "active": 1, "industry": "주점", "vacancy_rate": 0.0, "vacancy_rate_lo": 0.0, "vacancy_rate_hi": 0.0, "stores": 1, "source": "stores+ledger", "capacity_method": "floor_ouln", "active_pip": 0, "licensed": 0, "com_floors": [1], "occ_floors": [1], "unknown_n": 0, "id": "1147010100108910033-1", "pnu": "1147010100108910033", "floors": 3, "height": 10.0}}, {"type": "Feature", "geometry": {"type": "Polygon", "coordinates": [[[126.86163505, 37.52912613], [126.86154174, 37.52911673], [126.86152232, 37.52919807], [126.86162291, 37.5291889], [126.86163505, 37.52912613]]]}, "properties": {"name": "신정동 893-4", "status": "empty", "capacity": 3, "active": 0, "industry": "", "vacancy_rate": 100.0, "source": "polygon_only", "capacity_method": "floor_approx", "active_pip": 0, "licensed": 0, "id": "1147010100108930004-1", "pnu": "1147010100108930004", "floors": 3, "height": 9.8}}, {"type": "Feature", "geometry": {"type": "Polygon", "coordinates": [[[126.86324455, 37.52931637], [126.86314559, 37.52930471], [126.86312631, 37.52940097], [126.86323024, 37.52941265], [126.86324455, 37.52931637]]]}, "properties": {"name": "신정동 897-6", "status": "full", "capacity": 1, "active": 1, "industry": "철물·건설자재 소매", "vacancy_rate": 0.0, "vacancy_rate_lo": 0.0, "vacancy_rate_hi": 100.0, "stores": 1, "source": "stores+ledger", "capacity_method": "floor_ouln", "active_pip": 0, "licensed": 0, "com_floors": [1], "occ_floors": [], "unknown_n": 1, "id": "1147010100108970006-1", "pnu": "1147010100108970006", "floors": 2, "height": 7.7}}, {"type": "Feature", "geometry": {"type": "Polygon", "coordinates": [[[126.86259954, 37.52805196], [126.86258629, 37.52804744], [126.8624848, 37.52806365], [126.86250235, 37.52813041], [126.8626141, 37.52811364], [126.86261287, 37.52810913], [126.86261747, 37.52810323], [126.8626173, 37.52810182], [126.86261889, 37.52810153], [126.86261224, 37.52806746], [126.86260182, 37.52806237], [126.86259954, 37.52805196]]]}, "properties": {"name": "신정동 895-25", "status": "full", "capacity": 1, "active": 1, "industry": "주점", "vacancy_rate": 0.0, "vacancy_rate_lo": 0.0, "vacancy_rate_hi": 0.0, "stores": 2, "source": "stores+ledger", "capacity_method": "floor_ouln", "active_pip": 0, "licensed": 0, "com_floors": [1], "occ_floors": [1], "unknown_n": 0, "id": "1147010100108950025-2", "pnu": "1147010100108950025", "floors": 4, "height": 10.9}}, {"type": "Feature", "geometry": {"type": "Polygon", "coordinates": [[[126.86368014, 37.52707507], [126.86354988, 37.52706872], [126.86354461, 37.52713854], [126.86367595, 37.52714489], [126.86368014, 37.52707507]]]}, "properties": {"name": "신정동 900-7", "status": "full", "capacity": 2, "active": 2, "industry": "주점", "vacancy_rate": 0.0, "vacancy_rate_lo": 0.0, "vacancy_rate_hi": 0.0, "stores": 3, "source": "stores+ledger", "capacity_method": "floor_ouln", "active_pip": 0, "licensed": 0, "com_floors": [1, 2], "occ_floors": [1, 2], "unknown_n": 0, "id": "1147010100109000007-1", "pnu": "1147010100109000007", "floors": 4, "height": 12.35}}, {"type": "Feature", "geometry": {"type": "Polygon", "coordinates": [[[126.86334801, 37.52822346], [126.86325292, 37.52821941], [126.86324387, 37.52833907], [126.86333472, 37.52834142], [126.86333969, 37.5283372], [126.86334801, 37.52822346]]]}, "properties": {"name": "신정동 895-48", "status": "full", "capacity": 1, "active": 1, "industry": "의약·화장품 소매", "vacancy_rate": 0.0, "vacancy_rate_lo": 0.0, "vacancy_rate_hi": 0.0, "stores": 2, "source": "stores+ledger", "capacity_method": "floor_ouln", "active_pip": 0, "licensed": 0, "com_floors": [1], "occ_floors": [1], "unknown_n": 0, "id": "1147010100108950048-1", "pnu": "1147010100108950048", "floors": 3, "height": 0.0}}, {"type": "Feature", "geometry": {"type": "Polygon", "coordinates": [[[126.86188374, 37.52818008], [126.86183941, 37.52815722], [126.86173527, 37.52817259], [126.86175016, 37.52824271], [126.86188844, 37.52821922], [126.86188374, 37.52818008]]]}, "properties": {"name": "신정동 894-25", "status": "full", "capacity": 1, "active": 1, "industry": "종합 소매", "vacancy_rate": 0.0, "vacancy_rate_lo": 0.0, "vacancy_rate_hi": 0.0, "stores": 2, "source": "stores+ledger", "capacity_method": "floor_ouln", "active_pip": 0, "licensed": 0, "com_floors": [1], "occ_floors": [1], "unknown_n": 0, "id": "1147010100108940025-1", "pnu": "1147010100108940025", "floors": 4, "height": 10.8}}, {"type": "Feature", "geometry": {"type": "Polygon", "coordinates": [[[126.85999999, 37.52889388], [126.85999151, 37.52889275], [126.85997722, 37.52896875], [126.86000003, 37.5289716], [126.86018542, 37.52899433], [126.86018541, 37.52899771], [126.86021917, 37.52900198], [126.86023504, 37.52892287], [126.85999999, 37.52889388]]]}, "properties": {"name": "신정동 892-1", "status": "partial", "capacity": 2, "active": 1, "industry": "스포츠 서비스", "vacancy_rate": 50.0, "vacancy_rate_lo": 50.0, "vacancy_rate_hi": 50.0, "stores": 1, "source": "stores+ledger", "capacity_method": "floor_ouln", "active_pip": 0, "licensed": 0, "com_floors": [1, 2], "occ_floors": [2], "unknown_n": 0, "id": "1147010100108920001-1", "pnu": "1147010100108920001", "floors": 2, "height": 7.5}}, {"type": "Feature", "geometry": {"type": "Polygon", "coordinates": [[[126.86341254, 37.52735267], [126.86341618, 37.52729212], [126.8634093, 37.52728648], [126.86339766, 37.52727351], [126.86337417, 37.52726279], [126.86329725, 37.52727453], [126.86330955, 37.52731087], [126.86329524, 37.52731085], [126.86330259, 37.52734887], [126.86331903, 37.52734776], [126.86332357, 37.52737959], [126.8634111, 37.52736674], [126.86341254, 37.52735267]]]}, "properties": {"name": "신정동 890-19", "status": "full", "capacity": 4, "active": 4, "industry": "이용·미용", "vacancy_rate": 0.0, "vacancy_rate_lo": 0.0, "vacancy_rate_hi": 0.0, "stores": 4, "source": "stores+ledger", "capacity_method": "floor_ouln", "active_pip": 0, "licensed": 0, "com_floors": [1, 2, 3, 4], "occ_floors": [1, 2, 3, 4], "unknown_n": 0, "id": "1147010100108900019-1", "pnu": "1147010100108900019", "floors": 4, "height": 12.4}}, {"type": "Feature", "geometry": {"type": "Polygon", "coordinates": [[[126.86209669, 37.52754118], [126.86207863, 37.52745754], [126.86198562, 37.52747151], [126.86197995, 37.52748248], [126.86199573, 37.52755345], [126.86209669, 37.52754118]]]}, "properties": {"name": "일부", "status": "full", "capacity": 1, "active": 1, "industry": "이용·미용", "vacancy_rate": 0.0, "vacancy_rate_lo": 0.0, "vacancy_rate_hi": 0.0, "stores": 3, "source": "stores+ledger", "capacity_method": "floor_ouln", "active_pip": 0, "licensed": 0, "com_floors": [1], "occ_floors": [1], "unknown_n": 0, "id": "1147010100108900005-1", "pnu": "1147010100108900005", "floors": 3, "height": 0.0}}, {"type": "Feature", "geometry": {"type": "Polygon", "coordinates": [[[126.8631942, 37.52804195], [126.86317491, 37.52795914], [126.86306457, 37.52797564], [126.86303836, 37.52800461], [126.86305169, 37.52806122], [126.8631942, 37.52804195]]]}, "properties": {"name": "신정동 895-44", "status": "empty", "capacity": 4, "active": 0, "industry": "", "vacancy_rate": 100.0, "source": "polygon_only", "capacity_method": "floor_approx", "active_pip": 0, "licensed": 0, "id": "1147010100108950044-1", "pnu": "1147010100108950044", "floors": 4, "height": 13.75}}, {"type": "Feature", "geometry": {"type": "Polygon", "coordinates": [[[126.86118978, 37.52653888], [126.861164, 37.5264327], [126.86102078, 37.52645478], [126.86102584, 37.5264897], [126.86101363, 37.5264925], [126.861031, 37.52656544], [126.86118978, 37.52653888]]]}, "properties": {"name": "덕산빌딩", "status": "full", "capacity": 6, "active": 6, "industry": "주점", "vacancy_rate": 0.0, "vacancy_rate_lo": 0.0, "vacancy_rate_hi": 16.7, "stores": 7, "source": "stores+ledger", "capacity_method": "floor_ouln", "active_pip": 0, "licensed": 0, "com_floors": [1, 2, 3, 4, 5, 6], "occ_floors": [1, 2, 3, 5, 6], "unknown_n": 1, "id": "1147010100109040007-1", "pnu": "1147010100109040007", "floors": 7, "height": 24.75}}, {"type": "Feature", "geometry": {"type": "Polygon", "coordinates": [[[126.8624206, 37.52759844], [126.86240623, 37.52753281], [126.86227484, 37.52755237], [126.86228958, 37.5276163], [126.8624206, 37.52759844]]]}, "properties": {"name": "신정동 890-30", "status": "empty", "capacity": 3, "active": 0, "industry": "", "vacancy_rate": 100.0, "source": "polygon_only", "capacity_method": "floor_approx", "active_pip": 0, "licensed": 0, "id": "1147010100108900030-1", "pnu": "1147010100108900030", "floors": 3, "height": 8.6}}, {"type": "Feature", "geometry": {"type": "Polygon", "coordinates": [[[126.85969396, 37.52674519], [126.85965747, 37.52659958], [126.85951373, 37.52661939], [126.85954615, 37.52676416], [126.85969396, 37.52674519]]]}, "properties": {"name": "신정동 905-3", "status": "full", "capacity": 3, "active": 3, "industry": "한식", "vacancy_rate": 0.0, "vacancy_rate_lo": 0.0, "vacancy_rate_hi": 33.3, "stores": 2, "source": "stores+ledger", "capacity_method": "floor_ouln", "active_pip": 0, "licensed": 0, "com_floors": [1, 2, 3], "occ_floors": [1, 2], "unknown_n": 1, "id": "1147010100109050003-1", "pnu": "1147010100109050003", "floors": 4, "height": 0.0}}, {"type": "Feature", "geometry": {"type": "Polygon", "coordinates": [[[126.8617962, 37.52791108], [126.86178129, 37.5278542], [126.86168138, 37.5278704], [126.86169679, 37.52795237], [126.86177423, 37.52794175], [126.8617962, 37.52791108]]]}, "properties": {"name": "신정동 891-35", "status": "empty", "capacity": 3, "active": 0, "industry": "", "vacancy_rate": 100.0, "source": "polygon_only", "capacity_method": "floor_approx", "active_pip": 0, "licensed": 0, "id": "1147010100108910035-1", "pnu": "1147010100108910035", "floors": 3, "height": 10.9}}, {"type": "Feature", "geometry": {"type": "Polygon", "coordinates": [[[126.8632182, 37.5270979], [126.86319979, 37.52701172], [126.86309477, 37.52702596], [126.86311318, 37.52711158], [126.8632182, 37.5270979]]]}, "properties": {"name": "신정동 888-30", "status": "full", "capacity": 1, "active": 1, "industry": "비알코올 ", "vacancy_rate": 0.0, "vacancy_rate_lo": 0.0, "vacancy_rate_hi": 0.0, "stores": 1, "source": "stores+ledger", "capacity_method": "floor_ouln", "active_pip": 0, "licensed": 0, "com_floors": [1], "occ_floors": [1], "unknown_n": 0, "id": "1147010100108880030-1", "pnu": "1147010100108880030", "floors": 5, "height": 15.1}}, {"type": "Feature", "geometry": {"type": "Polygon", "coordinates": [[[126.86270791, 37.52668904], [126.86267194, 37.52654569], [126.86241115, 37.52658029], [126.86243502, 37.52667323], [126.86255631, 37.52665761], [126.86255736, 37.52666521], [126.86258477, 37.52666187], [126.86259563, 37.52670834], [126.86270791, 37.52668904]]]}, "properties": {"name": "일부", "status": "full", "capacity": 2, "active": 2, "industry": "주점", "vacancy_rate": 0.0, "vacancy_rate_lo": 0.0, "vacancy_rate_hi": 0.0, "stores": 9, "source": "stores+ledger", "capacity_method": "floor_ouln", "active_pip": 0, "licensed": 0, "com_floors": [1, 2], "occ_floors": [1, 2], "unknown_n": 0, "id": "1147010100108870008-1", "pnu": "1147010100108870008", "floors": 4, "height": 0.0}}, {"type": "Feature", "geometry": {"type": "Polygon", "coordinates": [[[126.85932818, 37.52715499], [126.85930594, 37.52703925], [126.85914062, 37.52705847], [126.85916534, 37.52717704], [126.85932818, 37.52715499]]]}, "properties": {"name": "2~3층", "status": "full", "capacity": 1, "active": 1, "industry": "기타 숙박", "vacancy_rate": 0.0, "vacancy_rate_lo": 0.0, "vacancy_rate_hi": 0.0, "stores": 2, "source": "stores+ledger", "capacity_method": "floor_ouln", "active_pip": 0, "licensed": 0, "com_floors": [1], "occ_floors": [1], "unknown_n": 0, "id": "1147010100108850019-1", "pnu": "1147010100108850019", "floors": 3, "height": 0.0}}, {"type": "Feature", "geometry": {"type": "Polygon", "coordinates": [[[126.86298606, 37.52799554], [126.86296804, 37.52798791], [126.86292879, 37.52799406], [126.86282835, 37.52800915], [126.86284378, 37.52808575], [126.86292865, 37.52807289], [126.86299866, 37.52806256], [126.86298606, 37.52799554]]]}, "properties": {"name": "신정동 895-20", "status": "full", "capacity": 2, "active": 2, "industry": "섬유·의복·신발 소매", "vacancy_rate": 0.0, "vacancy_rate_lo": 0.0, "vacancy_rate_hi": 0.0, "stores": 2, "source": "stores+ledger", "capacity_method": "floor_ouln", "active_pip": 0, "licensed": 0, "com_floors": [1, 2], "occ_floors": [1, 2], "unknown_n": 0, "id": "1147010100108950020-1", "pnu": "1147010100108950020", "floors": 4, "height": 0.0}}, {"type": "Feature", "geometry": {"type": "Polygon", "coordinates": [[[126.86346487, 37.52676425], [126.86345857, 37.52673046], [126.86332543, 37.5267517], [126.86334594, 37.52684154], [126.86345892, 37.52682449], [126.86344719, 37.52676761], [126.86346487, 37.52676425]]]}, "properties": {"name": "신정동 888-45", "status": "partial", "capacity": 3, "active": 2, "industry": "유원지·오락", "vacancy_rate": 33.3, "vacancy_rate_lo": 33.3, "vacancy_rate_hi": 33.3, "stores": 3, "source": "stores+ledger", "capacity_method": "floor_ouln", "active_pip": 0, "licensed": 0, "com_floors": [1, 2, 3], "occ_floors": [1, 3], "unknown_n": 0, "id": "1147010100108880045-1", "pnu": "1147010100108880045", "floors": 5, "height": 13.9}}, {"type": "Feature", "geometry": {"type": "Polygon", "coordinates": [[[126.86066277, 37.52838362], [126.86058966, 37.52834693], [126.86056663, 37.52837506], [126.86056486, 37.52837761], [126.86056256, 37.52837816], [126.86055832, 37.52838013], [126.86055247, 37.52838322], [126.86054627, 37.5283894], [126.86054415, 37.52839306], [126.86054273, 37.52839869], [126.86054237, 37.52840207], [126.8605002, 37.52845017], [126.86058265, 37.52850686], [126.86058778, 37.52850405], [126.86058901, 37.52850349], [126.8606051, 37.52850266], [126.86061271, 37.5284993], [126.86061979, 37.5284948], [126.86062705, 37.52848608], [126.86066277, 37.52838362]]]}, "properties": {"name": "신정동 891-12", "status": "empty", "capacity": 5, "active": 0, "industry": "", "vacancy_rate": 100.0, "source": "polygon_only", "capacity_method": "floor_approx", "active_pip": 0, "licensed": 0, "id": "1147010100108910012-1", "pnu": "1147010100108910012", "floors": 5, "height": 14.7}}, {"type": "Feature", "geometry": {"type": "Polygon", "coordinates": [[[126.86346976, 37.52660265], [126.86347954, 37.52647117], [126.86343351, 37.52641593], [126.86326164, 37.52644219], [126.8632839, 37.52654612], [126.86334703, 37.52653436], [126.86336791, 37.52661857], [126.86346976, 37.52660265]]]}, "properties": {"name": "담우빌딩", "status": "full", "capacity": 9, "active": 9, "industry": "의원", "vacancy_rate": 0.0, "vacancy_rate_lo": 0.0, "vacancy_rate_hi": 0.0, "stores": 11, "source": "stores+ledger", "capacity_method": "floor_ouln", "active_pip": 0, "licensed": 0, "com_floors": [1, 2, 3, 4, 5, 6, 7, 8, 9], "occ_floors": [1, 2, 3, 4, 5, 6, 7, 8, 9], "unknown_n": 0, "id": "1147010100108880047-1", "pnu": "1147010100108880047", "floors": 9, "height": 29.4}}, {"type": "Feature", "geometry": {"type": "Polygon", "coordinates": [[[126.86026069, 37.52654286], [126.8602556, 37.52652426], [126.86022201, 37.52653014], [126.86022781, 37.52654732], [126.86026069, 37.52654286]]]}, "properties": {"name": "신정동 904-1", "status": "full", "capacity": 2, "active": 2, "industry": "유원지·오락", "vacancy_rate": 0.0, "vacancy_rate_lo": 0.0, "vacancy_rate_hi": 0.0, "stores": 4, "source": "stores+ledger", "capacity_method": "floor_ouln", "active_pip": 0, "licensed": 0, "com_floors": [1, 3], "occ_floors": [1, 3], "unknown_n": 0, "id": "1147010100109040001-2", "pnu": "1147010100109040001", "floors": 0, "height": 0.0}}, {"type": "Feature", "geometry": {"type": "Polygon", "coordinates": [[[126.86301921, 37.52832529], [126.86309543, 37.52831129], [126.86308017, 37.52823976], [126.86305065, 37.52824367], [126.86304802, 37.52823438], [126.86293131, 37.52825536], [126.86295134, 37.52831957], [126.86297415, 37.52831594], [126.86297644, 37.52832242], [126.86301711, 37.52831711], [126.86301921, 37.52832529]]]}, "properties": {"name": "신정동 895-18", "status": "empty", "capacity": 1, "active": 0, "industry": "", "vacancy_rate": 100.0, "source": "polygon_only", "capacity_method": "floor_approx", "active_pip": 0, "licensed": 0, "id": "1147010100108950018-1", "pnu": "1147010100108950018", "floors": 1, "height": 0.0}}, {"type": "Feature", "geometry": {"type": "Polygon", "coordinates": [[[126.86352317, 37.52930852], [126.86353848, 37.52914805], [126.86345947, 37.52914176], [126.8634591, 37.52914936], [126.8634181, 37.52914762], [126.86341196, 37.52921632], [126.86338526, 37.52921601], [126.86337822, 37.52930159], [126.86352317, 37.52930852]]]}, "properties": {"name": "신정동 898-2", "status": "empty", "capacity": 2, "active": 0, "industry": "", "vacancy_rate": 100.0, "source": "polygon_only", "capacity_method": "floor_approx", "active_pip": 0, "licensed": 0, "id": "1147010100108980002-1", "pnu": "1147010100108980002", "floors": 2, "height": 10.5}}, {"type": "Feature", "geometry": {"type": "Polygon", "coordinates": [[[126.86051644, 37.5290302], [126.86052912, 37.52895983], [126.86028064, 37.52892996], [126.8602676, 37.52900653], [126.86030065, 37.52901024], [126.86030224, 37.52900432], [126.86051644, 37.5290302]]]}, "properties": {"name": "신정동 892-18", "status": "full", "capacity": 1, "active": 1, "industry": "오락용품 소매", "vacancy_rate": 0.0, "vacancy_rate_lo": 0.0, "vacancy_rate_hi": 100.0, "stores": 1, "source": "stores+ledger", "capacity_method": "floor_ouln", "active_pip": 0, "licensed": 0, "com_floors": [1], "occ_floors": [], "unknown_n": 1, "id": "1147010100108920018-1", "pnu": "1147010100108920018", "floors": 2, "height": 7.5}}, {"type": "Feature", "geometry": {"type": "Polygon", "coordinates": [[[126.86107233, 37.52703993], [126.86122856, 37.52701661], [126.86120115, 37.52690016], [126.86104492, 37.52692348], [126.86107233, 37.52703993]]]}, "properties": {"name": "예지쉐르빌", "status": "full", "capacity": 1, "active": 1, "industry": "이용·미용", "vacancy_rate": 0.0, "vacancy_rate_lo": null, "vacancy_rate_hi": null, "stores": 1, "source": "stores+ledger", "capacity_method": "expos_units", "active_pip": 0, "licensed": 0, "com_floors": null, "occ_floors": null, "unknown_n": null, "id": "1147010100108860005-1", "pnu": "1147010100108860005", "floors": 5, "height": 14.4}}, {"type": "Feature", "geometry": {"type": "Polygon", "coordinates": [[[126.86188936, 37.52789829], [126.86199844, 37.52787663], [126.86197663, 37.52780695], [126.86195971, 37.52781038], [126.86193752, 37.52773927], [126.86191988, 37.52774268], [126.86190913, 37.52771658], [126.86183748, 37.52773112], [126.86188936, 37.52789829]]]}, "properties": {"name": "문프라자", "status": "full", "capacity": 2, "active": 2, "industry": "섬유·의복·신발 소매", "vacancy_rate": 0.0, "vacancy_rate_lo": 0.0, "vacancy_rate_hi": 0.0, "stores": 3, "source": "stores+ledger", "capacity_method": "floor_ouln", "active_pip": 0, "licensed": 0, "com_floors": [1, 2], "occ_floors": [1, 2], "unknown_n": 0, "id": "1147010100108900001-1", "pnu": "1147010100108900001", "floors": 4, "height": 11.2}}, {"type": "Feature", "geometry": {"type": "Polygon", "coordinates": [[[126.86332754, 37.52673068], [126.86345254, 37.52671256], [126.86345838, 37.52663355], [126.86341082, 37.52664048], [126.86341324, 37.52664933], [126.86337648, 37.52665423], [126.86336771, 37.52662057], [126.86330395, 37.5266294], [126.86332754, 37.52673068]]]}, "properties": {"name": "청곡빌딩", "status": "partial", "capacity": 4, "active": 3, "industry": "종합 소매", "vacancy_rate": 25.0, "vacancy_rate_lo": 25.0, "vacancy_rate_hi": 50.0, "stores": 3, "source": "stores+ledger", "capacity_method": "floor_ouln", "active_pip": 0, "licensed": 0, "com_floors": [1, 2, 3, 4], "occ_floors": [2, 3], "unknown_n": 1, "id": "1147010100108880046-1", "pnu": "1147010100108880046", "floors": 5, "height": 16.4}}, {"type": "Feature", "geometry": {"type": "Polygon", "coordinates": [[[126.86240466, 37.52665349], [126.86238485, 37.5265645], [126.8620924, 37.52660752], [126.86211362, 37.52669933], [126.86240466, 37.52665349]]]}, "properties": {"name": "서측호", "status": "partial", "capacity": 6, "active": 3, "industry": "유원지·오락", "vacancy_rate": 50.0, "vacancy_rate_lo": 50.0, "vacancy_rate_hi": 50.0, "stores": 5, "source": "stores+ledger", "capacity_method": "floor_ouln", "active_pip": 0, "licensed": 0, "com_floors": [1, 2, 3, 4, 5, 6], "occ_floors": [1, 2, 4], "unknown_n": 0, "id": "1147010100108870009-1", "pnu": "1147010100108870009", "floors": 1, "height": 0.0}}, {"type": "Feature", "geometry": {"type": "Polygon", "coordinates": [[[126.86357936, 37.52805226], [126.86358351, 37.52800805], [126.86365669, 37.52800814], [126.86367085, 37.5279037], [126.86363815, 37.52789972], [126.86350678, 37.52791983], [126.86347137, 37.52794908], [126.86346501, 37.52804452], [126.86357936, 37.52805226]]]}, "properties": {"name": "동보빌딩", "status": "partial", "capacity": 4, "active": 2, "industry": "비알코올 ", "vacancy_rate": 50.0, "vacancy_rate_lo": 50.0, "vacancy_rate_hi": 75.0, "stores": 3, "source": "stores+ledger", "capacity_method": "floor_ouln", "active_pip": 0, "licensed": 0, "com_floors": [1, 2, 3, 4], "occ_floors": [1], "unknown_n": 1, "id": "1147010100108990004-1", "pnu": "1147010100108990004", "floors": 4, "height": 0.0}}, {"type": "Feature", "geometry": {"type": "Polygon", "coordinates": [[[126.85910386, 37.52755165], [126.85922537, 37.52753306], [126.85919863, 37.52741753], [126.85907617, 37.52743552], [126.85910386, 37.52755165]]]}, "properties": {"name": "신정동 884-19", "status": "empty", "capacity": 4, "active": 0, "industry": "", "vacancy_rate": 100.0, "source": "polygon_only", "capacity_method": "floor_approx", "active_pip": 0, "licensed": 0, "id": "1147010100108840019-1", "pnu": "1147010100108840019", "floors": 4, "height": 10.98}}, {"type": "Feature", "geometry": {"type": "Polygon", "coordinates": [[[126.86257077, 37.52729855], [126.86257449, 37.52730498], [126.86265711, 37.52728417], [126.86265044, 37.52727222], [126.86268047, 37.52726174], [126.86266146, 37.52721091], [126.86253431, 37.52723971], [126.86257077, 37.52729855]]]}, "properties": {"name": "신정동 888-19", "status": "empty", "capacity": 6, "active": 0, "industry": "", "vacancy_rate": 100.0, "source": "polygon_only", "capacity_method": "floor_approx", "active_pip": 0, "licensed": 0, "id": "1147010100108880019-1", "pnu": "1147010100108880019", "floors": 6, "height": 17.95}}, {"type": "Feature", "geometry": {"type": "Polygon", "coordinates": [[[126.86279054, 37.52756511], [126.86283798, 37.52755801], [126.86281834, 37.52747521], [126.86279249, 37.52747875], [126.86279611, 37.52749481], [126.86278749, 37.52749601], [126.86279658, 37.52753584], [126.86278432, 37.52753787], [126.86279054, 37.52756511]]]}, "properties": {"name": "신정동 890-25", "status": "empty", "capacity": 1, "active": 0, "industry": "", "vacancy_rate": 100.0, "source": "polygon_only", "capacity_method": "floor_approx", "active_pip": 0, "licensed": 0, "id": "1147010100108900025-2", "pnu": "1147010100108900025", "floors": 1, "height": 2.9}}, {"type": "Feature", "geometry": {"type": "Polygon", "coordinates": [[[126.85955693, 37.53016145], [126.8595558, 37.5301591], [126.85955569, 37.53015748], [126.85955083, 37.53015775], [126.85954641, 37.53015882], [126.8595429, 37.53015972], [126.85953272, 37.53015835], [126.85951114, 37.53026429], [126.85962527, 37.53028037], [126.85964945, 37.53017471], [126.85955693, 37.53016145]]]}, "properties": {"name": "화곡동 790-5", "status": "empty", "capacity": 3, "active": 0, "industry": "", "vacancy_rate": 100.0, "source": "polygon_only", "capacity_method": "floor_approx", "active_pip": 0, "licensed": 0, "id": "1150010300107900005-1", "pnu": "1150010300107900005", "floors": 3, "height": 10.0}}, {"type": "Feature", "geometry": {"type": "Polygon", "coordinates": [[[126.86265165, 37.52996506], [126.86260719, 37.52996231], [126.86259393, 37.53009717], [126.86274596, 37.5301078], [126.86276057, 37.52997924], [126.8626513, 37.52997146], [126.86265165, 37.52996506]]]}, "properties": {"name": "화곡동 785-3", "status": "high", "capacity": 3, "active": 1, "industry": "의약·화장품 소매", "vacancy_rate": 66.7, "vacancy_rate_lo": 66.7, "vacancy_rate_hi": 66.7, "stores": 1, "source": "stores+ledger", "capacity_method": "floor_ouln", "active_pip": 0, "licensed": 0, "com_floors": [1, 2, 3], "occ_floors": [1], "unknown_n": 0, "id": "1150010300107850003-1", "pnu": "1150010300107850003", "floors": 5, "height": 18.87}}, {"type": "Feature", "geometry": {"type": "Polygon", "coordinates": [[[126.86118833, 37.52980162], [126.86103879, 37.52978712], [126.86102642, 37.52986828], [126.86118015, 37.52987856], [126.86118833, 37.52980162]]]}, "properties": {"name": "화곡동 786-5", "status": "empty", "capacity": 2, "active": 0, "industry": "", "vacancy_rate": 100.0, "source": "polygon_only", "capacity_method": "floor_approx", "active_pip": 0, "licensed": 0, "id": "1150010300107860005-1", "pnu": "1150010300107860005", "floors": 2, "height": 7.5}}, {"type": "Feature", "geometry": {"type": "Polygon", "coordinates": [[[126.86351232, 37.530117], [126.86348304, 37.53010129], [126.86344811, 37.53039912], [126.86362526, 37.53041239], [126.86362106, 37.53035842], [126.86361512, 37.53032633], [126.86360456, 37.53027938], [126.8635941, 37.53024513], [126.86357586, 37.53019664], [126.86355645, 37.53016949], [126.86351232, 37.530117]]]}, "properties": {"name": "부경빌딩", "status": "full", "capacity": 5, "active": 5, "industry": "의원", "vacancy_rate": 0.0, "vacancy_rate_lo": 0.0, "vacancy_rate_hi": 60.0, "stores": 6, "source": "stores+ledger", "capacity_method": "floor_ouln", "active_pip": 0, "licensed": 0, "com_floors": [1, 2, 3, 4, 5], "occ_floors": [1, 3], "unknown_n": 3, "id": "1150010300107820005-1", "pnu": "1150010300107820005", "floors": 5, "height": 17.8}}, {"type": "Feature", "geometry": {"type": "Polygon", "coordinates": [[[126.86232556, 37.5263113], [126.86228978, 37.52615668], [126.86212695, 37.52618127], [126.86216117, 37.52631476], [126.86219211, 37.52631058], [126.86219684, 37.52633057], [126.86232556, 37.5263113]]]}, "properties": {"name": "신정동 902-4", "status": "partial", "capacity": 4, "active": 3, "industry": "한식", "vacancy_rate": 25.0, "vacancy_rate_lo": 25.0, "vacancy_rate_hi": 25.0, "stores": 4, "source": "stores+ledger", "capacity_method": "floor_ouln", "active_pip": 0, "licensed": 0, "com_floors": [1, 2, 3, 4], "occ_floors": [1, 2, 4], "unknown_n": 0, "id": "1147010100109020004-1", "pnu": "1147010100109020004", "floors": 4, "height": 17.0}}, {"type": "Feature", "geometry": {"type": "Polygon", "coordinates": [[[126.86286043, 37.52661292], [126.86285323, 37.52658419], [126.86278994, 37.52659481], [126.86279323, 37.52662269], [126.86286043, 37.52661292]]]}, "properties": {"name": "신정동 888-36", "status": "full", "capacity": 3, "active": 3, "industry": "일식", "vacancy_rate": 0.0, "vacancy_rate_lo": 0.0, "vacancy_rate_hi": 0.0, "stores": 8, "source": "stores+ledger", "capacity_method": "floor_ouln", "active_pip": 0, "licensed": 0, "com_floors": [1, 2, 3], "occ_floors": [1, 2, 3], "unknown_n": 0, "id": "1147010100108880036-2", "pnu": "1147010100108880036", "floors": 0, "height": 0.0}}, {"type": "Feature", "geometry": {"type": "Polygon", "coordinates": [[[126.86299564, 37.52623606], [126.86298146, 37.52616509], [126.86292858, 37.52617179], [126.8628515, 37.52618127], [126.86286393, 37.52625055], [126.86292864, 37.5262433], [126.86299564, 37.52623606]]]}, "properties": {"name": "신정동 902-8", "status": "partial", "capacity": 4, "active": 2, "industry": "애완동물·용품 소매", "vacancy_rate": 50.0, "vacancy_rate_lo": 50.0, "vacancy_rate_hi": 50.0, "stores": 2, "source": "stores+ledger", "capacity_method": "floor_ouln", "active_pip": 0, "licensed": 0, "com_floors": [1, 2, 3, 4], "occ_floors": [1, 3], "unknown_n": 0, "id": "1147010100109020008-1", "pnu": "1147010100109020008", "floors": 5, "height": 16.5}}, {"type": "Feature", "geometry": {"type": "Polygon", "coordinates": [[[126.86212712, 37.52627925], [126.86210963, 37.52617224], [126.86193955, 37.52619541], [126.86196705, 37.52632778], [126.86207385, 37.52631156], [126.86208357, 37.52630933], [126.8620919, 37.52629836], [126.86209192, 37.52628484], [126.86212712, 37.52627925]]]}, "properties": {"name": "목마빌딩", "status": "partial", "capacity": 6, "active": 5, "industry": "한식", "vacancy_rate": 16.7, "vacancy_rate_lo": null, "vacancy_rate_hi": null, "stores": 5, "source": "stores+ledger", "capacity_method": "expos_units", "active_pip": 0, "licensed": 0, "com_floors": null, "occ_floors": null, "unknown_n": null, "id": "1147010100109020003-1", "pnu": "1147010100109020003", "floors": 6, "height": 16.55}}, {"type": "Feature", "geometry": {"type": "Polygon", "coordinates": [[[126.86320156, 37.52624137], [126.86318683, 37.5261766], [126.86300083, 37.52620199], [126.86301537, 37.52626846], [126.86320156, 37.52624137]]]}, "properties": {"name": "일부좌측끝", "status": "full", "capacity": 3, "active": 3, "industry": "한식", "vacancy_rate": 0.0, "vacancy_rate_lo": 0.0, "vacancy_rate_hi": 33.3, "stores": 6, "source": "stores+ledger", "capacity_method": "floor_ouln", "active_pip": 0, "licensed": 0, "com_floors": [1, 2, 3], "occ_floors": [1, 3], "unknown_n": 1, "id": "1147010100109020009-1", "pnu": "1147010100109020009", "floors": 3, "height": 0.0}}, {"type": "Feature", "geometry": {"type": "Polygon", "coordinates": [[[126.86284884, 37.52628403], [126.86282709, 37.52618236], [126.86271447, 37.52619857], [126.86274293, 37.5262994], [126.86284884, 37.52628403]]]}, "properties": {"name": "신정동 902-7", "status": "partial", "capacity": 2, "active": 1, "industry": "한식", "vacancy_rate": 50.0, "vacancy_rate_lo": 50.0, "vacancy_rate_hi": 50.0, "stores": 2, "source": "stores+ledger", "capacity_method": "floor_ouln", "active_pip": 0, "licensed": 0, "com_floors": [1, 2], "occ_floors": [1], "unknown_n": 0, "id": "1147010100109020007-1", "pnu": "1147010100109020007", "floors": 3, "height": 0.0}}, {"type": "Feature", "geometry": {"type": "Polygon", "coordinates": [[[126.86460437, 37.52916616], [126.86431857, 37.5291481], [126.86430974, 37.52924213], [126.86459944, 37.52925683], [126.86460437, 37.52916616]]]}, "properties": {"name": "목동 808-2", "status": "empty", "capacity": 4, "active": 0, "industry": "", "vacancy_rate": 100.0, "source": "polygon_only", "capacity_method": "floor_approx", "active_pip": 0, "licensed": 0, "id": "1147010200108080002-1", "pnu": "1147010200108080002", "floors": 4, "height": 14.2}}, {"type": "Feature", "geometry": {"type": "Polygon", "coordinates": [[[126.86480235, 37.52780673], [126.86478779, 37.52774336], [126.86459931, 37.52776905], [126.86460772, 37.52780679], [126.86462368, 37.52787663], [126.86481129, 37.52784532], [126.86480235, 37.52780673]]]}, "properties": {"name": "목동 808-31", "status": "full", "capacity": 1, "active": 1, "industry": "종합 소매", "vacancy_rate": 0.0, "vacancy_rate_lo": 0.0, "vacancy_rate_hi": 0.0, "stores": 1, "source": "stores+ledger", "capacity_method": "floor_ouln", "active_pip": 0, "licensed": 0, "com_floors": [1], "occ_floors": [1], "unknown_n": 0, "id": "1147010200108080031-1", "pnu": "1147010200108080031", "floors": 1, "height": 0.0}}, {"type": "Feature", "geometry": {"type": "Polygon", "coordinates": [[[126.86452232, 37.52869136], [126.86438905, 37.52868642], [126.86437852, 37.52883986], [126.8645125, 37.52884396], [126.86452232, 37.52869136]]]}, "properties": {"name": "걸빌딩", "status": "partial", "capacity": 4, "active": 3, "industry": "안경·정밀기기 소매", "vacancy_rate": 25.0, "vacancy_rate_lo": 25.0, "vacancy_rate_hi": 50.0, "stores": 3, "source": "stores+ledger", "capacity_method": "floor_ouln", "active_pip": 0, "licensed": 0, "com_floors": [1, 2, 3, 4], "occ_floors": [1, 3], "unknown_n": 1, "id": "1147010200108080015-1", "pnu": "1147010200108080015", "floors": 4, "height": 0.0}}, {"type": "Feature", "geometry": {"type": "Polygon", "coordinates": [[[126.86402761, 37.52690765], [126.86374692, 37.52689466], [126.86374026, 37.52695998], [126.86381345, 37.52696485], [126.86379538, 37.52717403], [126.86400377, 37.52718272], [126.86402761, 37.52690765]]]}, "properties": {"name": "농협빌딩", "status": "full", "capacity": 3, "active": 3, "industry": "스포츠 서비스", "vacancy_rate": 0.0, "vacancy_rate_lo": 0.0, "vacancy_rate_hi": 33.3, "stores": 3, "source": "stores+ledger", "capacity_method": "floor_ouln", "active_pip": 0, "licensed": 0, "com_floors": [1, 2, 3], "occ_floors": [1, 3], "unknown_n": 1, "id": "1147010100109000008-1", "pnu": "1147010100109000008", "floors": 4, "height": 20.3}}, {"type": "Feature", "geometry": {"type": "Polygon", "coordinates": [[[126.86447339, 37.52867328], [126.86447877, 37.52863274], [126.86448177, 37.52863275], [126.86448486, 37.52859023], [126.86447037, 37.52858909], [126.86447059, 37.52856684], [126.86448525, 37.52856771], [126.86448993, 37.52852604], [126.86448604, 37.52852548], [126.86449035, 37.52848691], [126.86447392, 37.52848435], [126.86447557, 37.52844634], [126.8644929, 37.52844693], [126.86449341, 37.52845509], [126.86459345, 37.52846141], [126.86459381, 37.52845493], [126.86460885, 37.5284541], [126.86460939, 37.52845129], [126.86463925, 37.52845301], [126.86463943, 37.52845639], [126.86465357, 37.52845697], [126.86465372, 37.52846486], [126.8647352, 37.52846889], [126.86473555, 37.52847762], [126.86476277, 37.52847962], [126.86476257, 37.52848891], [126.86486421, 37.52849326], [126.86486424, 37.52847804], [126.86489163, 37.52847948], [126.86489142, 37.52849609], [126.86499288, 37.52849987], [126.86499378, 37.52849283], [126.86499997, 37.52849284], [126.86501976, 37.52849343], [126.86501307, 37.52857817], [126.86510091, 37.52858193], [126.86510128, 37.52857433], [126.86511543, 37.52857491], [126.86511525, 37.52857012], [126.8651529, 37.52857157], [126.8651596, 37.52848345], [126.86512107, 37.52848228], [126.86512073, 37.5284744], [126.8650244, 37.52847231], [126.8650288, 37.52838504], [126.86499999, 37.52838359], [126.86474687, 37.52837204], [126.86474689, 37.52836191], [126.86452329, 37.52835404], [126.86452098, 37.52836024], [126.86448228, 37.52835766], [126.86448553, 37.52831881], [126.86450266, 37.52831967], [126.86450663, 37.52827969], [126.86450999, 37.5282797], [126.86451343, 37.52823635], [126.86449858, 37.5282352], [126.86450021, 37.52821268], [126.86451363, 37.52821579], [126.86451796, 37.52817469], [126.86451283, 37.52817468], [126.86451644, 37.52813386], [126.86437858, 37.52812413], [126.86435986, 37.52830853], [126.86434872, 37.5283088], [126.86434833, 37.52832906], [126.86435328, 37.52832879], [126.86435095, 37.52834878], [126.864346, 37.52834878], [126.86434001, 37.52844168], [126.86434302, 37.52844168], [126.86434138, 37.52846224], [126.86433538, 37.52846195], [126.86433446, 37.52847969], [126.86436698, 37.52848114], [126.86435973, 37.5285808], [126.86434293, 37.52858106], [126.86433394, 37.52866467], [126.86447339, 37.52867328]]]}, "properties": {"name": "대원칸타빌1차", "status": "full", "capacity": 3, "active": 3, "industry": "기타 상품 소매", "vacancy_rate": 0.0, "vacancy_rate_lo": null, "vacancy_rate_hi": null, "stores": 3, "source": "stores+ledger", "capacity_method": "expos_units", "active_pip": 0, "licensed": 0, "com_floors": null, "occ_floors": null, "unknown_n": null, "id": "1147010200108080005-2", "pnu": "1147010200108080005", "floors": 16, "height": 45.25}}, {"type": "Feature", "geometry": {"type": "Polygon", "coordinates": [[[126.86437974, 37.53041126], [126.86438153, 37.53039832], [126.86448795, 37.53040294], [126.86449444, 37.53033059], [126.86456461, 37.53033349], [126.86457304, 37.5302693], [126.86432664, 37.53025381], [126.86431196, 37.53026674], [126.86430947, 37.53026927], [126.86429157, 37.53029798], [126.86426851, 37.53033511], [126.86424457, 37.53038014], [126.86423481, 37.53040237], [126.86437974, 37.53041126]]]}, "properties": {"name": "가인빌딩", "status": "partial", "capacity": 14, "active": 7, "industry": "한식", "vacancy_rate": 50.0, "vacancy_rate_lo": null, "vacancy_rate_hi": null, "stores": 7, "source": "stores+ledger", "capacity_method": "expos_units", "active_pip": 0, "licensed": 0, "com_floors": null, "occ_floors": null, "unknown_n": null, "id": "1147010200108070005-1", "pnu": "1147010200108070005", "floors": 7, "height": 24.9}}, {"type": "Feature", "geometry": {"type": "Polygon", "coordinates": [[[126.86436629, 37.53042195], [126.8642058, 37.53041218], [126.8642015, 37.53043865], [126.86419626, 37.53050312], [126.86429684, 37.53050802], [126.86429484, 37.53053674], [126.86436801, 37.53054049], [126.86437235, 37.5304915], [126.86436475, 37.53049093], [126.86436629, 37.53042195]]]}, "properties": {"name": "상지빌딩", "status": "partial", "capacity": 4, "active": 2, "industry": "의원", "vacancy_rate": 50.0, "vacancy_rate_lo": 50.0, "vacancy_rate_hi": 50.0, "stores": 3, "source": "stores+ledger", "capacity_method": "floor_ouln", "active_pip": 0, "licensed": 0, "com_floors": [1, 2, 3, 4], "occ_floors": [1, 2], "unknown_n": 0, "id": "1147010200108070004-1", "pnu": "1147010200108070004", "floors": 6, "height": 21.5}}, {"type": "Feature", "geometry": {"type": "Polygon", "coordinates": [[[126.86043154, 37.5262125], [126.86036898, 37.52620567], [126.86035593, 37.52627999], [126.86047418, 37.52629054], [126.86048291, 37.52624805], [126.86047691, 37.52624719], [126.86048172, 37.5262272], [126.86043011, 37.52622236], [126.86043154, 37.5262125]]]}, "properties": {"name": "신정동 903-3", "status": "full", "capacity": 1, "active": 1, "industry": "식물 소매", "vacancy_rate": 0.0, "vacancy_rate_lo": 0.0, "vacancy_rate_hi": 0.0, "stores": 1, "source": "stores+ledger", "capacity_method": "floor_ouln", "active_pip": 0, "licensed": 0, "com_floors": [1], "occ_floors": [1], "unknown_n": 0, "id": "1147010100109030003-1", "pnu": "1147010100109030003", "floors": 4, "height": 12.2}}, {"type": "Feature", "geometry": {"type": "Polygon", "coordinates": [[[126.85982818, 37.52627106], [126.85996016, 37.52628671], [126.85999034, 37.52627138], [126.86000035, 37.52621786], [126.85984165, 37.52619904], [126.85982818, 37.52627106]]]}, "properties": {"name": "신정동 906-8", "status": "full", "capacity": 1, "active": 1, "industry": "중식", "vacancy_rate": 0.0, "vacancy_rate_lo": 0.0, "vacancy_rate_hi": 100.0, "stores": 1, "source": "stores+ledger", "capacity_method": "floor_ouln", "active_pip": 0, "licensed": 0, "com_floors": [1], "occ_floors": [], "unknown_n": 1, "id": "1147010100109060008-1", "pnu": "1147010100109060008", "floors": 4, "height": 10.6}}, {"type": "Feature", "geometry": {"type": "Polygon", "coordinates": [[[126.85878971, 37.52792837], [126.8587685, 37.5279261], [126.85875991, 37.52797451], [126.85878956, 37.52800608], [126.85897246, 37.52802853], [126.85898514, 37.52796576], [126.85878774, 37.5279385], [126.85878971, 37.52792837]]]}, "properties": {"name": "신정동 884-1", "status": "empty", "capacity": 1, "active": 0, "industry": "", "vacancy_rate": 100.0, "source": "polygon_only", "capacity_method": "floor_approx", "active_pip": 0, "licensed": 0, "id": "1147010100108840001-1", "pnu": "1147010100108840001", "floors": 1, "height": 0.0}}, {"type": "Feature", "geometry": {"type": "Polygon", "coordinates": [[[126.86848787, 37.52835177], [126.86848246, 37.52831826], [126.86879064, 37.52827328], [126.86879625, 37.52830791], [126.86884063, 37.52830233], [126.86883626, 37.52826741], [126.86898991, 37.52824927], [126.86896534, 37.52814366], [126.86825615, 37.52824339], [126.86828035, 37.52834901], [126.86843949, 37.52832581], [126.8684465, 37.5283582], [126.86848787, 37.52835177]]]}, "properties": {"name": "목동신시가지7단지", "status": "full", "capacity": 22, "active": 22, "industry": "기타 간이", "vacancy_rate": 0.0, "vacancy_rate_lo": null, "vacancy_rate_hi": null, "stores": 22, "source": "stores+ledger", "capacity_method": "expos_units", "active_pip": 0, "licensed": 0, "com_floors": null, "occ_floors": null, "unknown_n": null, "id": "1147010200109250000-6", "pnu": "1147010200109250000", "floors": 15, "height": 0.0}}, {"type": "Feature", "geometry": {"type": "Polygon", "coordinates": [[[126.86957726, 37.52970364], [126.86976715, 37.52967654], [126.86976522, 37.52966809], [126.86985735, 37.52965439], [126.86985928, 37.5296634], [126.87000002, 37.52964272], [126.87005006, 37.52963546], [126.87004919, 37.52962617], [126.87013937, 37.52961387], [126.87014183, 37.52962176], [126.87033809, 37.52959326], [126.87033741, 37.52958397], [126.87038019, 37.52957697], [126.87036108, 37.52948939], [126.87000002, 37.5295422], [126.86950493, 37.52961486], [126.86952423, 37.52969963], [126.86957479, 37.52969519], [126.86957726, 37.52970364]]]}, "properties": {"name": "목동신시가지7단지", "status": "full", "capacity": 22, "active": 22, "industry": "기타 간이", "vacancy_rate": 0.0, "vacancy_rate_lo": null, "vacancy_rate_hi": null, "stores": 22, "source": "stores+ledger", "capacity_method": "expos_units", "active_pip": 0, "licensed": 0, "com_floors": null, "occ_floors": null, "unknown_n": null, "id": "1147010200109250000-7", "pnu": "1147010200109250000", "floors": 15, "height": 0.0}}, {"type": "Feature", "geometry": {"type": "Polygon", "coordinates": [[[126.86620945, 37.52926992], [126.86620419, 37.52923951], [126.86651858, 37.52919594], [126.8665123, 37.52914779], [126.86648083, 37.52915225], [126.86646855, 37.52909593], [126.86616814, 37.52914008], [126.86617041, 37.52915585], [126.86614619, 37.52916032], [126.86614268, 37.52914426], [126.8659915, 37.52916522], [126.86601589, 37.52927027], [126.86615911, 37.52924791], [126.86616172, 37.52926592], [126.86616419, 37.52927381], [126.86616612, 37.52927832], [126.86617196, 37.52927889], [126.86620661, 37.52927217], [126.86620944, 37.52927133], [126.86620945, 37.52926992]]]}, "properties": {"name": "목동신시가지7단지", "status": "full", "capacity": 22, "active": 22, "industry": "기타 간이", "vacancy_rate": 0.0, "vacancy_rate_lo": null, "vacancy_rate_hi": null, "stores": 22, "source": "stores+ledger", "capacity_method": "expos_units", "active_pip": 0, "licensed": 0, "com_floors": null, "occ_floors": null, "unknown_n": null, "id": "1147010200109250000-8", "pnu": "1147010200109250000", "floors": 15, "height": 0.0}}, {"type": "Feature", "geometry": {"type": "Polygon", "coordinates": [[[126.86733737, 37.52760237], [126.86733176, 37.52757928], [126.86729446, 37.5275843], [126.86729901, 37.52760655], [126.86733737, 37.52760237]]]}, "properties": {"name": "목동신시가지7단지", "status": "full", "capacity": 22, "active": 22, "industry": "기타 간이", "vacancy_rate": 0.0, "vacancy_rate_lo": null, "vacancy_rate_hi": null, "stores": 22, "source": "stores+ledger", "capacity_method": "expos_units", "active_pip": 0, "licensed": 0, "com_floors": null, "occ_floors": null, "unknown_n": null, "id": "1147010200109250000-9", "pnu": "1147010200109250000", "floors": 0, "height": 0.0}}, {"type": "Feature", "geometry": {"type": "Polygon", "coordinates": [[[126.86870643, 37.52770751], [126.86869548, 37.52770412], [126.86836678, 37.52775331], [126.86835476, 37.52775555], [126.86834997, 37.52776203], [126.86835223, 37.52778287], [126.86830097, 37.52778675], [126.86828628, 37.52779321], [126.86828308, 37.52780672], [126.86832052, 37.5279329], [126.86832545, 37.52793629], [126.86833023, 37.52793629], [126.86862621, 37.5278927], [126.86863205, 37.52789186], [126.86864319, 37.52788765], [126.86864233, 37.52787695], [126.86872914, 37.52786493], [126.86873533, 37.52786269], [126.86873817, 37.52785734], [126.86872765, 37.52780693], [126.86870837, 37.52771371], [126.86870643, 37.52770751]]]}, "properties": {"name": "목동신시가지7단지", "status": "full", "capacity": 22, "active": 22, "industry": "기타 간이", "vacancy_rate": 0.0, "vacancy_rate_lo": null, "vacancy_rate_hi": null, "stores": 22, "source": "stores+ledger", "capacity_method": "expos_units", "active_pip": 0, "licensed": 0, "com_floors": null, "occ_floors": null, "unknown_n": null, "id": "1147010200109250000-10", "pnu": "1147010200109250000", "floors": 2, "height": 0.0}}, {"type": "Feature", "geometry": {"type": "Polygon", "coordinates": [[[126.86811104, 37.52762718], [126.8680847, 37.52753], [126.86792805, 37.52755207], [126.86749644, 37.52761296], [126.86752014, 37.52771239], [126.86792822, 37.52765371], [126.86811104, 37.52762718]]]}, "properties": {"name": "목동신시가지7단지", "status": "full", "capacity": 22, "active": 22, "industry": "기타 간이", "vacancy_rate": 0.0, "vacancy_rate_lo": null, "vacancy_rate_hi": null, "stores": 22, "source": "stores+ledger", "capacity_method": "expos_units", "active_pip": 0, "licensed": 0, "com_floors": null, "occ_floors": null, "unknown_n": null, "id": "1147010200109250000-11", "pnu": "1147010200109250000", "floors": 5, "height": 0.0}}, {"type": "Feature", "geometry": {"type": "Polygon", "coordinates": [[[126.86913625, 37.52776008], [126.8693272, 37.5277327], [126.86932563, 37.52772199], [126.86941951, 37.52770943], [126.86942233, 37.52771788], [126.86961205, 37.52769135], [126.869611, 37.52768064], [126.869701, 37.52766667], [126.86970363, 37.52767793], [126.869896, 37.52765112], [126.86989585, 37.52763901], [126.8699397, 37.52763287], [126.86991987, 37.52754499], [126.86906551, 37.52767132], [126.86908693, 37.52775749], [126.8691345, 37.52775192], [126.86913625, 37.52776008]]]}, "properties": {"name": "목동신시가지7단지", "status": "full", "capacity": 22, "active": 22, "industry": "기타 간이", "vacancy_rate": 0.0, "vacancy_rate_lo": null, "vacancy_rate_hi": null, "stores": 22, "source": "stores+ledger", "capacity_method": "expos_units", "active_pip": 0, "licensed": 0, "com_floors": null, "occ_floors": null, "unknown_n": null, "id": "1147010200109250000-12", "pnu": "1147010200109250000", "floors": 15, "height": 0.0}}, {"type": "Feature", "geometry": {"type": "Polygon", "coordinates": [[[126.86701565, 37.52780389], [126.86699213, 37.52770588], [126.8662932, 37.52780617], [126.86621806, 37.52781538], [126.8662421, 37.52791593], [126.86699673, 37.52780669], [126.86701565, 37.52780389]]]}, "properties": {"name": "목동신시가지7단지", "status": "full", "capacity": 22, "active": 22, "industry": "기타 간이", "vacancy_rate": 0.0, "vacancy_rate_lo": null, "vacancy_rate_hi": null, "stores": 22, "source": "stores+ledger", "capacity_method": "expos_units", "active_pip": 0, "licensed": 0, "com_floors": null, "occ_floors": null, "unknown_n": null, "id": "1147010200109250000-13", "pnu": "1147010200109250000", "floors": 5, "height": 0.0}}, {"type": "Feature", "geometry": {"type": "Polygon", "coordinates": [[[126.86692636, 37.52732317], [126.8669225, 37.52730402], [126.86689774, 37.5273068], [126.86690072, 37.52732624], [126.86692636, 37.52732317]]]}, "properties": {"name": "목동신시가지7단지", "status": "full", "capacity": 22, "active": 22, "industry": "기타 간이", "vacancy_rate": 0.0, "vacancy_rate_lo": null, "vacancy_rate_hi": null, "stores": 22, "source": "stores+ledger", "capacity_method": "expos_units", "active_pip": 0, "licensed": 0, "com_floors": null, "occ_floors": null, "unknown_n": null, "id": "1147010200109250000-14", "pnu": "1147010200109250000", "floors": 0, "height": 0.0}}, {"type": "Feature", "geometry": {"type": "Polygon", "coordinates": [[[126.86967454, 37.52621406], [126.86964503, 37.5261045], [126.86893477, 37.52621831], [126.86896039, 37.52632618], [126.86967454, 37.52621406]]]}, "properties": {"name": "목동성원", "status": "full", "capacity": 2, "active": 2, "industry": "이용·미용", "vacancy_rate": 0.0, "vacancy_rate_lo": null, "vacancy_rate_hi": null, "stores": 2, "source": "stores+ledger", "capacity_method": "expos_units", "active_pip": 0, "licensed": 0, "com_floors": null, "occ_floors": null, "unknown_n": null, "id": "1147010200109260008-2", "pnu": "1147010200109260008", "floors": 11, "height": 31.95}}, {"type": "Feature", "geometry": {"type": "Polygon", "coordinates": [[[126.8681236, 37.52621909], [126.86810273, 37.52611968], [126.86792805, 37.52614482], [126.86732672, 37.52623115], [126.86735041, 37.52633169], [126.86792804, 37.52624759], [126.8681236, 37.52621909]]]}, "properties": {"name": "목동신시가지7단지", "status": "full", "capacity": 22, "active": 22, "industry": "기타 간이", "vacancy_rate": 0.0, "vacancy_rate_lo": null, "vacancy_rate_hi": null, "stores": 22, "source": "stores+ledger", "capacity_method": "expos_units", "active_pip": 0, "licensed": 0, "com_floors": null, "occ_floors": null, "unknown_n": null, "id": "1147010200109250000-15", "pnu": "1147010200109250000", "floors": 5, "height": 0.0}}, {"type": "Feature", "geometry": {"type": "Polygon", "coordinates": [[[126.86480176, 37.52763638], [126.86479666, 37.52761808], [126.86477474, 37.52762171], [126.86477965, 37.52763974], [126.86480176, 37.52763638]]]}, "properties": {"name": "목동신시가지7단지", "status": "full", "capacity": 22, "active": 22, "industry": "기타 간이", "vacancy_rate": 0.0, "vacancy_rate_lo": null, "vacancy_rate_hi": null, "stores": 22, "source": "stores+ledger", "capacity_method": "expos_units", "active_pip": 0, "licensed": 0, "com_floors": null, "occ_floors": null, "unknown_n": null, "id": "1147010200109250000-16", "pnu": "1147010200109250000", "floors": 0, "height": 0.0}}, {"type": "Feature", "geometry": {"type": "Polygon", "coordinates": [[[126.86762643, 37.52698185], [126.86760291, 37.52688384], [126.86701572, 37.5269699], [126.86703889, 37.52706678], [126.86762643, 37.52698185]]]}, "properties": {"name": "목동신시가지7단지", "status": "full", "capacity": 22, "active": 22, "industry": "기타 간이", "vacancy_rate": 0.0, "vacancy_rate_lo": null, "vacancy_rate_hi": null, "stores": 22, "source": "stores+ledger", "capacity_method": "expos_units", "active_pip": 0, "licensed": 0, "com_floors": null, "occ_floors": null, "unknown_n": null, "id": "1147010200109250000-17", "pnu": "1147010200109250000", "floors": 5, "height": 0.0}}, {"type": "Feature", "geometry": {"type": "Polygon", "coordinates": [[[126.86485419, 37.52816296], [126.86480453, 37.52815868], [126.86480075, 37.52819894], [126.86485006, 37.52820097], [126.86485419, 37.52816296]]]}, "properties": {"name": "대원칸타빌1차", "status": "full", "capacity": 3, "active": 3, "industry": "기타 상품 소매", "vacancy_rate": 0.0, "vacancy_rate_lo": null, "vacancy_rate_hi": null, "stores": 3, "source": "stores+ledger", "capacity_method": "expos_units", "active_pip": 0, "licensed": 0, "com_floors": null, "occ_floors": null, "unknown_n": null, "id": "1147010200108080005-3", "pnu": "1147010200108080005", "floors": 0, "height": 0.0}}, {"type": "Feature", "geometry": {"type": "Polygon", "coordinates": [[[126.86500014, 37.52741671], [126.86517606, 37.52739044], [126.86517396, 37.5273803], [126.86526749, 37.52736689], [126.86527013, 37.52737732], [126.86545702, 37.52735022], [126.86545456, 37.52734037], [126.86555092, 37.52732583], [126.86555444, 37.52733709], [126.8657417, 37.52730915], [126.86573959, 37.52729845], [126.8657868, 37.52729175], [126.8657691, 37.52720388], [126.86499996, 37.52731562], [126.86491226, 37.52732848], [126.86493402, 37.52741832], [126.8649846, 37.52741049], [126.86498741, 37.52741867], [126.86500014, 37.52741671]]]}, "properties": {"name": "목동신시가지7단지", "status": "full", "capacity": 22, "active": 22, "industry": "기타 간이", "vacancy_rate": 0.0, "vacancy_rate_lo": null, "vacancy_rate_hi": null, "stores": 22, "source": "stores+ledger", "capacity_method": "expos_units", "active_pip": 0, "licensed": 0, "com_floors": null, "occ_floors": null, "unknown_n": null, "id": "1147010200109250000-18", "pnu": "1147010200109250000", "floors": 15, "height": 0.0}}, {"type": "Feature", "geometry": {"type": "Polygon", "coordinates": [[[126.86804437, 37.52734357], [126.86802068, 37.52724528], [126.86792785, 37.52725869], [126.86724484, 37.52735787], [126.86726657, 37.527457], [126.86792802, 37.52736061], [126.86804437, 37.52734357]]]}, "properties": {"name": "목동신시가지7단지", "status": "full", "capacity": 22, "active": 22, "industry": "기타 간이", "vacancy_rate": 0.0, "vacancy_rate_lo": null, "vacancy_rate_hi": null, "stores": 22, "source": "stores+ledger", "capacity_method": "expos_units", "active_pip": 0, "licensed": 0, "com_floors": null, "occ_floors": null, "unknown_n": null, "id": "1147010200109250000-19", "pnu": "1147010200109250000", "floors": 5, "height": 0.0}}, {"type": "Feature", "geometry": {"type": "Polygon", "coordinates": [[[126.86734342, 37.52817649], [126.8673231, 37.52807764], [126.86673714, 37.52816314], [126.86675835, 37.52826227], [126.86734342, 37.52817649]]]}, "properties": {"name": "목동신시가지7단지", "status": "full", "capacity": 22, "active": 22, "industry": "기타 간이", "vacancy_rate": 0.0, "vacancy_rate_lo": null, "vacancy_rate_hi": null, "stores": 22, "source": "stores+ledger", "capacity_method": "expos_units", "active_pip": 0, "licensed": 0, "com_floors": null, "occ_floors": null, "unknown_n": null, "id": "1147010200109250000-20", "pnu": "1147010200109250000", "floors": 5, "height": 0.0}}, {"type": "Feature", "geometry": {"type": "Polygon", "coordinates": [[[126.86928638, 37.52843374], [126.86947928, 37.52840806], [126.8694793, 37.52839849], [126.86956911, 37.52838564], [126.86957104, 37.52839549], [126.86976147, 37.52836726], [126.86976025, 37.52835599], [126.86985078, 37.52834371], [126.86985288, 37.52835272], [126.86999999, 37.52833318], [126.87004703, 37.52832703], [126.87004705, 37.52831605], [126.87008965, 37.52830849], [126.87007108, 37.52821725], [126.87, 37.52822787], [126.86921565, 37.528343], [126.8692337, 37.52843228], [126.8692848, 37.52842615], [126.86928638, 37.52843374]]]}, "properties": {"name": "목동신시가지7단지", "status": "full", "capacity": 22, "active": 22, "industry": "기타 간이", "vacancy_rate": 0.0, "vacancy_rate_lo": null, "vacancy_rate_hi": null, "stores": 22, "source": "stores+ledger", "capacity_method": "expos_units", "active_pip": 0, "licensed": 0, "com_floors": null, "occ_floors": null, "unknown_n": null, "id": "1147010200109250000-21", "pnu": "1147010200109250000", "floors": 15, "height": 0.0}}, {"type": "Feature", "geometry": {"type": "Polygon", "coordinates": [[[126.87041343, 37.52650219], [126.87052316, 37.52648492], [126.87052446, 37.52649018], [126.87053627, 37.52648769], [126.87053408, 37.52648112], [126.87054186, 37.52647901], [126.87052604, 37.52642068], [126.87064177, 37.5262913], [126.87065765, 37.52628875], [126.87065386, 37.52626842], [126.87064032, 37.52627002], [126.87049146, 37.5261927], [126.870496, 37.52618716], [126.87037726, 37.52612249], [126.87029337, 37.52622174], [126.87029945, 37.52622555], [126.87020295, 37.52634453], [126.87019035, 37.52634735], [126.87019673, 37.52636752], [126.87021677, 37.52636602], [126.87030926, 37.5264164], [126.87031574, 37.52641056], [126.87037936, 37.52644506], [126.87039597, 37.52649479], [126.87039252, 37.52649598], [126.87039487, 37.52650281], [126.8704006, 37.52650212], [126.87040249, 37.52650803], [126.87041512, 37.52650646], [126.87041343, 37.52650219]]]}, "properties": {"name": "트라팰리스웨스턴에비뉴", "status": "full", "capacity": 34, "active": 34, "industry": "의원", "vacancy_rate": 0.0, "vacancy_rate_lo": null, "vacancy_rate_hi": null, "stores": 34, "source": "stores+ledger", "capacity_method": "expos_units", "active_pip": 0, "licensed": 0, "com_floors": null, "occ_floors": null, "unknown_n": null, "id": "1147010200109620000-3", "pnu": "1147010200109620000", "floors": 49, "height": 174.17}}, {"type": "Feature", "geometry": {"type": "Polygon", "coordinates": [[[126.86877118, 37.52959435], [126.86876488, 37.52956054], [126.86907325, 37.5295164], [126.86908167, 37.52955047], [126.86912499, 37.52954377], [126.86911816, 37.52951025], [126.86927304, 37.52949269], [126.86924689, 37.52938567], [126.86908564, 37.52940857], [126.8690858, 37.52941618], [126.86905945, 37.52941953], [126.86905787, 37.52941474], [126.8687336, 37.52945887], [126.86873429, 37.52946788], [126.86870583, 37.52947207], [126.868703, 37.52946391], [126.86854245, 37.52948653], [126.86856684, 37.52959524], [126.86872403, 37.52956754], [126.86873015, 37.52960302], [126.86877118, 37.52959435]]]}, "properties": {"name": "목동신시가지7단지", "status": "full", "capacity": 22, "active": 22, "industry": "기타 간이", "vacancy_rate": 0.0, "vacancy_rate_lo": null, "vacancy_rate_hi": null, "stores": 22, "source": "stores+ledger", "capacity_method": "expos_units", "active_pip": 0, "licensed": 0, "com_floors": null, "occ_floors": null, "unknown_n": null, "id": "1147010200109250000-22", "pnu": "1147010200109250000", "floors": 15, "height": 0.0}}, {"type": "Feature", "geometry": {"type": "Polygon", "coordinates": [[[126.86802368, 37.5284498], [126.86799068, 37.5283208], [126.86792826, 37.52832974], [126.86762078, 37.52837473], [126.86766518, 37.5285595], [126.86792828, 37.52852403], [126.86796629, 37.52851816], [126.8679584, 37.52848042], [126.86801056, 37.52847259], [126.86800689, 37.52845176], [126.86802368, 37.5284498]]]}, "properties": {"name": "목동신시가지7단지", "status": "full", "capacity": 22, "active": 22, "industry": "기타 간이", "vacancy_rate": 0.0, "vacancy_rate_lo": null, "vacancy_rate_hi": null, "stores": 22, "source": "stores+ledger", "capacity_method": "expos_units", "active_pip": 0, "licensed": 0, "com_floors": null, "occ_floors": null, "unknown_n": null, "id": "1147010200109250000-23", "pnu": "1147010200109250000", "floors": 0, "height": 0.0}}, {"type": "Feature", "geometry": {"type": "Polygon", "coordinates": [[[126.86660017, 37.52814581], [126.86657846, 37.52813283], [126.86655579, 37.52815223], [126.86657556, 37.52816831], [126.86660017, 37.52814581]]]}, "properties": {"name": "목동신시가지7단지", "status": "full", "capacity": 22, "active": 22, "industry": "기타 간이", "vacancy_rate": 0.0, "vacancy_rate_lo": null, "vacancy_rate_hi": null, "stores": 22, "source": "stores+ledger", "capacity_method": "expos_units", "active_pip": 0, "licensed": 0, "com_floors": null, "occ_floors": null, "unknown_n": null, "id": "1147010200109250000-24", "pnu": "1147010200109250000", "floors": 0, "height": 0.0}}, {"type": "Feature", "geometry": {"type": "Polygon", "coordinates": [[[126.86827692, 37.52688657], [126.86825446, 37.5267894], [126.86792807, 37.5268355], [126.8676694, 37.52687209], [126.86769043, 37.52697206], [126.86792788, 37.52693771], [126.86827692, 37.52688657]]]}, "properties": {"name": "목동신시가지7단지", "status": "full", "capacity": 22, "active": 22, "industry": "기타 간이", "vacancy_rate": 0.0, "vacancy_rate_lo": null, "vacancy_rate_hi": null, "stores": 22, "source": "stores+ledger", "capacity_method": "expos_units", "active_pip": 0, "licensed": 0, "com_floors": null, "occ_floors": null, "unknown_n": null, "id": "1147010200109250000-25", "pnu": "1147010200109250000", "floors": 5, "height": 0.0}}, {"type": "Feature", "geometry": {"type": "Polygon", "coordinates": [[[126.86490213, 37.52686614], [126.8650001, 37.52685133], [126.86509663, 37.52683652], [126.86509489, 37.52682582], [126.86518505, 37.52681213], [126.86518751, 37.5268248], [126.86537988, 37.5267946], [126.8653769, 37.52678531], [126.86547219, 37.52677134], [126.86547553, 37.52678177], [126.8656635, 37.52675354], [126.86566122, 37.5267434], [126.86571037, 37.52673727], [126.86568931, 37.52664883], [126.86499993, 37.52674997], [126.86483213, 37.52677455], [126.86485283, 37.5268627], [126.86489934, 37.52685572], [126.86490213, 37.52686614]]]}, "properties": {"name": "목동신시가지7단지", "status": "full", "capacity": 22, "active": 22, "industry": "기타 간이", "vacancy_rate": 0.0, "vacancy_rate_lo": null, "vacancy_rate_hi": null, "stores": 22, "source": "stores+ledger", "capacity_method": "expos_units", "active_pip": 0, "licensed": 0, "com_floors": null, "occ_floors": null, "unknown_n": null, "id": "1147010200109250000-26", "pnu": "1147010200109250000", "floors": 15, "height": 0.0}}, {"type": "Feature", "geometry": {"type": "Polygon", "coordinates": [[[126.86621063, 37.5304936], [126.86618933, 37.53034378], [126.86613027, 37.53034737], [126.86612834, 37.53033949], [126.86611898, 37.53033694], [126.86610695, 37.53033721], [126.866099, 37.53033804], [126.86609069, 37.53034113], [126.86608909, 37.53034338], [126.86608766, 37.53035013], [126.86603321, 37.53035543], [126.86605379, 37.53050609], [126.86621063, 37.5304936]]]}, "properties": {"name": "목동 803-27", "status": "full", "capacity": 1, "active": 1, "industry": "스포츠 서비스", "vacancy_rate": 0.0, "vacancy_rate_lo": 0.0, "vacancy_rate_hi": 100.0, "stores": 1, "source": "stores+ledger", "capacity_method": "floor_ouln", "active_pip": 0, "licensed": 0, "com_floors": [1], "occ_floors": [], "unknown_n": 1, "id": "1147010200108030027-1", "pnu": "1147010200108030027", "floors": 1, "height": 0.0}}, {"type": "Feature", "geometry": {"type": "Polygon", "coordinates": [[[126.86519269, 37.52866256], [126.8653136, 37.52866917], [126.86528697, 37.52862776], [126.86519452, 37.52862343], [126.86519128, 37.52866256], [126.86519269, 37.52866256]]]}, "properties": {"name": "대원칸타빌1차", "status": "full", "capacity": 3, "active": 3, "industry": "기타 상품 소매", "vacancy_rate": 0.0, "vacancy_rate_lo": null, "vacancy_rate_hi": null, "stores": 3, "source": "stores+ledger", "capacity_method": "expos_units", "active_pip": 0, "licensed": 0, "com_floors": null, "occ_floors": null, "unknown_n": null, "id": "1147010200108080005-4", "pnu": "1147010200108080005", "floors": 0, "height": 0.0}}, {"type": "Feature", "geometry": {"type": "Polygon", "coordinates": [[[126.86784352, 37.52947364], [126.86783457, 37.52943928], [126.86792828, 37.52942643], [126.86814735, 37.52939627], [126.8681563, 37.5294312], [126.86819574, 37.52942392], [126.86819102, 37.52939182], [126.86834732, 37.52937171], [126.868318, 37.52926018], [126.86815356, 37.52928422], [126.86815442, 37.52929549], [126.86813091, 37.52929884], [126.86812704, 37.52928785], [126.8679283, 37.52931635], [126.86780418, 37.52933394], [126.8678061, 37.5293469], [126.86778099, 37.52935081], [126.86777818, 37.52934067], [126.86761338, 37.52936526], [126.86763811, 37.52947397], [126.86779301, 37.52944881], [126.86779984, 37.52948035], [126.86784352, 37.52947364]]]}, "properties": {"name": "목동신시가지7단지", "status": "full", "capacity": 22, "active": 22, "industry": "기타 간이", "vacancy_rate": 0.0, "vacancy_rate_lo": null, "vacancy_rate_hi": null, "stores": 22, "source": "stores+ledger", "capacity_method": "expos_units", "active_pip": 0, "licensed": 0, "com_floors": null, "occ_floors": null, "unknown_n": null, "id": "1147010200109250000-27", "pnu": "1147010200109250000", "floors": 15, "height": 0.0}}, {"type": "Feature", "geometry": {"type": "Polygon", "coordinates": [[[126.86666267, 37.5288861], [126.86660812, 37.5286515], [126.86659132, 37.52865345], [126.86658517, 37.52862979], [126.86660109, 37.52862615], [126.86657478, 37.52850646], [126.86645578, 37.5285249], [126.86648404, 37.52863503], [126.86644478, 37.52864314], [126.86645162, 37.52867835], [126.86649176, 37.52867361], [126.86654452, 37.52892539], [126.86659774, 37.52891616], [126.86659512, 37.52889757], [126.86666037, 37.5288875], [126.86666267, 37.5288861]]]}, "properties": {"name": "목동신시가지7단지", "status": "full", "capacity": 22, "active": 22, "industry": "기타 간이", "vacancy_rate": 0.0, "vacancy_rate_lo": null, "vacancy_rate_hi": null, "stores": 22, "source": "stores+ledger", "capacity_method": "expos_units", "active_pip": 0, "licensed": 0, "com_floors": null, "occ_floors": null, "unknown_n": null, "id": "1147010200109250000-28", "pnu": "1147010200109250000", "floors": 15, "height": 0.0}}, {"type": "Feature", "geometry": {"type": "Polygon", "coordinates": [[[126.86477467, 37.53039819], [126.86470292, 37.53039502], [126.86470108, 37.53042712], [126.86477267, 37.53042832], [126.86477467, 37.53039819]]]}, "properties": {"name": "목동 806-19", "status": "high", "capacity": 3, "active": 1, "industry": "교육 지원", "vacancy_rate": 66.7, "vacancy_rate_lo": 66.7, "vacancy_rate_hi": 66.7, "stores": 1, "source": "stores+ledger", "capacity_method": "floor_ouln", "active_pip": 0, "licensed": 0, "com_floors": [1, 2, 3], "occ_floors": [2], "unknown_n": 0, "id": "1147010200108060019-1", "pnu": "1147010200108060019", "floors": 0, "height": 0.0}}, {"type": "Feature", "geometry": {"type": "Polygon", "coordinates": [[[126.8649521, 37.53023537], [126.86495703, 37.5301467], [126.86490702, 37.53014354], [126.86489907, 37.53013987], [126.86489023, 37.53013845], [126.86488404, 37.53013901], [126.86487661, 37.53014097], [126.86486989, 37.53014012], [126.86486973, 37.53013702], [126.86478047, 37.53013072], [126.86477994, 37.53012678], [126.86477004, 37.53012621], [126.86476351, 37.53012282], [126.86475574, 37.53012112], [126.86474761, 37.53012223], [126.8647384, 37.53012448], [126.86472904, 37.53012419], [126.86472816, 37.53012025], [126.86468062, 37.53011653], [126.86467371, 37.53022041], [126.86480415, 37.53022676], [126.86480685, 37.53020649], [126.86483388, 37.53020765], [126.86483155, 37.5302296], [126.8649521, 37.53023537]]]}, "properties": {"name": "상록아파트", "status": "full", "capacity": 2, "active": 2, "industry": "비알코올 ", "vacancy_rate": 0.0, "vacancy_rate_lo": null, "vacancy_rate_hi": null, "stores": 2, "source": "stores+ledger", "capacity_method": "expos_units", "active_pip": 0, "licensed": 0, "com_floors": null, "occ_floors": null, "unknown_n": null, "id": "1147010200108060018-1", "pnu": "1147010200108060018", "floors": 9, "height": 25.5}}, {"type": "Feature", "geometry": {"type": "Polygon", "coordinates": [[[126.86710726, 37.53047377], [126.86710922, 37.53046476], [126.86704877, 37.53045681], [126.86704645, 37.53046948], [126.86691072, 37.53045243], [126.86689769, 37.53052337], [126.86693658, 37.53052792], [126.86692868, 37.5305893], [126.86721359, 37.53062509], [126.8672298, 37.53055219], [126.86718226, 37.53054594], [126.86719456, 37.53048683], [126.86710726, 37.53047377]]]}, "properties": {"name": "목동 802-9", "status": "full", "capacity": 1, "active": 1, "industry": "한식", "vacancy_rate": 0.0, "vacancy_rate_lo": 0.0, "vacancy_rate_hi": 0.0, "stores": 2, "source": "stores+ledger", "capacity_method": "floor_ouln", "active_pip": 0, "licensed": 0, "com_floors": [1], "occ_floors": [1], "unknown_n": 0, "id": "1147010200108020009-1", "pnu": "1147010200108020009", "floors": 1, "height": 0.0}}, {"type": "Feature", "geometry": {"type": "Polygon", "coordinates": [[[126.8653136, 37.52866917], [126.86519269, 37.52866256], [126.86518803, 37.52870395], [126.86532166, 37.52870973], [126.86532417, 37.52868411], [126.8653136, 37.52866917]]]}, "properties": {"name": "대원칸타빌1차", "status": "full", "capacity": 3, "active": 3, "industry": "기타 상품 소매", "vacancy_rate": 0.0, "vacancy_rate_lo": null, "vacancy_rate_hi": null, "stores": 3, "source": "stores+ledger", "capacity_method": "expos_units", "active_pip": 0, "licensed": 0, "com_floors": null, "occ_floors": null, "unknown_n": null, "id": "1147010200108080005-5", "pnu": "1147010200108080005", "floors": 0, "height": 0.0}}, {"type": "Feature", "geometry": {"type": "Polygon", "coordinates": [[[126.86697983, 37.52936146], [126.86697265, 37.52932541], [126.86727784, 37.52928183], [126.86728502, 37.52931647], [126.86732604, 37.5293106], [126.86731938, 37.52927624], [126.86747621, 37.52925869], [126.86745061, 37.52914715], [126.86728669, 37.52917175], [126.86729143, 37.52919316], [126.86726526, 37.52919734], [126.86726016, 37.52917707], [126.86693571, 37.52922372], [126.86694027, 37.52924484], [126.8669134, 37.52924876], [126.86690813, 37.52922904], [126.86674492, 37.52925364], [126.8667686, 37.52936151], [126.86692792, 37.52933437], [126.86693545, 37.52936844], [126.86697983, 37.52936146]]]}, "properties": {"name": "목동신시가지7단지", "status": "full", "capacity": 22, "active": 22, "industry": "기타 간이", "vacancy_rate": 0.0, "vacancy_rate_lo": null, "vacancy_rate_hi": null, "stores": 22, "source": "stores+ledger", "capacity_method": "expos_units", "active_pip": 0, "licensed": 0, "com_floors": null, "occ_floors": null, "unknown_n": null, "id": "1147010200109250000-29", "pnu": "1147010200109250000", "floors": 15, "height": 0.0}}, {"type": "Feature", "geometry": {"type": "Polygon", "coordinates": [[[126.86861996, 37.52893926], [126.86861541, 37.52890406], [126.86892379, 37.52886019], [126.86893044, 37.52889427], [126.86897253, 37.5288884], [126.86896588, 37.5288501], [126.86912217, 37.52883508], [126.86909991, 37.52872524], [126.8689321, 37.52875096], [126.86893226, 37.52876222], [126.8689098, 37.52876529], [126.86890699, 37.52875544], [126.86858183, 37.52880154], [126.86858288, 37.52881393], [126.86855617, 37.52881699], [126.86855407, 37.52880657], [126.86839352, 37.5288292], [126.86841702, 37.52893622], [126.86857014, 37.52891302], [126.86857823, 37.52894625], [126.86861996, 37.52893926]]]}, "properties": {"name": "목동신시가지7단지", "status": "full", "capacity": 22, "active": 22, "industry": "기타 간이", "vacancy_rate": 0.0, "vacancy_rate_lo": null, "vacancy_rate_hi": null, "stores": 22, "source": "stores+ledger", "capacity_method": "expos_units", "active_pip": 0, "licensed": 0, "com_floors": null, "occ_floors": null, "unknown_n": null, "id": "1147010200109250000-30", "pnu": "1147010200109250000", "floors": 15, "height": 0.0}}, {"type": "Feature", "geometry": {"type": "Polygon", "coordinates": [[[126.86494789, 37.53031477], [126.86468116, 37.53030095], [126.86467605, 37.53039218], [126.86494119, 37.53040261], [126.86494789, 37.53031477]]]}, "properties": {"name": "목동 806-19", "status": "high", "capacity": 3, "active": 1, "industry": "교육 지원", "vacancy_rate": 66.7, "vacancy_rate_lo": 66.7, "vacancy_rate_hi": 66.7, "stores": 1, "source": "stores+ledger", "capacity_method": "floor_ouln", "active_pip": 0, "licensed": 0, "com_floors": [1, 2, 3], "occ_floors": [2], "unknown_n": 0, "id": "1147010200108060019-2", "pnu": "1147010200108060019", "floors": 5, "height": 16.3}}, {"type": "Feature", "geometry": {"type": "Polygon", "coordinates": [[[126.86942356, 37.52903025], [126.86961647, 37.52900287], [126.86961507, 37.52899301], [126.86970419, 37.52898045], [126.86970577, 37.52898776], [126.86990045, 37.52896208], [126.86989851, 37.52895251], [126.86998658, 37.52893965], [126.8699885, 37.52894781], [126.87, 37.52894614], [126.87018353, 37.52891931], [126.87018337, 37.5289103], [126.87022562, 37.52890246], [126.87020668, 37.528816], [126.86999998, 37.52884563], [126.86935197, 37.52893867], [126.86937196, 37.52902597], [126.86942076, 37.52902124], [126.86942356, 37.52903025]]]}, "properties": {"name": "목동신시가지7단지", "status": "full", "capacity": 22, "active": 22, "industry": "기타 간이", "vacancy_rate": 0.0, "vacancy_rate_lo": null, "vacancy_rate_hi": null, "stores": 22, "source": "stores+ledger", "capacity_method": "expos_units", "active_pip": 0, "licensed": 0, "com_floors": null, "occ_floors": null, "unknown_n": null, "id": "1147010200109250000-31", "pnu": "1147010200109250000", "floors": 15, "height": 0.0}}, {"type": "Feature", "geometry": {"type": "Polygon", "coordinates": [[[126.86687225, 37.5305189], [126.86683068, 37.53037767], [126.86675204, 37.53036737], [126.86673559, 37.53037044], [126.86678414, 37.53053535], [126.86687225, 37.5305189]]]}, "properties": {"name": "목동 802-7", "status": "empty", "capacity": 5, "active": 0, "industry": "", "vacancy_rate": 100.0, "source": "polygon_only", "capacity_method": "floor_approx", "active_pip": 0, "licensed": 0, "id": "1147010200108020007-1", "pnu": "1147010200108020007", "floors": 5, "height": 15.1}}, {"type": "Feature", "geometry": {"type": "Polygon", "coordinates": [[[126.86902833, 37.52669707], [126.86961179, 37.52661437], [126.86961372, 37.52662253], [126.86973874, 37.52660072], [126.86967435, 37.52632781], [126.869555, 37.52634767], [126.8695943, 37.52651242], [126.86900481, 37.5265999], [126.86902833, 37.52669707]]]}, "properties": {"name": "목동성원", "status": "full", "capacity": 2, "active": 2, "industry": "이용·미용", "vacancy_rate": 0.0, "vacancy_rate_lo": null, "vacancy_rate_hi": null, "stores": 2, "source": "stores+ledger", "capacity_method": "expos_units", "active_pip": 0, "licensed": 0, "com_floors": null, "occ_floors": null, "unknown_n": null, "id": "1147010200109260008-3", "pnu": "1147010200109260008", "floors": 15, "height": 41.55}}, {"type": "Feature", "geometry": {"type": "Polygon", "coordinates": [[[126.86675965, 37.52683333], [126.86673525, 37.52673702], [126.86596012, 37.52684735], [126.86598734, 37.52694621], [126.86675965, 37.52683333]]]}, "properties": {"name": "목동신시가지7단지", "status": "full", "capacity": 22, "active": 22, "industry": "기타 간이", "vacancy_rate": 0.0, "vacancy_rate_lo": null, "vacancy_rate_hi": null, "stores": 22, "source": "stores+ledger", "capacity_method": "expos_units", "active_pip": 0, "licensed": 0, "com_floors": null, "occ_floors": null, "unknown_n": null, "id": "1147010200109250000-32", "pnu": "1147010200109250000", "floors": 5, "height": 0.0}}, {"type": "Feature", "geometry": {"type": "Polygon", "coordinates": [[[126.86777677, 37.528233], [126.8677594, 37.52815921], [126.86770548, 37.52816563], [126.86768529, 37.52808058], [126.86766814, 37.5280828], [126.86766025, 37.52804789], [126.86761198, 37.52805347], [126.86760741, 37.52803656], [126.86760122, 37.5280374], [126.8675877, 37.52799065], [126.86750955, 37.52800097], [126.86751865, 37.52805139], [126.86748966, 37.52805501], [126.86750577, 37.52813584], [126.86749074, 37.52813835], [126.86750846, 37.52821272], [126.86754206, 37.52820767], [126.86755715, 37.52827611], [126.86766943, 37.52826104], [126.86766662, 37.52824865], [126.86777677, 37.528233]]]}, "properties": {"name": "목동신시가지7단지", "status": "full", "capacity": 22, "active": 22, "industry": "기타 간이", "vacancy_rate": 0.0, "vacancy_rate_lo": null, "vacancy_rate_hi": null, "stores": 22, "source": "stores+ledger", "capacity_method": "expos_units", "active_pip": 0, "licensed": 0, "com_floors": null, "occ_floors": null, "unknown_n": null, "id": "1147010200109250000-33", "pnu": "1147010200109250000", "floors": 1, "height": 0.0}}, {"type": "Feature", "geometry": {"type": "Polygon", "coordinates": [[[126.86698469, 37.52632425], [126.86697294, 37.52628058], [126.86683856, 37.52630184], [126.86685173, 37.52634493], [126.86698469, 37.52632425]]]}, "properties": {"name": "목동신시가지7단지", "status": "full", "capacity": 22, "active": 22, "industry": "기타 간이", "vacancy_rate": 0.0, "vacancy_rate_lo": null, "vacancy_rate_hi": null, "stores": 22, "source": "stores+ledger", "capacity_method": "expos_units", "active_pip": 0, "licensed": 0, "com_floors": null, "occ_floors": null, "unknown_n": null, "id": "1147010200109250000-34", "pnu": "1147010200109250000", "floors": 0, "height": 0.0}}, {"type": "Feature", "geometry": {"type": "Polygon", "coordinates": [[[126.86692569, 37.52660518], [126.86691955, 37.52657955], [126.86688384, 37.5265843], [126.8668882, 37.52660992], [126.86692569, 37.52660518]]]}, "properties": {"name": "목동신시가지7단지", "status": "full", "capacity": 22, "active": 22, "industry": "기타 간이", "vacancy_rate": 0.0, "vacancy_rate_lo": null, "vacancy_rate_hi": null, "stores": 22, "source": "stores+ledger", "capacity_method": "expos_units", "active_pip": 0, "licensed": 0, "com_floors": null, "occ_floors": null, "unknown_n": null, "id": "1147010200109250000-35", "pnu": "1147010200109250000", "floors": 0, "height": 0.0}}, {"type": "Feature", "geometry": {"type": "Polygon", "coordinates": [[[126.86755994, 37.52669909], [126.86753819, 37.52659967], [126.86695224, 37.52668489], [126.86697434, 37.52678318], [126.86755994, 37.52669909]]]}, "properties": {"name": "목동신시가지7단지", "status": "full", "capacity": 22, "active": 22, "industry": "기타 간이", "vacancy_rate": 0.0, "vacancy_rate_lo": null, "vacancy_rate_hi": null, "stores": 22, "source": "stores+ledger", "capacity_method": "expos_units", "active_pip": 0, "licensed": 0, "com_floors": null, "occ_floors": null, "unknown_n": null, "id": "1147010200109250000-36", "pnu": "1147010200109250000", "floors": 5, "height": 0.0}}, {"type": "Feature", "geometry": {"type": "Polygon", "coordinates": [[[126.86906311, 37.52651775], [126.86905117, 37.52646762], [126.86896824, 37.52648357], [126.86897842, 37.52653033], [126.86906311, 37.52651775]]]}, "properties": {"name": "목동성원", "status": "full", "capacity": 2, "active": 2, "industry": "이용·미용", "vacancy_rate": 0.0, "vacancy_rate_lo": null, "vacancy_rate_hi": null, "stores": 2, "source": "stores+ledger", "capacity_method": "expos_units", "active_pip": 0, "licensed": 0, "com_floors": null, "occ_floors": null, "unknown_n": null, "id": "1147010200109260008-4", "pnu": "1147010200109260008", "floors": 0, "height": 0.0}}, {"type": "Feature", "geometry": {"type": "Polygon", "coordinates": [[[126.86546937, 37.52795672], [126.86546375, 37.52793193], [126.8657716, 37.52788527], [126.86578003, 37.52791399], [126.86582088, 37.52790672], [126.86581456, 37.52788024], [126.86597104, 37.52785733], [126.86595894, 37.52780664], [126.86594436, 37.5277458], [126.86578346, 37.5277704], [126.86578802, 37.52779293], [126.86576131, 37.52779684], [126.86575588, 37.52777347], [126.86552214, 37.5278067], [126.86542948, 37.52781983], [126.86543333, 37.52784405], [126.86540716, 37.52784768], [126.86540226, 37.52782318], [126.8652373, 37.52784495], [126.86526308, 37.52795817], [126.86541973, 37.52793498], [126.86542763, 37.52796399], [126.86546937, 37.52795672]]]}, "properties": {"name": "목동신시가지7단지", "status": "full", "capacity": 22, "active": 22, "industry": "기타 간이", "vacancy_rate": 0.0, "vacancy_rate_lo": null, "vacancy_rate_hi": null, "stores": 22, "source": "stores+ledger", "capacity_method": "expos_units", "active_pip": 0, "licensed": 0, "com_floors": null, "occ_floors": null, "unknown_n": null, "id": "1147010200109250000-37", "pnu": "1147010200109250000", "floors": 15, "height": 0.0}}, {"type": "Feature", "geometry": {"type": "Polygon", "coordinates": [[[126.86821308, 37.52660381], [126.86818938, 37.52650467], [126.86792789, 37.52654295], [126.86760309, 37.52659017], [126.86762483, 37.52668762], [126.86792805, 37.52664459], [126.86821308, 37.52660381]]]}, "properties": {"name": "목동신시가지7단지", "status": "full", "capacity": 22, "active": 22, "industry": "기타 간이", "vacancy_rate": 0.0, "vacancy_rate_lo": null, "vacancy_rate_hi": null, "stores": 22, "source": "stores+ledger", "capacity_method": "expos_units", "active_pip": 0, "licensed": 0, "com_floors": null, "occ_floors": null, "unknown_n": null, "id": "1147010200109250000-38", "pnu": "1147010200109250000", "floors": 5, "height": 0.0}}, {"type": "Feature", "geometry": {"type": "Polygon", "coordinates": [[[126.86577495, 37.52848133], [126.86576846, 37.52845232], [126.86607541, 37.52840819], [126.86608384, 37.52843917], [126.8661261, 37.52843275], [126.86612245, 37.52839896], [126.86627556, 37.52837856], [126.86625173, 37.52826507], [126.86608375, 37.5282905], [126.86608831, 37.52831558], [126.86606443, 37.52831893], [126.86605705, 37.52829667], [126.86573082, 37.52834135], [126.86573449, 37.52836753], [126.86571097, 37.52837033], [126.86570395, 37.52834554], [126.86553827, 37.52837098], [126.86556601, 37.52848307], [126.86572373, 37.52845875], [126.86573163, 37.52848776], [126.86577495, 37.52848133]]]}, "properties": {"name": "목동신시가지7단지", "status": "full", "capacity": 22, "active": 22, "industry": "기타 간이", "vacancy_rate": 0.0, "vacancy_rate_lo": null, "vacancy_rate_hi": null, "stores": 22, "source": "stores+ledger", "capacity_method": "expos_units", "active_pip": 0, "licensed": 0, "com_floors": null, "occ_floors": null, "unknown_n": null, "id": "1147010200109250000-39", "pnu": "1147010200109250000", "floors": 15, "height": 0.0}}, {"type": "Feature", "geometry": {"type": "Polygon", "coordinates": [[[126.86883703, 37.52752211], [126.86881406, 37.52742354], [126.86822633, 37.52750848], [126.86824807, 37.52760621], [126.86883703, 37.52752211]]]}, "properties": {"name": "목동신시가지7단지", "status": "full", "capacity": 22, "active": 22, "industry": "기타 간이", "vacancy_rate": 0.0, "vacancy_rate_lo": null, "vacancy_rate_hi": null, "stores": 22, "source": "stores+ledger", "capacity_method": "expos_units", "active_pip": 0, "licensed": 0, "com_floors": null, "occ_floors": null, "unknown_n": null, "id": "1147010200109250000-40", "pnu": "1147010200109250000", "floors": 5, "height": 0.0}}, {"type": "Feature", "geometry": {"type": "Polygon", "coordinates": [[[126.86877037, 37.52723766], [126.8687502, 37.5271405], [126.86816354, 37.52722517], [126.86818405, 37.52732317], [126.86877037, 37.52723766]]]}, "properties": {"name": "목동신시가지7단지", "status": "full", "capacity": 22, "active": 22, "industry": "기타 간이", "vacancy_rate": 0.0, "vacancy_rate_lo": null, "vacancy_rate_hi": null, "stores": 22, "source": "stores+ledger", "capacity_method": "expos_units", "active_pip": 0, "licensed": 0, "com_floors": null, "occ_floors": null, "unknown_n": null, "id": "1147010200109250000-41", "pnu": "1147010200109250000", "floors": 5, "height": 0.0}}, {"type": "Feature", "geometry": {"type": "Polygon", "coordinates": [[[126.86525542, 37.52857254], [126.86519763, 37.52856852], [126.86519452, 37.52862258], [126.8652861, 37.52862606], [126.86525542, 37.52857254]]]}, "properties": {"name": "대원칸타빌1차", "status": "full", "capacity": 3, "active": 3, "industry": "기타 상품 소매", "vacancy_rate": 0.0, "vacancy_rate_lo": null, "vacancy_rate_hi": null, "stores": 3, "source": "stores+ledger", "capacity_method": "expos_units", "active_pip": 0, "licensed": 0, "com_floors": null, "occ_floors": null, "unknown_n": null, "id": "1147010200108080005-6", "pnu": "1147010200108080005", "floors": 0, "height": 0.0}}, {"type": "Feature", "geometry": {"type": "Polygon", "coordinates": [[[126.86591882, 37.53026999], [126.86576859, 37.53024842], [126.86575595, 37.53030162], [126.8657632, 37.53030304], [126.86575589, 37.53033654], [126.86591053, 37.53035417], [126.86592157, 37.53030969], [126.86591097, 37.53030827], [126.86591882, 37.53026999]]]}, "properties": {"name": "목동 804-36", "status": "empty", "capacity": 3, "active": 0, "industry": "", "vacancy_rate": 100.0, "source": "polygon_only", "capacity_method": "floor_approx", "active_pip": 0, "licensed": 0, "id": "1147010200108040036-1", "pnu": "1147010200108040036", "floors": 3, "height": 12.1}}, {"type": "Feature", "geometry": {"type": "Polygon", "coordinates": [[[126.86641947, 37.53045441], [126.86637631, 37.53046225], [126.86643798, 37.53067715], [126.86660545, 37.53064327], [126.86654361, 37.53043147], [126.86641947, 37.53045441]]]}, "properties": {"name": "목동 803-17", "status": "empty", "capacity": 2, "active": 0, "industry": "", "vacancy_rate": 100.0, "source": "polygon_only", "capacity_method": "floor_approx", "active_pip": 0, "licensed": 0, "id": "1147010200108030017-1", "pnu": "1147010200108030017", "floors": 2, "height": 7.8}}, {"type": "Feature", "geometry": {"type": "Polygon", "coordinates": [[[126.86682438, 37.52711694], [126.86680175, 37.52701893], [126.86602678, 37.52713209], [126.86604818, 37.5272287], [126.86682438, 37.52711694]]]}, "properties": {"name": "목동신시가지7단지", "status": "full", "capacity": 22, "active": 22, "industry": "기타 간이", "vacancy_rate": 0.0, "vacancy_rate_lo": null, "vacancy_rate_hi": null, "stores": 22, "source": "stores+ledger", "capacity_method": "expos_units", "active_pip": 0, "licensed": 0, "com_floors": null, "occ_floors": null, "unknown_n": null, "id": "1147010200109250000-42", "pnu": "1147010200109250000", "floors": 5, "height": 0.0}}, {"type": "Feature", "geometry": {"type": "Polygon", "coordinates": [[[126.86830175, 37.52693671], [126.86829597, 37.52691249], [126.86826697, 37.52691724], [126.8682717, 37.5269409], [126.86830175, 37.52693671]]]}, "properties": {"name": "목동신시가지7단지", "status": "full", "capacity": 22, "active": 22, "industry": "기타 간이", "vacancy_rate": 0.0, "vacancy_rate_lo": null, "vacancy_rate_hi": null, "stores": 22, "source": "stores+ledger", "capacity_method": "expos_units", "active_pip": 0, "licensed": 0, "com_floors": null, "occ_floors": null, "unknown_n": null, "id": "1147010200109250000-43", "pnu": "1147010200109250000", "floors": 0, "height": 0.0}}, {"type": "Feature", "geometry": {"type": "Polygon", "coordinates": [[[126.86899974, 37.52717569], [126.86919335, 37.52714747], [126.8691923, 37.52713761], [126.86928107, 37.52712475], [126.86928388, 37.52713434], [126.8694736, 37.52710667], [126.86947255, 37.52709738], [126.86956343, 37.52708425], [126.86956518, 37.52709326], [126.86976038, 37.52706475], [126.86976004, 37.52705433], [126.86980442, 37.52704847], [126.86978372, 37.5269606], [126.86892989, 37.52708298], [126.86894743, 37.52717141], [126.86899729, 37.52716555], [126.86899974, 37.52717569]]]}, "properties": {"name": "목동신시가지7단지", "status": "full", "capacity": 22, "active": 22, "industry": "기타 간이", "vacancy_rate": 0.0, "vacancy_rate_lo": null, "vacancy_rate_hi": null, "stores": 22, "source": "stores+ledger", "capacity_method": "expos_units", "active_pip": 0, "licensed": 0, "com_floors": null, "occ_floors": null, "unknown_n": null, "id": "1147010200109250000-44", "pnu": "1147010200109250000", "floors": 15, "height": 0.0}}, {"type": "Feature", "geometry": {"type": "Polygon", "coordinates": [[[126.86602225, 37.52708929], [126.86601541, 37.52706282], [126.86598835, 37.52706757], [126.86599396, 37.52709461], [126.86602225, 37.52708929]]]}, "properties": {"name": "목동신시가지7단지", "status": "full", "capacity": 22, "active": 22, "industry": "기타 간이", "vacancy_rate": 0.0, "vacancy_rate_lo": null, "vacancy_rate_hi": null, "stores": 22, "source": "stores+ledger", "capacity_method": "expos_units", "active_pip": 0, "licensed": 0, "com_floors": null, "occ_floors": null, "unknown_n": null, "id": "1147010200109250000-45", "pnu": "1147010200109250000", "floors": 0, "height": 0.0}}, {"type": "Feature", "geometry": {"type": "Polygon", "coordinates": [[[126.86695076, 37.52752], [126.86693025, 37.52742341], [126.86615422, 37.52753459], [126.86617737, 37.52763147], [126.86695076, 37.52752]]]}, "properties": {"name": "목동신시가지7단지", "status": "full", "capacity": 22, "active": 22, "industry": "기타 간이", "vacancy_rate": 0.0, "vacancy_rate_lo": null, "vacancy_rate_hi": null, "stores": 22, "source": "stores+ledger", "capacity_method": "expos_units", "active_pip": 0, "licensed": 0, "com_floors": null, "occ_floors": null, "unknown_n": null, "id": "1147010200109250000-46", "pnu": "1147010200109250000", "floors": 5, "height": 0.0}}]}