{"type": "FeatureCollection", "district": "yeonhui", "features": [{"type": "Feature", "geometry": {"type": "Polygon", "coordinates": [[[126.92650706, 37.56271616], [126.92640177, 37.5626359], [126.92633958, 37.56268912], [126.9263193, 37.56270432], [126.92640096, 37.56276448], [126.92640787, 37.56275808], [126.92643456, 37.56277837], [126.92650706, 37.56271616]]]}, "properties": {"name": "연남동 227-22", "status": "full", "capacity": 4, "active": 4, "industry": "", "vacancy_rate": 0.0, "source": "pip_only", "capacity_method": "floor_approx", "active_pip": 0, "licensed": 4, "id": "1144012400102270022-1", "pnu": "1144012400102270022", "floors": 4, "height": 13.7}}, {"type": "Feature", "geometry": {"type": "Polygon", "coordinates": [[[126.92647431, 37.56391221], [126.92643885, 37.56393841], [126.9264188, 37.56395479], [126.92641699, 37.56395714], [126.9264154, 37.56396118], [126.92641529, 37.56396434], [126.9264163, 37.56396849], [126.92641822, 37.56397128], [126.92642376, 37.56397444], [126.92642852, 37.56397579], [126.92643576, 37.56397624], [126.92644074, 37.56397481], [126.92644448, 37.56397211], [126.92644584, 37.56397355], [126.92645183, 37.5639768], [126.92643235, 37.56399364], [126.92648008, 37.56402799], [126.92651712, 37.56399855], [126.92651645, 37.56398872], [126.92658816, 37.56392498], [126.92651193, 37.56386772], [126.92646526, 37.5639041], [126.92647431, 37.56391221]]]}, "properties": {"name": "연남동 224-23", "status": "full", "capacity": 3, "active": 3, "industry": "이용·미용", "vacancy_rate": 0.0, "vacancy_rate_lo": 0.0, "vacancy_rate_hi": 0.0, "stores": 5, "source": "stores+ledger", "capacity_method": "floor_ouln", "active_pip": 0, "licensed": 0, "com_floors": [1, 2, 4], "occ_floors": [1, 2, 4], "unknown_n": 0, "id": "1144012400102240023-1", "pnu": "1144012400102240023", "floors": 4, "height": 12.75}}, {"type": "Feature", "geometry": {"type": "Polygon", "coordinates": [[[126.92683024, 37.56291863], [126.92683034, 37.56291827], [126.92673885, 37.56284613], [126.92667155, 37.56279374], [126.9265978, 37.56286127], [126.92675627, 37.56297715], [126.92678873, 37.5630014], [126.92685772, 37.56294279], [126.92683024, 37.56291863]]]}, "properties": {"name": "연남동 226-21", "status": "partial", "capacity": 3, "active": 2, "industry": "중식", "vacancy_rate": 33.3, "vacancy_rate_lo": 33.3, "vacancy_rate_hi": 33.3, "stores": 3, "source": "stores+ledger", "capacity_method": "floor_ouln", "active_pip": 0, "licensed": 2, "com_floors": [1, 2, 3], "occ_floors": [1, 2], "unknown_n": 0, "id": "1144012400102260021-1", "pnu": "1144012400102260021", "floors": 5, "height": 16.6}}, {"type": "Feature", "geometry": {"type": "Polygon", "coordinates": [[[126.92631859, 37.56274226], [126.9262189, 37.56282716], [126.92630418, 37.56288623], [126.9264033, 37.56280123], [126.92631859, 37.56274226]]]}, "properties": {"name": "연남동 227-23", "status": "partial", "capacity": 4, "active": 2, "industry": "", "vacancy_rate": 50.0, "source": "pip_only", "capacity_method": "floor_approx", "active_pip": 0, "licensed": 2, "id": "1144012400102270023-1", "pnu": "1144012400102270023", "floors": 4, "height": 13.5}}, {"type": "Feature", "geometry": {"type": "Polygon", "coordinates": [[[126.92741279, 37.56327272], [126.92736309, 37.56328999], [126.92737359, 37.56331198], [126.92732208, 37.56332916], [126.92732795, 37.56334223], [126.92730948, 37.56335033], [126.92734034, 37.56340476], [126.92744881, 37.56336734], [126.92744237, 37.56335194], [126.92744928, 37.56334978], [126.92743357, 37.56332048], [126.92743912, 37.56331815], [126.92741279, 37.56327272]]]}, "properties": {"name": "연남동 226-26", "status": "full", "capacity": 2, "active": 2, "industry": "한식", "vacancy_rate": 0.0, "vacancy_rate_lo": 0.0, "vacancy_rate_hi": 0.0, "stores": 4, "source": "stores+ledger", "capacity_method": "floor_ouln", "active_pip": 0, "licensed": 3, "com_floors": [1, 2], "occ_floors": [1, 2], "unknown_n": 0, "id": "1144012400102260026-1", "pnu": "1144012400102260026", "floors": 2, "height": 8.5}}, {"type": "Feature", "geometry": {"type": "Polygon", "coordinates": [[[126.92897953, 37.56670089], [126.92889944, 37.56676832], [126.92891176, 37.56677842], [126.92896764, 37.56682432], [126.92909405, 37.56672257], [126.92909258, 37.56672068], [126.92910844, 37.56670979], [126.92902791, 37.5666491], [126.92896889, 37.56669547], [126.92897953, 37.56670089]]]}, "properties": {"name": "연희동 189-3", "status": "empty", "capacity": 2, "active": 0, "industry": "", "vacancy_rate": 100.0, "source": "polygon_only", "capacity_method": "floor_approx", "active_pip": 0, "licensed": 0, "id": "1141011700101890003-1", "pnu": "1141011700101890003", "floors": 2, "height": 0.0}}, {"type": "Feature", "geometry": {"type": "Polygon", "coordinates": [[[126.93082879, 37.56417892], [126.93080572, 37.56427595], [126.93097061, 37.56429955], [126.93099437, 37.56419046], [126.93093586, 37.56418159], [126.93093461, 37.56418691], [126.93086795, 37.56417714], [126.93086659, 37.56418209], [126.93082879, 37.56417892]]]}, "properties": {"name": "연희동 340-52", "status": "empty", "capacity": 6, "active": 0, "industry": "", "vacancy_rate": 100.0, "source": "polygon_only", "capacity_method": "floor_approx", "active_pip": 0, "licensed": 0, "id": "1141011700103400052-1", "pnu": "1141011700103400052", "floors": 6, "height": 16.2}}, {"type": "Feature", "geometry": {"type": "Polygon", "coordinates": [[[126.92780367, 37.56603172], [126.92786064, 37.56599896], [126.92784967, 37.5659885], [126.92791547, 37.56595052], [126.92788065, 37.56591022], [126.92775516, 37.56598232], [126.92780367, 37.56603172]]]}, "properties": {"name": "연희동 192-40", "status": "empty", "capacity": 3, "active": 0, "industry": "", "vacancy_rate": 100.0, "source": "polygon_only", "capacity_method": "floor_approx", "active_pip": 0, "licensed": 0, "id": "1141011700101920040-1", "pnu": "1141011700101920040", "floors": 3, "height": 12.3}}, {"type": "Feature", "geometry": {"type": "Polygon", "coordinates": [[[126.92770969, 37.56512661], [126.92784879, 37.56502101], [126.92782402, 37.565], [126.92774474, 37.56493265], [126.92765775, 37.56499999], [126.92760463, 37.56504104], [126.92770969, 37.56512661]]]}, "properties": {"name": "연희동 218-23", "status": "high", "capacity": 5, "active": 1, "industry": "", "vacancy_rate": 80.0, "source": "pip_only", "capacity_method": "floor_approx", "active_pip": 0, "licensed": 1, "id": "1141011700102180023-1", "pnu": "1141011700102180023", "floors": 5, "height": 20.6}}, {"type": "Feature", "geometry": {"type": "Polygon", "coordinates": [[[126.92688124, 37.56346257], [126.92698634, 37.56353175], [126.92705811, 37.56346267], [126.92702453, 37.56344056], [126.92701974, 37.56344518], [126.92697756, 37.56341742], [126.92697307, 37.56342148], [126.9269622, 37.56341432], [126.92693526, 37.56344026], [126.92691694, 37.5634282], [126.92688124, 37.56346257]]]}, "properties": {"name": "연남동 224-55", "status": "partial", "capacity": 2, "active": 1, "industry": "세탁", "vacancy_rate": 50.0, "vacancy_rate_lo": 50.0, "vacancy_rate_hi": 100.0, "stores": 2, "source": "stores+ledger", "capacity_method": "floor_ouln", "active_pip": 0, "licensed": 0, "com_floors": [1, 2], "occ_floors": [], "unknown_n": 1, "id": "1144012400102240055-1", "pnu": "1144012400102240055", "floors": 3, "height": 11.75}}, {"type": "Feature", "geometry": {"type": "Polygon", "coordinates": [[[126.92822334, 37.56724643], [126.92823184, 37.56723805], [126.9282807, 37.56727205], [126.92836271, 37.56720957], [126.92833738, 37.56718694], [126.9283418, 37.5671837], [126.92826602, 37.56712617], [126.92816735, 37.56720333], [126.92822334, 37.56724643]]]}, "properties": {"name": "연희동 128-5", "status": "partial", "capacity": 2, "active": 1, "industry": "비알코올 ", "vacancy_rate": 50.0, "vacancy_rate_lo": 50.0, "vacancy_rate_hi": 100.0, "stores": 1, "source": "stores+ledger", "capacity_method": "floor_ouln", "active_pip": 0, "licensed": 1, "com_floors": [1, 2], "occ_floors": [], "unknown_n": 1, "id": "1141011700101280005-1", "pnu": "1141011700101280005", "floors": 2, "height": 0.0}}, {"type": "Feature", "geometry": {"type": "Polygon", "coordinates": [[[126.929283, 37.56668476], [126.9292796, 37.56668845], [126.92923708, 37.56665265], [126.92921805, 37.56666733], [126.92922676, 37.56667463], [126.92915948, 37.5667209], [126.92928457, 37.56682171], [126.92930043, 37.56681045], [126.92931391, 37.56679965], [126.92931946, 37.56679587], [126.92932501, 37.56679065], [126.9293343, 37.56677669], [126.92934132, 37.5667748], [126.92934653, 37.56677237], [126.92934936, 37.56676958], [126.92935333, 37.566763], [126.92935435, 37.56675949], [126.92935391, 37.56675291], [126.92935844, 37.56674751], [126.92936138, 37.56674661], [126.9293658, 37.56674634], [126.92937033, 37.56674545], [126.92937339, 37.56674392], [126.9293778, 37.56673905], [126.92938052, 37.56673518], [126.92938234, 37.56673086], [126.92938359, 37.56672635], [126.92938371, 37.56672077], [126.92938315, 37.56671563], [126.92938179, 37.56671302], [126.92937794, 37.56671049], [126.92937251, 37.5667077], [126.92936448, 37.56670535], [126.92936109, 37.5667049], [126.9293586, 37.56670453], [126.92934875, 37.56670435], [126.92934014, 37.56670614], [126.92933743, 37.5667074], [126.929283, 37.56668476]]]}, "properties": {"name": "연희동 189-2", "status": "full", "capacity": 2, "active": 2, "industry": "한식", "vacancy_rate": 0.0, "vacancy_rate_lo": 0.0, "vacancy_rate_hi": 100.0, "stores": 2, "source": "stores+ledger", "capacity_method": "floor_ouln", "active_pip": 0, "licensed": 1, "com_floors": [1, 2], "occ_floors": [], "unknown_n": 2, "id": "1141011700101890002-1", "pnu": "1141011700101890002", "floors": 3, "height": 9.69}}, {"type": "Feature", "geometry": {"type": "Polygon", "coordinates": [[[126.92860305, 37.56550542], [126.92868662, 37.56560112], [126.9288043, 37.56553339], [126.92872614, 37.56544591], [126.92866196, 37.56548228], [126.92865605, 37.56547568], [126.92860396, 37.5655049], [126.92860305, 37.56550542]]]}, "properties": {"name": "연희동 193-9", "status": "empty", "capacity": 8, "active": 0, "industry": "", "vacancy_rate": 100.0, "source": "polygon_only", "capacity_method": "floor_approx", "active_pip": 0, "licensed": 0, "id": "1141011700101930009-1", "pnu": "1141011700101930009", "floors": 8, "height": 24.8}}, {"type": "Feature", "geometry": {"type": "Polygon", "coordinates": [[[126.92823031, 37.56609379], [126.92831688, 37.56616281], [126.92837845, 37.56611499], [126.92837024, 37.56611023], [126.92838117, 37.56610061], [126.92831376, 37.56604414], [126.92831194, 37.56604556], [126.92830093, 37.56603894], [126.92823031, 37.56609379]]]}, "properties": {"name": "연희히든플레이스", "status": "full", "capacity": 4, "active": 4, "industry": "주점", "vacancy_rate": 0.0, "vacancy_rate_lo": 0.0, "vacancy_rate_hi": 0.0, "stores": 4, "source": "stores+ledger", "capacity_method": "floor_ouln", "active_pip": 0, "licensed": 2, "com_floors": [1, 2, 3, 4], "occ_floors": [1, 2, 3, 4], "unknown_n": 0, "id": "1141011700101920022-1", "pnu": "1141011700101920022", "floors": 4, "height": 15.0}}, {"type": "Feature", "geometry": {"type": "Polygon", "coordinates": [[[126.92681125, 37.56496244], [126.92680582, 37.56495775], [126.92677331, 37.56498413], [126.9267775, 37.564988], [126.92676187, 37.56499998], [126.92672743, 37.56502627], [126.92682448, 37.56510561], [126.92695677, 37.565001], [126.92716985, 37.56517521], [126.9272701, 37.5650949], [126.9271535, 37.56499996], [126.9270603, 37.56492411], [126.92706721, 37.56492006], [126.92696882, 37.56483964], [126.92681125, 37.56496244]]]}, "properties": {"name": "임광아파트", "status": "high", "capacity": 3, "active": 1, "industry": "비알코올 ", "vacancy_rate": 66.7, "vacancy_rate_lo": null, "vacancy_rate_hi": null, "stores": 1, "source": "stores+ledger", "capacity_method": "expos_units", "active_pip": 0, "licensed": 1, "com_floors": null, "occ_floors": null, "unknown_n": null, "id": "1141011700107380000-1", "pnu": "1141011700107380000", "floors": 18, "height": 50.1}}, {"type": "Feature", "geometry": {"type": "Polygon", "coordinates": [[[126.92734837, 37.5651573], [126.92724778, 37.56523301], [126.92734742, 37.56531317], [126.92733757, 37.565321], [126.92734232, 37.56532542], [126.92717909, 37.56545254], [126.92727725, 37.56553396], [126.92744865, 37.56540107], [126.92747906, 37.56542849], [126.92758214, 37.56534872], [126.92743014, 37.56522212], [126.92743308, 37.56521879], [126.92740289, 37.56519346], [126.92739666, 37.56519805], [126.92734837, 37.5651573]]]}, "properties": {"name": "임광아파트", "status": "high", "capacity": 3, "active": 1, "industry": "비알코올 ", "vacancy_rate": 66.7, "vacancy_rate_lo": null, "vacancy_rate_hi": null, "stores": 1, "source": "stores+ledger", "capacity_method": "expos_units", "active_pip": 0, "licensed": 1, "com_floors": null, "occ_floors": null, "unknown_n": null, "id": "1141011700107380000-2", "pnu": "1141011700107380000", "floors": 18, "height": 50.1}}, {"type": "Feature", "geometry": {"type": "Polygon", "coordinates": [[[126.92687189, 37.56522755], [126.92683916, 37.56525086], [126.92685781, 37.5652716], [126.92689089, 37.5652463], [126.92687189, 37.56522755]]]}, "properties": {"name": "임광아파트", "status": "high", "capacity": 3, "active": 1, "industry": "비알코올 ", "vacancy_rate": 66.7, "vacancy_rate_lo": null, "vacancy_rate_hi": null, "stores": 1, "source": "stores+ledger", "capacity_method": "expos_units", "active_pip": 0, "licensed": 1, "com_floors": null, "occ_floors": null, "unknown_n": null, "id": "1141011700107380000-3", "pnu": "1141011700107380000", "floors": 0, "height": 0.0}}, {"type": "Feature", "geometry": {"type": "Polygon", "coordinates": [[[126.9269205, 37.56528912], [126.92689286, 37.56531036], [126.92695088, 37.56535509], [126.92697479, 37.56533303], [126.9269205, 37.56528912]]]}, "properties": {"name": "임광아파트", "status": "high", "capacity": 3, "active": 1, "industry": "비알코올 ", "vacancy_rate": 66.7, "vacancy_rate_lo": null, "vacancy_rate_hi": null, "stores": 1, "source": "stores+ledger", "capacity_method": "expos_units", "active_pip": 0, "licensed": 1, "com_floors": null, "occ_floors": null, "unknown_n": null, "id": "1141011700107380000-4", "pnu": "1141011700107380000", "floors": 0, "height": 0.0}}, {"type": "Feature", "geometry": {"type": "Polygon", "coordinates": [[[126.92666473, 37.56502568], [126.92660651, 37.56506764], [126.92663399, 37.56509144], [126.92669017, 37.56504732], [126.92666473, 37.56502568]]]}, "properties": {"name": "임광아파트", "status": "high", "capacity": 3, "active": 1, "industry": "비알코올 ", "vacancy_rate": 66.7, "vacancy_rate_lo": null, "vacancy_rate_hi": null, "stores": 1, "source": "stores+ledger", "capacity_method": "expos_units", "active_pip": 0, "licensed": 1, "com_floors": null, "occ_floors": null, "unknown_n": null, "id": "1141011700107380000-5", "pnu": "1141011700107380000", "floors": 0, "height": 0.0}}, {"type": "Feature", "geometry": {"type": "Polygon", "coordinates": [[[126.92755816, 37.56451321], [126.92778475, 37.56429414], [126.92775343, 37.56426619], [126.92771129, 37.5643022], [126.92771683, 37.56430914], [126.92751394, 37.56447813], [126.92755816, 37.56451321]]]}, "properties": {"name": "연희동 218-15", "status": "full", "capacity": 2, "active": 2, "industry": "비알코올 ", "vacancy_rate": 0.0, "vacancy_rate_lo": 0.0, "vacancy_rate_hi": 0.0, "stores": 1, "source": "stores+ledger", "capacity_method": "floor_ouln", "active_pip": 0, "licensed": 1, "com_floors": [1, 3], "occ_floors": [1, 3], "unknown_n": 0, "id": "1141011700102180015-1", "pnu": "1141011700102180015", "floors": 0, "height": 0.0}}, {"type": "Feature", "geometry": {"type": "Polygon", "coordinates": [[[126.92842308, 37.56421389], [126.92837754, 37.56425837], [126.92840118, 37.56427172], [126.92844582, 37.56422823], [126.92842308, 37.56421389]]]}, "properties": {"name": "연희체스트빌", "status": "full", "capacity": 2, "active": 2, "industry": "스포츠 서비스", "vacancy_rate": 0.0, "vacancy_rate_lo": null, "vacancy_rate_hi": null, "stores": 2, "source": "stores+ledger", "capacity_method": "expos_units", "active_pip": 0, "licensed": 1, "com_floors": null, "occ_floors": null, "unknown_n": null, "id": "1141011700102180001-1", "pnu": "1141011700102180001", "floors": 0, "height": 0.0}}, {"type": "Feature", "geometry": {"type": "Polygon", "coordinates": [[[126.9268617, 37.56708405], [126.92683494, 37.56713124], [126.92706237, 37.56721238], [126.92712145, 37.56710447], [126.92696394, 37.56705113], [126.92696938, 37.56704186], [126.92688373, 37.56701099], [126.92684756, 37.56707872], [126.9268617, 37.56708405]]]}, "properties": {"name": "연희동 433-10", "status": "full", "capacity": 3, "active": 3, "industry": "비알코올 ", "vacancy_rate": 0.0, "vacancy_rate_lo": 0.0, "vacancy_rate_hi": 33.3, "stores": 3, "source": "stores+ledger", "capacity_method": "floor_ouln", "active_pip": 0, "licensed": 1, "com_floors": [1, 2, 3], "occ_floors": [1, 3], "unknown_n": 1, "id": "1141011700104330010-1", "pnu": "1141011700104330010", "floors": 3, "height": 0.0}}, {"type": "Feature", "geometry": {"type": "Polygon", "coordinates": [[[126.92756117, 37.56678201], [126.92755857, 37.56678517], [126.92756038, 37.56678652], [126.92752174, 37.5668283], [126.92753158, 37.56683434], [126.92752886, 37.56683641], [126.92762456, 37.56689315], [126.92772971, 37.56678761], [126.92772643, 37.56678607], [126.92773311, 37.5667786], [126.92763729, 37.5667252], [126.92757373, 37.56678913], [126.92756117, 37.56678201]]]}, "properties": {"name": "연희동 433-8", "status": "empty", "capacity": 2, "active": 0, "industry": "", "vacancy_rate": 100.0, "source": "polygon_only", "capacity_method": "floor_approx", "active_pip": 0, "licensed": 0, "id": "1141011700104330008-1", "pnu": "1141011700104330008", "floors": 2, "height": 0.0}}, {"type": "Feature", "geometry": {"type": "Polygon", "coordinates": [[[126.92671002, 37.56558154], [126.92668921, 37.56556432], [126.92671039, 37.5655483], [126.92671008, 37.56551937], [126.92665625, 37.56547862], [126.92654591, 37.56557018], [126.92664092, 37.56564024], [126.92671002, 37.56558154]]]}, "properties": {"name": "연희동 219-11", "status": "empty", "capacity": 4, "active": 0, "industry": "", "vacancy_rate": 100.0, "source": "polygon_only", "capacity_method": "floor_approx", "active_pip": 0, "licensed": 0, "id": "1141011700102190011-1", "pnu": "1141011700102190011", "floors": 4, "height": 13.85}}, {"type": "Feature", "geometry": {"type": "Polygon", "coordinates": [[[126.9281133, 37.56667315], [126.92807139, 37.5667052], [126.92807886, 37.56671187], [126.9280383, 37.56674419], [126.92805074, 37.56675546], [126.92803805, 37.5667669], [126.9281005, 37.56681514], [126.92819009, 37.56674257], [126.92815469, 37.56671426], [126.92816104, 37.56670877], [126.9281133, 37.56667315]]]}, "properties": {"name": "일부", "status": "full", "capacity": 2, "active": 2, "industry": "안경·정밀기기 소매", "vacancy_rate": 0.0, "vacancy_rate_lo": 0.0, "vacancy_rate_hi": 0.0, "stores": 4, "source": "stores+ledger", "capacity_method": "floor_ouln", "active_pip": 0, "licensed": 3, "com_floors": [1, 2], "occ_floors": [1, 2], "unknown_n": 0, "id": "1141011700101900014-1", "pnu": "1141011700101900014", "floors": 4, "height": 14.7}}, {"type": "Feature", "geometry": {"type": "Polygon", "coordinates": [[[126.92811248, 37.56636482], [126.92802151, 37.56644054], [126.92803497, 37.56645083], [126.92803157, 37.56645344], [126.92813144, 37.56653063], [126.92818547, 37.56648767], [126.92816353, 37.56647054], [126.92818472, 37.56645434], [126.92813902, 37.56642043], [126.92816201, 37.56640369], [126.92811248, 37.56636482]]]}, "properties": {"name": "연희동 192-3", "status": "partial", "capacity": 2, "active": 1, "industry": "섬유·의복·신발 소매", "vacancy_rate": 50.0, "vacancy_rate_lo": 50.0, "vacancy_rate_hi": 50.0, "stores": 4, "source": "stores+ledger", "capacity_method": "floor_ouln", "active_pip": 0, "licensed": 2, "com_floors": [1, 2], "occ_floors": [1], "unknown_n": 0, "id": "1141011700101920003-1", "pnu": "1141011700101920003", "floors": 2, "height": 7.9}}, {"type": "Feature", "geometry": {"type": "Polygon", "coordinates": [[[126.92836938, 37.56616307], [126.92847977, 37.56624738], [126.92856768, 37.56617842], [126.92850242, 37.56612648], [126.92851239, 37.56611838], [126.92846759, 37.56608393], [126.92837187, 37.56616091], [126.92836938, 37.56616307]]]}, "properties": {"name": "지상", "status": "full", "capacity": 3, "active": 3, "industry": "한식", "vacancy_rate": 0.0, "vacancy_rate_lo": 0.0, "vacancy_rate_hi": 0.0, "stores": 6, "source": "stores+ledger", "capacity_method": "floor_ouln", "active_pip": 0, "licensed": 6, "com_floors": [1, 2, 3], "occ_floors": [1, 2, 3], "unknown_n": 0, "id": "1141011700101920010-1", "pnu": "1141011700101920010", "floors": 3, "height": 9.28}}, {"type": "Feature", "geometry": {"type": "Polygon", "coordinates": [[[126.92900509, 37.56612877], [126.92900825, 37.56613372], [126.92901119, 37.56613508], [126.92901391, 37.56613526], [126.92901674, 37.56613454], [126.92902048, 37.56613238], [126.92903471, 37.5661568], [126.92908114, 37.56613854], [126.92907684, 37.56613223], [126.92913561, 37.56611074], [126.92912996, 37.56610055], [126.92915611, 37.56609192], [126.92914922, 37.56608101], [126.9291533, 37.56607903], [126.92915749, 37.56607552], [126.92915908, 37.56607165], [126.92915761, 37.56606749], [126.92910449, 37.56598719], [126.92910132, 37.56598413], [126.92909499, 37.56598286], [126.92909068, 37.56598483], [126.92895446, 37.56604323], [126.92895151, 37.5660462], [126.92900509, 37.56612877]]]}, "properties": {"name": "연희동 188-16", "status": "full", "capacity": 4, "active": 4, "industry": "이용·미용", "vacancy_rate": 0.0, "vacancy_rate_lo": 0.0, "vacancy_rate_hi": 25.0, "stores": 3, "source": "stores+ledger", "capacity_method": "floor_ouln", "active_pip": 0, "licensed": 1, "com_floors": [1, 2, 3, 4], "occ_floors": [1, 2, 4], "unknown_n": 1, "id": "1141011700101880016-1", "pnu": "1141011700101880016", "floors": 5, "height": 16.9}}, {"type": "Feature", "geometry": {"type": "Polygon", "coordinates": [[[126.92824986, 37.56284823], [126.92811039, 37.56287355], [126.92822671, 37.56303121], [126.9283342, 37.5629537], [126.92824986, 37.56284823]]]}, "properties": {"name": "연희동 354-6", "status": "empty", "capacity": 2, "active": 0, "industry": "", "vacancy_rate": 100.0, "source": "polygon_only", "capacity_method": "floor_approx", "active_pip": 0, "licensed": 0, "id": "1141011700103540006-1", "pnu": "1141011700103540006", "floors": 2, "height": 0.0}}, {"type": "Feature", "geometry": {"type": "Polygon", "coordinates": [[[126.9269425, 37.56524849], [126.92691758, 37.56526803], [126.92694042, 37.56528886], [126.92696817, 37.56527095], [126.9269425, 37.56524849]]]}, "properties": {"name": "임광아파트", "status": "high", "capacity": 3, "active": 1, "industry": "비알코올 ", "vacancy_rate": 66.7, "vacancy_rate_lo": null, "vacancy_rate_hi": null, "stores": 1, "source": "stores+ledger", "capacity_method": "expos_units", "active_pip": 0, "licensed": 1, "com_floors": null, "occ_floors": null, "unknown_n": null, "id": "1141011700107380000-6", "pnu": "1141011700107380000", "floors": 0, "height": 0.0}}, {"type": "Feature", "geometry": {"type": "Polygon", "coordinates": [[[126.92736166, 37.56627237], [126.92746403, 37.56634334], [126.92755442, 37.56627015], [126.9275016, 37.56622867], [126.92748337, 37.56624209], [126.92744005, 37.56621034], [126.92743733, 37.56620845], [126.92736166, 37.56627237]]]}, "properties": {"name": "좌측호", "status": "full", "capacity": 1, "active": 1, "industry": "한식", "vacancy_rate": 0.0, "vacancy_rate_lo": 0.0, "vacancy_rate_hi": 0.0, "stores": 5, "source": "stores+ledger", "capacity_method": "floor_ouln", "active_pip": 0, "licensed": 3, "com_floors": [1], "occ_floors": [1], "unknown_n": 0, "id": "1141011700101920029-1", "pnu": "1141011700101920029", "floors": 1, "height": 0.0}}, {"type": "Feature", "geometry": {"type": "Polygon", "coordinates": [[[126.92687422, 37.56563003], [126.92697899, 37.56554584], [126.92692663, 37.56550473], [126.92694996, 37.56548618], [126.92689375, 37.56544137], [126.92676733, 37.56554518], [126.92687422, 37.56563003]]]}, "properties": {"name": "임광아파트", "status": "high", "capacity": 3, "active": 1, "industry": "비알코올 ", "vacancy_rate": 66.7, "vacancy_rate_lo": null, "vacancy_rate_hi": null, "stores": 1, "source": "stores+ledger", "capacity_method": "expos_units", "active_pip": 0, "licensed": 1, "com_floors": null, "occ_floors": null, "unknown_n": null, "id": "1141011700107380000-7", "pnu": "1141011700107380000", "floors": 3, "height": 11.7}}, {"type": "Feature", "geometry": {"type": "Polygon", "coordinates": [[[126.92633575, 37.56588935], [126.92630961, 37.56587573], [126.92630068, 37.56587709], [126.92629661, 37.56586942], [126.92621191, 37.56589442], [126.92624839, 37.56597977], [126.92641063, 37.56593652], [126.92640747, 37.56592959], [126.92639189, 37.56588804], [126.92636086, 37.56589316], [126.92635917, 37.56588432], [126.92633575, 37.56588935]]]}, "properties": {"name": "연희동 220-56", "status": "empty", "capacity": 5, "active": 0, "industry": "", "vacancy_rate": 100.0, "source": "polygon_only", "capacity_method": "floor_approx", "active_pip": 0, "licensed": 0, "id": "1141011700102200056-1", "pnu": "1141011700102200056", "floors": 5, "height": 0.0}}, {"type": "Feature", "geometry": {"type": "Polygon", "coordinates": [[[126.92705701, 37.56632724], [126.92719146, 37.56624083], [126.92717155, 37.56622829], [126.92717359, 37.56622451], [126.92713513, 37.5662007], [126.92696934, 37.56626601], [126.92705701, 37.56632724]]]}, "properties": {"name": "연희동 431-3", "status": "full", "capacity": 1, "active": 1, "industry": "한식", "vacancy_rate": 0.0, "vacancy_rate_lo": 0.0, "vacancy_rate_hi": 0.0, "stores": 2, "source": "stores+ledger", "capacity_method": "floor_ouln", "active_pip": 0, "licensed": 2, "com_floors": [1], "occ_floors": [1], "unknown_n": 0, "id": "1141011700104310003-1", "pnu": "1141011700104310003", "floors": 1, "height": 0.0}}, {"type": "Feature", "geometry": {"type": "Polygon", "coordinates": [[[126.92728781, 37.56620909], [126.92735115, 37.56625795], [126.92748221, 37.56615775], [126.92743629, 37.56612195], [126.92726678, 37.56618933], [126.92728781, 37.56620909]]]}, "properties": {"name": "노엘", "status": "full", "capacity": 3, "active": 3, "industry": "한식", "vacancy_rate": 0.0, "vacancy_rate_lo": 0.0, "vacancy_rate_hi": 33.3, "stores": 3, "source": "stores+ledger", "capacity_method": "floor_ouln", "active_pip": 0, "licensed": 2, "com_floors": [1, 2, 3], "occ_floors": [2, 3], "unknown_n": 1, "id": "1141011700101920017-1", "pnu": "1141011700101920017", "floors": 5, "height": 16.3}}, {"type": "Feature", "geometry": {"type": "Polygon", "coordinates": [[[126.92664291, 37.56638815], [126.92634663, 37.56645582], [126.92637868, 37.56653369], [126.9263882, 37.56653252], [126.92640321, 37.56657938], [126.92642585, 37.56657759], [126.92643477, 37.56659436], [126.926507, 37.56657801], [126.92650227, 37.56656043], [126.92652265, 37.56655585], [126.92651814, 37.56654017], [126.92653998, 37.56653604], [126.92652689, 37.56649999], [126.92667204, 37.56646241], [126.92664291, 37.56638815]]]}, "properties": {"name": "동신빌딩", "status": "full", "capacity": 4, "active": 4, "industry": "기타 간이", "vacancy_rate": 0.0, "vacancy_rate_lo": 0.0, "vacancy_rate_hi": 25.0, "stores": 10, "source": "stores+ledger", "capacity_method": "floor_ouln", "active_pip": 0, "licensed": 7, "com_floors": [1, 2, 3, 4], "occ_floors": [1, 2, 3], "unknown_n": 1, "id": "1141011700104210033-1", "pnu": "1141011700104210033", "floors": 4, "height": 12.6}}, {"type": "Feature", "geometry": {"type": "Polygon", "coordinates": [[[126.92710167, 37.56533032], [126.92706724, 37.56535552], [126.92708816, 37.56537373], [126.92712362, 37.56534438], [126.92710167, 37.56533032]]]}, "properties": {"name": "임광아파트", "status": "high", "capacity": 3, "active": 1, "industry": "비알코올 ", "vacancy_rate": 66.7, "vacancy_rate_lo": null, "vacancy_rate_hi": null, "stores": 1, "source": "stores+ledger", "capacity_method": "expos_units", "active_pip": 0, "licensed": 1, "com_floors": null, "occ_floors": null, "unknown_n": null, "id": "1141011700107380000-8", "pnu": "1141011700107380000", "floors": 0, "height": 0.0}}, {"type": "Feature", "geometry": {"type": "Polygon", "coordinates": [[[126.92792332, 37.5650817], [126.92788674, 37.56510564], [126.92786129, 37.56508211], [126.92775324, 37.56515899], [126.92779543, 37.56519577], [126.92781739, 37.56518038], [126.92788853, 37.56524331], [126.92800791, 37.56515446], [126.92792332, 37.5650817]]]}, "properties": {"name": "우청빌딩", "status": "partial", "capacity": 4, "active": 2, "industry": "섬유·의복·신발 소매", "vacancy_rate": 50.0, "vacancy_rate_lo": 50.0, "vacancy_rate_hi": 50.0, "stores": 2, "source": "stores+ledger", "capacity_method": "floor_ouln", "active_pip": 0, "licensed": 1, "com_floors": [1, 2, 5, 6], "occ_floors": [1, 2], "unknown_n": 0, "id": "1141011700102180019-1", "pnu": "1141011700102180019", "floors": 7, "height": 24.0}}, {"type": "Feature", "geometry": {"type": "Polygon", "coordinates": [[[126.92928097, 37.56560086], [126.92919616, 37.56563351], [126.92927754, 37.56575808], [126.92936507, 37.56572272], [126.92928097, 37.56560086]]]}, "properties": {"name": "연희동 193-13", "status": "full", "capacity": 1, "active": 1, "industry": "한식", "vacancy_rate": 0.0, "vacancy_rate_lo": 0.0, "vacancy_rate_hi": 0.0, "stores": 3, "source": "stores+ledger", "capacity_method": "floor_ouln", "active_pip": 0, "licensed": 1, "com_floors": [1], "occ_floors": [1], "unknown_n": 0, "id": "1141011700101930013-1", "pnu": "1141011700101930013", "floors": 5, "height": 0.0}}, {"type": "Feature", "geometry": {"type": "Polygon", "coordinates": [[[126.9292682, 37.56594304], [126.92923865, 37.56595735], [126.92924102, 37.56596105], [126.92915733, 37.56600776], [126.92921758, 37.56608574], [126.92921486, 37.56608709], [126.92923035, 37.56610521], [126.92934688, 37.56604824], [126.92929002, 37.5659737], [126.92929375, 37.56597216], [126.9292682, 37.56594304]]]}, "properties": {"name": "연희동 188-15", "status": "high", "capacity": 4, "active": 1, "industry": "기타 간이", "vacancy_rate": 75.0, "vacancy_rate_lo": 75.0, "vacancy_rate_hi": 75.0, "stores": 1, "source": "stores+ledger", "capacity_method": "floor_ouln", "active_pip": 0, "licensed": 1, "com_floors": [1, 2, 3, 4], "occ_floors": [1], "unknown_n": 0, "id": "1141011700101880015-1", "pnu": "1141011700101880015", "floors": 4, "height": 0.0}}, {"type": "Feature", "geometry": {"type": "Polygon", "coordinates": [[[126.92832282, 37.5660318], [126.92841383, 37.56609943], [126.92845602, 37.56605987], [126.92844493, 37.56605067], [126.92850746, 37.56599686], [126.92843223, 37.56594225], [126.92842081, 37.56595304], [126.92841974, 37.56595067], [126.92839731, 37.56596944], [126.92839685, 37.56597065], [126.92832282, 37.5660318]]]}, "properties": {"name": "연희동 192-21", "status": "empty", "capacity": 4, "active": 0, "industry": "", "vacancy_rate": 100.0, "source": "polygon_only", "capacity_method": "floor_approx", "active_pip": 0, "licensed": 0, "id": "1141011700101920021-1", "pnu": "1141011700101920021", "floors": 4, "height": 16.0}}, {"type": "Feature", "geometry": {"type": "Polygon", "coordinates": [[[126.92651418, 37.5651117], [126.92647104, 37.56510903], [126.92642589, 37.56514491], [126.92655182, 37.5652453], [126.92661689, 37.56519359], [126.92651418, 37.5651117]]]}, "properties": {"name": "명칭없음", "status": "full", "capacity": 1, "active": 1, "industry": "종합 소매", "vacancy_rate": 0.0, "vacancy_rate_lo": null, "vacancy_rate_hi": null, "stores": 1, "source": "stores+ledger", "capacity_method": "expos_units", "active_pip": 0, "licensed": 1, "com_floors": null, "occ_floors": null, "unknown_n": null, "id": "1141011700102190013-1", "pnu": "1141011700102190013", "floors": 5, "height": 14.4}}, {"type": "Feature", "geometry": {"type": "Polygon", "coordinates": [[[126.92814952, 37.5626714], [126.9279985, 37.5627105], [126.92804303, 37.56277783], [126.92817593, 37.56274574], [126.92814952, 37.5626714]]]}, "properties": {"name": "연희동 353-103", "status": "full", "capacity": 2, "active": 2, "industry": "기타 간이", "vacancy_rate": 0.0, "vacancy_rate_lo": 0.0, "vacancy_rate_hi": 50.0, "stores": 4, "source": "stores+ledger+pip", "capacity_method": "floor_ouln", "active_pip": 1, "licensed": 1, "com_floors": [1, 2], "occ_floors": [1], "unknown_n": 1, "id": "1141011700103530103-1", "pnu": "1141011700103530103", "floors": 3, "height": 0.0}}, {"type": "Feature", "geometry": {"type": "Polygon", "coordinates": [[[126.92875881, 37.56702294], [126.92867354, 37.56708898], [126.92878115, 37.56717629], [126.92886608, 37.56710882], [126.92875881, 37.56702294]]]}, "properties": {"name": "가나센터", "status": "full", "capacity": 3, "active": 3, "industry": "비알코올 ", "vacancy_rate": 0.0, "vacancy_rate_lo": 0.0, "vacancy_rate_hi": 0.0, "stores": 2, "source": "stores+ledger", "capacity_method": "floor_ouln", "active_pip": 0, "licensed": 2, "com_floors": [1, 2, 3], "occ_floors": [1, 2, 3], "unknown_n": 0, "id": "1141011700101900003-1", "pnu": "1141011700101900003", "floors": 4, "height": 15.4}}, {"type": "Feature", "geometry": {"type": "Polygon", "coordinates": [[[126.92834185, 37.56262993], [126.92836764, 37.56272664], [126.92841899, 37.56271854], [126.92842315, 37.56274534], [126.92848418, 37.56273559], [126.92847268, 37.56268771], [126.92845624, 37.56265367], [126.9284423, 37.5626559], [126.92843548, 37.56262886], [126.92839939, 37.56262069], [126.92834185, 37.56262993]]]}, "properties": {"name": "연희동 353-105", "status": "high", "capacity": 3, "active": 1, "industry": "섬유·의복·신발 소매", "vacancy_rate": 66.7, "vacancy_rate_lo": 66.7, "vacancy_rate_hi": 100.0, "stores": 1, "source": "stores+ledger", "capacity_method": "floor_ouln", "active_pip": 0, "licensed": 0, "com_floors": [3, 4, 5], "occ_floors": [], "unknown_n": 1, "id": "1141011700103530105-1", "pnu": "1141011700103530105", "floors": 6, "height": 20.6}}, {"type": "Feature", "geometry": {"type": "Polygon", "coordinates": [[[126.92678909, 37.56401854], [126.92686363, 37.56395552], [126.9267866, 37.56389618], [126.9267482, 37.56392832], [126.92675159, 37.56393175], [126.92671432, 37.56396488], [126.92678909, 37.56401854]]]}, "properties": {"name": "우측호", "status": "full", "capacity": 3, "active": 3, "industry": "이용·미용", "vacancy_rate": 0.0, "vacancy_rate_lo": 0.0, "vacancy_rate_hi": 0.0, "stores": 4, "source": "stores+ledger", "capacity_method": "floor_ouln", "active_pip": 0, "licensed": 1, "com_floors": [1, 2, 3], "occ_floors": [1, 2, 3], "unknown_n": 0, "id": "1144012400102240014-1", "pnu": "1144012400102240014", "floors": 3, "height": 9.5}}, {"type": "Feature", "geometry": {"type": "Polygon", "coordinates": [[[126.92648976, 37.56330366], [126.92634468, 37.56342621], [126.92641461, 37.56347867], [126.92640486, 37.56348691], [126.92641934, 37.56349778], [126.92648291, 37.56344408], [126.9264676, 37.56343259], [126.92651674, 37.56339109], [126.92652337, 37.56339605], [126.92656549, 37.56336048], [126.92648976, 37.56330366]]]}, "properties": {"name": "연남동 224-30", "status": "empty", "capacity": 5, "active": 0, "industry": "", "vacancy_rate": 100.0, "source": "polygon_only", "capacity_method": "floor_approx", "active_pip": 0, "licensed": 0, "id": "1144012400102240030-1", "pnu": "1144012400102240030", "floors": 5, "height": 13.45}}, {"type": "Feature", "geometry": {"type": "Polygon", "coordinates": [[[126.9276147, 37.56282001], [126.92769212, 37.56293178], [126.92768827, 37.56293412], [126.92771144, 37.56296522], [126.92771642, 37.56296306], [126.92771767, 37.56296261], [126.92783623, 37.56313252], [126.92790226, 37.5631012], [126.92768309, 37.56278986], [126.9276147, 37.56282001]]]}, "properties": {"name": "지층", "status": "full", "capacity": 3, "active": 3, "industry": "비알코올 ", "vacancy_rate": 0.0, "vacancy_rate_lo": 0.0, "vacancy_rate_hi": 0.0, "stores": 4, "source": "stores+ledger", "capacity_method": "floor_ouln", "active_pip": 0, "licensed": 1, "com_floors": [1, 2, 3], "occ_floors": [1, 2, 3], "unknown_n": 0, "id": "1144012400102260034-1", "pnu": "1144012400102260034", "floors": 3, "height": 0.0}}, {"type": "Feature", "geometry": {"type": "Polygon", "coordinates": [[[126.92663154, 37.56413214], [126.92665407, 37.56411324], [126.92660975, 37.56407709], [126.92656637, 37.56410661], [126.92656127, 37.56410391], [126.92652547, 37.564132], [126.92658282, 37.56418302], [126.92664025, 37.56413982], [126.92663154, 37.56413214]]]}, "properties": {"name": "연남동 224-19", "status": "full", "capacity": 2, "active": 2, "industry": "일반 숙박", "vacancy_rate": 0.0, "vacancy_rate_lo": 0.0, "vacancy_rate_hi": 0.0, "stores": 2, "source": "stores+ledger", "capacity_method": "floor_ouln", "active_pip": 0, "licensed": 1, "com_floors": [1, 3], "occ_floors": [1, 3], "unknown_n": 0, "id": "1144012400102240019-1", "pnu": "1144012400102240019", "floors": 4, "height": 0.0}}, {"type": "Feature", "geometry": {"type": "Polygon", "coordinates": [[[126.92676213, 37.56345369], [126.92680179, 37.56340777], [126.92672725, 37.5633642], [126.92672963, 37.56336006], [126.9266699, 37.56332777], [126.9266274, 37.56337747], [126.92676213, 37.56345369]]]}, "properties": {"name": "연남동 224-27", "status": "partial", "capacity": 3, "active": 2, "industry": "기타 교육", "vacancy_rate": 33.3, "vacancy_rate_lo": 33.3, "vacancy_rate_hi": 66.7, "stores": 2, "source": "stores+ledger", "capacity_method": "floor_ouln", "active_pip": 0, "licensed": 0, "com_floors": [1, 2, 3], "occ_floors": [3], "unknown_n": 1, "id": "1144012400102240027-1", "pnu": "1144012400102240027", "floors": 4, "height": 10.87}}, {"type": "Feature", "geometry": {"type": "Polygon", "coordinates": [[[126.92689331, 37.56394032], [126.92696608, 37.56399629], [126.92702334, 37.56394437], [126.92695026, 37.5638934], [126.92689331, 37.56394032]]]}, "properties": {"name": "MI", "status": "full", "capacity": 4, "active": 4, "industry": "섬유·의복·신발 소매", "vacancy_rate": 0.0, "vacancy_rate_lo": 0.0, "vacancy_rate_hi": 25.0, "stores": 3, "source": "stores+ledger", "capacity_method": "floor_ouln", "active_pip": 0, "licensed": 1, "com_floors": [1, 2, 3, 4], "occ_floors": [2, 3, 4], "unknown_n": 1, "id": "1144012400102240008-1", "pnu": "1144012400102240008", "floors": 4, "height": 17.5}}, {"type": "Feature", "geometry": {"type": "Polygon", "coordinates": [[[126.92650133, 37.56440759], [126.92650137, 37.56436597], [126.92644606, 37.56432277], [126.92638036, 37.56437283], [126.92646587, 37.56443514], [126.92650133, 37.56440759]]]}, "properties": {"name": "연남동 225-4", "status": "full", "capacity": 2, "active": 2, "industry": "종합 소매", "vacancy_rate": 0.0, "vacancy_rate_lo": 0.0, "vacancy_rate_hi": 0.0, "stores": 2, "source": "stores+ledger", "capacity_method": "floor_ouln", "active_pip": 0, "licensed": 0, "com_floors": [1, 2], "occ_floors": [1, 2], "unknown_n": 0, "id": "1144012400102250004-1", "pnu": "1144012400102250004", "floors": 3, "height": 0.0}}, {"type": "Feature", "geometry": {"type": "Polygon", "coordinates": [[[126.92666325, 37.56307476], [126.92665362, 37.56308341], [126.92670814, 37.56311849], [126.92678211, 37.56305285], [126.92670634, 37.56299342], [126.92666873, 37.56302196], [126.92667936, 37.56303243], [126.92664492, 37.56306267], [126.92666325, 37.56307476]]]}, "properties": {"name": "명칭없음", "status": "high", "capacity": 3, "active": 1, "industry": "한식", "vacancy_rate": 66.7, "vacancy_rate_lo": null, "vacancy_rate_hi": null, "stores": 1, "source": "stores+ledger", "capacity_method": "expos_units", "active_pip": 0, "licensed": 1, "com_floors": null, "occ_floors": null, "unknown_n": null, "id": "1144012400102260022-1", "pnu": "1144012400102260022", "floors": 4, "height": 11.95}}, {"type": "Feature", "geometry": {"type": "Polygon", "coordinates": [[[126.92726053, 37.56364357], [126.92730269, 37.56359395], [126.9272666, 37.56356951], [126.92727261, 37.56356131], [126.9272242, 37.56353245], [126.92714081, 37.56361574], [126.92722474, 37.56367084], [126.92725533, 37.56364077], [126.92726053, 37.56364357]]]}, "properties": {"name": "연남동 224-51", "status": "full", "capacity": 1, "active": 1, "industry": "한식", "vacancy_rate": 0.0, "vacancy_rate_lo": 0.0, "vacancy_rate_hi": 0.0, "stores": 3, "source": "stores+ledger", "capacity_method": "floor_ouln", "active_pip": 0, "licensed": 2, "com_floors": [1], "occ_floors": [1], "unknown_n": 0, "id": "1144012400102240051-1", "pnu": "1144012400102240051", "floors": 3, "height": 9.0}}, {"type": "Feature", "geometry": {"type": "Polygon", "coordinates": [[[126.92792329, 37.56616668], [126.92789984, 37.56618639], [126.92799847, 37.56626375], [126.92806055, 37.56620964], [126.92803476, 37.56618692], [126.92803771, 37.56618503], [126.92805765, 37.56616801], [126.92799024, 37.56611454], [126.92792329, 37.56616668]]]}, "properties": {"name": "연희동 192-12", "status": "partial", "capacity": 2, "active": 1, "industry": "", "vacancy_rate": 50.0, "source": "pip_only", "capacity_method": "floor_approx", "active_pip": 0, "licensed": 1, "id": "1141011700101920012-1", "pnu": "1141011700101920012", "floors": 2, "height": 6.72}}, {"type": "Feature", "geometry": {"type": "Polygon", "coordinates": [[[126.93048209, 37.56381796], [126.93047788, 37.56384697], [126.93051047, 37.56385023], [126.93051548, 37.56382005], [126.93048209, 37.56381796]]]}, "properties": {"name": "제엘", "status": "high", "capacity": 3, "active": 1, "industry": "기타 숙박", "vacancy_rate": 66.7, "vacancy_rate_lo": null, "vacancy_rate_hi": null, "stores": 1, "source": "stores+ledger", "capacity_method": "expos_units", "active_pip": 0, "licensed": 0, "com_floors": null, "occ_floors": null, "unknown_n": null, "id": "1141011700103400027-1", "pnu": "1141011700103400027", "floors": 0, "height": 0.0}}, {"type": "Feature", "geometry": {"type": "Polygon", "coordinates": [[[126.9317332, 37.56387275], [126.93170011, 37.56391454], [126.9317241, 37.56392644], [126.93175741, 37.56388412], [126.9317332, 37.56387275]]]}, "properties": {"name": "제엘", "status": "high", "capacity": 3, "active": 1, "industry": "기타 숙박", "vacancy_rate": 66.7, "vacancy_rate_lo": null, "vacancy_rate_hi": null, "stores": 1, "source": "stores+ledger", "capacity_method": "expos_units", "active_pip": 0, "licensed": 0, "com_floors": null, "occ_floors": null, "unknown_n": null, "id": "1141011700103400027-2", "pnu": "1141011700103400027", "floors": 0, "height": 0.0}}, {"type": "Feature", "geometry": {"type": "Polygon", "coordinates": [[[126.93192237, 37.56370744], [126.93191569, 37.56371383], [126.93189103, 37.56370192], [126.93186814, 37.56373128], [126.93189212, 37.56374319], [126.93188849, 37.56375067], [126.93191892, 37.563765], [126.93193569, 37.56374529], [126.93196002, 37.56375675], [126.93199719, 37.56370792], [126.93196087, 37.56368934], [126.9319416, 37.56371619], [126.93192237, 37.56370744]]]}, "properties": {"name": "제엘", "status": "high", "capacity": 3, "active": 1, "industry": "기타 숙박", "vacancy_rate": 66.7, "vacancy_rate_lo": null, "vacancy_rate_hi": null, "stores": 1, "source": "stores+ledger", "capacity_method": "expos_units", "active_pip": 0, "licensed": 0, "com_floors": null, "occ_floors": null, "unknown_n": null, "id": "1141011700103400027-3", "pnu": "1141011700103400027", "floors": 0, "height": 0.0}}, {"type": "Feature", "geometry": {"type": "Polygon", "coordinates": [[[126.93118429, 37.56407506], [126.93118805, 37.56404335], [126.9311197, 37.56403709], [126.93111741, 37.56406457], [126.93114638, 37.56406693], [126.93114649, 37.56407117], [126.93118429, 37.56407506]]]}, "properties": {"name": "제엘", "status": "high", "capacity": 3, "active": 1, "industry": "기타 숙박", "vacancy_rate": 66.7, "vacancy_rate_lo": null, "vacancy_rate_hi": null, "stores": 1, "source": "stores+ledger", "capacity_method": "expos_units", "active_pip": 0, "licensed": 0, "com_floors": null, "occ_floors": null, "unknown_n": null, "id": "1141011700103400027-4", "pnu": "1141011700103400027", "floors": 0, "height": 0.0}}, {"type": "Feature", "geometry": {"type": "Polygon", "coordinates": [[[126.93015413, 37.56327807], [126.93009543, 37.56334038], [126.93017078, 37.56338305], [126.930228, 37.56332226], [126.93015413, 37.56327807]]]}, "properties": {"name": "연희동 341-37", "status": "empty", "capacity": 5, "active": 0, "industry": "", "vacancy_rate": 100.0, "source": "polygon_only", "capacity_method": "floor_approx", "active_pip": 0, "licensed": 0, "id": "1141011700103410037-1", "pnu": "1141011700103410037", "floors": 5, "height": 0.0}}, {"type": "Feature", "geometry": {"type": "Polygon", "coordinates": [[[126.93061796, 37.56290686], [126.93059859, 37.56292361], [126.93065074, 37.5629604], [126.93066795, 37.56294447], [126.93071849, 37.56289882], [126.93067267, 37.56286842], [126.93064967, 37.56289085], [126.93064153, 37.56288471], [126.93061796, 37.56290686]]]}, "properties": {"name": "우측호", "status": "partial", "capacity": 3, "active": 2, "industry": "한식", "vacancy_rate": 33.3, "vacancy_rate_lo": 33.3, "vacancy_rate_hi": 33.3, "stores": 1, "source": "stores+ledger", "capacity_method": "floor_ouln", "active_pip": 0, "licensed": 1, "com_floors": [1, 2, 3], "occ_floors": [2, 3], "unknown_n": 0, "id": "1141011700103440098-1", "pnu": "1141011700103440098", "floors": 4, "height": 11.2}}, {"type": "Feature", "geometry": {"type": "Polygon", "coordinates": [[[126.93126728, 37.56383742], [126.93145534, 37.56384951], [126.93145671, 37.56383598], [126.93150237, 37.56383892], [126.93150713, 37.56379194], [126.93143296, 37.5637475], [126.93127742, 37.5637375], [126.93126728, 37.56383742]]]}, "properties": {"name": "연희동 344-19", "status": "empty", "capacity": 5, "active": 0, "industry": "", "vacancy_rate": 100.0, "source": "polygon_only", "capacity_method": "floor_approx", "active_pip": 0, "licensed": 0, "id": "1141011700103440019-1", "pnu": "1141011700103440019", "floors": 5, "height": 13.3}}, {"type": "Feature", "geometry": {"type": "Polygon", "coordinates": [[[126.92991461, 37.56356621], [126.92991709, 37.56356292], [126.92991865, 37.56356372], [126.92992223, 37.56355978], [126.92993013, 37.5635646], [126.92996174, 37.56353684], [126.92999312, 37.56350466], [126.92995469, 37.56348169], [126.92988634, 37.56354645], [126.92987199, 37.56353787], [126.92988008, 37.5635294], [126.92985701, 37.56351552], [126.92973754, 37.56364248], [126.92977992, 37.56366763], [126.92978856, 37.5636653], [126.92979619, 37.56366114], [126.92980198, 37.56365632], [126.92980612, 37.56365047], [126.92980833, 37.56364434], [126.9298041, 37.56364166], [126.92981105, 37.56363451], [126.92982218, 37.56364154], [126.92982551, 37.56363842], [126.92983129, 37.56364176], [126.92987491, 37.56360932], [126.92989745, 37.56359092], [126.9299206, 37.56356988], [126.92991461, 37.56356621]]]}, "properties": {"name": "연희동 334-39", "status": "empty", "capacity": 4, "active": 0, "industry": "", "vacancy_rate": 100.0, "source": "polygon_only", "capacity_method": "floor_approx", "active_pip": 0, "licensed": 0, "id": "1141011700103340039-1", "pnu": "1141011700103340039", "floors": 4, "height": 13.3}}, {"type": "Feature", "geometry": {"type": "Polygon", "coordinates": [[[126.93215309, 37.56347206], [126.93211612, 37.56350521], [126.93208947, 37.56348636], [126.93198038, 37.56358415], [126.93201703, 37.56361005], [126.93201924, 37.56360806], [126.9320334, 37.56361807], [126.93203118, 37.56362006], [126.93206699, 37.56364537], [126.93217608, 37.56354759], [126.93215817, 37.56353494], [126.93217444, 37.56352035], [126.93218278, 37.56352624], [126.93220348, 37.56350767], [126.93215309, 37.56347206]]]}, "properties": {"name": "연희동 340-18", "status": "high", "capacity": 3, "active": 1, "industry": "기타 숙박", "vacancy_rate": 66.7, "vacancy_rate_lo": 66.7, "vacancy_rate_hi": 100.0, "stores": 1, "source": "stores+ledger", "capacity_method": "floor_ouln", "active_pip": 0, "licensed": 0, "com_floors": [1, 2, 3], "occ_floors": [], "unknown_n": 1, "id": "1141011700103400018-1", "pnu": "1141011700103400018", "floors": 4, "height": 12.3}}, {"type": "Feature", "geometry": {"type": "Polygon", "coordinates": [[[126.93078536, 37.56360133], [126.93080152, 37.56360303], [126.93091567, 37.56349988], [126.9308657, 37.56346484], [126.93084947, 37.56346184], [126.93082858, 37.56348072], [126.93079513, 37.56345727], [126.93075186, 37.56349637], [126.93074205, 37.56348949], [126.93074169, 37.56348924], [126.93069843, 37.56352834], [126.93070858, 37.56353547], [126.93067277, 37.56356784], [126.93070623, 37.56359129], [126.93074792, 37.56359642], [126.93076125, 37.56358437], [126.93078536, 37.56360133]]]}, "properties": {"name": "솔로몬하우스", "status": "partial", "capacity": 5, "active": 3, "industry": "기타 숙박", "vacancy_rate": 40.0, "vacancy_rate_lo": null, "vacancy_rate_hi": null, "stores": 3, "source": "stores+ledger", "capacity_method": "expos_units", "active_pip": 0, "licensed": 0, "com_floors": null, "occ_floors": null, "unknown_n": null, "id": "1141011700103440016-1", "pnu": "1141011700103440016", "floors": 6, "height": 17.7}}, {"type": "Feature", "geometry": {"type": "Polygon", "coordinates": [[[126.9299585, 37.56344761], [126.92997366, 37.56345798], [126.92997819, 37.56345897], [126.92998475, 37.56345835], [126.92999279, 37.56345421], [126.93000003, 37.56345917], [126.93003679, 37.56348433], [126.930134, 37.56338338], [126.93006568, 37.56333974], [126.93006749, 37.56334127], [126.93000699, 37.56339736], [126.93000008, 37.56340457], [126.92995839, 37.56344635], [126.9299585, 37.56344761]]]}, "properties": {"name": "연희동 341-38", "status": "empty", "capacity": 5, "active": 0, "industry": "", "vacancy_rate": 100.0, "source": "polygon_only", "capacity_method": "floor_approx", "active_pip": 0, "licensed": 0, "id": "1141011700103410038-1", "pnu": "1141011700103410038", "floors": 5, "height": 14.7}}, {"type": "Feature", "geometry": {"type": "Polygon", "coordinates": [[[126.93089445, 37.56733659], [126.93089683, 37.56733443], [126.93090497, 37.56734569], [126.93089806, 37.5673501], [126.93093392, 37.56739409], [126.93093877, 37.56739059], [126.93095835, 37.56741186], [126.93110635, 37.56733716], [126.93109403, 37.56732184], [126.93110208, 37.56731698], [126.93089653, 37.5670589], [126.93074093, 37.56713566], [126.93075145, 37.5671491], [126.93074895, 37.56715163], [126.93089445, 37.56733659]]]}, "properties": {"name": "연희동 137-5", "status": "full", "capacity": 3, "active": 3, "industry": "스포츠 서비스", "vacancy_rate": 0.0, "vacancy_rate_lo": 0.0, "vacancy_rate_hi": 33.3, "stores": 6, "source": "stores+ledger", "capacity_method": "floor_ouln", "active_pip": 0, "licensed": 0, "com_floors": [2, 3, 4], "occ_floors": [2, 4], "unknown_n": 1, "id": "1141011700101370005-1", "pnu": "1141011700101370005", "floors": 4, "height": 16.0}}, {"type": "Feature", "geometry": {"type": "Polygon", "coordinates": [[[126.92856716, 37.56659936], [126.92854688, 37.56661431], [126.92852968, 37.56660204], [126.92852221, 37.56660663], [126.92846589, 37.56655794], [126.92841095, 37.56659647], [126.92852621, 37.56669241], [126.9285399, 37.56668503], [126.92860742, 37.56663236], [126.92856716, 37.56659936]]]}, "properties": {"name": "연희동 190-9", "status": "empty", "capacity": 3, "active": 0, "industry": "", "vacancy_rate": 100.0, "source": "polygon_only", "capacity_method": "floor_approx", "active_pip": 0, "licensed": 0, "id": "1141011700101900009-1", "pnu": "1141011700101900009", "floors": 3, "height": 10.6}}, {"type": "Feature", "geometry": {"type": "Polygon", "coordinates": [[[126.92968016, 37.56659705], [126.92962897, 37.56662495], [126.92967272, 37.56667797], [126.92968008, 37.566674], [126.92969467, 37.56669023], [126.92970778, 37.56670421], [126.92975625, 37.56667829], [126.92976191, 37.56668432], [126.92984311, 37.56664274], [126.92976352, 37.56654043], [126.92967349, 37.56658624], [126.92968016, 37.56659705]]]}, "properties": {"name": "연희동 188-6", "status": "partial", "capacity": 2, "active": 1, "industry": "", "vacancy_rate": 50.0, "source": "pip_only", "capacity_method": "floor_approx", "active_pip": 0, "licensed": 1, "id": "1141011700101880006-1", "pnu": "1141011700101880006", "floors": 2, "height": 0.0}}, {"type": "Feature", "geometry": {"type": "Polygon", "coordinates": [[[126.93133216, 37.5666037], [126.93145752, 37.56667252], [126.93145094, 37.56668342], [126.93145524, 37.56668568], [126.93144584, 37.56669567], [126.93148804, 37.56671795], [126.93153966, 37.56671186], [126.93157241, 37.56667187], [126.93136378, 37.56656021], [126.93133987, 37.56658884], [126.93134383, 37.56659128], [126.93133216, 37.5666037]]]}, "properties": {"name": "연희그린빌라", "status": "partial", "capacity": 2, "active": 1, "industry": "일식", "vacancy_rate": 50.0, "vacancy_rate_lo": null, "vacancy_rate_hi": null, "stores": 1, "source": "stores+ledger", "capacity_method": "expos_units", "active_pip": 0, "licensed": 0, "com_floors": null, "occ_floors": null, "unknown_n": null, "id": "1141011700101870045-1", "pnu": "1141011700101870045", "floors": 5, "height": 15.2}}, {"type": "Feature", "geometry": {"type": "Polygon", "coordinates": [[[126.931298, 37.56671424], [126.93133524, 37.56669687], [126.93129195, 37.56664747], [126.93122252, 37.56655787], [126.93121958, 37.56655913], [126.93111551, 37.56660853], [126.93123366, 37.56674889], [126.931298, 37.56671424]]]}, "properties": {"name": "연희동 187-46", "status": "full", "capacity": 3, "active": 3, "industry": "기타 간이", "vacancy_rate": 0.0, "vacancy_rate_lo": 0.0, "vacancy_rate_hi": 33.3, "stores": 3, "source": "stores+ledger", "capacity_method": "floor_ouln", "active_pip": 0, "licensed": 1, "com_floors": [1, 2, 3], "occ_floors": [1, 2], "unknown_n": 1, "id": "1141011700101870046-1", "pnu": "1141011700101870046", "floors": 5, "height": 14.3}}, {"type": "Feature", "geometry": {"type": "Polygon", "coordinates": [[[126.9301969, 37.56706246], [126.93019915, 37.56706696], [126.93020401, 37.56707246], [126.93021453, 37.56707923], [126.93022188, 37.5670822], [126.93022086, 37.56709446], [126.93033867, 37.56711777], [126.93033969, 37.5671139], [126.93035734, 37.56711625], [126.93036244, 37.56711617], [126.93036662, 37.56711446], [126.93037467, 37.56711095], [126.93038113, 37.56710717], [126.93038747, 37.56710402], [126.93039346, 37.56710051], [126.9303997, 37.56709483], [126.93040367, 37.56708898], [126.93040536, 37.56708358], [126.93040663, 37.56707637], [126.93040686, 37.56707087], [126.93039045, 37.56705023], [126.93035401, 37.56704291], [126.93032132, 37.56703893], [126.930322, 37.56703415], [126.9303229, 37.56702298], [126.93023927, 37.56701049], [126.93023382, 37.56702266], [126.93022795, 37.56702247], [126.93022534, 37.56702184], [126.9302181, 37.56702292], [126.93021209, 37.5670258], [126.93020484, 37.56703048], [126.93020167, 37.56703426], [126.93019656, 37.56704489], [126.9301961, 37.56705615], [126.9301969, 37.56706246]]]}, "properties": {"name": "연희시그니처빌딩", "status": "partial", "capacity": 4, "active": 3, "industry": "비알코올 ", "vacancy_rate": 25.0, "vacancy_rate_lo": 25.0, "vacancy_rate_hi": 50.0, "stores": 4, "source": "stores+ledger", "capacity_method": "floor_ouln", "active_pip": 0, "licensed": 3, "com_floors": [1, 2, 3, 4], "occ_floors": [1, 2], "unknown_n": 1, "id": "1141011700101880001-1", "pnu": "1141011700101880001", "floors": 5, "height": 17.85}}, {"type": "Feature", "geometry": {"type": "Polygon", "coordinates": [[[126.93000673, 37.56670077], [126.9302092, 37.5665961], [126.93014171, 37.56651219], [126.93000004, 37.56658148], [126.92993855, 37.56661145], [126.93000005, 37.56669095], [126.93000673, 37.56670077]]]}, "properties": {"name": "연희허브빌", "status": "full", "capacity": 2, "active": 2, "industry": "한식", "vacancy_rate": 0.0, "vacancy_rate_lo": null, "vacancy_rate_hi": null, "stores": 2, "source": "stores+ledger", "capacity_method": "expos_units", "active_pip": 0, "licensed": 2, "com_floors": null, "occ_floors": null, "unknown_n": null, "id": "1141011700101880066-1", "pnu": "1141011700101880066", "floors": 6, "height": 18.51}}, {"type": "Feature", "geometry": {"type": "Polygon", "coordinates": [[[126.92916152, 37.56659611], [126.92914974, 37.56660539], [126.92913447, 37.56659385], [126.92912904, 37.5665988], [126.92910234, 37.56657977], [126.92908977, 37.56658859], [126.92902781, 37.56663685], [126.92913639, 37.56672107], [126.92922452, 37.56664769], [126.92921943, 37.56664426], [126.9292337, 37.56663211], [126.92920464, 37.56661065], [126.92919059, 37.56661812], [126.92916152, 37.56659611]]]}, "properties": {"name": "연희동 189-7", "status": "partial", "capacity": 2, "active": 1, "industry": "", "vacancy_rate": 50.0, "source": "pip_only", "capacity_method": "floor_approx", "active_pip": 0, "licensed": 1, "id": "1141011700101890007-1", "pnu": "1141011700101890007", "floors": 2, "height": 8.7}}, {"type": "Feature", "geometry": {"type": "Polygon", "coordinates": [[[126.92851799, 37.56648358], [126.9286022, 37.56641683], [126.92851115, 37.56634405], [126.92846383, 37.56638157], [126.92845904, 37.56637773], [126.92842214, 37.56640698], [126.92851799, 37.56648358]]]}, "properties": {"name": "우측", "status": "partial", "capacity": 3, "active": 2, "industry": "서양식", "vacancy_rate": 33.3, "vacancy_rate_lo": 33.3, "vacancy_rate_hi": 33.3, "stores": 3, "source": "stores+ledger", "capacity_method": "floor_ouln", "active_pip": 0, "licensed": 1, "com_floors": [1, 2, 3], "occ_floors": [1, 3], "unknown_n": 0, "id": "1141011700101890006-1", "pnu": "1141011700101890006", "floors": 3, "height": 9.675}}, {"type": "Feature", "geometry": {"type": "Polygon", "coordinates": [[[126.92832151, 37.56682739], [126.9284133, 37.56689958], [126.92842841, 37.5668874], [126.92843485, 37.56689247], [126.9285009, 37.56683928], [126.92842089, 37.56677634], [126.92838205, 37.56677863], [126.92832151, 37.56682739]]]}, "properties": {"name": "연희동 190-19", "status": "full", "capacity": 4, "active": 4, "industry": "한식", "vacancy_rate": 0.0, "vacancy_rate_lo": 0.0, "vacancy_rate_hi": 25.0, "stores": 2, "source": "stores+ledger", "capacity_method": "floor_ouln", "active_pip": 0, "licensed": 2, "com_floors": [1, 2, 3, 4], "occ_floors": [1, 2, 3], "unknown_n": 1, "id": "1141011700101900019-1", "pnu": "1141011700101900019", "floors": 4, "height": 13.7}}, {"type": "Feature", "geometry": {"type": "Polygon", "coordinates": [[[126.93082981, 37.56649971], [126.93091418, 37.56645795], [126.93072841, 37.56622485], [126.93070611, 37.56623311], [126.93070803, 37.56623727], [126.93064552, 37.5662666], [126.93082981, 37.56649971]]]}, "properties": {"name": "서대문교회", "status": "full", "capacity": 2, "active": 2, "industry": "주점", "vacancy_rate": 0.0, "vacancy_rate_lo": 0.0, "vacancy_rate_hi": 0.0, "stores": 5, "source": "stores+ledger", "capacity_method": "floor_ouln", "active_pip": 0, "licensed": 0, "com_floors": [1, 2], "occ_floors": [1, 2], "unknown_n": 0, "id": "1141011700101870057-1", "pnu": "1141011700101870057", "floors": 2, "height": 0.0}}, {"type": "Feature", "geometry": {"type": "Polygon", "coordinates": [[[126.92998824, 37.56633394], [126.92989832, 37.56638006], [126.92994829, 37.56644179], [126.92991879, 37.56645691], [126.92991573, 37.56645313], [126.9299105, 37.56645581], [126.92997303, 37.56653306], [126.92997827, 37.56653038], [126.9299752, 37.56652659], [126.93008938, 37.56646804], [126.93009244, 37.56647182], [126.93009768, 37.56646913], [126.92998824, 37.56633394]]]}, "properties": {"name": "황창배미술공간", "status": "full", "capacity": 2, "active": 2, "industry": "스포츠 서비스", "vacancy_rate": 0.0, "vacancy_rate_lo": 0.0, "vacancy_rate_hi": 0.0, "stores": 3, "source": "stores+ledger", "capacity_method": "floor_ouln", "active_pip": 0, "licensed": 1, "com_floors": [1, 2], "occ_floors": [1, 2], "unknown_n": 0, "id": "1141011700101880080-1", "pnu": "1141011700101880080", "floors": 5, "height": 19.3}}, {"type": "Feature", "geometry": {"type": "Polygon", "coordinates": [[[126.92794951, 37.56692704], [126.92794249, 37.56692938], [126.92792745, 37.56690729], [126.92787412, 37.56692726], [126.92787616, 37.56693222], [126.92784377, 37.5669449], [126.92790343, 37.56705495], [126.92800421, 37.56701203], [126.92800093, 37.56700609], [126.92800682, 37.56700348], [126.92798682, 37.56697184], [126.92798229, 37.56697391], [126.92794951, 37.56692704]]]}, "properties": {"name": "신관", "status": "full", "capacity": 2, "active": 2, "industry": "이용·미용", "vacancy_rate": 0.0, "vacancy_rate_lo": 0.0, "vacancy_rate_hi": 0.0, "stores": 5, "source": "stores+ledger", "capacity_method": "floor_ouln", "active_pip": 0, "licensed": 0, "com_floors": [1, 2], "occ_floors": [1, 2], "unknown_n": 0, "id": "1141011700101280010-1", "pnu": "1141011700101280010", "floors": 2, "height": 8.52}}, {"type": "Feature", "geometry": {"type": "Polygon", "coordinates": [[[126.92725309, 37.56710095], [126.92725177, 37.56717753], [126.92732751, 37.56717533], [126.92732683, 37.567161], [126.92733352, 37.56716146], [126.9273276, 37.56718479], [126.92750212, 37.56721535], [126.92750371, 37.56721049], [126.92752329, 37.56721411], [126.92755214, 37.56710934], [126.92750007, 37.5671003], [126.92748941, 37.56713245], [126.92742422, 37.56712124], [126.92742876, 37.56710413], [126.9273586, 37.5670921], [126.92735416, 37.56710867], [126.92734795, 37.56710768], [126.92734555, 37.56711912], [126.92732791, 37.5671183], [126.92732803, 37.56710091], [126.92732067, 37.56710081], [126.92732079, 37.56709144], [126.92726001, 37.56709195], [126.92726011, 37.56710096], [126.92725309, 37.56710095]]]}, "properties": {"name": "연희동 433-2", "status": "empty", "capacity": 2, "active": 0, "industry": "", "vacancy_rate": 100.0, "source": "polygon_only", "capacity_method": "floor_approx", "active_pip": 0, "licensed": 0, "id": "1141011700104330002-1", "pnu": "1141011700104330002", "floors": 2, "height": 10.2}}, {"type": "Feature", "geometry": {"type": "Polygon", "coordinates": [[[126.92797126, 37.56691002], [126.92802154, 37.56687167], [126.92793909, 37.5668072], [126.92788313, 37.56685284], [126.92793256, 37.56689198], [126.92794025, 37.56688739], [126.92797126, 37.56691002]]]}, "properties": {"name": "연희동 273-3", "status": "full", "capacity": 1, "active": 1, "industry": "섬유·의복·신발 소매", "vacancy_rate": 0.0, "vacancy_rate_lo": 0.0, "vacancy_rate_hi": 0.0, "stores": 2, "source": "stores+ledger", "capacity_method": "floor_ouln", "active_pip": 0, "licensed": 0, "com_floors": [1], "occ_floors": [1], "unknown_n": 0, "id": "1141011700102730003-1", "pnu": "1141011700102730003", "floors": 2, "height": 7.9}}, {"type": "Feature", "geometry": {"type": "Polygon", "coordinates": [[[126.93036438, 37.56722356], [126.93059151, 37.5675104], [126.93069445, 37.56745766], [126.93053764, 37.56726196], [126.93068293, 37.5671879], [126.93060243, 37.56708747], [126.93036927, 37.56720302], [126.93036438, 37.56722356]]]}, "properties": {"name": "연희프라자", "status": "full", "capacity": 3, "active": 3, "industry": "기타 교육", "vacancy_rate": 0.0, "vacancy_rate_lo": 0.0, "vacancy_rate_hi": 66.7, "stores": 4, "source": "stores+ledger", "capacity_method": "floor_ouln", "active_pip": 0, "licensed": 0, "com_floors": [1, 2, 3], "occ_floors": [3], "unknown_n": 2, "id": "1141011700101370006-1", "pnu": "1141011700101370006", "floors": 3, "height": 0.0}}, {"type": "Feature", "geometry": {"type": "Polygon", "coordinates": [[[126.9298413, 37.56482931], [126.9298456, 37.5648321], [126.92984412, 37.56483823], [126.92991191, 37.56485251], [126.92993612, 37.56485846], [126.92996507, 37.56477406], [126.92987352, 37.56475229], [126.92985105, 37.56481508], [126.92985059, 37.56481851], [126.92984595, 37.56481876], [126.9298413, 37.56482931]]]}, "properties": {"name": "연희동 194-40", "status": "high", "capacity": 3, "active": 1, "industry": "의약·화장품 소매", "vacancy_rate": 66.7, "vacancy_rate_lo": 66.7, "vacancy_rate_hi": 100.0, "stores": 1, "source": "stores+ledger", "capacity_method": "floor_ouln", "active_pip": 0, "licensed": 0, "com_floors": [1, 2, 5], "occ_floors": [], "unknown_n": 1, "id": "1141011700101940040-1", "pnu": "1141011700101940040", "floors": 5, "height": 18.75}}, {"type": "Feature", "geometry": {"type": "Polygon", "coordinates": [[[126.93175667, 37.56615862], [126.93179947, 37.56614318], [126.93179759, 37.56613508], [126.93185456, 37.5661168], [126.93184556, 37.56610109], [126.93186833, 37.56606237], [126.93180846, 37.56600933], [126.93174237, 37.56608048], [126.93174122, 37.5661276], [126.93175667, 37.56615862]]]}, "properties": {"name": "연희동 304-2", "status": "partial", "capacity": 2, "active": 1, "industry": "기타 간이", "vacancy_rate": 50.0, "vacancy_rate_lo": 50.0, "vacancy_rate_hi": 50.0, "stores": 3, "source": "stores+ledger", "capacity_method": "floor_ouln", "active_pip": 0, "licensed": 2, "com_floors": [1, 2], "occ_floors": [1], "unknown_n": 0, "id": "1141011700103040002-1", "pnu": "1141011700103040002", "floors": 5, "height": 14.0}}, {"type": "Feature", "geometry": {"type": "Polygon", "coordinates": [[[126.92999342, 37.56520043], [126.9300001, 37.56519764], [126.93003282, 37.56518388], [126.93001112, 37.56515305], [126.93000002, 37.56515773], [126.92997036, 37.56517032], [126.92999342, 37.56520043]]]}, "properties": {"name": "브라운스톤연희", "status": "full", "capacity": 9, "active": 9, "industry": "한식", "vacancy_rate": 0.0, "vacancy_rate_lo": null, "vacancy_rate_hi": null, "stores": 9, "source": "stores+ledger", "capacity_method": "expos_units", "active_pip": 0, "licensed": 4, "com_floors": null, "occ_floors": null, "unknown_n": null, "id": "1141011700101940030-1", "pnu": "1141011700101940030", "floors": 0, "height": 0.0}}, {"type": "Feature", "geometry": {"type": "Polygon", "coordinates": [[[126.932002, 37.56513241], [126.93199521, 37.56513394], [126.93197679, 37.56510167], [126.93192006, 37.56512515], [126.93191147, 37.5651147], [126.93185043, 37.56514178], [126.93187699, 37.56518369], [126.93188514, 37.56518144], [126.93192957, 37.56525301], [126.93200315, 37.56523224], [126.93199829, 37.5652253], [126.93203939, 37.56520757], [126.93201951, 37.56517305], [126.93202585, 37.56517026], [126.932002, 37.56513241]]]}, "properties": {"name": "연희동 315-5", "status": "empty", "capacity": 4, "active": 0, "industry": "", "vacancy_rate": 100.0, "source": "polygon_only", "capacity_method": "floor_approx", "active_pip": 0, "licensed": 0, "id": "1141011700103150005-1", "pnu": "1141011700103150005", "floors": 4, "height": 12.4}}, {"type": "Feature", "geometry": {"type": "Polygon", "coordinates": [[[126.93078382, 37.5653192], [126.93082753, 37.56529355], [126.93082991, 37.56529616], [126.93084893, 37.56528499], [126.93079319, 37.56522559], [126.93070212, 37.56527815], [126.93075799, 37.5653372], [126.9307863, 37.56532226], [126.93078382, 37.5653192]]]}, "properties": {"name": "연희동 319-3", "status": "high", "capacity": 5, "active": 1, "industry": "", "vacancy_rate": 80.0, "source": "pip_only", "capacity_method": "floor_approx", "active_pip": 0, "licensed": 1, "id": "1141011700103190003-1", "pnu": "1141011700103190003", "floors": 5, "height": 15.0}}, {"type": "Feature", "geometry": {"type": "Polygon", "coordinates": [[[126.93088689, 37.56560352], [126.93089255, 37.56559911], [126.93086484, 37.56557927], [126.93079122, 37.56563013], [126.93089696, 37.56572525], [126.93094726, 37.56569104], [126.93094466, 37.56568753], [126.93096911, 37.56567277], [126.93094481, 37.56564852], [126.93093801, 37.56564995], [126.93088689, 37.56560352]]]}, "properties": {"name": "연희동 287-8", "status": "empty", "capacity": 2, "active": 0, "industry": "", "vacancy_rate": 100.0, "source": "polygon_only", "capacity_method": "floor_approx", "active_pip": 0, "licensed": 0, "id": "1141011700102870008-1", "pnu": "1141011700102870008", "floors": 2, "height": 7.7}}, {"type": "Feature", "geometry": {"type": "Polygon", "coordinates": [[[126.93097778, 37.56499324], [126.93097699, 37.56498972], [126.93089367, 37.56499995], [126.93087862, 37.56500192], [126.93089888, 37.56511789], [126.93096884, 37.56511], [126.93098118, 37.56510902], [126.9309706, 37.56504666], [126.9309843, 37.56504496], [126.93097868, 37.565], [126.93097778, 37.56499324]]]}, "properties": {"name": "연희동 194-52", "status": "empty", "capacity": 4, "active": 0, "industry": "", "vacancy_rate": 100.0, "source": "polygon_only", "capacity_method": "floor_approx", "active_pip": 0, "licensed": 0, "id": "1141011700101940052-1", "pnu": "1141011700101940052", "floors": 4, "height": 12.1}}, {"type": "Feature", "geometry": {"type": "Polygon", "coordinates": [[[126.92947864, 37.56532266], [126.9294047, 37.56535622], [126.92944143, 37.5654049], [126.9295138, 37.56536764], [126.92947864, 37.56532266]]]}, "properties": {"name": "한영빌딩", "status": "full", "capacity": 4, "active": 4, "industry": "의원", "vacancy_rate": 0.0, "vacancy_rate_lo": 0.0, "vacancy_rate_hi": 25.0, "stores": 5, "source": "stores+ledger", "capacity_method": "floor_ouln", "active_pip": 0, "licensed": 1, "com_floors": [1, 2, 3, 4], "occ_floors": [1, 2, 4], "unknown_n": 1, "id": "1141011700101930001-1", "pnu": "1141011700101930001", "floors": 0, "height": 0.0}}, {"type": "Feature", "geometry": {"type": "Polygon", "coordinates": [[[126.93150998, 37.56697295], [126.9314802, 37.56698779], [126.93140163, 37.56689152], [126.93136032, 37.56688474], [126.93135476, 37.56689447], [126.93133043, 37.56688905], [126.93129227, 37.56690957], [126.93128537, 37.56690181], [126.93126421, 37.56689919], [126.93122174, 37.56691808], [126.93121628, 37.56694556], [126.93133397, 37.56709457], [126.93136611, 37.56709954], [126.93142115, 37.56707173], [126.93140634, 37.56705469], [126.93145798, 37.56702941], [126.9314764, 37.56705546], [126.9315482, 37.56702216], [126.93150998, 37.56697295]]]}, "properties": {"name": "아농스오피스텔", "status": "full", "capacity": 3, "active": 3, "industry": "안경·정밀기기 소매", "vacancy_rate": 0.0, "vacancy_rate_lo": null, "vacancy_rate_hi": null, "stores": 3, "source": "stores+ledger", "capacity_method": "expos_units", "active_pip": 0, "licensed": 1, "com_floors": null, "occ_floors": null, "unknown_n": null, "id": "1141011700101360007-1", "pnu": "1141011700101360007", "floors": 7, "height": 25.25}}, {"type": "Feature", "geometry": {"type": "Polygon", "coordinates": [[[126.93161441, 37.56715438], [126.93157709, 37.56710633], [126.93151176, 37.56713954], [126.93147501, 37.56709122], [126.931426, 37.5670866], [126.93135692, 37.56712504], [126.93146773, 37.56726566], [126.93147464, 37.56726107], [126.9314777, 37.56725873], [126.93151421, 37.5673055], [126.93157242, 37.56727689], [126.93160447, 37.56726168], [126.93154905, 37.56719587], [126.93155971, 37.56719092], [126.9315554, 37.56718434], [126.93161441, 37.56715438]]]}, "properties": {"name": "연희동 136-4", "status": "high", "capacity": 5, "active": 2, "industry": "스포츠 서비스", "vacancy_rate": 60.0, "vacancy_rate_lo": 60.0, "vacancy_rate_hi": 80.0, "stores": 2, "source": "stores+ledger", "capacity_method": "floor_ouln", "active_pip": 0, "licensed": 0, "com_floors": [1, 2, 3, 4, 5], "occ_floors": [3], "unknown_n": 1, "id": "1141011700101360004-1", "pnu": "1141011700101360004", "floors": 5, "height": 19.4}}, {"type": "Feature", "geometry": {"type": "Polygon", "coordinates": [[[126.9314943, 37.56679859], [126.93150274, 37.56684951], [126.93149437, 37.56685022], [126.93150181, 37.56687942], [126.93164286, 37.56686563], [126.93162562, 37.56677353], [126.93151412, 37.56678392], [126.93151638, 37.56679284], [126.93151671, 37.56679708], [126.9314943, 37.56679859]]]}, "properties": {"name": "퍼즈스페이스", "status": "full", "capacity": 2, "active": 2, "industry": "이용·미용", "vacancy_rate": 0.0, "vacancy_rate_lo": 0.0, "vacancy_rate_hi": 0.0, "stores": 2, "source": "stores+ledger", "capacity_method": "floor_ouln", "active_pip": 0, "licensed": 0, "com_floors": [1, 2], "occ_floors": [1, 2], "unknown_n": 0, "id": "1141011700101360010-1", "pnu": "1141011700101360010", "floors": 5, "height": 0.0}}, {"type": "Feature", "geometry": {"type": "Polygon", "coordinates": [[[126.93012522, 37.56672067], [126.93004822, 37.5667581], [126.93012023, 37.56684888], [126.93019475, 37.56681288], [126.93012522, 37.56672067]]]}, "properties": {"name": "연희동 188-58", "status": "full", "capacity": 2, "active": 2, "industry": "장식품 소매", "vacancy_rate": 0.0, "vacancy_rate_lo": 0.0, "vacancy_rate_hi": 100.0, "stores": 1, "source": "stores+ledger", "capacity_method": "floor_ouln", "active_pip": 0, "licensed": 0, "com_floors": [1, 2], "occ_floors": [], "unknown_n": 2, "id": "1141011700101880058-1", "pnu": "1141011700101880058", "floors": 5, "height": 14.9}}, {"type": "Feature", "geometry": {"type": "Polygon", "coordinates": [[[126.93056061, 37.5650685], [126.93058258, 37.5650595], [126.93054076, 37.56500001], [126.93051792, 37.56496747], [126.93051068, 37.5649708], [126.93046444, 37.5649068], [126.93037884, 37.56494613], [126.93037115, 37.56493756], [126.93027037, 37.56498408], [126.93027806, 37.56499292], [126.93026232, 37.56499994], [126.93018486, 37.56503449], [126.93023517, 37.56510164], [126.93022668, 37.56510488], [126.93027879, 37.56517573], [126.9302866, 37.56517348], [126.9303447, 37.56525226], [126.9304294, 37.56521375], [126.9304372, 37.56522277], [126.93055055, 37.56516986], [126.93050749, 37.56511145], [126.93057022, 37.5650822], [126.93056061, 37.5650685]]]}, "properties": {"name": "브라운스톤연희", "status": "full", "capacity": 9, "active": 9, "industry": "한식", "vacancy_rate": 0.0, "vacancy_rate_lo": null, "vacancy_rate_hi": null, "stores": 9, "source": "stores+ledger", "capacity_method": "expos_units", "active_pip": 0, "licensed": 4, "com_floors": null, "occ_floors": null, "unknown_n": null, "id": "1141011700101940030-2", "pnu": "1141011700101940030", "floors": 0, "height": 0.0}}, {"type": "Feature", "geometry": {"type": "Polygon", "coordinates": [[[126.93046282, 37.56653039], [126.93032976, 37.56659745], [126.93040889, 37.5667011], [126.93054354, 37.56663856], [126.93046282, 37.56653039]]]}, "properties": {"name": "연희동 188-3", "status": "full", "capacity": 2, "active": 2, "industry": "기타 간이", "vacancy_rate": 0.0, "vacancy_rate_lo": null, "vacancy_rate_hi": null, "stores": 2, "source": "stores+ledger", "capacity_method": "expos_units", "active_pip": 0, "licensed": 1, "com_floors": null, "occ_floors": null, "unknown_n": null, "id": "1141011700101880003-1", "pnu": "1141011700101880003", "floors": 7, "height": 24.35}}, {"type": "Feature", "geometry": {"type": "Polygon", "coordinates": [[[126.93066746, 37.56617129], [126.93063966, 37.56612586], [126.93057148, 37.5660405], [126.93058111, 37.56603348], [126.93055329, 37.56600463], [126.93046757, 37.56604738], [126.93064111, 37.56626309], [126.93070226, 37.56623204], [126.93066746, 37.56617129]]]}, "properties": {"name": "연희동 187-59", "status": "full", "capacity": 2, "active": 2, "industry": "한식", "vacancy_rate": 0.0, "vacancy_rate_lo": 0.0, "vacancy_rate_hi": 0.0, "stores": 7, "source": "stores+ledger+pip", "capacity_method": "floor_ouln", "active_pip": 2, "licensed": 4, "com_floors": [1, 2], "occ_floors": [1, 2], "unknown_n": 0, "id": "1141011700101870059-1", "pnu": "1141011700101870059", "floors": 2, "height": 0.0}}, {"type": "Feature", "geometry": {"type": "Polygon", "coordinates": [[[126.93021035, 37.56634248], [126.93028215, 37.56630864], [126.93020889, 37.56621444], [126.93016269, 37.56623433], [126.93016574, 37.5662382], [126.9301389, 37.56624937], [126.93021035, 37.56634248]]]}, "properties": {"name": "연희동 188-5", "status": "full", "capacity": 3, "active": 3, "industry": "기타 간이", "vacancy_rate": 0.0, "vacancy_rate_lo": 0.0, "vacancy_rate_hi": 66.7, "stores": 3, "source": "stores+ledger", "capacity_method": "floor_ouln", "active_pip": 0, "licensed": 2, "com_floors": [1, 2, 3], "occ_floors": [3], "unknown_n": 2, "id": "1141011700101880005-1", "pnu": "1141011700101880005", "floors": 3, "height": 0.0}}, {"type": "Feature", "geometry": {"type": "Polygon", "coordinates": [[[126.93003976, 37.56598982], [126.93000008, 37.56594096], [126.92996029, 37.56588832], [126.92980979, 37.56596446], [126.92981182, 37.56596833], [126.92980401, 37.56597237], [126.92986709, 37.56605504], [126.92993956, 37.56601615], [126.92994827, 37.56602346], [126.92997157, 37.56605429], [126.9300001, 37.56603953], [126.93005605, 37.56601109], [126.93003976, 37.56598982]]]}, "properties": {"name": "인사이드빌딩", "status": "partial", "capacity": 10, "active": 8, "industry": "의원", "vacancy_rate": 20.0, "vacancy_rate_lo": null, "vacancy_rate_hi": null, "stores": 8, "source": "stores+ledger", "capacity_method": "expos_units", "active_pip": 0, "licensed": 1, "com_floors": null, "occ_floors": null, "unknown_n": null, "id": "1141011700101880007-1", "pnu": "1141011700101880007", "floors": 6, "height": 22.0}}, {"type": "Feature", "geometry": {"type": "Polygon", "coordinates": [[[126.93000007, 37.56715776], [126.92974296, 37.56745998], [126.92986512, 37.56755465], [126.92991447, 37.56755009], [126.93000003, 37.5674477], [126.93012752, 37.56729054], [126.93012836, 37.56724496], [126.93000619, 37.56715056], [126.93000007, 37.56715776]]]}, "properties": {"name": "사러가쇼핑", "status": "full", "capacity": 2, "active": 2, "industry": "기타 간이", "vacancy_rate": 0.0, "vacancy_rate_lo": 0.0, "vacancy_rate_hi": 0.0, "stores": 25, "source": "stores+ledger", "capacity_method": "floor_ouln", "active_pip": 0, "licensed": 10, "com_floors": [1, 2], "occ_floors": [1, 2], "unknown_n": 0, "id": "1141011700101310001-1", "pnu": "1141011700101310001", "floors": 0, "height": 0.0}}, {"type": "Feature", "geometry": {"type": "Polygon", "coordinates": [[[126.93067699, 37.56472102], [126.93073435, 37.56471537], [126.93073337, 37.56470911], [126.93080309, 37.56470224], [126.93077934, 37.56454937], [126.93070819, 37.56454709], [126.93065253, 37.56455257], [126.93067699, 37.56472102]]]}, "properties": {"name": "연희동 340-45", "status": "high", "capacity": 5, "active": 1, "industry": "기타 숙박", "vacancy_rate": 80.0, "vacancy_rate_lo": 80.0, "vacancy_rate_hi": 100.0, "stores": 2, "source": "stores+ledger", "capacity_method": "floor_ouln", "active_pip": 0, "licensed": 0, "com_floors": [1, 2, 3, 4, 5], "occ_floors": [], "unknown_n": 1, "id": "1141011700103400045-1", "pnu": "1141011700103400045", "floors": 6, "height": 16.5}}, {"type": "Feature", "geometry": {"type": "Polygon", "coordinates": [[[126.93053287, 37.56666549], [126.93037422, 37.56674542], [126.93053566, 37.56694705], [126.93069397, 37.56686831], [126.93053287, 37.56666549]]]}, "properties": {"name": "신라빌딩", "status": "full", "capacity": 4, "active": 4, "industry": "의원", "vacancy_rate": 0.0, "vacancy_rate_lo": 0.0, "vacancy_rate_hi": 25.0, "stores": 12, "source": "stores+ledger", "capacity_method": "floor_ouln", "active_pip": 0, "licensed": 1, "com_floors": [1, 2, 3, 4], "occ_floors": [1, 2, 3], "unknown_n": 1, "id": "1141011700101880002-1", "pnu": "1141011700101880002", "floors": 4, "height": 15.61}}, {"type": "Feature", "geometry": {"type": "Polygon", "coordinates": [[[126.93158803, 37.56617633], [126.93158439, 37.56619687], [126.93157216, 37.5661965], [126.93156739, 37.56621983], [126.93157248, 37.56622065], [126.93157189, 37.56624515], [126.93166187, 37.56625449], [126.93166142, 37.56624899], [126.93166674, 37.56624692], [126.93166596, 37.56623665], [126.93166245, 37.56623485], [126.93166314, 37.56622413], [126.93167072, 37.56622215], [126.93167005, 37.56621359], [126.93166519, 37.56621142], [126.93166678, 37.56620178], [126.9316721, 37.56619917], [126.93167211, 37.56618926], [126.93166668, 37.56618917], [126.93166545, 37.56617917], [126.93167009, 37.56617845], [126.93166942, 37.56616881], [126.93166557, 37.56616872], [126.9316649, 37.56615989], [126.93162687, 37.56616067], [126.9316143, 37.56616544], [126.93160422, 37.56616562], [126.9316006, 37.56616733], [126.93159845, 37.56616958], [126.93159731, 37.56617444], [126.93158803, 37.56617633]]]}, "properties": {"name": "연희동 187-3", "status": "full", "capacity": 2, "active": 2, "industry": "종합 소매", "vacancy_rate": 0.0, "vacancy_rate_lo": 0.0, "vacancy_rate_hi": 0.0, "stores": 2, "source": "stores+ledger", "capacity_method": "floor_ouln", "active_pip": 0, "licensed": 2, "com_floors": [1, 2], "occ_floors": [1, 2], "unknown_n": 0, "id": "1141011700101870003-1", "pnu": "1141011700101870003", "floors": 2, "height": 0.0}}, {"type": "Feature", "geometry": {"type": "Polygon", "coordinates": [[[126.92996457, 37.56530448], [126.93000006, 37.56535279], [126.930016, 37.56537452], [126.93000853, 37.56537721], [126.93005973, 37.56545014], [126.93006664, 37.56544699], [126.93012272, 37.56552261], [126.93021251, 37.56548139], [126.93021942, 37.56548987], [126.93031861, 37.56544525], [126.93031057, 37.56543631], [126.93040093, 37.56539573], [126.93035221, 37.56532696], [126.93035969, 37.56532363], [126.93029831, 37.56524061], [126.93029095, 37.56524349], [126.93024223, 37.56517715], [126.93015232, 37.5652189], [126.93014599, 37.56521016], [126.93004871, 37.56525534], [126.93005572, 37.56526335], [126.93000001, 37.56528846], [126.92996457, 37.56530448]]]}, "properties": {"name": "브라운스톤연희", "status": "full", "capacity": 9, "active": 9, "industry": "한식", "vacancy_rate": 0.0, "vacancy_rate_lo": null, "vacancy_rate_hi": null, "stores": 9, "source": "stores+ledger", "capacity_method": "expos_units", "active_pip": 0, "licensed": 4, "com_floors": null, "occ_floors": null, "unknown_n": null, "id": "1141011700101940030-3", "pnu": "1141011700101940030", "floors": 13, "height": 51.4}}, {"type": "Feature", "geometry": {"type": "Polygon", "coordinates": [[[126.93195654, 37.56699689], [126.93207012, 37.56698137], [126.93202596, 37.56677649], [126.93197168, 37.56678391], [126.93197399, 37.5667946], [126.93195384, 37.56679735], [126.93195154, 37.56678666], [126.93189727, 37.56679408], [126.93193913, 37.56698825], [126.93195424, 37.56698619], [126.93195654, 37.56699689]]]}, "properties": {"name": "연희동 136-36", "status": "empty", "capacity": 6, "active": 0, "industry": "", "vacancy_rate": 100.0, "source": "polygon_only", "capacity_method": "floor_approx", "active_pip": 0, "licensed": 0, "id": "1141011700101360036-1", "pnu": "1141011700101360036", "floors": 6, "height": 17.9}}, {"type": "Feature", "geometry": {"type": "Polygon", "coordinates": [[[126.93163008, 37.56599318], [126.93155203, 37.5660581], [126.93161616, 37.56610877], [126.93169466, 37.56604178], [126.93163008, 37.56599318]]]}, "properties": {"name": "연희동 298-9", "status": "full", "capacity": 1, "active": 1, "industry": "기타 가정용품 수리", "vacancy_rate": 0.0, "vacancy_rate_lo": 0.0, "vacancy_rate_hi": 0.0, "stores": 1, "source": "stores+ledger", "capacity_method": "floor_ouln", "active_pip": 0, "licensed": 0, "com_floors": [1], "occ_floors": [1], "unknown_n": 0, "id": "1141011700102980009-1", "pnu": "1141011700102980009", "floors": 3, "height": 0.0}}, {"type": "Feature", "geometry": {"type": "Polygon", "coordinates": [[[126.9313878, 37.566292], [126.93138418, 37.56629244], [126.93137523, 37.56629568], [126.93136821, 37.56629802], [126.93136097, 37.56629838], [126.93135463, 37.56630072], [126.93135236, 37.5663027], [126.93134556, 37.56631026], [126.93132847, 37.56631737], [126.93133106, 37.56632413], [126.93129234, 37.56634014], [126.93128883, 37.56634095], [126.93136367, 37.56643172], [126.93140557, 37.56641418], [126.93145907, 37.56633042], [126.93141781, 37.56628084], [126.9313895, 37.56629362], [126.9313895, 37.56629326], [126.9313878, 37.566292]]]}, "properties": {"name": "연희동 187-49", "status": "empty", "capacity": 4, "active": 0, "industry": "", "vacancy_rate": 100.0, "source": "polygon_only", "capacity_method": "floor_approx", "active_pip": 0, "licensed": 0, "id": "1141011700101870049-1", "pnu": "1141011700101870049", "floors": 4, "height": 14.8}}, {"type": "Feature", "geometry": {"type": "Polygon", "coordinates": [[[126.93130679, 37.56687372], [126.93129315, 37.56680947], [126.93113977, 37.56682658], [126.93113251, 37.5668392], [126.93118361, 37.56690256], [126.93130679, 37.56687372]]]}, "properties": {"name": "연희동 136-8", "status": "full", "capacity": 3, "active": 3, "industry": "의원", "vacancy_rate": 0.0, "vacancy_rate_lo": 0.0, "vacancy_rate_hi": 100.0, "stores": 2, "source": "stores+ledger", "capacity_method": "floor_ouln", "active_pip": 0, "licensed": 1, "com_floors": [1, 2, 3], "occ_floors": [], "unknown_n": 3, "id": "1141011700101360008-1", "pnu": "1141011700101360008", "floors": 3, "height": 0.0}}, {"type": "Feature", "geometry": {"type": "Polygon", "coordinates": [[[126.93194167, 37.56575713], [126.93189509, 37.56581521], [126.93190245, 37.56581873], [126.93189485, 37.56582818], [126.93191116, 37.56583675], [126.93190854, 37.56584018], [126.93195663, 37.56586308], [126.93201532, 37.56579942], [126.93194167, 37.56575713]]]}, "properties": {"name": "연희동 293-1", "status": "empty", "capacity": 4, "active": 0, "industry": "", "vacancy_rate": 100.0, "source": "polygon_only", "capacity_method": "floor_approx", "active_pip": 0, "licensed": 0, "id": "1141011700102930001-1", "pnu": "1141011700102930001", "floors": 4, "height": 12.0}}, {"type": "Feature", "geometry": {"type": "Polygon", "coordinates": [[[126.92893216, 37.56591573], [126.92904938, 37.5658602], [126.92899489, 37.56577485], [126.92897066, 37.56578268], [126.92896309, 37.56577348], [126.9288623, 37.56581883], [126.92893216, 37.56591573]]]}, "properties": {"name": "정암빌딩", "status": "full", "capacity": 6, "active": 6, "industry": "종합 소매", "vacancy_rate": 0.0, "vacancy_rate_lo": 0.0, "vacancy_rate_hi": 50.0, "stores": 5, "source": "stores+ledger", "capacity_method": "floor_ouln", "active_pip": 0, "licensed": 2, "com_floors": [1, 2, 3, 4, 5, 6], "occ_floors": [1, 2, 6], "unknown_n": 3, "id": "1141011700101930017-1", "pnu": "1141011700101930017", "floors": 6, "height": 18.43}}, {"type": "Feature", "geometry": {"type": "Polygon", "coordinates": [[[126.93100731, 37.56510894], [126.93088591, 37.56512124], [126.93088675, 37.56513142], [126.93082427, 37.56514071], [126.93082985, 37.56516694], [126.93084472, 37.56516474], [126.93084521, 37.56519236], [126.93086992, 37.5651905], [126.93087234, 37.56520191], [126.93089704, 37.56519941], [126.93089645, 37.56521], [126.93102148, 37.56519763], [126.93100652, 37.56510976], [126.93100731, 37.56510894]]]}, "properties": {"name": "연희동 194-25", "status": "empty", "capacity": 4, "active": 0, "industry": "", "vacancy_rate": 100.0, "source": "polygon_only", "capacity_method": "floor_approx", "active_pip": 0, "licensed": 0, "id": "1141011700101940025-1", "pnu": "1141011700101940025", "floors": 4, "height": 14.63}}, {"type": "Feature", "geometry": {"type": "Polygon", "coordinates": [[[126.9300219, 37.56524108], [126.9300621, 37.56522048], [126.93003791, 37.56519055], [126.93000009, 37.56520629], [126.92999647, 37.56520782], [126.93000009, 37.56521251], [126.9300219, 37.56524108]]]}, "properties": {"name": "브라운스톤연희", "status": "full", "capacity": 9, "active": 9, "industry": "한식", "vacancy_rate": 0.0, "vacancy_rate_lo": null, "vacancy_rate_hi": null, "stores": 9, "source": "stores+ledger", "capacity_method": "expos_units", "active_pip": 0, "licensed": 4, "com_floors": null, "occ_floors": null, "unknown_n": null, "id": "1141011700101940030-4", "pnu": "1141011700101940030", "floors": 0, "height": 0.0}}, {"type": "Feature", "geometry": {"type": "Polygon", "coordinates": [[[126.92960149, 37.56575683], [126.92958643, 37.56576349], [126.92959706, 37.5657762], [126.92961189, 37.56577008], [126.92960149, 37.56575683]]]}, "properties": {"name": "은혜빌딩", "status": "partial", "capacity": 6, "active": 4, "industry": "이용·미용", "vacancy_rate": 33.3, "vacancy_rate_lo": null, "vacancy_rate_hi": null, "stores": 4, "source": "stores+ledger", "capacity_method": "expos_units", "active_pip": 0, "licensed": 1, "com_floors": null, "occ_floors": null, "unknown_n": null, "id": "1141011700101880008-1", "pnu": "1141011700101880008", "floors": 0, "height": 0.0}}, {"type": "Feature", "geometry": {"type": "Polygon", "coordinates": [[[126.93029703, 37.566857], [126.93028684, 37.56686213], [126.93034472, 37.56693587], [126.93046453, 37.56687854], [126.9304106, 37.56681031], [126.93040043, 37.56679796], [126.930348, 37.56682162], [126.9303515, 37.56682676], [126.93029703, 37.566857]]]}, "properties": {"name": "정면좌측", "status": "full", "capacity": 4, "active": 4, "industry": "주점", "vacancy_rate": 0.0, "vacancy_rate_lo": 0.0, "vacancy_rate_hi": 25.0, "stores": 8, "source": "stores+ledger", "capacity_method": "floor_ouln", "active_pip": 0, "licensed": 5, "com_floors": [1, 2, 3, 4], "occ_floors": [1, 2, 4], "unknown_n": 1, "id": "1141011700101880071-1", "pnu": "1141011700101880071", "floors": 4, "height": 13.04}}, {"type": "Feature", "geometry": {"type": "Polygon", "coordinates": [[[126.92851556, 37.56634435], [126.92843207, 37.56641331], [126.92853285, 37.56649302], [126.92861633, 37.56642451], [126.92851556, 37.56634435]]]}, "properties": {"name": "우측", "status": "partial", "capacity": 3, "active": 2, "industry": "서양식", "vacancy_rate": 33.3, "vacancy_rate_lo": 33.3, "vacancy_rate_hi": 33.3, "stores": 3, "source": "stores+ledger", "capacity_method": "floor_ouln", "active_pip": 0, "licensed": 1, "com_floors": [1, 2, 3], "occ_floors": [1, 3], "unknown_n": 0, "id": "1141011700101890006-2", "pnu": "1141011700101890006", "floors": 3, "height": 9.675}}, {"type": "Feature", "geometry": {"type": "Polygon", "coordinates": [[[126.92771339, 37.5670324], [126.9276704, 37.56701877], [126.92763514, 37.56708596], [126.92766422, 37.56709409], [126.92766161, 37.56710013], [126.92771717, 37.56711907], [126.92772882, 37.56712314], [126.9277456, 37.56709198], [126.92773248, 37.56708792], [126.92775323, 37.56705054], [126.92771272, 37.56703673], [126.92771339, 37.5670324]]]}, "properties": {"name": "연희동 128-30", "status": "partial", "capacity": 2, "active": 1, "industry": "비알코올 ", "vacancy_rate": 50.0, "vacancy_rate_lo": 50.0, "vacancy_rate_hi": 100.0, "stores": 1, "source": "stores+ledger", "capacity_method": "floor_ouln", "active_pip": 0, "licensed": 0, "com_floors": [1, 2], "occ_floors": [], "unknown_n": 1, "id": "1141011700101280030-1", "pnu": "1141011700101280030", "floors": 2, "height": 0.0}}, {"type": "Feature", "geometry": {"type": "Polygon", "coordinates": [[[126.92757245, 37.56694042], [126.92756485, 37.56695032], [126.92755524, 37.56694806], [126.92754775, 37.56696121], [126.92744591, 37.5669279], [126.92740373, 37.56700653], [126.927615, 37.56707532], [126.92766863, 37.56697264], [126.92757245, 37.56694042]]]}, "properties": {"name": "연희동 433-6", "status": "empty", "capacity": 3, "active": 0, "industry": "", "vacancy_rate": 100.0, "source": "polygon_only", "capacity_method": "floor_approx", "active_pip": 0, "licensed": 0, "id": "1141011700104330006-1", "pnu": "1141011700104330006", "floors": 3, "height": 0.0}}, {"type": "Feature", "geometry": {"type": "Polygon", "coordinates": [[[126.92780163, 37.56684892], [126.92778838, 37.56686098], [126.92772798, 37.56681986], [126.92772401, 37.5668231], [126.92771327, 37.56681626], [126.92764506, 37.56687973], [126.92771067, 37.56692392], [126.92771487, 37.56691987], [126.92773873, 37.56693601], [126.92775244, 37.56692125], [126.92778004, 37.56693964], [126.92779397, 37.56692622], [126.927814, 37.5669402], [126.92782499, 37.56692894], [126.9278362, 37.56693264], [126.92786599, 37.5669032], [126.92786214, 37.56689905], [126.9278685, 37.566895], [126.92780163, 37.56684892]]]}, "properties": {"name": "연희동 191-1", "status": "partial", "capacity": 2, "active": 1, "industry": "", "vacancy_rate": 50.0, "source": "pip_only", "capacity_method": "floor_approx", "active_pip": 1, "licensed": 0, "id": "1141011700101910001-1", "pnu": "1141011700101910001", "floors": 2, "height": 0.0}}, {"type": "Feature", "geometry": {"type": "Polygon", "coordinates": [[[126.92833326, 37.56700233], [126.92843442, 37.56692193], [126.92834382, 37.56685186], [126.92829828, 37.56688851], [126.92831412, 37.56689996], [126.9282611, 37.56694543], [126.92833326, 37.56700233]]]}, "properties": {"name": "연희동 190-7", "status": "empty", "capacity": 2, "active": 0, "industry": "", "vacancy_rate": 100.0, "source": "polygon_only", "capacity_method": "floor_approx", "active_pip": 0, "licensed": 0, "id": "1141011700101900007-1", "pnu": "1141011700101900007", "floors": 2, "height": 0.0}}, {"type": "Feature", "geometry": {"type": "Polygon", "coordinates": [[[126.92799865, 37.56631132], [126.9279282, 37.56636796], [126.92800952, 37.56643179], [126.92808055, 37.56637436], [126.92799865, 37.56631132]]]}, "properties": {"name": "연희동 192-4", "status": "full", "capacity": 2, "active": 2, "industry": "비알코올 ", "vacancy_rate": 0.0, "vacancy_rate_lo": 0.0, "vacancy_rate_hi": 0.0, "stores": 2, "source": "stores+ledger", "capacity_method": "floor_ouln", "active_pip": 0, "licensed": 1, "com_floors": [1, 2], "occ_floors": [1, 2], "unknown_n": 0, "id": "1141011700101920004-1", "pnu": "1141011700101920004", "floors": 2, "height": 7.99}}, {"type": "Feature", "geometry": {"type": "Polygon", "coordinates": [[[126.92812639, 37.5662405], [126.9280846, 37.56627218], [126.92810269, 37.56628635], [126.92809126, 37.56629472], [126.92810099, 37.56630265], [126.92809646, 37.56630688], [126.92813356, 37.56633691], [126.92823504, 37.56625984], [126.92814717, 37.56619032], [126.92810604, 37.56622481], [126.92812639, 37.5662405]]]}, "properties": {"name": "연희동 192-6", "status": "full", "capacity": 3, "active": 3, "industry": "한식", "vacancy_rate": 0.0, "vacancy_rate_lo": 0.0, "vacancy_rate_hi": 0.0, "stores": 6, "source": "stores+ledger", "capacity_method": "floor_ouln", "active_pip": 0, "licensed": 4, "com_floors": [1, 2, 3], "occ_floors": [1, 2, 3], "unknown_n": 0, "id": "1141011700101920006-1", "pnu": "1141011700101920006", "floors": 3, "height": 10.0}}, {"type": "Feature", "geometry": {"type": "Polygon", "coordinates": [[[126.92866111, 37.56719506], [126.9286585, 37.56719686], [126.92865092, 37.56719226], [126.92861546, 37.5672218], [126.92867564, 37.5672703], [126.92872351, 37.56727169], [126.92872839, 37.56726682], [126.92876157, 37.56724387], [126.92877255, 37.56725126], [126.92881208, 37.56721948], [126.92872013, 37.56714527], [126.92866111, 37.56719506]]]}, "properties": {"name": "연희재", "status": "full", "capacity": 3, "active": 3, "industry": "일식", "vacancy_rate": 0.0, "vacancy_rate_lo": 0.0, "vacancy_rate_hi": 33.3, "stores": 4, "source": "stores+ledger", "capacity_method": "floor_ouln", "active_pip": 0, "licensed": 2, "com_floors": [1, 2, 3], "occ_floors": [1, 2], "unknown_n": 1, "id": "1141011700101900004-1", "pnu": "1141011700101900004", "floors": 3, "height": 13.06}}, {"type": "Feature", "geometry": {"type": "Polygon", "coordinates": [[[126.92857715, 37.56680605], [126.92869116, 37.5668974], [126.9287683, 37.56683284], [126.92869524, 37.56677513], [126.9287026, 37.56676856], [126.92866403, 37.56673763], [126.92864149, 37.56675411], [126.92857715, 37.56680605]]]}, "properties": {"name": "연희동 190-17", "status": "full", "capacity": 2, "active": 2, "industry": "비알코올 ", "vacancy_rate": 0.0, "vacancy_rate_lo": 0.0, "vacancy_rate_hi": 50.0, "stores": 1, "source": "stores+ledger", "capacity_method": "floor_ouln", "active_pip": 0, "licensed": 1, "com_floors": [1, 2], "occ_floors": [1], "unknown_n": 1, "id": "1141011700101900017-1", "pnu": "1141011700101900017", "floors": 2, "height": 7.1}}, {"type": "Feature", "geometry": {"type": "Polygon", "coordinates": [[[126.92903887, 37.56714277], [126.92896094, 37.56720264], [126.92909304, 37.56731435], [126.92913314, 37.56728329], [126.92912816, 37.56727914], [126.92917721, 37.56723818], [126.92912349, 37.56719084], [126.92910956, 37.56720228], [126.92903887, 37.56714277]]]}, "properties": {"name": "센티멘트SENTIMENT", "status": "full", "capacity": 2, "active": 2, "industry": "한식", "vacancy_rate": 0.0, "vacancy_rate_lo": 0.0, "vacancy_rate_hi": 0.0, "stores": 4, "source": "stores+ledger", "capacity_method": "floor_ouln", "active_pip": 0, "licensed": 0, "com_floors": [1, 2], "occ_floors": [1, 2], "unknown_n": 0, "id": "1141011700101300010-1", "pnu": "1141011700101300010", "floors": 2, "height": 8.2}}, {"type": "Feature", "geometry": {"type": "Polygon", "coordinates": [[[126.92919791, 37.56677633], [126.92911229, 37.56671213], [126.92903322, 37.56677985], [126.92904328, 37.56678795], [126.92908015, 37.5668161], [126.92906407, 37.56682906], [126.92910117, 37.56685475], [126.92919791, 37.56677633]]]}, "properties": {"name": "연희동 189-16", "status": "full", "capacity": 4, "active": 4, "industry": "이용·미용", "vacancy_rate": 0.0, "vacancy_rate_lo": 0.0, "vacancy_rate_hi": 0.0, "stores": 5, "source": "stores+ledger", "capacity_method": "floor_ouln", "active_pip": 0, "licensed": 2, "com_floors": [1, 2, 3, 4], "occ_floors": [1, 2, 3, 4], "unknown_n": 0, "id": "1141011700101890016-1", "pnu": "1141011700101890016", "floors": 4, "height": 12.8}}, {"type": "Feature", "geometry": {"type": "Polygon", "coordinates": [[[126.92936734, 37.56607645], [126.92926747, 37.56611893], [126.92927312, 37.56612722], [126.92924798, 37.56613928], [126.92925261, 37.56614658], [126.929202, 37.56616852], [126.92926247, 37.56624975], [126.92943766, 37.56616533], [126.92936734, 37.56607645]]]}, "properties": {"name": "3~5층", "status": "full", "capacity": 4, "active": 4, "industry": "일식", "vacancy_rate": 0.0, "vacancy_rate_lo": 0.0, "vacancy_rate_hi": 25.0, "stores": 3, "source": "stores+ledger", "capacity_method": "floor_ouln", "active_pip": 0, "licensed": 3, "com_floors": [1, 2, 3, 5], "occ_floors": [1, 3, 5], "unknown_n": 1, "id": "1141011700101880089-1", "pnu": "1141011700101880089", "floors": 5, "height": 16.772}}, {"type": "Feature", "geometry": {"type": "Polygon", "coordinates": [[[126.92880776, 37.56699207], [126.92891221, 37.56690771], [126.92886391, 37.56686822], [126.92883741, 37.56688902], [126.92877124, 37.56683663], [126.92869444, 37.5668992], [126.92880776, 37.56699207]]]}, "properties": {"name": "연희동 190-16", "status": "empty", "capacity": 2, "active": 0, "industry": "", "vacancy_rate": 100.0, "source": "polygon_only", "capacity_method": "floor_approx", "active_pip": 0, "licensed": 0, "id": "1141011700101900016-1", "pnu": "1141011700101900016", "floors": 2, "height": 0.0}}, {"type": "Feature", "geometry": {"type": "Polygon", "coordinates": [[[126.92999258, 37.56657165], [126.92993074, 37.56649882], [126.9299105, 37.56647592], [126.92986067, 37.5664985], [126.92985525, 37.56649219], [126.92976726, 37.56653494], [126.92985319, 37.56664437], [126.92999258, 37.56657165]]]}, "properties": {"name": "청출어람", "status": "full", "capacity": 4, "active": 4, "industry": "이용·미용", "vacancy_rate": 0.0, "vacancy_rate_lo": 0.0, "vacancy_rate_hi": 0.0, "stores": 2, "source": "stores+ledger", "capacity_method": "floor_ouln", "active_pip": 0, "licensed": 2, "com_floors": [1, 2, 3, 4], "occ_floors": [1, 2, 3, 4], "unknown_n": 0, "id": "1141011700101880079-1", "pnu": "1141011700101880079", "floors": 4, "height": 0.71375}}, {"type": "Feature", "geometry": {"type": "Polygon", "coordinates": [[[126.92901531, 37.56645196], [126.92899122, 37.56643284], [126.9289859, 37.56643185], [126.92898306, 37.56643239], [126.92897808, 37.56643491], [126.92897751, 37.56643554], [126.92896836, 37.56642904], [126.92895985, 37.56643363], [126.92894526, 37.56642128], [126.92893915, 37.56642587], [126.92890341, 37.5663972], [126.92889084, 37.56640629], [126.92888801, 37.56640449], [126.9288155, 37.56646887], [126.92891073, 37.56654587], [126.9289769, 37.56649302], [126.92901428, 37.56646592], [126.92900964, 37.56645997], [126.92901235, 37.56645799], [126.92901586, 37.56645448], [126.92901531, 37.56645196]]]}, "properties": {"name": "연희동 189-9", "status": "high", "capacity": 3, "active": 1, "industry": "", "vacancy_rate": 66.7, "source": "pip_only", "capacity_method": "floor_approx", "active_pip": 0, "licensed": 1, "id": "1141011700101890009-1", "pnu": "1141011700101890009", "floors": 3, "height": 0.0}}, {"type": "Feature", "geometry": {"type": "Polygon", "coordinates": [[[126.92848589, 37.56694664], [126.92848216, 37.56694926], [126.92851564, 37.5669755], [126.92851983, 37.56697342], [126.92856563, 37.56701057], [126.92857502, 37.56701472], [126.92858034, 37.56701554], [126.92858645, 37.56701528], [126.92859325, 37.56701374], [126.92859506, 37.56701221], [126.92860015, 37.56701014], [126.92860412, 37.56700699], [126.92860786, 37.56700195], [126.9286099, 37.56699772], [126.9286107, 37.56699546], [126.92861058, 37.56699411], [126.92860821, 37.56698717], [126.9286055, 37.56698231], [126.92862567, 37.56696304], [126.92864266, 37.56695251], [126.92856925, 37.56689507], [126.92858273, 37.56688462], [126.92853817, 37.56684667], [126.928448, 37.56691717], [126.92848589, 37.56694664]]]}, "properties": {"name": "연희동 190-23", "status": "empty", "capacity": 2, "active": 0, "industry": "", "vacancy_rate": 100.0, "source": "polygon_only", "capacity_method": "floor_approx", "active_pip": 0, "licensed": 0, "id": "1141011700101900023-1", "pnu": "1141011700101900023", "floors": 2, "height": 0.0}}, {"type": "Feature", "geometry": {"type": "Polygon", "coordinates": [[[126.92973123, 37.56584845], [126.92969817, 37.56586528], [126.92973943, 37.56591405], [126.92976967, 37.56589875], [126.92973123, 37.56584845]]]}, "properties": {"name": "은혜빌딩", "status": "partial", "capacity": 6, "active": 4, "industry": "이용·미용", "vacancy_rate": 33.3, "vacancy_rate_lo": null, "vacancy_rate_hi": null, "stores": 4, "source": "stores+ledger", "capacity_method": "expos_units", "active_pip": 0, "licensed": 1, "com_floors": null, "occ_floors": null, "unknown_n": null, "id": "1141011700101880008-2", "pnu": "1141011700101880008", "floors": 0, "height": 0.0}}, {"type": "Feature", "geometry": {"type": "Polygon", "coordinates": [[[126.92984014, 37.56679987], [126.92992892, 37.56675416], [126.92991514, 37.5667273], [126.92992839, 37.56672136], [126.92987015, 37.56664843], [126.92974503, 37.56671305], [126.92984014, 37.56679987]]]}, "properties": {"name": "우림빌딩", "status": "full", "capacity": 2, "active": 2, "industry": "한식", "vacancy_rate": 0.0, "vacancy_rate_lo": 0.0, "vacancy_rate_hi": 0.0, "stores": 3, "source": "stores+ledger", "capacity_method": "floor_ouln", "active_pip": 0, "licensed": 1, "com_floors": [1, 4], "occ_floors": [1, 4], "unknown_n": 0, "id": "1141011700101880065-1", "pnu": "1141011700101880065", "floors": 6, "height": 17.73}}, {"type": "Feature", "geometry": {"type": "Polygon", "coordinates": [[[126.92995136, 37.5658748], [126.92979693, 37.56568261], [126.92965254, 37.56575704], [126.92970013, 37.56581951], [126.92970647, 37.56581681], [126.92971032, 37.56582105], [126.92981014, 37.56594905], [126.92995136, 37.5658748]]]}, "properties": {"name": "은혜빌딩", "status": "partial", "capacity": 6, "active": 4, "industry": "이용·미용", "vacancy_rate": 33.3, "vacancy_rate_lo": null, "vacancy_rate_hi": null, "stores": 4, "source": "stores+ledger", "capacity_method": "expos_units", "active_pip": 0, "licensed": 1, "com_floors": null, "occ_floors": null, "unknown_n": null, "id": "1141011700101880008-3", "pnu": "1141011700101880008", "floors": 6, "height": 20.9}}, {"type": "Feature", "geometry": {"type": "Polygon", "coordinates": [[[126.92949514, 37.56630043], [126.92950273, 37.56630855], [126.92959995, 37.56643573], [126.92965034, 37.56640972], [126.92962874, 37.56638709], [126.92967699, 37.56636306], [126.92960372, 37.56626589], [126.92959322, 37.56625228], [126.92949514, 37.56630043]]]}, "properties": {"name": "연희동 188-85", "status": "full", "capacity": 1, "active": 1, "industry": "비알코올 ", "vacancy_rate": 0.0, "vacancy_rate_lo": 0.0, "vacancy_rate_hi": 0.0, "stores": 1, "source": "stores+ledger", "capacity_method": "floor_ouln", "active_pip": 0, "licensed": 1, "com_floors": [1], "occ_floors": [1], "unknown_n": 0, "id": "1141011700101880085-1", "pnu": "1141011700101880085", "floors": 6, "height": 18.1}}, {"type": "Feature", "geometry": {"type": "Polygon", "coordinates": [[[126.92913527, 37.56539534], [126.92906224, 37.56529619], [126.92905918, 37.56529348], [126.92905579, 37.56529375], [126.92905149, 37.56529528], [126.92905058, 37.56529591], [126.92879195, 37.56541911], [126.92878854, 37.56542091], [126.92878843, 37.56542279], [126.92878991, 37.56542631], [126.92879069, 37.56542793], [126.92886474, 37.56552555], [126.9288696, 37.56552826], [126.92887345, 37.56552673], [126.92894446, 37.56549326], [126.92913096, 37.56540516], [126.92913504, 37.56540318], [126.92913719, 37.56539994], [126.92913527, 37.56539534]]]}, "properties": {"name": "영화빌딩", "status": "full", "capacity": 5, "active": 5, "industry": "기타 간이", "vacancy_rate": 0.0, "vacancy_rate_lo": 0.0, "vacancy_rate_hi": 40.0, "stores": 3, "source": "stores+ledger", "capacity_method": "floor_ouln", "active_pip": 0, "licensed": 0, "com_floors": [1, 2, 3, 4, 5], "occ_floors": [3, 4, 5], "unknown_n": 2, "id": "1141011700101930007-1", "pnu": "1141011700101930007", "floors": 5, "height": 17.4}}, {"type": "Feature", "geometry": {"type": "Polygon", "coordinates": [[[126.92872746, 37.56585776], [126.92872565, 37.56585938], [126.92872406, 37.56586154], [126.9287244, 37.5658646], [126.92873593, 37.56587731], [126.92872732, 37.56588217], [126.9287263, 37.56588308], [126.92872551, 37.56588479], [126.92872619, 37.56588776], [126.92879753, 37.56596988], [126.9287998, 37.56597142], [126.92880296, 37.5659716], [126.92880624, 37.56596998], [126.92888767, 37.56592669], [126.92883442, 37.56585945], [126.92883691, 37.5658581], [126.92880628, 37.56581582], [126.92872746, 37.56585776]]]}, "properties": {"name": "에스빌딩", "status": "full", "capacity": 6, "active": 6, "industry": "한식", "vacancy_rate": 0.0, "vacancy_rate_lo": 0.0, "vacancy_rate_hi": 33.3, "stores": 4, "source": "stores+ledger", "capacity_method": "floor_ouln", "active_pip": 0, "licensed": 3, "com_floors": [1, 2, 3, 4, 5, 6], "occ_floors": [1, 3, 5, 6], "unknown_n": 2, "id": "1141011700101930006-1", "pnu": "1141011700101930006", "floors": 6, "height": 22.5}}, {"type": "Feature", "geometry": {"type": "Polygon", "coordinates": [[[126.92945609, 37.56546113], [126.92932248, 37.56552006], [126.92932338, 37.56552142], [126.92931342, 37.56552582], [126.9293549, 37.56558541], [126.92935218, 37.56558666], [126.92943017, 37.56569825], [126.92943481, 37.56569646], [126.9294338, 37.56569483], [126.92946631, 37.56568134], [126.92946494, 37.56567936], [126.92948929, 37.56566865], [126.92949143, 37.56567171], [126.92957987, 37.56563302], [126.92945609, 37.56546113]]]}, "properties": {"name": "연희동 193-2", "status": "partial", "capacity": 6, "active": 4, "industry": "기타 교육", "vacancy_rate": 33.3, "vacancy_rate_lo": 33.3, "vacancy_rate_hi": 50.0, "stores": 2, "source": "stores+ledger", "capacity_method": "floor_ouln", "active_pip": 0, "licensed": 2, "com_floors": [1, 2, 3, 4, 5, 6], "occ_floors": [1, 5, 6], "unknown_n": 1, "id": "1141011700101930002-1", "pnu": "1141011700101930002", "floors": 7, "height": 22.65}}, {"type": "Feature", "geometry": {"type": "Polygon", "coordinates": [[[126.92802363, 37.56588724], [126.92804118, 37.56587374], [126.92807738, 37.56590322], [126.92808689, 37.56589828], [126.92813564, 37.56593426], [126.92813734, 37.56593263], [126.92814582, 37.56593949], [126.92828548, 37.56583281], [126.9282191, 37.565776], [126.92819715, 37.56576815], [126.92817813, 37.56576751], [126.92816036, 37.56576975], [126.92814723, 37.56577461], [126.92813726, 37.5657837], [126.92810203, 37.5658135], [126.92808629, 37.56580106], [126.92806954, 37.56581591], [126.92806615, 37.56581267], [126.92805401, 37.56582167], [126.92803783, 37.56582743], [126.92800147, 37.56585642], [126.9280018, 37.56587002], [126.92802363, 37.56588724]]]}, "properties": {"name": "외", "status": "partial", "capacity": 6, "active": 4, "industry": "기타 교육", "vacancy_rate": 33.3, "vacancy_rate_lo": 33.3, "vacancy_rate_hi": 50.0, "stores": 1, "source": "stores+ledger", "capacity_method": "floor_ouln", "active_pip": 0, "licensed": 1, "com_floors": [1, 2, 3, 4, 5, 7], "occ_floors": [2, 3, 7], "unknown_n": 1, "id": "1141011700101920014-1", "pnu": "1141011700101920014", "floors": 7, "height": 22.3}}, {"type": "Feature", "geometry": {"type": "Polygon", "coordinates": [[[126.92886009, 37.56625121], [126.92871962, 37.56636735], [126.92879608, 37.56642668], [126.92893869, 37.56631181], [126.92886009, 37.56625121]]]}, "properties": {"name": "연희동 189-10", "status": "full", "capacity": 2, "active": 2, "industry": "중식", "vacancy_rate": 0.0, "vacancy_rate_lo": 0.0, "vacancy_rate_hi": 0.0, "stores": 1, "source": "stores+ledger", "capacity_method": "floor_ouln", "active_pip": 0, "licensed": 1, "com_floors": [1, 2], "occ_floors": [1, 2], "unknown_n": 0, "id": "1141011700101890010-1", "pnu": "1141011700101890010", "floors": 4, "height": 13.2}}, {"type": "Feature", "geometry": {"type": "Polygon", "coordinates": [[[126.93107871, 37.56661896], [126.93105848, 37.56659202], [126.93104942, 37.56659444], [126.93104942, 37.56659399], [126.93096373, 37.5664814], [126.93088423, 37.56652164], [126.93107599, 37.56676105], [126.93115243, 37.56672289], [126.93107317, 37.56662167], [126.93107351, 37.56662095], [126.93107871, 37.56661896]]]}, "properties": {"name": "우측호", "status": "full", "capacity": 3, "active": 3, "industry": "스포츠 서비스", "vacancy_rate": 0.0, "vacancy_rate_lo": 0.0, "vacancy_rate_hi": 0.0, "stores": 3, "source": "stores+ledger", "capacity_method": "floor_ouln", "active_pip": 0, "licensed": 1, "com_floors": [1, 2, 4], "occ_floors": [1, 2, 4], "unknown_n": 0, "id": "1141011700101870047-1", "pnu": "1141011700101870047", "floors": 4, "height": 0.0}}, {"type": "Feature", "geometry": {"type": "Polygon", "coordinates": [[[126.9301665, 37.56615252], [126.93008386, 37.56604679], [126.9300677, 37.5660256], [126.93000008, 37.56605918], [126.92996894, 37.56607466], [126.93000004, 37.56611152], [126.93007658, 37.56620221], [126.93014464, 37.56616674], [126.9301665, 37.56615252]]]}, "properties": {"name": "연희동 188-88", "status": "full", "capacity": 4, "active": 4, "industry": "유원지·오락", "vacancy_rate": 0.0, "vacancy_rate_lo": 0.0, "vacancy_rate_hi": 25.0, "stores": 5, "source": "stores+ledger", "capacity_method": "floor_ouln", "active_pip": 0, "licensed": 1, "com_floors": [1, 2, 3, 4], "occ_floors": [1, 2, 3], "unknown_n": 1, "id": "1141011700101880088-1", "pnu": "1141011700101880088", "floors": 4, "height": 0.0}}, {"type": "Feature", "geometry": {"type": "Polygon", "coordinates": [[[126.93032818, 37.56657726], [126.9304497, 37.56651858], [126.9303856, 37.56643268], [126.93038198, 37.56643421], [126.93035993, 37.56640383], [126.93023899, 37.56646323], [126.93032818, 37.56657726]]]}, "properties": {"name": "전체", "status": "full", "capacity": 3, "active": 3, "industry": "기타 간이", "vacancy_rate": 0.0, "vacancy_rate_lo": null, "vacancy_rate_hi": null, "stores": 3, "source": "stores+ledger", "capacity_method": "expos_units", "active_pip": 0, "licensed": 1, "com_floors": null, "occ_floors": null, "unknown_n": null, "id": "1141011700101880057-1", "pnu": "1141011700101880057", "floors": 7, "height": 20.3}}, {"type": "Feature", "geometry": {"type": "Polygon", "coordinates": [[[126.93037238, 37.56665792], [126.93032414, 37.56668078], [126.93035522, 37.56672252], [126.93040346, 37.56669965], [126.93037238, 37.56665792]]]}, "properties": {"name": "연희동 188-3", "status": "full", "capacity": 2, "active": 2, "industry": "기타 간이", "vacancy_rate": 0.0, "vacancy_rate_lo": null, "vacancy_rate_hi": null, "stores": 2, "source": "stores+ledger", "capacity_method": "expos_units", "active_pip": 0, "licensed": 1, "com_floors": null, "occ_floors": null, "unknown_n": null, "id": "1141011700101880003-2", "pnu": "1141011700101880003", "floors": 0, "height": 0.0}}, {"type": "Feature", "geometry": {"type": "Polygon", "coordinates": [[[126.93022097, 37.56636059], [126.93027999, 37.56643721], [126.93039266, 37.56638637], [126.93032573, 37.56630164], [126.93022155, 37.56635312], [126.93022097, 37.56636059]]]}, "properties": {"name": "연희동 188-4", "status": "partial", "capacity": 3, "active": 2, "industry": "안경·정밀기기 소매", "vacancy_rate": 33.3, "vacancy_rate_lo": 33.3, "vacancy_rate_hi": 33.3, "stores": 2, "source": "stores+ledger", "capacity_method": "floor_ouln", "active_pip": 0, "licensed": 1, "com_floors": [1, 2, 3], "occ_floors": [1, 2], "unknown_n": 0, "id": "1141011700101880004-1", "pnu": "1141011700101880004", "floors": 3, "height": 0.0}}, {"type": "Feature", "geometry": {"type": "Polygon", "coordinates": [[[126.93039498, 37.56583371], [126.93036749, 37.56582171], [126.93032158, 37.56577627], [126.93025636, 37.56568415], [126.93023895, 37.56565954], [126.93027779, 37.56564272], [126.93031334, 37.56562724], [126.93030668, 37.56560841], [126.93013789, 37.56564236], [126.93040132, 37.56596859], [126.93048037, 37.56592359], [126.93048976, 37.56591819], [126.93044182, 37.56587275], [126.93042395, 37.56585589], [126.9304185, 37.56585994], [126.93039498, 37.56583371]]]}, "properties": {"name": "연희동 187-61", "status": "full", "capacity": 7, "active": 7, "industry": "한식", "vacancy_rate": 0.0, "vacancy_rate_lo": null, "vacancy_rate_hi": null, "stores": 7, "source": "stores+ledger", "capacity_method": "expos_units", "active_pip": 0, "licensed": 7, "com_floors": null, "occ_floors": null, "unknown_n": null, "id": "1141011700101870061-1", "pnu": "1141011700101870061", "floors": 2, "height": 0.0}}, {"type": "Feature", "geometry": {"type": "Polygon", "coordinates": [[[126.93048919, 37.56592486], [126.930408, 37.56596598], [126.93046871, 37.56604278], [126.93055013, 37.56600165], [126.93048919, 37.56592486]]]}, "properties": {"name": "정면좌측", "status": "partial", "capacity": 2, "active": 1, "industry": "기타 간이", "vacancy_rate": 50.0, "vacancy_rate_lo": 50.0, "vacancy_rate_hi": 50.0, "stores": 2, "source": "stores+ledger", "capacity_method": "floor_ouln", "active_pip": 0, "licensed": 1, "com_floors": [1, 2], "occ_floors": [1], "unknown_n": 0, "id": "1141011700101870060-1", "pnu": "1141011700101870060", "floors": 3, "height": 0.0}}, {"type": "Feature", "geometry": {"type": "Polygon", "coordinates": [[[126.93048995, 37.56571302], [126.93044442, 37.56573634], [126.93043662, 37.56573182], [126.93039438, 37.56575559], [126.93040568, 37.56576722], [126.93040025, 37.56576929], [126.93044921, 37.56581915], [126.93045861, 37.56581329], [126.93048292, 37.56583907], [126.93058326, 37.56578011], [126.93056076, 37.56575804], [126.93057073, 37.56575353], [126.93053047, 37.56571026], [126.93050171, 37.56572474], [126.93048995, 37.56571302]]]}, "properties": {"name": "연희동 287-5", "status": "full", "capacity": 2, "active": 2, "industry": "기타 간이", "vacancy_rate": 0.0, "vacancy_rate_lo": 0.0, "vacancy_rate_hi": 100.0, "stores": 2, "source": "stores+ledger", "capacity_method": "floor_ouln", "active_pip": 0, "licensed": 0, "com_floors": [1, 2], "occ_floors": [], "unknown_n": 2, "id": "1141011700102870005-1", "pnu": "1141011700102870005", "floors": 2, "height": 7.0}}, {"type": "Feature", "geometry": {"type": "Polygon", "coordinates": [[[126.93038804, 37.56697328], [126.93044999, 37.56705279], [126.93054999, 37.56700338], [126.93051177, 37.56695588], [126.93049051, 37.56692829], [126.93042632, 37.56696186], [126.93042246, 37.566957], [126.93038804, 37.56697328]]]}, "properties": {"name": "일부", "status": "high", "capacity": 5, "active": 2, "industry": "주점", "vacancy_rate": 60.0, "vacancy_rate_lo": 60.0, "vacancy_rate_hi": 80.0, "stores": 3, "source": "stores+ledger", "capacity_method": "floor_ouln", "active_pip": 0, "licensed": 1, "com_floors": [1, 2, 3, 4, 5], "occ_floors": [3], "unknown_n": 1, "id": "1141011700101880050-1", "pnu": "1141011700101880050", "floors": 5, "height": 16.7}}, {"type": "Feature", "geometry": {"type": "Polygon", "coordinates": [[[126.92832035, 37.56653425], [126.92824979, 37.56657403], [126.92830803, 37.56663452], [126.92829319, 37.56664325], [126.92832123, 37.56667363], [126.92832373, 37.56667147], [126.92832927, 37.56667625], [126.92842009, 37.56663198], [126.92841342, 37.56662549], [126.92841908, 37.56662161], [126.9283553, 37.56656193], [126.92834975, 37.5665649], [126.92832035, 37.56653425]]]}, "properties": {"name": "라라빌딩", "status": "full", "capacity": 2, "active": 2, "industry": "기타 간이", "vacancy_rate": 0.0, "vacancy_rate_lo": 0.0, "vacancy_rate_hi": 0.0, "stores": 2, "source": "stores+ledger", "capacity_method": "floor_ouln", "active_pip": 0, "licensed": 2, "com_floors": [1, 4], "occ_floors": [1, 4], "unknown_n": 0, "id": "1141011700101900011-1", "pnu": "1141011700101900011", "floors": 2, "height": 6.5}}, {"type": "Feature", "geometry": {"type": "Polygon", "coordinates": [[[126.92833971, 37.56594276], [126.9283465, 37.56593655], [126.9282791, 37.565882], [126.92820467, 37.5659443], [126.92826507, 37.56598984], [126.9282895, 37.56600562], [126.92829629, 37.56600977], [126.92836255, 37.56596016], [126.92833971, 37.56594276]]]}, "properties": {"name": "연희동 192-25", "status": "partial", "capacity": 2, "active": 1, "industry": "자동차 수리·세차", "vacancy_rate": 50.0, "vacancy_rate_lo": 50.0, "vacancy_rate_hi": 100.0, "stores": 1, "source": "stores+ledger", "capacity_method": "floor_ouln", "active_pip": 0, "licensed": 0, "com_floors": [1, 2], "occ_floors": [], "unknown_n": 1, "id": "1141011700101920025-1", "pnu": "1141011700101920025", "floors": 2, "height": 0.0}}, {"type": "Feature", "geometry": {"type": "Polygon", "coordinates": [[[126.9287001, 37.56570583], [126.9285479, 37.56578476], [126.92856599, 37.56580747], [126.92857505, 37.56580225], [126.92861846, 37.56586003], [126.92865085, 37.56584176], [126.92864768, 37.56583879], [126.92869038, 37.56581512], [126.92870688, 37.56583612], [126.9287754, 37.56579661], [126.9287001, 37.56570583]]]}, "properties": {"name": "연희동 193-16", "status": "full", "capacity": 5, "active": 5, "industry": "스포츠 서비스", "vacancy_rate": 0.0, "vacancy_rate_lo": 0.0, "vacancy_rate_hi": 0.0, "stores": 2, "source": "stores+ledger", "capacity_method": "floor_ouln", "active_pip": 0, "licensed": 2, "com_floors": [1, 2, 3, 4, 5], "occ_floors": [1, 2, 3, 4, 5], "unknown_n": 0, "id": "1141011700101930016-1", "pnu": "1141011700101930016", "floors": 5, "height": 16.1}}, {"type": "Feature", "geometry": {"type": "Polygon", "coordinates": [[[126.92866658, 37.56632066], [126.92865423, 37.56633118], [126.92860628, 37.56629269], [126.92859574, 37.56630088], [126.92856633, 37.56628257], [126.92850561, 37.56633119], [126.92862924, 37.56642686], [126.92871363, 37.56635592], [126.92866658, 37.56632066]]]}, "properties": {"name": "연희동 189-13", "status": "full", "capacity": 2, "active": 2, "industry": "한식", "vacancy_rate": 0.0, "vacancy_rate_lo": 0.0, "vacancy_rate_hi": 50.0, "stores": 1, "source": "stores+ledger", "capacity_method": "floor_ouln", "active_pip": 0, "licensed": 1, "com_floors": [1, 2], "occ_floors": [1], "unknown_n": 1, "id": "1141011700101890013-1", "pnu": "1141011700101890013", "floors": 2, "height": 7.0}}, {"type": "Feature", "geometry": {"type": "Polygon", "coordinates": [[[126.92871715, 37.56634844], [126.92881298, 37.56626974], [126.92876299, 37.56623268], [126.92874396, 37.56624781], [126.9286684, 37.566191], [126.92858945, 37.56625375], [126.92871715, 37.56634844]]]}, "properties": {"name": "연희동 189-11", "status": "full", "capacity": 1, "active": 1, "industry": "주점", "vacancy_rate": 0.0, "vacancy_rate_lo": 0.0, "vacancy_rate_hi": 0.0, "stores": 4, "source": "stores+ledger", "capacity_method": "floor_ouln", "active_pip": 0, "licensed": 3, "com_floors": [1], "occ_floors": [1], "unknown_n": 0, "id": "1141011700101890011-1", "pnu": "1141011700101890011", "floors": 2, "height": 8.91}}, {"type": "Feature", "geometry": {"type": "Polygon", "coordinates": [[[126.92983134, 37.56700548], [126.92953386, 37.56677339], [126.92951463, 37.5667731], [126.92947568, 37.56677434], [126.92921039, 37.56699105], [126.92920739, 37.56703439], [126.92974296, 37.5674598], [126.93000007, 37.56715695], [126.93000585, 37.56715011], [126.93000008, 37.56714568], [126.92983134, 37.56700548]]]}, "properties": {"name": "사러가쇼핑", "status": "full", "capacity": 2, "active": 2, "industry": "기타 간이", "vacancy_rate": 0.0, "vacancy_rate_lo": 0.0, "vacancy_rate_hi": 0.0, "stores": 25, "source": "stores+ledger", "capacity_method": "floor_ouln", "active_pip": 0, "licensed": 10, "com_floors": [1, 2], "occ_floors": [1, 2], "unknown_n": 0, "id": "1141011700101310001-2", "pnu": "1141011700101310001", "floors": 2, "height": 0.0}}, {"type": "Feature", "geometry": {"type": "Polygon", "coordinates": [[[126.92819339, 37.56699581], [126.92803846, 37.56706116], [126.92812803, 37.56713537], [126.92826269, 37.56705202], [126.92819339, 37.56699581]]]}, "properties": {"name": "연희동 128-6", "status": "empty", "capacity": 2, "active": 0, "industry": "", "vacancy_rate": 100.0, "source": "polygon_only", "capacity_method": "floor_approx", "active_pip": 0, "licensed": 0, "id": "1141011700101280006-1", "pnu": "1141011700101280006", "floors": 2, "height": 11.0}}, {"type": "Feature", "geometry": {"type": "Polygon", "coordinates": [[[126.93000008, 37.56691223], [126.93007199, 37.56687398], [126.93000008, 37.56679087], [126.92998878, 37.5667778], [126.92989988, 37.56682496], [126.92996975, 37.56690438], [126.92998864, 37.56691826], [126.93000008, 37.56691223]]]}, "properties": {"name": "연희빌딩", "status": "full", "capacity": 3, "active": 3, "industry": "기타 교육", "vacancy_rate": 0.0, "vacancy_rate_lo": 0.0, "vacancy_rate_hi": 66.7, "stores": 4, "source": "stores+ledger", "capacity_method": "floor_ouln", "active_pip": 0, "licensed": 0, "com_floors": [1, 2, 3], "occ_floors": [2], "unknown_n": 2, "id": "1141011700101880051-1", "pnu": "1141011700101880051", "floors": 4, "height": 11.4}}, {"type": "Feature", "geometry": {"type": "Polygon", "coordinates": [[[126.92908994, 37.56652633], [126.92902265, 37.56647214], [126.92898435, 37.56650086], [126.92892195, 37.56655191], [126.92902328, 37.56663549], [126.92909997, 37.56657508], [126.929131, 37.56655348], [126.92913022, 37.56654573], [126.92914359, 37.56653457], [126.92911384, 37.56651301], [126.92908994, 37.56652633]]]}, "properties": {"name": "연희동 189-8", "status": "full", "capacity": 2, "active": 2, "industry": "중식", "vacancy_rate": 0.0, "vacancy_rate_lo": 0.0, "vacancy_rate_hi": 0.0, "stores": 1, "source": "stores+ledger", "capacity_method": "floor_ouln", "active_pip": 0, "licensed": 1, "com_floors": [1, 2], "occ_floors": [1, 2], "unknown_n": 0, "id": "1141011700101890008-1", "pnu": "1141011700101890008", "floors": 2, "height": 10.3}}, {"type": "Feature", "geometry": {"type": "Polygon", "coordinates": [[[126.92959971, 37.56645014], [126.92953131, 37.56636649], [126.92951649, 37.56634486], [126.92944074, 37.56637707], [126.92945442, 37.56639654], [126.92939553, 37.56643183], [126.92947049, 37.56651738], [126.92949212, 37.56650685], [126.92959971, 37.56645014]]]}, "properties": {"name": "연희동 188-84", "status": "empty", "capacity": 2, "active": 0, "industry": "", "vacancy_rate": 100.0, "source": "polygon_only", "capacity_method": "floor_approx", "active_pip": 0, "licensed": 0, "id": "1141011700101880084-1", "pnu": "1141011700101880084", "floors": 2, "height": 0.0}}, {"type": "Feature", "geometry": {"type": "Polygon", "coordinates": [[[126.93026222, 37.56692356], [126.93022875, 37.56688111], [126.93020637, 37.56685397], [126.93011079, 37.56690302], [126.93010773, 37.56689968], [126.93004318, 37.56693379], [126.93015776, 37.56702063], [126.93016207, 37.56701748], [126.93015506, 37.56700594], [126.93016299, 37.56700198], [126.93015813, 37.56699351], [126.93016934, 37.56698649], [126.93016041, 37.56697639], [126.93026222, 37.56692356]]]}, "properties": {"name": "가운데", "status": "full", "capacity": 3, "active": 3, "industry": "이용·미용", "vacancy_rate": 0.0, "vacancy_rate_lo": 0.0, "vacancy_rate_hi": 0.0, "stores": 6, "source": "stores+ledger", "capacity_method": "floor_ouln", "active_pip": 0, "licensed": 2, "com_floors": [1, 2, 3], "occ_floors": [1, 2, 3], "unknown_n": 0, "id": "1141011700101880069-1", "pnu": "1141011700101880069", "floors": 5, "height": 16.3}}, {"type": "Feature", "geometry": {"type": "Polygon", "coordinates": [[[126.92856772, 37.565557], [126.92840297, 37.56565041], [126.9284494, 37.56570229], [126.92847705, 37.56568661], [126.92850857, 37.56572183], [126.92851134, 37.56572027], [126.92854352, 37.56575623], [126.92866125, 37.56568948], [126.92859755, 37.56561829], [126.92861414, 37.56560888], [126.92856772, 37.565557]]]}, "properties": {"name": "연희동 193-10", "status": "full", "capacity": 5, "active": 5, "industry": "한식", "vacancy_rate": 0.0, "vacancy_rate_lo": 0.0, "vacancy_rate_hi": 20.0, "stores": 4, "source": "stores+ledger", "capacity_method": "floor_ouln", "active_pip": 0, "licensed": 4, "com_floors": [1, 2, 3, 4, 5], "occ_floors": [1, 2, 3, 5], "unknown_n": 1, "id": "1141011700101930010-1", "pnu": "1141011700101930010", "floors": 8, "height": 29.5}}, {"type": "Feature", "geometry": {"type": "Polygon", "coordinates": [[[126.9294254, 37.56585052], [126.92926869, 37.56590989], [126.92940433, 37.56609954], [126.92944147, 37.56608289], [126.92944927, 37.56609713], [126.92946975, 37.56610625], [126.92949136, 37.56610869], [126.92951287, 37.56610537], [126.92952805, 37.56609781], [126.92954459, 37.56607953], [126.92955106, 37.56606395], [126.92954712, 37.56603791], [126.92954046, 37.56602025], [126.92951436, 37.56597473], [126.92950813, 37.56597617], [126.9294254, 37.56585052]]]}, "properties": {"name": "외", "status": "partial", "capacity": 6, "active": 3, "industry": "한식", "vacancy_rate": 50.0, "vacancy_rate_lo": 50.0, "vacancy_rate_hi": 66.7, "stores": 2, "source": "stores+ledger", "capacity_method": "floor_ouln", "active_pip": 0, "licensed": 2, "com_floors": [1, 2, 3, 4, 5, 6], "occ_floors": [1, 5], "unknown_n": 1, "id": "1141011700101880055-1", "pnu": "1141011700101880055", "floors": 6, "height": 23.5}}, {"type": "Feature", "geometry": {"type": "Polygon", "coordinates": [[[126.93066394, 37.56508288], [126.9305773, 37.56513464], [126.93068165, 37.56526337], [126.9307795, 37.56520702], [126.93066394, 37.56508288]]]}, "properties": {"name": "에스케이빌", "status": "full", "capacity": 1, "active": 1, "industry": "비알코올 ", "vacancy_rate": 0.0, "vacancy_rate_lo": null, "vacancy_rate_hi": null, "stores": 1, "source": "stores+ledger", "capacity_method": "expos_units", "active_pip": 0, "licensed": 1, "com_floors": null, "occ_floors": null, "unknown_n": null, "id": "1141011700101940060-1", "pnu": "1141011700101940060", "floors": 5, "height": 14.5}}, {"type": "Feature", "geometry": {"type": "Polygon", "coordinates": [[[126.92837891, 37.56625381], [126.92839115, 37.56624453], [126.92835553, 37.56621505], [126.9282708, 37.56628086], [126.92835743, 37.56634948], [126.9283964, 37.56631815], [126.92838554, 37.56631057], [126.92841001, 37.56629203], [126.92840311, 37.56628689], [126.92841285, 37.5662805], [126.92837891, 37.56625381]]]}, "properties": {"name": "연희동 192-9", "status": "partial", "capacity": 3, "active": 2, "industry": "", "vacancy_rate": 33.3, "source": "pip_only", "capacity_method": "floor_approx", "active_pip": 0, "licensed": 2, "id": "1141011700101920009-1", "pnu": "1141011700101920009", "floors": 3, "height": 12.0}}, {"type": "Feature", "geometry": {"type": "Polygon", "coordinates": [[[126.92881195, 37.56699586], [126.92894892, 37.56710739], [126.92902254, 37.5670505], [126.92904022, 37.56703816], [126.92895233, 37.56696243], [126.92895596, 37.56695937], [126.92891061, 37.56692231], [126.92881195, 37.56699586]]]}, "properties": {"name": "좌측호", "status": "full", "capacity": 1, "active": 1, "industry": "서양식", "vacancy_rate": 0.0, "vacancy_rate_lo": 0.0, "vacancy_rate_hi": 0.0, "stores": 6, "source": "stores+ledger", "capacity_method": "floor_ouln", "active_pip": 0, "licensed": 2, "com_floors": [1], "occ_floors": [1], "unknown_n": 0, "id": "1141011700101900001-1", "pnu": "1141011700101900001", "floors": 2, "height": 7.98}}, {"type": "Feature", "geometry": {"type": "Polygon", "coordinates": [[[126.92749138, 37.56265108], [126.92749693, 37.56264802], [126.9275817, 37.56276602], [126.92764443, 37.56273749], [126.92746031, 37.56247267], [126.92739565, 37.56250281], [126.92747714, 37.56262143], [126.92747114, 37.56262548], [126.92749138, 37.56265108]]]}, "properties": {"name": "연남동 226-36", "status": "full", "capacity": 1, "active": 1, "industry": "섬유·의복·신발 소매", "vacancy_rate": 0.0, "vacancy_rate_lo": 0.0, "vacancy_rate_hi": 100.0, "stores": 3, "source": "stores+ledger", "capacity_method": "floor_ouln", "active_pip": 0, "licensed": 0, "com_floors": [1], "occ_floors": [], "unknown_n": 1, "id": "1144012400102260036-1", "pnu": "1144012400102260036", "floors": 3, "height": 0.0}}, {"type": "Feature", "geometry": {"type": "Polygon", "coordinates": [[[126.92682097, 37.56371146], [126.92688664, 37.56376268], [126.9269691, 37.56369257], [126.92690276, 37.56364207], [126.92682097, 37.56371146]]]}, "properties": {"name": "연남동 224-5", "status": "full", "capacity": 2, "active": 2, "industry": "서양식", "vacancy_rate": 0.0, "vacancy_rate_lo": 0.0, "vacancy_rate_hi": 0.0, "stores": 1, "source": "stores+ledger", "capacity_method": "floor_ouln", "active_pip": 0, "licensed": 1, "com_floors": [1, 2], "occ_floors": [1, 2], "unknown_n": 0, "id": "1144012400102240005-1", "pnu": "1144012400102240005", "floors": 5, "height": 16.8}}, {"type": "Feature", "geometry": {"type": "Polygon", "coordinates": [[[126.928707, 37.56346194], [126.92864964, 37.56340562], [126.92856483, 37.5634586], [126.92862511, 37.56351552], [126.92870643, 37.56346224], [126.928707, 37.56346194]]]}, "properties": {"name": "연희동 212-3", "status": "high", "capacity": 5, "active": 2, "industry": "오락용품 소매", "vacancy_rate": 60.0, "vacancy_rate_lo": 60.0, "vacancy_rate_hi": 100.0, "stores": 2, "source": "stores+ledger", "capacity_method": "floor_ouln", "active_pip": 0, "licensed": 0, "com_floors": [1, 2, 3, 4, 5], "occ_floors": [], "unknown_n": 2, "id": "1141011700102120003-1", "pnu": "1141011700102120003", "floors": 5, "height": 19.52}}, {"type": "Feature", "geometry": {"type": "Polygon", "coordinates": [[[126.92854318, 37.5642072], [126.92859439, 37.56415849], [126.92853512, 37.56412007], [126.92848527, 37.56416996], [126.92847769, 37.56416581], [126.92842648, 37.56421533], [126.92844661, 37.56422805], [126.92823396, 37.5644355], [126.92833283, 37.56449854], [126.92834447, 37.5645054], [126.92834596, 37.56450378], [126.92835127, 37.56449811], [126.92836216, 37.56448946], [126.92836373, 37.56449054], [126.92860924, 37.56425058], [126.92854318, 37.5642072]]]}, "properties": {"name": "연희체스트빌", "status": "full", "capacity": 2, "active": 2, "industry": "스포츠 서비스", "vacancy_rate": 0.0, "vacancy_rate_lo": null, "vacancy_rate_hi": null, "stores": 2, "source": "stores+ledger", "capacity_method": "expos_units", "active_pip": 0, "licensed": 1, "com_floors": null, "occ_floors": null, "unknown_n": null, "id": "1141011700102180001-2", "pnu": "1141011700102180001", "floors": 9, "height": 37.1}}, {"type": "Feature", "geometry": {"type": "Polygon", "coordinates": [[[126.92872758, 37.56347913], [126.92862858, 37.56355223], [126.92886527, 37.56377285], [126.92896698, 37.56369903], [126.92872758, 37.56347913]]]}, "properties": {"name": "연희동 212-2", "status": "empty", "capacity": 10, "active": 0, "industry": "", "vacancy_rate": 100.0, "source": "polygon_only", "capacity_method": "floor_approx", "active_pip": 0, "licensed": 0, "id": "1141011700102120002-1", "pnu": "1141011700102120002", "floors": 10, "height": 41.2}}, {"type": "Feature", "geometry": {"type": "Polygon", "coordinates": [[[126.92746549, 37.5643771], [126.9274229, 37.56440925], [126.92751383, 37.56447777], [126.92755268, 37.56444474], [126.92746549, 37.5643771]]]}, "properties": {"name": "연희동 218-15", "status": "full", "capacity": 2, "active": 2, "industry": "비알코올 ", "vacancy_rate": 0.0, "vacancy_rate_lo": 0.0, "vacancy_rate_hi": 0.0, "stores": 1, "source": "stores+ledger", "capacity_method": "floor_ouln", "active_pip": 0, "licensed": 1, "com_floors": [1, 3], "occ_floors": [1, 3], "unknown_n": 0, "id": "1141011700102180015-2", "pnu": "1141011700102180015", "floors": 0, "height": 0.0}}, {"type": "Feature", "geometry": {"type": "Polygon", "coordinates": [[[126.92816422, 37.5644507], [126.92810009, 37.56441128], [126.92792312, 37.56458389], [126.92780882, 37.56469527], [126.92787565, 37.56473847], [126.92816422, 37.5644507]]]}, "properties": {"name": "연희동 218-13", "status": "empty", "capacity": 2, "active": 0, "industry": "", "vacancy_rate": 100.0, "source": "polygon_only", "capacity_method": "floor_approx", "active_pip": 0, "licensed": 0, "id": "1141011700102180013-1", "pnu": "1141011700102180013", "floors": 2, "height": 0.0}}, {"type": "Feature", "geometry": {"type": "Polygon", "coordinates": [[[126.92818204, 37.56274737], [126.92804325, 37.56277909], [126.92808111, 37.56283651], [126.92820586, 37.56281253], [126.92818204, 37.56274737]]]}, "properties": {"name": "연희동 353-102", "status": "high", "capacity": 3, "active": 1, "industry": "", "vacancy_rate": 66.7, "source": "pip_only", "capacity_method": "floor_approx", "active_pip": 0, "licensed": 1, "id": "1141011700103530102-1", "pnu": "1141011700103530102", "floors": 3, "height": 0.0}}, {"type": "Feature", "geometry": {"type": "Polygon", "coordinates": [[[126.92755347, 37.56444471], [126.92771557, 37.56430934], [126.92771, 37.56430214], [126.92773092, 37.56428425], [126.92765521, 37.56422164], [126.92746494, 37.56437611], [126.92755347, 37.56444471]]]}, "properties": {"name": "연희동 218-15", "status": "full", "capacity": 2, "active": 2, "industry": "비알코올 ", "vacancy_rate": 0.0, "vacancy_rate_lo": 0.0, "vacancy_rate_hi": 0.0, "stores": 1, "source": "stores+ledger", "capacity_method": "floor_ouln", "active_pip": 0, "licensed": 1, "com_floors": [1, 3], "occ_floors": [1, 3], "unknown_n": 0, "id": "1141011700102180015-3", "pnu": "1141011700102180015", "floors": 3, "height": 0.0}}, {"type": "Feature", "geometry": {"type": "Polygon", "coordinates": [[[126.92839227, 37.56398968], [126.92839453, 37.56398787], [126.92839227, 37.56398607], [126.92839001, 37.56398787], [126.92839227, 37.56398968]]]}, "properties": {"name": "연희동 218-4", "status": "full", "capacity": 1, "active": 1, "industry": "한식", "vacancy_rate": 0.0, "vacancy_rate_lo": 0.0, "vacancy_rate_hi": 0.0, "stores": 1, "source": "stores+ledger", "capacity_method": "floor_ouln", "active_pip": 0, "licensed": 0, "com_floors": [1], "occ_floors": [1], "unknown_n": 0, "id": "1141011700102180004-1", "pnu": "1141011700102180004", "floors": 1, "height": 0.0}}, {"type": "Feature", "geometry": {"type": "Polygon", "coordinates": [[[126.92827243, 37.56376605], [126.92833317, 37.56381059], [126.92830998, 37.56383157], [126.9283476, 37.56385845], [126.92840899, 37.56380386], [126.92833303, 37.56371234], [126.92827243, 37.56376605]]]}, "properties": {"name": "마이움연희", "status": "high", "capacity": 3, "active": 1, "industry": "주점", "vacancy_rate": 66.7, "vacancy_rate_lo": null, "vacancy_rate_hi": null, "stores": 1, "source": "stores+ledger", "capacity_method": "expos_units", "active_pip": 0, "licensed": 1, "com_floors": null, "occ_floors": null, "unknown_n": null, "id": "1141011700102180005-1", "pnu": "1141011700102180005", "floors": 7, "height": 23.4}}, {"type": "Feature", "geometry": {"type": "Polygon", "coordinates": [[[126.9282181, 37.5647416], [126.9282436, 37.5647203], [126.92823691, 37.56471841], [126.92833604, 37.56462057], [126.92834757, 37.56463017], [126.92836447, 37.56461324], [126.92832664, 37.5645916], [126.92831892, 37.56459645], [126.92829186, 37.56457938], [126.92829856, 37.56457268], [126.92822501, 37.56452615], [126.92814401, 37.56460727], [126.9281343, 37.56459997], [126.92807924, 37.56465259], [126.9282181, 37.5647416]]]}, "properties": {"name": "연희동 218-11", "status": "empty", "capacity": 10, "active": 0, "industry": "", "vacancy_rate": 100.0, "source": "polygon_only", "capacity_method": "floor_approx", "active_pip": 0, "licensed": 0, "id": "1141011700102180011-1", "pnu": "1141011700102180011", "floors": 10, "height": 39.6}}, {"type": "Feature", "geometry": {"type": "Polygon", "coordinates": [[[126.92653179, 37.56346025], [126.92666302, 37.56352596], [126.92672278, 37.5634502], [126.9265949, 37.56338372], [126.92653179, 37.56346025]]]}, "properties": {"name": "연남동 224-67", "status": "partial", "capacity": 5, "active": 4, "industry": "기타 교육", "vacancy_rate": 20.0, "vacancy_rate_lo": 20.0, "vacancy_rate_hi": 20.0, "stores": 5, "source": "stores+ledger", "capacity_method": "floor_ouln", "active_pip": 0, "licensed": 0, "com_floors": [1, 2, 3, 4, 5], "occ_floors": [1, 3, 4, 5], "unknown_n": 0, "id": "1144012400102240067-1", "pnu": "1144012400102240067", "floors": 5, "height": 18.37}}, {"type": "Feature", "geometry": {"type": "Polygon", "coordinates": [[[126.92709425, 37.56318612], [126.92710161, 37.56318342], [126.92710489, 37.5631873], [126.92723986, 37.56313603], [126.92719851, 37.56306068], [126.92708007, 37.56310529], [126.9271003, 37.56313774], [126.92707188, 37.56314826], [126.92709425, 37.56318612]]]}, "properties": {"name": "연남동 226-44", "status": "high", "capacity": 3, "active": 1, "industry": "기타 교육", "vacancy_rate": 66.7, "vacancy_rate_lo": 66.7, "vacancy_rate_hi": 100.0, "stores": 1, "source": "stores+ledger", "capacity_method": "floor_ouln", "active_pip": 0, "licensed": 0, "com_floors": [1, 2, 3], "occ_floors": [], "unknown_n": 1, "id": "1144012400102260044-1", "pnu": "1144012400102260044", "floors": 2, "height": 7.55}}, {"type": "Feature", "geometry": {"type": "Polygon", "coordinates": [[[126.92670915, 37.56369774], [126.92670315, 37.56370044], [126.92667771, 37.56367943], [126.92664825, 37.56370518], [126.92664113, 37.56370112], [126.92660759, 37.5637366], [126.92668461, 37.56379305], [126.9267579, 37.56373741], [126.92670915, 37.56369774]]]}, "properties": {"name": "연남동 224-11", "status": "partial", "capacity": 2, "active": 1, "industry": "", "vacancy_rate": 50.0, "source": "pip_only", "capacity_method": "floor_approx", "active_pip": 0, "licensed": 1, "id": "1144012400102240011-1", "pnu": "1144012400102240011", "floors": 2, "height": 0.0}}, {"type": "Feature", "geometry": {"type": "Polygon", "coordinates": [[[126.92641625, 37.56321435], [126.92641625, 37.56321471], [126.92648298, 37.56326881], [126.92648275, 37.56326944], [126.9264944, 37.56328035], [126.92658377, 37.56320536], [126.92657936, 37.56320292], [126.92657733, 37.56320211], [126.92662219, 37.56316141], [126.92654709, 37.56310541], [126.92641625, 37.56321435]]]}, "properties": {"name": "우측호", "status": "full", "capacity": 2, "active": 2, "industry": "기타 간이", "vacancy_rate": 0.0, "vacancy_rate_lo": 0.0, "vacancy_rate_hi": 0.0, "stores": 4, "source": "stores+ledger", "capacity_method": "floor_ouln", "active_pip": 0, "licensed": 1, "com_floors": [1, 2], "occ_floors": [1, 2], "unknown_n": 0, "id": "1144012400102240060-1", "pnu": "1144012400102240060", "floors": 4, "height": 0.0}}, {"type": "Feature", "geometry": {"type": "Polygon", "coordinates": [[[126.92685103, 37.56294901], [126.92679145, 37.5629996], [126.9268109, 37.5630152], [126.92686777, 37.56296397], [126.92685103, 37.56294901]]]}, "properties": {"name": "연남동 226-21", "status": "partial", "capacity": 3, "active": 2, "industry": "중식", "vacancy_rate": 33.3, "vacancy_rate_lo": 33.3, "vacancy_rate_hi": 33.3, "stores": 3, "source": "stores+ledger", "capacity_method": "floor_ouln", "active_pip": 0, "licensed": 2, "com_floors": [1, 2, 3], "occ_floors": [1, 2], "unknown_n": 0, "id": "1144012400102260021-2", "pnu": "1144012400102260021", "floors": 0, "height": 0.0}}, {"type": "Feature", "geometry": {"type": "Polygon", "coordinates": [[[126.92699485, 37.56274881], [126.92697847, 37.56271933], [126.92686628, 37.56263304], [126.92686333, 37.5626352], [126.92686028, 37.5626334], [126.92670554, 37.56276016], [126.92676435, 37.56280596], [126.9268432, 37.56273826], [126.92685247, 37.56274529], [126.92685904, 37.56274061], [126.9269398, 37.5627967], [126.92699485, 37.56274881]]]}, "properties": {"name": "지", "status": "full", "capacity": 3, "active": 3, "industry": "한식", "vacancy_rate": 0.0, "vacancy_rate_lo": 0.0, "vacancy_rate_hi": 66.7, "stores": 7, "source": "stores+ledger", "capacity_method": "floor_ouln", "active_pip": 0, "licensed": 0, "com_floors": [1, 3, 4], "occ_floors": [1], "unknown_n": 2, "id": "1144012400102260029-1", "pnu": "1144012400102260029", "floors": 4, "height": 0.0}}, {"type": "Feature", "geometry": {"type": "Polygon", "coordinates": [[[126.92680707, 37.56357319], [126.92679825, 37.56356643], [126.92671724, 37.56364548], [126.92671724, 37.56364585], [126.92672923, 37.56365198], [126.92680762, 37.56370194], [126.9268611, 37.56364846], [126.92685533, 37.56364638], [126.92687334, 37.56362638], [126.92684518, 37.56361052], [126.92685107, 37.56360214], [126.92680707, 37.56357319]]]}, "properties": {"name": "일부", "status": "full", "capacity": 2, "active": 2, "industry": "서양식", "vacancy_rate": 0.0, "vacancy_rate_lo": 0.0, "vacancy_rate_hi": 50.0, "stores": 2, "source": "stores+ledger", "capacity_method": "floor_ouln", "active_pip": 0, "licensed": 1, "com_floors": [1, 2], "occ_floors": [1], "unknown_n": 1, "id": "1144012400102240006-1", "pnu": "1144012400102240006", "floors": 3, "height": 9.4}}, {"type": "Feature", "geometry": {"type": "Polygon", "coordinates": [[[126.92635876, 37.56389295], [126.9263864, 37.56387233], [126.9263216, 37.5638222], [126.92633179, 37.56381391], [126.92625953, 37.56375377], [126.92617242, 37.56382381], [126.92630768, 37.56393148], [126.92635899, 37.56389259], [126.92635876, 37.56389295]]]}, "properties": {"name": "연남동 224-26", "status": "partial", "capacity": 4, "active": 3, "industry": "주점", "vacancy_rate": 25.0, "vacancy_rate_lo": 25.0, "vacancy_rate_hi": 25.0, "stores": 3, "source": "stores+ledger", "capacity_method": "floor_ouln", "active_pip": 0, "licensed": 3, "com_floors": [1, 2, 3, 6], "occ_floors": [1, 2, 3], "unknown_n": 0, "id": "1144012400102240026-1", "pnu": "1144012400102240026", "floors": 6, "height": 18.5}}, {"type": "Feature", "geometry": {"type": "Polygon", "coordinates": [[[126.92666095, 37.56299835], [126.92659906, 37.56295813], [126.92662468, 37.56292949], [126.92662457, 37.56292914], [126.92656168, 37.56287837], [126.92646722, 37.56295967], [126.92660261, 37.5630503], [126.92666095, 37.56299835]]]}, "properties": {"name": "일부", "status": "full", "capacity": 2, "active": 2, "industry": "종합 소매", "vacancy_rate": 0.0, "vacancy_rate_lo": 0.0, "vacancy_rate_hi": 0.0, "stores": 3, "source": "stores+ledger", "capacity_method": "floor_ouln", "active_pip": 0, "licensed": 1, "com_floors": [1, 2], "occ_floors": [1, 2], "unknown_n": 0, "id": "1144012400102260023-1", "pnu": "1144012400102260023", "floors": 2, "height": 0.0}}, {"type": "Feature", "geometry": {"type": "Polygon", "coordinates": [[[126.92658864, 37.56418883], [126.92663611, 37.56423563], [126.92667367, 37.56423342], [126.92670213, 37.56421128], [126.92663874, 37.56415502], [126.92658864, 37.56418883]]]}, "properties": {"name": "연남동 224-18", "status": "partial", "capacity": 4, "active": 3, "industry": "기타 교육", "vacancy_rate": 25.0, "vacancy_rate_lo": 25.0, "vacancy_rate_hi": 25.0, "stores": 5, "source": "stores+ledger", "capacity_method": "floor_ouln", "active_pip": 0, "licensed": 3, "com_floors": [1, 2, 3, 4], "occ_floors": [1, 2, 3], "unknown_n": 0, "id": "1144012400102240018-1", "pnu": "1144012400102240018", "floors": 4, "height": 12.77}}, {"type": "Feature", "geometry": {"type": "Polygon", "coordinates": [[[126.92654289, 37.56382072], [126.92660984, 37.56387319], [126.92668171, 37.56381544], [126.92661534, 37.56376252], [126.92654289, 37.56382072]]]}, "properties": {"name": "서빈빌딩", "status": "full", "capacity": 1, "active": 1, "industry": "비알코올 ", "vacancy_rate": 0.0, "vacancy_rate_lo": 0.0, "vacancy_rate_hi": 0.0, "stores": 1, "source": "stores+ledger", "capacity_method": "floor_ouln", "active_pip": 0, "licensed": 1, "com_floors": [1], "occ_floors": [1], "unknown_n": 0, "id": "1144012400102240012-1", "pnu": "1144012400102240012", "floors": 2, "height": 7.8}}, {"type": "Feature", "geometry": {"type": "Polygon", "coordinates": [[[126.92675374, 37.56555643], [126.9267253, 37.56557912], [126.92679691, 37.56563367], [126.92682612, 37.5656108], [126.92675374, 37.56555643]]]}, "properties": {"name": "임광아파트", "status": "high", "capacity": 3, "active": 1, "industry": "비알코올 ", "vacancy_rate": 66.7, "vacancy_rate_lo": null, "vacancy_rate_hi": null, "stores": 1, "source": "stores+ledger", "capacity_method": "expos_units", "active_pip": 0, "licensed": 1, "com_floors": null, "occ_floors": null, "unknown_n": null, "id": "1141011700107380000-9", "pnu": "1141011700107380000", "floors": 0, "height": 0.0}}, {"type": "Feature", "geometry": {"type": "Polygon", "coordinates": [[[126.92695038, 37.56564494], [126.92702298, 37.56558597], [126.92697842, 37.56555053], [126.92684181, 37.56565586], [126.92686613, 37.5656738], [126.92695038, 37.56564494]]]}, "properties": {"name": "임광아파트", "status": "high", "capacity": 3, "active": 1, "industry": "비알코올 ", "vacancy_rate": 66.7, "vacancy_rate_lo": null, "vacancy_rate_hi": null, "stores": 1, "source": "stores+ledger", "capacity_method": "expos_units", "active_pip": 0, "licensed": 1, "com_floors": null, "occ_floors": null, "unknown_n": null, "id": "1141011700107380000-10", "pnu": "1141011700107380000", "floors": 0, "height": 0.0}}, {"type": "Feature", "geometry": {"type": "Polygon", "coordinates": [[[126.92690815, 37.56634976], [126.92689592, 37.56635282], [126.92689036, 37.56636344], [126.92689353, 37.56637083], [126.92689036, 37.56637101], [126.92683303, 37.56642377], [126.92693539, 37.5664979], [126.92694162, 37.56649259], [126.92693597, 37.56648997], [126.92696565, 37.5664626], [126.92695524, 37.56645575], [126.92699988, 37.56641009], [126.92691856, 37.56635301], [126.92690815, 37.56634976]]]}, "properties": {"name": "연희동 432", "status": "empty", "capacity": 4, "active": 0, "industry": "", "vacancy_rate": 100.0, "source": "polygon_only", "capacity_method": "floor_approx", "active_pip": 0, "licensed": 0, "id": "1141011700104320000-1", "pnu": "1141011700104320000", "floors": 4, "height": 13.9}}, {"type": "Feature", "geometry": {"type": "Polygon", "coordinates": [[[126.92698632, 37.56638882], [126.92703391, 37.56634254], [126.92698866, 37.56631269], [126.92698413, 37.56631719], [126.92694692, 37.56629095], [126.92690228, 37.56633066], [126.92698632, 37.56638882]]]}, "properties": {"name": "연희동 431-5", "status": "partial", "capacity": 2, "active": 1, "industry": "", "vacancy_rate": 50.0, "source": "pip_only", "capacity_method": "floor_approx", "active_pip": 0, "licensed": 1, "id": "1141011700104310005-1", "pnu": "1141011700104310005", "floors": 2, "height": 0.0}}, {"type": "Feature", "geometry": {"type": "Polygon", "coordinates": [[[126.92670147, 37.56645568], [126.9266868, 37.56641476], [126.92666305, 37.56638718], [126.9266437, 37.56638816], [126.92668141, 37.56648576], [126.92670147, 37.56645568]]]}, "properties": {"name": "동신빌딩", "status": "full", "capacity": 4, "active": 4, "industry": "기타 간이", "vacancy_rate": 0.0, "vacancy_rate_lo": 0.0, "vacancy_rate_hi": 25.0, "stores": 10, "source": "stores+ledger", "capacity_method": "floor_ouln", "active_pip": 0, "licensed": 7, "com_floors": [1, 2, 3, 4], "occ_floors": [1, 2, 3], "unknown_n": 1, "id": "1141011700104210033-2", "pnu": "1141011700104210033", "floors": 0, "height": 0.0}}, {"type": "Feature", "geometry": {"type": "Polygon", "coordinates": [[[126.92671545, 37.56658539], [126.92668854, 37.56664703], [126.92673955, 37.56667175], [126.92674602, 37.56666327], [126.92677212, 37.56667592], [126.92680731, 37.5666299], [126.92671545, 37.56658539]]]}, "properties": {"name": "연희동 421-21", "status": "empty", "capacity": 5, "active": 0, "industry": "", "vacancy_rate": 100.0, "source": "polygon_only", "capacity_method": "floor_approx", "active_pip": 0, "licensed": 0, "id": "1141011700104210021-1", "pnu": "1141011700104210021", "floors": 5, "height": 13.35}}, {"type": "Feature", "geometry": {"type": "Polygon", "coordinates": [[[126.93004507, 37.56479591], [126.93002187, 37.56479103], [126.93001778, 37.56480626], [126.93000427, 37.56484796], [126.93005407, 37.56485953], [126.93005065, 37.56487232], [126.93023682, 37.56491469], [126.93025974, 37.56483749], [126.93009758, 37.56480288], [126.93009508, 37.56480801], [126.93004507, 37.56479591]]]}, "properties": {"name": "연희동 194-33", "status": "empty", "capacity": 4, "active": 0, "industry": "", "vacancy_rate": 100.0, "source": "polygon_only", "capacity_method": "floor_approx", "active_pip": 0, "licensed": 0, "id": "1141011700101940033-1", "pnu": "1141011700101940033", "floors": 4, "height": 13.5}}, {"type": "Feature", "geometry": {"type": "Polygon", "coordinates": [[[126.9316261, 37.56414416], [126.93161059, 37.56415082], [126.93162867, 37.56418119], [126.93164577, 37.56417363], [126.93166797, 37.56415625], [126.93168338, 37.56413401], [126.93165261, 37.56412191], [126.93164196, 37.56413254], [126.9316261, 37.56414416]]]}, "properties": {"name": "제엘", "status": "high", "capacity": 3, "active": 1, "industry": "기타 숙박", "vacancy_rate": 66.7, "vacancy_rate_lo": null, "vacancy_rate_hi": null, "stores": 1, "source": "stores+ledger", "capacity_method": "expos_units", "active_pip": 0, "licensed": 0, "com_floors": null, "occ_floors": null, "unknown_n": null, "id": "1141011700103400027-5", "pnu": "1141011700103400027", "floors": 0, "height": 0.0}}, {"type": "Feature", "geometry": {"type": "Polygon", "coordinates": [[[126.93167497, 37.56404904], [126.93166552, 37.56410579], [126.93170344, 37.56410915], [126.93171289, 37.56405357], [126.93167497, 37.56404904]]]}, "properties": {"name": "제엘", "status": "high", "capacity": 3, "active": 1, "industry": "기타 숙박", "vacancy_rate": 66.7, "vacancy_rate_lo": null, "vacancy_rate_hi": null, "stores": 1, "source": "stores+ledger", "capacity_method": "expos_units", "active_pip": 0, "licensed": 0, "com_floors": null, "occ_floors": null, "unknown_n": null, "id": "1141011700103400027-6", "pnu": "1141011700103400027", "floors": 0, "height": 0.0}}, {"type": "Feature", "geometry": {"type": "Polygon", "coordinates": [[[126.93192232, 37.56364869], [126.93191338, 37.56364445], [126.93193229, 37.56362284], [126.93180603, 37.56355844], [126.93151844, 37.56392461], [126.9316335, 37.56398189], [126.93165397, 37.56399064], [126.9317044, 37.5639258], [126.93169456, 37.56392057], [126.93173807, 37.56386599], [126.93172314, 37.56385932], [126.93172597, 37.56385707], [126.93173774, 37.5638623], [126.93176811, 37.56382331], [126.93176132, 37.56381988], [126.93178432, 37.56379097], [126.93179225, 37.56378602], [126.93183032, 37.56374162], [126.93185295, 37.56374992], [126.9318951, 37.56369544], [126.93188855, 37.56369228], [126.93192232, 37.56364869]]]}, "properties": {"name": "제엘", "status": "high", "capacity": 3, "active": 1, "industry": "기타 숙박", "vacancy_rate": 66.7, "vacancy_rate_lo": null, "vacancy_rate_hi": null, "stores": 1, "source": "stores+ledger", "capacity_method": "expos_units", "active_pip": 0, "licensed": 0, "com_floors": null, "occ_floors": null, "unknown_n": null, "id": "1141011700103400027-7", "pnu": "1141011700103400027", "floors": 11, "height": 35.05}}, {"type": "Feature", "geometry": {"type": "Polygon", "coordinates": [[[126.93130429, 37.56392322], [126.93130828, 37.5639008], [126.93105963, 37.56387146], [126.93083871, 37.56384421], [126.93083861, 37.563837], [126.93064712, 37.56381428], [126.93064666, 37.56381814], [126.93059155, 37.5638109], [126.9305738, 37.56390415], [126.93066015, 37.56391429], [126.93066105, 37.56392168], [126.93073405, 37.56393019], [126.93073655, 37.56391676], [126.93073972, 37.56391695], [126.93073869, 37.56392758], [126.93078362, 37.56393301], [126.93078499, 37.56392607], [126.93081317, 37.56392988], [126.93081146, 37.5639387], [126.93084553, 37.56394269], [126.93084507, 37.5639489], [126.93089385, 37.56395227], [126.93089305, 37.56395875], [126.93096685, 37.56396646], [126.9309681, 37.56395249], [126.93097194, 37.56395267], [126.93097137, 37.56396349], [126.93108047, 37.56396968], [126.93108036, 37.56397607], [126.93112767, 37.56398007], [126.93112687, 37.56398574], [126.93120361, 37.56399462], [126.93120565, 37.56399074], [126.93125227, 37.56399645], [126.93125466, 37.56399068], [126.9312774, 37.56399376], [126.93127444, 37.5640152], [126.93131122, 37.56401991], [126.93131065, 37.56402667], [126.9313583, 37.56403101], [126.93135398, 37.56404913], [126.93143252, 37.5640589], [126.93143752, 37.56404098], [126.93148313, 37.56404631], [126.93148426, 37.56404046], [126.93152184, 37.56404453], [126.93154037, 37.56394985], [126.93130429, 37.56392322]]]}, "properties": {"name": "제엘", "status": "high", "capacity": 3, "active": 1, "industry": "기타 숙박", "vacancy_rate": 66.7, "vacancy_rate_lo": null, "vacancy_rate_hi": null, "stores": 1, "source": "stores+ledger", "capacity_method": "expos_units", "active_pip": 0, "licensed": 0, "com_floors": null, "occ_floors": null, "unknown_n": null, "id": "1141011700103400027-8", "pnu": "1141011700103400027", "floors": 11, "height": 35.05}}, {"type": "Feature", "geometry": {"type": "Polygon", "coordinates": [[[126.93153117, 37.5648621], [126.93165638, 37.56483632], [126.93163063, 37.56475711], [126.93157177, 37.56476716], [126.93157572, 37.56477816], [126.93150893, 37.5647901], [126.93153117, 37.5648621]]]}, "properties": {"name": "연희동 194-19", "status": "empty", "capacity": 4, "active": 0, "industry": "", "vacancy_rate": 100.0, "source": "polygon_only", "capacity_method": "floor_approx", "active_pip": 0, "licensed": 0, "id": "1141011700101940019-1", "pnu": "1141011700101940019", "floors": 4, "height": 14.9}}, {"type": "Feature", "geometry": {"type": "Polygon", "coordinates": [[[126.9301747, 37.56415502], [126.93018726, 37.56416151], [126.93021928, 37.56417622], [126.93036273, 37.56400214], [126.93027494, 37.56395803], [126.93013273, 37.56413111], [126.93014054, 37.56413328], [126.93016452, 37.5641452], [126.9301747, 37.56415502]]]}, "properties": {"name": "연희동 337-17", "status": "empty", "capacity": 3, "active": 0, "industry": "", "vacancy_rate": 100.0, "source": "polygon_only", "capacity_method": "floor_approx", "active_pip": 0, "licensed": 0, "id": "1141011700103370017-1", "pnu": "1141011700103370017", "floors": 3, "height": 0.0}}, {"type": "Feature", "geometry": {"type": "Polygon", "coordinates": [[[126.93149418, 37.56297449], [126.93141852, 37.56291157], [126.93136722, 37.56294352], [126.93127242, 37.56300473], [126.93136334, 37.56309498], [126.93136572, 37.56309363], [126.93137895, 37.56310382], [126.93152097, 37.56301226], [126.9314892, 37.56297747], [126.93149418, 37.56297449]]]}, "properties": {"name": "연희동 344-25", "status": "full", "capacity": 2, "active": 2, "industry": "기타 교육", "vacancy_rate": 0.0, "vacancy_rate_lo": 0.0, "vacancy_rate_hi": 0.0, "stores": 3, "source": "stores+ledger", "capacity_method": "floor_ouln", "active_pip": 0, "licensed": 0, "com_floors": [1, 2], "occ_floors": [1, 2], "unknown_n": 0, "id": "1141011700103440025-1", "pnu": "1141011700103440025", "floors": 7, "height": 21.8}}, {"type": "Feature", "geometry": {"type": "Polygon", "coordinates": [[[126.93153656, 37.56329897], [126.93174491, 37.56319854], [126.93170025, 37.56314005], [126.93164658, 37.56316596], [126.93159558, 37.56310376], [126.93144736, 37.56317242], [126.93153656, 37.56329897]]]}, "properties": {"name": "연희궁빌딩", "status": "partial", "capacity": 5, "active": 3, "industry": "종합 소매", "vacancy_rate": 40.0, "vacancy_rate_lo": null, "vacancy_rate_hi": null, "stores": 3, "source": "stores+ledger", "capacity_method": "expos_units", "active_pip": 0, "licensed": 1, "com_floors": null, "occ_floors": null, "unknown_n": null, "id": "1141011700103440024-1", "pnu": "1141011700103440024", "floors": 6, "height": 21.8}}, {"type": "Feature", "geometry": {"type": "Polygon", "coordinates": [[[126.93086983, 37.56263157], [126.9307945, 37.56269982], [126.93088883, 37.56276529], [126.93096586, 37.56269866], [126.93086983, 37.56263157]]]}, "properties": {"name": "연희동 344-99", "status": "partial", "capacity": 3, "active": 2, "industry": "", "vacancy_rate": 33.3, "source": "pip_only", "capacity_method": "floor_approx", "active_pip": 0, "licensed": 2, "id": "1141011700103440099-1", "pnu": "1141011700103440099", "floors": 3, "height": 0.0}}, {"type": "Feature", "geometry": {"type": "Polygon", "coordinates": [[[126.93175053, 37.56398538], [126.93172303, 37.56398077], [126.93167941, 37.56402525], [126.93167452, 37.56404886], [126.93173846, 37.56405457], [126.93175053, 37.56398538]]]}, "properties": {"name": "제엘", "status": "high", "capacity": 3, "active": 1, "industry": "기타 숙박", "vacancy_rate": 66.7, "vacancy_rate_lo": null, "vacancy_rate_hi": null, "stores": 1, "source": "stores+ledger", "capacity_method": "expos_units", "active_pip": 0, "licensed": 0, "com_floors": null, "occ_floors": null, "unknown_n": null, "id": "1141011700103400027-9", "pnu": "1141011700103400027", "floors": 0, "height": 0.0}}, {"type": "Feature", "geometry": {"type": "Polygon", "coordinates": [[[126.93076058, 37.56278188], [126.93067551, 37.56285689], [126.93071464, 37.56288557], [126.9308005, 37.56281264], [126.93076058, 37.56278188]]]}, "properties": {"name": "연희동 344-32", "status": "full", "capacity": 2, "active": 2, "industry": "기타 간이", "vacancy_rate": 0.0, "vacancy_rate_lo": 0.0, "vacancy_rate_hi": 50.0, "stores": 2, "source": "stores+ledger", "capacity_method": "floor_ouln", "active_pip": 0, "licensed": 1, "com_floors": [1, 2], "occ_floors": [1], "unknown_n": 1, "id": "1141011700103440032-1", "pnu": "1141011700103440032", "floors": 5, "height": 15.3}}, {"type": "Feature", "geometry": {"type": "Polygon", "coordinates": [[[126.93111477, 37.56311078], [126.93104466, 37.56317056], [126.93095867, 37.56325043], [126.93103231, 37.56330011], [126.93105972, 37.56328166], [126.93113108, 37.56321818], [126.93114479, 37.56320251], [126.93115818, 37.56316621], [126.93113027, 37.56311916], [126.93111477, 37.56311078]]]}, "properties": {"name": "좌측", "status": "full", "capacity": 2, "active": 2, "industry": "장식품 소매", "vacancy_rate": 0.0, "vacancy_rate_lo": 0.0, "vacancy_rate_hi": 50.0, "stores": 2, "source": "stores+ledger", "capacity_method": "floor_ouln", "active_pip": 0, "licensed": 1, "com_floors": [1, 2], "occ_floors": [1], "unknown_n": 1, "id": "1141011700103410001-1", "pnu": "1141011700103410001", "floors": 3, "height": 0.0}}, {"type": "Feature", "geometry": {"type": "Polygon", "coordinates": [[[126.93050498, 37.56307024], [126.93044693, 37.56304182], [126.93044353, 37.56304803], [126.93037428, 37.56301943], [126.930325, 37.56307896], [126.93033642, 37.56308536], [126.93043067, 37.56313155], [126.93048345, 37.56308932], [126.93050498, 37.56307024]]]}, "properties": {"name": "연희동 344-42", "status": "empty", "capacity": 5, "active": 0, "industry": "", "vacancy_rate": 100.0, "source": "polygon_only", "capacity_method": "floor_approx", "active_pip": 0, "licensed": 0, "id": "1141011700103440042-1", "pnu": "1141011700103440042", "floors": 5, "height": 0.0}}, {"type": "Feature", "geometry": {"type": "Polygon", "coordinates": [[[126.93026657, 37.56321444], [126.93023988, 37.56320866], [126.93020498, 37.56324107], [126.93020226, 37.5632434], [126.93019785, 37.56324737], [126.93017348, 37.56327574], [126.93023559, 37.56331524], [126.93031524, 37.563235], [126.93027337, 37.56321975], [126.93026657, 37.56321444]]]}, "properties": {"name": "연희동 334-42", "status": "empty", "capacity": 4, "active": 0, "industry": "", "vacancy_rate": 100.0, "source": "polygon_only", "capacity_method": "floor_approx", "active_pip": 0, "licensed": 0, "id": "1141011700103340042-1", "pnu": "1141011700103340042", "floors": 4, "height": 0.0}}, {"type": "Feature", "geometry": {"type": "Polygon", "coordinates": [[[126.93059043, 37.56377357], [126.93067778, 37.56379323], [126.93068525, 37.56377239], [126.93071357, 37.56377875], [126.93076419, 37.56363622], [126.93074781, 37.56363254], [126.93075151, 37.5636221], [126.93067509, 37.56360491], [126.93067138, 37.56361533], [126.93062037, 37.56360386], [126.93056945, 37.56374632], [126.93059784, 37.56375272], [126.93059043, 37.56377357]]]}, "properties": {"name": "연희동 344-17", "status": "high", "capacity": 5, "active": 1, "industry": "일반 교육", "vacancy_rate": 80.0, "vacancy_rate_lo": 80.0, "vacancy_rate_hi": 100.0, "stores": 1, "source": "stores+ledger", "capacity_method": "floor_ouln", "active_pip": 0, "licensed": 0, "com_floors": [1, 2, 3, 4, 5], "occ_floors": [], "unknown_n": 1, "id": "1141011700103440017-1", "pnu": "1141011700103440017", "floors": 6, "height": 20.3}}, {"type": "Feature", "geometry": {"type": "Polygon", "coordinates": [[[126.93121385, 37.56318409], [126.93120785, 37.56318814], [126.93122402, 37.56320067], [126.93123308, 37.5631941], [126.93132982, 37.56310955], [126.93126175, 37.56304635], [126.9311521, 37.56313693], [126.93116443, 37.56314675], [126.93121385, 37.56318409]]]}, "properties": {"name": "명칭없음", "status": "partial", "capacity": 4, "active": 2, "industry": "세탁", "vacancy_rate": 50.0, "vacancy_rate_lo": null, "vacancy_rate_hi": null, "stores": 2, "source": "stores+ledger", "capacity_method": "expos_units", "active_pip": 0, "licensed": 2, "com_floors": null, "occ_floors": null, "unknown_n": null, "id": "1141011700103440026-1", "pnu": "1141011700103440026", "floors": 5, "height": 15.58}}, {"type": "Feature", "geometry": {"type": "Polygon", "coordinates": [[[126.9295327, 37.56536215], [126.92948469, 37.56538492], [126.92950086, 37.56540304], [126.92953274, 37.56544811], [126.92952368, 37.56545098], [126.92951801, 37.56545423], [126.92963072, 37.56560567], [126.92971532, 37.5655657], [126.92959978, 37.56541319], [126.92956314, 37.5653728], [126.92955793, 37.56537505], [126.9295327, 37.56536215]]]}, "properties": {"name": "한영빌딩", "status": "full", "capacity": 4, "active": 4, "industry": "의원", "vacancy_rate": 0.0, "vacancy_rate_lo": 0.0, "vacancy_rate_hi": 25.0, "stores": 5, "source": "stores+ledger", "capacity_method": "floor_ouln", "active_pip": 0, "licensed": 1, "com_floors": [1, 2, 3, 4], "occ_floors": [1, 2, 4], "unknown_n": 1, "id": "1141011700101930001-2", "pnu": "1141011700101930001", "floors": 4, "height": 13.15}}, {"type": "Feature", "geometry": {"type": "Polygon", "coordinates": [[[126.93234757, 37.56499385], [126.93234958, 37.56491051], [126.93227827, 37.5649038], [126.93227714, 37.56491056], [126.93221511, 37.56490926], [126.93220394, 37.56498963], [126.93234757, 37.56499385]]]}, "properties": {"name": "연희동 313-1", "status": "empty", "capacity": 5, "active": 0, "industry": "", "vacancy_rate": 100.0, "source": "polygon_only", "capacity_method": "floor_approx", "active_pip": 0, "licensed": 0, "id": "1141011700103130001-1", "pnu": "1141011700103130001", "floors": 5, "height": 14.3}}, {"type": "Feature", "geometry": {"type": "Polygon", "coordinates": [[[126.93236274, 37.56525082], [126.93233264, 37.56524594], [126.93233736, 37.5652846], [126.93239022, 37.5652757], [126.93236274, 37.56525082]]]}, "properties": {"name": "연희동 292-1", "status": "full", "capacity": 1, "active": 1, "industry": "비알코올 ", "vacancy_rate": 0.0, "vacancy_rate_lo": 0.0, "vacancy_rate_hi": 0.0, "stores": 1, "source": "stores+ledger", "capacity_method": "floor_ouln", "active_pip": 0, "licensed": 1, "com_floors": [1], "occ_floors": [1], "unknown_n": 0, "id": "1141011700102920001-1", "pnu": "1141011700102920001", "floors": 0, "height": 0.0}}, {"type": "Feature", "geometry": {"type": "Polygon", "coordinates": [[[126.93240751, 37.56567612], [126.93254798, 37.56555213], [126.93246744, 37.56549451], [126.93237739, 37.56557032], [126.93235759, 37.56555599], [126.93230617, 37.56559948], [126.93240751, 37.56567612]]]}, "properties": {"name": "라온제나", "status": "full", "capacity": 2, "active": 2, "industry": "한식", "vacancy_rate": 0.0, "vacancy_rate_lo": null, "vacancy_rate_hi": null, "stores": 2, "source": "stores+ledger", "capacity_method": "expos_units", "active_pip": 0, "licensed": 1, "com_floors": null, "occ_floors": null, "unknown_n": null, "id": "1141011700103050006-1", "pnu": "1141011700103050006", "floors": 4, "height": 10.88}}, {"type": "Feature", "geometry": {"type": "Polygon", "coordinates": [[[126.93279385, 37.56654382], [126.93276346, 37.5664692], [126.93273832, 37.56647648], [126.93272568, 37.56644593], [126.93263918, 37.56646462], [126.93261224, 37.56647064], [126.93266295, 37.56659429], [126.93267132, 37.56659186], [126.93276994, 37.56656858], [126.93276327, 37.56655236], [126.93279385, 37.56654382]]]}, "properties": {"name": "연희동 302-5", "status": "empty", "capacity": 5, "active": 0, "industry": "", "vacancy_rate": 100.0, "source": "polygon_only", "capacity_method": "floor_approx", "active_pip": 0, "licensed": 0, "id": "1141011700103020005-1", "pnu": "1141011700103020005", "floors": 5, "height": 14.75}}, {"type": "Feature", "geometry": {"type": "Polygon", "coordinates": [[[126.93262532, 37.56463658], [126.93261904, 37.56470002], [126.93271989, 37.56470358], [126.93272855, 37.5646407], [126.93262532, 37.56463658]]]}, "properties": {"name": "연희동 309-21", "status": "empty", "capacity": 3, "active": 0, "industry": "", "vacancy_rate": 100.0, "source": "polygon_only", "capacity_method": "floor_approx", "active_pip": 0, "licensed": 0, "id": "1141011700103090021-1", "pnu": "1141011700103090021", "floors": 3, "height": 9.8}}, {"type": "Feature", "geometry": {"type": "Polygon", "coordinates": [[[126.93244104, 37.56602401], [126.93244059, 37.56602924], [126.93243727, 37.56606221], [126.93236722, 37.56605469], [126.93231999, 37.56608224], [126.93225647, 37.56611121], [126.93225941, 37.56611473], [126.93224559, 37.56611706], [126.93225339, 37.56613716], [126.93215625, 37.5661618], [126.93219907, 37.56626065], [126.93244122, 37.56620556], [126.93244388, 37.56613835], [126.93245203, 37.56613574], [126.93246662, 37.5660288], [126.93245859, 37.566027], [126.93244104, 37.56602401]]]}, "properties": {"name": "연희동 301-1", "status": "empty", "capacity": 5, "active": 0, "industry": "", "vacancy_rate": 100.0, "source": "polygon_only", "capacity_method": "floor_approx", "active_pip": 0, "licensed": 0, "id": "1141011700103010001-1", "pnu": "1141011700103010001", "floors": 5, "height": 0.0}}, {"type": "Feature", "geometry": {"type": "Polygon", "coordinates": [[[126.93221006, 37.56557142], [126.93217212, 37.56561523], [126.93215709, 37.5657043], [126.9322315, 37.56574513], [126.93232655, 37.56563532], [126.93221006, 37.56557142]]]}, "properties": {"name": "연희동 305-5", "status": "high", "capacity": 4, "active": 1, "industry": "", "vacancy_rate": 75.0, "source": "pip_only", "capacity_method": "floor_approx", "active_pip": 0, "licensed": 1, "id": "1141011700103050005-1", "pnu": "1141011700103050005", "floors": 4, "height": 11.46}}, {"type": "Feature", "geometry": {"type": "Polygon", "coordinates": [[[126.93247978, 37.5671255], [126.93236703, 37.56713967], [126.93238124, 37.56719933], [126.93249217, 37.56718534], [126.93247978, 37.5671255]]]}, "properties": {"name": "그린하우스", "status": "full", "capacity": 1, "active": 1, "industry": "섬유·의복·신발 소매", "vacancy_rate": 0.0, "vacancy_rate_lo": 0.0, "vacancy_rate_hi": 100.0, "stores": 1, "source": "stores+ledger", "capacity_method": "floor_ouln", "active_pip": 0, "licensed": 0, "com_floors": [1], "occ_floors": [], "unknown_n": 1, "id": "1141011700101360035-1", "pnu": "1141011700101360035", "floors": 4, "height": 12.55}}, {"type": "Feature", "geometry": {"type": "Polygon", "coordinates": [[[126.93442468, 37.56707182], [126.93455689, 37.56706892], [126.93455501, 37.567009], [126.93450973, 37.56701105], [126.93450612, 37.5669997], [126.9344193, 37.56700505], [126.93442468, 37.56707182]]]}, "properties": {"name": "연희동 45-9", "status": "empty", "capacity": 2, "active": 0, "industry": "", "vacancy_rate": 100.0, "source": "polygon_only", "capacity_method": "floor_approx", "active_pip": 0, "licensed": 0, "id": "1141011700100450009-1", "pnu": "1141011700100450009", "floors": 2, "height": 6.7}}, {"type": "Feature", "geometry": {"type": "Polygon", "coordinates": [[[126.93294452, 37.5666486], [126.93277142, 37.56669067], [126.93282572, 37.56684801], [126.9329995, 37.56680775], [126.93294452, 37.5666486]]]}, "properties": {"name": "연희동 237-14", "status": "empty", "capacity": 6, "active": 0, "industry": "", "vacancy_rate": 100.0, "source": "polygon_only", "capacity_method": "floor_approx", "active_pip": 0, "licensed": 0, "id": "1141011700102370014-1", "pnu": "1141011700102370014", "floors": 6, "height": 17.4}}, {"type": "Feature", "geometry": {"type": "Polygon", "coordinates": [[[126.93333478, 37.56540202], [126.93321808, 37.56553341], [126.93334038, 37.56559664], [126.93339069, 37.56553405], [126.93337496, 37.56552521], [126.93338731, 37.56551215], [126.9334027, 37.56551811], [126.93345199, 37.56546147], [126.93333478, 37.56540202]]]}, "properties": {"name": "명칭없음", "status": "full", "capacity": 1, "active": 1, "industry": "일반 교육", "vacancy_rate": 0.0, "vacancy_rate_lo": null, "vacancy_rate_hi": null, "stores": 1, "source": "stores+ledger", "capacity_method": "expos_units", "active_pip": 0, "licensed": 0, "com_floors": null, "occ_floors": null, "unknown_n": null, "id": "1141011700100420013-1", "pnu": "1141011700100420013", "floors": 4, "height": 12.32}}, {"type": "Feature", "geometry": {"type": "Polygon", "coordinates": [[[126.93289252, 37.56644324], [126.9328238, 37.56646113], [126.93282933, 37.56647185], [126.93279152, 37.56648183], [126.93281761, 37.56654383], [126.93282406, 37.5665414], [126.93283468, 37.56656222], [126.93292233, 37.56653705], [126.93297485, 37.56652185], [126.93297089, 37.5665132], [126.93297781, 37.56651148], [126.93298505, 37.56650942], [126.93297015, 37.56646211], [126.93296268, 37.56646157], [126.93294224, 37.56641218], [126.93292231, 37.56641704], [126.93288971, 37.56642504], [126.93289377, 37.56643315], [126.93288845, 37.56643422], [126.93289252, 37.56644324]]]}, "properties": {"name": "글랜우드", "status": "full", "capacity": 2, "active": 2, "industry": "기타 교육", "vacancy_rate": 0.0, "vacancy_rate_lo": null, "vacancy_rate_hi": null, "stores": 2, "source": "stores+ledger", "capacity_method": "expos_units", "active_pip": 0, "licensed": 0, "com_floors": null, "occ_floors": null, "unknown_n": null, "id": "1141011700103020001-1", "pnu": "1141011700103020001", "floors": 6, "height": 17.3}}, {"type": "Feature", "geometry": {"type": "Polygon", "coordinates": [[[126.93239564, 37.56528913], [126.93240142, 37.56528598], [126.9323909, 37.56527634], [126.93233453, 37.56528639], [126.93234309, 37.5653237], [126.93233221, 37.56533802], [126.93232722, 37.56535532], [126.93233333, 37.56535803], [126.9323221, 37.56538163], [126.93235705, 37.56540993], [126.93241017, 37.56537285], [126.93240779, 37.56536897], [126.93242297, 37.56535888], [126.93242037, 37.56535303], [126.93244427, 37.56533799], [126.93239564, 37.56528913]]]}, "properties": {"name": "연희동 292-1", "status": "full", "capacity": 1, "active": 1, "industry": "비알코올 ", "vacancy_rate": 0.0, "vacancy_rate_lo": 0.0, "vacancy_rate_hi": 0.0, "stores": 1, "source": "stores+ledger", "capacity_method": "floor_ouln", "active_pip": 0, "licensed": 1, "com_floors": [1], "occ_floors": [1], "unknown_n": 0, "id": "1141011700102920001-2", "pnu": "1141011700102920001", "floors": 2, "height": 0.0}}, {"type": "Feature", "geometry": {"type": "Polygon", "coordinates": [[[126.93223765, 37.56639655], [126.93221665, 37.56633734], [126.93216514, 37.5663501], [126.93216614, 37.56635308], [126.93207739, 37.56637502], [126.93218963, 37.56666727], [126.93219234, 37.56667845], [126.93224742, 37.56672118], [126.93228149, 37.56671958], [126.93236278, 37.56670467], [126.93235736, 37.56669052], [126.9323182, 37.5665677], [126.93229997, 37.56657084], [126.93223765, 37.56639655]]]}, "properties": {"name": "연희동 301-1", "status": "empty", "capacity": 3, "active": 0, "industry": "", "vacancy_rate": 100.0, "source": "polygon_only", "capacity_method": "floor_approx", "active_pip": 0, "licensed": 0, "id": "1141011700103010001-2", "pnu": "1141011700103010001", "floors": 3, "height": 10.9}}, {"type": "Feature", "geometry": {"type": "Polygon", "coordinates": [[[126.93212147, 37.567198], [126.93234345, 37.56717588], [126.93231539, 37.56703954], [126.93210178, 37.5670651], [126.93211384, 37.56712475], [126.93211101, 37.56712502], [126.93212147, 37.567198]]]}, "properties": {"name": "네오스페이스", "status": "partial", "capacity": 2, "active": 1, "industry": "기타 숙박", "vacancy_rate": 50.0, "vacancy_rate_lo": null, "vacancy_rate_hi": null, "stores": 1, "source": "stores+ledger", "capacity_method": "expos_units", "active_pip": 0, "licensed": 0, "com_floors": null, "occ_floors": null, "unknown_n": null, "id": "1141011700101360029-1", "pnu": "1141011700101360029", "floors": 6, "height": 17.6}}, {"type": "Feature", "geometry": {"type": "Polygon", "coordinates": [[[126.93475229, 37.56709702], [126.93497882, 37.56708413], [126.93497396, 37.56703003], [126.93474742, 37.56704293], [126.93475229, 37.56709702]]]}, "properties": {"name": "연희동 51-72", "status": "empty", "capacity": 4, "active": 0, "industry": "", "vacancy_rate": 100.0, "source": "polygon_only", "capacity_method": "floor_approx", "active_pip": 0, "licensed": 0, "id": "1141011700100510072-1", "pnu": "1141011700100510072", "floors": 4, "height": 11.8}}, {"type": "Feature", "geometry": {"type": "Polygon", "coordinates": [[[126.93251438, 37.56501506], [126.93265655, 37.56504073], [126.93266555, 37.56500915], [126.93265894, 37.56500795], [126.93267194, 37.56496233], [126.93252977, 37.56493665], [126.93251677, 37.56498227], [126.93252337, 37.56498347], [126.93251438, 37.56501506]]]}, "properties": {"name": "연희동 309-4", "status": "full", "capacity": 1, "active": 1, "industry": "중식", "vacancy_rate": 0.0, "vacancy_rate_lo": 0.0, "vacancy_rate_hi": 0.0, "stores": 1, "source": "stores+ledger", "capacity_method": "floor_ouln", "active_pip": 0, "licensed": 1, "com_floors": [1], "occ_floors": [1], "unknown_n": 0, "id": "1141011700103090004-1", "pnu": "1141011700103090004", "floors": 4, "height": 11.7}}, {"type": "Feature", "geometry": {"type": "Polygon", "coordinates": [[[126.93221627, 37.56536171], [126.93230647, 37.56535701], [126.93230519, 37.56534138], [126.93232377, 37.56532712], [126.93232094, 37.56529249], [126.93233135, 37.56529196], [126.93232796, 37.56525053], [126.93228748, 37.56525262], [126.93228613, 37.56523605], [126.93225837, 37.5652375], [126.93225793, 37.56523197], [126.93220588, 37.56523466], [126.93221627, 37.56536171]]]}, "properties": {"name": "연희동 292-11", "status": "empty", "capacity": 5, "active": 0, "industry": "", "vacancy_rate": 100.0, "source": "polygon_only", "capacity_method": "floor_approx", "active_pip": 0, "licensed": 0, "id": "1141011700102920011-1", "pnu": "1141011700102920011", "floors": 5, "height": 12.98}}, {"type": "Feature", "geometry": {"type": "Polygon", "coordinates": [[[126.93238767, 37.56458266], [126.93242912, 37.56455737], [126.93239148, 37.56452113], [126.9322439, 37.56462492], [126.93234418, 37.5647522], [126.93238076, 37.56472159], [126.93238242, 37.56463086], [126.93240814, 37.56461313], [126.93238123, 37.56458725], [126.9323878, 37.56458293], [126.93238767, 37.56458266]]]}, "properties": {"name": "연희동 309-18", "status": "empty", "capacity": 4, "active": 0, "industry": "", "vacancy_rate": 100.0, "source": "polygon_only", "capacity_method": "floor_approx", "active_pip": 0, "licensed": 0, "id": "1141011700103090018-1", "pnu": "1141011700103090018", "floors": 4, "height": 12.0}}, {"type": "Feature", "geometry": {"type": "Polygon", "coordinates": [[[126.93244639, 37.56462512], [126.93244628, 37.56462036], [126.93240405, 37.56461826], [126.9323971, 37.56467673], [126.93240254, 37.56467845], [126.93239183, 37.56475043], [126.93248577, 37.56475769], [126.93249653, 37.56462913], [126.93244639, 37.56462512]]]}, "properties": {"name": "연희동 309-25", "status": "empty", "capacity": 4, "active": 0, "industry": "", "vacancy_rate": 100.0, "source": "polygon_only", "capacity_method": "floor_approx", "active_pip": 0, "licensed": 0, "id": "1141011700103090025-1", "pnu": "1141011700103090025", "floors": 4, "height": 12.0}}, {"type": "Feature", "geometry": {"type": "Polygon", "coordinates": [[[126.93232448, 37.56374614], [126.93223827, 37.56383105], [126.93226927, 37.56385143], [126.9322627, 37.56385638], [126.93234007, 37.56390193], [126.93238901, 37.5638533], [126.9323751, 37.56384519], [126.93239549, 37.56382213], [126.93238045, 37.56381465], [126.93240412, 37.56379376], [126.93232448, 37.56374614]]]}, "properties": {"name": "연희동 340-10", "status": "empty", "capacity": 3, "active": 0, "industry": "", "vacancy_rate": 100.0, "source": "polygon_only", "capacity_method": "floor_approx", "active_pip": 0, "licensed": 0, "id": "1141011700103400010-1", "pnu": "1141011700103400010", "floors": 3, "height": 9.7}}, {"type": "Feature", "geometry": {"type": "Polygon", "coordinates": [[[126.93346124, 37.56383463], [126.93353654, 37.56379944], [126.93348862, 37.56372256], [126.93342465, 37.56375027], [126.93342917, 37.56376199], [126.93341592, 37.56376749], [126.93346124, 37.56383463]]]}, "properties": {"name": "연희동 28", "status": "full", "capacity": 1, "active": 1, "industry": "기타 간이", "vacancy_rate": 0.0, "vacancy_rate_lo": 0.0, "vacancy_rate_hi": 0.0, "stores": 1, "source": "stores+ledger", "capacity_method": "floor_ouln", "active_pip": 0, "licensed": 1, "com_floors": [1], "occ_floors": [1], "unknown_n": 0, "id": "1141011700100280000-1", "pnu": "1141011700100280000", "floors": 1, "height": 3.5}}, {"type": "Feature", "geometry": {"type": "Polygon", "coordinates": [[[126.93359891, 37.56367929], [126.93351749, 37.56372312], [126.93357434, 37.56381325], [126.93364986, 37.5637777], [126.93359891, 37.56367929]]]}, "properties": {"name": "연희동 28-1", "status": "full", "capacity": 1, "active": 1, "industry": "기타 간이", "vacancy_rate": 0.0, "vacancy_rate_lo": 0.0, "vacancy_rate_hi": 100.0, "stores": 2, "source": "stores+ledger", "capacity_method": "floor_ouln", "active_pip": 0, "licensed": 2, "com_floors": [1], "occ_floors": [], "unknown_n": 1, "id": "1141011700100280001-1", "pnu": "1141011700100280001", "floors": 1, "height": 0.0}}, {"type": "Feature", "geometry": {"type": "Polygon", "coordinates": [[[126.93386763, 37.5640447], [126.93365845, 37.56405386], [126.93366098, 37.56413199], [126.93387231, 37.56412318], [126.93386763, 37.5640447]]]}, "properties": {"name": "연희동 30-24", "status": "empty", "capacity": 3, "active": 0, "industry": "", "vacancy_rate": 100.0, "source": "polygon_only", "capacity_method": "floor_approx", "active_pip": 0, "licensed": 0, "id": "1141011700100300024-1", "pnu": "1141011700100300024", "floors": 3, "height": 0.0}}, {"type": "Feature", "geometry": {"type": "Polygon", "coordinates": [[[126.93273461, 37.56444636], [126.93272811, 37.56449555], [126.93278084, 37.56451558], [126.93280715, 37.56445018], [126.93273461, 37.56444636]]]}, "properties": {"name": "연희동 310-2", "status": "full", "capacity": 1, "active": 1, "industry": "한식", "vacancy_rate": 0.0, "vacancy_rate_lo": 0.0, "vacancy_rate_hi": 0.0, "stores": 1, "source": "stores+ledger", "capacity_method": "floor_ouln", "active_pip": 0, "licensed": 1, "com_floors": [1], "occ_floors": [1], "unknown_n": 0, "id": "1141011700103100002-1", "pnu": "1141011700103100002", "floors": 3, "height": 6.2}}, {"type": "Feature", "geometry": {"type": "Polygon", "coordinates": [[[126.93291688, 37.56402515], [126.93285841, 37.5640953], [126.93295299, 37.56413563], [126.93294869, 37.56414051], [126.93298897, 37.56415728], [126.93306829, 37.56405209], [126.93298729, 37.56400609], [126.93296395, 37.56403707], [126.93294607, 37.56402914], [126.93294143, 37.56403508], [126.93291688, 37.56402515]]]}, "properties": {"name": "서문빌리지", "status": "full", "capacity": 2, "active": 2, "industry": "중식", "vacancy_rate": 0.0, "vacancy_rate_lo": null, "vacancy_rate_hi": null, "stores": 2, "source": "stores+ledger", "capacity_method": "expos_units", "active_pip": 0, "licensed": 1, "com_floors": null, "occ_floors": null, "unknown_n": null, "id": "1141011700100290000-1", "pnu": "1141011700100290000", "floors": 5, "height": 15.38}}, {"type": "Feature", "geometry": {"type": "Polygon", "coordinates": [[[126.93237015, 37.56419549], [126.93247491, 37.56424889], [126.93252082, 37.56416674], [126.93249786, 37.5641552], [126.93244797, 37.56412985], [126.93237015, 37.56419549]]]}, "properties": {"name": "연희동 339-64", "status": "empty", "capacity": 5, "active": 0, "industry": "", "vacancy_rate": 100.0, "source": "polygon_only", "capacity_method": "floor_approx", "active_pip": 0, "licensed": 0, "id": "1141011700103390064-1", "pnu": "1141011700103390064", "floors": 5, "height": 14.5}}, {"type": "Feature", "geometry": {"type": "Polygon", "coordinates": [[[126.93333745, 37.56367319], [126.93338497, 37.56369511], [126.93337579, 37.56371033], [126.93334648, 37.56369977], [126.93332472, 37.56373697], [126.9333487, 37.56375393], [126.93339837, 37.56377738], [126.93345413, 37.5636901], [126.93343898, 37.5636719], [126.93335548, 37.56364176], [126.93333745, 37.56367319]]]}, "properties": {"name": "연희동 28-11", "status": "full", "capacity": 2, "active": 2, "industry": "일식", "vacancy_rate": 0.0, "vacancy_rate_lo": 0.0, "vacancy_rate_hi": 50.0, "stores": 2, "source": "stores+ledger", "capacity_method": "floor_ouln", "active_pip": 0, "licensed": 1, "com_floors": [1, 2], "occ_floors": [2], "unknown_n": 1, "id": "1141011700100280011-1", "pnu": "1141011700100280011", "floors": 2, "height": 7.4}}, {"type": "Feature", "geometry": {"type": "Polygon", "coordinates": [[[126.93271466, 37.56460068], [126.93274048, 37.56459061], [126.93275252, 37.56453791], [126.9326716, 37.56452885], [126.93261476, 37.56455197], [126.93260646, 37.56459269], [126.93271466, 37.56460068]]]}, "properties": {"name": "연희동 310-1", "status": "empty", "capacity": 4, "active": 0, "industry": "", "vacancy_rate": 100.0, "source": "polygon_only", "capacity_method": "floor_approx", "active_pip": 0, "licensed": 0, "id": "1141011700103100001-1", "pnu": "1141011700103100001", "floors": 4, "height": 10.2}}, {"type": "Feature", "geometry": {"type": "Polygon", "coordinates": [[[126.93334818, 37.56395143], [126.93338955, 37.56401119], [126.93343258, 37.56398653], [126.93346794, 37.56394078], [126.93343266, 37.56390273], [126.93334818, 37.56395143]]]}, "properties": {"name": "연희동 30", "status": "full", "capacity": 1, "active": 1, "industry": "한식", "vacancy_rate": 0.0, "vacancy_rate_lo": 0.0, "vacancy_rate_hi": 100.0, "stores": 1, "source": "stores+ledger", "capacity_method": "floor_ouln", "active_pip": 0, "licensed": 1, "com_floors": [1], "occ_floors": [], "unknown_n": 1, "id": "1141011700100300000-1", "pnu": "1141011700100300000", "floors": 3, "height": 8.7}}, {"type": "Feature", "geometry": {"type": "Polygon", "coordinates": [[[126.93348294, 37.56400151], [126.93342166, 37.56404626], [126.93349879, 37.56412577], [126.93355453, 37.56407372], [126.93348294, 37.56400151]]]}, "properties": {"name": "연희동 30-12", "status": "empty", "capacity": 4, "active": 0, "industry": "", "vacancy_rate": 100.0, "source": "polygon_only", "capacity_method": "floor_approx", "active_pip": 0, "licensed": 0, "id": "1141011700100300012-1", "pnu": "1141011700100300012", "floors": 4, "height": 10.2}}, {"type": "Feature", "geometry": {"type": "Polygon", "coordinates": [[[126.93237191, 37.56391876], [126.93244663, 37.5640215], [126.93249755, 37.56399803], [126.93248328, 37.56397842], [126.93250581, 37.56396803], [126.93249833, 37.56395777], [126.9325577, 37.5639304], [126.93254147, 37.56390807], [126.93243993, 37.56388742], [126.93237191, 37.56391876]]]}, "properties": {"name": "연희동 339-21", "status": "empty", "capacity": 5, "active": 0, "industry": "", "vacancy_rate": 100.0, "source": "polygon_only", "capacity_method": "floor_approx", "active_pip": 0, "licensed": 0, "id": "1141011700103390021-1", "pnu": "1141011700103390021", "floors": 5, "height": 15.56}}, {"type": "Feature", "geometry": {"type": "Polygon", "coordinates": [[[126.93366818, 37.56456239], [126.93394977, 37.5643327], [126.93392448, 37.56413402], [126.93371031, 37.56415498], [126.93376287, 37.56424016], [126.9335208, 37.56444752], [126.93366818, 37.56456239]]]}, "properties": {"name": "연희동 30-2", "status": "empty", "capacity": 3, "active": 0, "industry": "", "vacancy_rate": 100.0, "source": "polygon_only", "capacity_method": "floor_approx", "active_pip": 0, "licensed": 0, "id": "1141011700100300002-1", "pnu": "1141011700100300002", "floors": 3, "height": 10.9}}, {"type": "Feature", "geometry": {"type": "Polygon", "coordinates": [[[126.92818241, 37.57109284], [126.92813141, 37.57115417], [126.92824116, 37.57121361], [126.92824682, 37.57120722], [126.92829739, 37.57123293], [126.92835745, 37.57116331], [126.92830236, 37.57113301], [126.92830553, 37.57112698], [126.92821989, 37.57108107], [126.92820164, 37.57110178], [126.92818241, 37.57109284]]]}, "properties": {"name": "연희동 109-14", "status": "empty", "capacity": 2, "active": 0, "industry": "", "vacancy_rate": 100.0, "source": "polygon_only", "capacity_method": "floor_approx", "active_pip": 0, "licensed": 0, "id": "1141011700101090014-1", "pnu": "1141011700101090014", "floors": 2, "height": 8.5}}, {"type": "Feature", "geometry": {"type": "Polygon", "coordinates": [[[126.92891549, 37.56814943], [126.92894546, 37.5681243], [126.92889696, 37.56808583], [126.9288654, 37.56811103], [126.92899205, 37.56821057], [126.92903743, 37.56817374], [126.92903921, 37.56817674], [126.92907717, 37.56814644], [126.92907476, 37.56814453], [126.92910353, 37.56812155], [126.92902376, 37.56805826], [126.92898021, 37.56809304], [126.92899704, 37.5681064], [126.92892912, 37.56816064], [126.92891549, 37.56814943]]]}, "properties": {"name": "신관1", "status": "full", "capacity": 2, "active": 2, "industry": "비알코올 ", "vacancy_rate": 0.0, "vacancy_rate_lo": 0.0, "vacancy_rate_hi": 0.0, "stores": 3, "source": "stores+ledger", "capacity_method": "floor_ouln", "active_pip": 0, "licensed": 3, "com_floors": [1, 2], "occ_floors": [1, 2], "unknown_n": 0, "id": "1141011700101290006-1", "pnu": "1141011700101290006", "floors": 2, "height": 0.0}}, {"type": "Feature", "geometry": {"type": "Polygon", "coordinates": [[[126.93055511, 37.56819072], [126.93058039, 37.56815758], [126.93057744, 37.56815567], [126.93062482, 37.56809597], [126.9305438, 37.56805411], [126.93046845, 37.56814363], [126.93055511, 37.56819072]]]}, "properties": {"name": "연희동 132-30", "status": "empty", "capacity": 2, "active": 0, "industry": "", "vacancy_rate": 100.0, "source": "polygon_only", "capacity_method": "floor_approx", "active_pip": 0, "licensed": 0, "id": "1141011700101320030-1", "pnu": "1141011700101320030", "floors": 2, "height": 6.9}}, {"type": "Feature", "geometry": {"type": "Polygon", "coordinates": [[[126.92851953, 37.5672886], [126.9285047, 37.56727796], [126.92841704, 37.56734548], [126.92843276, 37.56735801], [126.92842347, 37.56736458], [126.92850886, 37.56743635], [126.92851939, 37.56743095], [126.92853138, 37.56744114], [126.92861463, 37.56738074], [126.92861736, 37.56736867], [126.92860673, 37.56735965], [126.92860435, 37.5673619], [126.92851782, 37.56728986], [126.92851953, 37.5672886]]]}, "properties": {"name": "연희동 128-3", "status": "full", "capacity": 2, "active": 2, "industry": "의약·화장품 소매", "vacancy_rate": 0.0, "vacancy_rate_lo": 0.0, "vacancy_rate_hi": 50.0, "stores": 2, "source": "stores+ledger", "capacity_method": "floor_ouln", "active_pip": 0, "licensed": 1, "com_floors": [1, 2], "occ_floors": [1], "unknown_n": 1, "id": "1141011700101280003-1", "pnu": "1141011700101280003", "floors": 2, "height": 6.38}}, {"type": "Feature", "geometry": {"type": "Polygon", "coordinates": [[[126.92723035, 37.56756414], [126.92722959, 37.56752801], [126.92722785, 37.56745945], [126.92714827, 37.5674612], [126.92714826, 37.56747075], [126.92706982, 37.56747439], [126.92707221, 37.56757089], [126.92723035, 37.56756414]]]}, "properties": {"name": "연희동 433-28", "status": "empty", "capacity": 2, "active": 0, "industry": "", "vacancy_rate": 100.0, "source": "polygon_only", "capacity_method": "floor_approx", "active_pip": 0, "licensed": 0, "id": "1141011700104330028-1", "pnu": "1141011700104330028", "floors": 2, "height": 10.55}}, {"type": "Feature", "geometry": {"type": "Polygon", "coordinates": [[[126.92949818, 37.56764643], [126.9293465, 37.5677686], [126.92943053, 37.56783578], [126.92958278, 37.56771207], [126.92949818, 37.56764643]]]}, "properties": {"name": "명칭없음", "status": "high", "capacity": 4, "active": 1, "industry": "섬유·의복·신발 소매", "vacancy_rate": 75.0, "vacancy_rate_lo": null, "vacancy_rate_hi": null, "stores": 1, "source": "stores+ledger", "capacity_method": "expos_units", "active_pip": 0, "licensed": 1, "com_floors": null, "occ_floors": null, "unknown_n": null, "id": "1141011700101300003-1", "pnu": "1141011700101300003", "floors": 2, "height": 0.0}}, {"type": "Feature", "geometry": {"type": "Polygon", "coordinates": [[[126.92837131, 37.56757187], [126.92844268, 37.56751434], [126.9283652, 37.56745302], [126.9283822, 37.56743898], [126.92834046, 37.56740643], [126.92823602, 37.56748682], [126.92834448, 37.56757455], [126.92835921, 37.56756501], [126.92835932, 37.56756474], [126.92837131, 37.56757187]]]}, "properties": {"name": "연희동 128-25", "status": "full", "capacity": 2, "active": 2, "industry": "섬유·의복·신발 소매", "vacancy_rate": 0.0, "vacancy_rate_lo": 0.0, "vacancy_rate_hi": 0.0, "stores": 2, "source": "stores+ledger", "capacity_method": "floor_ouln", "active_pip": 0, "licensed": 2, "com_floors": [1, 2], "occ_floors": [1, 2], "unknown_n": 0, "id": "1141011700101280025-1", "pnu": "1141011700101280025", "floors": 2, "height": 9.89}}, {"type": "Feature", "geometry": {"type": "Polygon", "coordinates": [[[126.92866864, 37.56759998], [126.92875371, 37.56753318], [126.9286742, 37.56746898], [126.92868167, 37.5674634], [126.92864446, 37.56743463], [126.92854954, 37.56750801], [126.92866864, 37.56759998]]]}, "properties": {"name": "오른쪽상가", "status": "full", "capacity": 1, "active": 1, "industry": "섬유·의복·신발 소매", "vacancy_rate": 0.0, "vacancy_rate_lo": 0.0, "vacancy_rate_hi": 0.0, "stores": 1, "source": "stores+ledger", "capacity_method": "floor_ouln", "active_pip": 0, "licensed": 0, "com_floors": [1], "occ_floors": [1], "unknown_n": 0, "id": "1141011700101290011-1", "pnu": "1141011700101290011", "floors": 2, "height": 7.3}}, {"type": "Feature", "geometry": {"type": "Polygon", "coordinates": [[[126.92890738, 37.56745605], [126.92900015, 37.56738682], [126.92890899, 37.56731451], [126.92887637, 37.56734107], [126.92888824, 37.56735207], [126.928835, 37.56739402], [126.92890738, 37.56745605]]]}, "properties": {"name": "연희동 130-13", "status": "full", "capacity": 2, "active": 2, "industry": "서양식", "vacancy_rate": 0.0, "vacancy_rate_lo": 0.0, "vacancy_rate_hi": 0.0, "stores": 5, "source": "stores+ledger", "capacity_method": "floor_ouln", "active_pip": 0, "licensed": 2, "com_floors": [1, 2], "occ_floors": [1, 2], "unknown_n": 0, "id": "1141011700101300013-1", "pnu": "1141011700101300013", "floors": 2, "height": 9.026}}, {"type": "Feature", "geometry": {"type": "Polygon", "coordinates": [[[126.92959535, 37.56770992], [126.92952059, 37.56777006], [126.92955576, 37.56779801], [126.92962792, 37.56773633], [126.92959535, 37.56770992]]]}, "properties": {"name": "일부", "status": "full", "capacity": 2, "active": 2, "industry": "기타 간이", "vacancy_rate": 0.0, "vacancy_rate_lo": 0.0, "vacancy_rate_hi": 0.0, "stores": 3, "source": "stores+ledger", "capacity_method": "floor_ouln", "active_pip": 0, "licensed": 2, "com_floors": [1, 2], "occ_floors": [1, 2], "unknown_n": 0, "id": "1141011700101300002-1", "pnu": "1141011700101300002", "floors": 0, "height": 0.0}}, {"type": "Feature", "geometry": {"type": "Polygon", "coordinates": [[[126.93111347, 37.56735267], [126.93097464, 37.56742313], [126.93107107, 37.56754401], [126.93120912, 37.56747354], [126.93111347, 37.56735267]]]}, "properties": {"name": "연희동 137-3", "status": "full", "capacity": 2, "active": 2, "industry": "비알코올 ", "vacancy_rate": 0.0, "vacancy_rate_lo": 0.0, "vacancy_rate_hi": 0.0, "stores": 1, "source": "stores+ledger", "capacity_method": "floor_ouln", "active_pip": 0, "licensed": 1, "com_floors": [1, 2], "occ_floors": [1, 2], "unknown_n": 0, "id": "1141011700101370003-1", "pnu": "1141011700101370003", "floors": 4, "height": 0.0}}, {"type": "Feature", "geometry": {"type": "Polygon", "coordinates": [[[126.93083628, 37.56819583], [126.93083344, 37.56820034], [126.93081602, 37.56819186], [126.93082282, 37.5681824], [126.93076874, 37.56815624], [126.93072851, 37.56820415], [126.93072104, 37.568201], [126.93069079, 37.56823638], [126.93069509, 37.5682391], [126.93068455, 37.56825161], [126.93070751, 37.5682646], [126.9307057, 37.56826837], [126.93077539, 37.56830842], [126.93079725, 37.56828627], [126.93079827, 37.56828654], [126.93082604, 37.56825466], [126.93082434, 37.5682543], [126.93086456, 37.56821063], [126.93083628, 37.56819583]]]}, "properties": {"name": "연희동 132-29", "status": "full", "capacity": 2, "active": 2, "industry": "한식", "vacancy_rate": 0.0, "vacancy_rate_lo": 0.0, "vacancy_rate_hi": 100.0, "stores": 1, "source": "stores+ledger", "capacity_method": "floor_ouln", "active_pip": 0, "licensed": 1, "com_floors": [1, 2], "occ_floors": [], "unknown_n": 2, "id": "1141011700101320029-1", "pnu": "1141011700101320029", "floors": 2, "height": 7.5}}, {"type": "Feature", "geometry": {"type": "Polygon", "coordinates": [[[126.9298047, 37.56777689], [126.92970351, 37.56789613], [126.92976448, 37.56792976], [126.92986635, 37.56780774], [126.9298047, 37.56777689]]]}, "properties": {"name": "연희동 132-48", "status": "partial", "capacity": 2, "active": 1, "industry": "섬유·의복·신발 소매", "vacancy_rate": 50.0, "vacancy_rate_lo": 50.0, "vacancy_rate_hi": 50.0, "stores": 2, "source": "stores+ledger", "capacity_method": "floor_ouln", "active_pip": 0, "licensed": 1, "com_floors": [1, 2], "occ_floors": [1], "unknown_n": 0, "id": "1141011700101320048-1", "pnu": "1141011700101320048", "floors": 0, "height": 0.0}}, {"type": "Feature", "geometry": {"type": "Polygon", "coordinates": [[[126.9296295, 37.56774427], [126.92956221, 37.56780089], [126.92964455, 37.56786474], [126.9296994, 37.56779395], [126.9296295, 37.56774427]]]}, "properties": {"name": "일부", "status": "full", "capacity": 2, "active": 2, "industry": "기타 간이", "vacancy_rate": 0.0, "vacancy_rate_lo": 0.0, "vacancy_rate_hi": 0.0, "stores": 3, "source": "stores+ledger", "capacity_method": "floor_ouln", "active_pip": 0, "licensed": 2, "com_floors": [1, 2], "occ_floors": [1, 2], "unknown_n": 0, "id": "1141011700101300002-2", "pnu": "1141011700101300002", "floors": 2, "height": 0.0}}, {"type": "Feature", "geometry": {"type": "Polygon", "coordinates": [[[126.92903047, 37.56824801], [126.92917661, 37.56835631], [126.92923411, 37.56835175], [126.92940194, 37.56815165], [126.92934358, 37.56810863], [126.92916505, 37.56825053], [126.92909639, 37.56819625], [126.92903047, 37.56824801]]]}, "properties": {"name": "연희동 129-1", "status": "full", "capacity": 1, "active": 1, "industry": "비알코올 ", "vacancy_rate": 0.0, "vacancy_rate_lo": 0.0, "vacancy_rate_hi": 0.0, "stores": 8, "source": "stores+ledger", "capacity_method": "floor_ouln", "active_pip": 0, "licensed": 6, "com_floors": [1], "occ_floors": [1], "unknown_n": 0, "id": "1141011700101290001-1", "pnu": "1141011700101290001", "floors": 2, "height": 0.0}}, {"type": "Feature", "geometry": {"type": "Polygon", "coordinates": [[[126.92934489, 37.56791384], [126.92928666, 37.56796579], [126.92933722, 37.56800799], [126.92933313, 37.56801222], [126.92938913, 37.56805442], [126.92933872, 37.56809881], [126.92940862, 37.56815066], [126.92948568, 37.56805845], [126.92948108, 37.56801664], [126.92934489, 37.56791384]]]}, "properties": {"name": "연희동 129-3", "status": "full", "capacity": 2, "active": 2, "industry": "기타 간이", "vacancy_rate": 0.0, "vacancy_rate_lo": 0.0, "vacancy_rate_hi": 0.0, "stores": 4, "source": "stores+ledger", "capacity_method": "floor_ouln", "active_pip": 0, "licensed": 4, "com_floors": [1, 2], "occ_floors": [1, 2], "unknown_n": 0, "id": "1141011700101290003-1", "pnu": "1141011700101290003", "floors": 2, "height": 0.0}}, {"type": "Feature", "geometry": {"type": "Polygon", "coordinates": [[[126.93074392, 37.5676978], [126.93095796, 37.56758549], [126.93085823, 37.56746767], [126.93064239, 37.56757413], [126.93066138, 37.56759991], [126.93067089, 37.56759676], [126.93074392, 37.5676978]]]}, "properties": {"name": "연희동 137-15", "status": "partial", "capacity": 7, "active": 6, "industry": "한식", "vacancy_rate": 14.3, "vacancy_rate_lo": 14.3, "vacancy_rate_hi": 42.9, "stores": 4, "source": "stores+ledger", "capacity_method": "floor_ouln", "active_pip": 0, "licensed": 2, "com_floors": [1, 2, 3, 4, 5, 6, 7], "occ_floors": [1, 2, 3, 4], "unknown_n": 2, "id": "1141011700101370015-1", "pnu": "1141011700101370015", "floors": 7, "height": 26.8}}, {"type": "Feature", "geometry": {"type": "Polygon", "coordinates": [[[126.9308537, 37.56783202], [126.93086842, 37.56782582], [126.93086593, 37.5678314], [126.9308674, 37.56783474], [126.93087237, 37.56783834], [126.93087916, 37.56784015], [126.93088595, 37.56784709], [126.93098243, 37.56779795], [126.9310027, 37.56778761], [126.9309187, 37.56768349], [126.93078678, 37.56774531], [126.93082736, 37.56779795], [126.9308537, 37.56783202]]]}, "properties": {"name": "남강빌딩", "status": "full", "capacity": 3, "active": 3, "industry": "종합 소매", "vacancy_rate": 0.0, "vacancy_rate_lo": 0.0, "vacancy_rate_hi": 0.0, "stores": 3, "source": "stores+ledger", "capacity_method": "floor_ouln", "active_pip": 0, "licensed": 1, "com_floors": [1, 2, 3], "occ_floors": [1, 2, 3], "unknown_n": 0, "id": "1141011700101370013-1", "pnu": "1141011700101370013", "floors": 6, "height": 19.0}}, {"type": "Feature", "geometry": {"type": "Polygon", "coordinates": [[[126.93036411, 37.56750692], [126.93036049, 37.56750251], [126.93035404, 37.5674989], [126.93034533, 37.5674979], [126.93033344, 37.56750087], [126.93023757, 37.56762145], [126.93037685, 37.56769191], [126.93044473, 37.56760545], [126.93039735, 37.56754857], [126.93039214, 37.56754487], [126.93038388, 37.56754298], [126.93036645, 37.56754324], [126.93035209, 37.56753142], [126.93036229, 37.56751765], [126.9303641, 37.56751206], [126.93036411, 37.56750692]]]}, "properties": {"name": "경원빌딩", "status": "partial", "capacity": 4, "active": 2, "industry": "중식", "vacancy_rate": 50.0, "vacancy_rate_lo": 50.0, "vacancy_rate_hi": 50.0, "stores": 2, "source": "stores+ledger", "capacity_method": "floor_ouln", "active_pip": 0, "licensed": 1, "com_floors": [1, 2, 3, 4], "occ_floors": [2, 4], "unknown_n": 0, "id": "1141011700101320042-1", "pnu": "1141011700101320042", "floors": 4, "height": 14.4}}, {"type": "Feature", "geometry": {"type": "Polygon", "coordinates": [[[126.93048548, 37.56772918], [126.93047282, 37.56770944], [126.9304598, 37.56771133], [126.9303586, 37.56783903], [126.93047637, 37.56790353], [126.93047138, 37.56790982], [126.93048349, 37.5679165], [126.93053165, 37.56785805], [126.93052407, 37.56785381], [126.93052894, 37.56784832], [126.93054728, 37.56784418], [126.93056416, 37.56783356], [126.93057662, 37.56782069], [126.93058048, 37.56780591], [126.9305797, 37.56779294], [126.93057643, 37.56778005], [126.93056784, 37.56776878], [126.9305563, 37.56776229], [126.93054555, 37.5677576], [126.93053027, 37.56775642], [126.93051918, 37.5677565], [126.93048072, 37.56773549], [126.93048548, 37.56772918]]]}, "properties": {"name": "동", "status": "high", "capacity": 4, "active": 1, "industry": "주점", "vacancy_rate": 75.0, "vacancy_rate_lo": 75.0, "vacancy_rate_hi": 75.0, "stores": 1, "source": "stores+ledger", "capacity_method": "floor_ouln", "active_pip": 0, "licensed": 1, "com_floors": [1, 2, 3, 4], "occ_floors": [4], "unknown_n": 0, "id": "1141011700101320054-1", "pnu": "1141011700101320054", "floors": 6, "height": 19.8}}, {"type": "Feature", "geometry": {"type": "Polygon", "coordinates": [[[126.93034874, 37.56748178], [126.93023998, 37.56734548], [126.93017637, 37.56733824], [126.93010917, 37.56741937], [126.93030455, 37.56752725], [126.93034874, 37.56748178]]]}, "properties": {"name": "경원탕", "status": "full", "capacity": 2, "active": 2, "industry": "종합 소매", "vacancy_rate": 0.0, "vacancy_rate_lo": 0.0, "vacancy_rate_hi": 0.0, "stores": 7, "source": "stores+ledger", "capacity_method": "floor_ouln", "active_pip": 0, "licensed": 4, "com_floors": [1, 2], "occ_floors": [1, 2], "unknown_n": 0, "id": "1141011700101320043-1", "pnu": "1141011700101320043", "floors": 2, "height": 6.0}}, {"type": "Feature", "geometry": {"type": "Polygon", "coordinates": [[[126.9301945, 37.56755855], [126.93024787, 37.56749848], [126.93010861, 37.56742235], [126.93005274, 37.56748602], [126.93014834, 37.56753771], [126.93015174, 37.5675342], [126.9301945, 37.56755855]]]}, "properties": {"name": "연희동 132-18", "status": "full", "capacity": 1, "active": 1, "industry": "서양식", "vacancy_rate": 0.0, "vacancy_rate_lo": 0.0, "vacancy_rate_hi": 0.0, "stores": 2, "source": "stores+ledger", "capacity_method": "floor_ouln", "active_pip": 0, "licensed": 1, "com_floors": [1], "occ_floors": [1], "unknown_n": 0, "id": "1141011700101320018-1", "pnu": "1141011700101320018", "floors": 2, "height": 0.0}}, {"type": "Feature", "geometry": {"type": "Polygon", "coordinates": [[[126.92999038, 37.56831514], [126.93006815, 37.56835681], [126.93009759, 37.56832155], [126.93011014, 37.568328], [126.93016805, 37.56825843], [126.93015586, 37.56825204], [126.93016815, 37.56823681], [126.9300901, 37.56819487], [126.92999038, 37.56831514]]]}, "properties": {"name": "전체", "status": "high", "capacity": 3, "active": 1, "industry": "섬유·의복·신발 소매", "vacancy_rate": 66.7, "vacancy_rate_lo": null, "vacancy_rate_hi": null, "stores": 1, "source": "stores+ledger", "capacity_method": "floor_approx", "active_pip": 0, "licensed": 0, "com_floors": null, "occ_floors": null, "unknown_n": null, "id": "1141011700101320033-1", "pnu": "1141011700101320033", "floors": 3, "height": 12.1}}, {"type": "Feature", "geometry": {"type": "Polygon", "coordinates": [[[126.93189807, 37.56751485], [126.93187394, 37.567416], [126.93178994, 37.56742955], [126.93178712, 37.56742045], [126.93172395, 37.56743158], [126.93173884, 37.56749007], [126.93175058, 37.56753666], [126.93176336, 37.56753549], [126.93189807, 37.56751485]]]}, "properties": {"name": "연희동 136-26", "status": "full", "capacity": 2, "active": 2, "industry": "한식", "vacancy_rate": 0.0, "vacancy_rate_lo": 0.0, "vacancy_rate_hi": 100.0, "stores": 1, "source": "stores+ledger", "capacity_method": "floor_ouln", "active_pip": 0, "licensed": 1, "com_floors": [1, 2], "occ_floors": [], "unknown_n": 2, "id": "1141011700101360026-1", "pnu": "1141011700101360026", "floors": 2, "height": 7.7}}, {"type": "Feature", "geometry": {"type": "Polygon", "coordinates": [[[126.93205032, 37.56740024], [126.9319996, 37.56740508], [126.93200072, 37.5674131], [126.93188876, 37.56742637], [126.93190251, 37.56749061], [126.93191066, 37.56748999], [126.93192014, 37.56753423], [126.9320578, 37.56751521], [126.93206946, 37.56751207], [126.93206291, 37.56747629], [126.93206711, 37.56747585], [126.93205403, 37.56741736], [126.93205032, 37.56740024]]]}, "properties": {"name": "연희동 136-25", "status": "empty", "capacity": 6, "active": 0, "industry": "", "vacancy_rate": 100.0, "source": "polygon_only", "capacity_method": "floor_approx", "active_pip": 0, "licensed": 0, "id": "1141011700101360025-1", "pnu": "1141011700101360025", "floors": 6, "height": 19.4}}, {"type": "Feature", "geometry": {"type": "Polygon", "coordinates": [[[126.93156156, 37.56739203], [126.93156605, 37.56742853], [126.93157839, 37.56742726], [126.93158437, 37.56744998], [126.9316515, 37.56744253], [126.93168999, 37.56743742], [126.93166914, 37.56733821], [126.93154122, 37.56735381], [126.93154809, 37.56739364], [126.93156156, 37.56739203]]]}, "properties": {"name": "연희동 136-33", "status": "high", "capacity": 3, "active": 1, "industry": "의원", "vacancy_rate": 66.7, "vacancy_rate_lo": 66.7, "vacancy_rate_hi": 66.7, "stores": 1, "source": "stores+ledger", "capacity_method": "floor_ouln", "active_pip": 0, "licensed": 0, "com_floors": [1, 2, 3], "occ_floors": [1], "unknown_n": 0, "id": "1141011700101360033-1", "pnu": "1141011700101360033", "floors": 3, "height": 0.0}}, {"type": "Feature", "geometry": {"type": "Polygon", "coordinates": [[[126.93191753, 37.56765749], [126.93190878, 37.56756234], [126.93176017, 37.56756883], [126.93175088, 37.56757756], [126.93178784, 37.56762868], [126.93179984, 37.56762732], [126.93180274, 37.5676612], [126.93191753, 37.56765749]]]}, "properties": {"name": "연희동 69-22", "status": "full", "capacity": 2, "active": 2, "industry": "이용·미용", "vacancy_rate": 0.0, "vacancy_rate_lo": 0.0, "vacancy_rate_hi": 0.0, "stores": 3, "source": "stores+ledger", "capacity_method": "floor_ouln", "active_pip": 0, "licensed": 0, "com_floors": [1, 2], "occ_floors": [1, 2], "unknown_n": 0, "id": "1141011700100690022-1", "pnu": "1141011700100690022", "floors": 4, "height": 13.0}}, {"type": "Feature", "geometry": {"type": "Polygon", "coordinates": [[[126.93007201, 37.56769542], [126.93012482, 37.5676341], [126.93000003, 37.56756618], [126.92999177, 37.56756167], [126.92993919, 37.5676229], [126.93000006, 37.5676561], [126.93007201, 37.56769542]]]}, "properties": {"name": "연희동 132-20", "status": "full", "capacity": 2, "active": 2, "industry": "이용·미용", "vacancy_rate": 0.0, "vacancy_rate_lo": 0.0, "vacancy_rate_hi": 50.0, "stores": 3, "source": "stores+ledger", "capacity_method": "floor_ouln", "active_pip": 0, "licensed": 1, "com_floors": [1, 2], "occ_floors": [1], "unknown_n": 1, "id": "1141011700101320020-1", "pnu": "1141011700101320020", "floors": 2, "height": 0.0}}, {"type": "Feature", "geometry": {"type": "Polygon", "coordinates": [[[126.93135203, 37.56975026], [126.9312735, 37.5698441], [126.93140202, 37.56991211], [126.93147976, 37.56982008], [126.93135203, 37.56975026]]]}, "properties": {"name": "연희동 92-20", "status": "full", "capacity": 2, "active": 2, "industry": "주점", "vacancy_rate": 0.0, "vacancy_rate_lo": 0.0, "vacancy_rate_hi": 0.0, "stores": 3, "source": "stores+ledger", "capacity_method": "floor_ouln", "active_pip": 0, "licensed": 3, "com_floors": [1, 2], "occ_floors": [1, 2], "unknown_n": 0, "id": "1141011700100920020-1", "pnu": "1141011700100920020", "floors": 3, "height": 8.95}}, {"type": "Feature", "geometry": {"type": "Polygon", "coordinates": [[[126.93047081, 37.56824674], [126.93051619, 37.56819251], [126.93038245, 37.56812163], [126.93033709, 37.56817586], [126.93039275, 37.56820536], [126.93039912, 37.56819775], [126.93042152, 37.56820962], [126.93041515, 37.56821723], [126.93047081, 37.56824674]]]}, "properties": {"name": "명칭없음", "status": "full", "capacity": 2, "active": 2, "industry": "주점", "vacancy_rate": 0.0, "vacancy_rate_lo": null, "vacancy_rate_hi": null, "stores": 2, "source": "stores+ledger", "capacity_method": "expos_units", "active_pip": 0, "licensed": 2, "com_floors": null, "occ_floors": null, "unknown_n": null, "id": "1141011700101320083-1", "pnu": "1141011700101320083", "floors": 3, "height": 9.1}}, {"type": "Feature", "geometry": {"type": "Polygon", "coordinates": [[[126.93133546, 37.56832443], [126.93132458, 37.56832812], [126.93131044, 37.56831442], [126.93124362, 37.56834915], [126.93129734, 37.56841135], [126.93129485, 37.56841261], [126.93132323, 37.56844867], [126.93141598, 37.56840251], [126.93141541, 37.56840151], [126.93135888, 37.56833319], [126.93134607, 37.56833903], [126.93133546, 37.56832443]]]}, "properties": {"name": "에어스빌딩", "status": "high", "capacity": 6, "active": 2, "industry": "섬유·의복·신발 소매", "vacancy_rate": 66.7, "vacancy_rate_lo": null, "vacancy_rate_hi": null, "stores": 2, "source": "stores+ledger", "capacity_method": "expos_units", "active_pip": 0, "licensed": 0, "com_floors": null, "occ_floors": null, "unknown_n": null, "id": "1141011700101340026-1", "pnu": "1141011700101340026", "floors": 5, "height": 16.8}}, {"type": "Feature", "geometry": {"type": "Polygon", "coordinates": [[[126.93112675, 37.5696494], [126.93121843, 37.56953971], [126.93104283, 37.56944501], [126.93101461, 37.56947787], [126.93102491, 37.56948482], [126.93096247, 37.56955974], [126.93112675, 37.5696494]]]}, "properties": {"name": "연희빌딩", "status": "high", "capacity": 4, "active": 1, "industry": "섬유·의복·신발 소매", "vacancy_rate": 75.0, "vacancy_rate_lo": 75.0, "vacancy_rate_hi": 75.0, "stores": 2, "source": "stores+ledger", "capacity_method": "floor_ouln", "active_pip": 0, "licensed": 0, "com_floors": [1, 2, 3, 4], "occ_floors": [2], "unknown_n": 0, "id": "1141011700101220002-1", "pnu": "1141011700101220002", "floors": 4, "height": 16.6}}, {"type": "Feature", "geometry": {"type": "Polygon", "coordinates": [[[126.93033547, 37.56847935], [126.93031689, 37.56849979], [126.93039654, 37.56854255], [126.93041512, 37.56852121], [126.9304227, 37.56852527], [126.93048503, 37.56845034], [126.93039271, 37.56840037], [126.93032891, 37.56847547], [126.93033547, 37.56847935]]]}, "properties": {"name": "연희동 132-75", "status": "partial", "capacity": 2, "active": 1, "industry": "", "vacancy_rate": 50.0, "source": "pip_only", "capacity_method": "floor_approx", "active_pip": 0, "licensed": 1, "id": "1141011700101320075-1", "pnu": "1141011700101320075", "floors": 2, "height": 7.0}}, {"type": "Feature", "geometry": {"type": "Polygon", "coordinates": [[[126.92851407, 37.57133946], [126.92859113, 37.57124824], [126.92848727, 37.57119249], [126.92847922, 37.57120033], [126.92844256, 37.57117913], [126.92837209, 37.57126046], [126.92851407, 37.57133946]]]}, "properties": {"name": "연희동 108-13", "status": "partial", "capacity": 2, "active": 1, "industry": "비알코올 ", "vacancy_rate": 50.0, "vacancy_rate_lo": 50.0, "vacancy_rate_hi": 100.0, "stores": 1, "source": "stores+ledger", "capacity_method": "floor_ouln", "active_pip": 0, "licensed": 1, "com_floors": [1, 2], "occ_floors": [], "unknown_n": 1, "id": "1141011700101080013-1", "pnu": "1141011700101080013", "floors": 2, "height": 7.7}}, {"type": "Feature", "geometry": {"type": "Polygon", "coordinates": [[[126.92866742, 37.57100664], [126.92865632, 37.5710179], [126.92860213, 37.57098939], [126.92853697, 37.57106486], [126.92854217, 37.5710681], [126.92853776, 37.57107423], [126.92867364, 37.57114684], [126.92871183, 37.57110407], [126.92871556, 37.57110569], [126.92875646, 37.57105463], [126.92866742, 37.57100664]]]}, "properties": {"name": "차고옆출입문", "status": "partial", "capacity": 2, "active": 1, "industry": "이용·미용", "vacancy_rate": 50.0, "vacancy_rate_lo": 50.0, "vacancy_rate_hi": 50.0, "stores": 1, "source": "stores+ledger", "capacity_method": "floor_ouln", "active_pip": 0, "licensed": 0, "com_floors": [1, 2], "occ_floors": [1], "unknown_n": 0, "id": "1141011700101080019-1", "pnu": "1141011700101080019", "floors": 2, "height": 9.4}}, {"type": "Feature", "geometry": {"type": "Polygon", "coordinates": [[[126.92920177, 37.57071135], [126.92920517, 37.57070739], [126.92924635, 37.57072588], [126.92932648, 37.57062763], [126.92923212, 37.57057874], [126.92917829, 37.57064403], [126.92916584, 37.57063744], [126.92913298, 37.57067788], [126.92920177, 37.57071135]]]}, "properties": {"name": "연희동 120-19", "status": "empty", "capacity": 1, "active": 0, "industry": "", "vacancy_rate": 100.0, "source": "polygon_only", "capacity_method": "floor_approx", "active_pip": 0, "licensed": 0, "id": "1141011700101200019-1", "pnu": "1141011700101200019", "floors": 1, "height": 0.0}}, {"type": "Feature", "geometry": {"type": "Polygon", "coordinates": [[[126.92949201, 37.57023516], [126.92953915, 37.57016564], [126.92942216, 37.57011448], [126.92936413, 37.57019265], [126.92941901, 37.57021683], [126.92942626, 37.57020539], [126.92949201, 37.57023516]]]}, "properties": {"name": "연희동 120-11", "status": "full", "capacity": 2, "active": 2, "industry": "비알코올 ", "vacancy_rate": 0.0, "vacancy_rate_lo": 0.0, "vacancy_rate_hi": 100.0, "stores": 1, "source": "stores+ledger", "capacity_method": "floor_ouln", "active_pip": 0, "licensed": 1, "com_floors": [1, 2], "occ_floors": [], "unknown_n": 2, "id": "1141011700101200011-1", "pnu": "1141011700101200011", "floors": 2, "height": 8.0}}, {"type": "Feature", "geometry": {"type": "Polygon", "coordinates": [[[126.9306178, 37.57004419], [126.93055116, 37.57012452], [126.93069735, 37.57019748], [126.93076477, 37.57012059], [126.9306178, 37.57004419]]]}, "properties": {"name": "연희동 122-7", "status": "full", "capacity": 1, "active": 1, "industry": "종합 소매", "vacancy_rate": 0.0, "vacancy_rate_lo": 0.0, "vacancy_rate_hi": 0.0, "stores": 1, "source": "stores+ledger", "capacity_method": "floor_ouln", "active_pip": 0, "licensed": 0, "com_floors": [1], "occ_floors": [1], "unknown_n": 0, "id": "1141011700101220007-1", "pnu": "1141011700101220007", "floors": 4, "height": 13.3}}, {"type": "Feature", "geometry": {"type": "Polygon", "coordinates": [[[126.93114039, 37.56872174], [126.93108863, 37.56875388], [126.93106635, 37.56873305], [126.93101675, 37.56876447], [126.93109478, 37.56883452], [126.93110045, 37.56883002], [126.9311104, 37.56883939], [126.93120338, 37.56878332], [126.93114039, 37.56872174]]]}, "properties": {"name": "전부", "status": "partial", "capacity": 2, "active": 1, "industry": "비알코올 ", "vacancy_rate": 50.0, "vacancy_rate_lo": 50.0, "vacancy_rate_hi": 50.0, "stores": 1, "source": "stores+ledger", "capacity_method": "floor_ouln", "active_pip": 0, "licensed": 1, "com_floors": [1, 2], "occ_floors": [2], "unknown_n": 0, "id": "1141011700101330021-1", "pnu": "1141011700101330021", "floors": 2, "height": 0.0}}, {"type": "Feature", "geometry": {"type": "Polygon", "coordinates": [[[126.93127222, 37.56902401], [126.93127743, 37.56902095], [126.93131339, 37.56905782], [126.9314126, 37.56899779], [126.93135616, 37.56893703], [126.93137724, 37.56892415], [126.93134004, 37.56888449], [126.93121331, 37.56895685], [126.93127222, 37.56902401]]]}, "properties": {"name": "연희동 133-5", "status": "empty", "capacity": 2, "active": 0, "industry": "", "vacancy_rate": 100.0, "source": "polygon_only", "capacity_method": "floor_approx", "active_pip": 0, "licensed": 0, "id": "1141011700101330005-1", "pnu": "1141011700101330005", "floors": 2, "height": 8.2}}, {"type": "Feature", "geometry": {"type": "Polygon", "coordinates": [[[126.93057638, 37.56844517], [126.93055077, 37.56847777], [126.93060666, 37.56850537], [126.93063385, 37.56847404], [126.93057638, 37.56844517]]]}, "properties": {"name": "연희동 132-28", "status": "high", "capacity": 3, "active": 1, "industry": "중식", "vacancy_rate": 66.7, "vacancy_rate_lo": 66.7, "vacancy_rate_hi": 100.0, "stores": 1, "source": "stores+ledger", "capacity_method": "floor_ouln", "active_pip": 0, "licensed": 0, "com_floors": [1, 2, 3], "occ_floors": [], "unknown_n": 1, "id": "1141011700101320028-1", "pnu": "1141011700101320028", "floors": 0, "height": 0.0}}, {"type": "Feature", "geometry": {"type": "Polygon", "coordinates": [[[126.93000001, 37.56795099], [126.9299508, 37.56792889], [126.9299432, 37.56793852], [126.92995214, 37.56794222], [126.92990172, 37.56800085], [126.93000003, 37.56805217], [126.93000229, 37.56805334], [126.93005091, 37.5679949], [126.93005476, 37.56799607], [126.93006484, 37.56798103], [126.93005783, 37.56797697], [126.93006112, 37.56797202], [126.93002423, 37.56795317], [126.9300188, 37.56795947], [126.93000001, 37.56795099]]]}, "properties": {"name": "연희동 132-21", "status": "partial", "capacity": 2, "active": 1, "industry": "장식품 소매", "vacancy_rate": 50.0, "vacancy_rate_lo": null, "vacancy_rate_hi": null, "stores": 1, "source": "stores+ledger", "capacity_method": "floor_approx", "active_pip": 0, "licensed": 0, "com_floors": null, "occ_floors": null, "unknown_n": null, "id": "1141011700101320021-1", "pnu": "1141011700101320021", "floors": 2, "height": 0.0}}, {"type": "Feature", "geometry": {"type": "Polygon", "coordinates": [[[126.93014455, 37.5680755], [126.93007928, 37.56815295], [126.9301639, 37.5681994], [126.93016052, 37.56820382], [126.93023055, 37.56824089], [126.93026136, 37.56820334], [126.93025095, 37.56819873], [126.93025809, 37.56818901], [126.93024225, 37.56818026], [126.93027353, 37.56814108], [126.93014455, 37.5680755]]]}, "properties": {"name": "연희동 132-35", "status": "full", "capacity": 1, "active": 1, "industry": "주점", "vacancy_rate": 0.0, "vacancy_rate_lo": 0.0, "vacancy_rate_hi": 0.0, "stores": 1, "source": "stores+ledger", "capacity_method": "floor_ouln", "active_pip": 0, "licensed": 1, "com_floors": [1], "occ_floors": [1], "unknown_n": 0, "id": "1141011700101320035-1", "pnu": "1141011700101320035", "floors": 2, "height": 0.0}}, {"type": "Feature", "geometry": {"type": "Polygon", "coordinates": [[[126.93019286, 37.56775208], [126.93025689, 37.56778338], [126.9302553, 37.56778717], [126.93027827, 37.56779799], [126.93030316, 37.56780972], [126.93030928, 37.56780215], [126.93033892, 37.56781667], [126.93035332, 37.56779794], [126.93038278, 37.56775957], [126.93031365, 37.56772873], [126.93032, 37.56772008], [126.9302477, 37.56768426], [126.93019286, 37.56775208]]]}, "properties": {"name": "연희동 132-41", "status": "partial", "capacity": 2, "active": 1, "industry": "주점", "vacancy_rate": 50.0, "vacancy_rate_lo": 50.0, "vacancy_rate_hi": 50.0, "stores": 1, "source": "stores+ledger", "capacity_method": "floor_ouln", "active_pip": 0, "licensed": 1, "com_floors": [1, 2], "occ_floors": [1], "unknown_n": 0, "id": "1141011700101320041-1", "pnu": "1141011700101320041", "floors": 2, "height": 0.0}}, {"type": "Feature", "geometry": {"type": "Polygon", "coordinates": [[[126.93036319, 37.56861073], [126.93038899, 37.56862535], [126.93038685, 37.56862958], [126.93040506, 37.56864049], [126.93040381, 37.5686431], [126.9304321, 37.56865808], [126.93047001, 37.56866233], [126.93054751, 37.56857336], [126.93044139, 37.56851438], [126.93036319, 37.56861073]]]}, "properties": {"name": "연희동 132-27", "status": "full", "capacity": 2, "active": 2, "industry": "중식", "vacancy_rate": 0.0, "vacancy_rate_lo": 0.0, "vacancy_rate_hi": 50.0, "stores": 5, "source": "stores+ledger", "capacity_method": "floor_ouln", "active_pip": 0, "licensed": 3, "com_floors": [1, 2], "occ_floors": [2], "unknown_n": 1, "id": "1141011700101320027-1", "pnu": "1141011700101320027", "floors": 3, "height": 8.45}}, {"type": "Feature", "geometry": {"type": "Polygon", "coordinates": [[[126.93033439, 37.56830997], [126.93022435, 37.56844334], [126.93031147, 37.56848853], [126.93041969, 37.56835444], [126.93033439, 37.56830997]]]}, "properties": {"name": "우측", "status": "full", "capacity": 2, "active": 2, "industry": "섬유·의복·신발 소매", "vacancy_rate": 0.0, "vacancy_rate_lo": 0.0, "vacancy_rate_hi": 0.0, "stores": 4, "source": "stores+ledger", "capacity_method": "floor_ouln", "active_pip": 0, "licensed": 0, "com_floors": [1, 2], "occ_floors": [1, 2], "unknown_n": 0, "id": "1141011700101320032-1", "pnu": "1141011700101320032", "floors": 2, "height": 8.5}}, {"type": "Feature", "geometry": {"type": "Polygon", "coordinates": [[[126.93119122, 37.57142981], [126.93120864, 37.57132286], [126.93104462, 37.57130926], [126.93104782, 37.57127691], [126.93097911, 37.57127093], [126.93096281, 37.57140544], [126.93119122, 37.57142981]]]}, "properties": {"name": "연희동 95-10", "status": "empty", "capacity": 2, "active": 0, "industry": "", "vacancy_rate": 100.0, "source": "polygon_only", "capacity_method": "floor_approx", "active_pip": 0, "licensed": 0, "id": "1141011700100950010-1", "pnu": "1141011700100950010", "floors": 2, "height": 0.0}}, {"type": "Feature", "geometry": {"type": "Polygon", "coordinates": [[[126.92979784, 37.56844011], [126.92979105, 37.56844011], [126.92978471, 37.56844903], [126.92966036, 37.56838804], [126.92956461, 37.56849935], [126.92972414, 37.56857999], [126.92982352, 37.56846202], [126.92982306, 37.56845716], [126.92982002, 37.56845112], [126.92981413, 37.56844607], [126.92980723, 37.56844228], [126.92979784, 37.56844011]]]}, "properties": {"name": "연희동 125-11", "status": "partial", "capacity": 2, "active": 1, "industry": "기타 간이", "vacancy_rate": 50.0, "vacancy_rate_lo": 50.0, "vacancy_rate_hi": 100.0, "stores": 1, "source": "stores+ledger", "capacity_method": "floor_ouln", "active_pip": 0, "licensed": 0, "com_floors": [1, 2], "occ_floors": [], "unknown_n": 1, "id": "1141011700101250011-1", "pnu": "1141011700101250011", "floors": 2, "height": 8.909}}, {"type": "Feature", "geometry": {"type": "Polygon", "coordinates": [[[126.92988373, 37.56799237], [126.92996112, 37.5679006], [126.92990659, 37.56787183], [126.92989232, 37.56788515], [126.92983269, 37.56785395], [126.92976878, 37.5679332], [126.92988373, 37.56799237]]]}, "properties": {"name": "연희동 132-48", "status": "partial", "capacity": 2, "active": 1, "industry": "섬유·의복·신발 소매", "vacancy_rate": 50.0, "vacancy_rate_lo": 50.0, "vacancy_rate_hi": 50.0, "stores": 2, "source": "stores+ledger", "capacity_method": "floor_ouln", "active_pip": 0, "licensed": 1, "com_floors": [1, 2], "occ_floors": [1], "unknown_n": 0, "id": "1141011700101320048-2", "pnu": "1141011700101320048", "floors": 2, "height": 0.0}}, {"type": "Feature", "geometry": {"type": "Polygon", "coordinates": [[[126.92951787, 37.56777312], [126.92948592, 37.5677986], [126.92952076, 37.56782358], [126.92955055, 37.56780062], [126.92951787, 37.56777312]]]}, "properties": {"name": "연희동 130-1", "status": "full", "capacity": 2, "active": 2, "industry": "기타 생활용품 소매", "vacancy_rate": 0.0, "vacancy_rate_lo": 0.0, "vacancy_rate_hi": 50.0, "stores": 4, "source": "stores+ledger", "capacity_method": "floor_ouln", "active_pip": 0, "licensed": 2, "com_floors": [1, 2], "occ_floors": [1], "unknown_n": 1, "id": "1141011700101300001-1", "pnu": "1141011700101300001", "floors": 0, "height": 0.0}}, {"type": "Feature", "geometry": {"type": "Polygon", "coordinates": [[[126.92954527, 37.56849223], [126.92964351, 37.56837046], [126.92953795, 37.56831697], [126.92949512, 37.56836938], [126.92950224, 37.56837335], [126.92944921, 37.56843873], [126.92954527, 37.56849223]]]}, "properties": {"name": "연희동 125-12", "status": "partial", "capacity": 2, "active": 1, "industry": "한식", "vacancy_rate": 50.0, "vacancy_rate_lo": 50.0, "vacancy_rate_hi": 100.0, "stores": 1, "source": "stores+ledger", "capacity_method": "floor_ouln", "active_pip": 0, "licensed": 0, "com_floors": [1, 2], "occ_floors": [], "unknown_n": 1, "id": "1141011700101250012-1", "pnu": "1141011700101250012", "floors": 2, "height": 0.0}}, {"type": "Feature", "geometry": {"type": "Polygon", "coordinates": [[[126.92922187, 37.56800558], [126.92929981, 37.5679394], [126.92924077, 37.56789675], [126.92922661, 37.56790809], [126.92916055, 37.56785868], [126.92909485, 37.56791468], [126.92922187, 37.56800558]]]}, "properties": {"name": "연희동 129-4", "status": "full", "capacity": 2, "active": 2, "industry": "장식품 소매", "vacancy_rate": 0.0, "vacancy_rate_lo": 0.0, "vacancy_rate_hi": 0.0, "stores": 3, "source": "stores+ledger", "capacity_method": "floor_ouln", "active_pip": 0, "licensed": 1, "com_floors": [1, 2], "occ_floors": [1, 2], "unknown_n": 0, "id": "1141011700101290004-1", "pnu": "1141011700101290004", "floors": 2, "height": 0.0}}, {"type": "Feature", "geometry": {"type": "Polygon", "coordinates": [[[126.92838056, 37.56724833], [126.92836845, 37.56725688], [126.92833778, 37.56723722], [126.92828569, 37.56727935], [126.92828941, 37.56728431], [126.92828034, 37.56729259], [126.92837389, 37.56736581], [126.92847256, 37.56728226], [126.92843626, 37.5672535], [126.92841315, 37.56727105], [126.92838056, 37.56724833]]]}, "properties": {"name": "연희동 128-4", "status": "empty", "capacity": 1, "active": 0, "industry": "", "vacancy_rate": 100.0, "source": "polygon_only", "capacity_method": "floor_approx", "active_pip": 0, "licensed": 0, "id": "1141011700101280004-1", "pnu": "1141011700101280004", "floors": 1, "height": 0.0}}, {"type": "Feature", "geometry": {"type": "Polygon", "coordinates": [[[126.92827313, 37.57056933], [126.92831279, 37.57052043], [126.92821256, 37.57046505], [126.92822015, 37.57045469], [126.92815713, 37.57042177], [126.92807984, 37.57051389], [126.92823812, 37.57060048], [126.92826758, 37.57056635], [126.92827313, 37.57056933]]]}, "properties": {"name": "연희동 118-5", "status": "full", "capacity": 2, "active": 2, "industry": "", "vacancy_rate": 0.0, "source": "pip_only", "capacity_method": "floor_approx", "active_pip": 0, "licensed": 2, "id": "1141011700101180005-1", "pnu": "1141011700101180005", "floors": 2, "height": 0.0}}, {"type": "Feature", "geometry": {"type": "Polygon", "coordinates": [[[126.92876976, 37.56767355], [126.92886288, 37.56759974], [126.92879942, 37.56754681], [126.92879048, 37.56755247], [126.92876888, 37.56753202], [126.92867656, 37.56760044], [126.92876976, 37.56767355]]]}, "properties": {"name": "연희동 129-10", "status": "full", "capacity": 2, "active": 2, "industry": "이용·미용", "vacancy_rate": 0.0, "vacancy_rate_lo": 0.0, "vacancy_rate_hi": 0.0, "stores": 1, "source": "stores+ledger", "capacity_method": "floor_ouln", "active_pip": 0, "licensed": 0, "com_floors": [1, 2], "occ_floors": [1, 2], "unknown_n": 0, "id": "1141011700101290010-1", "pnu": "1141011700101290010", "floors": 2, "height": 0.0}}, {"type": "Feature", "geometry": {"type": "Polygon", "coordinates": [[[126.93068029, 37.57137788], [126.93070972, 37.57137411], [126.93069486, 37.57129157], [126.93053172, 37.57130904], [126.9305573, 37.57143331], [126.9305796, 37.57143107], [126.93058195, 37.5714627], [126.93068927, 37.57145014], [126.93068029, 37.57137788]]]}, "properties": {"name": "연희동 95-24", "status": "empty", "capacity": 2, "active": 0, "industry": "", "vacancy_rate": 100.0, "source": "polygon_only", "capacity_method": "floor_approx", "active_pip": 0, "licensed": 0, "id": "1141011700100950024-1", "pnu": "1141011700100950024", "floors": 2, "height": 0.0}}, {"type": "Feature", "geometry": {"type": "Polygon", "coordinates": [[[126.92860543, 37.56789348], [126.92859637, 37.56790096], [126.92865213, 37.56794478], [126.92865688, 37.567941], [126.92868607, 37.56796273], [126.92875086, 37.56791195], [126.92868334, 37.56785677], [126.9286915, 37.56785029], [126.92865745, 37.56782225], [126.92858733, 37.56787599], [126.92860543, 37.56789348]]]}, "properties": {"name": "연희동 129-18", "status": "partial", "capacity": 2, "active": 1, "industry": "오락용품 소매", "vacancy_rate": 50.0, "vacancy_rate_lo": 50.0, "vacancy_rate_hi": 50.0, "stores": 2, "source": "stores+ledger", "capacity_method": "floor_ouln", "active_pip": 0, "licensed": 1, "com_floors": [1, 2], "occ_floors": [1], "unknown_n": 0, "id": "1141011700101290018-1", "pnu": "1141011700101290018", "floors": 2, "height": 6.1}}, {"type": "Feature", "geometry": {"type": "Polygon", "coordinates": [[[126.92989044, 37.57157536], [126.92977077, 37.57170864], [126.92987351, 37.57176519], [126.9299909, 37.57163093], [126.92989044, 37.57157536]]]}, "properties": {"name": "연희동 100-10", "status": "empty", "capacity": 4, "active": 0, "industry": "", "vacancy_rate": 100.0, "source": "polygon_only", "capacity_method": "floor_approx", "active_pip": 0, "licensed": 0, "id": "1141011700101000010-1", "pnu": "1141011700101000010", "floors": 4, "height": 13.4}}, {"type": "Feature", "geometry": {"type": "Polygon", "coordinates": [[[126.92883657, 37.56818437], [126.92873669, 37.56826477], [126.92880712, 37.5683202], [126.9288103, 37.56831764], [126.92883033, 37.56833341], [126.92891836, 37.56826269], [126.92889822, 37.56824723], [126.928907, 37.5682398], [126.92883657, 37.56818437]]]}, "properties": {"name": "연희동 126-14", "status": "empty", "capacity": 2, "active": 0, "industry": "", "vacancy_rate": 100.0, "source": "polygon_only", "capacity_method": "floor_approx", "active_pip": 0, "licensed": 0, "id": "1141011700101260014-1", "pnu": "1141011700101260014", "floors": 2, "height": 10.98}}, {"type": "Feature", "geometry": {"type": "Polygon", "coordinates": [[[126.92896848, 37.56772675], [126.92898989, 37.56770865], [126.9289529, 37.56768178], [126.92893376, 37.56769591], [126.92884836, 37.56762559], [126.92877246, 37.567686], [126.92889847, 37.56778329], [126.92897278, 37.56772748], [126.92896848, 37.56772675]]]}, "properties": {"name": "연희동 129-9", "status": "empty", "capacity": 2, "active": 0, "industry": "", "vacancy_rate": 100.0, "source": "polygon_only", "capacity_method": "floor_approx", "active_pip": 0, "licensed": 0, "id": "1141011700101290009-1", "pnu": "1141011700101290009", "floors": 2, "height": 7.1}}, {"type": "Feature", "geometry": {"type": "Polygon", "coordinates": [[[126.93148753, 37.56777113], [126.93146073, 37.56773741], [126.93145381, 37.56774029], [126.93142217, 37.56770261], [126.93126837, 37.56777667], [126.93128568, 37.56779795], [126.93135906, 37.56788845], [126.93151193, 37.5678125], [126.9315004, 37.56779789], [126.93148153, 37.56777464], [126.93148753, 37.56777113]]]}, "properties": {"name": "연희동 137-1", "status": "full", "capacity": 3, "active": 3, "industry": "비알코올 ", "vacancy_rate": 0.0, "vacancy_rate_lo": 0.0, "vacancy_rate_hi": 0.0, "stores": 2, "source": "stores+ledger", "capacity_method": "floor_ouln", "active_pip": 0, "licensed": 1, "com_floors": [1, 2, 3], "occ_floors": [1, 2, 3], "unknown_n": 0, "id": "1141011700101370001-1", "pnu": "1141011700101370001", "floors": 3, "height": 0.0}}, {"type": "Feature", "geometry": {"type": "Polygon", "coordinates": [[[126.93109851, 37.56946567], [126.93116672, 37.56938751], [126.93110359, 37.5693535], [126.93109702, 37.56936098], [126.9310297, 37.56932499], [126.93096658, 37.56939676], [126.93109851, 37.56946567]]]}, "properties": {"name": "연희동 122-18", "status": "full", "capacity": 2, "active": 2, "industry": "한식", "vacancy_rate": 0.0, "vacancy_rate_lo": 0.0, "vacancy_rate_hi": 100.0, "stores": 1, "source": "stores+ledger", "capacity_method": "floor_ouln", "active_pip": 0, "licensed": 1, "com_floors": [1, 2], "occ_floors": [], "unknown_n": 2, "id": "1141011700101220018-1", "pnu": "1141011700101220018", "floors": 2, "height": 0.0}}, {"type": "Feature", "geometry": {"type": "Polygon", "coordinates": [[[126.9311046, 37.56850954], [126.93101966, 37.56855625], [126.93107721, 37.56861962], [126.93108118, 37.56861728], [126.93111069, 37.56864937], [126.93117468, 37.56861355], [126.93117174, 37.56861022], [126.9311808, 37.56860392], [126.93114948, 37.56856903], [126.93115458, 37.56856624], [126.9311046, 37.56850954]]]}, "properties": {"name": "연희동 133-24", "status": "full", "capacity": 2, "active": 2, "industry": "한식", "vacancy_rate": 0.0, "vacancy_rate_lo": 0.0, "vacancy_rate_hi": 100.0, "stores": 1, "source": "stores+ledger", "capacity_method": "floor_ouln", "active_pip": 0, "licensed": 1, "com_floors": [1, 2], "occ_floors": [], "unknown_n": 2, "id": "1141011700101330024-1", "pnu": "1141011700101330024", "floors": 2, "height": 6.9}}, {"type": "Feature", "geometry": {"type": "Polygon", "coordinates": [[[126.93039084, 37.57089432], [126.93029395, 37.5710068], [126.93039001, 37.57105911], [126.93049075, 37.57094673], [126.93039084, 37.57089432]]]}, "properties": {"name": "연희동 95-30", "status": "partial", "capacity": 3, "active": 2, "industry": "이용·미용", "vacancy_rate": 33.3, "vacancy_rate_lo": 33.3, "vacancy_rate_hi": 66.7, "stores": 1, "source": "stores+ledger", "capacity_method": "floor_ouln", "active_pip": 0, "licensed": 0, "com_floors": [1, 2, 3], "occ_floors": [3], "unknown_n": 1, "id": "1141011700100950030-1", "pnu": "1141011700100950030", "floors": 3, "height": 0.0}}, {"type": "Feature", "geometry": {"type": "Polygon", "coordinates": [[[126.93085773, 37.57034112], [126.93080979, 37.57039677], [126.93089623, 37.57044394], [126.93094292, 37.57038928], [126.93085773, 37.57034112]]]}, "properties": {"name": "연희동 95-38", "status": "full", "capacity": 2, "active": 2, "industry": "기타 가정용품 수리", "vacancy_rate": 0.0, "vacancy_rate_lo": 0.0, "vacancy_rate_hi": 0.0, "stores": 2, "source": "stores+ledger", "capacity_method": "floor_ouln", "active_pip": 0, "licensed": 1, "com_floors": [1, 2], "occ_floors": [1, 2], "unknown_n": 0, "id": "1141011700100950038-1", "pnu": "1141011700100950038", "floors": 2, "height": 6.25}}, {"type": "Feature", "geometry": {"type": "Polygon", "coordinates": [[[126.9301769, 37.57114594], [126.93026933, 37.57119429], [126.93035191, 37.57109221], [126.93034607, 37.57107655], [126.93026947, 37.57103561], [126.9301769, 37.57114594]]]}, "properties": {"name": "연희동 95-29", "status": "full", "capacity": 2, "active": 2, "industry": "일식", "vacancy_rate": 0.0, "vacancy_rate_lo": 0.0, "vacancy_rate_hi": 0.0, "stores": 4, "source": "stores+ledger", "capacity_method": "floor_ouln", "active_pip": 0, "licensed": 3, "com_floors": [1, 2], "occ_floors": [1, 2], "unknown_n": 0, "id": "1141011700100950029-1", "pnu": "1141011700100950029", "floors": 4, "height": 13.1}}, {"type": "Feature", "geometry": {"type": "Polygon", "coordinates": [[[126.93106278, 37.57016492], [126.93101896, 37.57017273], [126.93103372, 37.57025202], [126.93109157, 37.57024458], [126.93111657, 37.57026], [126.93113549, 37.57023695], [126.93132986, 37.57033996], [126.93133746, 37.57033077], [126.93135149, 37.57032924], [126.93136272, 37.57031421], [126.93135967, 37.57030546], [126.93137995, 37.57028195], [126.93123898, 37.57020628], [126.93124499, 37.5701988], [126.93110051, 37.57012052], [126.93106278, 37.57016492]]]}, "properties": {"name": "연희동 92-26", "status": "empty", "capacity": 3, "active": 0, "industry": "", "vacancy_rate": 100.0, "source": "polygon_only", "capacity_method": "floor_approx", "active_pip": 0, "licensed": 0, "id": "1141011700100920026-1", "pnu": "1141011700100920026", "floors": 3, "height": 12.52}}, {"type": "Feature", "geometry": {"type": "Polygon", "coordinates": [[[126.92981358, 37.56795746], [126.92970101, 37.56789694], [126.92962656, 37.5679878], [126.92963342, 37.56803322], [126.92970785, 37.56808759], [126.92981358, 37.56795746]]]}, "properties": {"name": "연희동 132-39", "status": "full", "capacity": 4, "active": 4, "industry": "", "vacancy_rate": 0.0, "source": "pip_only", "capacity_method": "floor_approx", "active_pip": 4, "licensed": 2, "id": "1141011700101320039-1", "pnu": "1141011700101320039", "floors": 1, "height": 0.0}}, {"type": "Feature", "geometry": {"type": "Polygon", "coordinates": [[[126.92875692, 37.56903937], [126.92870468, 37.56910088], [126.92871562, 37.56914017], [126.92879606, 37.56918157], [126.92881544, 37.56915942], [126.92882483, 37.5691633], [126.92886211, 37.56911954], [126.92885623, 37.56911647], [126.92886779, 37.56909909], [126.92875692, 37.56903937]]]}, "properties": {"name": "정면기준좌측매장", "status": "full", "capacity": 1, "active": 1, "industry": "기타 교육", "vacancy_rate": 0.0, "vacancy_rate_lo": 0.0, "vacancy_rate_hi": 0.0, "stores": 1, "source": "stores+ledger", "capacity_method": "floor_ouln", "active_pip": 0, "licensed": 0, "com_floors": [1], "occ_floors": [1], "unknown_n": 0, "id": "1141011700101250003-1", "pnu": "1141011700101250003", "floors": 2, "height": 7.24}}, {"type": "Feature", "geometry": {"type": "Polygon", "coordinates": [[[126.92942043, 37.56786487], [126.92952324, 37.56794711], [126.92957431, 37.56794552], [126.92964308, 37.5678659], [126.92956628, 37.56780766], [126.92951066, 37.5678534], [126.92947197, 37.56782454], [126.92942043, 37.56786487]]]}, "properties": {"name": "연희동 130-1", "status": "full", "capacity": 2, "active": 2, "industry": "기타 생활용품 소매", "vacancy_rate": 0.0, "vacancy_rate_lo": 0.0, "vacancy_rate_hi": 50.0, "stores": 4, "source": "stores+ledger", "capacity_method": "floor_ouln", "active_pip": 0, "licensed": 2, "com_floors": [1, 2], "occ_floors": [1], "unknown_n": 1, "id": "1141011700101300001-2", "pnu": "1141011700101300001", "floors": 2, "height": 0.0}}, {"type": "Feature", "geometry": {"type": "Polygon", "coordinates": [[[126.9308493, 37.56843478], [126.93080365, 37.56846279], [126.93078544, 37.56844692], [126.93072915, 37.56848184], [126.93080155, 37.56854901], [126.93080822, 37.56854522], [126.93082722, 37.5685611], [126.93094072, 37.56848529], [126.93090701, 37.56845393], [126.93090916, 37.56845203], [126.93088744, 37.56843517], [126.93086728, 37.56844616], [126.9308493, 37.56843478]]]}, "properties": {"name": "연희동 133-27", "status": "empty", "capacity": 2, "active": 0, "industry": "", "vacancy_rate": 100.0, "source": "polygon_only", "capacity_method": "floor_approx", "active_pip": 0, "licensed": 0, "id": "1141011700101330027-1", "pnu": "1141011700101330027", "floors": 2, "height": 6.8}}, {"type": "Feature", "geometry": {"type": "Polygon", "coordinates": [[[126.93089793, 37.56970766], [126.93080898, 37.56981212], [126.93095187, 37.56988834], [126.93103947, 37.5697826], [126.93089793, 37.56970766]]]}, "properties": {"name": "엘리트빌딩", "status": "full", "capacity": 2, "active": 2, "industry": "한식", "vacancy_rate": 0.0, "vacancy_rate_lo": 0.0, "vacancy_rate_hi": 0.0, "stores": 2, "source": "stores+ledger", "capacity_method": "floor_ouln", "active_pip": 0, "licensed": 1, "com_floors": [1, 3], "occ_floors": [1, 3], "unknown_n": 0, "id": "1141011700101220004-1", "pnu": "1141011700101220004", "floors": 4, "height": 14.9}}, {"type": "Feature", "geometry": {"type": "Polygon", "coordinates": [[[126.93070434, 37.56887871], [126.93076914, 37.56882307], [126.93071021, 37.56877735], [126.9307272, 37.56876331], [126.93068569, 37.56873184], [126.93060232, 37.568799], [126.93070434, 37.56887871]]]}, "properties": {"name": "꽃집", "status": "full", "capacity": 2, "active": 2, "industry": "이용·미용", "vacancy_rate": 0.0, "vacancy_rate_lo": 0.0, "vacancy_rate_hi": 0.0, "stores": 4, "source": "stores+ledger", "capacity_method": "floor_ouln", "active_pip": 0, "licensed": 0, "com_floors": [1, 3], "occ_floors": [1, 3], "unknown_n": 0, "id": "1141011700101330012-1", "pnu": "1141011700101330012", "floors": 3, "height": 9.2}}, {"type": "Feature", "geometry": {"type": "Polygon", "coordinates": [[[126.93057256, 37.56792674], [126.93055601, 37.56794843], [126.93054787, 37.56794447], [126.93053019, 37.56796788], [126.93051548, 37.5679612], [126.93047536, 37.56801173], [126.93063557, 37.56809346], [126.93069382, 37.56802465], [126.9306877, 37.56802149], [126.9307063, 37.56799592], [126.93057256, 37.56792674]]]}, "properties": {"name": "우측", "status": "full", "capacity": 2, "active": 2, "industry": "한식", "vacancy_rate": 0.0, "vacancy_rate_lo": 0.0, "vacancy_rate_hi": 0.0, "stores": 4, "source": "stores+ledger", "capacity_method": "floor_ouln", "active_pip": 0, "licensed": 4, "com_floors": [1, 2], "occ_floors": [1, 2], "unknown_n": 0, "id": "1141011700101320051-1", "pnu": "1141011700101320051", "floors": 3, "height": 12.405}}, {"type": "Feature", "geometry": {"type": "Polygon", "coordinates": [[[126.92850265, 37.56835771], [126.92838049, 37.56838475], [126.92840421, 37.5684527], [126.92839232, 37.56845468], [126.92839864, 37.5684763], [126.92841041, 37.56847406], [126.92843513, 37.56854859], [126.92850487, 37.5685343], [126.92848974, 37.56848834], [126.92854114, 37.56847585], [126.92850265, 37.56835771]]]}, "properties": {"name": "연희동 126-6", "status": "empty", "capacity": 1, "active": 0, "industry": "", "vacancy_rate": 100.0, "source": "polygon_only", "capacity_method": "floor_approx", "active_pip": 0, "licensed": 0, "id": "1141011700101260006-1", "pnu": "1141011700101260006", "floors": 1, "height": 0.0}}, {"type": "Feature", "geometry": {"type": "Polygon", "coordinates": [[[126.93122216, 37.56895152], [126.93122222, 37.56895152], [126.93129787, 37.56889855], [126.93129453, 37.56889514], [126.93131701, 37.56887883], [126.93128962, 37.5688539], [126.9312979, 37.56884809], [126.93122644, 37.56878353], [126.93111426, 37.56886219], [126.93116945, 37.56891205], [126.93117462, 37.56890878], [126.93122216, 37.56895152]]]}, "properties": {"name": "연희동 133-19", "status": "full", "capacity": 2, "active": 2, "industry": "비알코올 ", "vacancy_rate": 0.0, "vacancy_rate_lo": 0.0, "vacancy_rate_hi": 50.0, "stores": 1, "source": "stores+ledger", "capacity_method": "floor_ouln", "active_pip": 0, "licensed": 0, "com_floors": [1, 2], "occ_floors": [1], "unknown_n": 1, "id": "1141011700101330019-1", "pnu": "1141011700101330019", "floors": 2, "height": 11.0}}, {"type": "Feature", "geometry": {"type": "Polygon", "coordinates": [[[126.93098934, 37.56803485], [126.93104718, 37.56804493], [126.93115919, 37.56798747], [126.93102618, 37.5678213], [126.93088078, 37.56789698], [126.93098934, 37.56803485]]]}, "properties": {"name": "연희동 137-4", "status": "partial", "capacity": 2, "active": 1, "industry": "중식", "vacancy_rate": 50.0, "vacancy_rate_lo": 50.0, "vacancy_rate_hi": 50.0, "stores": 3, "source": "stores+ledger", "capacity_method": "floor_ouln", "active_pip": 0, "licensed": 2, "com_floors": [1, 2], "occ_floors": [1], "unknown_n": 0, "id": "1141011700101370004-1", "pnu": "1141011700101370004", "floors": 2, "height": 8.14}}, {"type": "Feature", "geometry": {"type": "Polygon", "coordinates": [[[126.93090848, 37.56867779], [126.93086414, 37.56864331], [126.93082637, 37.56860351], [126.9307332, 37.56867941], [126.93078379, 37.56871875], [126.93085906, 37.56871805], [126.93090848, 37.56867779]]]}, "properties": {"name": "연희동 133-10", "status": "empty", "capacity": 4, "active": 0, "industry": "", "vacancy_rate": 100.0, "source": "polygon_only", "capacity_method": "floor_approx", "active_pip": 0, "licensed": 0, "id": "1141011700101330010-1", "pnu": "1141011700101330010", "floors": 4, "height": 13.9}}, {"type": "Feature", "geometry": {"type": "Polygon", "coordinates": [[[126.93081368, 37.56834556], [126.93090033, 37.56842694], [126.93100385, 37.56835709], [126.93090148, 37.56826095], [126.93085576, 37.5682918], [126.93081368, 37.56834556]]]}, "properties": {"name": "연희동 133-28", "status": "empty", "capacity": 2, "active": 0, "industry": "", "vacancy_rate": 100.0, "source": "polygon_only", "capacity_method": "floor_approx", "active_pip": 0, "licensed": 0, "id": "1141011700101330028-1", "pnu": "1141011700101330028", "floors": 2, "height": 8.0}}, {"type": "Feature", "geometry": {"type": "Polygon", "coordinates": [[[126.9316073, 37.56861227], [126.93149666, 37.56866519], [126.93156506, 37.56875506], [126.93167536, 37.56869935], [126.9316073, 37.56861227]]]}, "properties": {"name": "담빌딩", "status": "partial", "capacity": 5, "active": 3, "industry": "기타 보건", "vacancy_rate": 40.0, "vacancy_rate_lo": 40.0, "vacancy_rate_hi": 60.0, "stores": 5, "source": "stores+ledger", "capacity_method": "floor_ouln", "active_pip": 0, "licensed": 0, "com_floors": [1, 2, 3, 4, 5], "occ_floors": [1, 5], "unknown_n": 1, "id": "1141011700101340024-1", "pnu": "1141011700101340024", "floors": 6, "height": 17.5}}, {"type": "Feature", "geometry": {"type": "Polygon", "coordinates": [[[126.93063764, 37.56986385], [126.93069486, 37.56989463], [126.93070133, 37.56988508], [126.93084259, 37.56995843], [126.93085281, 37.5699476], [126.93086324, 37.56995302], [126.93091778, 37.5698856], [126.93070719, 37.56977733], [126.93063764, 37.56986385]]]}, "properties": {"name": "연희동 122-5", "status": "empty", "capacity": 6, "active": 0, "industry": "", "vacancy_rate": 100.0, "source": "polygon_only", "capacity_method": "floor_approx", "active_pip": 0, "licensed": 0, "id": "1141011700101220005-1", "pnu": "1141011700101220005", "floors": 6, "height": 21.4}}, {"type": "Feature", "geometry": {"type": "Polygon", "coordinates": [[[126.93092087, 37.56844674], [126.93095448, 37.56848964], [126.93096272, 37.56848517], [126.93098436, 37.56851285], [126.93109787, 37.56845481], [126.93104156, 37.5683838], [126.93092087, 37.56844674]]]}, "properties": {"name": "연희동 133-26", "status": "full", "capacity": 2, "active": 2, "industry": "한식", "vacancy_rate": 0.0, "vacancy_rate_lo": 0.0, "vacancy_rate_hi": 0.0, "stores": 2, "source": "stores+ledger", "capacity_method": "floor_ouln", "active_pip": 0, "licensed": 1, "com_floors": [1, 2], "occ_floors": [1, 2], "unknown_n": 0, "id": "1141011700101330026-1", "pnu": "1141011700101330026", "floors": 4, "height": 17.1}}, {"type": "Feature", "geometry": {"type": "Polygon", "coordinates": [[[126.93040131, 37.57086036], [126.93047715, 37.57089803], [126.93047725, 37.57089369], [126.93048878, 37.57089941], [126.93053314, 37.5708437], [126.93053573, 37.57084498], [126.9305572, 37.57081327], [126.93047344, 37.57077019], [126.93040345, 37.57085968], [126.93040131, 37.57086036]]]}, "properties": {"name": "연희동 95-35", "status": "high", "capacity": 4, "active": 1, "industry": "", "vacancy_rate": 75.0, "source": "pip_only", "capacity_method": "floor_approx", "active_pip": 0, "licensed": 1, "id": "1141011700100950035-1", "pnu": "1141011700100950035", "floors": 4, "height": 14.29}}, {"type": "Feature", "geometry": {"type": "Polygon", "coordinates": [[[126.93075835, 37.5693003], [126.93094053, 37.56939369], [126.93100588, 37.56931521], [126.93097925, 37.5693013], [126.93098062, 37.56929838], [126.93090403, 37.56925932], [126.93092093, 37.56923876], [126.93089337, 37.56922393], [126.93090925, 37.56920584], [126.93085915, 37.56917932], [126.93075835, 37.5693003]]]}, "properties": {"name": "연희동 122-16", "status": "empty", "capacity": 3, "active": 0, "industry": "", "vacancy_rate": 100.0, "source": "polygon_only", "capacity_method": "floor_approx", "active_pip": 0, "licensed": 0, "id": "1141011700101220016-1", "pnu": "1141011700101220016", "floors": 3, "height": 13.45}}, {"type": "Feature", "geometry": {"type": "Polygon", "coordinates": [[[126.92867722, 37.56964236], [126.92862884, 37.56969243], [126.92873451, 37.56974908], [126.92877314, 37.56970847], [126.92876851, 37.5697054], [126.92877735, 37.56968864], [126.92870755, 37.56965228], [126.92870426, 37.56965571], [126.92867722, 37.56964236]]]}, "properties": {"name": "연희동 117-12", "status": "empty", "capacity": 2, "active": 0, "industry": "", "vacancy_rate": 100.0, "source": "polygon_only", "capacity_method": "floor_approx", "active_pip": 0, "licensed": 0, "id": "1141011700101170012-1", "pnu": "1141011700101170012", "floors": 2, "height": 7.5}}, {"type": "Feature", "geometry": {"type": "Polygon", "coordinates": [[[126.92910599, 37.56752204], [126.92921747, 37.56743105], [126.92915338, 37.56738293], [126.9291036, 37.56742138], [126.92902898, 37.56736336], [126.92893112, 37.56744351], [126.92902364, 37.56751639], [126.92906244, 37.56748516], [126.92910599, 37.56752204]]]}, "properties": {"name": "연희동 130-8", "status": "full", "capacity": 4, "active": 4, "industry": "비알코올 ", "vacancy_rate": 0.0, "vacancy_rate_lo": 0.0, "vacancy_rate_hi": 0.0, "stores": 2, "source": "stores+ledger", "capacity_method": "floor_ouln", "active_pip": 0, "licensed": 2, "com_floors": [1, 2, 3, 4], "occ_floors": [1, 2, 3, 4], "unknown_n": 0, "id": "1141011700101300008-1", "pnu": "1141011700101300008", "floors": 4, "height": 16.78}}, {"type": "Feature", "geometry": {"type": "Polygon", "coordinates": [[[126.92637327, 37.56928433], [126.92636285, 37.56928541], [126.92635754, 37.56926522], [126.92632561, 37.5692852], [126.92632697, 37.56929187], [126.92632402, 37.56929268], [126.92635256, 37.5693919], [126.92646304, 37.56938458], [126.92644999, 37.56930808], [126.92641773, 37.56931211], [126.92641682, 37.56930851], [126.92638094, 37.56931307], [126.92637327, 37.56928433]]]}, "properties": {"name": "연희동 115-27", "status": "full", "capacity": 1, "active": 1, "industry": "이용·미용", "vacancy_rate": 0.0, "vacancy_rate_lo": 0.0, "vacancy_rate_hi": 0.0, "stores": 3, "source": "stores+ledger", "capacity_method": "floor_ouln", "active_pip": 0, "licensed": 1, "com_floors": [1], "occ_floors": [1], "unknown_n": 0, "id": "1141011700101150027-1", "pnu": "1141011700101150027", "floors": 2, "height": 0.0}}, {"type": "Feature", "geometry": {"type": "Polygon", "coordinates": [[[126.92623155, 37.56939795], [126.92635154, 37.56939199], [126.92632583, 37.56930007], [126.92629016, 37.569306], [126.92629386, 37.56934177], [126.92621382, 37.5693555], [126.92623155, 37.56939795]]]}, "properties": {"name": "연희동 115-27", "status": "full", "capacity": 1, "active": 1, "industry": "이용·미용", "vacancy_rate": 0.0, "vacancy_rate_lo": 0.0, "vacancy_rate_hi": 0.0, "stores": 3, "source": "stores+ledger", "capacity_method": "floor_ouln", "active_pip": 0, "licensed": 1, "com_floors": [1], "occ_floors": [1], "unknown_n": 0, "id": "1141011700101150027-2", "pnu": "1141011700101150027", "floors": 2, "height": 0.0}}, {"type": "Feature", "geometry": {"type": "Polygon", "coordinates": [[[126.92726828, 37.56737135], [126.92743583, 37.56738048], [126.9274388, 37.56733278], [126.92735297, 37.56732811], [126.92735525, 37.56730158], [126.92737165, 37.5673024], [126.92738037, 37.56729996], [126.92738826, 37.56729549], [126.92739452, 37.56728905], [126.92739779, 37.56728246], [126.92739918, 37.56727238], [126.92740205, 37.56725223], [126.92727412, 37.56723094], [126.92727234, 37.5672763], [126.92732203, 37.567279], [126.92731846, 37.56732712], [126.92727272, 37.56732463], [126.92726828, 37.56737135]]]}, "properties": {"name": "연희동 433-26", "status": "empty", "capacity": 2, "active": 0, "industry": "", "vacancy_rate": 100.0, "source": "polygon_only", "capacity_method": "floor_approx", "active_pip": 0, "licensed": 0, "id": "1141011700104330026-1", "pnu": "1141011700104330026", "floors": 2, "height": 8.95}}, {"type": "Feature", "geometry": {"type": "Polygon", "coordinates": [[[126.92707342, 37.57016495], [126.92701207, 37.57016365], [126.92701129, 37.57014572], [126.92695842, 37.57014541], [126.92695984, 37.57021596], [126.92697014, 37.57021598], [126.92697024, 37.57023084], [126.92711864, 37.57022822], [126.92711766, 37.57018218], [126.92707488, 37.57018207], [126.92707342, 37.57016495]]]}, "properties": {"name": "연희동 112-45", "status": "empty", "capacity": 1, "active": 0, "industry": "", "vacancy_rate": 100.0, "source": "polygon_only", "capacity_method": "floor_approx", "active_pip": 0, "licensed": 0, "id": "1141011700101120045-1", "pnu": "1141011700101120045", "floors": 1, "height": 0.0}}, {"type": "Feature", "geometry": {"type": "Polygon", "coordinates": [[[126.92775671, 37.56953377], [126.92775965, 37.56953377], [126.92775956, 37.56951819], [126.92774643, 37.56951728], [126.92774576, 37.56950674], [126.92770229, 37.56950635], [126.92770184, 37.56950085], [126.92767875, 37.56950147], [126.92767819, 37.56949732], [126.92765114, 37.56949641], [126.92765057, 37.56950226], [126.92764717, 37.56950199], [126.92764948, 37.56956938], [126.9276634, 37.56957002], [126.92766306, 37.5695757], [126.92766917, 37.56957624], [126.92766892, 37.56960003], [126.92779706, 37.56959633], [126.92779676, 37.56955948], [126.92778498, 37.56955956], [126.92778523, 37.56954064], [126.92775682, 37.56954035], [126.92775671, 37.56953377]]]}, "properties": {"name": "연희동 116-13", "status": "empty", "capacity": 2, "active": 0, "industry": "", "vacancy_rate": 100.0, "source": "polygon_only", "capacity_method": "floor_approx", "active_pip": 0, "licensed": 0, "id": "1141011700101160013-1", "pnu": "1141011700101160013", "floors": 2, "height": 0.0}}, {"type": "Feature", "geometry": {"type": "Polygon", "coordinates": [[[126.92746282, 37.56985012], [126.9275867, 37.56985675], [126.92761094, 37.56982057], [126.92755229, 37.56981744], [126.92755262, 37.56980662], [126.92761794, 37.56981011], [126.9276461, 37.56976761], [126.92741874, 37.56975655], [126.9274397, 37.56980057], [126.92751253, 37.56980448], [126.92751257, 37.56981739], [126.92744488, 37.56981169], [126.92746282, 37.56985012]]]}, "properties": {"name": "연희동 116-9", "status": "full", "capacity": 2, "active": 2, "industry": "기타 교육", "vacancy_rate": 0.0, "vacancy_rate_lo": 0.0, "vacancy_rate_hi": 50.0, "stores": 3, "source": "stores+ledger", "capacity_method": "floor_ouln", "active_pip": 0, "licensed": 1, "com_floors": [1, 2], "occ_floors": [1], "unknown_n": 1, "id": "1141011700101160009-1", "pnu": "1141011700101160009", "floors": 2, "height": 10.98}}, {"type": "Feature", "geometry": {"type": "Polygon", "coordinates": [[[126.9272265, 37.5688661], [126.92726402, 37.56886196], [126.92733301, 37.56884484], [126.92734378, 37.56884939], [126.9273598, 37.56882693], [126.92733684, 37.56881912], [126.92731259, 37.56875617], [126.92724804, 37.56876952], [126.92724514, 37.56875833], [126.92720893, 37.56876188], [126.92721558, 37.56880425], [126.92723594, 37.56880316], [126.92724188, 37.56884164], [126.92722183, 37.56884411], [126.92722531, 37.56886621], [126.9272265, 37.5688661]]]}, "properties": {"name": "연희동 437-12", "status": "partial", "capacity": 2, "active": 1, "industry": "", "vacancy_rate": 50.0, "source": "pip_only", "capacity_method": "floor_approx", "active_pip": 0, "licensed": 1, "id": "1141011700104370012-1", "pnu": "1141011700104370012", "floors": 2, "height": 9.7}}, {"type": "Feature", "geometry": {"type": "Polygon", "coordinates": [[[126.9291143, 37.56900832], [126.92911748, 37.56900093], [126.92911896, 37.56899192], [126.92911772, 37.56898408], [126.929053, 37.56895251], [126.92895192, 37.56906932], [126.9291223, 37.56915861], [126.92918123, 37.56908503], [126.92915171, 37.56906871], [126.92915964, 37.56905691], [126.92908905, 37.56901839], [126.92911011, 37.56901219], [126.9291143, 37.56900832]]]}, "properties": {"name": "연희동 125-5", "status": "empty", "capacity": 3, "active": 0, "industry": "", "vacancy_rate": 100.0, "source": "polygon_only", "capacity_method": "floor_approx", "active_pip": 0, "licensed": 0, "id": "1141011700101250005-1", "pnu": "1141011700101250005", "floors": 3, "height": 8.4}}, {"type": "Feature", "geometry": {"type": "Polygon", "coordinates": [[[126.92854581, 37.57046146], [126.92856371, 37.57044121], [126.92847525, 37.57037853], [126.92842767, 37.57042031], [126.92845697, 37.57044222], [126.92845243, 37.57044736], [126.92846804, 37.57045872], [126.92845377, 37.57047304], [126.92846893, 37.57048359], [126.92846575, 37.57048764], [126.92849211, 37.57050495], [126.92849755, 37.57050063], [126.92855694, 37.57053617], [126.92858062, 37.57051654], [126.92857564, 37.57050897], [126.92858087, 37.57050285], [126.9285597, 37.57048914], [126.92856854, 37.57047698], [126.92854581, 37.57046146]]]}, "properties": {"name": "연희동 119-7", "status": "partial", "capacity": 2, "active": 1, "industry": "일반 숙박", "vacancy_rate": 50.0, "vacancy_rate_lo": 50.0, "vacancy_rate_hi": 100.0, "stores": 2, "source": "stores+ledger", "capacity_method": "floor_ouln", "active_pip": 0, "licensed": 0, "com_floors": [1, 2], "occ_floors": [], "unknown_n": 1, "id": "1141011700101190007-1", "pnu": "1141011700101190007", "floors": 2, "height": 0.0}}, {"type": "Feature", "geometry": {"type": "Polygon", "coordinates": [[[126.92921981, 37.57103346], [126.92926163, 37.57098078], [126.92910594, 37.57089581], [126.92906073, 37.57095011], [126.92905655, 37.57094786], [126.92898833, 37.57102854], [126.92915588, 37.57111658], [126.92922331, 37.57103581], [126.92921981, 37.57103346]]]}, "properties": {"name": "연희동 108-2", "status": "empty", "capacity": 1, "active": 0, "industry": "", "vacancy_rate": 100.0, "source": "polygon_only", "capacity_method": "floor_approx", "active_pip": 0, "licensed": 0, "id": "1141011700101080002-1", "pnu": "1141011700101080002", "floors": 1, "height": 0.0}}, {"type": "Feature", "geometry": {"type": "Polygon", "coordinates": [[[126.93000527, 37.5708004], [126.93000006, 37.57080679], [126.9298771, 37.5709497], [126.92999997, 37.57101672], [126.9300037, 37.57101879], [126.93012984, 37.57086615], [126.93011162, 37.57085758], [126.93012997, 37.57083938], [126.93005485, 37.57079988], [126.93003751, 37.57081907], [126.93000527, 37.5708004]]]}, "properties": {"name": "오벨리스크", "status": "full", "capacity": 1, "active": 1, "industry": "의약·화장품 소매", "vacancy_rate": 0.0, "vacancy_rate_lo": 0.0, "vacancy_rate_hi": 0.0, "stores": 1, "source": "stores+ledger", "capacity_method": "floor_ouln", "active_pip": 0, "licensed": 0, "com_floors": [5], "occ_floors": [5], "unknown_n": 0, "id": "1141011700101210004-1", "pnu": "1141011700101210004", "floors": 6, "height": 20.8}}, {"type": "Feature", "geometry": {"type": "Polygon", "coordinates": [[[126.9315042, 37.57032564], [126.93156754, 37.57025143], [126.93151211, 37.57021986], [126.93152401, 37.570205], [126.93144142, 37.57016153], [126.93136538, 37.57024888], [126.9315042, 37.57032564]]]}, "properties": {"name": "연희동 92-14", "status": "empty", "capacity": 2, "active": 0, "industry": "", "vacancy_rate": 100.0, "source": "polygon_only", "capacity_method": "floor_approx", "active_pip": 0, "licensed": 0, "id": "1141011700100920014-1", "pnu": "1141011700100920014", "floors": 2, "height": 6.2}}, {"type": "Feature", "geometry": {"type": "Polygon", "coordinates": [[[126.93108864, 37.57107556], [126.93109365, 37.57104979], [126.93102076, 37.57103877], [126.93101166, 37.57108183], [126.93101597, 37.57108237], [126.93099608, 37.57116471], [126.93116348, 37.57119067], [126.93116643, 37.57117607], [126.93118035, 37.57117734], [126.93118864, 37.57114401], [126.93117508, 37.57114138], [126.93118428, 37.5710912], [126.93108864, 37.57107556]]]}, "properties": {"name": "연희동 95-54", "status": "empty", "capacity": 2, "active": 0, "industry": "", "vacancy_rate": 100.0, "source": "polygon_only", "capacity_method": "floor_approx", "active_pip": 0, "licensed": 0, "id": "1141011700100950054-1", "pnu": "1141011700100950054", "floors": 2, "height": 0.0}}, {"type": "Feature", "geometry": {"type": "Polygon", "coordinates": [[[126.93205865, 37.56993465], [126.93206465, 37.56993141], [126.93207279, 37.56994385], [126.93214323, 37.56991371], [126.93213565, 37.56990416], [126.93216147, 37.56988886], [126.93208639, 37.56978781], [126.93198381, 37.56983343], [126.93205865, 37.56993465]]]}, "properties": {"name": "연희동 90-2", "status": "empty", "capacity": 2, "active": 0, "industry": "", "vacancy_rate": 100.0, "source": "polygon_only", "capacity_method": "floor_approx", "active_pip": 0, "licensed": 0, "id": "1141011700100900002-1", "pnu": "1141011700100900002", "floors": 2, "height": 6.9}}, {"type": "Feature", "geometry": {"type": "Polygon", "coordinates": [[[126.93173749, 37.56959083], [126.93174745, 37.56958714], [126.93175819, 37.56960409], [126.93176317, 37.56960742], [126.93176883, 37.56960797], [126.93177415, 37.56960617], [126.93179631, 37.56963312], [126.93191453, 37.56957895], [126.93187327, 37.56952], [126.9318846, 37.56951415], [126.93185385, 37.56947125], [126.93170211, 37.56954044], [126.93173749, 37.56959083]]]}, "properties": {"name": "연희동 90-16", "status": "full", "capacity": 1, "active": 1, "industry": "", "vacancy_rate": 0.0, "source": "pip_only", "capacity_method": "floor_approx", "active_pip": 0, "licensed": 1, "id": "1141011700100900016-1", "pnu": "1141011700100900016", "floors": 1, "height": 0.0}}, {"type": "Feature", "geometry": {"type": "Polygon", "coordinates": [[[126.92871534, 37.57085215], [126.92865381, 37.57092555], [126.92878256, 37.57099491], [126.92880783, 37.57096177], [126.92881418, 37.57096457], [126.92885893, 37.57090981], [126.92877906, 37.57087038], [126.92877203, 37.57087849], [126.92871534, 37.57085215]]]}, "properties": {"name": "연희동 108-6", "status": "empty", "capacity": 2, "active": 0, "industry": "", "vacancy_rate": 100.0, "source": "polygon_only", "capacity_method": "floor_approx", "active_pip": 0, "licensed": 0, "id": "1141011700101080006-1", "pnu": "1141011700101080006", "floors": 2, "height": 11.2}}, {"type": "Feature", "geometry": {"type": "Polygon", "coordinates": [[[126.92873665, 37.57047437], [126.92871979, 37.57047599], [126.92872222, 37.57052509], [126.92878618, 37.57052378], [126.92878675, 37.57052693], [126.92883779, 37.57052237], [126.92883467, 37.57048452], [126.92882277, 37.5704856], [126.92881761, 37.57045595], [126.92873496, 37.57046194], [126.92873665, 37.57047437]]]}, "properties": {"name": "연희동 119-3", "status": "full", "capacity": 1, "active": 1, "industry": "", "vacancy_rate": 0.0, "source": "pip_only", "capacity_method": "floor_approx", "active_pip": 0, "licensed": 1, "id": "1141011700101190003-1", "pnu": "1141011700101190003", "floors": 1, "height": 0.0}}, {"type": "Feature", "geometry": {"type": "Polygon", "coordinates": [[[126.93092056, 37.57131441], [126.93092238, 37.57130928], [126.93088899, 37.57130601], [126.93089069, 37.57129088], [126.9308633, 37.57128879], [126.93086364, 37.57128203], [126.9308075, 37.57127758], [126.93079381, 37.57140254], [126.93085289, 37.57140663], [126.93085448, 37.57139681], [126.93091799, 37.57140081], [126.93092085, 37.57137063], [126.93092628, 37.571371], [126.9309329, 37.57131559], [126.93092056, 37.57131441]]]}, "properties": {"name": "연희동 95-23", "status": "empty", "capacity": 2, "active": 0, "industry": "", "vacancy_rate": 100.0, "source": "polygon_only", "capacity_method": "floor_approx", "active_pip": 0, "licensed": 0, "id": "1141011700100950023-1", "pnu": "1141011700100950023", "floors": 2, "height": 0.0}}, {"type": "Feature", "geometry": {"type": "Polygon", "coordinates": [[[126.93046913, 37.57167193], [126.93049287, 37.57159338], [126.93041511, 37.57157883], [126.93041478, 37.5715718], [126.93031835, 37.57155552], [126.93029099, 37.57164317], [126.93046913, 37.57167193]]]}, "properties": {"name": "연희동 206-3", "status": "empty", "capacity": 2, "active": 0, "industry": "", "vacancy_rate": 100.0, "source": "polygon_only", "capacity_method": "floor_approx", "active_pip": 0, "licensed": 0, "id": "1141011700102060003-1", "pnu": "1141011700102060003", "floors": 2, "height": 7.95}}, {"type": "Feature", "geometry": {"type": "Polygon", "coordinates": [[[126.93045377, 37.57028763], [126.93053004, 37.57019461], [126.93048694, 37.57017332], [126.93047243, 37.57018908], [126.93043464, 37.57017185], [126.93037084, 37.57024416], [126.93045377, 37.57028763]]]}, "properties": {"name": "연희동 121-17", "status": "high", "capacity": 3, "active": 1, "industry": "", "vacancy_rate": 66.7, "source": "pip_only", "capacity_method": "floor_approx", "active_pip": 0, "licensed": 1, "id": "1141011700101210017-1", "pnu": "1141011700101210017", "floors": 3, "height": 7.56}}, {"type": "Feature", "geometry": {"type": "Polygon", "coordinates": [[[126.92939881, 37.57147127], [126.9293077, 37.57157978], [126.92942762, 37.57164374], [126.92951942, 37.57153486], [126.92939881, 37.57147127]]]}, "properties": {"name": "연희동 107-6", "status": "empty", "capacity": 3, "active": 0, "industry": "", "vacancy_rate": 100.0, "source": "polygon_only", "capacity_method": "floor_approx", "active_pip": 0, "licensed": 0, "id": "1141011700101070006-1", "pnu": "1141011700101070006", "floors": 3, "height": 0.0}}, {"type": "Feature", "geometry": {"type": "Polygon", "coordinates": [[[126.93136142, 37.56913705], [126.93134887, 37.56912596], [126.93133256, 37.56913694], [126.93132554, 37.5691318], [126.93118315, 37.56924507], [126.93135734, 37.56938266], [126.93136062, 37.56938392], [126.93136311, 37.56938365], [126.93136526, 37.56938267], [126.93137036, 37.5693778], [126.93161242, 37.56908656], [126.93161344, 37.56908386], [126.93161265, 37.56908143], [126.93153541, 37.56900498], [126.931479, 37.56904927], [126.93147345, 37.56904557], [126.93141908, 37.56908816], [126.93141354, 37.56908257], [126.93139553, 37.56909544], [126.93140401, 37.56910239], [126.93136142, 37.56913705]]]}, "properties": {"name": "범우빌딩", "status": "full", "capacity": 4, "active": 4, "industry": "한식", "vacancy_rate": 0.0, "vacancy_rate_lo": 0.0, "vacancy_rate_hi": 50.0, "stores": 6, "source": "stores+ledger", "capacity_method": "floor_ouln", "active_pip": 0, "licensed": 2, "com_floors": [1, 3, 4, 5], "occ_floors": [1, 4], "unknown_n": 2, "id": "1141011700101330001-1", "pnu": "1141011700101330001", "floors": 5, "height": 18.1}}, {"type": "Feature", "geometry": {"type": "Polygon", "coordinates": [[[126.93119593, 37.56937464], [126.93109748, 37.569469], [126.93123936, 37.56954802], [126.93131222, 37.56946057], [126.93119593, 37.56937464]]]}, "properties": {"name": "연희동 122-1", "status": "partial", "capacity": 2, "active": 1, "industry": "섬유·의복·신발 소매", "vacancy_rate": 50.0, "vacancy_rate_lo": 50.0, "vacancy_rate_hi": 50.0, "stores": 3, "source": "stores+ledger", "capacity_method": "floor_ouln", "active_pip": 0, "licensed": 2, "com_floors": [1, 2], "occ_floors": [1], "unknown_n": 0, "id": "1141011700101220001-1", "pnu": "1141011700101220001", "floors": 2, "height": 0.0}}, {"type": "Feature", "geometry": {"type": "Polygon", "coordinates": [[[126.93054415, 37.57018695], [126.93045388, 37.57030025], [126.93056397, 37.57035573], [126.93065664, 37.57024491], [126.93054415, 37.57018695]]]}, "properties": {"name": "연희동 121-16", "status": "full", "capacity": 1, "active": 1, "industry": "이용·미용", "vacancy_rate": 0.0, "vacancy_rate_lo": 0.0, "vacancy_rate_hi": 0.0, "stores": 1, "source": "stores+ledger", "capacity_method": "floor_ouln", "active_pip": 0, "licensed": 1, "com_floors": [1], "occ_floors": [1], "unknown_n": 0, "id": "1141011700101210016-1", "pnu": "1141011700101210016", "floors": 2, "height": 7.6}}, {"type": "Feature", "geometry": {"type": "Polygon", "coordinates": [[[126.93021203, 37.57078254], [126.93020746, 37.5707797], [126.93009505, 37.57078783], [126.93009616, 37.57081009], [126.93016033, 37.57084381], [126.93021203, 37.57078254]]]}, "properties": {"name": "연희동 121-5", "status": "partial", "capacity": 2, "active": 1, "industry": "장식품 소매", "vacancy_rate": 50.0, "vacancy_rate_lo": 50.0, "vacancy_rate_hi": 100.0, "stores": 1, "source": "stores+ledger", "capacity_method": "floor_ouln", "active_pip": 0, "licensed": 0, "com_floors": [1, 2], "occ_floors": [], "unknown_n": 1, "id": "1141011700101210005-1", "pnu": "1141011700101210005", "floors": 2, "height": 0.0}}, {"type": "Feature", "geometry": {"type": "Polygon", "coordinates": [[[126.93043067, 37.57029879], [126.9303569, 37.57038515], [126.93036427, 37.57038903], [126.93032449, 37.57043694], [126.93041749, 37.57048538], [126.9305052, 37.57037993], [126.93051266, 37.57038354], [126.93053545, 37.57035769], [126.93052276, 37.5703502], [126.93052549, 37.57034714], [126.93043067, 37.57029879]]]}, "properties": {"name": "연희동 121-14", "status": "full", "capacity": 1, "active": 1, "industry": "기타 교육", "vacancy_rate": 0.0, "vacancy_rate_lo": 0.0, "vacancy_rate_hi": 0.0, "stores": 2, "source": "stores+ledger", "capacity_method": "floor_ouln", "active_pip": 0, "licensed": 0, "com_floors": [1], "occ_floors": [1], "unknown_n": 0, "id": "1141011700101210014-1", "pnu": "1141011700101210014", "floors": 4, "height": 12.0}}, {"type": "Feature", "geometry": {"type": "Polygon", "coordinates": [[[126.93025686, 37.57060493], [126.93025188, 37.57061196], [126.93019078, 37.57058246], [126.93008402, 37.57072134], [126.93009499, 37.57072504], [126.93009554, 37.57074512], [126.93016015, 37.57077544], [126.93021358, 37.57076872], [126.93031672, 37.57063452], [126.93025686, 37.57060493]]]}, "properties": {"name": "연희동 121-6", "status": "high", "capacity": 3, "active": 1, "industry": "자동차 수리·세차", "vacancy_rate": 66.7, "vacancy_rate_lo": 66.7, "vacancy_rate_hi": 100.0, "stores": 1, "source": "stores+ledger", "capacity_method": "floor_ouln", "active_pip": 0, "licensed": 0, "com_floors": [1, 2, 3], "occ_floors": [], "unknown_n": 1, "id": "1141011700101210006-1", "pnu": "1141011700101210006", "floors": 4, "height": 0.0}}, {"type": "Feature", "geometry": {"type": "Polygon", "coordinates": [[[126.93129359, 37.57015856], [126.93142616, 37.57000006], [126.93146232, 37.56995684], [126.93127009, 37.56985365], [126.93114816, 37.57000009], [126.93109977, 37.57005673], [126.93129359, 37.57015856]]]}, "properties": {"name": "연희빌딩", "status": "full", "capacity": 4, "active": 4, "industry": "섬유·의복·신발 소매", "vacancy_rate": 0.0, "vacancy_rate_lo": 0.0, "vacancy_rate_hi": 50.0, "stores": 6, "source": "stores+ledger", "capacity_method": "floor_ouln", "active_pip": 0, "licensed": 0, "com_floors": [1, 2, 3, 5], "occ_floors": [1, 2], "unknown_n": 2, "id": "1141011700100920018-1", "pnu": "1141011700100920018", "floors": 5, "height": 15.8}}, {"type": "Feature", "geometry": {"type": "Polygon", "coordinates": [[[126.93177523, 37.56929145], [126.93171929, 37.56932377], [126.93162772, 37.56943471], [126.93166549, 37.5694806], [126.93176616, 37.56942858], [126.93178799, 37.56945301], [126.93179524, 37.56944878], [126.93180055, 37.56945338], [126.93187688, 37.5694108], [126.93177523, 37.56929145]]]}, "properties": {"name": "연궁빌딩", "status": "full", "capacity": 4, "active": 4, "industry": "섬유·의복·신발 소매", "vacancy_rate": 0.0, "vacancy_rate_lo": 0.0, "vacancy_rate_hi": 25.0, "stores": 8, "source": "stores+ledger", "capacity_method": "floor_ouln", "active_pip": 0, "licensed": 2, "com_floors": [1, 2, 3, 4], "occ_floors": [1, 3, 4], "unknown_n": 1, "id": "1141011700100900005-1", "pnu": "1141011700100900005", "floors": 4, "height": 0.0}}, {"type": "Feature", "geometry": {"type": "Polygon", "coordinates": [[[126.93162895, 37.56969816], [126.93171014, 37.56966325], [126.9316526, 37.56958483], [126.93170537, 37.56955747], [126.93162137, 37.56944561], [126.93152709, 37.56955846], [126.93162895, 37.56969816]]]}, "properties": {"name": "연희동 90-15", "status": "full", "capacity": 2, "active": 2, "industry": "오락용품 소매", "vacancy_rate": 0.0, "vacancy_rate_lo": 0.0, "vacancy_rate_hi": 0.0, "stores": 3, "source": "stores+ledger", "capacity_method": "floor_ouln", "active_pip": 0, "licensed": 0, "com_floors": [1, 2], "occ_floors": [1, 2], "unknown_n": 0, "id": "1141011700100900015-1", "pnu": "1141011700100900015", "floors": 3, "height": 0.0}}, {"type": "Feature", "geometry": {"type": "Polygon", "coordinates": [[[126.93010885, 37.56905248], [126.93010891, 37.56905241], [126.93012688, 37.56903109], [126.93013488, 37.56903535], [126.93013834, 37.56903128], [126.93013035, 37.56902698], [126.93014296, 37.56901203], [126.93015096, 37.56901629], [126.93015447, 37.56901221], [126.93012487, 37.56899635], [126.93013379, 37.56898566], [126.93006828, 37.5689507], [126.93010658, 37.56890524], [126.93015732, 37.56893234], [126.93016143, 37.56892745], [126.9301901, 37.56894277], [126.93018598, 37.56894766], [126.9301935, 37.56895167], [126.93021683, 37.56892399], [126.93009794, 37.56886048], [126.93005331, 37.56891341], [126.93004321, 37.56890801], [126.92997966, 37.56898338], [126.93010885, 37.56905248]]]}, "properties": {"name": "연희동 124-43", "status": "full", "capacity": 1, "active": 1, "industry": "섬유·의복·신발 소매", "vacancy_rate": 0.0, "vacancy_rate_lo": 0.0, "vacancy_rate_hi": 0.0, "stores": 3, "source": "stores+ledger", "capacity_method": "floor_ouln", "active_pip": 0, "licensed": 0, "com_floors": [1], "occ_floors": [1], "unknown_n": 0, "id": "1141011700101240043-1", "pnu": "1141011700101240043", "floors": 2, "height": 9.098}}, {"type": "Feature", "geometry": {"type": "Polygon", "coordinates": [[[126.92884788, 37.56920535], [126.92888968, 37.5692283], [126.92890196, 37.56921414], [126.92893294, 37.56923116], [126.92896541, 37.56919371], [126.92897602, 37.56919954], [126.92900823, 37.56916239], [126.92890212, 37.5691041], [126.92882803, 37.56918957], [126.92884689, 37.56919993], [126.92884403, 37.56920323], [126.92884788, 37.56920535]]]}, "properties": {"name": "연희동 125-2", "status": "full", "capacity": 1, "active": 1, "industry": "이용·미용", "vacancy_rate": 0.0, "vacancy_rate_lo": 0.0, "vacancy_rate_hi": 0.0, "stores": 3, "source": "stores+ledger", "capacity_method": "floor_ouln", "active_pip": 0, "licensed": 2, "com_floors": [1], "occ_floors": [1], "unknown_n": 0, "id": "1141011700101250002-1", "pnu": "1141011700101250002", "floors": 2, "height": 9.436}}, {"type": "Feature", "geometry": {"type": "Polygon", "coordinates": [[[126.92971457, 37.57108355], [126.92985229, 37.57116036], [126.92994617, 37.57104937], [126.92995562, 37.57103869], [126.92991551, 37.57101914], [126.92988784, 37.57104829], [126.92985569, 37.57103304], [126.92988416, 37.57100296], [126.92983926, 37.57097781], [126.92983306, 37.57098426], [126.9298209, 37.57097926], [126.929754, 37.57105586], [126.92974213, 37.57105053], [126.92971457, 37.57108355]]]}, "properties": {"name": "연희동 121-1", "status": "full", "capacity": 4, "active": 4, "industry": "섬유·의복·신발 소매", "vacancy_rate": 0.0, "vacancy_rate_lo": 0.0, "vacancy_rate_hi": 25.0, "stores": 2, "source": "stores+ledger", "capacity_method": "floor_ouln", "active_pip": 0, "licensed": 0, "com_floors": [1, 2, 3, 4], "occ_floors": [1, 3, 4], "unknown_n": 1, "id": "1141011700101210001-1", "pnu": "1141011700101210001", "floors": 6, "height": 25.22}}, {"type": "Feature", "geometry": {"type": "Polygon", "coordinates": [[[126.92873723, 37.56989074], [126.92889671, 37.56989596], [126.92890028, 37.56982665], [126.92877474, 37.56982253], [126.92877349, 37.56984684], [126.92873956, 37.56984573], [126.92873723, 37.56989074]]]}, "properties": {"name": "연희동 119-24", "status": "partial", "capacity": 2, "active": 1, "industry": "", "vacancy_rate": 50.0, "source": "pip_only", "capacity_method": "floor_approx", "active_pip": 0, "licensed": 1, "id": "1141011700101190024-1", "pnu": "1141011700101190024", "floors": 2, "height": 8.32}}, {"type": "Feature", "geometry": {"type": "Polygon", "coordinates": [[[126.92823593, 37.56900239], [126.92823843, 37.5689786], [126.92819102, 37.56897227], [126.92819192, 37.56896867], [126.92815174, 37.56896414], [126.92812933, 37.56908639], [126.92824127, 37.56909763], [126.92825459, 37.56900456], [126.92823593, 37.56900239]]]}, "properties": {"name": "연희동 115-41", "status": "empty", "capacity": 2, "active": 0, "industry": "", "vacancy_rate": 100.0, "source": "polygon_only", "capacity_method": "floor_approx", "active_pip": 0, "licensed": 0, "id": "1141011700101150041-1", "pnu": "1141011700101150041", "floors": 2, "height": 6.5}}, {"type": "Feature", "geometry": {"type": "Polygon", "coordinates": [[[126.92630825, 37.56966794], [126.92619425, 37.56968498], [126.92621779, 37.56980068], [126.92633553, 37.5697831], [126.92630825, 37.56966794]]]}, "properties": {"name": "연희동 114-9", "status": "empty", "capacity": 2, "active": 0, "industry": "", "vacancy_rate": 100.0, "source": "polygon_only", "capacity_method": "floor_approx", "active_pip": 0, "licensed": 0, "id": "1141011700101140009-1", "pnu": "1141011700101140009", "floors": 2, "height": 0.0}}, {"type": "Feature", "geometry": {"type": "Polygon", "coordinates": [[[126.92783556, 37.57004991], [126.92781074, 37.57008215], [126.927856, 37.57010389], [126.92785294, 37.57010839], [126.92789876, 37.57013266], [126.92797934, 37.5700327], [126.92792525, 37.57000699], [126.92790168, 37.57003454], [126.9278691, 37.57001984], [126.92784167, 37.57005216], [126.92783556, 37.57004991]]]}, "properties": {"name": "연희동 117-5", "status": "full", "capacity": 1, "active": 1, "industry": "장식품 소매", "vacancy_rate": 0.0, "vacancy_rate_lo": 0.0, "vacancy_rate_hi": 100.0, "stores": 1, "source": "stores+ledger", "capacity_method": "floor_ouln", "active_pip": 0, "licensed": 0, "com_floors": [1], "occ_floors": [], "unknown_n": 1, "id": "1141011700101170005-1", "pnu": "1141011700101170005", "floors": 2, "height": 11.0}}, {"type": "Feature", "geometry": {"type": "Polygon", "coordinates": [[[126.9270878, 37.57059604], [126.92718249, 37.57062472], [126.92721442, 37.57055822], [126.92719854, 37.57055213], [126.92721833, 37.5705119], [126.92713797, 37.5704875], [126.92708595, 37.57059742], [126.9270878, 37.57059604]]]}, "properties": {"name": "연희동 112-16", "status": "empty", "capacity": 2, "active": 0, "industry": "", "vacancy_rate": 100.0, "source": "polygon_only", "capacity_method": "floor_approx", "active_pip": 0, "licensed": 0, "id": "1141011700101120016-1", "pnu": "1141011700101120016", "floors": 2, "height": 10.92}}, {"type": "Feature", "geometry": {"type": "Polygon", "coordinates": [[[126.93211155, 37.56914271], [126.93211846, 37.56913965], [126.93215668, 37.56918724], [126.93214977, 37.5691912], [126.93221049, 37.56926458], [126.93221558, 37.56926179], [126.93223865, 37.56928829], [126.9323314, 37.56924023], [126.93207191, 37.56891672], [126.93206603, 37.56891077], [126.93205981, 37.56890878], [126.93205437, 37.56891058], [126.93187487, 37.56912717], [126.93187511, 37.56913258], [126.93187634, 37.56913465], [126.93187837, 37.56913636], [126.9318812, 37.56913717], [126.93188528, 37.5691369], [126.93188947, 37.56913637], [126.93195813, 37.56918028], [126.93204109, 37.56908392], [126.93201666, 37.5690512], [126.9320401, 37.56903986], [126.93205898, 37.56906492], [126.93205151, 37.56906834], [126.93211155, 37.56914271]]]}, "properties": {"name": "연화아파트", "status": "full", "capacity": 2, "active": 2, "industry": "섬유·의복·신발 소매", "vacancy_rate": 0.0, "vacancy_rate_lo": null, "vacancy_rate_hi": null, "stores": 2, "source": "stores+ledger", "capacity_method": "expos_units", "active_pip": 0, "licensed": 0, "com_floors": null, "occ_floors": null, "unknown_n": null, "id": "1141011700100890009-1", "pnu": "1141011700100890009", "floors": 5, "height": 0.0}}, {"type": "Feature", "geometry": {"type": "Polygon", "coordinates": [[[126.93206318, 37.56793192], [126.93198459, 37.56796954], [126.93212265, 37.56813892], [126.93219728, 37.56810229], [126.93206318, 37.56793192]]]}, "properties": {"name": "연희동 135-8", "status": "full", "capacity": 3, "active": 3, "industry": "기타 간이", "vacancy_rate": 0.0, "vacancy_rate_lo": 0.0, "vacancy_rate_hi": 33.3, "stores": 4, "source": "stores+ledger", "capacity_method": "floor_ouln", "active_pip": 0, "licensed": 3, "com_floors": [1, 2, 3], "occ_floors": [1, 2], "unknown_n": 1, "id": "1141011700101350008-1", "pnu": "1141011700101350008", "floors": 3, "height": 0.0}}, {"type": "Feature", "geometry": {"type": "Polygon", "coordinates": [[[126.93179472, 37.56814855], [126.93170266, 37.56819184], [126.93172154, 37.56821671], [126.93172698, 37.56821419], [126.93199334, 37.56855528], [126.93181498, 37.56864654], [126.93190533, 37.56875507], [126.93203995, 37.56859333], [126.93205899, 37.56855298], [126.93206268, 37.5684864], [126.93179472, 37.56814855]]]}, "properties": {"name": "연희동 134-20", "status": "full", "capacity": 2, "active": 2, "industry": "의약·화장품 소매", "vacancy_rate": 0.0, "vacancy_rate_lo": 0.0, "vacancy_rate_hi": 0.0, "stores": 23, "source": "stores+ledger+pip", "capacity_method": "floor_ouln", "active_pip": 19, "licensed": 8, "com_floors": [1, 2], "occ_floors": [1, 2], "unknown_n": 0, "id": "1141011700101340020-1", "pnu": "1141011700101340020", "floors": 2, "height": 0.0}}, {"type": "Feature", "geometry": {"type": "Polygon", "coordinates": [[[126.93164832, 37.56880683], [126.93163939, 37.56881124], [126.93163441, 37.56880619], [126.93161663, 37.568816], [126.93172483, 37.56895391], [126.93172856, 37.56895625], [126.93173275, 37.56895698], [126.93173694, 37.56895536], [126.93174181, 37.5689514], [126.93174577, 37.56894717], [126.93181716, 37.56886251], [126.93176572, 37.56880166], [126.93171555, 37.56882606], [126.93169373, 37.56879685], [126.931655, 37.56881664], [126.93164832, 37.56880683]]]}, "properties": {"name": "일부호", "status": "full", "capacity": 4, "active": 4, "industry": "기타 교육", "vacancy_rate": 0.0, "vacancy_rate_lo": 0.0, "vacancy_rate_hi": 0.0, "stores": 6, "source": "stores+ledger", "capacity_method": "floor_ouln", "active_pip": 0, "licensed": 1, "com_floors": [1, 2, 4, 5], "occ_floors": [1, 2, 4, 5], "unknown_n": 0, "id": "1141011700101340002-1", "pnu": "1141011700101340002", "floors": 5, "height": 18.0}}, {"type": "Feature", "geometry": {"type": "Polygon", "coordinates": [[[126.92817549, 37.56721757], [126.9280553, 37.56731128], [126.92812859, 37.56736773], [126.92824629, 37.56727599], [126.92817549, 37.56721757]]]}, "properties": {"name": "연희동 128-27", "status": "full", "capacity": 2, "active": 2, "industry": "비알코올 ", "vacancy_rate": 0.0, "vacancy_rate_lo": 0.0, "vacancy_rate_hi": 0.0, "stores": 4, "source": "stores+ledger", "capacity_method": "floor_ouln", "active_pip": 0, "licensed": 3, "com_floors": [1, 2], "occ_floors": [1, 2], "unknown_n": 0, "id": "1141011700101280027-1", "pnu": "1141011700101280027", "floors": 2, "height": 8.7}}, {"type": "Feature", "geometry": {"type": "Polygon", "coordinates": [[[126.92822715, 37.56741591], [126.92820381, 37.56743616], [126.92824769, 37.56747205], [126.92837117, 37.56737446], [126.92828406, 37.56730647], [126.92823241, 37.56734761], [126.92826125, 37.56737007], [126.92821414, 37.56740644], [126.92822715, 37.56741591]]]}, "properties": {"name": "연희동 128-26", "status": "full", "capacity": 2, "active": 2, "industry": "기타 간이", "vacancy_rate": 0.0, "vacancy_rate_lo": 0.0, "vacancy_rate_hi": 0.0, "stores": 3, "source": "stores+ledger", "capacity_method": "floor_ouln", "active_pip": 0, "licensed": 0, "com_floors": [1, 2], "occ_floors": [1, 2], "unknown_n": 0, "id": "1141011700101280026-1", "pnu": "1141011700101280026", "floors": 2, "height": 10.194}}, {"type": "Feature", "geometry": {"type": "Polygon", "coordinates": [[[126.9290893, 37.5673166], [126.92902099, 37.56726061], [126.92899927, 37.56724374], [126.92896586, 37.56727048], [126.92897649, 37.56727896], [126.92892845, 37.56732227], [126.92900434, 37.56738331], [126.9290893, 37.5673166]]]}, "properties": {"name": "좌측", "status": "full", "capacity": 2, "active": 2, "industry": "기타 교육", "vacancy_rate": 0.0, "vacancy_rate_lo": 0.0, "vacancy_rate_hi": 0.0, "stores": 3, "source": "stores+ledger", "capacity_method": "floor_ouln", "active_pip": 0, "licensed": 3, "com_floors": [1, 2], "occ_floors": [1, 2], "unknown_n": 0, "id": "1141011700101300011-1", "pnu": "1141011700101300011", "floors": 3, "height": 13.56}}, {"type": "Feature", "geometry": {"type": "Polygon", "coordinates": [[[126.92682631, 37.56739315], [126.92689453, 37.56731553], [126.92680821, 37.56726322], [126.92682475, 37.56724593], [126.92676988, 37.56721436], [126.92667686, 37.56731179], [126.92681475, 37.5673954], [126.92682042, 37.56739063], [126.92682631, 37.56739315]]]}, "properties": {"name": "연희동 421-65", "status": "empty", "capacity": 2, "active": 0, "industry": "", "vacancy_rate": 100.0, "source": "polygon_only", "capacity_method": "floor_approx", "active_pip": 0, "licensed": 0, "id": "1141011700104210065-1", "pnu": "1141011700104210065", "floors": 2, "height": 0.0}}, {"type": "Feature", "geometry": {"type": "Polygon", "coordinates": [[[126.92654364, 37.56786196], [126.92660682, 37.56791743], [126.92664293, 37.56792097], [126.9266834, 37.56790765], [126.9266658, 37.56787378], [126.92663649, 37.56788342], [126.92662746, 37.56786942], [126.92665723, 37.56785725], [126.92663934, 37.56782283], [126.92654364, 37.56786196]]]}, "properties": {"name": "연희동 433-52", "status": "empty", "capacity": 2, "active": 0, "industry": "", "vacancy_rate": 100.0, "source": "polygon_only", "capacity_method": "floor_approx", "active_pip": 0, "licensed": 0, "id": "1141011700104330052-1", "pnu": "1141011700104330052", "floors": 2, "height": 8.3}}, {"type": "Feature", "geometry": {"type": "Polygon", "coordinates": [[[126.93134076, 37.56820559], [126.93139229, 37.56817922], [126.931401, 37.56818986], [126.93143282, 37.56817555], [126.93131467, 37.5680242], [126.93123167, 37.56806453], [126.93134076, 37.56820559]]]}, "properties": {"name": "벨로뜨빌", "status": "full", "capacity": 2, "active": 2, "industry": "일반 교육", "vacancy_rate": 0.0, "vacancy_rate_lo": 0.0, "vacancy_rate_hi": 0.0, "stores": 1, "source": "stores+ledger", "capacity_method": "floor_ouln", "active_pip": 0, "licensed": 0, "com_floors": [1, 2], "occ_floors": [1, 2], "unknown_n": 0, "id": "1141011700101340029-1", "pnu": "1141011700101340029", "floors": 4, "height": 12.5}}, {"type": "Feature", "geometry": {"type": "Polygon", "coordinates": [[[126.93205608, 37.57001971], [126.93203773, 37.5700297], [126.93202847, 37.57001609], [126.93193232, 37.57006459], [126.93195154, 37.57008965], [126.93194259, 37.57009523], [126.93199064, 37.57015995], [126.9320929, 37.57011082], [126.93208566, 37.57009982], [126.93211205, 37.57008731], [126.9320934, 37.57006108], [126.93208298, 37.57006477], [126.93205608, 37.57001971]]]}, "properties": {"name": "연희동 90-10", "status": "empty", "capacity": 2, "active": 0, "industry": "", "vacancy_rate": 100.0, "source": "polygon_only", "capacity_method": "floor_approx", "active_pip": 0, "licensed": 0, "id": "1141011700100900010-1", "pnu": "1141011700100900010", "floors": 2, "height": 0.0}}, {"type": "Feature", "geometry": {"type": "Polygon", "coordinates": [[[126.93146817, 37.56962636], [126.9314607, 37.56962608], [126.93145356, 37.56962688], [126.93145005, 37.56963049], [126.93135475, 37.5697463], [126.93148757, 37.56981963], [126.93154672, 37.5697492], [126.93155, 37.56974921], [126.9315534, 37.56974623], [126.93147574, 37.56963527], [126.9314719, 37.56962834], [126.93146817, 37.56962636]]]}, "properties": {"name": "연희동 92-21", "status": "full", "capacity": 2, "active": 2, "industry": "세탁", "vacancy_rate": 0.0, "vacancy_rate_lo": 0.0, "vacancy_rate_hi": 50.0, "stores": 4, "source": "stores+ledger", "capacity_method": "floor_ouln", "active_pip": 0, "licensed": 2, "com_floors": [1, 2], "occ_floors": [1], "unknown_n": 1, "id": "1141011700100920021-1", "pnu": "1141011700100920021", "floors": 3, "height": 0.0}}, {"type": "Feature", "geometry": {"type": "Polygon", "coordinates": [[[126.93107529, 37.56763249], [126.93122828, 37.56755834], [126.93126638, 37.56761008], [126.93132889, 37.56757678], [126.93124173, 37.56746203], [126.93102476, 37.56756867], [126.93107529, 37.56763249]]]}, "properties": {"name": "연희동 137-2", "status": "empty", "capacity": 2, "active": 0, "industry": "", "vacancy_rate": 100.0, "source": "polygon_only", "capacity_method": "floor_approx", "active_pip": 0, "licensed": 0, "id": "1141011700101370002-1", "pnu": "1141011700101370002", "floors": 2, "height": 0.0}}, {"type": "Feature", "geometry": {"type": "Polygon", "coordinates": [[[126.93129637, 37.5687231], [126.93130056, 37.56872175], [126.9312611, 37.56867866], [126.93125022, 37.56868496], [126.93121461, 37.56864475], [126.93120147, 37.56864988], [126.9311974, 37.5686451], [126.93118257, 37.5686532], [126.93118381, 37.56865446], [126.93112367, 37.56868912], [126.93114708, 37.56871589], [126.93114164, 37.56871886], [126.93116267, 37.56874302], [126.93117139, 37.56873699], [126.9311913, 37.5687561], [126.93119639, 37.56875358], [126.93120872, 37.56876818], [126.93120238, 37.56877115], [126.93120905, 37.56877999], [126.93127009, 37.56874723], [126.93127325, 37.56875083], [126.93128617, 37.56874291], [126.93127972, 37.56873786], [126.93129954, 37.56872742], [126.93129637, 37.5687231]]]}, "properties": {"name": "연희동 133-20", "status": "partial", "capacity": 2, "active": 1, "industry": "한식", "vacancy_rate": 50.0, "vacancy_rate_lo": 50.0, "vacancy_rate_hi": 100.0, "stores": 1, "source": "stores+ledger", "capacity_method": "floor_ouln", "active_pip": 0, "licensed": 0, "com_floors": [1, 2], "occ_floors": [], "unknown_n": 1, "id": "1141011700101330020-1", "pnu": "1141011700101330020", "floors": 2, "height": 0.0}}, {"type": "Feature", "geometry": {"type": "Polygon", "coordinates": [[[126.9311817, 37.56910126], [126.93118533, 37.56909821], [126.93113057, 37.56905781], [126.93109048, 37.56909104], [126.93110168, 37.56909996], [126.93104696, 37.5691448], [126.93112569, 37.56920728], [126.93121812, 37.56912868], [126.9311817, 37.56910126]]]}, "properties": {"name": "구동", "status": "full", "capacity": 3, "active": 3, "industry": "기타 간이", "vacancy_rate": 0.0, "vacancy_rate_lo": 0.0, "vacancy_rate_hi": 0.0, "stores": 6, "source": "stores+ledger", "capacity_method": "floor_ouln", "active_pip": 0, "licensed": 5, "com_floors": [1, 2, 3], "occ_floors": [1, 2, 3], "unknown_n": 0, "id": "1141011700101330030-1", "pnu": "1141011700101330030", "floors": 4, "height": 11.5}}, {"type": "Feature", "geometry": {"type": "Polygon", "coordinates": [[[126.93133599, 37.56761535], [126.93132512, 37.56762047], [126.93130861, 37.56759677], [126.9311897, 37.56765815], [126.93120598, 37.56768077], [126.93119579, 37.56768491], [126.93126724, 37.56777406], [126.9314054, 37.56770278], [126.93133599, 37.56761535]]]}, "properties": {"name": "영원빌딩", "status": "full", "capacity": 3, "active": 3, "industry": "도서관·사적지", "vacancy_rate": 0.0, "vacancy_rate_lo": 0.0, "vacancy_rate_hi": 0.0, "stores": 4, "source": "stores+ledger", "capacity_method": "floor_ouln", "active_pip": 0, "licensed": 1, "com_floors": [1, 2, 3], "occ_floors": [1, 2, 3], "unknown_n": 0, "id": "1141011700101370010-1", "pnu": "1141011700101370010", "floors": 4, "height": 0.0}}, {"type": "Feature", "geometry": {"type": "Polygon", "coordinates": [[[126.93181807, 37.56886161], [126.93190215, 37.56875958], [126.9318575, 37.56870333], [126.93175783, 37.568753], [126.93177627, 37.56877455], [126.93175679, 37.56878662], [126.93181807, 37.56886161]]]}, "properties": {"name": "연희동 134-22", "status": "full", "capacity": 2, "active": 2, "industry": "섬유·의복·신발 소매", "vacancy_rate": 0.0, "vacancy_rate_lo": 0.0, "vacancy_rate_hi": 0.0, "stores": 4, "source": "stores+ledger", "capacity_method": "floor_ouln", "active_pip": 0, "licensed": 0, "com_floors": [1, 2], "occ_floors": [1, 2], "unknown_n": 0, "id": "1141011700101340022-1", "pnu": "1141011700101340022", "floors": 3, "height": 11.25}}, {"type": "Feature", "geometry": {"type": "Polygon", "coordinates": [[[126.9318496, 37.56779791], [126.93198527, 37.56796783], [126.93206149, 37.56792787], [126.93195792, 37.56779788], [126.93190671, 37.56773361], [126.93179998, 37.56772517], [126.93179398, 37.56772824], [126.9318496, 37.56779791]]]}, "properties": {"name": "내풍빌딩", "status": "full", "capacity": 4, "active": 4, "industry": "기타 간이", "vacancy_rate": 0.0, "vacancy_rate_lo": 0.0, "vacancy_rate_hi": 50.0, "stores": 6, "source": "stores+ledger", "capacity_method": "floor_ouln", "active_pip": 0, "licensed": 1, "com_floors": [1, 2, 3, 4], "occ_floors": [1, 4], "unknown_n": 2, "id": "1141011700101350009-1", "pnu": "1141011700101350009", "floors": 4, "height": 12.3}}, {"type": "Feature", "geometry": {"type": "Polygon", "coordinates": [[[126.93129024, 37.56825025], [126.93125734, 37.56821275], [126.93125869, 37.56821131], [126.93115152, 37.56807573], [126.93108357, 37.56810534], [126.93107857, 37.56813237], [126.93120678, 37.56829417], [126.93129024, 37.56825025]]]}, "properties": {"name": "건물정면에서왼쪽", "status": "partial", "capacity": 4, "active": 3, "industry": "기타 간이", "vacancy_rate": 25.0, "vacancy_rate_lo": 25.0, "vacancy_rate_hi": 75.0, "stores": 6, "source": "stores+ledger", "capacity_method": "floor_ouln", "active_pip": 0, "licensed": 3, "com_floors": [1, 2, 3, 4], "occ_floors": [1], "unknown_n": 2, "id": "1141011700101340028-1", "pnu": "1141011700101340028", "floors": 5, "height": 15.5}}, {"type": "Feature", "geometry": {"type": "Polygon", "coordinates": [[[126.93085269, 37.56966347], [126.9310301, 37.56975692], [126.93110863, 37.56966092], [126.93089954, 37.56954808], [126.93081784, 37.56964247], [126.93084184, 37.56965211], [126.93083673, 37.56965834], [126.93085269, 37.56966347]]]}, "properties": {"name": "정연지오빌", "status": "high", "capacity": 6, "active": 1, "industry": "서양식", "vacancy_rate": 83.3, "vacancy_rate_lo": null, "vacancy_rate_hi": null, "stores": 1, "source": "stores+ledger", "capacity_method": "floor_approx", "active_pip": 0, "licensed": 0, "com_floors": null, "occ_floors": null, "unknown_n": null, "id": "1141011700101220003-1", "pnu": "1141011700101220003", "floors": 6, "height": 24.6}}, {"type": "Feature", "geometry": {"type": "Polygon", "coordinates": [[[126.93089779, 37.56863294], [126.93094083, 37.56860233], [126.93092738, 37.56858818], [126.93099453, 37.56854578], [126.9309407, 37.56848998], [126.9308254, 37.56856416], [126.93089779, 37.56863294]]]}, "properties": {"name": "연희동 133-25", "status": "high", "capacity": 4, "active": 1, "industry": "", "vacancy_rate": 75.0, "source": "pip_only", "capacity_method": "floor_approx", "active_pip": 0, "licensed": 1, "id": "1141011700101330025-1", "pnu": "1141011700101330025", "floors": 4, "height": 10.9}}, {"type": "Feature", "geometry": {"type": "Polygon", "coordinates": [[[126.9308282, 37.56897474], [126.93093275, 37.56888939], [126.93085256, 37.56882645], [126.93079173, 37.56887183], [126.93080293, 37.56887976], [126.93075592, 37.56891839], [126.9308282, 37.56897474]]]}, "properties": {"name": "연희동 133-7", "status": "full", "capacity": 1, "active": 1, "industry": "섬유·의복·신발 소매", "vacancy_rate": 0.0, "vacancy_rate_lo": 0.0, "vacancy_rate_hi": 100.0, "stores": 1, "source": "stores+ledger", "capacity_method": "floor_ouln", "active_pip": 0, "licensed": 0, "com_floors": [1], "occ_floors": [], "unknown_n": 1, "id": "1141011700101330007-1", "pnu": "1141011700101330007", "floors": 3, "height": 10.4}}, {"type": "Feature", "geometry": {"type": "Polygon", "coordinates": [[[126.93072931, 37.56868799], [126.93083829, 37.56859651], [126.93075978, 37.56853718], [126.9307028, 37.56858229], [126.93069488, 37.56857652], [126.93063995, 37.5686209], [126.93072931, 37.56868799]]]}, "properties": {"name": "연희동 133-18", "status": "partial", "capacity": 2, "active": 1, "industry": "이용·미용", "vacancy_rate": 50.0, "vacancy_rate_lo": 50.0, "vacancy_rate_hi": 50.0, "stores": 1, "source": "stores+ledger", "capacity_method": "floor_ouln", "active_pip": 0, "licensed": 0, "com_floors": [1, 2], "occ_floors": [2], "unknown_n": 0, "id": "1141011700101330018-1", "pnu": "1141011700101330018", "floors": 2, "height": 0.0}}, {"type": "Feature", "geometry": {"type": "Polygon", "coordinates": [[[126.93047736, 37.56830248], [126.93046614, 37.56831563], [126.93046942, 37.56831726], [126.93043871, 37.56835129], [126.93043227, 37.56834814], [126.93039306, 37.56839415], [126.9305519, 37.56847408], [126.93061933, 37.56839141], [126.93054512, 37.56834938], [126.93055056, 37.56834181], [126.93047736, 37.56830248]]]}, "properties": {"name": "연희동 132-28", "status": "high", "capacity": 3, "active": 1, "industry": "중식", "vacancy_rate": 66.7, "vacancy_rate_lo": 66.7, "vacancy_rate_hi": 100.0, "stores": 1, "source": "stores+ledger", "capacity_method": "floor_ouln", "active_pip": 0, "licensed": 0, "com_floors": [1, 2, 3], "occ_floors": [], "unknown_n": 1, "id": "1141011700101320028-2", "pnu": "1141011700101320028", "floors": 3, "height": 0.0}}, {"type": "Feature", "geometry": {"type": "Polygon", "coordinates": [[[126.92988271, 37.569196], [126.92983784, 37.56924743], [126.92994407, 37.56930326], [126.92998804, 37.5692495], [126.92988271, 37.569196]]]}, "properties": {"name": "연희동 124-6", "status": "partial", "capacity": 2, "active": 1, "industry": "", "vacancy_rate": 50.0, "source": "pip_only", "capacity_method": "floor_approx", "active_pip": 0, "licensed": 1, "id": "1141011700101240006-1", "pnu": "1141011700101240006", "floors": 2, "height": 5.6}}, {"type": "Feature", "geometry": {"type": "Polygon", "coordinates": [[[126.92950184, 37.56916749], [126.92957255, 37.56908104], [126.92953115, 37.56905894], [126.92952128, 37.56907155], [126.92943938, 37.56902465], [126.92937536, 37.56909984], [126.92950184, 37.56916749]]]}, "properties": {"name": "연희동 124-12", "status": "empty", "capacity": 2, "active": 0, "industry": "", "vacancy_rate": 100.0, "source": "polygon_only", "capacity_method": "floor_approx", "active_pip": 0, "licensed": 0, "id": "1141011700101240012-1", "pnu": "1141011700101240012", "floors": 2, "height": 0.0}}, {"type": "Feature", "geometry": {"type": "Polygon", "coordinates": [[[126.92792168, 37.56878208], [126.92792056, 37.56877731], [126.92793566, 37.56872704], [126.92788904, 37.56869818], [126.9278643, 37.56888746], [126.92792316, 37.56889254], [126.92802808, 37.56890162], [126.92803849, 37.5689], [126.92804608, 37.56889758], [126.92805254, 37.56889272], [126.92805526, 37.56888506], [126.92805391, 37.56887821], [126.92802351, 37.56883107], [126.92798778, 37.56878708], [126.92792168, 37.56878208]]]}, "properties": {"name": "연희동 437-4", "status": "empty", "capacity": 2, "active": 0, "industry": "", "vacancy_rate": 100.0, "source": "polygon_only", "capacity_method": "floor_approx", "active_pip": 0, "licensed": 0, "id": "1141011700104370004-1", "pnu": "1141011700104370004", "floors": 2, "height": 0.0}}, {"type": "Feature", "geometry": {"type": "Polygon", "coordinates": [[[126.92925847, 37.56880713], [126.92920272, 37.56887232], [126.92933373, 37.56894656], [126.92933282, 37.56894836], [126.92938712, 37.56897587], [126.9294235, 37.56893237], [126.92938753, 37.56891046], [126.92939263, 37.56890397], [126.92936389, 37.56889062], [126.92937964, 37.56887], [126.92925847, 37.56880713]]]}, "properties": {"name": "연희동 125-9", "status": "empty", "capacity": 2, "active": 0, "industry": "", "vacancy_rate": 100.0, "source": "polygon_only", "capacity_method": "floor_approx", "active_pip": 0, "licensed": 0, "id": "1141011700101250009-1", "pnu": "1141011700101250009", "floors": 2, "height": 10.9}}, {"type": "Feature", "geometry": {"type": "Polygon", "coordinates": [[[126.92843578, 37.56975871], [126.9285235, 37.56964569], [126.92841534, 37.56959418], [126.92838236, 37.56963281], [126.92839322, 37.56963876], [126.92833758, 37.56970531], [126.92843578, 37.56975871]]]}, "properties": {"name": "연희동 117-28", "status": "empty", "capacity": 2, "active": 0, "industry": "", "vacancy_rate": 100.0, "source": "polygon_only", "capacity_method": "floor_approx", "active_pip": 0, "licensed": 0, "id": "1141011700101170028-1", "pnu": "1141011700101170028", "floors": 2, "height": 0.0}}, {"type": "Feature", "geometry": {"type": "Polygon", "coordinates": [[[126.9299211, 37.56906232], [126.9298565, 37.56914355], [126.92988094, 37.56915663], [126.92987856, 37.56915943], [126.92997359, 37.56920975], [126.92997869, 37.56920247], [126.92999974, 37.56921238], [126.93000008, 37.56921211], [126.93005663, 37.56914313], [126.93000006, 37.56911327], [126.92997223, 37.56909857], [126.929978, 37.56909227], [126.9299211, 37.56906232]]]}, "properties": {"name": "좌측", "status": "full", "capacity": 2, "active": 2, "industry": "기타 교육", "vacancy_rate": 0.0, "vacancy_rate_lo": 0.0, "vacancy_rate_hi": 0.0, "stores": 3, "source": "stores+ledger", "capacity_method": "floor_ouln", "active_pip": 0, "licensed": 0, "com_floors": [1, 2], "occ_floors": [1, 2], "unknown_n": 0, "id": "1141011700101240031-1", "pnu": "1141011700101240031", "floors": 2, "height": 10.65}}, {"type": "Feature", "geometry": {"type": "Polygon", "coordinates": [[[126.92787897, 37.56893631], [126.92787259, 37.56897721], [126.92791198, 37.56898029], [126.92791621, 37.56893849], [126.92787897, 37.56893631]]]}, "properties": {"name": "연희동 115-7", "status": "full", "capacity": 1, "active": 1, "industry": "비알코올 ", "vacancy_rate": 0.0, "vacancy_rate_lo": 0.0, "vacancy_rate_hi": 0.0, "stores": 2, "source": "stores+ledger", "capacity_method": "floor_ouln", "active_pip": 0, "licensed": 2, "com_floors": [1], "occ_floors": [1], "unknown_n": 0, "id": "1141011700101150007-1", "pnu": "1141011700101150007", "floors": 0, "height": 0.0}}, {"type": "Feature", "geometry": {"type": "Polygon", "coordinates": [[[126.92656834, 37.56947078], [126.92656246, 37.56947096], [126.92655919, 37.56945789], [126.92653145, 37.56945832], [126.92653045, 37.56944184], [126.92647679, 37.56944523], [126.92648394, 37.56953876], [126.92661288, 37.56953081], [126.92660841, 37.56947721], [126.9265689, 37.56947825], [126.92656834, 37.56947078]]]}, "properties": {"name": "연희동 114-5", "status": "empty", "capacity": 2, "active": 0, "industry": "", "vacancy_rate": 100.0, "source": "polygon_only", "capacity_method": "floor_approx", "active_pip": 0, "licensed": 0, "id": "1141011700101140005-1", "pnu": "1141011700101140005", "floors": 2, "height": 0.0}}, {"type": "Feature", "geometry": {"type": "Polygon", "coordinates": [[[126.93073458, 37.57069487], [126.93075905, 37.57066831], [126.93077331, 37.5706756], [126.93083212, 37.57060654], [126.93070382, 37.57053717], [126.93062042, 37.57063227], [126.93073458, 37.57069487]]]}, "properties": {"name": "연희동 95-47", "status": "partial", "capacity": 3, "active": 2, "industry": "스포츠 서비스", "vacancy_rate": 33.3, "vacancy_rate_lo": 33.3, "vacancy_rate_hi": 66.7, "stores": 2, "source": "stores+ledger", "capacity_method": "floor_ouln", "active_pip": 0, "licensed": 0, "com_floors": [1, 2, 3], "occ_floors": [3], "unknown_n": 1, "id": "1141011700100950047-1", "pnu": "1141011700100950047", "floors": 4, "height": 0.0}}, {"type": "Feature", "geometry": {"type": "Polygon", "coordinates": [[[126.93049861, 37.57076726], [126.93041329, 37.57086821], [126.93048694, 37.57090681], [126.93057114, 37.57080352], [126.93049861, 37.57076726]]]}, "properties": {"name": "연희동 95-35", "status": "partial", "capacity": 2, "active": 1, "industry": "", "vacancy_rate": 50.0, "source": "pip_only", "capacity_method": "floor_approx", "active_pip": 0, "licensed": 1, "id": "1141011700100950035-2", "pnu": "1141011700100950035", "floors": 2, "height": 0.0}}, {"type": "Feature", "geometry": {"type": "Polygon", "coordinates": [[[126.93033281, 37.57061759], [126.93040545, 37.57052907], [126.93029865, 37.57047179], [126.93021751, 37.57056896], [126.93027623, 37.57059918], [126.93028257, 37.57059198], [126.93033281, 37.57061759]]]}, "properties": {"name": "좌측코너", "status": "full", "capacity": 2, "active": 2, "industry": "식물 소매", "vacancy_rate": 0.0, "vacancy_rate_lo": 0.0, "vacancy_rate_hi": 0.0, "stores": 2, "source": "stores+ledger", "capacity_method": "floor_ouln", "active_pip": 0, "licensed": 1, "com_floors": [1, 2], "occ_floors": [1, 2], "unknown_n": 0, "id": "1141011700101210007-1", "pnu": "1141011700101210007", "floors": 3, "height": 0.0}}, {"type": "Feature", "geometry": {"type": "Polygon", "coordinates": [[[126.92873618, 37.56894944], [126.92884995, 37.56881977], [126.92877075, 37.56877629], [126.92865279, 37.56891191], [126.92867723, 37.5689267], [126.92868265, 37.56892166], [126.92873618, 37.56894944]]]}, "properties": {"name": "일부호", "status": "full", "capacity": 2, "active": 2, "industry": "세탁", "vacancy_rate": 0.0, "vacancy_rate_lo": 0.0, "vacancy_rate_hi": 50.0, "stores": 3, "source": "stores+ledger", "capacity_method": "floor_ouln", "active_pip": 0, "licensed": 1, "com_floors": [1, 2], "occ_floors": [1], "unknown_n": 1, "id": "1141011700101260002-1", "pnu": "1141011700101260002", "floors": 2, "height": 0.0}}, {"type": "Feature", "geometry": {"type": "Polygon", "coordinates": [[[126.92791244, 37.56897624], [126.92793881, 37.56897932], [126.92793561, 37.56900536], [126.92794965, 37.56900672], [126.92794633, 37.5690396], [126.9280791, 37.56905356], [126.92809529, 37.56904618], [126.92810453, 37.56897591], [126.92796146, 37.56896249], [126.92796181, 37.56895465], [126.92791654, 37.56895002], [126.92791244, 37.56897624]]]}, "properties": {"name": "연희동 115-7", "status": "full", "capacity": 1, "active": 1, "industry": "비알코올 ", "vacancy_rate": 0.0, "vacancy_rate_lo": 0.0, "vacancy_rate_hi": 0.0, "stores": 2, "source": "stores+ledger", "capacity_method": "floor_ouln", "active_pip": 0, "licensed": 2, "com_floors": [1], "occ_floors": [1], "unknown_n": 0, "id": "1141011700101150007-2", "pnu": "1141011700101150007", "floors": 2, "height": 0.0}}, {"type": "Feature", "geometry": {"type": "Polygon", "coordinates": [[[126.92769747, 37.56884396], [126.92782275, 37.56886311], [126.92783778, 37.56879686], [126.92777163, 37.56879898], [126.92777688, 37.56877585], [126.92770805, 37.56877704], [126.9277044, 37.56880021], [126.92770793, 37.56879785], [126.92769747, 37.56884396]]]}, "properties": {"name": "연희동 437-5", "status": "empty", "capacity": 2, "active": 0, "industry": "", "vacancy_rate": 100.0, "source": "polygon_only", "capacity_method": "floor_approx", "active_pip": 0, "licensed": 0, "id": "1141011700104370005-1", "pnu": "1141011700104370005", "floors": 2, "height": 9.985}}, {"type": "Feature", "geometry": {"type": "Polygon", "coordinates": [[[126.93036371, 37.56878209], [126.93034957, 37.56877467], [126.93036509, 37.56875591], [126.93035283, 37.56874948], [126.93037254, 37.56872568], [126.93033761, 37.56869756], [126.93031875, 37.56871241], [126.93026105, 37.56866596], [126.93012323, 37.56883252], [126.93018359, 37.56886416], [126.93017613, 37.56887317], [126.9302544, 37.5689142], [126.93036371, 37.56878209]]]}, "properties": {"name": "연희동 124-44", "status": "full", "capacity": 2, "active": 2, "industry": "기타 교육", "vacancy_rate": 0.0, "vacancy_rate_lo": 0.0, "vacancy_rate_hi": 0.0, "stores": 4, "source": "stores+ledger", "capacity_method": "floor_ouln", "active_pip": 0, "licensed": 2, "com_floors": [1, 2], "occ_floors": [1, 2], "unknown_n": 0, "id": "1141011700101240044-1", "pnu": "1141011700101240044", "floors": 2, "height": 10.996}}, {"type": "Feature", "geometry": {"type": "Polygon", "coordinates": [[[126.92859269, 37.57051184], [126.92859273, 37.57051186], [126.92869542, 37.57050505], [126.92868488, 37.57040449], [126.92861606, 37.57040906], [126.92862161, 37.57046203], [126.92858771, 37.57046428], [126.92859269, 37.57051184]]]}, "properties": {"name": "연희동 119-6", "status": "empty", "capacity": 2, "active": 0, "industry": "", "vacancy_rate": 100.0, "source": "polygon_only", "capacity_method": "floor_approx", "active_pip": 0, "licensed": 0, "id": "1141011700101190006-1", "pnu": "1141011700101190006", "floors": 2, "height": 7.9}}, {"type": "Feature", "geometry": {"type": "Polygon", "coordinates": [[[126.92827721, 37.56938155], [126.92824169, 37.56936252], [126.92818243, 37.56941879], [126.92818344, 37.56942726], [126.92820064, 37.56943709], [126.9281995, 37.56943935], [126.92828435, 37.56948535], [126.9283188, 37.56944447], [126.92829607, 37.56943094], [126.92831567, 37.5694086], [126.92827449, 37.56938506], [126.92827721, 37.56938155]]]}, "properties": {"name": "연희동 116-34", "status": "partial", "capacity": 2, "active": 1, "industry": "", "vacancy_rate": 50.0, "source": "pip_only", "capacity_method": "floor_approx", "active_pip": 0, "licensed": 1, "id": "1141011700101160034-1", "pnu": "1141011700101160034", "floors": 2, "height": 9.3}}, {"type": "Feature", "geometry": {"type": "Polygon", "coordinates": [[[126.92886929, 37.57023204], [126.9289688, 37.57023267], [126.92897051, 37.57022998], [126.92899372, 37.57023005], [126.92899278, 37.5701497], [126.92897463, 37.57014998], [126.92897386, 37.57014538], [126.92890583, 37.57014454], [126.92890438, 37.57013873], [126.92883533, 37.57013852], [126.92883601, 37.57016222], [126.9288418, 37.57016106], [126.92884201, 37.57020944], [126.92886919, 37.5702094], [126.92886929, 37.57023204]]]}, "properties": {"name": "연희동 119-16", "status": "partial", "capacity": 2, "active": 1, "industry": "장식품 소매", "vacancy_rate": 50.0, "vacancy_rate_lo": 50.0, "vacancy_rate_hi": 100.0, "stores": 1, "source": "stores+ledger", "capacity_method": "floor_ouln", "active_pip": 0, "licensed": 0, "com_floors": [1, 2], "occ_floors": [], "unknown_n": 1, "id": "1141011700101190016-1", "pnu": "1141011700101190016", "floors": 2, "height": 0.0}}, {"type": "Feature", "geometry": {"type": "Polygon", "coordinates": [[[126.93091566, 37.57063645], [126.93107284, 37.57047877], [126.93096874, 37.57041303], [126.93081156, 37.57057071], [126.93091566, 37.57063645]]]}, "properties": {"name": "연희동 95-49", "status": "empty", "capacity": 1, "active": 0, "industry": "", "vacancy_rate": 100.0, "source": "polygon_only", "capacity_method": "floor_approx", "active_pip": 0, "licensed": 0, "id": "1141011700100950049-1", "pnu": "1141011700100950049", "floors": 1, "height": 9.15}}, {"type": "Feature", "geometry": {"type": "Polygon", "coordinates": [[[126.92755466, 37.56875222], [126.92755407, 37.56875761], [126.92755238, 37.56875749], [126.92754554, 37.56882033], [126.92757035, 37.56882204], [126.92757005, 37.56882473], [126.92766366, 37.56883119], [126.92767235, 37.5687513], [126.92761259, 37.56874717], [126.92761161, 37.56875615], [126.92755466, 37.56875222]]]}, "properties": {"name": "연희동 437-8", "status": "empty", "capacity": 2, "active": 0, "industry": "", "vacancy_rate": 100.0, "source": "polygon_only", "capacity_method": "floor_approx", "active_pip": 0, "licensed": 0, "id": "1141011700104370008-1", "pnu": "1141011700104370008", "floors": 2, "height": 9.09}}, {"type": "Feature", "geometry": {"type": "Polygon", "coordinates": [[[126.93309604, 37.5680774], [126.93304868, 37.56800961], [126.93299073, 37.56800075], [126.93292256, 37.56803071], [126.93286391, 37.56805645], [126.93292246, 37.56814505], [126.93292755, 37.56815262], [126.93309604, 37.5680774]]]}, "properties": {"name": "연희동 69-7", "status": "empty", "capacity": 3, "active": 0, "industry": "", "vacancy_rate": 100.0, "source": "polygon_only", "capacity_method": "floor_approx", "active_pip": 0, "licensed": 0, "id": "1141011700100690007-1", "pnu": "1141011700100690007", "floors": 3, "height": 9.1}}, {"type": "Feature", "geometry": {"type": "Polygon", "coordinates": [[[126.93286071, 37.57035227], [126.93295358, 37.57030232], [126.93289874, 37.57023679], [126.93290825, 37.57023238], [126.93288406, 37.57020209], [126.93278111, 37.57025402], [126.93286071, 37.57035227]]]}, "properties": {"name": "연희동 86-12", "status": "empty", "capacity": 3, "active": 0, "industry": "", "vacancy_rate": 100.0, "source": "polygon_only", "capacity_method": "floor_approx", "active_pip": 0, "licensed": 0, "id": "1141011700100860012-1", "pnu": "1141011700100860012", "floors": 3, "height": 0.0}}, {"type": "Feature", "geometry": {"type": "Polygon", "coordinates": [[[126.93514386, 37.5712868], [126.9350758, 37.57131821], [126.93510542, 37.57136526], [126.93517597, 37.57133484], [126.93514386, 37.5712868]]]}, "properties": {"name": "연희동 80-1", "status": "partial", "capacity": 5, "active": 3, "industry": "일반 교육", "vacancy_rate": 40.0, "vacancy_rate_lo": 40.0, "vacancy_rate_hi": 40.0, "stores": 1, "source": "stores+ledger", "capacity_method": "floor_ouln", "active_pip": 0, "licensed": 1, "com_floors": [1, 2, 3, 4, 5], "occ_floors": [2, 4, 5], "unknown_n": 0, "id": "1141011700100800001-1", "pnu": "1141011700100800001", "floors": 0, "height": 0.0}}, {"type": "Feature", "geometry": {"type": "Polygon", "coordinates": [[[126.93497409, 37.57060646], [126.93490228, 37.57064742], [126.9349076, 37.57065337], [126.93480601, 37.57070944], [126.93486301, 37.57077326], [126.93497536, 37.5707107], [126.93497367, 37.5707062], [126.93500005, 37.57069126], [126.93503345, 37.57067245], [126.93500009, 37.57063539], [126.93497409, 37.57060646]]]}, "properties": {"name": "검정벽돌상가", "status": "full", "capacity": 2, "active": 2, "industry": "종합 소매", "vacancy_rate": 0.0, "vacancy_rate_lo": 0.0, "vacancy_rate_hi": 0.0, "stores": 2, "source": "stores+ledger", "capacity_method": "floor_ouln", "active_pip": 0, "licensed": 0, "com_floors": [1, 2], "occ_floors": [1, 2], "unknown_n": 0, "id": "1141011700100930016-1", "pnu": "1141011700100930016", "floors": 2, "height": 6.0}}, {"type": "Feature", "geometry": {"type": "Polygon", "coordinates": [[[126.93424904, 37.57127657], [126.93411451, 37.57134209], [126.93420078, 37.57145413], [126.9343352, 37.57138862], [126.93424904, 37.57127657]]]}, "properties": {"name": "연희동1", "status": "full", "capacity": 2, "active": 2, "industry": "일식", "vacancy_rate": 0.0, "vacancy_rate_lo": 0.0, "vacancy_rate_hi": 0.0, "stores": 1, "source": "stores+ledger", "capacity_method": "floor_ouln", "active_pip": 0, "licensed": 1, "com_floors": [1, 2], "occ_floors": [1, 2], "unknown_n": 0, "id": "1141011700100810016-1", "pnu": "1141011700100810016", "floors": 4, "height": 0.0}}, {"type": "Feature", "geometry": {"type": "Polygon", "coordinates": [[[126.93393594, 37.57088888], [126.93385814, 37.57092902], [126.933972, 37.57106838], [126.93404879, 37.5710286], [126.93393594, 37.57088888]]]}, "properties": {"name": "연희동 86-1", "status": "full", "capacity": 2, "active": 2, "industry": "주점", "vacancy_rate": 0.0, "vacancy_rate_lo": 0.0, "vacancy_rate_hi": 0.0, "stores": 4, "source": "stores+ledger", "capacity_method": "floor_ouln", "active_pip": 0, "licensed": 3, "com_floors": [1, 2], "occ_floors": [1, 2], "unknown_n": 0, "id": "1141011700100860001-1", "pnu": "1141011700100860001", "floors": 3, "height": 0.0}}, {"type": "Feature", "geometry": {"type": "Polygon", "coordinates": [[[126.93433716, 37.57159738], [126.93444645, 37.57153887], [126.93433847, 37.57140637], [126.93420166, 37.57147684], [126.93423332, 37.57151731], [126.93426084, 37.57150283], [126.93433716, 37.57159738]]]}, "properties": {"name": "연희동 81-12", "status": "full", "capacity": 3, "active": 3, "industry": "일반 교육", "vacancy_rate": 0.0, "vacancy_rate_lo": 0.0, "vacancy_rate_hi": 0.0, "stores": 2, "source": "stores+ledger", "capacity_method": "floor_ouln", "active_pip": 0, "licensed": 0, "com_floors": [1, 2, 3], "occ_floors": [1, 2, 3], "unknown_n": 0, "id": "1141011700100810012-1", "pnu": "1141011700100810012", "floors": 4, "height": 0.0}}, {"type": "Feature", "geometry": {"type": "Polygon", "coordinates": [[[126.93473911, 37.57136145], [126.93500013, 37.57124356], [126.93506502, 37.57121423], [126.93500012, 37.57113022], [126.93498655, 37.57111282], [126.93466709, 37.57126789], [126.93473911, 37.57136145]]]}, "properties": {"name": "파라다이스텔에스비", "status": "full", "capacity": 1, "active": 1, "industry": "의약·화장품 소매", "vacancy_rate": 0.0, "vacancy_rate_lo": null, "vacancy_rate_hi": null, "stores": 1, "source": "stores+ledger", "capacity_method": "expos_units", "active_pip": 0, "licensed": 0, "com_floors": null, "occ_floors": null, "unknown_n": null, "id": "1141011700100800007-1", "pnu": "1141011700100800007", "floors": 11, "height": 48.5}}, {"type": "Feature", "geometry": {"type": "Polygon", "coordinates": [[[126.9351521, 37.57144133], [126.93508777, 37.57135651], [126.93508211, 37.57136011], [126.93507272, 37.57134722], [126.93504781, 37.57136099], [126.93503289, 37.57133828], [126.93500005, 37.5713515], [126.93476869, 37.57144914], [126.93483858, 37.57153628], [126.93492894, 37.57150238], [126.93494755, 37.57152032], [126.93502549, 37.57150491], [126.9351521, 37.57144133]]]}, "properties": {"name": "연희동 80-1", "status": "partial", "capacity": 5, "active": 3, "industry": "일반 교육", "vacancy_rate": 40.0, "vacancy_rate_lo": 40.0, "vacancy_rate_hi": 40.0, "stores": 1, "source": "stores+ledger", "capacity_method": "floor_ouln", "active_pip": 0, "licensed": 1, "com_floors": [1, 2, 3, 4, 5], "occ_floors": [2, 4, 5], "unknown_n": 0, "id": "1141011700100800001-2", "pnu": "1141011700100800001", "floors": 6, "height": 27.45}}, {"type": "Feature", "geometry": {"type": "Polygon", "coordinates": [[[126.93363951, 37.57132375], [126.93371988, 37.57142733], [126.93373581, 37.57141957], [126.93376332, 37.57145334], [126.93387276, 37.57139963], [126.93376486, 37.57126101], [126.93371467, 37.57128576], [126.93370423, 37.57127208], [126.93367779, 37.57128512], [126.93368884, 37.57129943], [126.93363951, 37.57132375]]]}, "properties": {"name": "연희동 81-14", "status": "full", "capacity": 2, "active": 2, "industry": "종합 소매", "vacancy_rate": 0.0, "vacancy_rate_lo": 0.0, "vacancy_rate_hi": 0.0, "stores": 2, "source": "stores+ledger", "capacity_method": "floor_ouln", "active_pip": 0, "licensed": 1, "com_floors": [1, 2], "occ_floors": [1, 2], "unknown_n": 0, "id": "1141011700100810014-1", "pnu": "1141011700100810014", "floors": 4, "height": 16.9}}, {"type": "Feature", "geometry": {"type": "Polygon", "coordinates": [[[126.93297024, 37.57015655], [126.93294657, 37.57016717], [126.93296613, 37.57019349], [126.93295616, 37.5701988], [126.9330612, 37.57032995], [126.93307106, 37.57032392], [126.9330913, 37.57034547], [126.93312391, 37.57032837], [126.93312584, 37.57033026], [126.93315823, 37.57031208], [126.93301781, 37.57012649], [126.93296651, 37.57015249], [126.93297024, 37.57015655]]]}, "properties": {"name": "고려빌딩", "status": "full", "capacity": 2, "active": 2, "industry": "스포츠 서비스", "vacancy_rate": 0.0, "vacancy_rate_lo": 0.0, "vacancy_rate_hi": 50.0, "stores": 3, "source": "stores+ledger", "capacity_method": "floor_ouln", "active_pip": 0, "licensed": 1, "com_floors": [1, 2], "occ_floors": [1], "unknown_n": 1, "id": "1141011700100860013-1", "pnu": "1141011700100860013", "floors": 5, "height": 18.5}}, {"type": "Feature", "geometry": {"type": "Polygon", "coordinates": [[[126.9329587, 37.56901489], [126.93294828, 37.56902002], [126.93292781, 37.56899505], [126.9329234, 37.56898983], [126.93286021, 37.56902114], [126.93292048, 37.56909695], [126.93296344, 37.56915086], [126.93303988, 37.56911315], [126.9329587, 37.56901489]]]}, "properties": {"name": "연희동 88-22", "status": "full", "capacity": 3, "active": 3, "industry": "자동차 부품 소매", "vacancy_rate": 0.0, "vacancy_rate_lo": 0.0, "vacancy_rate_hi": 33.3, "stores": 4, "source": "stores+ledger", "capacity_method": "floor_ouln", "active_pip": 0, "licensed": 1, "com_floors": [1, 2, 3], "occ_floors": [1, 2], "unknown_n": 1, "id": "1141011700100880022-1", "pnu": "1141011700100880022", "floors": 4, "height": 0.0}}, {"type": "Feature", "geometry": {"type": "Polygon", "coordinates": [[[126.93433706, 37.57023624], [126.93447819, 37.57041126], [126.93437118, 37.57054123], [126.93443047, 37.57057139], [126.93442133, 37.57058278], [126.93444181, 37.57059373], [126.93444643, 37.57058164], [126.93447055, 37.5705939], [126.9345049, 37.57060855], [126.93453272, 37.57061419], [126.93456317, 37.57060939], [126.93460216, 37.57059633], [126.93462298, 37.57058461], [126.93477139, 37.57039984], [126.9347797, 37.57038176], [126.93477968, 37.57037113], [126.93477223, 37.57035425], [126.93453584, 37.57004552], [126.93450881, 37.57003326], [126.93449337, 37.5700255], [126.93447085, 37.57001812], [126.93412927, 37.57006358], [126.9341064, 37.57007166], [126.93408926, 37.57008486], [126.93407325, 37.57010481], [126.9340643, 37.57012111], [126.93405957, 37.57014162], [126.93406203, 37.57016494], [126.93406738, 37.57017834], [126.93408789, 37.57020535], [126.93412842, 37.57018514], [126.93418637, 37.57025747], [126.93433706, 37.57023624]]]}, "properties": {"name": "연희동 87-5", "status": "full", "capacity": 3, "active": 3, "industry": "스포츠 서비스", "vacancy_rate": 0.0, "vacancy_rate_lo": 0.0, "vacancy_rate_hi": 66.7, "stores": 3, "source": "stores+ledger", "capacity_method": "floor_ouln", "active_pip": 0, "licensed": 0, "com_floors": [1, 2, 3], "occ_floors": [1], "unknown_n": 2, "id": "1141011700100870005-1", "pnu": "1141011700100870005", "floors": 3, "height": 14.15}}, {"type": "Feature", "geometry": {"type": "Polygon", "coordinates": [[[126.93351087, 37.57052663], [126.9334154, 37.5705782], [126.93347352, 37.57064374], [126.93356696, 37.57059333], [126.93351087, 37.57052663]]]}, "properties": {"name": "연희동", "status": "full", "capacity": 3, "active": 3, "industry": "중식", "vacancy_rate": 0.0, "vacancy_rate_lo": 0.0, "vacancy_rate_hi": 0.0, "stores": 1, "source": "stores+ledger", "capacity_method": "floor_ouln", "active_pip": 0, "licensed": 1, "com_floors": [1, 2, 3], "occ_floors": [1, 2, 3], "unknown_n": 0, "id": "1141011700100860015-1", "pnu": "1141011700100860015", "floors": 0, "height": 0.0}}, {"type": "Feature", "geometry": {"type": "Polygon", "coordinates": [[[126.93255085, 37.57090837], [126.93253534, 37.57091413], [126.93257491, 37.57096839], [126.93258385, 37.57096398], [126.93260059, 37.57098048], [126.93272448, 37.57091901], [126.93264873, 37.57082103], [126.93259596, 37.5708447], [126.93259054, 37.57083226], [126.93252067, 37.57086637], [126.93255085, 37.57090837]]]}, "properties": {"name": "연희동 85-3", "status": "empty", "capacity": 2, "active": 0, "industry": "", "vacancy_rate": 100.0, "source": "polygon_only", "capacity_method": "floor_approx", "active_pip": 0, "licensed": 0, "id": "1141011700100850003-1", "pnu": "1141011700100850003", "floors": 2, "height": 0.0}}, {"type": "Feature", "geometry": {"type": "Polygon", "coordinates": [[[126.93224356, 37.57023822], [126.9323756, 37.57016829], [126.93227667, 37.57005065], [126.93215402, 37.57010905], [126.93221452, 37.57018955], [126.93220738, 37.5701926], [126.93224356, 37.57023822]]]}, "properties": {"name": "연희동 90-8", "status": "partial", "capacity": 2, "active": 1, "industry": "기타 간이", "vacancy_rate": 50.0, "vacancy_rate_lo": 50.0, "vacancy_rate_hi": 100.0, "stores": 1, "source": "stores+ledger", "capacity_method": "floor_ouln", "active_pip": 0, "licensed": 0, "com_floors": [1, 2], "occ_floors": [], "unknown_n": 1, "id": "1141011700100900008-1", "pnu": "1141011700100900008", "floors": 2, "height": 8.27}}, {"type": "Feature", "geometry": {"type": "Polygon", "coordinates": [[[126.93405377, 37.57153965], [126.9340224, 37.57155495], [126.93405123, 37.57159254], [126.93406346, 37.5715866], [126.93407285, 37.57159895], [126.93407885, 37.57159607], [126.9340888, 37.57160896], [126.93418143, 37.57156396], [126.93412434, 37.57148959], [126.93407802, 37.57151209], [126.93408107, 37.57151606], [126.934048, 37.57153217], [126.93405377, 37.57153965]]]}, "properties": {"name": "연희동 81-28", "status": "empty", "capacity": 5, "active": 0, "industry": "", "vacancy_rate": 100.0, "source": "polygon_only", "capacity_method": "floor_approx", "active_pip": 0, "licensed": 0, "id": "1141011700100810028-1", "pnu": "1141011700100810028", "floors": 5, "height": 16.01}}, {"type": "Feature", "geometry": {"type": "Polygon", "coordinates": [[[126.93212874, 37.57029113], [126.93211083, 37.57030112], [126.93215889, 37.57036539], [126.93218041, 37.57035152], [126.93219873, 37.57037712], [126.93216906, 37.57039143], [126.93219416, 37.57042253], [126.93226154, 37.57038698], [126.93219563, 37.57030171], [126.93223967, 37.57027948], [126.93219547, 37.57022269], [126.93214621, 37.57024465], [126.93212471, 37.57022616], [126.93211327, 37.57023084], [126.932104, 37.57022147], [126.93206153, 37.57024586], [126.93205701, 37.57023631], [126.93204774, 37.57024098], [126.93207996, 37.57028074], [126.93210612, 37.57026724], [126.93212874, 37.57029113]]]}, "properties": {"name": "양광찬란", "status": "full", "capacity": 2, "active": 2, "industry": "비알코올 ", "vacancy_rate": 0.0, "vacancy_rate_lo": 0.0, "vacancy_rate_hi": 50.0, "stores": 1, "source": "stores+ledger", "capacity_method": "floor_ouln", "active_pip": 0, "licensed": 1, "com_floors": [1, 2], "occ_floors": [1], "unknown_n": 1, "id": "1141011700100900001-1", "pnu": "1141011700100900001", "floors": 2, "height": 8.55}}, {"type": "Feature", "geometry": {"type": "Polygon", "coordinates": [[[126.9326626, 37.57012934], [126.93270425, 37.57013685], [126.93281399, 37.57008132], [126.93275203, 37.57000227], [126.93267695, 37.57003691], [126.93268745, 37.57004881], [126.9326262, 37.5700804], [126.9326626, 37.57012934]]]}, "properties": {"name": "연희동 89-31", "status": "full", "capacity": 1, "active": 1, "industry": "한식", "vacancy_rate": 0.0, "vacancy_rate_lo": 0.0, "vacancy_rate_hi": 0.0, "stores": 1, "source": "stores+ledger", "capacity_method": "floor_ouln", "active_pip": 0, "licensed": 1, "com_floors": [1], "occ_floors": [1], "unknown_n": 0, "id": "1141011700100890031-1", "pnu": "1141011700100890031", "floors": 5, "height": 0.0}}, {"type": "Feature", "geometry": {"type": "Polygon", "coordinates": [[[126.93219921, 37.56946486], [126.93228936, 37.5694168], [126.93222163, 37.56933315], [126.93212379, 37.56938068], [126.93217002, 37.56944584], [126.93217693, 37.56944143], [126.93219921, 37.56946486]]]}, "properties": {"name": "연희동 89-47", "status": "full", "capacity": 1, "active": 1, "industry": "세탁", "vacancy_rate": 0.0, "vacancy_rate_lo": 0.0, "vacancy_rate_hi": 0.0, "stores": 1, "source": "stores+ledger", "capacity_method": "floor_ouln", "active_pip": 0, "licensed": 0, "com_floors": [1], "occ_floors": [1], "unknown_n": 0, "id": "1141011700100890047-1", "pnu": "1141011700100890047", "floors": 4, "height": 12.15}}, {"type": "Feature", "geometry": {"type": "Polygon", "coordinates": [[[126.93224775, 37.56960301], [126.93235228, 37.56954775], [126.93232108, 37.56951116], [126.93230907, 37.56951601], [126.93227368, 37.56947842], [126.93218308, 37.56952379], [126.93224775, 37.56960301]]]}, "properties": {"name": "연희동 89-50", "status": "full", "capacity": 2, "active": 2, "industry": "비알코올 ", "vacancy_rate": 0.0, "vacancy_rate_lo": 0.0, "vacancy_rate_hi": 0.0, "stores": 1, "source": "stores+ledger", "capacity_method": "floor_ouln", "active_pip": 0, "licensed": 1, "com_floors": [1, 2], "occ_floors": [1, 2], "unknown_n": 0, "id": "1141011700100890050-1", "pnu": "1141011700100890050", "floors": 2, "height": 7.1}}, {"type": "Feature", "geometry": {"type": "Polygon", "coordinates": [[[126.93218364, 37.56891129], [126.9321491, 37.56892748], [126.9321846, 37.56897355], [126.9321735, 37.56897985], [126.93219476, 37.56900662], [126.9322071, 37.56900014], [126.93231417, 37.56913184], [126.93236128, 37.56910817], [126.93236661, 37.56911268], [126.93247521, 37.56905742], [126.93247261, 37.56905336], [126.93247567, 37.56905156], [126.93232461, 37.56886326], [126.93232008, 37.56886533], [126.93231804, 37.56886271], [126.9321946, 37.56892607], [126.93218364, 37.56891129]]]}, "properties": {"name": "연희동 89-12", "status": "empty", "capacity": 3, "active": 0, "industry": "", "vacancy_rate": 100.0, "source": "polygon_only", "capacity_method": "floor_approx", "active_pip": 0, "licensed": 0, "id": "1141011700100890012-1", "pnu": "1141011700100890012", "floors": 3, "height": 11.5}}, {"type": "Feature", "geometry": {"type": "Polygon", "coordinates": [[[126.93318609, 37.5692855], [126.93310693, 37.569326], [126.93321208, 37.56945788], [126.93329136, 37.56941666], [126.93318609, 37.5692855]]]}, "properties": {"name": "주짓수체육관연희초옆건물", "status": "full", "capacity": 2, "active": 2, "industry": "기타 교육", "vacancy_rate": 0.0, "vacancy_rate_lo": 0.0, "vacancy_rate_hi": 0.0, "stores": 4, "source": "stores+ledger", "capacity_method": "floor_ouln", "active_pip": 0, "licensed": 1, "com_floors": [1, 2], "occ_floors": [1, 2], "unknown_n": 0, "id": "1141011700100880033-1", "pnu": "1141011700100880033", "floors": 4, "height": 0.0}}, {"type": "Feature", "geometry": {"type": "Polygon", "coordinates": [[[126.93342177, 37.57054842], [126.93358608, 37.57046345], [126.93347383, 37.5703232], [126.93334886, 37.57038827], [126.93338851, 37.57043481], [126.933368, 37.57044443], [126.9333608, 37.57046179], [126.93335484, 37.57046464], [126.93342177, 37.57054842]]]}, "properties": {"name": "연희동 86-5", "status": "partial", "capacity": 4, "active": 2, "industry": "기타 교육", "vacancy_rate": 50.0, "vacancy_rate_lo": 50.0, "vacancy_rate_hi": 50.0, "stores": 2, "source": "stores+ledger", "capacity_method": "floor_ouln", "active_pip": 0, "licensed": 1, "com_floors": [1, 2, 3, 5], "occ_floors": [1, 5], "unknown_n": 0, "id": "1141011700100860005-1", "pnu": "1141011700100860005", "floors": 5, "height": 19.1}}, {"type": "Feature", "geometry": {"type": "Polygon", "coordinates": [[[126.93400252, 37.57181416], [126.93410136, 37.57176493], [126.9340317, 37.57167634], [126.93396262, 37.57171074], [126.93396621, 37.57171533], [126.93394798, 37.5717244], [126.93395939, 37.57173891], [126.93394787, 37.57174466], [126.93400252, 37.57181416]]]}, "properties": {"name": "지", "status": "full", "capacity": 2, "active": 2, "industry": "비알코올 ", "vacancy_rate": 0.0, "vacancy_rate_lo": 0.0, "vacancy_rate_hi": 0.0, "stores": 2, "source": "stores+ledger", "capacity_method": "floor_ouln", "active_pip": 0, "licensed": 1, "com_floors": [1, 2], "occ_floors": [1, 2], "unknown_n": 0, "id": "1141011700100810027-1", "pnu": "1141011700100810027", "floors": 4, "height": 12.6}}, {"type": "Feature", "geometry": {"type": "Polygon", "coordinates": [[[126.93316795, 37.56919647], [126.93325825, 37.56915074], [126.93317757, 37.56904981], [126.93308727, 37.56909554], [126.93316795, 37.56919647]]]}, "properties": {"name": "연희동 88-3", "status": "empty", "capacity": 6, "active": 0, "industry": "", "vacancy_rate": 100.0, "source": "polygon_only", "capacity_method": "floor_approx", "active_pip": 0, "licensed": 0, "id": "1141011700100880003-1", "pnu": "1141011700100880003", "floors": 6, "height": 17.5}}, {"type": "Feature", "geometry": {"type": "Polygon", "coordinates": [[[126.93207418, 37.57067673], [126.93219677, 37.5707887], [126.93225555, 37.57074793], [126.93223686, 37.5707307], [126.93226374, 37.57071206], [126.93219258, 37.57062302], [126.93207418, 37.57067673]]]}, "properties": {"name": "연희동 92-3", "status": "full", "capacity": 3, "active": 3, "industry": "식물 소매", "vacancy_rate": 0.0, "vacancy_rate_lo": null, "vacancy_rate_hi": null, "stores": 3, "source": "stores+ledger", "capacity_method": "expos_units", "active_pip": 0, "licensed": 0, "com_floors": null, "occ_floors": null, "unknown_n": null, "id": "1141011700100920003-1", "pnu": "1141011700100920003", "floors": 2, "height": 11.8}}, {"type": "Feature", "geometry": {"type": "Polygon", "coordinates": [[[126.93333807, 37.57015924], [126.93328547, 37.57009472], [126.93315402, 37.57015782], [126.9333333, 37.57037634], [126.93346386, 37.57030722], [126.93338511, 37.57020935], [126.93337455, 37.57021461], [126.93338554, 37.57022827], [126.93332501, 37.57025913], [126.93324931, 37.57016504], [126.93330984, 37.57013419], [126.93333304, 37.57016301], [126.93333807, 37.57015924]]]}, "properties": {"name": "연희동 86-6", "status": "empty", "capacity": 7, "active": 0, "industry": "", "vacancy_rate": 100.0, "source": "polygon_only", "capacity_method": "floor_approx", "active_pip": 0, "licensed": 0, "id": "1141011700100860006-1", "pnu": "1141011700100860006", "floors": 7, "height": 30.9}}, {"type": "Feature", "geometry": {"type": "Polygon", "coordinates": [[[126.93288652, 37.56998171], [126.93286616, 37.56995359], [126.93281974, 37.56997491], [126.9328013, 37.56995103], [126.93275182, 37.56997343], [126.93277183, 37.57000002], [126.93282961, 37.57007691], [126.93293799, 37.57002301], [126.93291819, 37.57000002], [126.93291639, 37.56999795], [126.93292115, 37.56999471], [126.93290543, 37.56997505], [126.93288652, 37.56998171]]]}, "properties": {"name": "연희동 89-23", "status": "high", "capacity": 4, "active": 1, "industry": "", "vacancy_rate": 75.0, "source": "pip_only", "capacity_method": "floor_approx", "active_pip": 0, "licensed": 1, "id": "1141011700100890023-1", "pnu": "1141011700100890023", "floors": 4, "height": 16.0}}, {"type": "Feature", "geometry": {"type": "Polygon", "coordinates": [[[126.93270848, 37.56869643], [126.93263601, 37.56873288], [126.93271662, 37.56883401], [126.93278762, 37.56880054], [126.93270848, 37.56869643]]]}, "properties": {"name": "연희동 88-13", "status": "full", "capacity": 3, "active": 3, "industry": "종합 소매", "vacancy_rate": 0.0, "vacancy_rate_lo": 0.0, "vacancy_rate_hi": 33.3, "stores": 3, "source": "stores+ledger", "capacity_method": "floor_ouln", "active_pip": 0, "licensed": 0, "com_floors": [1, 2, 3], "occ_floors": [1, 3], "unknown_n": 1, "id": "1141011700100880013-1", "pnu": "1141011700100880013", "floors": 4, "height": 0.0}}, {"type": "Feature", "geometry": {"type": "Polygon", "coordinates": [[[126.93694657, 37.57137319], [126.93690552, 37.57145021], [126.93701303, 37.57148432], [126.93705339, 37.57140776], [126.93694657, 37.57137319]]]}, "properties": {"name": "연희동 19-4", "status": "empty", "capacity": 1, "active": 0, "industry": "", "vacancy_rate": 100.0, "source": "polygon_only", "capacity_method": "floor_approx", "active_pip": 0, "licensed": 0, "id": "1141011700200190004-1", "pnu": "1141011700200190004", "floors": 1, "height": 6.7}}, {"type": "Feature", "geometry": {"type": "Polygon", "coordinates": [[[126.93383037, 37.56981592], [126.93378752, 37.56976517], [126.93372716, 37.56979586], [126.93371076, 37.56977674], [126.93366694, 37.56979736], [126.93365958, 37.56979582], [126.93365449, 37.56979672], [126.93357703, 37.56983524], [126.93357555, 37.56983929], [126.93357577, 37.56984488], [126.93353987, 37.56986432], [126.93364581, 37.57000007], [126.93372948, 37.57011049], [126.93384749, 37.57005037], [126.93386355, 37.57006687], [126.93392141, 37.57003788], [126.93389111, 37.57000003], [126.93376911, 37.56984814], [126.93383037, 37.56981592]]]}, "properties": {"name": "연희동 87-9", "status": "empty", "capacity": 8, "active": 0, "industry": "", "vacancy_rate": 100.0, "source": "polygon_only", "capacity_method": "floor_approx", "active_pip": 0, "licensed": 0, "id": "1141011700100870009-1", "pnu": "1141011700100870009", "floors": 8, "height": 32.55}}, {"type": "Feature", "geometry": {"type": "Polygon", "coordinates": [[[126.93243849, 37.56828614], [126.93253106, 37.56822873], [126.9324523, 37.56814822], [126.93235969, 37.56820564], [126.93243849, 37.56828614]]]}, "properties": {"name": "연희동 231-1", "status": "empty", "capacity": 7, "active": 0, "industry": "", "vacancy_rate": 100.0, "source": "polygon_only", "capacity_method": "floor_approx", "active_pip": 0, "licensed": 0, "id": "1141011700102310001-1", "pnu": "1141011700102310001", "floors": 7, "height": 20.8}}, {"type": "Feature", "geometry": {"type": "Polygon", "coordinates": [[[126.93605092, 37.57113827], [126.93604163, 37.57115016], [126.9359975, 37.57112951], [126.93593937, 37.57120489], [126.9360928, 37.571273], [126.93609245, 37.57129165], [126.93620349, 37.57129207], [126.93620492, 37.57120584], [126.93615648, 37.57120554], [126.93615581, 37.57119086], [126.93609344, 37.57119029], [126.93609296, 37.5712165], [126.93607271, 37.57120911], [126.93610207, 37.57116307], [126.93605092, 37.57113827]]]}, "properties": {"name": "연희동 96-12", "status": "empty", "capacity": 3, "active": 0, "industry": "", "vacancy_rate": 100.0, "source": "polygon_only", "capacity_method": "floor_approx", "active_pip": 0, "licensed": 0, "id": "1141011700100960012-1", "pnu": "1141011700100960012", "floors": 3, "height": 8.85}}, {"type": "Feature", "geometry": {"type": "Polygon", "coordinates": [[[126.93422939, 37.56761916], [126.93428567, 37.56759369], [126.93422814, 37.56750266], [126.93417854, 37.56752443], [126.93421053, 37.56757148], [126.93420407, 37.56757571], [126.93422939, 37.56761916]]]}, "properties": {"name": "연희동 51-44", "status": "empty", "capacity": 4, "active": 0, "industry": "", "vacancy_rate": 100.0, "source": "polygon_only", "capacity_method": "floor_approx", "active_pip": 0, "licensed": 0, "id": "1141011700100510044-1", "pnu": "1141011700100510044", "floors": 4, "height": 12.4}}, {"type": "Feature", "geometry": {"type": "Polygon", "coordinates": [[[126.93471128, 37.57082354], [126.93467753, 37.57084406], [126.93467233, 37.57083595], [126.93465013, 37.5708445], [126.93463962, 37.57083251], [126.93458379, 37.57086059], [126.93465322, 37.57094902], [126.9347385, 37.57090537], [126.93473375, 37.5708996], [126.93476229, 37.57088565], [126.93471128, 37.57082354]]]}, "properties": {"name": "연희동 80-4", "status": "empty", "capacity": 2, "active": 0, "industry": "", "vacancy_rate": 100.0, "source": "polygon_only", "capacity_method": "floor_approx", "active_pip": 0, "licensed": 0, "id": "1141011700100800004-1", "pnu": "1141011700100800004", "floors": 2, "height": 0.0}}, {"type": "Feature", "geometry": {"type": "Polygon", "coordinates": [[[126.93404067, 37.57137512], [126.93392018, 37.57143866], [126.93398361, 37.57151492], [126.93410173, 37.57145236], [126.93404067, 37.57137512]]]}, "properties": {"name": "연희동 81-15", "status": "empty", "capacity": 2, "active": 0, "industry": "", "vacancy_rate": 100.0, "source": "polygon_only", "capacity_method": "floor_approx", "active_pip": 0, "licensed": 0, "id": "1141011700100810015-1", "pnu": "1141011700100810015", "floors": 2, "height": 7.2}}, {"type": "Feature", "geometry": {"type": "Polygon", "coordinates": [[[126.93645062, 37.57113371], [126.936297, 37.5711475], [126.93629779, 37.57115606], [126.93625919, 37.57115974], [126.93625918, 37.57116316], [126.93624933, 37.57116334], [126.9362652, 37.57127146], [126.93646241, 37.57125148], [126.93646865, 37.5712404], [126.93645062, 37.57113371]]]}, "properties": {"name": "연희동 96-1", "status": "empty", "capacity": 2, "active": 0, "industry": "", "vacancy_rate": 100.0, "source": "polygon_only", "capacity_method": "floor_approx", "active_pip": 0, "licensed": 0, "id": "1141011700100960001-1", "pnu": "1141011700100960001", "floors": 2, "height": 0.0}}, {"type": "Feature", "geometry": {"type": "Polygon", "coordinates": [[[126.93291538, 37.57112275], [126.93275095, 37.57120212], [126.93280182, 37.57126927], [126.9329666, 37.57119008], [126.93291538, 37.57112275]]]}, "properties": {"name": "연희동 85-15", "status": "empty", "capacity": 2, "active": 0, "industry": "", "vacancy_rate": 100.0, "source": "polygon_only", "capacity_method": "floor_approx", "active_pip": 0, "licensed": 0, "id": "1141011700100850015-1", "pnu": "1141011700100850015", "floors": 2, "height": 11.5}}, {"type": "Feature", "geometry": {"type": "Polygon", "coordinates": [[[126.93460697, 37.57102386], [126.93460516, 37.57102828], [126.9346056, 37.57103422], [126.9346739, 37.57111697], [126.93467865, 37.57111797], [126.9346859, 37.57111608], [126.93490832, 37.57100331], [126.93481786, 37.57089027], [126.93459397, 37.57100259], [126.93460946, 37.57102152], [126.93460697, 37.57102386]]]}, "properties": {"name": "금성여행사", "status": "full", "capacity": 3, "active": 3, "industry": "일반 교육", "vacancy_rate": 0.0, "vacancy_rate_lo": 0.0, "vacancy_rate_hi": 0.0, "stores": 4, "source": "stores+ledger", "capacity_method": "floor_ouln", "active_pip": 0, "licensed": 0, "com_floors": [1, 2, 3], "occ_floors": [1, 2, 3], "unknown_n": 0, "id": "1141011700100800008-1", "pnu": "1141011700100800008", "floors": 4, "height": 0.0}}, {"type": "Feature", "geometry": {"type": "Polygon", "coordinates": [[[126.93386878, 37.57080757], [126.93381804, 37.57083431], [126.9338653, 37.57089453], [126.93391932, 37.57086878], [126.93386878, 37.57080757]]]}, "properties": {"name": "연희동 86-2", "status": "full", "capacity": 1, "active": 1, "industry": "", "vacancy_rate": 0.0, "source": "pip_only", "capacity_method": "floor_approx", "active_pip": 0, "licensed": 1, "id": "1141011700100860002-1", "pnu": "1141011700100860002", "floors": 0, "height": 0.0}}, {"type": "Feature", "geometry": {"type": "Polygon", "coordinates": [[[126.93445641, 37.57167682], [126.93446717, 37.57167205], [126.93446626, 37.5716762], [126.93441032, 37.57170401], [126.93440658, 37.5717004], [126.93438779, 37.57170931], [126.9343793, 37.57170003], [126.93432732, 37.57172675], [126.93435073, 37.5717528], [126.93434439, 37.57175524], [126.93440454, 37.5718315], [126.93460387, 37.57172448], [126.93446025, 37.57154681], [126.93439243, 37.57158128], [126.9344337, 37.57163203], [126.93442634, 37.571635], [126.93445641, 37.57167682]]]}, "properties": {"name": "연희동 81-11", "status": "empty", "capacity": 4, "active": 0, "industry": "", "vacancy_rate": 100.0, "source": "polygon_only", "capacity_method": "floor_approx", "active_pip": 0, "licensed": 0, "id": "1141011700100810011-1", "pnu": "1141011700100810011", "floors": 4, "height": 0.0}}, {"type": "Feature", "geometry": {"type": "Polygon", "coordinates": [[[126.93409865, 37.57108728], [126.93403116, 37.57112121], [126.93414164, 37.57126057], [126.93420902, 37.57122673], [126.93409865, 37.57108728]]]}, "properties": {"name": "연희동 81-18", "status": "full", "capacity": 3, "active": 3, "industry": "모터사이클 소매", "vacancy_rate": 0.0, "vacancy_rate_lo": 0.0, "vacancy_rate_hi": 33.3, "stores": 4, "source": "stores+ledger", "capacity_method": "floor_ouln", "active_pip": 0, "licensed": 1, "com_floors": [1, 2, 3], "occ_floors": [1, 2], "unknown_n": 1, "id": "1141011700100810018-1", "pnu": "1141011700100810018", "floors": 3, "height": 0.0}}, {"type": "Feature", "geometry": {"type": "Polygon", "coordinates": [[[126.93444163, 37.57096287], [126.93440675, 37.57098267], [126.93445627, 37.57104693], [126.93452242, 37.57101274], [126.93446169, 37.57093847], [126.93445695, 37.57093818], [126.93443679, 37.57094836], [126.9344361, 37.57095259], [126.93444163, 37.57096287]]]}, "properties": {"name": "연희동 80-2", "status": "full", "capacity": 4, "active": 4, "industry": "기타 간이", "vacancy_rate": 0.0, "vacancy_rate_lo": 0.0, "vacancy_rate_hi": 75.0, "stores": 3, "source": "stores+ledger", "capacity_method": "floor_ouln", "active_pip": 0, "licensed": 1, "com_floors": [1, 2, 3, 4], "occ_floors": [2], "unknown_n": 3, "id": "1141011700100800002-1", "pnu": "1141011700100800002", "floors": 4, "height": 13.2}}, {"type": "Feature", "geometry": {"type": "Polygon", "coordinates": [[[126.93364053, 37.57046849], [126.9335189, 37.57053051], [126.93364282, 37.57068698], [126.93376445, 37.57062461], [126.93364053, 37.57046849]]]}, "properties": {"name": "연희동", "status": "full", "capacity": 3, "active": 3, "industry": "중식", "vacancy_rate": 0.0, "vacancy_rate_lo": 0.0, "vacancy_rate_hi": 0.0, "stores": 1, "source": "stores+ledger", "capacity_method": "floor_ouln", "active_pip": 0, "licensed": 1, "com_floors": [1, 2, 3], "occ_floors": [1, 2, 3], "unknown_n": 0, "id": "1141011700100860015-2", "pnu": "1141011700100860015", "floors": 4, "height": 13.5}}, {"type": "Feature", "geometry": {"type": "Polygon", "coordinates": [[[126.93306702, 37.56914281], [126.93299103, 37.56918042], [126.93307662, 37.56928796], [126.93315375, 37.56924917], [126.93306702, 37.56914281]]]}, "properties": {"name": "우측", "status": "full", "capacity": 3, "active": 3, "industry": "기타 교육", "vacancy_rate": 0.0, "vacancy_rate_lo": 0.0, "vacancy_rate_hi": 0.0, "stores": 2, "source": "stores+ledger", "capacity_method": "floor_ouln", "active_pip": 0, "licensed": 0, "com_floors": [1, 2, 3], "occ_floors": [1, 2, 3], "unknown_n": 0, "id": "1141011700100880020-1", "pnu": "1141011700100880020", "floors": 4, "height": 0.0}}, {"type": "Feature", "geometry": {"type": "Polygon", "coordinates": [[[126.9346003, 37.5686254], [126.9345772, 37.56869742], [126.93468742, 37.56871983], [126.93470212, 37.568674], [126.93467141, 37.56866775], [126.93467981, 37.56864157], [126.9346003, 37.5686254]]]}, "properties": {"name": "연희동 66-8", "status": "empty", "capacity": 5, "active": 0, "industry": "", "vacancy_rate": 100.0, "source": "polygon_only", "capacity_method": "floor_approx", "active_pip": 0, "licensed": 0, "id": "1141011700100660008-1", "pnu": "1141011700100660008", "floors": 5, "height": 13.7}}, {"type": "Feature", "geometry": {"type": "Polygon", "coordinates": [[[126.93386386, 37.57028474], [126.93401379, 37.57021002], [126.93394214, 37.57011845], [126.93386059, 37.57013193], [126.93384911, 37.57011733], [126.93376511, 37.57015919], [126.93386386, 37.57028474]]]}, "properties": {"name": "연희동 87-7", "status": "partial", "capacity": 2, "active": 1, "industry": "비알코올 ", "vacancy_rate": 50.0, "vacancy_rate_lo": 50.0, "vacancy_rate_hi": 100.0, "stores": 1, "source": "stores+ledger", "capacity_method": "floor_ouln", "active_pip": 0, "licensed": 0, "com_floors": [1, 2], "occ_floors": [], "unknown_n": 1, "id": "1141011700100870007-1", "pnu": "1141011700100870007", "floors": 2, "height": 9.5}}, {"type": "Feature", "geometry": {"type": "Polygon", "coordinates": [[[126.93298951, 37.57151308], [126.93308447, 37.5714703], [126.93310176, 37.57149461], [126.93317842, 37.57146121], [126.93312869, 37.57139127], [126.93295767, 37.57146831], [126.93298951, 37.57151308]]]}, "properties": {"name": "연희동 85-12", "status": "empty", "capacity": 2, "active": 0, "industry": "", "vacancy_rate": 100.0, "source": "polygon_only", "capacity_method": "floor_approx", "active_pip": 0, "licensed": 0, "id": "1141011700100850012-1", "pnu": "1141011700100850012", "floors": 2, "height": 9.9}}, {"type": "Feature", "geometry": {"type": "Polygon", "coordinates": [[[126.93545446, 37.57161959], [126.93578575, 37.57150799], [126.93574445, 37.57143043], [126.93573031, 37.57143447], [126.93572342, 37.57142211], [126.93561836, 37.57145511], [126.9356285, 37.57146955], [126.93552375, 37.57150489], [126.93551461, 37.57149012], [126.93541248, 37.57152606], [126.93541953, 37.57154005], [126.93541437, 37.57154338], [126.93545446, 37.57161959]]]}, "properties": {"name": "연희동 79-22", "status": "empty", "capacity": 4, "active": 0, "industry": "", "vacancy_rate": 100.0, "source": "polygon_only", "capacity_method": "floor_approx", "active_pip": 0, "licensed": 0, "id": "1141011700100790022-1", "pnu": "1141011700100790022", "floors": 4, "height": 15.96}}, {"type": "Feature", "geometry": {"type": "Polygon", "coordinates": [[[126.932956, 37.56845067], [126.9329756, 37.56844229], [126.932986, 37.56845595], [126.93316067, 37.56837547], [126.93311211, 37.56830973], [126.93309749, 37.568318], [126.93308983, 37.56830747], [126.93291124, 37.5683891], [126.9329549, 37.56844979], [126.932956, 37.56845067]]]}, "properties": {"name": "명칭없음", "status": "full", "capacity": 1, "active": 1, "industry": "기타 교육", "vacancy_rate": 0.0, "vacancy_rate_lo": null, "vacancy_rate_hi": null, "stores": 1, "source": "stores+ledger", "capacity_method": "expos_units", "active_pip": 0, "licensed": 1, "com_floors": null, "occ_floors": null, "unknown_n": null, "id": "1141011700100880030-1", "pnu": "1141011700100880030", "floors": 5, "height": 15.63}}, {"type": "Feature", "geometry": {"type": "Polygon", "coordinates": [[[126.93448144, 37.57089712], [126.93447112, 37.57090269], [126.93452891, 37.57097472], [126.93462652, 37.57092522], [126.93455631, 37.57083309], [126.93449798, 37.57086937], [126.93450318, 37.57087478], [126.93447804, 37.57088999], [126.93448144, 37.57089712]]]}, "properties": {"name": "연희베스텔", "status": "partial", "capacity": 4, "active": 3, "industry": "일반 교육", "vacancy_rate": 25.0, "vacancy_rate_lo": 25.0, "vacancy_rate_hi": 75.0, "stores": 3, "source": "stores+ledger", "capacity_method": "floor_ouln", "active_pip": 0, "licensed": 1, "com_floors": [1, 2, 3, 4], "occ_floors": [3], "unknown_n": 2, "id": "1141011700100800003-1", "pnu": "1141011700100800003", "floors": 4, "height": 12.0}}, {"type": "Feature", "geometry": {"type": "Polygon", "coordinates": [[[126.93428926, 37.56762397], [126.93427082, 37.56762828], [126.93427161, 37.56763351], [126.93423774, 37.56764646], [126.93423909, 37.56765142], [126.93422416, 37.56765645], [126.93425611, 37.56773369], [126.93431011, 37.56772777], [126.93433607, 37.56769157], [126.9342973, 37.56762478], [126.93429018, 37.5676264], [126.93428926, 37.56762397]]]}, "properties": {"name": "연희동 51-43", "status": "empty", "capacity": 4, "active": 0, "industry": "", "vacancy_rate": 100.0, "source": "polygon_only", "capacity_method": "floor_approx", "active_pip": 0, "licensed": 0, "id": "1141011700100510043-1", "pnu": "1141011700100510043", "floors": 4, "height": 12.3}}, {"type": "Feature", "geometry": {"type": "Polygon", "coordinates": [[[126.93254452, 37.5685151], [126.93240403, 37.56834497], [126.93232125, 37.56838991], [126.93246079, 37.56855886], [126.93254452, 37.5685151]]]}, "properties": {"name": "경교빌딩", "status": "full", "capacity": 3, "active": 3, "industry": "기타 교육", "vacancy_rate": 0.0, "vacancy_rate_lo": 0.0, "vacancy_rate_hi": 100.0, "stores": 4, "source": "stores+ledger", "capacity_method": "floor_ouln", "active_pip": 0, "licensed": 2, "com_floors": [1, 2, 3], "occ_floors": [], "unknown_n": 3, "id": "1141011700101350001-1", "pnu": "1141011700101350001", "floors": 5, "height": 0.0}}, {"type": "Feature", "geometry": {"type": "Polygon", "coordinates": [[[126.93268572, 37.57058788], [126.93265652, 37.57060246], [126.93264906, 37.57059101], [126.93259084, 37.57061647], [126.93260452, 37.57063603], [126.93259274, 37.57064278], [126.93261638, 37.57067145], [126.93262816, 37.57066425], [126.93264569, 37.5706857], [126.93277534, 37.57062055], [126.93276258, 37.57059982], [126.93277095, 37.57059414], [126.93273218, 37.57054753], [126.93267702, 37.5705731], [126.93268572, 37.57058788]]]}, "properties": {"name": "연희동 85-17", "status": "full", "capacity": 2, "active": 2, "industry": "세탁", "vacancy_rate": 0.0, "vacancy_rate_lo": 0.0, "vacancy_rate_hi": 50.0, "stores": 3, "source": "stores+ledger", "capacity_method": "floor_ouln", "active_pip": 0, "licensed": 1, "com_floors": [1, 2], "occ_floors": [1], "unknown_n": 1, "id": "1141011700100850017-1", "pnu": "1141011700100850017", "floors": 2, "height": 0.0}}, {"type": "Feature", "geometry": {"type": "Polygon", "coordinates": [[[126.93379653, 37.57084357], [126.93366958, 37.5709036], [126.93372023, 37.57097094], [126.93384605, 37.57090712], [126.93379653, 37.57084357]]]}, "properties": {"name": "연희동 86-2", "status": "partial", "capacity": 2, "active": 1, "industry": "", "vacancy_rate": 50.0, "source": "pip_only", "capacity_method": "floor_approx", "active_pip": 0, "licensed": 1, "id": "1141011700100860002-2", "pnu": "1141011700100860002", "floors": 2, "height": 0.0}}, {"type": "Feature", "geometry": {"type": "Polygon", "coordinates": [[[126.93222566, 37.57000773], [126.93221512, 37.57001421], [126.93220291, 37.57000006], [126.93213597, 37.569922], [126.93207086, 37.56995322], [126.93206848, 37.56995061], [126.93202737, 37.56997248], [126.93204987, 37.57000006], [126.93212563, 37.57009318], [126.93215179, 37.57007995], [126.93216197, 37.57009068], [126.93224634, 37.57004685], [126.93224023, 37.57003937], [126.93224895, 37.57003568], [126.93222566, 37.57000773]]]}, "properties": {"name": "연희동 90-11", "status": "empty", "capacity": 2, "active": 0, "industry": "", "vacancy_rate": 100.0, "source": "polygon_only", "capacity_method": "floor_approx", "active_pip": 0, "licensed": 0, "id": "1141011700100900011-1", "pnu": "1141011700100900011", "floors": 2, "height": 0.0}}, {"type": "Feature", "geometry": {"type": "Polygon", "coordinates": [[[126.93274133, 37.5685549], [126.93273748, 37.5685558], [126.93270944, 37.56852065], [126.93269653, 37.56852695], [126.93269336, 37.56852334], [126.93263017, 37.56855628], [126.93263062, 37.56855844], [126.9325663, 37.56859327], [126.9325672, 37.56859535], [126.93255055, 37.56860417], [126.93259091, 37.56865492], [126.93259782, 37.56865123], [126.93260879, 37.568667], [126.93260742, 37.5686797], [126.93261149, 37.56868547], [126.93264829, 37.56866702], [126.93264162, 37.56866089], [126.93266472, 37.56865], [126.93266913, 37.56865658], [126.93277875, 37.5686016], [126.93274133, 37.5685549]]]}, "properties": {"name": "연희동 88-15", "status": "partial", "capacity": 2, "active": 1, "industry": "의원", "vacancy_rate": 50.0, "vacancy_rate_lo": 50.0, "vacancy_rate_hi": 100.0, "stores": 1, "source": "stores+ledger", "capacity_method": "floor_ouln", "active_pip": 0, "licensed": 0, "com_floors": [1, 2], "occ_floors": [], "unknown_n": 1, "id": "1141011700100880015-1", "pnu": "1141011700100880015", "floors": 3, "height": 0.0}}, {"type": "Feature", "geometry": {"type": "Polygon", "coordinates": [[[126.93276875, 37.56889802], [126.93278641, 37.56888992], [126.93279477, 37.56890398], [126.93277858, 37.56891045], [126.93281239, 37.56895651], [126.93293005, 37.56889721], [126.93292836, 37.56889486], [126.93300084, 37.5688558], [126.93292032, 37.568758], [126.9327346, 37.56885502], [126.93276875, 37.56889802]]]}, "properties": {"name": "연희동 88-11", "status": "full", "capacity": 1, "active": 1, "industry": "의원", "vacancy_rate": 0.0, "vacancy_rate_lo": null, "vacancy_rate_hi": null, "stores": 1, "source": "stores+ledger", "capacity_method": "expos_units", "active_pip": 0, "licensed": 0, "com_floors": null, "occ_floors": null, "unknown_n": null, "id": "1141011700100880011-1", "pnu": "1141011700100880011", "floors": 6, "height": 24.64}}, {"type": "Feature", "geometry": {"type": "Polygon", "coordinates": [[[126.9347606, 37.56879263], [126.93474821, 37.56884705], [126.93480163, 37.56885465], [126.93481515, 37.56880023], [126.9347606, 37.56879263]]]}, "properties": {"name": "연희동 63-9", "status": "empty", "capacity": 2, "active": 0, "industry": "", "vacancy_rate": 100.0, "source": "polygon_only", "capacity_method": "floor_approx", "active_pip": 0, "licensed": 0, "id": "1141011700100630009-1", "pnu": "1141011700100630009", "floors": 2, "height": 0.0}}, {"type": "Feature", "geometry": {"type": "Polygon", "coordinates": [[[126.93411914, 37.56736583], [126.93402689, 37.56737082], [126.9340346, 37.56747858], [126.93423032, 37.56746698], [126.93422022, 37.56736931], [126.93415083, 37.56737467], [126.93414711, 37.56735692], [126.93411858, 37.56735997], [126.93411914, 37.56736583]]]}, "properties": {"name": "연희동 48-33", "status": "high", "capacity": 8, "active": 2, "industry": "종합 소매", "vacancy_rate": 75.0, "vacancy_rate_lo": null, "vacancy_rate_hi": null, "stores": 2, "source": "stores+ledger", "capacity_method": "expos_units", "active_pip": 0, "licensed": 1, "com_floors": null, "occ_floors": null, "unknown_n": null, "id": "1141011700100480033-1", "pnu": "1141011700100480033", "floors": 4, "height": 12.3}}, {"type": "Feature", "geometry": {"type": "Polygon", "coordinates": [[[126.93228404, 37.56834917], [126.93232316, 37.56838885], [126.93239753, 37.56834479], [126.93236447, 37.56830656], [126.93228404, 37.56834917]]]}, "properties": {"name": "연희동 135-4", "status": "empty", "capacity": 4, "active": 0, "industry": "", "vacancy_rate": 100.0, "source": "polygon_only", "capacity_method": "floor_approx", "active_pip": 0, "licensed": 0, "id": "1141011700101350004-1", "pnu": "1141011700101350004", "floors": 4, "height": 13.3}}, {"type": "Feature", "geometry": {"type": "Polygon", "coordinates": [[[126.93235914, 37.56966002], [126.93250021, 37.56961458], [126.93255412, 37.56972059], [126.93263394, 37.56969488], [126.93259493, 37.56961815], [126.93268202, 37.56959009], [126.93268469, 37.56959533], [126.93271207, 37.56958651], [126.93269608, 37.56955505], [126.93267202, 37.56956281], [126.93264348, 37.56950666], [126.93254078, 37.56953974], [126.93252376, 37.56950626], [126.93231513, 37.56957346], [126.93235914, 37.56966002]]]}, "properties": {"name": "연희동 89-21", "status": "empty", "capacity": 2, "active": 0, "industry": "", "vacancy_rate": 100.0, "source": "polygon_only", "capacity_method": "floor_approx", "active_pip": 0, "licensed": 0, "id": "1141011700100890021-1", "pnu": "1141011700100890021", "floors": 2, "height": 18.1}}, {"type": "Feature", "geometry": {"type": "Polygon", "coordinates": [[[126.93211226, 37.56813289], [126.93227866, 37.56834015], [126.93235625, 37.56830372], [126.93218968, 37.56809676], [126.93211226, 37.56813289]]]}, "properties": {"name": "소호리빙텔", "status": "full", "capacity": 3, "active": 3, "industry": "기타 교육", "vacancy_rate": 0.0, "vacancy_rate_lo": 0.0, "vacancy_rate_hi": 0.0, "stores": 9, "source": "stores+ledger", "capacity_method": "floor_ouln", "active_pip": 0, "licensed": 2, "com_floors": [1, 2, 3], "occ_floors": [1, 2, 3], "unknown_n": 0, "id": "1141011700101350005-1", "pnu": "1141011700101350005", "floors": 3, "height": 10.3}}, {"type": "Feature", "geometry": {"type": "Polygon", "coordinates": [[[126.93295357, 37.56968234], [126.93296693, 37.56967749], [126.93293539, 37.56963891], [126.93292531, 37.56964494], [126.93285125, 37.56955192], [126.93269146, 37.56963075], [126.93285993, 37.56983871], [126.93300907, 37.56976347], [126.93295357, 37.56968234]]]}, "properties": {"name": "연희동 89-19", "status": "full", "capacity": 2, "active": 2, "industry": "비알코올 ", "vacancy_rate": 0.0, "vacancy_rate_lo": 0.0, "vacancy_rate_hi": 0.0, "stores": 2, "source": "stores+ledger", "capacity_method": "floor_ouln", "active_pip": 0, "licensed": 2, "com_floors": [1, 2], "occ_floors": [1, 2], "unknown_n": 0, "id": "1141011700100890019-1", "pnu": "1141011700100890019", "floors": 3, "height": 10.95}}]}