{"type": "FeatureCollection", "district": "gongdeok", "features": [{"type": "Feature", "geometry": {"type": "Polygon", "coordinates": [[[126.95398654, 37.54394537], [126.95403739, 37.54392035], [126.95404719, 37.54392113], [126.95405698, 37.54393833], [126.95414652, 37.54390434], [126.95406043, 37.54378253], [126.9540399, 37.54379173], [126.9540447, 37.54379852], [126.95398638, 37.54382465], [126.95393345, 37.54375841], [126.95394455, 37.54375415], [126.9539313, 37.54373625], [126.95376391, 37.54381056], [126.95390389, 37.54401205], [126.95400292, 37.5439696], [126.95398654, 37.54394537]]]}, "properties": {"name": "펜트라우스", "status": "partial", "capacity": 29, "active": 22, "industry": "한식", "vacancy_rate": 24.1, "vacancy_rate_lo": null, "vacancy_rate_hi": null, "stores": 22, "source": "stores+ledger", "capacity_method": "expos_units", "active_pip": 0, "licensed": 0, "com_floors": null, "occ_floors": null, "unknown_n": null, "id": "1144010300101720000-1", "pnu": "1144010300101720000", "floors": 20, "height": 64.9}}, {"type": "Feature", "geometry": {"type": "Polygon", "coordinates": [[[126.95292334, 37.54370606], [126.95284059, 37.54357953], [126.95302215, 37.54349446], [126.95311236, 37.54362559], [126.953232, 37.54357167], [126.95302002, 37.54326561], [126.95259874, 37.54344888], [126.95258414, 37.54347203], [126.95258516, 37.54348266], [126.95258685, 37.54348906], [126.95273765, 37.54371239], [126.95276165, 37.54370015], [126.95280302, 37.54376188], [126.95292334, 37.54370606]]]}, "properties": {"name": "대우메트로디오빌", "status": "partial", "capacity": 38, "active": 19, "industry": "이용·미용", "vacancy_rate": 50.0, "vacancy_rate_lo": null, "vacancy_rate_hi": null, "stores": 19, "source": "stores+ledger", "capacity_method": "expos_units", "active_pip": 0, "licensed": 5, "com_floors": null, "occ_floors": null, "unknown_n": null, "id": "1144010300101670000-1", "pnu": "1144010300101670000", "floors": 30, "height": 104.7}}, {"type": "Feature", "geometry": {"type": "Polygon", "coordinates": [[[126.9521553, 37.54466865], [126.95212636, 37.54463053], [126.95209297, 37.54464241], [126.95212463, 37.54468377], [126.9521553, 37.54466865]]]}, "properties": {"name": "공덕동 255-23", "status": "full", "capacity": 1, "active": 1, "industry": "연료 소매", "vacancy_rate": 0.0, "vacancy_rate_lo": 0.0, "vacancy_rate_hi": 0.0, "stores": 5, "source": "stores+ledger", "capacity_method": "floor_ouln", "active_pip": 0, "licensed": 2, "com_floors": [1], "occ_floors": [1], "unknown_n": 0, "id": "1144010200102550023-1", "pnu": "1144010200102550023", "floors": 0, "height": 0.0}}, {"type": "Feature", "geometry": {"type": "Polygon", "coordinates": [[[126.95349998, 37.5453535], [126.95344366, 37.54529059], [126.95317008, 37.54542382], [126.95316541, 37.54546094], [126.95319616, 37.54550105], [126.95349998, 37.5453535]]]}, "properties": {"name": "제", "status": "high", "capacity": 128, "active": 29, "industry": "한식", "vacancy_rate": 77.3, "vacancy_rate_lo": null, "vacancy_rate_hi": null, "stores": 29, "source": "stores+ledger", "capacity_method": "expos_units", "active_pip": 0, "licensed": 0, "com_floors": null, "occ_floors": null, "unknown_n": null, "id": "1144010200102560005-1", "pnu": "1144010200102560005", "floors": 0, "height": 0.0}}, {"type": "Feature", "geometry": {"type": "Polygon", "coordinates": [[[126.95339969, 37.54522318], [126.95300955, 37.54518094], [126.95305469, 37.54537225], [126.95303998, 37.54537449], [126.95305669, 37.54541919], [126.95301289, 37.54544161], [126.95308797, 37.54554913], [126.95314671, 37.54552311], [126.95310919, 37.54543011], [126.95310999, 37.54542408], [126.95338822, 37.54528984], [126.95339969, 37.54522318]]]}, "properties": {"name": "제", "status": "high", "capacity": 128, "active": 29, "industry": "한식", "vacancy_rate": 77.3, "vacancy_rate_lo": null, "vacancy_rate_hi": null, "stores": 29, "source": "stores+ledger", "capacity_method": "expos_units", "active_pip": 0, "licensed": 0, "com_floors": null, "occ_floors": null, "unknown_n": null, "id": "1144010200102560005-2", "pnu": "1144010200102560005", "floors": 0, "height": 0.0}}, {"type": "Feature", "geometry": {"type": "Polygon", "coordinates": [[[126.95189123, 37.54567306], [126.95164646, 37.54533347], [126.95138069, 37.545455], [126.95162512, 37.5457946], [126.95189123, 37.54567306]]]}, "properties": {"name": "공덕동 450", "status": "full", "capacity": 1, "active": 1, "industry": "오락용품 소매", "vacancy_rate": 0.0, "vacancy_rate_lo": 0.0, "vacancy_rate_hi": 0.0, "stores": 1, "source": "stores+ledger", "capacity_method": "floor_ouln", "active_pip": 0, "licensed": 1, "com_floors": [2], "occ_floors": [2], "unknown_n": 0, "id": "1144010200104500000-1", "pnu": "1144010200104500000", "floors": 16, "height": 67.6}}, {"type": "Feature", "geometry": {"type": "Polygon", "coordinates": [[[126.95305307, 37.54541793], [126.95303839, 37.5453808], [126.95298282, 37.54539781], [126.95300983, 37.5454398], [126.95305307, 37.54541793]]]}, "properties": {"name": "제", "status": "high", "capacity": 128, "active": 29, "industry": "한식", "vacancy_rate": 77.3, "vacancy_rate_lo": null, "vacancy_rate_hi": null, "stores": 29, "source": "stores+ledger", "capacity_method": "expos_units", "active_pip": 0, "licensed": 0, "com_floors": null, "occ_floors": null, "unknown_n": null, "id": "1144010200102560005-3", "pnu": "1144010200102560005", "floors": 0, "height": 0.0}}, {"type": "Feature", "geometry": {"type": "Polygon", "coordinates": [[[126.95489193, 37.54537044], [126.95500762, 37.54529282], [126.95496306, 37.54524838], [126.95489038, 37.54529457], [126.95488597, 37.54529016], [126.95484296, 37.54531744], [126.95489193, 37.54537044]]]}, "properties": {"name": "신공덕동 14-14", "status": "full", "capacity": 3, "active": 3, "industry": "일반 교육", "vacancy_rate": 0.0, "vacancy_rate_lo": 0.0, "vacancy_rate_hi": 0.0, "stores": 1, "source": "stores+ledger", "capacity_method": "floor_ouln", "active_pip": 0, "licensed": 0, "com_floors": [1, 2, 3], "occ_floors": [1, 2, 3], "unknown_n": 0, "id": "1144010300100140014-1", "pnu": "1144010300100140014", "floors": 5, "height": 14.6}}, {"type": "Feature", "geometry": {"type": "Polygon", "coordinates": [[[126.95382401, 37.54507026], [126.95374911, 37.54505735], [126.95368311, 37.54509831], [126.95371534, 37.54513807], [126.95382401, 37.54507026]]]}, "properties": {"name": "제", "status": "high", "capacity": 128, "active": 29, "industry": "한식", "vacancy_rate": 77.3, "vacancy_rate_lo": null, "vacancy_rate_hi": null, "stores": 29, "source": "stores+ledger", "capacity_method": "expos_units", "active_pip": 0, "licensed": 0, "com_floors": null, "occ_floors": null, "unknown_n": null, "id": "1144010200102560005-4", "pnu": "1144010200102560005", "floors": 0, "height": 0.0}}, {"type": "Feature", "geometry": {"type": "Polygon", "coordinates": [[[126.95182263, 37.54449634], [126.95177243, 37.54443145], [126.95165866, 37.54448726], [126.95170434, 37.54455044], [126.95182263, 37.54449634]]]}, "properties": {"name": "공덕동 255-16", "status": "partial", "capacity": 2, "active": 1, "industry": "한식", "vacancy_rate": 50.0, "vacancy_rate_lo": 50.0, "vacancy_rate_hi": 50.0, "stores": 1, "source": "stores+ledger", "capacity_method": "floor_ouln", "active_pip": 0, "licensed": 0, "com_floors": [1, 2], "occ_floors": [2], "unknown_n": 0, "id": "1144010200102550016-1", "pnu": "1144010200102550016", "floors": 2, "height": 0.0}}, {"type": "Feature", "geometry": {"type": "Polygon", "coordinates": [[[126.95461995, 37.54491245], [126.95458024, 37.54487756], [126.95445573, 37.54496662], [126.95449452, 37.54500286], [126.95461995, 37.54491245]]]}, "properties": {"name": "신공덕동 15-11", "status": "partial", "capacity": 2, "active": 1, "industry": "기타 보건", "vacancy_rate": 50.0, "vacancy_rate_lo": 50.0, "vacancy_rate_hi": 50.0, "stores": 1, "source": "stores+ledger", "capacity_method": "floor_ouln", "active_pip": 0, "licensed": 0, "com_floors": [1, 2], "occ_floors": [2], "unknown_n": 0, "id": "1144010300100150011-1", "pnu": "1144010300100150011", "floors": 4, "height": 12.0}}, {"type": "Feature", "geometry": {"type": "Polygon", "coordinates": [[[126.95374198, 37.54505959], [126.95367228, 37.54505129], [126.95366603, 37.54508444], [126.95368323, 37.54509535], [126.95374198, 37.54505959]]]}, "properties": {"name": "제", "status": "high", "capacity": 128, "active": 29, "industry": "한식", "vacancy_rate": 77.3, "vacancy_rate_lo": null, "vacancy_rate_hi": null, "stores": 29, "source": "stores+ledger", "capacity_method": "expos_units", "active_pip": 0, "licensed": 0, "com_floors": null, "occ_floors": null, "unknown_n": null, "id": "1144010200102560005-5", "pnu": "1144010200102560005", "floors": 0, "height": 0.0}}, {"type": "Feature", "geometry": {"type": "Polygon", "coordinates": [[[126.95480196, 37.54480197], [126.95476227, 37.54476528], [126.95474778, 37.54476663], [126.95459711, 37.54487333], [126.9546505, 37.54492111], [126.95480037, 37.54481494], [126.95480196, 37.54480197]]]}, "properties": {"name": "신공덕동 15-51", "status": "high", "capacity": 6, "active": 1, "industry": "의원", "vacancy_rate": 83.3, "vacancy_rate_lo": 83.3, "vacancy_rate_hi": 100.0, "stores": 1, "source": "stores+ledger", "capacity_method": "floor_ouln", "active_pip": 0, "licensed": 0, "com_floors": [1, 2, 3, 4, 5, 6], "occ_floors": [], "unknown_n": 1, "id": "1144010300100150051-1", "pnu": "1144010300100150051", "floors": 6, "height": 21.1}}, {"type": "Feature", "geometry": {"type": "Polygon", "coordinates": [[[126.95477362, 37.54509234], [126.95473358, 37.54505665], [126.95463691, 37.54512455], [126.95467739, 37.54516069], [126.95477362, 37.54509234]]]}, "properties": {"name": "신공덕동 15-8", "status": "full", "capacity": 1, "active": 1, "industry": "기타 생활용품 소매", "vacancy_rate": 0.0, "vacancy_rate_lo": 0.0, "vacancy_rate_hi": 0.0, "stores": 2, "source": "stores+ledger", "capacity_method": "floor_ouln", "active_pip": 0, "licensed": 1, "com_floors": [1], "occ_floors": [1], "unknown_n": 0, "id": "1144010300100150008-1", "pnu": "1144010300100150008", "floors": 3, "height": 9.9}}, {"type": "Feature", "geometry": {"type": "Polygon", "coordinates": [[[126.95523922, 37.54517054], [126.95521852, 37.54515027], [126.95520867, 37.54515422], [126.95516774, 37.5451061], [126.95507152, 37.54516373], [126.95513938, 37.5452352], [126.95523922, 37.54517054]]]}, "properties": {"name": "신공덕동 14-11", "status": "empty", "capacity": 9, "active": 0, "industry": "", "vacancy_rate": 100.0, "source": "polygon_only", "capacity_method": "floor_approx", "active_pip": 0, "licensed": 0, "id": "1144010300100140011-1", "pnu": "1144010300100140011", "floors": 9, "height": 31.65}}, {"type": "Feature", "geometry": {"type": "Polygon", "coordinates": [[[126.95478299, 37.54395951], [126.95475722, 37.54392058], [126.95472677, 37.54393336], [126.95475266, 37.5439723], [126.95478299, 37.54395951]]]}, "properties": {"name": "신공덕래미안1차", "status": "high", "capacity": 74, "active": 21, "industry": "기타 교육", "vacancy_rate": 71.6, "vacancy_rate_lo": null, "vacancy_rate_hi": null, "stores": 21, "source": "stores+ledger", "capacity_method": "expos_units", "active_pip": 0, "licensed": 0, "com_floors": null, "occ_floors": null, "unknown_n": null, "id": "1144010300101550000-1", "pnu": "1144010300101550000", "floors": 0, "height": 0.0}}, {"type": "Feature", "geometry": {"type": "Polygon", "coordinates": [[[126.95091036, 37.5432605], [126.95087726, 37.54321833], [126.95084682, 37.54323459], [126.95087991, 37.54327677], [126.95091036, 37.5432605]]]}, "properties": {"name": "효성해링턴스퀘어", "status": "full", "capacity": 8, "active": 8, "industry": "한식", "vacancy_rate": 0.0, "vacancy_rate_lo": 0.0, "vacancy_rate_hi": 25.0, "stores": 70, "source": "stores+ledger", "capacity_method": "floor_ouln", "active_pip": 0, "licensed": 0, "com_floors": [1, 2, 3, 4, 5, 6, 7, 8], "occ_floors": [1, 2, 3, 5, 6, 7], "unknown_n": 2, "id": "1144010400100250013-1", "pnu": "1144010400100250013", "floors": 0, "height": 0.0}}, {"type": "Feature", "geometry": {"type": "Polygon", "coordinates": [[[126.95458056, 37.54435365], [126.95458071, 37.54434493], [126.95458078, 37.5443408], [126.95457951, 37.54433638], [126.95457752, 37.5443295], [126.95457412, 37.54432245], [126.95457222, 37.54431848], [126.9545682, 37.54431327], [126.95456192, 37.54430951], [126.9545547, 37.54430521], [126.95455982, 37.54427665], [126.95453329, 37.54420878], [126.95441296, 37.54418949], [126.95441191, 37.54420125], [126.95435643, 37.54419357], [126.95435469, 37.54420156], [126.95433324, 37.54419858], [126.95425773, 37.54423097], [126.95425866, 37.54424181], [126.95427475, 37.54424474], [126.95426913, 37.54426433], [126.95421288, 37.54425728], [126.95419825, 37.54426304], [126.95417772, 37.54426003], [126.95416094, 37.54432614], [126.95436608, 37.54435854], [126.95436773, 37.54435195], [126.95450183, 37.54437416], [126.95452036, 37.54437984], [126.95453362, 37.54438076], [126.95454634, 37.54438063], [126.95455969, 37.5443773], [126.95456883, 37.54437229], [126.95457573, 37.54436433], [126.95458056, 37.54435365]]]}, "properties": {"name": "펜트라우스", "status": "partial", "capacity": 29, "active": 22, "industry": "한식", "vacancy_rate": 24.1, "vacancy_rate_lo": null, "vacancy_rate_hi": null, "stores": 22, "source": "stores+ledger", "capacity_method": "expos_units", "active_pip": 0, "licensed": 0, "com_floors": null, "occ_floors": null, "unknown_n": null, "id": "1144010300101720000-2", "pnu": "1144010300101720000", "floors": 0, "height": 0.0}}, {"type": "Feature", "geometry": {"type": "Polygon", "coordinates": [[[126.9503277, 37.54571027], [126.95033091, 37.54564594], [126.95028666, 37.54564078], [126.95028031, 37.5456752], [126.95020789, 37.54566679], [126.95019588, 37.54569633], [126.95026184, 37.54570609], [126.9503277, 37.54571027]]]}, "properties": {"name": "공덕동 391", "status": "empty", "capacity": 1, "active": 0, "industry": "", "vacancy_rate": 100.0, "source": "polygon_only", "capacity_method": "floor_approx", "active_pip": 0, "licensed": 0, "id": "1144010200103910000-1", "pnu": "1144010200103910000", "floors": 1, "height": 0.0}}, {"type": "Feature", "geometry": {"type": "Polygon", "coordinates": [[[126.95350385, 37.54475758], [126.95305694, 37.54466667], [126.95300309, 37.5448346], [126.95340022, 37.5449154], [126.95346723, 37.54488442], [126.95350385, 37.54475758]]]}, "properties": {"name": "공덕시장", "status": "full", "capacity": 23, "active": 23, "industry": "한식", "vacancy_rate": 0.0, "vacancy_rate_lo": null, "vacancy_rate_hi": null, "stores": 23, "source": "stores+ledger", "capacity_method": "expos_units", "active_pip": 0, "licensed": 14, "com_floors": null, "occ_floors": null, "unknown_n": null, "id": "1144010200102560010-1", "pnu": "1144010200102560010", "floors": 2, "height": 0.0}}, {"type": "Feature", "geometry": {"type": "Polygon", "coordinates": [[[126.94904764, 37.53957139], [126.94894649, 37.53956044], [126.94894309, 37.53956612], [126.94893572, 37.53958558], [126.94903313, 37.53960922], [126.94904764, 37.53957139]]]}, "properties": {"name": "도화동 7-8", "status": "empty", "capacity": 2, "active": 0, "industry": "", "vacancy_rate": 100.0, "source": "polygon_only", "capacity_method": "floor_approx", "active_pip": 0, "licensed": 0, "id": "1144010400100070008-1", "pnu": "1144010400100070008", "floors": 2, "height": 5.89}}, {"type": "Feature", "geometry": {"type": "Polygon", "coordinates": [[[126.94771995, 37.54020377], [126.9475856, 37.54010603], [126.94756307, 37.54012576], [126.94754294, 37.54011106], [126.94742417, 37.54021462], [126.94744622, 37.54023076], [126.94742267, 37.54025129], [126.94744744, 37.54026941], [126.94742842, 37.54028598], [126.94783205, 37.54057962], [126.94790406, 37.54051703], [126.94795184, 37.54047506], [126.94790389, 37.54043991], [126.94766028, 37.54026275], [126.94767036, 37.54025402], [126.94766606, 37.54025077], [126.94771995, 37.54020377]]]}, "properties": {"name": "고려아카데미텔", "status": "high", "capacity": 92, "active": 29, "industry": "의원", "vacancy_rate": 68.5, "vacancy_rate_lo": null, "vacancy_rate_hi": null, "stores": 29, "source": "stores+ledger", "capacity_method": "expos_units", "active_pip": 0, "licensed": 5, "com_floors": null, "occ_floors": null, "unknown_n": null, "id": "1144010400100360000-1", "pnu": "1144010400100360000", "floors": 17, "height": 0.0}}, {"type": "Feature", "geometry": {"type": "Polygon", "coordinates": [[[126.95289451, 37.54475437], [126.95290335, 37.54472617], [126.95298205, 37.54447176], [126.95290329, 37.54445632], [126.9526244, 37.54440151], [126.95253811, 37.54468449], [126.95277582, 37.5447354], [126.95277718, 37.54473125], [126.95289451, 37.54475437]]]}, "properties": {"name": "제일빌딩", "status": "partial", "capacity": 83, "active": 47, "industry": "의원", "vacancy_rate": 43.4, "vacancy_rate_lo": null, "vacancy_rate_hi": null, "stores": 47, "source": "stores+ledger", "capacity_method": "expos_units", "active_pip": 0, "licensed": 14, "com_floors": null, "occ_floors": null, "unknown_n": null, "id": "1144010200102560013-1", "pnu": "1144010200102560013", "floors": 15, "height": 62.04}}, {"type": "Feature", "geometry": {"type": "Polygon", "coordinates": [[[126.95426888, 37.54480608], [126.95440077, 37.54470486], [126.95438584, 37.54469242], [126.95435562, 37.54471151], [126.95433809, 37.54469303], [126.95432304, 37.54470213], [126.95428582, 37.54468202], [126.95424543, 37.54467173], [126.95419847, 37.54466641], [126.95415853, 37.54466665], [126.95414801, 37.54466837], [126.95412672, 37.54468907], [126.95426888, 37.54480608]]]}, "properties": {"name": "우대빌딩", "status": "partial", "capacity": 7, "active": 5, "industry": "의원", "vacancy_rate": 28.6, "vacancy_rate_lo": 28.6, "vacancy_rate_hi": 42.9, "stores": 5, "source": "stores+ledger", "capacity_method": "floor_ouln", "active_pip": 0, "licensed": 0, "com_floors": [1, 2, 3, 4, 5, 6, 7], "occ_floors": [1, 2, 6, 7], "unknown_n": 1, "id": "1144010300100150019-1", "pnu": "1144010300100150019", "floors": 9, "height": 35.3}}, {"type": "Feature", "geometry": {"type": "Polygon", "coordinates": [[[126.95103188, 37.54207755], [126.9509802, 37.54203509], [126.95087197, 37.54211866], [126.95091551, 37.54215355], [126.95093407, 37.5421522], [126.95103188, 37.54207755]]]}, "properties": {"name": "동", "status": "full", "capacity": 3, "active": 3, "industry": "중식", "vacancy_rate": 0.0, "vacancy_rate_lo": 0.0, "vacancy_rate_hi": 33.3, "stores": 3, "source": "stores+ledger", "capacity_method": "floor_ouln", "active_pip": 0, "licensed": 2, "com_floors": [1, 2, 3], "occ_floors": [1, 2], "unknown_n": 1, "id": "1144010400101810002-1", "pnu": "1144010400101810002", "floors": 3, "height": 0.0}}, {"type": "Feature", "geometry": {"type": "Polygon", "coordinates": [[[126.95319022, 37.54272498], [126.95319053, 37.5427133], [126.95319826, 37.54271343], [126.9532003, 37.54263694], [126.95373873, 37.54238936], [126.9538173, 37.54242483], [126.95382366, 37.5424159], [126.95383602, 37.54242148], [126.95389865, 37.54233351], [126.95379676, 37.54219725], [126.95380417, 37.54219374], [126.9537532, 37.54212128], [126.95374524, 37.54212483], [126.95368035, 37.54203909], [126.9528433, 37.54242985], [126.95291205, 37.54252997], [126.95290274, 37.54253403], [126.95294687, 37.54259422], [126.95295768, 37.54258919], [126.95303788, 37.54269856], [126.95303657, 37.54271194], [126.95304986, 37.54271277], [126.9530489, 37.5427226], [126.95319022, 37.54272498]]]}, "properties": {"name": "대우월드마크마포", "status": "full", "capacity": 16, "active": 16, "industry": "기타 간이", "vacancy_rate": 0.0, "vacancy_rate_lo": null, "vacancy_rate_hi": null, "stores": 16, "source": "stores+ledger", "capacity_method": "expos_units", "active_pip": 0, "licensed": 16, "com_floors": null, "occ_floors": null, "unknown_n": null, "id": "1144010300101730000-1", "pnu": "1144010300101730000", "floors": 20, "height": 69.9}}, {"type": "Feature", "geometry": {"type": "Polygon", "coordinates": [[[126.95135178, 37.54150269], [126.95136094, 37.54149717], [126.95135218, 37.54148795], [126.95143854, 37.54143592], [126.95142054, 37.54141698], [126.9513625, 37.54140864], [126.95129885, 37.54144699], [126.95135178, 37.54150269]]]}, "properties": {"name": "드림캐슬", "status": "full", "capacity": 1, "active": 1, "industry": "동남아시아", "vacancy_rate": 0.0, "vacancy_rate_lo": 0.0, "vacancy_rate_hi": 0.0, "stores": 1, "source": "stores+ledger", "capacity_method": "floor_ouln", "active_pip": 0, "licensed": 1, "com_floors": [1], "occ_floors": [1], "unknown_n": 0, "id": "1144010400101940113-1", "pnu": "1144010400101940113", "floors": 3, "height": 9.0}}, {"type": "Feature", "geometry": {"type": "Polygon", "coordinates": [[[126.95084354, 37.54181546], [126.95084627, 37.54179302], [126.95085113, 37.54179429], [126.9508566, 37.54174465], [126.95085015, 37.54174357], [126.9508564, 37.54170293], [126.95078342, 37.54169226], [126.95076356, 37.5417829], [126.95076673, 37.54178353], [126.95076422, 37.5418093], [126.95084354, 37.54181546]]]}, "properties": {"name": "도화동 182-1", "status": "full", "capacity": 2, "active": 2, "industry": "한식", "vacancy_rate": 0.0, "vacancy_rate_lo": 0.0, "vacancy_rate_hi": 0.0, "stores": 2, "source": "stores+ledger", "capacity_method": "floor_ouln", "active_pip": 0, "licensed": 1, "com_floors": [1, 2], "occ_floors": [1, 2], "unknown_n": 0, "id": "1144010400101820001-1", "pnu": "1144010400101820001", "floors": 2, "height": 0.0}}, {"type": "Feature", "geometry": {"type": "Polygon", "coordinates": [[[126.95202469, 37.54188722], [126.95199905, 37.54182801], [126.95188643, 37.54187995], [126.95190394, 37.54192041], [126.95202469, 37.54188722]]]}, "properties": {"name": "도화동 38-23", "status": "full", "capacity": 1, "active": 1, "industry": "한식", "vacancy_rate": 0.0, "vacancy_rate_lo": 0.0, "vacancy_rate_hi": 0.0, "stores": 1, "source": "stores+ledger", "capacity_method": "floor_ouln", "active_pip": 0, "licensed": 1, "com_floors": [1], "occ_floors": [1], "unknown_n": 0, "id": "1144010400100380023-1", "pnu": "1144010400100380023", "floors": 2, "height": 0.0}}, {"type": "Feature", "geometry": {"type": "Polygon", "coordinates": [[[126.95163567, 37.5420678], [126.95159747, 37.54199643], [126.95139465, 37.54207689], [126.95140538, 37.5421032], [126.95163567, 37.5420678]]]}, "properties": {"name": "도화동 183-13", "status": "full", "capacity": 3, "active": 3, "industry": "한식", "vacancy_rate": 0.0, "vacancy_rate_lo": 0.0, "vacancy_rate_hi": 33.3, "stores": 4, "source": "stores+ledger", "capacity_method": "floor_ouln", "active_pip": 0, "licensed": 3, "com_floors": [1, 2, 3], "occ_floors": [1, 3], "unknown_n": 1, "id": "1144010400101830013-1", "pnu": "1144010400101830013", "floors": 3, "height": 0.0}}, {"type": "Feature", "geometry": {"type": "Polygon", "coordinates": [[[126.95531074, 37.54383196], [126.95524799, 37.54373796], [126.95489984, 37.54388533], [126.95496462, 37.54398077], [126.95531074, 37.54383196]]]}, "properties": {"name": "신공덕래미안1차", "status": "high", "capacity": 74, "active": 21, "industry": "기타 교육", "vacancy_rate": 71.6, "vacancy_rate_lo": null, "vacancy_rate_hi": null, "stores": 21, "source": "stores+ledger", "capacity_method": "expos_units", "active_pip": 0, "licensed": 0, "com_floors": null, "occ_floors": null, "unknown_n": null, "id": "1144010300101550000-2", "pnu": "1144010300101550000", "floors": 22, "height": 59.6}}, {"type": "Feature", "geometry": {"type": "Polygon", "coordinates": [[[126.95293511, 37.54387321], [126.95267828, 37.54382959], [126.95261672, 37.54403201], [126.952627, 37.54403409], [126.9526236, 37.54404508], [126.95264532, 37.54404923], [126.9526425, 37.5440586], [126.95305184, 37.54413778], [126.95308915, 37.54401545], [126.95307637, 37.54401183], [126.9530826, 37.54399796], [126.95306473, 37.54398281], [126.95303192, 37.54397649], [126.95303442, 37.54395884], [126.95297007, 37.54389988], [126.95293624, 37.54389456], [126.9529402, 37.54387879], [126.95293511, 37.54387321]]]}, "properties": {"name": "르네상스타워", "status": "full", "capacity": 40, "active": 40, "industry": "교육 지원", "vacancy_rate": 0.0, "vacancy_rate_lo": null, "vacancy_rate_hi": null, "stores": 40, "source": "stores+ledger", "capacity_method": "expos_units", "active_pip": 0, "licensed": 3, "com_floors": null, "occ_floors": null, "unknown_n": null, "id": "1144010200104560000-1", "pnu": "1144010200104560000", "floors": 23, "height": 88.8}}, {"type": "Feature", "geometry": {"type": "Polygon", "coordinates": [[[126.95536972, 37.54567336], [126.95533897, 37.54562866], [126.95530569, 37.54564729], [126.95520777, 37.54570276], [126.95524092, 37.5457398], [126.95536972, 37.54567336]]]}, "properties": {"name": "신공덕동 13-9", "status": "full", "capacity": 1, "active": 1, "industry": "한식", "vacancy_rate": 0.0, "vacancy_rate_lo": 0.0, "vacancy_rate_hi": 0.0, "stores": 1, "source": "stores+ledger", "capacity_method": "floor_ouln", "active_pip": 0, "licensed": 0, "com_floors": [1], "occ_floors": [1], "unknown_n": 0, "id": "1144010300100130009-1", "pnu": "1144010300100130009", "floors": 3, "height": 0.0}}, {"type": "Feature", "geometry": {"type": "Polygon", "coordinates": [[[126.94901633, 37.54050887], [126.94897801, 37.54044389], [126.94889609, 37.5404516], [126.94887536, 37.54048168], [126.9488767, 37.54051854], [126.94901633, 37.54050887]]]}, "properties": {"name": "도화동 6-51", "status": "full", "capacity": 3, "active": 3, "industry": "유원지·오락", "vacancy_rate": 0.0, "vacancy_rate_lo": 0.0, "vacancy_rate_hi": 66.7, "stores": 5, "source": "stores+ledger", "capacity_method": "floor_ouln", "active_pip": 0, "licensed": 3, "com_floors": [1, 2, 3], "occ_floors": [1], "unknown_n": 2, "id": "1144010400100060051-1", "pnu": "1144010400100060051", "floors": 3, "height": 9.1}}, {"type": "Feature", "geometry": {"type": "Polygon", "coordinates": [[[126.95512254, 37.5397418], [126.95509153, 37.53973507], [126.95508276, 37.53976342], [126.95511433, 37.53977009], [126.95512254, 37.5397418]]]}, "properties": {"name": "도화현대아파트", "status": "high", "capacity": 69, "active": 15, "industry": "종합 소매", "vacancy_rate": 78.3, "vacancy_rate_lo": null, "vacancy_rate_hi": null, "stores": 15, "source": "stores+ledger", "capacity_method": "expos_units", "active_pip": 0, "licensed": 0, "com_floors": null, "occ_floors": null, "unknown_n": null, "id": "1144010400103570000-1", "pnu": "1144010400103570000", "floors": 0, "height": 0.0}}, {"type": "Feature", "geometry": {"type": "Polygon", "coordinates": [[[126.95122514, 37.53990315], [126.9511889, 37.53987588], [126.95116771, 37.53989271], [126.95120759, 37.53992118], [126.95122514, 37.53990315]]]}, "properties": {"name": "삼성아파트", "status": "high", "capacity": 168, "active": 35, "industry": "의원", "vacancy_rate": 79.2, "vacancy_rate_lo": null, "vacancy_rate_hi": null, "stores": 35, "source": "stores+ledger", "capacity_method": "expos_units", "active_pip": 0, "licensed": 0, "com_floors": null, "occ_floors": null, "unknown_n": null, "id": "1144010400105500000-1", "pnu": "1144010400105500000", "floors": 0, "height": 0.0}}, {"type": "Feature", "geometry": {"type": "Polygon", "coordinates": [[[126.95371454, 37.54002751], [126.95369338, 37.54002083], [126.95367356, 37.54006128], [126.95369335, 37.54006975], [126.95371454, 37.54002751]]]}, "properties": {"name": "도화현대아파트", "status": "high", "capacity": 16, "active": 1, "industry": "기타 간이", "vacancy_rate": 93.8, "vacancy_rate_lo": null, "vacancy_rate_hi": null, "stores": 1, "source": "stores+ledger", "capacity_method": "expos_units", "active_pip": 0, "licensed": 1, "com_floors": null, "occ_floors": null, "unknown_n": null, "id": "1144010400105470000-1", "pnu": "1144010400105470000", "floors": 0, "height": 0.0}}, {"type": "Feature", "geometry": {"type": "Polygon", "coordinates": [[[126.95142325, 37.54072432], [126.95135337, 37.5406569], [126.95120325, 37.54078505], [126.95125323, 37.54083624], [126.95142325, 37.54072432]]]}, "properties": {"name": "일부", "status": "full", "capacity": 1, "active": 1, "industry": "한식", "vacancy_rate": 0.0, "vacancy_rate_lo": 0.0, "vacancy_rate_hi": 0.0, "stores": 5, "source": "stores+ledger", "capacity_method": "floor_ouln", "active_pip": 0, "licensed": 5, "com_floors": [1], "occ_floors": [1], "unknown_n": 0, "id": "1144010400102000016-1", "pnu": "1144010400102000016", "floors": 2, "height": 0.0}}, {"type": "Feature", "geometry": {"type": "Polygon", "coordinates": [[[126.95172879, 37.54101205], [126.95162509, 37.54092181], [126.95150702, 37.54100763], [126.95160892, 37.54109786], [126.95172879, 37.54101205]]]}, "properties": {"name": "도화동 196-31", "status": "empty", "capacity": 4, "active": 0, "industry": "", "vacancy_rate": 100.0, "source": "polygon_only", "capacity_method": "floor_approx", "active_pip": 0, "licensed": 0, "id": "1144010400101960031-1", "pnu": "1144010400101960031", "floors": 4, "height": 13.08}}, {"type": "Feature", "geometry": {"type": "Polygon", "coordinates": [[[126.95131864, 37.54100295], [126.95123881, 37.54092918], [126.95122456, 37.54093971], [126.9513029, 37.54101524], [126.95131864, 37.54100295]]]}, "properties": {"name": "상가", "status": "full", "capacity": 2, "active": 2, "industry": "한식", "vacancy_rate": 0.0, "vacancy_rate_lo": 0.0, "vacancy_rate_hi": 0.0, "stores": 2, "source": "stores+ledger", "capacity_method": "floor_ouln", "active_pip": 0, "licensed": 1, "com_floors": [1, 2], "occ_floors": [1, 2], "unknown_n": 0, "id": "1144010400102000001-1", "pnu": "1144010400102000001", "floors": 0, "height": 0.0}}, {"type": "Feature", "geometry": {"type": "Polygon", "coordinates": [[[126.95189981, 37.53900766], [126.95173605, 37.53887533], [126.95163735, 37.53895692], [126.95179963, 37.53908691], [126.95189981, 37.53900766]]]}, "properties": {"name": "현대홈타운", "status": "high", "capacity": 60, "active": 18, "industry": "기타 교육", "vacancy_rate": 70.0, "vacancy_rate_lo": null, "vacancy_rate_hi": null, "stores": 18, "source": "stores+ledger", "capacity_method": "expos_units", "active_pip": 0, "licensed": 0, "com_floors": null, "occ_floors": null, "unknown_n": null, "id": "1144010400103530000-1", "pnu": "1144010400103530000", "floors": 20, "height": 54.0}}, {"type": "Feature", "geometry": {"type": "Polygon", "coordinates": [[[126.9514921, 37.53977136], [126.95159229, 37.53968472], [126.95114025, 37.53935369], [126.95104005, 37.53944339], [126.95106719, 37.53946259], [126.95106516, 37.53946439], [126.95111831, 37.53950199], [126.95112737, 37.53949388], [126.95115044, 37.5395102], [126.95115067, 37.5395102], [126.95114342, 37.53951876], [126.95117102, 37.53953363], [126.95117521, 37.53952868], [126.95117543, 37.53952868], [126.95119997, 37.53954518], [126.95119092, 37.53955382], [126.9512408, 37.53959358], [126.95124714, 37.53958854], [126.95129078, 37.53962342], [126.95128773, 37.53962577], [126.95134304, 37.53966435], [126.95135028, 37.53965769], [126.951372, 37.53967283], [126.95137245, 37.53967283], [126.95136758, 37.53968022], [126.95138997, 37.53969699], [126.95139858, 37.53969258], [126.9514221, 37.53970898], [126.95141202, 37.53971799], [126.95146586, 37.53975576], [126.95146756, 37.53975414], [126.9514921, 37.53977136]]]}, "properties": {"name": "삼성아파트", "status": "high", "capacity": 168, "active": 35, "industry": "의원", "vacancy_rate": 79.2, "vacancy_rate_lo": null, "vacancy_rate_hi": null, "stores": 35, "source": "stores+ledger", "capacity_method": "expos_units", "active_pip": 0, "licensed": 0, "com_floors": null, "occ_floors": null, "unknown_n": null, "id": "1144010400105500000-2", "pnu": "1144010400105500000", "floors": 17, "height": 46.6}}, {"type": "Feature", "geometry": {"type": "Polygon", "coordinates": [[[126.95545909, 37.54040308], [126.95553706, 37.540193], [126.95571163, 37.54023379], [126.9557522, 37.54012442], [126.95557854, 37.54008444], [126.95555995, 37.54013165], [126.95553121, 37.54012452], [126.95552352, 37.54014416], [126.95546841, 37.54012729], [126.95545211, 37.54015737], [126.95540436, 37.54014727], [126.95539893, 37.54016124], [126.95531064, 37.54039005], [126.95536438, 37.54040296], [126.95536994, 37.5403817], [126.95545909, 37.54040308]]]}, "properties": {"name": "도화현대아파트", "status": "high", "capacity": 69, "active": 15, "industry": "종합 소매", "vacancy_rate": 78.3, "vacancy_rate_lo": null, "vacancy_rate_hi": null, "stores": 15, "source": "stores+ledger", "capacity_method": "expos_units", "active_pip": 0, "licensed": 0, "com_floors": null, "occ_floors": null, "unknown_n": null, "id": "1144010400103570000-2", "pnu": "1144010400103570000", "floors": 15, "height": 0.0}}, {"type": "Feature", "geometry": {"type": "Polygon", "coordinates": [[[126.95016345, 37.53916218], [126.95012443, 37.53913099], [126.95009794, 37.53915224], [126.95013707, 37.53918289], [126.95016345, 37.53916218]]]}, "properties": {"name": "삼성아파트", "status": "high", "capacity": 168, "active": 35, "industry": "의원", "vacancy_rate": 79.2, "vacancy_rate_lo": null, "vacancy_rate_hi": null, "stores": 35, "source": "stores+ledger", "capacity_method": "expos_units", "active_pip": 0, "licensed": 0, "com_floors": null, "occ_floors": null, "unknown_n": null, "id": "1144010400105500000-3", "pnu": "1144010400105500000", "floors": 0, "height": 0.0}}, {"type": "Feature", "geometry": {"type": "Polygon", "coordinates": [[[126.95329178, 37.5390466], [126.95325713, 37.53903966], [126.95324599, 37.53906967], [126.9532823, 37.53907747], [126.95329178, 37.5390466]]]}, "properties": {"name": "도화현대아파트", "status": "high", "capacity": 69, "active": 15, "industry": "종합 소매", "vacancy_rate": 78.3, "vacancy_rate_lo": null, "vacancy_rate_hi": null, "stores": 15, "source": "stores+ledger", "capacity_method": "expos_units", "active_pip": 0, "licensed": 0, "com_floors": null, "occ_floors": null, "unknown_n": null, "id": "1144010400103570000-3", "pnu": "1144010400103570000", "floors": 0, "height": 0.0}}, {"type": "Feature", "geometry": {"type": "Polygon", "coordinates": [[[126.95059153, 37.54012148], [126.95051712, 37.54006451], [126.95049391, 37.54008242], [126.95056901, 37.54013985], [126.95059153, 37.54012148]]]}, "properties": {"name": "삼성아파트", "status": "high", "capacity": 168, "active": 35, "industry": "의원", "vacancy_rate": 79.2, "vacancy_rate_lo": null, "vacancy_rate_hi": null, "stores": 35, "source": "stores+ledger", "capacity_method": "expos_units", "active_pip": 0, "licensed": 0, "com_floors": null, "occ_floors": null, "unknown_n": null, "id": "1144010400105500000-4", "pnu": "1144010400105500000", "floors": 0, "height": 0.0}}, {"type": "Feature", "geometry": {"type": "Polygon", "coordinates": [[[126.95022946, 37.53994869], [126.95020932, 37.53993445], [126.95017547, 37.53996462], [126.9501973, 37.53997823], [126.95022946, 37.53994869]]]}, "properties": {"name": "삼성아파트", "status": "high", "capacity": 168, "active": 35, "industry": "의원", "vacancy_rate": 79.2, "vacancy_rate_lo": null, "vacancy_rate_hi": null, "stores": 35, "source": "stores+ledger", "capacity_method": "expos_units", "active_pip": 0, "licensed": 0, "com_floors": null, "occ_floors": null, "unknown_n": null, "id": "1144010400105500000-5", "pnu": "1144010400105500000", "floors": 0, "height": 0.0}}, {"type": "Feature", "geometry": {"type": "Polygon", "coordinates": [[[126.95144523, 37.53894206], [126.95137273, 37.53888337], [126.951351, 37.53889904], [126.95134444, 37.53889318], [126.9513304, 37.53890327], [126.95133832, 37.53890967], [126.9513039, 37.53893659], [126.95137616, 37.53899546], [126.95144523, 37.53894206]]]}, "properties": {"name": "현대홈타운", "status": "high", "capacity": 60, "active": 18, "industry": "기타 교육", "vacancy_rate": 70.0, "vacancy_rate_lo": null, "vacancy_rate_hi": null, "stores": 18, "source": "stores+ledger", "capacity_method": "expos_units", "active_pip": 0, "licensed": 0, "com_floors": null, "occ_floors": null, "unknown_n": null, "id": "1144010400103530000-2", "pnu": "1144010400103530000", "floors": 0, "height": 0.0}}, {"type": "Feature", "geometry": {"type": "Polygon", "coordinates": [[[126.95191321, 37.53986707], [126.95186023, 37.53984656], [126.95184108, 37.53987791], [126.95189173, 37.53989755], [126.95191321, 37.53986707]]]}, "properties": {"name": "전체", "status": "full", "capacity": 1, "active": 1, "industry": "식료품 소매", "vacancy_rate": 0.0, "vacancy_rate_lo": 0.0, "vacancy_rate_hi": 0.0, "stores": 1, "source": "stores+ledger", "capacity_method": "floor_ouln", "active_pip": 0, "licensed": 0, "com_floors": [1], "occ_floors": [1], "unknown_n": 0, "id": "1144010400100020184-1", "pnu": "1144010400100020184", "floors": 1, "height": 3.96}}, {"type": "Feature", "geometry": {"type": "Polygon", "coordinates": [[[126.95165806, 37.54051403], [126.95158081, 37.54046345], [126.95150881, 37.54052821], [126.95159748, 37.54057275], [126.95165806, 37.54051403]]]}, "properties": {"name": "도화동 200-13", "status": "full", "capacity": 2, "active": 2, "industry": "일반 교육", "vacancy_rate": 0.0, "vacancy_rate_lo": 0.0, "vacancy_rate_hi": 0.0, "stores": 2, "source": "stores+ledger", "capacity_method": "floor_ouln", "active_pip": 0, "licensed": 1, "com_floors": [1, 2], "occ_floors": [1, 2], "unknown_n": 0, "id": "1144010400102000013-1", "pnu": "1144010400102000013", "floors": 3, "height": 10.5}}, {"type": "Feature", "geometry": {"type": "Polygon", "coordinates": [[[126.95035131, 37.53861169], [126.95035163, 37.53860721], [126.95037553, 37.5386083], [126.95037562, 37.53858309], [126.95039456, 37.53858314], [126.95039479, 37.53852603], [126.95034524, 37.53852314], [126.950345, 37.53853341], [126.95032001, 37.53853305], [126.95031852, 37.53859834], [126.95032645, 37.53860077], [126.95032575, 37.53861053], [126.95035131, 37.53861169]]]}, "properties": {"name": "도화동 347-122", "status": "full", "capacity": 3, "active": 3, "industry": "일반 교육", "vacancy_rate": 0.0, "vacancy_rate_lo": 0.0, "vacancy_rate_hi": 33.3, "stores": 3, "source": "stores+ledger", "capacity_method": "floor_ouln", "active_pip": 0, "licensed": 0, "com_floors": [2, 3, 4], "occ_floors": [3, 4], "unknown_n": 1, "id": "1144010400103470122-1", "pnu": "1144010400103470122", "floors": 4, "height": 10.35}}, {"type": "Feature", "geometry": {"type": "Polygon", "coordinates": [[[126.94962677, 37.54050637], [126.94960336, 37.54048789], [126.9495634, 37.54052337], [126.94958851, 37.54053807], [126.94962677, 37.54050637]]]}, "properties": {"name": "삼성아파트", "status": "high", "capacity": 168, "active": 35, "industry": "의원", "vacancy_rate": 79.2, "vacancy_rate_lo": null, "vacancy_rate_hi": null, "stores": 35, "source": "stores+ledger", "capacity_method": "expos_units", "active_pip": 0, "licensed": 0, "com_floors": null, "occ_floors": null, "unknown_n": null, "id": "1144010400105500000-6", "pnu": "1144010400105500000", "floors": 0, "height": 0.0}}, {"type": "Feature", "geometry": {"type": "Polygon", "coordinates": [[[126.95326531, 37.5398838], [126.95322842, 37.53987072], [126.9532282, 37.53987235], [126.95317322, 37.53985439], [126.9531364, 37.53992213], [126.9532277, 37.53995352], [126.95326531, 37.5398838]]]}, "properties": {"name": "도화현대아파트", "status": "high", "capacity": 16, "active": 1, "industry": "기타 간이", "vacancy_rate": 93.8, "vacancy_rate_lo": null, "vacancy_rate_hi": null, "stores": 1, "source": "stores+ledger", "capacity_method": "expos_units", "active_pip": 0, "licensed": 1, "com_floors": null, "occ_floors": null, "unknown_n": null, "id": "1144010400105470000-2", "pnu": "1144010400105470000", "floors": 0, "height": 0.0}}, {"type": "Feature", "geometry": {"type": "Polygon", "coordinates": [[[126.95090102, 37.53966303], [126.95088529, 37.53965033], [126.95084623, 37.53968865], [126.95086239, 37.53969974], [126.95090102, 37.53966303]]]}, "properties": {"name": "삼성아파트", "status": "high", "capacity": 168, "active": 35, "industry": "의원", "vacancy_rate": 79.2, "vacancy_rate_lo": null, "vacancy_rate_hi": null, "stores": 35, "source": "stores+ledger", "capacity_method": "expos_units", "active_pip": 0, "licensed": 0, "com_floors": null, "occ_floors": null, "unknown_n": null, "id": "1144010400105500000-7", "pnu": "1144010400105500000", "floors": 0, "height": 0.0}}, {"type": "Feature", "geometry": {"type": "Polygon", "coordinates": [[[126.95445078, 37.5402616], [126.95416995, 37.5402423], [126.95415743, 37.54035736], [126.95443927, 37.54037683], [126.95443814, 37.54038972], [126.95472202, 37.54040713], [126.95473171, 37.54029262], [126.95444952, 37.54027322], [126.95445078, 37.5402616]]]}, "properties": {"name": "도화현대아파트", "status": "high", "capacity": 16, "active": 1, "industry": "기타 간이", "vacancy_rate": 93.8, "vacancy_rate_lo": null, "vacancy_rate_hi": null, "stores": 1, "source": "stores+ledger", "capacity_method": "expos_units", "active_pip": 0, "licensed": 1, "com_floors": null, "occ_floors": null, "unknown_n": null, "id": "1144010400105470000-3", "pnu": "1144010400105470000", "floors": 12, "height": 32.2}}, {"type": "Feature", "geometry": {"type": "Polygon", "coordinates": [[[126.94980875, 37.53979624], [126.94981339, 37.53979994], [126.9498443, 37.53977491], [126.94983977, 37.53977139], [126.94987578, 37.5397423], [126.94987792, 37.53974402], [126.94991313, 37.53971547], [126.9499094, 37.53971249], [126.9499385, 37.53968323], [126.94994201, 37.53968539], [126.94997631, 37.53965901], [126.94997303, 37.5396563], [126.95000004, 37.53963553], [126.95000812, 37.53962938], [126.95000699, 37.53962838], [126.95004424, 37.53959984], [126.9500397, 37.53959605], [126.95005523, 37.53958417], [126.95000004, 37.53954253], [126.94996238, 37.53951412], [126.949697, 37.53974385], [126.94979324, 37.53980885], [126.94980875, 37.53979624]]]}, "properties": {"name": "삼성아파트", "status": "high", "capacity": 168, "active": 35, "industry": "의원", "vacancy_rate": 79.2, "vacancy_rate_lo": null, "vacancy_rate_hi": null, "stores": 35, "source": "stores+ledger", "capacity_method": "expos_units", "active_pip": 0, "licensed": 0, "com_floors": null, "occ_floors": null, "unknown_n": null, "id": "1144010400105500000-8", "pnu": "1144010400105500000", "floors": 17, "height": 46.6}}, {"type": "Feature", "geometry": {"type": "Polygon", "coordinates": [[[126.95201968, 37.53928936], [126.95192431, 37.53926756], [126.95187898, 37.53938418], [126.95198736, 37.53940684], [126.95199621, 37.53938044], [126.95198738, 37.53937873], [126.95201968, 37.53928936]]]}, "properties": {"name": "도화현대아파트", "status": "high", "capacity": 69, "active": 15, "industry": "종합 소매", "vacancy_rate": 78.3, "vacancy_rate_lo": null, "vacancy_rate_hi": null, "stores": 15, "source": "stores+ledger", "capacity_method": "expos_units", "active_pip": 0, "licensed": 0, "com_floors": null, "occ_floors": null, "unknown_n": null, "id": "1144010400103570000-4", "pnu": "1144010400103570000", "floors": 1, "height": 0.0}}, {"type": "Feature", "geometry": {"type": "Polygon", "coordinates": [[[126.95000004, 37.54013279], [126.95006631, 37.54007783], [126.95000005, 37.54002923], [126.94977669, 37.5398657], [126.94968826, 37.53994081], [126.94970839, 37.53995713], [126.94970602, 37.53995901], [126.94973723, 37.53998417], [126.94974119, 37.53998102], [126.94977987, 37.54001212], [126.94977953, 37.54001239], [126.94981006, 37.540037], [126.9498164, 37.54003204], [126.94985168, 37.54006052], [126.94984851, 37.54006305], [126.94988211, 37.54009018], [126.94988538, 37.54008758], [126.94992225, 37.54011732], [126.94992249, 37.54011714], [126.9499537, 37.54014229], [126.94995834, 37.5401386], [126.94997587, 37.54015275], [126.95000004, 37.54013279]]]}, "properties": {"name": "삼성아파트", "status": "high", "capacity": 168, "active": 35, "industry": "의원", "vacancy_rate": 79.2, "vacancy_rate_lo": null, "vacancy_rate_hi": null, "stores": 35, "source": "stores+ledger", "capacity_method": "expos_units", "active_pip": 0, "licensed": 0, "com_floors": null, "occ_floors": null, "unknown_n": null, "id": "1144010400105500000-9", "pnu": "1144010400105500000", "floors": 17, "height": 46.6}}, {"type": "Feature", "geometry": {"type": "Polygon", "coordinates": [[[126.95037996, 37.54094697], [126.95000005, 37.54067145], [126.94970387, 37.54045672], [126.94960571, 37.54054624], [126.94962969, 37.54056301], [126.94962765, 37.54056481], [126.94968103, 37.54060195], [126.94968997, 37.54059376], [126.94975986, 37.54064794], [126.94975262, 37.54065388], [126.94980442, 37.540694], [126.94980849, 37.54069067], [126.9498518, 37.5407242], [126.94984988, 37.54072582], [126.94990542, 37.54076468], [126.94991187, 37.54075883], [126.94998493, 37.54080995], [126.94997644, 37.54081769], [126.95000004, 37.54083426], [126.95003073, 37.54085583], [126.95003027, 37.54085619], [126.95007608, 37.54088837], [126.95007404, 37.54089026], [126.9501298, 37.54092939], [126.95013512, 37.54092453], [126.95020671, 37.54097474], [126.95020003, 37.54098078], [126.95025567, 37.54101972], [126.95025805, 37.54101756], [126.95027931, 37.54103325], [126.95037996, 37.54094697]]]}, "properties": {"name": "삼성아파트", "status": "high", "capacity": 168, "active": 35, "industry": "의원", "vacancy_rate": 79.2, "vacancy_rate_lo": null, "vacancy_rate_hi": null, "stores": 35, "source": "stores+ledger", "capacity_method": "expos_units", "active_pip": 0, "licensed": 0, "com_floors": null, "occ_floors": null, "unknown_n": null, "id": "1144010400105500000-10", "pnu": "1144010400105500000", "floors": 17, "height": 46.6}}, {"type": "Feature", "geometry": {"type": "Polygon", "coordinates": [[[126.954561, 37.54098182], [126.95482406, 37.54081568], [126.9548322, 37.54082379], [126.9548416, 37.54081785], [126.95483425, 37.54081046], [126.95486277, 37.54079542], [126.9548673, 37.54078858], [126.9549891, 37.5407124], [126.95499464, 37.54071799], [126.95500675, 37.54071043], [126.95500472, 37.54070655], [126.9551247, 37.54062937], [126.95503492, 37.54054078], [126.95479008, 37.54069304], [126.95477312, 37.54067574], [126.95471992, 37.54070878], [126.9547371, 37.5407269], [126.95448943, 37.54088241], [126.95454303, 37.54093649], [126.95452639, 37.54094684], [126.954561, 37.54098182]]]}, "properties": {"name": "도화현대아파트", "status": "high", "capacity": 69, "active": 15, "industry": "종합 소매", "vacancy_rate": 78.3, "vacancy_rate_lo": null, "vacancy_rate_hi": null, "stores": 15, "source": "stores+ledger", "capacity_method": "expos_units", "active_pip": 0, "licensed": 0, "com_floors": null, "occ_floors": null, "unknown_n": null, "id": "1144010400103570000-5", "pnu": "1144010400103570000", "floors": 15, "height": 0.0}}, {"type": "Feature", "geometry": {"type": "Polygon", "coordinates": [[[126.9508512, 37.53877108], [126.95076444, 37.53871103], [126.95065497, 37.53881154], [126.95069637, 37.53883976], [126.95082686, 37.53879278], [126.9508512, 37.53877108]]]}, "properties": {"name": "도화동 347-39", "status": "partial", "capacity": 4, "active": 3, "industry": "일반 교육", "vacancy_rate": 25.0, "vacancy_rate_lo": 25.0, "vacancy_rate_hi": 50.0, "stores": 4, "source": "stores+ledger", "capacity_method": "floor_ouln", "active_pip": 0, "licensed": 0, "com_floors": [1, 2, 3, 4], "occ_floors": [1, 3], "unknown_n": 1, "id": "1144010400103470039-1", "pnu": "1144010400103470039", "floors": 4, "height": 13.6}}, {"type": "Feature", "geometry": {"type": "Polygon", "coordinates": [[[126.94665493, 37.54093545], [126.94661486, 37.54090292], [126.94659101, 37.54092279], [126.94663366, 37.54095533], [126.94665493, 37.54093545]]]}, "properties": {"name": "성지빌딩", "status": "high", "capacity": 64, "active": 30, "industry": "한식", "vacancy_rate": 53.1, "vacancy_rate_lo": null, "vacancy_rate_hi": null, "stores": 30, "source": "stores+ledger", "capacity_method": "expos_units", "active_pip": 0, "licensed": 13, "com_floors": null, "occ_floors": null, "unknown_n": null, "id": "1144010400105380000-1", "pnu": "1144010400105380000", "floors": 0, "height": 0.0}}, {"type": "Feature", "geometry": {"type": "Polygon", "coordinates": [[[126.9491227, 37.53883837], [126.9491668, 37.53871765], [126.94911906, 37.53870664], [126.94908709, 37.53879411], [126.94907961, 37.53879249], [126.94906647, 37.53882978], [126.9491227, 37.53883837]]]}, "properties": {"name": "도화동 239-6", "status": "empty", "capacity": 1, "active": 0, "industry": "", "vacancy_rate": 100.0, "source": "polygon_only", "capacity_method": "floor_approx", "active_pip": 0, "licensed": 0, "id": "1144010400102390006-1", "pnu": "1144010400102390006", "floors": 1, "height": 0.0}}, {"type": "Feature", "geometry": {"type": "Polygon", "coordinates": [[[126.94884562, 37.54029877], [126.94878374, 37.54027694], [126.94871589, 37.54038728], [126.94878285, 37.5404111], [126.94884562, 37.54029877]]]}, "properties": {"name": "일부", "status": "full", "capacity": 3, "active": 3, "industry": "기타 간이", "vacancy_rate": 0.0, "vacancy_rate_lo": 0.0, "vacancy_rate_hi": 0.0, "stores": 5, "source": "stores+ledger", "capacity_method": "floor_ouln", "active_pip": 0, "licensed": 4, "com_floors": [1, 2, 3], "occ_floors": [1, 2, 3], "unknown_n": 0, "id": "1144010400103450004-1", "pnu": "1144010400103450004", "floors": 3, "height": 0.0}}, {"type": "Feature", "geometry": {"type": "Polygon", "coordinates": [[[126.94846843, 37.54104427], [126.94858901, 37.54093278], [126.94859591, 37.54093738], [126.94887727, 37.54067477], [126.94868986, 37.5405462], [126.94864491, 37.54059241], [126.94851022, 37.54049568], [126.94845746, 37.54054187], [126.94826792, 37.54040457], [126.94814073, 37.54040793], [126.94801042, 37.54051889], [126.94801732, 37.54052392], [126.94789493, 37.54062902], [126.94846843, 37.54104427]]]}, "properties": {"name": "일부", "status": "full", "capacity": 2, "active": 2, "industry": "일식", "vacancy_rate": 0.0, "vacancy_rate_lo": 0.0, "vacancy_rate_hi": 0.0, "stores": 4, "source": "stores+ledger", "capacity_method": "floor_ouln", "active_pip": 0, "licensed": 4, "com_floors": [1, 2], "occ_floors": [1, 2], "unknown_n": 0, "id": "1144010400101690001-1", "pnu": "1144010400101690001", "floors": 15, "height": 60.45}}, {"type": "Feature", "geometry": {"type": "Polygon", "coordinates": [[[126.94803015, 37.54013119], [126.94796386, 37.54009674], [126.9479146, 37.54015708], [126.94807872, 37.54023879], [126.94811281, 37.54019574], [126.94801905, 37.54014695], [126.94803015, 37.54013119]]]}, "properties": {"name": "도화동 332", "status": "partial", "capacity": 2, "active": 1, "industry": "한식", "vacancy_rate": 50.0, "vacancy_rate_lo": 50.0, "vacancy_rate_hi": 50.0, "stores": 1, "source": "stores+ledger", "capacity_method": "floor_ouln", "active_pip": 0, "licensed": 0, "com_floors": [1, 2], "occ_floors": [1], "unknown_n": 0, "id": "1144010400103320000-1", "pnu": "1144010400103320000", "floors": 2, "height": 0.0}}, {"type": "Feature", "geometry": {"type": "Polygon", "coordinates": [[[126.94858758, 37.54021675], [126.94854844, 37.54020359], [126.94851525, 37.54026619], [126.94855427, 37.54027936], [126.94858758, 37.54021675]]]}, "properties": {"name": "도화동 343-2", "status": "full", "capacity": 4, "active": 4, "industry": "한식", "vacancy_rate": 0.0, "vacancy_rate_lo": 0.0, "vacancy_rate_hi": 50.0, "stores": 4, "source": "stores+ledger", "capacity_method": "floor_ouln", "active_pip": 0, "licensed": 0, "com_floors": [1, 2, 3, 4], "occ_floors": [2, 3], "unknown_n": 2, "id": "1144010400103430002-1", "pnu": "1144010400103430002", "floors": 0, "height": 0.0}}, {"type": "Feature", "geometry": {"type": "Polygon", "coordinates": [[[126.94854232, 37.54005465], [126.94856555, 37.54000312], [126.94852663, 37.53999193], [126.94851949, 37.54000787], [126.9484937, 37.54000056], [126.94850186, 37.53998264], [126.948466, 37.53997235], [126.94844186, 37.54002595], [126.94854232, 37.54005465]]]}, "properties": {"name": "도화동 327-1", "status": "full", "capacity": 1, "active": 1, "industry": "기타 간이", "vacancy_rate": 0.0, "vacancy_rate_lo": 0.0, "vacancy_rate_hi": 0.0, "stores": 1, "source": "stores+ledger", "capacity_method": "floor_ouln", "active_pip": 0, "licensed": 1, "com_floors": [1], "occ_floors": [1], "unknown_n": 0, "id": "1144010400103270001-1", "pnu": "1144010400103270001", "floors": 1, "height": 0.0}}, {"type": "Feature", "geometry": {"type": "Polygon", "coordinates": [[[126.94797759, 37.54004908], [126.9479112, 37.54000202], [126.94786841, 37.54003606], [126.94788085, 37.54004309], [126.94789263, 37.54003094], [126.94795359, 37.54007232], [126.94797759, 37.54004908]]]}, "properties": {"name": "제", "status": "full", "capacity": 2, "active": 2, "industry": "한식", "vacancy_rate": 0.0, "vacancy_rate_lo": 0.0, "vacancy_rate_hi": 0.0, "stores": 4, "source": "stores+ledger", "capacity_method": "floor_ouln", "active_pip": 0, "licensed": 3, "com_floors": [1, 2], "occ_floors": [1, 2], "unknown_n": 0, "id": "1144010400102010001-1", "pnu": "1144010400102010001", "floors": 0, "height": 0.0}}, {"type": "Feature", "geometry": {"type": "Polygon", "coordinates": [[[126.94846453, 37.53997037], [126.94838783, 37.53994871], [126.94837445, 37.53997889], [126.94840432, 37.53998728], [126.94837643, 37.54006547], [126.94841636, 37.54007648], [126.94846453, 37.53997037]]]}, "properties": {"name": "도화동 327-3", "status": "full", "capacity": 1, "active": 1, "industry": "주점", "vacancy_rate": 0.0, "vacancy_rate_lo": 0.0, "vacancy_rate_hi": 0.0, "stores": 1, "source": "stores+ledger", "capacity_method": "floor_ouln", "active_pip": 0, "licensed": 1, "com_floors": [1], "occ_floors": [1], "unknown_n": 0, "id": "1144010400103270003-1", "pnu": "1144010400103270003", "floors": 1, "height": 4.0}}, {"type": "Feature", "geometry": {"type": "Polygon", "coordinates": [[[126.94851897, 37.54009915], [126.94854039, 37.54005509], [126.94850724, 37.54004481], [126.94849954, 37.54006057], [126.94846741, 37.54005065], [126.94847455, 37.54003605], [126.94844163, 37.54002686], [126.94842101, 37.54006893], [126.94851897, 37.54009915]]]}, "properties": {"name": "도화동 327-2", "status": "full", "capacity": 1, "active": 1, "industry": "주점", "vacancy_rate": 0.0, "vacancy_rate_lo": 0.0, "vacancy_rate_hi": 100.0, "stores": 1, "source": "stores+ledger", "capacity_method": "floor_ouln", "active_pip": 0, "licensed": 0, "com_floors": [1], "occ_floors": [], "unknown_n": 1, "id": "1144010400103270002-1", "pnu": "1144010400103270002", "floors": 1, "height": 0.0}}, {"type": "Feature", "geometry": {"type": "Polygon", "coordinates": [[[126.9482793, 37.5401295], [126.94831429, 37.54009284], [126.94825051, 37.54004885], [126.94826432, 37.54002984], [126.94820687, 37.53999342], [126.9481241, 37.54008023], [126.9481958, 37.5401236], [126.94822286, 37.54009515], [126.9482793, 37.5401295]]]}, "properties": {"name": "도화주택", "status": "full", "capacity": 2, "active": 2, "industry": "한식", "vacancy_rate": 0.0, "vacancy_rate_lo": 0.0, "vacancy_rate_hi": 0.0, "stores": 1, "source": "stores+ledger", "capacity_method": "floor_ouln", "active_pip": 0, "licensed": 1, "com_floors": [1, 2], "occ_floors": [1, 2], "unknown_n": 0, "id": "1144010400103290000-1", "pnu": "1144010400103290000", "floors": 2, "height": 7.05}}, {"type": "Feature", "geometry": {"type": "Polygon", "coordinates": [[[126.94747593, 37.53966602], [126.94747111, 37.53959926], [126.94733849, 37.53960533], [126.94734331, 37.53967201], [126.94747593, 37.53966602]]]}, "properties": {"name": "도화동 250-11", "status": "full", "capacity": 3, "active": 3, "industry": "한식", "vacancy_rate": 0.0, "vacancy_rate_lo": 0.0, "vacancy_rate_hi": 0.0, "stores": 3, "source": "stores+ledger", "capacity_method": "floor_ouln", "active_pip": 0, "licensed": 3, "com_floors": [1, 2, 3], "occ_floors": [1, 2, 3], "unknown_n": 0, "id": "1144010400102500011-1", "pnu": "1144010400102500011", "floors": 4, "height": 11.0}}, {"type": "Feature", "geometry": {"type": "Polygon", "coordinates": [[[126.94774695, 37.53977643], [126.94793702, 37.53964569], [126.94784336, 37.53961312], [126.94767197, 37.53972053], [126.9476895, 37.53973658], [126.94769799, 37.53972955], [126.94774695, 37.53977643]]]}, "properties": {"name": "도화동 201-21", "status": "full", "capacity": 2, "active": 2, "industry": "일식", "vacancy_rate": 0.0, "vacancy_rate_lo": 0.0, "vacancy_rate_hi": 0.0, "stores": 2, "source": "stores+ledger", "capacity_method": "floor_ouln", "active_pip": 0, "licensed": 2, "com_floors": [1, 2], "occ_floors": [1, 2], "unknown_n": 0, "id": "1144010400102010021-1", "pnu": "1144010400102010021", "floors": 2, "height": 7.4}}, {"type": "Feature", "geometry": {"type": "Polygon", "coordinates": [[[126.94793744, 37.53984778], [126.9479653, 37.5398259], [126.94797842, 37.53983636], [126.94802279, 37.53980097], [126.94803931, 37.53981413], [126.94804271, 37.53981152], [126.94806284, 37.53982703], [126.94808683, 37.53980794], [126.94800982, 37.5397442], [126.94790873, 37.53982498], [126.94793744, 37.53984778]]]}, "properties": {"name": "도화동 201-56", "status": "empty", "capacity": 1, "active": 0, "industry": "", "vacancy_rate": 100.0, "source": "polygon_only", "capacity_method": "floor_approx", "active_pip": 0, "licensed": 0, "id": "1144010400102010056-1", "pnu": "1144010400102010056", "floors": 1, "height": 0.0}}, {"type": "Feature", "geometry": {"type": "Polygon", "coordinates": [[[126.94787063, 37.53928625], [126.94786887, 37.5392239], [126.94783865, 37.53922443], [126.94783876, 37.53922532], [126.9477746, 37.53922584], [126.94777502, 37.5392872], [126.94787063, 37.53928625]]]}, "properties": {"name": "도화동 201-55", "status": "empty", "capacity": 2, "active": 0, "industry": "", "vacancy_rate": 100.0, "source": "polygon_only", "capacity_method": "floor_approx", "active_pip": 0, "licensed": 0, "id": "1144010400102010055-1", "pnu": "1144010400102010055", "floors": 2, "height": 0.0}}, {"type": "Feature", "geometry": {"type": "Polygon", "coordinates": [[[126.94774203, 37.53954289], [126.9477346, 37.53947855], [126.94763594, 37.53948112], [126.94764572, 37.53956474], [126.94766303, 37.53956349], [126.94766135, 37.5395488], [126.94774203, 37.53954289]]]}, "properties": {"name": "전체", "status": "full", "capacity": 1, "active": 1, "industry": "주점", "vacancy_rate": 0.0, "vacancy_rate_lo": 0.0, "vacancy_rate_hi": 0.0, "stores": 2, "source": "stores+ledger", "capacity_method": "floor_ouln", "active_pip": 0, "licensed": 1, "com_floors": [1], "occ_floors": [1], "unknown_n": 0, "id": "1144010400102010045-1", "pnu": "1144010400102010045", "floors": 3, "height": 0.0}}, {"type": "Feature", "geometry": {"type": "Polygon", "coordinates": [[[126.94790382, 37.53857276], [126.94791866, 37.53854349], [126.94790385, 37.53853871], [126.94787715, 37.53853023], [126.94786627, 37.53855184], [126.94782769, 37.53854471], [126.94779037, 37.53852622], [126.94781404, 37.53849605], [126.94777309, 37.53847567], [126.94771398, 37.53855105], [126.94789068, 37.53859871], [126.94790382, 37.53857276]]]}, "properties": {"name": "도화동 204-3", "status": "empty", "capacity": 1, "active": 0, "industry": "", "vacancy_rate": 100.0, "source": "polygon_only", "capacity_method": "floor_approx", "active_pip": 0, "licensed": 0, "id": "1144010400102040003-1", "pnu": "1144010400102040003", "floors": 1, "height": 0.0}}, {"type": "Feature", "geometry": {"type": "Polygon", "coordinates": [[[126.94685076, 37.53872562], [126.94684694, 37.5387097], [126.94682185, 37.53871272], [126.94682581, 37.53872941], [126.94685076, 37.53872562]]]}, "properties": {"name": "근신빌딩", "status": "full", "capacity": 5, "active": 5, "industry": "섬유·의복·신발 소매", "vacancy_rate": 0.0, "vacancy_rate_lo": 0.0, "vacancy_rate_hi": 0.0, "stores": 18, "source": "stores+ledger", "capacity_method": "floor_ouln", "active_pip": 0, "licensed": 3, "com_floors": [1, 2, 3, 4, 5], "occ_floors": [1, 2, 3, 4, 5], "unknown_n": 0, "id": "1144010400102510001-1", "pnu": "1144010400102510001", "floors": 0, "height": 0.0}}, {"type": "Feature", "geometry": {"type": "Polygon", "coordinates": [[[126.94940008, 37.54043938], [126.94948703, 37.54036437], [126.94919445, 37.54015422], [126.94912131, 37.54021428], [126.94912357, 37.540216], [126.94910976, 37.54023104], [126.94912876, 37.54024213], [126.94912581, 37.54024547], [126.94915985, 37.54027079], [126.94916223, 37.54026873], [126.94920114, 37.54029758], [126.94919864, 37.54029964], [126.94923189, 37.54032444], [126.94923642, 37.54032056], [126.94927408, 37.5403486], [126.94927114, 37.54035113], [126.94930462, 37.540376], [126.9493062, 37.54037457], [126.9493424, 37.54040151], [126.94934127, 37.54040251], [126.94937508, 37.54042767], [126.94937938, 37.54042397], [126.94940008, 37.54043938]]]}, "properties": {"name": "삼성아파트", "status": "high", "capacity": 168, "active": 35, "industry": "의원", "vacancy_rate": 79.2, "vacancy_rate_lo": null, "vacancy_rate_hi": null, "stores": 35, "source": "stores+ledger", "capacity_method": "expos_units", "active_pip": 0, "licensed": 0, "com_floors": null, "occ_floors": null, "unknown_n": null, "id": "1144010400105500000-11", "pnu": "1144010400105500000", "floors": 17, "height": 46.6}}, {"type": "Feature", "geometry": {"type": "Polygon", "coordinates": [[[126.94805417, 37.53995078], [126.94802443, 37.53992925], [126.9479409, 37.54000765], [126.94798772, 37.54004428], [126.94803321, 37.53999632], [126.94802618, 37.53999031], [126.94805417, 37.53995078]]]}, "properties": {"name": "도화동 307", "status": "full", "capacity": 1, "active": 1, "industry": "주점", "vacancy_rate": 0.0, "vacancy_rate_lo": 0.0, "vacancy_rate_hi": 0.0, "stores": 1, "source": "stores+ledger", "capacity_method": "floor_ouln", "active_pip": 0, "licensed": 1, "com_floors": [1], "occ_floors": [1], "unknown_n": 0, "id": "1144010400103070000-1", "pnu": "1144010400103070000", "floors": 1, "height": 0.0}}, {"type": "Feature", "geometry": {"type": "Polygon", "coordinates": [[[126.94794806, 37.53997359], [126.94787297, 37.53990745], [126.94784243, 37.53993021], [126.94792011, 37.53999702], [126.94794806, 37.53997359]]]}, "properties": {"name": "도화동 201-2", "status": "high", "capacity": 3, "active": 1, "industry": "기타 간이", "vacancy_rate": 66.7, "vacancy_rate_lo": 66.7, "vacancy_rate_hi": 66.7, "stores": 2, "source": "stores+ledger", "capacity_method": "floor_ouln", "active_pip": 0, "licensed": 2, "com_floors": [1, 2, 3], "occ_floors": [1], "unknown_n": 0, "id": "1144010400102010002-1", "pnu": "1144010400102010002", "floors": 0, "height": 0.0}}, {"type": "Feature", "geometry": {"type": "Polygon", "coordinates": [[[126.94783414, 37.53883004], [126.94782722, 37.53873298], [126.94762083, 37.53874092], [126.94757936, 37.53877534], [126.94758061, 37.53880887], [126.9476591, 37.53880742], [126.94770576, 37.53887327], [126.9477452, 37.53885778], [126.94773954, 37.5388335], [126.94783414, 37.53883004]]]}, "properties": {"name": "연우빌딩", "status": "full", "capacity": 3, "active": 3, "industry": "종합 소매", "vacancy_rate": 0.0, "vacancy_rate_lo": 0.0, "vacancy_rate_hi": 33.3, "stores": 2, "source": "stores+ledger", "capacity_method": "floor_ouln", "active_pip": 0, "licensed": 0, "com_floors": [1, 2, 3], "occ_floors": [1, 2], "unknown_n": 1, "id": "1144010400102030014-1", "pnu": "1144010400102030014", "floors": 4, "height": 0.0}}, {"type": "Feature", "geometry": {"type": "Polygon", "coordinates": [[[126.94787035, 37.5390382], [126.94780784, 37.53894474], [126.94776597, 37.53896247], [126.94782847, 37.53905593], [126.94787035, 37.5390382]]]}, "properties": {"name": "도화동 203-4", "status": "full", "capacity": 1, "active": 1, "industry": "서양식", "vacancy_rate": 0.0, "vacancy_rate_lo": 0.0, "vacancy_rate_hi": 0.0, "stores": 1, "source": "stores+ledger", "capacity_method": "floor_ouln", "active_pip": 0, "licensed": 0, "com_floors": [1], "occ_floors": [1], "unknown_n": 0, "id": "1144010400102030004-1", "pnu": "1144010400102030004", "floors": 0, "height": 0.0}}, {"type": "Feature", "geometry": {"type": "Polygon", "coordinates": [[[126.94730879, 37.53951927], [126.94730228, 37.53943836], [126.94721267, 37.53944291], [126.94721929, 37.53952392], [126.94730879, 37.53951927]]]}, "properties": {"name": "도화동 250-3", "status": "empty", "capacity": 1, "active": 0, "industry": "", "vacancy_rate": 100.0, "source": "polygon_only", "capacity_method": "floor_approx", "active_pip": 0, "licensed": 0, "id": "1144010400102500003-1", "pnu": "1144010400102500003", "floors": 1, "height": 3.6}}, {"type": "Feature", "geometry": {"type": "Polygon", "coordinates": [[[126.9471774, 37.53960726], [126.94715606, 37.53952366], [126.9469773, 37.53954832], [126.94701471, 37.53973661], [126.94710772, 37.53975996], [126.9471774, 37.53960726]]]}, "properties": {"name": "도화동 250-3", "status": "empty", "capacity": 1, "active": 0, "industry": "", "vacancy_rate": 100.0, "source": "polygon_only", "capacity_method": "floor_approx", "active_pip": 0, "licensed": 0, "id": "1144010400102500003-2", "pnu": "1144010400102500003", "floors": 1, "height": 0.0}}, {"type": "Feature", "geometry": {"type": "Polygon", "coordinates": [[[126.94808107, 37.53914939], [126.94807758, 37.53911128], [126.94802881, 37.53911414], [126.94802832, 37.53917288], [126.94805526, 37.53917298], [126.94808107, 37.53914939]]]}, "properties": {"name": "도화동 203-1", "status": "empty", "capacity": 3, "active": 0, "industry": "", "vacancy_rate": 100.0, "source": "polygon_only", "capacity_method": "floor_approx", "active_pip": 0, "licensed": 0, "id": "1144010400102030001-1", "pnu": "1144010400102030001", "floors": 3, "height": 9.4}}, {"type": "Feature", "geometry": {"type": "Polygon", "coordinates": [[[126.94775443, 37.5392871], [126.94775152, 37.53922078], [126.94766564, 37.53922327], [126.94767204, 37.53929202], [126.94775443, 37.5392871]]]}, "properties": {"name": "도화동 201-51", "status": "full", "capacity": 2, "active": 2, "industry": "유원지·오락", "vacancy_rate": 0.0, "vacancy_rate_lo": 0.0, "vacancy_rate_hi": 0.0, "stores": 2, "source": "stores+ledger", "capacity_method": "floor_ouln", "active_pip": 0, "licensed": 1, "com_floors": [1, 2], "occ_floors": [1, 2], "unknown_n": 0, "id": "1144010400102010051-1", "pnu": "1144010400102010051", "floors": 3, "height": 9.3}}, {"type": "Feature", "geometry": {"type": "Polygon", "coordinates": [[[126.94729725, 37.54001418], [126.94711788, 37.53988301], [126.94710566, 37.53988282], [126.94709105, 37.53989615], [126.9470457, 37.53986459], [126.94704593, 37.53986459], [126.94703281, 37.53985522], [126.94701222, 37.53984728], [126.94699118, 37.53984619], [126.9469716, 37.53984888], [126.94695462, 37.53985788], [126.94689054, 37.53991472], [126.94694482, 37.53995357], [126.94714613, 37.5400989], [126.94716682, 37.54010503], [126.94718481, 37.54010531], [126.94719975, 37.54010136], [126.9472155, 37.54009253], [126.94729429, 37.54002409], [126.94730109, 37.54001608], [126.94729725, 37.54001418]]]}, "properties": {"name": "진도빌딩", "status": "high", "capacity": 36, "active": 13, "industry": "의원", "vacancy_rate": 63.9, "vacancy_rate_lo": null, "vacancy_rate_hi": null, "stores": 13, "source": "stores+ledger", "capacity_method": "expos_units", "active_pip": 0, "licensed": 4, "com_floors": null, "occ_floors": null, "unknown_n": null, "id": "1144010400100370000-1", "pnu": "1144010400100370000", "floors": 14, "height": 57.35}}, {"type": "Feature", "geometry": {"type": "Polygon", "coordinates": [[[126.94799666, 37.538665], [126.94803053, 37.53867772], [126.94803285, 37.53867362], [126.94803795, 37.53867545], [126.94807544, 37.53861023], [126.94806976, 37.5386082], [126.94810358, 37.53854827], [126.94806945, 37.53853599], [126.94799666, 37.538665]]]}, "properties": {"name": "도화동 204-15", "status": "partial", "capacity": 3, "active": 2, "industry": "한식", "vacancy_rate": 33.3, "vacancy_rate_lo": 33.3, "vacancy_rate_hi": 33.3, "stores": 1, "source": "stores+ledger", "capacity_method": "floor_ouln", "active_pip": 0, "licensed": 1, "com_floors": [1, 2, 3], "occ_floors": [1, 2], "unknown_n": 0, "id": "1144010400102040015-1", "pnu": "1144010400102040015", "floors": 3, "height": 8.85}}, {"type": "Feature", "geometry": {"type": "Polygon", "coordinates": [[[126.94763581, 37.53867662], [126.94763111, 37.538604], [126.94755191, 37.53860648], [126.94755831, 37.53867974], [126.94763581, 37.53867662]]]}, "properties": {"name": "도화동 204-10", "status": "full", "capacity": 2, "active": 2, "industry": "기타 교육", "vacancy_rate": 0.0, "vacancy_rate_lo": 0.0, "vacancy_rate_hi": 0.0, "stores": 3, "source": "stores+ledger", "capacity_method": "floor_ouln", "active_pip": 0, "licensed": 2, "com_floors": [1, 2], "occ_floors": [1, 2], "unknown_n": 0, "id": "1144010400102040010-1", "pnu": "1144010400102040010", "floors": 4, "height": 0.0}}, {"type": "Feature", "geometry": {"type": "Polygon", "coordinates": [[[126.94925207, 37.54010406], [126.94926204, 37.54009199], [126.94926951, 37.54009587], [126.94930494, 37.54006813], [126.94929996, 37.54006416], [126.9493337, 37.54003787], [126.94933596, 37.54003967], [126.94937185, 37.54001158], [126.94936326, 37.54000455], [126.94939745, 37.5399778], [126.9494022, 37.53998168], [126.94943525, 37.53995583], [126.94943016, 37.53995178], [126.94946741, 37.53992269], [126.94946764, 37.53992278], [126.94950081, 37.53989694], [126.94949504, 37.53989225], [126.94951327, 37.53987802], [126.94941827, 37.53980572], [126.94915334, 37.5400368], [126.94925207, 37.54010406]]]}, "properties": {"name": "삼성아파트", "status": "high", "capacity": 168, "active": 35, "industry": "의원", "vacancy_rate": 79.2, "vacancy_rate_lo": null, "vacancy_rate_hi": null, "stores": 35, "source": "stores+ledger", "capacity_method": "expos_units", "active_pip": 0, "licensed": 0, "com_floors": null, "occ_floors": null, "unknown_n": null, "id": "1144010400105500000-12", "pnu": "1144010400105500000", "floors": 17, "height": 46.6}}, {"type": "Feature", "geometry": {"type": "Polygon", "coordinates": [[[126.94737567, 37.53869875], [126.9473438, 37.53832284], [126.94730591, 37.53830202], [126.9470607, 37.53833795], [126.94707149, 37.53845211], [126.94704818, 37.53845345], [126.94705963, 37.53855518], [126.94707888, 37.5385542], [126.94709302, 37.53871692], [126.94737567, 37.53869875]]]}, "properties": {"name": "근신빌딩", "status": "full", "capacity": 5, "active": 5, "industry": "섬유·의복·신발 소매", "vacancy_rate": 0.0, "vacancy_rate_lo": 0.0, "vacancy_rate_hi": 0.0, "stores": 18, "source": "stores+ledger", "capacity_method": "floor_ouln", "active_pip": 0, "licensed": 3, "com_floors": [1, 2, 3, 4, 5], "occ_floors": [1, 2, 3, 4, 5], "unknown_n": 0, "id": "1144010400102510001-2", "pnu": "1144010400102510001", "floors": 6, "height": 20.4}}, {"type": "Feature", "geometry": {"type": "Polygon", "coordinates": [[[126.94790391, 37.53894001], [126.94788707, 37.53891685], [126.94784745, 37.53893512], [126.9478834, 37.53898469], [126.94784673, 37.53900161], [126.94787137, 37.53903559], [126.94790385, 37.53902029], [126.94794799, 37.53899959], [126.94790391, 37.53894001]]]}, "properties": {"name": "도화동 203-4", "status": "full", "capacity": 1, "active": 1, "industry": "서양식", "vacancy_rate": 0.0, "vacancy_rate_lo": 0.0, "vacancy_rate_hi": 0.0, "stores": 1, "source": "stores+ledger", "capacity_method": "floor_ouln", "active_pip": 0, "licensed": 0, "com_floors": [1], "occ_floors": [1], "unknown_n": 0, "id": "1144010400102030004-2", "pnu": "1144010400102030004", "floors": 1, "height": 3.9}}, {"type": "Feature", "geometry": {"type": "Polygon", "coordinates": [[[126.9471054, 37.53952588], [126.94709161, 37.53946757], [126.94701979, 37.53947779], [126.94701701, 37.5394678], [126.94696571, 37.53947658], [126.94698132, 37.53954388], [126.9471054, 37.53952588]]]}, "properties": {"name": "일부", "status": "full", "capacity": 1, "active": 1, "industry": "한식", "vacancy_rate": 0.0, "vacancy_rate_lo": 0.0, "vacancy_rate_hi": 0.0, "stores": 2, "source": "stores+ledger", "capacity_method": "floor_ouln", "active_pip": 0, "licensed": 2, "com_floors": [1], "occ_floors": [1], "unknown_n": 0, "id": "1144010400102500010-1", "pnu": "1144010400102500010", "floors": 1, "height": 0.0}}, {"type": "Feature", "geometry": {"type": "Polygon", "coordinates": [[[126.95517216, 37.54546993], [126.95511167, 37.54539485], [126.95508088, 37.54541061], [126.95510768, 37.54544386], [126.95507745, 37.54545935], [126.95511104, 37.54550117], [126.95517216, 37.54546993]]]}, "properties": {"name": "신공덕동 14-1", "status": "full", "capacity": 2, "active": 2, "industry": "이용·미용", "vacancy_rate": 0.0, "vacancy_rate_lo": 0.0, "vacancy_rate_hi": 50.0, "stores": 3, "source": "stores+ledger", "capacity_method": "floor_ouln", "active_pip": 0, "licensed": 0, "com_floors": [1, 2], "occ_floors": [1], "unknown_n": 1, "id": "1144010300100140001-1", "pnu": "1144010300100140001", "floors": 1, "height": 0.0}}, {"type": "Feature", "geometry": {"type": "Polygon", "coordinates": [[[126.95550483, 37.54549654], [126.9555423, 37.54546763], [126.95554513, 37.54546988], [126.95558294, 37.5454408], [126.95558079, 37.54543899], [126.95551689, 37.54538094], [126.95550546, 37.54538896], [126.955492, 37.54537679], [126.95542204, 37.54541812], [126.95542611, 37.54543164], [126.95550483, 37.54549654]]]}, "properties": {"name": "신공덕동 12-1", "status": "empty", "capacity": 5, "active": 0, "industry": "", "vacancy_rate": 100.0, "source": "polygon_only", "capacity_method": "floor_approx", "active_pip": 0, "licensed": 0, "id": "1144010300100120001-1", "pnu": "1144010300100120001", "floors": 5, "height": 0.0}}, {"type": "Feature", "geometry": {"type": "Polygon", "coordinates": [[[126.95362506, 37.54146132], [126.95355093, 37.54145805], [126.95352458, 37.5414665], [126.95354571, 37.54150823], [126.95363331, 37.5414752], [126.95362506, 37.54146132]]]}, "properties": {"name": "도화동 4-48", "status": "partial", "capacity": 3, "active": 2, "industry": "이용·미용", "vacancy_rate": 33.3, "vacancy_rate_lo": 33.3, "vacancy_rate_hi": 33.3, "stores": 1, "source": "stores+ledger", "capacity_method": "floor_ouln", "active_pip": 0, "licensed": 0, "com_floors": [1, 2, 3], "occ_floors": [2, 3], "unknown_n": 0, "id": "1144010400100040048-1", "pnu": "1144010400100040048", "floors": 6, "height": 18.4}}, {"type": "Feature", "geometry": {"type": "Polygon", "coordinates": [[[126.95174824, 37.54158626], [126.95170413, 37.54153308], [126.95170017, 37.54153515], [126.95165438, 37.54147504], [126.95158885, 37.54150672], [126.95165397, 37.54159189], [126.95172107, 37.54160165], [126.95174824, 37.54158626]]]}, "properties": {"name": "도화동 185-1", "status": "empty", "capacity": 3, "active": 0, "industry": "", "vacancy_rate": 100.0, "source": "polygon_only", "capacity_method": "floor_approx", "active_pip": 0, "licensed": 0, "id": "1144010400101850001-1", "pnu": "1144010400101850001", "floors": 3, "height": 0.0}}, {"type": "Feature", "geometry": {"type": "Polygon", "coordinates": [[[126.95085174, 37.54122125], [126.95086913, 37.54109638], [126.95087332, 37.54109675], [126.95087967, 37.5410754], [126.95085524, 37.54106232], [126.95083758, 37.54107213], [126.95082149, 37.54110096], [126.95080865, 37.54119078], [126.95080331, 37.54122042], [126.95085174, 37.54122125]]]}, "properties": {"name": "도화동 195-5", "status": "full", "capacity": 1, "active": 1, "industry": "기타 간이", "vacancy_rate": 0.0, "vacancy_rate_lo": 0.0, "vacancy_rate_hi": 0.0, "stores": 1, "source": "stores+ledger", "capacity_method": "floor_ouln", "active_pip": 0, "licensed": 0, "com_floors": [1], "occ_floors": [1], "unknown_n": 0, "id": "1144010400101950005-1", "pnu": "1144010400101950005", "floors": 1, "height": 3.6}}, {"type": "Feature", "geometry": {"type": "Polygon", "coordinates": [[[126.95410199, 37.54128022], [126.95410324, 37.54127149], [126.95413717, 37.54127384], [126.95415258, 37.54126502], [126.95415634, 37.54121285], [126.95393457, 37.54120448], [126.95393237, 37.5412725], [126.9539352, 37.54127863], [126.95393916, 37.54128107], [126.95394481, 37.54128134], [126.95409033, 37.5412877], [126.95409756, 37.54128545], [126.95410199, 37.54128022]]]}, "properties": {"name": "도화동 1-12", "status": "partial", "capacity": 7, "active": 5, "industry": "기타 교육", "vacancy_rate": 28.6, "vacancy_rate_lo": 28.6, "vacancy_rate_hi": 42.9, "stores": 5, "source": "stores+ledger", "capacity_method": "floor_ouln", "active_pip": 0, "licensed": 1, "com_floors": [1, 2, 3, 4, 5, 6, 7], "occ_floors": [2, 4, 5, 7], "unknown_n": 1, "id": "1144010400100010012-1", "pnu": "1144010400100010012", "floors": 8, "height": 30.0}}, {"type": "Feature", "geometry": {"type": "Polygon", "coordinates": [[[126.95370529, 37.54144648], [126.95370478, 37.54134566], [126.95361075, 37.54134581], [126.95360821, 37.54144473], [126.95364147, 37.54144655], [126.95364213, 37.54145826], [126.95370529, 37.54144648]]]}, "properties": {"name": "도화동 4-47", "status": "full", "capacity": 3, "active": 3, "industry": "주점", "vacancy_rate": 0.0, "vacancy_rate_lo": null, "vacancy_rate_hi": null, "stores": 3, "source": "stores+ledger", "capacity_method": "expos_units", "active_pip": 0, "licensed": 2, "com_floors": null, "occ_floors": null, "unknown_n": null, "id": "1144010400100040047-1", "pnu": "1144010400100040047", "floors": 6, "height": 19.75}}, {"type": "Feature", "geometry": {"type": "Polygon", "coordinates": [[[126.95049276, 37.54148987], [126.95047977, 37.54144455], [126.95042805, 37.54145399], [126.95041902, 37.54142218], [126.95045512, 37.54141562], [126.95044778, 37.54138994], [126.95036755, 37.54140981], [126.95040075, 37.5415065], [126.95049276, 37.54148987]]]}, "properties": {"name": "도화동 182-4", "status": "full", "capacity": 1, "active": 1, "industry": "한식", "vacancy_rate": 0.0, "vacancy_rate_lo": 0.0, "vacancy_rate_hi": 0.0, "stores": 1, "source": "stores+ledger", "capacity_method": "floor_ouln", "active_pip": 0, "licensed": 0, "com_floors": [1], "occ_floors": [1], "unknown_n": 0, "id": "1144010400101820004-1", "pnu": "1144010400101820004", "floors": 1, "height": 0.0}}, {"type": "Feature", "geometry": {"type": "Polygon", "coordinates": [[[126.95213368, 37.54486758], [126.95209705, 37.54480784], [126.95209014, 37.54481053], [126.95208381, 37.54480017], [126.95212615, 37.54477811], [126.95204905, 37.54466997], [126.95189579, 37.54473937], [126.95189035, 37.54475072], [126.9520112, 37.54492133], [126.95202219, 37.54491998], [126.95213368, 37.54486758]]]}, "properties": {"name": "공덕동 255-1", "status": "empty", "capacity": 5, "active": 0, "industry": "", "vacancy_rate": 100.0, "source": "polygon_only", "capacity_method": "floor_approx", "active_pip": 0, "licensed": 0, "id": "1144010200102550001-1", "pnu": "1144010200102550001", "floors": 5, "height": 0.0}}, {"type": "Feature", "geometry": {"type": "Polygon", "coordinates": [[[126.95371488, 37.54514148], [126.95366264, 37.54508705], [126.95351853, 37.54518205], [126.95355631, 37.54520333], [126.95357972, 37.54522361], [126.95371488, 37.54514148]]]}, "properties": {"name": "제", "status": "high", "capacity": 128, "active": 29, "industry": "한식", "vacancy_rate": 77.3, "vacancy_rate_lo": null, "vacancy_rate_hi": null, "stores": 29, "source": "stores+ledger", "capacity_method": "expos_units", "active_pip": 0, "licensed": 0, "com_floors": null, "occ_floors": null, "unknown_n": null, "id": "1144010200102560005-6", "pnu": "1144010200102560005", "floors": 0, "height": 0.0}}, {"type": "Feature", "geometry": {"type": "Polygon", "coordinates": [[[126.95171817, 37.54240931], [126.95166447, 37.54233451], [126.95158015, 37.54237105], [126.95163486, 37.54244757], [126.95171817, 37.54240931]]]}, "properties": {"name": "도화동 25-1", "status": "partial", "capacity": 2, "active": 1, "industry": "한식", "vacancy_rate": 50.0, "vacancy_rate_lo": 50.0, "vacancy_rate_hi": 50.0, "stores": 1, "source": "stores+ledger", "capacity_method": "floor_ouln", "active_pip": 0, "licensed": 1, "com_floors": [1, 2], "occ_floors": [1], "unknown_n": 0, "id": "1144010400100250001-1", "pnu": "1144010400100250001", "floors": 2, "height": 0.0}}, {"type": "Feature", "geometry": {"type": "Polygon", "coordinates": [[[126.95106762, 37.54210442], [126.95103132, 37.54207981], [126.95093599, 37.54215238], [126.95094301, 37.54215194], [126.95104949, 37.54214297], [126.95106762, 37.54210442]]]}, "properties": {"name": "일부", "status": "partial", "capacity": 3, "active": 2, "industry": "비알코올 ", "vacancy_rate": 33.3, "vacancy_rate_lo": 33.3, "vacancy_rate_hi": 33.3, "stores": 2, "source": "stores+ledger", "capacity_method": "floor_ouln", "active_pip": 0, "licensed": 2, "com_floors": [1, 2, 3], "occ_floors": [1, 2], "unknown_n": 0, "id": "1144010400101810001-1", "pnu": "1144010400101810001", "floors": 3, "height": 0.0}}, {"type": "Feature", "geometry": {"type": "Polygon", "coordinates": [[[126.95183862, 37.54201725], [126.9518231, 37.54197895], [126.95174345, 37.54199669], [126.95175588, 37.54203537], [126.95183862, 37.54201725]]]}, "properties": {"name": "좌측", "status": "full", "capacity": 3, "active": 3, "industry": "식료품 소매", "vacancy_rate": 0.0, "vacancy_rate_lo": 0.0, "vacancy_rate_hi": 0.0, "stores": 3, "source": "stores+ledger", "capacity_method": "floor_ouln", "active_pip": 0, "licensed": 1, "com_floors": [1, 2, 3], "occ_floors": [1, 2, 3], "unknown_n": 0, "id": "1144010400101830020-1", "pnu": "1144010400101830020", "floors": 3, "height": 10.4}}, {"type": "Feature", "geometry": {"type": "Polygon", "coordinates": [[[126.95112479, 37.54190225], [126.95110568, 37.54187945], [126.95101685, 37.54189212], [126.95099768, 37.54193445], [126.95104169, 37.54196384], [126.95112479, 37.54190225]]]}, "properties": {"name": "도화동 183-6", "status": "full", "capacity": 3, "active": 3, "industry": "한식", "vacancy_rate": 0.0, "vacancy_rate_lo": 0.0, "vacancy_rate_hi": 0.0, "stores": 2, "source": "stores+ledger", "capacity_method": "floor_ouln", "active_pip": 0, "licensed": 2, "com_floors": [1, 2, 3], "occ_floors": [1, 2, 3], "unknown_n": 0, "id": "1144010400101830006-1", "pnu": "1144010400101830006", "floors": 3, "height": 0.0}}, {"type": "Feature", "geometry": {"type": "Polygon", "coordinates": [[[126.95077655, 37.54197797], [126.95079739, 37.54195798], [126.9508053, 37.54196321], [126.95084052, 37.54192791], [126.95076564, 37.54188066], [126.95069331, 37.54193019], [126.95077655, 37.54197797]]]}, "properties": {"name": "도화동 181-12", "status": "full", "capacity": 1, "active": 1, "industry": "한식", "vacancy_rate": 0.0, "vacancy_rate_lo": 0.0, "vacancy_rate_hi": 0.0, "stores": 1, "source": "stores+ledger", "capacity_method": "floor_ouln", "active_pip": 0, "licensed": 1, "com_floors": [1], "occ_floors": [1], "unknown_n": 0, "id": "1144010400101810012-1", "pnu": "1144010400101810012", "floors": 1, "height": 0.0}}, {"type": "Feature", "geometry": {"type": "Polygon", "coordinates": [[[126.95160563, 37.54120129], [126.95153836, 37.54112935], [126.95137822, 37.54122422], [126.95144731, 37.54129376], [126.95160563, 37.54120129]]]}, "properties": {"name": "주하힐하우스", "status": "full", "capacity": 1, "active": 1, "industry": "철물·건설자재 소매", "vacancy_rate": 0.0, "vacancy_rate_lo": null, "vacancy_rate_hi": null, "stores": 1, "source": "stores+ledger", "capacity_method": "expos_units", "active_pip": 0, "licensed": 0, "com_floors": null, "occ_floors": null, "unknown_n": null, "id": "1144010400101960001-1", "pnu": "1144010400101960001", "floors": 5, "height": 13.3}}, {"type": "Feature", "geometry": {"type": "Polygon", "coordinates": [[[126.95135356, 37.54165389], [126.95133513, 37.54162888], [126.9513065, 37.54164332], [126.95132153, 37.54166606], [126.95135356, 37.54165389]]]}, "properties": {"name": "도화동 194-24", "status": "full", "capacity": 2, "active": 2, "industry": "주점", "vacancy_rate": 0.0, "vacancy_rate_lo": 0.0, "vacancy_rate_hi": 50.0, "stores": 3, "source": "stores+ledger", "capacity_method": "floor_ouln", "active_pip": 0, "licensed": 2, "com_floors": [1, 2], "occ_floors": [2], "unknown_n": 1, "id": "1144010400101940024-1", "pnu": "1144010400101940024", "floors": 0, "height": 0.0}}, {"type": "Feature", "geometry": {"type": "Polygon", "coordinates": [[[126.95584747, 37.54279889], [126.95574686, 37.54264785], [126.9556897, 37.54266954], [126.95555269, 37.54246199], [126.95542909, 37.54251502], [126.95557154, 37.54272545], [126.95562326, 37.54269926], [126.95568612, 37.54279883], [126.95572805, 37.54286544], [126.95585585, 37.54281143], [126.95584747, 37.54279889]]]}, "properties": {"name": "신공덕래미안1차", "status": "high", "capacity": 74, "active": 21, "industry": "기타 교육", "vacancy_rate": 71.6, "vacancy_rate_lo": null, "vacancy_rate_hi": null, "stores": 21, "source": "stores+ledger", "capacity_method": "expos_units", "active_pip": 0, "licensed": 0, "com_floors": null, "occ_floors": null, "unknown_n": null, "id": "1144010300101550000-3", "pnu": "1144010300101550000", "floors": 22, "height": 59.6}}, {"type": "Feature", "geometry": {"type": "Polygon", "coordinates": [[[126.95089328, 37.54319932], [126.95087632, 37.5431729], [126.95085543, 37.54318141], [126.95079813, 37.54310606], [126.95075348, 37.54312813], [126.95083242, 37.54322995], [126.95089328, 37.54319932]]]}, "properties": {"name": "효성해링턴스퀘어", "status": "full", "capacity": 8, "active": 8, "industry": "한식", "vacancy_rate": 0.0, "vacancy_rate_lo": 0.0, "vacancy_rate_hi": 25.0, "stores": 70, "source": "stores+ledger", "capacity_method": "floor_ouln", "active_pip": 0, "licensed": 0, "com_floors": [1, 2, 3, 4, 5, 6, 7, 8], "occ_floors": [1, 2, 3, 5, 6, 7], "unknown_n": 2, "id": "1144010400100250013-2", "pnu": "1144010400100250013", "floors": 0, "height": 0.0}}, {"type": "Feature", "geometry": {"type": "Polygon", "coordinates": [[[126.95095083, 37.54178162], [126.95093967, 37.5417208], [126.95087935, 37.54172781], [126.95088157, 37.54179124], [126.95095083, 37.54178162]]]}, "properties": {"name": "도화동 194-18", "status": "full", "capacity": 1, "active": 1, "industry": "한식", "vacancy_rate": 0.0, "vacancy_rate_lo": 0.0, "vacancy_rate_hi": 0.0, "stores": 1, "source": "stores+ledger", "capacity_method": "floor_ouln", "active_pip": 0, "licensed": 1, "com_floors": [1], "occ_floors": [1], "unknown_n": 0, "id": "1144010400101940018-1", "pnu": "1144010400101940018", "floors": 0, "height": 0.0}}, {"type": "Feature", "geometry": {"type": "Polygon", "coordinates": [[[126.95092711, 37.54171432], [126.95091732, 37.54163214], [126.9508733, 37.54163545], [126.95088309, 37.54171762], [126.95092711, 37.54171432]]]}, "properties": {"name": "도화동 194-8", "status": "full", "capacity": 1, "active": 1, "industry": "한식", "vacancy_rate": 0.0, "vacancy_rate_lo": 0.0, "vacancy_rate_hi": 100.0, "stores": 1, "source": "stores+ledger", "capacity_method": "floor_ouln", "active_pip": 0, "licensed": 0, "com_floors": [1], "occ_floors": [], "unknown_n": 1, "id": "1144010400101940008-1", "pnu": "1144010400101940008", "floors": 0, "height": 0.0}}, {"type": "Feature", "geometry": {"type": "Polygon", "coordinates": [[[126.94948079, 37.54105084], [126.94937245, 37.54097186], [126.94925878, 37.5410702], [126.94936633, 37.54114936], [126.94948079, 37.54105084]]]}, "properties": {"name": "도화동 179-11", "status": "partial", "capacity": 8, "active": 7, "industry": "한식", "vacancy_rate": 12.5, "vacancy_rate_lo": null, "vacancy_rate_hi": null, "stores": 7, "source": "stores+ledger+pip", "capacity_method": "expos_units", "active_pip": 1, "licensed": 3, "com_floors": null, "occ_floors": null, "unknown_n": null, "id": "1144010400101790011-1", "pnu": "1144010400101790011", "floors": 6, "height": 0.0}}, {"type": "Feature", "geometry": {"type": "Polygon", "coordinates": [[[126.94962536, 37.54126453], [126.94947788, 37.54116481], [126.94940996, 37.54122037], [126.94946118, 37.54126103], [126.94945258, 37.54126959], [126.94954826, 37.54133288], [126.94962536, 37.54126453]]]}, "properties": {"name": "일부", "status": "full", "capacity": 1, "active": 1, "industry": "한식", "vacancy_rate": 0.0, "vacancy_rate_lo": 0.0, "vacancy_rate_hi": 0.0, "stores": 6, "source": "stores+ledger", "capacity_method": "floor_ouln", "active_pip": 0, "licensed": 6, "com_floors": [1], "occ_floors": [1], "unknown_n": 0, "id": "1144010400101790001-1", "pnu": "1144010400101790001", "floors": 0, "height": 0.0}}, {"type": "Feature", "geometry": {"type": "Polygon", "coordinates": [[[126.9493686, 37.54129505], [126.94927971, 37.54123608], [126.94923272, 37.54128219], [126.94928508, 37.54131799], [126.94929401, 37.54132844], [126.94932116, 37.54134665], [126.9493686, 37.54129505]]]}, "properties": {"name": "도화동 179-15", "status": "partial", "capacity": 2, "active": 1, "industry": "한식", "vacancy_rate": 50.0, "vacancy_rate_lo": 50.0, "vacancy_rate_hi": 50.0, "stores": 1, "source": "stores+ledger", "capacity_method": "floor_ouln", "active_pip": 0, "licensed": 1, "com_floors": [1, 2], "occ_floors": [1], "unknown_n": 0, "id": "1144010400101790015-1", "pnu": "1144010400101790015", "floors": 2, "height": 0.0}}, {"type": "Feature", "geometry": {"type": "Polygon", "coordinates": [[[126.94861252, 37.54278219], [126.94861614, 37.54278039], [126.948621, 37.5427867], [126.94872604, 37.54273709], [126.94871926, 37.54272763], [126.94872424, 37.54272529], [126.94872741, 37.54272953], [126.94874382, 37.54272169], [126.94874654, 37.54271746], [126.94874665, 37.54271475], [126.94873297, 37.54269862], [126.94874418, 37.54269259], [126.94872417, 37.54266888], [126.94876718, 37.54264593], [126.94861852, 37.54245458], [126.94862203, 37.54245278], [126.94858166, 37.54239915], [126.94851942, 37.54242886], [126.94855842, 37.54247987], [126.9484759, 37.54251993], [126.94850869, 37.54256275], [126.9484642, 37.54258435], [126.94846997, 37.54259183], [126.94846601, 37.54259381], [126.94846273, 37.54258958], [126.94844235, 37.54259948], [126.94844439, 37.54260209], [126.94844404, 37.54260714], [126.9484489, 37.54261399], [126.94844709, 37.54262561], [126.9484576, 37.54263814], [126.94856658, 37.5427828], [126.94858468, 37.54278614], [126.94858852, 37.54279299], [126.94859565, 37.54279479], [126.94861501, 37.54278543], [126.94861252, 37.54278219]]]}, "properties": {"name": "신원빌딩", "status": "full", "capacity": 3, "active": 3, "industry": "섬유·의복·신발 소매", "vacancy_rate": 0.0, "vacancy_rate_lo": 0.0, "vacancy_rate_hi": 0.0, "stores": 5, "source": "stores+ledger", "capacity_method": "floor_ouln", "active_pip": 0, "licensed": 1, "com_floors": [1, 2, 6], "occ_floors": [1, 2, 6], "unknown_n": 0, "id": "1144010400105320000-1", "pnu": "1144010400105320000", "floors": 10, "height": 37.4}}, {"type": "Feature", "geometry": {"type": "Polygon", "coordinates": [[[126.95215922, 37.54295216], [126.95239188, 37.54284979], [126.95238429, 37.54283585], [126.95239457, 37.54283152], [126.95232471, 37.54272648], [126.95231086, 37.54272704], [126.95230637, 37.54272046], [126.95206631, 37.54282421], [126.95207539, 37.54283518], [126.95206568, 37.54283948], [126.95213931, 37.54294482], [126.95215137, 37.54294085], [126.95215922, 37.54295216]]]}, "properties": {"name": "KCC웰츠", "status": "partial", "capacity": 27, "active": 15, "industry": "이용·미용", "vacancy_rate": 44.4, "vacancy_rate_lo": null, "vacancy_rate_hi": null, "stores": 15, "source": "stores+ledger", "capacity_method": "expos_units", "active_pip": 0, "licensed": 0, "com_floors": null, "occ_floors": null, "unknown_n": null, "id": "1144010300101710000-1", "pnu": "1144010300101710000", "floors": 0, "height": 0.0}}, {"type": "Feature", "geometry": {"type": "Polygon", "coordinates": [[[126.95418898, 37.54331891], [126.95446876, 37.54319085], [126.95438036, 37.54305732], [126.95436777, 37.54306091], [126.95436203, 37.54305206], [126.95429208, 37.54308084], [126.95430052, 37.54309205], [126.95427583, 37.54310383], [126.95426959, 37.54309432], [126.95428669, 37.54308721], [126.95422421, 37.54299198], [126.9540526, 37.54306598], [126.95405797, 37.54307413], [126.95395066, 37.54311904], [126.95395461, 37.54312468], [126.95394728, 37.54312793], [126.95403904, 37.54325903], [126.95404974, 37.54325428], [126.95405352, 37.54325966], [126.95412526, 37.54322784], [126.95418898, 37.54331891]]]}, "properties": {"name": "펜트라우스", "status": "partial", "capacity": 29, "active": 22, "industry": "한식", "vacancy_rate": 24.1, "vacancy_rate_lo": null, "vacancy_rate_hi": null, "stores": 22, "source": "stores+ledger", "capacity_method": "expos_units", "active_pip": 0, "licensed": 0, "com_floors": null, "occ_floors": null, "unknown_n": null, "id": "1144010300101720000-3", "pnu": "1144010300101720000", "floors": 21, "height": 67.9}}, {"type": "Feature", "geometry": {"type": "Polygon", "coordinates": [[[126.9555412, 37.54352364], [126.95552153, 37.54348794], [126.95548134, 37.54350478], [126.95550462, 37.54354309], [126.9555412, 37.54352364]]]}, "properties": {"name": "신공덕래미안1차", "status": "high", "capacity": 74, "active": 21, "industry": "기타 교육", "vacancy_rate": 71.6, "vacancy_rate_lo": null, "vacancy_rate_hi": null, "stores": 21, "source": "stores+ledger", "capacity_method": "expos_units", "active_pip": 0, "licensed": 0, "com_floors": null, "occ_floors": null, "unknown_n": null, "id": "1144010300101550000-4", "pnu": "1144010300101550000", "floors": 0, "height": 0.0}}, {"type": "Feature", "geometry": {"type": "Polygon", "coordinates": [[[126.95152215, 37.54273624], [126.95150566, 37.54271341], [126.95147427, 37.54272884], [126.95149076, 37.54275166], [126.95152215, 37.54273624]]]}, "properties": {"name": "효성해링턴스퀘어", "status": "full", "capacity": 8, "active": 8, "industry": "한식", "vacancy_rate": 0.0, "vacancy_rate_lo": 0.0, "vacancy_rate_hi": 25.0, "stores": 70, "source": "stores+ledger", "capacity_method": "floor_ouln", "active_pip": 0, "licensed": 0, "com_floors": [1, 2, 3, 4, 5, 6, 7, 8], "occ_floors": [1, 2, 3, 5, 6, 7], "unknown_n": 2, "id": "1144010400100250013-3", "pnu": "1144010400100250013", "floors": 0, "height": 0.0}}, {"type": "Feature", "geometry": {"type": "Polygon", "coordinates": [[[126.94892379, 37.54364413], [126.94882195, 37.54347812], [126.94864753, 37.54355525], [126.94876112, 37.543731], [126.94892379, 37.54364413]]]}, "properties": {"name": "염리동 168-10", "status": "empty", "capacity": 1, "active": 0, "industry": "", "vacancy_rate": 100.0, "source": "polygon_only", "capacity_method": "floor_approx", "active_pip": 0, "licensed": 0, "id": "1144010900101680010-1", "pnu": "1144010900101680010", "floors": 1, "height": 0.0}}, {"type": "Feature", "geometry": {"type": "Polygon", "coordinates": [[[126.95414699, 37.5437108], [126.95430311, 37.5436399], [126.95424405, 37.54354178], [126.95424934, 37.54353949], [126.95415754, 37.54340462], [126.95403746, 37.54345717], [126.9539955, 37.54339551], [126.95398548, 37.54339829], [126.95398036, 37.54339087], [126.95382738, 37.54345781], [126.95382377, 37.54346394], [126.95388883, 37.54355517], [126.95387504, 37.54356126], [126.95396873, 37.54369576], [126.95408965, 37.54364088], [126.95413353, 37.54370629], [126.95414699, 37.5437108]]]}, "properties": {"name": "펜트라우스", "status": "partial", "capacity": 29, "active": 22, "industry": "한식", "vacancy_rate": 24.1, "vacancy_rate_lo": null, "vacancy_rate_hi": null, "stores": 22, "source": "stores+ledger", "capacity_method": "expos_units", "active_pip": 0, "licensed": 0, "com_floors": null, "occ_floors": null, "unknown_n": null, "id": "1144010300101720000-4", "pnu": "1144010300101720000", "floors": 21, "height": 67.9}}, {"type": "Feature", "geometry": {"type": "Polygon", "coordinates": [[[126.95411358, 37.54413121], [126.95416565, 37.54410938], [126.95421911, 37.54419024], [126.95432611, 37.5441468], [126.95416695, 37.54392016], [126.95414753, 37.5439288], [126.95415172, 37.54393476], [126.95393645, 37.54403061], [126.95393284, 37.54402547], [126.95391229, 37.54403504], [126.95407059, 37.54426072], [126.95416935, 37.54421556], [126.95411358, 37.54413121]]]}, "properties": {"name": "펜트라우스", "status": "partial", "capacity": 29, "active": 22, "industry": "한식", "vacancy_rate": 24.1, "vacancy_rate_lo": null, "vacancy_rate_hi": null, "stores": 22, "source": "stores+ledger", "capacity_method": "expos_units", "active_pip": 0, "licensed": 0, "com_floors": null, "occ_floors": null, "unknown_n": null, "id": "1144010300101720000-5", "pnu": "1144010300101720000", "floors": 0, "height": 0.0}}, {"type": "Feature", "geometry": {"type": "Polygon", "coordinates": [[[126.95506723, 37.54439662], [126.9549927, 37.54432297], [126.95488607, 37.54438672], [126.95495664, 37.54445243], [126.95494736, 37.54445883], [126.95500696, 37.54451462], [126.95510658, 37.54444718], [126.95505829, 37.54440283], [126.95506723, 37.54439662]]]}, "properties": {"name": "신공덕동 15-63", "status": "full", "capacity": 1, "active": 1, "industry": "이용·미용", "vacancy_rate": 0.0, "vacancy_rate_lo": 0.0, "vacancy_rate_hi": 0.0, "stores": 1, "source": "stores+ledger", "capacity_method": "floor_ouln", "active_pip": 0, "licensed": 0, "com_floors": [10], "occ_floors": [10], "unknown_n": 0, "id": "1144010300100150063-1", "pnu": "1144010300100150063", "floors": 15, "height": 43.0}}, {"type": "Feature", "geometry": {"type": "Polygon", "coordinates": [[[126.95192664, 37.54463297], [126.95187848, 37.54456556], [126.95175906, 37.54461867], [126.95180711, 37.54468716], [126.95192664, 37.54463297]]]}, "properties": {"name": "공덕동 255-17", "status": "empty", "capacity": 2, "active": 0, "industry": "", "vacancy_rate": 100.0, "source": "polygon_only", "capacity_method": "floor_approx", "active_pip": 0, "licensed": 0, "id": "1144010200102550017-1", "pnu": "1144010200102550017", "floors": 2, "height": 0.0}}, {"type": "Feature", "geometry": {"type": "Polygon", "coordinates": [[[126.95304904, 37.5453563], [126.95300729, 37.54518032], [126.95290325, 37.54524551], [126.9528805, 37.54525982], [126.95290334, 37.54529182], [126.95297004, 37.54538546], [126.95304904, 37.5453563]]]}, "properties": {"name": "공덕동 256-20", "status": "full", "capacity": 1, "active": 1, "industry": "한식", "vacancy_rate": 0.0, "vacancy_rate_lo": 0.0, "vacancy_rate_hi": 100.0, "stores": 2, "source": "stores+ledger", "capacity_method": "floor_ouln", "active_pip": 0, "licensed": 2, "com_floors": [1], "occ_floors": [], "unknown_n": 1, "id": "1144010200102560020-1", "pnu": "1144010200102560020", "floors": 1, "height": 0.0}}, {"type": "Feature", "geometry": {"type": "Polygon", "coordinates": [[[126.95055923, 37.54568694], [126.95052699, 37.54567918], [126.95051259, 37.54571683], [126.95054506, 37.54572469], [126.95055923, 37.54568694]]]}, "properties": {"name": "공덕래미안1차", "status": "high", "capacity": 188, "active": 24, "industry": "이용·미용", "vacancy_rate": 87.2, "vacancy_rate_lo": null, "vacancy_rate_hi": null, "stores": 24, "source": "stores+ledger", "capacity_method": "expos_units", "active_pip": 0, "licensed": 0, "com_floors": null, "occ_floors": null, "unknown_n": null, "id": "1144010200103710000-1", "pnu": "1144010200103710000", "floors": 0, "height": 0.0}}, {"type": "Feature", "geometry": {"type": "Polygon", "coordinates": [[[126.95139054, 37.54579855], [126.95123045, 37.54556766], [126.95120634, 37.54557872], [126.95119494, 37.54554024], [126.9511937, 37.54553322], [126.95119065, 37.54552899], [126.95117843, 37.54552591], [126.95116801, 37.54553051], [126.95115498, 37.54555618], [126.95113382, 37.54556104], [126.95112014, 37.54554184], [126.95090326, 37.54563942], [126.9509426, 37.54570052], [126.95105597, 37.54572517], [126.95106502, 37.54573968], [126.95107044, 37.54574545], [126.95108243, 37.54575302], [126.95109499, 37.54575861], [126.95111218, 37.54576123], [126.95113053, 37.54576151], [126.95115417, 37.54575548], [126.95117036, 37.54574801], [126.95139054, 37.54579855]]]}, "properties": {"name": "공덕래미안1차", "status": "high", "capacity": 188, "active": 24, "industry": "이용·미용", "vacancy_rate": 87.2, "vacancy_rate_lo": null, "vacancy_rate_hi": null, "stores": 24, "source": "stores+ledger", "capacity_method": "expos_units", "active_pip": 0, "licensed": 0, "com_floors": null, "occ_floors": null, "unknown_n": null, "id": "1144010200103710000-2", "pnu": "1144010200103710000", "floors": 6, "height": 21.9}}, {"type": "Feature", "geometry": {"type": "Polygon", "coordinates": [[[126.94883775, 37.54203653], [126.94872828, 37.5419553], [126.9487015, 37.54197786], [126.9488038, 37.5420655], [126.94883775, 37.54203653]]]}, "properties": {"name": "도화동 174-1", "status": "full", "capacity": 3, "active": 3, "industry": "주점", "vacancy_rate": 0.0, "vacancy_rate_lo": 0.0, "vacancy_rate_hi": 33.3, "stores": 5, "source": "stores+ledger", "capacity_method": "floor_ouln", "active_pip": 0, "licensed": 0, "com_floors": [1, 2, 3], "occ_floors": [1, 2], "unknown_n": 1, "id": "1144010400101740001-1", "pnu": "1144010400101740001", "floors": 0, "height": 0.0}}, {"type": "Feature", "geometry": {"type": "Polygon", "coordinates": [[[126.95184077, 37.54196634], [126.95181807, 37.54189866], [126.95170161, 37.54194258], [126.95171855, 37.54199124], [126.95184077, 37.54196634]]]}, "properties": {"name": "도화동 183-21", "status": "empty", "capacity": 1, "active": 0, "industry": "", "vacancy_rate": 100.0, "source": "polygon_only", "capacity_method": "floor_approx", "active_pip": 0, "licensed": 0, "id": "1144010400101830021-1", "pnu": "1144010400101830021", "floors": 1, "height": 0.0}}, {"type": "Feature", "geometry": {"type": "Polygon", "coordinates": [[[126.95079687, 37.54205502], [126.95089086, 37.54196298], [126.95083893, 37.54193043], [126.95079704, 37.54197267], [126.95078991, 37.54196816], [126.95078234, 37.5419759], [126.95078877, 37.54197987], [126.95077417, 37.54199464], [126.95076953, 37.54199167], [126.95074145, 37.54202211], [126.95076555, 37.54203978], [126.95079687, 37.54205502]]]}, "properties": {"name": "도화동 181-9", "status": "full", "capacity": 2, "active": 2, "industry": "기타 간이", "vacancy_rate": 0.0, "vacancy_rate_lo": 0.0, "vacancy_rate_hi": 0.0, "stores": 2, "source": "stores+ledger", "capacity_method": "floor_ouln", "active_pip": 0, "licensed": 2, "com_floors": [1, 2], "occ_floors": [1, 2], "unknown_n": 0, "id": "1144010400101810009-1", "pnu": "1144010400101810009", "floors": 2, "height": 0.0}}, {"type": "Feature", "geometry": {"type": "Polygon", "coordinates": [[[126.95349651, 37.54330881], [126.95351557, 37.543304], [126.95352494, 37.54331919], [126.95368709, 37.54325098], [126.95359533, 37.54312415], [126.95357617, 37.5431305], [126.95356899, 37.54312115], [126.95358342, 37.54311412], [126.95354804, 37.54306245], [126.95345348, 37.54309548], [126.95340141, 37.54311745], [126.95335509, 37.54313959], [126.9533298, 37.54315606], [126.95332402, 37.54316866], [126.95332313, 37.54317367], [126.95332339, 37.54318159], [126.9533236, 37.54318811], [126.95332522, 37.5431941], [126.95336885, 37.54326156], [126.95340247, 37.5433082], [126.95344327, 37.54335], [126.95350593, 37.54332231], [126.95349651, 37.54330881]]]}, "properties": {"name": "펜트라우스", "status": "partial", "capacity": 29, "active": 22, "industry": "한식", "vacancy_rate": 24.1, "vacancy_rate_lo": null, "vacancy_rate_hi": null, "stores": 22, "source": "stores+ledger", "capacity_method": "expos_units", "active_pip": 0, "licensed": 0, "com_floors": null, "occ_floors": null, "unknown_n": null, "id": "1144010300101720000-6", "pnu": "1144010300101720000", "floors": 15, "height": 52.4}}, {"type": "Feature", "geometry": {"type": "Polygon", "coordinates": [[[126.95000004, 37.54405653], [126.95037507, 37.54389612], [126.95023286, 37.54367577], [126.95000006, 37.54377613], [126.94977866, 37.54387092], [126.94992242, 37.54408974], [126.95000004, 37.54405653]]]}, "properties": {"name": "마포신영지웰", "status": "high", "capacity": 18, "active": 7, "industry": "의원", "vacancy_rate": 61.1, "vacancy_rate_lo": null, "vacancy_rate_hi": null, "stores": 7, "source": "stores+ledger", "capacity_method": "expos_units", "active_pip": 0, "licensed": 1, "com_floors": null, "occ_floors": null, "unknown_n": null, "id": "1144010200104610000-1", "pnu": "1144010200104610000", "floors": 19, "height": 67.6}}, {"type": "Feature", "geometry": {"type": "Polygon", "coordinates": [[[126.95413977, 37.54462349], [126.95405967, 37.54460679], [126.95404031, 37.54462355], [126.95409177, 37.54466312], [126.95413977, 37.54462349]]]}, "properties": {"name": "신공덕동 22-1", "status": "empty", "capacity": 1, "active": 0, "industry": "", "vacancy_rate": 100.0, "source": "polygon_only", "capacity_method": "floor_approx", "active_pip": 0, "licensed": 0, "id": "1144010300100220001-1", "pnu": "1144010300100220001", "floors": 1, "height": 0.0}}, {"type": "Feature", "geometry": {"type": "Polygon", "coordinates": [[[126.95511375, 37.54550648], [126.95504251, 37.54542023], [126.9549712, 37.5454575], [126.95504764, 37.54553943], [126.95511375, 37.54550648]]]}, "properties": {"name": "신공덕동 14-1", "status": "full", "capacity": 2, "active": 2, "industry": "이용·미용", "vacancy_rate": 0.0, "vacancy_rate_lo": 0.0, "vacancy_rate_hi": 50.0, "stores": 3, "source": "stores+ledger", "capacity_method": "floor_ouln", "active_pip": 0, "licensed": 0, "com_floors": [1, 2], "occ_floors": [1], "unknown_n": 1, "id": "1144010300100140001-2", "pnu": "1144010300100140001", "floors": 2, "height": 0.0}}, {"type": "Feature", "geometry": {"type": "Polygon", "coordinates": [[[126.95039055, 37.54156059], [126.95047418, 37.54161409], [126.95054764, 37.54154016], [126.95046295, 37.5414889], [126.95039055, 37.54156059]]]}, "properties": {"name": "미도빌딩", "status": "full", "capacity": 3, "active": 3, "industry": "유원지·오락", "vacancy_rate": 0.0, "vacancy_rate_lo": 0.0, "vacancy_rate_hi": 0.0, "stores": 5, "source": "stores+ledger", "capacity_method": "floor_ouln", "active_pip": 0, "licensed": 2, "com_floors": [1, 2, 3], "occ_floors": [1, 2, 3], "unknown_n": 0, "id": "1144010400101820007-1", "pnu": "1144010400101820007", "floors": 4, "height": 13.2}}, {"type": "Feature", "geometry": {"type": "Polygon", "coordinates": [[[126.95105191, 37.54166212], [126.95108225, 37.54165924], [126.95108011, 37.54163767], [126.95110922, 37.54163389], [126.95110519, 37.5416077], [126.95104472, 37.54161479], [126.95105191, 37.54166212]]]}, "properties": {"name": "도화동 194-13", "status": "partial", "capacity": 2, "active": 1, "industry": "서양식", "vacancy_rate": 50.0, "vacancy_rate_lo": 50.0, "vacancy_rate_hi": 100.0, "stores": 1, "source": "stores+ledger", "capacity_method": "floor_ouln", "active_pip": 0, "licensed": 0, "com_floors": [1, 2], "occ_floors": [], "unknown_n": 1, "id": "1144010400101940013-1", "pnu": "1144010400101940013", "floors": 2, "height": 7.0}}, {"type": "Feature", "geometry": {"type": "Polygon", "coordinates": [[[126.95114998, 37.54112022], [126.95102523, 37.54098767], [126.95100956, 37.54098869], [126.95100201, 37.54099357], [126.95099122, 37.54098543], [126.95097592, 37.54098476], [126.9509656, 37.54099168], [126.95095816, 37.54099056], [126.95091027, 37.54103009], [126.95089267, 37.54104769], [126.95094288, 37.54109516], [126.95099319, 37.54106823], [126.95107892, 37.54116051], [126.95114998, 37.54112022]]]}, "properties": {"name": "도원동 334-3", "status": "full", "capacity": 7, "active": 7, "industry": "", "vacancy_rate": 0.0, "source": "pip_only", "capacity_method": "floor_approx", "active_pip": 7, "licensed": 2, "id": "1144012000103340003-1", "pnu": "1144012000103340003", "floors": 4, "height": 0.0}}, {"type": "Feature", "geometry": {"type": "Polygon", "coordinates": [[[126.95204082, 37.54196588], [126.95201891, 37.54190568], [126.95191559, 37.54192672], [126.95192677, 37.54196106], [126.95198865, 37.54197793], [126.95204082, 37.54196588]]]}, "properties": {"name": "우측호", "status": "full", "capacity": 2, "active": 2, "industry": "중식", "vacancy_rate": 0.0, "vacancy_rate_lo": 0.0, "vacancy_rate_hi": 50.0, "stores": 6, "source": "stores+ledger", "capacity_method": "floor_ouln", "active_pip": 0, "licensed": 3, "com_floors": [1, 2], "occ_floors": [1], "unknown_n": 1, "id": "1144010400100380001-1", "pnu": "1144010400100380001", "floors": 2, "height": 0.0}}, {"type": "Feature", "geometry": {"type": "Polygon", "coordinates": [[[126.95539613, 37.54477705], [126.95545503, 37.54482609], [126.95546529, 37.54481827], [126.95546803, 37.54482056], [126.95549248, 37.544821], [126.955517, 37.54480232], [126.95553782, 37.54481965], [126.95552832, 37.54482688], [126.95552744, 37.54485828], [126.95553136, 37.54485835], [126.95553019, 37.54490016], [126.95563446, 37.54490201], [126.95563475, 37.54489145], [126.95564748, 37.54489168], [126.95564852, 37.54485424], [126.95564451, 37.54485417], [126.95564564, 37.54481345], [126.95562305, 37.54479465], [126.9556308, 37.54478875], [126.95565917, 37.54481238], [126.9556756, 37.54479987], [126.95569998, 37.54482018], [126.95572608, 37.5448003], [126.95573093, 37.54480434], [126.95577439, 37.54477124], [126.95576331, 37.54476201], [126.95577097, 37.54475618], [126.95570136, 37.54469823], [126.95569837, 37.54470051], [126.9556638, 37.54467171], [126.95566679, 37.54466944], [126.95559719, 37.54461149], [126.95558952, 37.54461733], [126.95557843, 37.5446081], [126.95553497, 37.54464119], [126.95553982, 37.54464523], [126.95551372, 37.5446651], [126.95553812, 37.54468541], [126.95552365, 37.54469642], [126.95552061, 37.54469389], [126.9554982, 37.54471094], [126.95549092, 37.54470488], [126.95539613, 37.54477705]]]}, "properties": {"name": "신공덕아이파크", "status": "high", "capacity": 9, "active": 3, "industry": "이용·미용", "vacancy_rate": 66.7, "vacancy_rate_lo": null, "vacancy_rate_hi": null, "stores": 3, "source": "stores+ledger", "capacity_method": "expos_units", "active_pip": 0, "licensed": 0, "com_floors": null, "occ_floors": null, "unknown_n": null, "id": "1144010300101740000-1", "pnu": "1144010300101740000", "floors": 18, "height": 51.2}}, {"type": "Feature", "geometry": {"type": "Polygon", "coordinates": [[[126.94907045, 37.54113466], [126.94924485, 37.54123569], [126.94931509, 37.54115907], [126.94914089, 37.54105782], [126.94907045, 37.54113466]]]}, "properties": {"name": "도화동 179-2", "status": "full", "capacity": 2, "active": 2, "industry": "중식", "vacancy_rate": 0.0, "vacancy_rate_lo": 0.0, "vacancy_rate_hi": 0.0, "stores": 1, "source": "stores+ledger", "capacity_method": "floor_ouln", "active_pip": 0, "licensed": 1, "com_floors": [1, 2], "occ_floors": [1, 2], "unknown_n": 0, "id": "1144010400101790002-1", "pnu": "1144010400101790002", "floors": 2, "height": 7.9}}, {"type": "Feature", "geometry": {"type": "Polygon", "coordinates": [[[126.95270455, 37.54128039], [126.95266162, 37.54119091], [126.95257456, 37.54125494], [126.95257491, 37.54125701], [126.95257491, 37.54125719], [126.95255713, 37.54127259], [126.95263347, 37.54133685], [126.95270455, 37.54128039]]]}, "properties": {"name": "도화동 184-10", "status": "full", "capacity": 1, "active": 1, "industry": "한식", "vacancy_rate": 0.0, "vacancy_rate_lo": 0.0, "vacancy_rate_hi": 0.0, "stores": 2, "source": "stores+ledger", "capacity_method": "floor_ouln", "active_pip": 0, "licensed": 2, "com_floors": [1], "occ_floors": [1], "unknown_n": 0, "id": "1144010400101840010-1", "pnu": "1144010400101840010", "floors": 4, "height": 0.0}}, {"type": "Feature", "geometry": {"type": "Polygon", "coordinates": [[[126.95238255, 37.54481651], [126.9523224, 37.54473891], [126.95212555, 37.54482802], [126.95218616, 37.54491284], [126.95238255, 37.54481651]]]}, "properties": {"name": "공덕동 255-23", "status": "full", "capacity": 1, "active": 1, "industry": "연료 소매", "vacancy_rate": 0.0, "vacancy_rate_lo": 0.0, "vacancy_rate_hi": 0.0, "stores": 5, "source": "stores+ledger", "capacity_method": "floor_ouln", "active_pip": 0, "licensed": 2, "com_floors": [1], "occ_floors": [1], "unknown_n": 0, "id": "1144010200102550023-2", "pnu": "1144010200102550023", "floors": 1, "height": 0.0}}, {"type": "Feature", "geometry": {"type": "Polygon", "coordinates": [[[126.95037659, 37.5420293], [126.95044134, 37.54208007], [126.9504659, 37.54205916], [126.95055291, 37.54211933], [126.95056252, 37.54212494], [126.95063118, 37.54205946], [126.95048249, 37.54194574], [126.95037659, 37.5420293]]]}, "properties": {"name": "도화동", "status": "full", "capacity": 2, "active": 2, "industry": "한식", "vacancy_rate": 0.0, "vacancy_rate_lo": 0.0, "vacancy_rate_hi": 100.0, "stores": 2, "source": "stores+ledger", "capacity_method": "floor_ouln", "active_pip": 0, "licensed": 0, "com_floors": [1, 2], "occ_floors": [], "unknown_n": 2, "id": "1144010400101810037-1", "pnu": "1144010400101810037", "floors": 2, "height": 8.55}}, {"type": "Feature", "geometry": {"type": "Polygon", "coordinates": [[[126.95387101, 37.54517921], [126.95382772, 37.54511333], [126.95379014, 37.54512908], [126.95384056, 37.54519777], [126.95387101, 37.54517921]]]}, "properties": {"name": "제", "status": "high", "capacity": 128, "active": 29, "industry": "한식", "vacancy_rate": 77.3, "vacancy_rate_lo": null, "vacancy_rate_hi": null, "stores": 29, "source": "stores+ledger", "capacity_method": "expos_units", "active_pip": 0, "licensed": 0, "com_floors": null, "occ_floors": null, "unknown_n": null, "id": "1144010200102560005-7", "pnu": "1144010200102560005", "floors": 0, "height": 0.0}}, {"type": "Feature", "geometry": {"type": "Polygon", "coordinates": [[[126.95074303, 37.54177194], [126.95075888, 37.54178748], [126.95081428, 37.54168668], [126.95082947, 37.54166634], [126.95080353, 37.54166241], [126.95074303, 37.54177194]]]}, "properties": {"name": "도화동 182-13", "status": "partial", "capacity": 2, "active": 1, "industry": "기타 간이", "vacancy_rate": 50.0, "vacancy_rate_lo": 50.0, "vacancy_rate_hi": 50.0, "stores": 1, "source": "stores+ledger", "capacity_method": "floor_ouln", "active_pip": 0, "licensed": 0, "com_floors": [1, 2], "occ_floors": [1], "unknown_n": 0, "id": "1144010400101820013-1", "pnu": "1144010400101820013", "floors": 2, "height": 6.56}}, {"type": "Feature", "geometry": {"type": "Polygon", "coordinates": [[[126.95168553, 37.54231902], [126.95163443, 37.5422498], [126.95160816, 37.54225375], [126.95159278, 37.54225834], [126.95156844, 37.5422786], [126.95156051, 37.54229121], [126.95155597, 37.54231013], [126.95155392, 37.54232689], [126.95155776, 37.54234635], [126.95157709, 37.54236997], [126.95168553, 37.54231902]]]}, "properties": {"name": "일부호", "status": "full", "capacity": 2, "active": 2, "industry": "기타 간이", "vacancy_rate": 0.0, "vacancy_rate_lo": 0.0, "vacancy_rate_hi": 0.0, "stores": 6, "source": "stores+ledger", "capacity_method": "floor_ouln", "active_pip": 0, "licensed": 5, "com_floors": [1, 2], "occ_floors": [1, 2], "unknown_n": 0, "id": "1144010400100250002-1", "pnu": "1144010400100250002", "floors": 2, "height": 0.0}}, {"type": "Feature", "geometry": {"type": "Polygon", "coordinates": [[[126.95207602, 37.54460987], [126.95194681, 37.544419], [126.95190199, 37.54443934], [126.95192007, 37.54446449], [126.95185103, 37.54449852], [126.95188358, 37.54454637], [126.95187657, 37.54454943], [126.9519514, 37.54466308], [126.95207602, 37.54460987]]]}, "properties": {"name": "공덕동 255-5", "status": "full", "capacity": 1, "active": 1, "industry": "한식", "vacancy_rate": 0.0, "vacancy_rate_lo": 0.0, "vacancy_rate_hi": 0.0, "stores": 2, "source": "stores+ledger", "capacity_method": "floor_ouln", "active_pip": 0, "licensed": 2, "com_floors": [1], "occ_floors": [1], "unknown_n": 0, "id": "1144010200102550005-1", "pnu": "1144010200102550005", "floors": 1, "height": 0.0}}, {"type": "Feature", "geometry": {"type": "Polygon", "coordinates": [[[126.9518682, 37.54224701], [126.95184968, 37.54220042], [126.9517665, 37.54222138], [126.95178785, 37.54226716], [126.9518682, 37.54224701]]]}, "properties": {"name": "도화동 25-5", "status": "empty", "capacity": 3, "active": 0, "industry": "", "vacancy_rate": 100.0, "source": "polygon_only", "capacity_method": "floor_approx", "active_pip": 0, "licensed": 0, "id": "1144010400100250005-1", "pnu": "1144010400100250005", "floors": 3, "height": 0.0}}, {"type": "Feature", "geometry": {"type": "Polygon", "coordinates": [[[126.95366922, 37.54505263], [126.9530846, 37.54493896], [126.95304872, 37.5451542], [126.95347653, 37.54520582], [126.9536623, 37.54508579], [126.95366922, 37.54505263]]]}, "properties": {"name": "제", "status": "high", "capacity": 128, "active": 29, "industry": "한식", "vacancy_rate": 77.3, "vacancy_rate_lo": null, "vacancy_rate_hi": null, "stores": 29, "source": "stores+ledger", "capacity_method": "expos_units", "active_pip": 0, "licensed": 0, "com_floors": null, "occ_floors": null, "unknown_n": null, "id": "1144010200102560005-8", "pnu": "1144010200102560005", "floors": 2, "height": 0.0}}, {"type": "Feature", "geometry": {"type": "Polygon", "coordinates": [[[126.95284727, 37.54555128], [126.95253035, 37.54512498], [126.95229186, 37.54523733], [126.95260662, 37.54566462], [126.95284727, 37.54555128]]]}, "properties": {"name": "신용보증기금빌딩", "status": "full", "capacity": 10, "active": 10, "industry": "기타 교육", "vacancy_rate": 0.0, "vacancy_rate_lo": 0.0, "vacancy_rate_hi": 10.0, "stores": 7, "source": "stores+ledger", "capacity_method": "floor_ouln", "active_pip": 0, "licensed": 3, "com_floors": [1, 3, 6, 11, 13, 14, 15, 16, 17, 19], "occ_floors": [1, 6, 11, 13, 14, 15, 16, 17, 19], "unknown_n": 1, "id": "1144010200102540005-1", "pnu": "1144010200102540005", "floors": 20, "height": 72.77}}, {"type": "Feature", "geometry": {"type": "Polygon", "coordinates": [[[126.95290338, 37.54089863], [126.95284341, 37.54089744], [126.95283635, 37.54096762], [126.95290334, 37.54096891], [126.95295052, 37.54096983], [126.9529526, 37.54089955], [126.95290338, 37.54089863]]]}, "properties": {"name": "도화동 2-16", "status": "empty", "capacity": 1, "active": 0, "industry": "", "vacancy_rate": 100.0, "source": "polygon_only", "capacity_method": "floor_approx", "active_pip": 0, "licensed": 0, "id": "1144010400100020016-1", "pnu": "1144010400100020016", "floors": 1, "height": 0.0}}, {"type": "Feature", "geometry": {"type": "Polygon", "coordinates": [[[126.95195032, 37.54441656], [126.9519129, 37.54436005], [126.95177922, 37.54442289], [126.95183677, 37.54449896], [126.95191747, 37.54446422], [126.95189995, 37.54443762], [126.95195032, 37.54441656]]]}, "properties": {"name": "공덕동 255-16", "status": "partial", "capacity": 2, "active": 1, "industry": "한식", "vacancy_rate": 50.0, "vacancy_rate_lo": 50.0, "vacancy_rate_hi": 50.0, "stores": 1, "source": "stores+ledger", "capacity_method": "floor_ouln", "active_pip": 0, "licensed": 0, "com_floors": [1, 2], "occ_floors": [2], "unknown_n": 0, "id": "1144010200102550016-2", "pnu": "1144010200102550016", "floors": 2, "height": 0.0}}, {"type": "Feature", "geometry": {"type": "Polygon", "coordinates": [[[126.95184773, 37.544525], [126.95182647, 37.5444976], [126.9517074, 37.54455278], [126.95172277, 37.54457162], [126.95172684, 37.54457847], [126.95175635, 37.54461894], [126.95187599, 37.54456367], [126.95184773, 37.544525]]]}, "properties": {"name": "공덕동 255-16", "status": "partial", "capacity": 2, "active": 1, "industry": "한식", "vacancy_rate": 50.0, "vacancy_rate_lo": 50.0, "vacancy_rate_hi": 50.0, "stores": 1, "source": "stores+ledger", "capacity_method": "floor_ouln", "active_pip": 0, "licensed": 0, "com_floors": [1, 2], "occ_floors": [2], "unknown_n": 0, "id": "1144010200102550016-3", "pnu": "1144010200102550016", "floors": 2, "height": 0.0}}, {"type": "Feature", "geometry": {"type": "Polygon", "coordinates": [[[126.95130176, 37.54102025], [126.95122328, 37.54094075], [126.95121151, 37.54094813], [126.95119625, 37.54093271], [126.95110297, 37.54099115], [126.95117466, 37.54106398], [126.95122478, 37.54106843], [126.95130176, 37.54102025]]]}, "properties": {"name": "상가", "status": "full", "capacity": 2, "active": 2, "industry": "한식", "vacancy_rate": 0.0, "vacancy_rate_lo": 0.0, "vacancy_rate_hi": 0.0, "stores": 2, "source": "stores+ledger", "capacity_method": "floor_ouln", "active_pip": 0, "licensed": 1, "com_floors": [1, 2], "occ_floors": [1, 2], "unknown_n": 0, "id": "1144010400102000001-2", "pnu": "1144010400102000001", "floors": 4, "height": 13.2}}, {"type": "Feature", "geometry": {"type": "Polygon", "coordinates": [[[126.95232557, 37.5447326], [126.95225027, 37.54462463], [126.95212236, 37.54468649], [126.95220005, 37.54478814], [126.95232557, 37.5447326]]]}, "properties": {"name": "공덕동 255-23", "status": "full", "capacity": 1, "active": 1, "industry": "연료 소매", "vacancy_rate": 0.0, "vacancy_rate_lo": 0.0, "vacancy_rate_hi": 0.0, "stores": 5, "source": "stores+ledger", "capacity_method": "floor_ouln", "active_pip": 0, "licensed": 2, "com_floors": [1], "occ_floors": [1], "unknown_n": 0, "id": "1144010200102550023-3", "pnu": "1144010200102550023", "floors": 1, "height": 0.0}}, {"type": "Feature", "geometry": {"type": "Polygon", "coordinates": [[[126.95393059, 37.54509589], [126.95383012, 37.54507747], [126.95381393, 37.54508422], [126.95387531, 37.54517778], [126.95393656, 37.54514157], [126.95393059, 37.54509589]]]}, "properties": {"name": "공덕동 256-17", "status": "partial", "capacity": 3, "active": 2, "industry": "식료품 소매", "vacancy_rate": 33.3, "vacancy_rate_lo": 33.3, "vacancy_rate_hi": 66.7, "stores": 3, "source": "stores+ledger", "capacity_method": "floor_ouln", "active_pip": 0, "licensed": 0, "com_floors": [1, 2, 3], "occ_floors": [1], "unknown_n": 1, "id": "1144010200102560017-1", "pnu": "1144010200102560017", "floors": 3, "height": 0.0}}, {"type": "Feature", "geometry": {"type": "Polygon", "coordinates": [[[126.95121755, 37.5417192], [126.95121484, 37.54169066], [126.95110671, 37.54170222], [126.95111416, 37.54173272], [126.95121755, 37.5417192]]]}, "properties": {"name": "도화동 194-22", "status": "full", "capacity": 1, "active": 1, "industry": "한식", "vacancy_rate": 0.0, "vacancy_rate_lo": 0.0, "vacancy_rate_hi": 0.0, "stores": 1, "source": "stores+ledger", "capacity_method": "floor_ouln", "active_pip": 0, "licensed": 1, "com_floors": [1], "occ_floors": [1], "unknown_n": 0, "id": "1144010400101940022-1", "pnu": "1144010400101940022", "floors": 0, "height": 0.0}}, {"type": "Feature", "geometry": {"type": "Polygon", "coordinates": [[[126.95094041, 37.54111146], [126.95090375, 37.541111], [126.95090328, 37.54113433], [126.95086299, 37.54114269], [126.95086433, 37.54117234], [126.95095044, 37.54116138], [126.95094041, 37.54111146]]]}, "properties": {"name": "도화동 195-5", "status": "full", "capacity": 1, "active": 1, "industry": "기타 간이", "vacancy_rate": 0.0, "vacancy_rate_lo": 0.0, "vacancy_rate_hi": 0.0, "stores": 1, "source": "stores+ledger", "capacity_method": "floor_ouln", "active_pip": 0, "licensed": 0, "com_floors": [1], "occ_floors": [1], "unknown_n": 0, "id": "1144010400101950005-2", "pnu": "1144010400101950005", "floors": 0, "height": 0.0}}, {"type": "Feature", "geometry": {"type": "Polygon", "coordinates": [[[126.95139437, 37.53884752], [126.95123062, 37.53871519], [126.9511319, 37.53879678], [126.95129418, 37.53892677], [126.95139437, 37.53884752]]]}, "properties": {"name": "현대홈타운", "status": "high", "capacity": 60, "active": 18, "industry": "기타 교육", "vacancy_rate": 70.0, "vacancy_rate_lo": null, "vacancy_rate_hi": null, "stores": 18, "source": "stores+ledger", "capacity_method": "expos_units", "active_pip": 0, "licensed": 0, "com_floors": null, "occ_floors": null, "unknown_n": null, "id": "1144010400103530000-3", "pnu": "1144010400103530000", "floors": 0, "height": 0.0}}, {"type": "Feature", "geometry": {"type": "Polygon", "coordinates": [[[126.95141788, 37.53924001], [126.95129144, 37.53914058], [126.95126201, 37.53916769], [126.95140428, 37.53926578], [126.95142194, 37.53924947], [126.95141391, 37.53924325], [126.95141788, 37.53924001]]]}, "properties": {"name": "가운데호", "status": "full", "capacity": 1, "active": 1, "industry": "비알코올 ", "vacancy_rate": 0.0, "vacancy_rate_lo": 0.0, "vacancy_rate_hi": 0.0, "stores": 2, "source": "stores+ledger", "capacity_method": "floor_ouln", "active_pip": 0, "licensed": 0, "com_floors": [1], "occ_floors": [1], "unknown_n": 0, "id": "1144010400100060036-1", "pnu": "1144010400100060036", "floors": 2, "height": 9.0}}, {"type": "Feature", "geometry": {"type": "Polygon", "coordinates": [[[126.95285806, 37.54289154], [126.95262879, 37.54255792], [126.95235203, 37.54267799], [126.95257849, 37.54301179], [126.95285806, 37.54289154]]]}, "properties": {"name": "KCC웰츠", "status": "partial", "capacity": 27, "active": 15, "industry": "이용·미용", "vacancy_rate": 44.4, "vacancy_rate_lo": null, "vacancy_rate_hi": null, "stores": 15, "source": "stores+ledger", "capacity_method": "expos_units", "active_pip": 0, "licensed": 0, "com_floors": null, "occ_floors": null, "unknown_n": null, "id": "1144010300101710000-2", "pnu": "1144010300101710000", "floors": 31, "height": 109.9}}, {"type": "Feature", "geometry": {"type": "Polygon", "coordinates": [[[126.95399582, 37.53913138], [126.95370664, 37.53906136], [126.95366641, 37.53916658], [126.95395468, 37.53923661], [126.95394844, 37.53925337], [126.95481911, 37.53946526], [126.9548607, 37.53935635], [126.95399106, 37.53914563], [126.95399582, 37.53913138]]]}, "properties": {"name": "도화현대아파트", "status": "high", "capacity": 69, "active": 15, "industry": "종합 소매", "vacancy_rate": 78.3, "vacancy_rate_lo": null, "vacancy_rate_hi": null, "stores": 15, "source": "stores+ledger", "capacity_method": "expos_units", "active_pip": 0, "licensed": 0, "com_floors": null, "occ_floors": null, "unknown_n": null, "id": "1144010400103570000-6", "pnu": "1144010400103570000", "floors": 15, "height": 0.0}}, {"type": "Feature", "geometry": {"type": "Polygon", "coordinates": [[[126.954512, 37.54288047], [126.95446005, 37.54280851], [126.95443473, 37.54282148], [126.95440169, 37.54277008], [126.95442131, 37.54276209], [126.95438626, 37.54270754], [126.95439387, 37.54270445], [126.95438258, 37.54268707], [126.95412702, 37.54279929], [126.95421848, 37.54293136], [126.95424115, 37.54292141], [126.95423718, 37.54291569], [126.95432498, 37.54287832], [126.95435622, 37.54292487], [126.95434786, 37.5429298], [126.9543576, 37.54294824], [126.954512, 37.54288047]]]}, "properties": {"name": "펜트라우스", "status": "partial", "capacity": 29, "active": 22, "industry": "한식", "vacancy_rate": 24.1, "vacancy_rate_lo": null, "vacancy_rate_hi": null, "stores": 22, "source": "stores+ledger", "capacity_method": "expos_units", "active_pip": 0, "licensed": 0, "com_floors": null, "occ_floors": null, "unknown_n": null, "id": "1144010300101720000-7", "pnu": "1144010300101720000", "floors": 0, "height": 0.0}}, {"type": "Feature", "geometry": {"type": "Polygon", "coordinates": [[[126.95320174, 37.53949211], [126.95329002, 37.53926365], [126.95315404, 37.53923026], [126.95312377, 37.53930854], [126.9531369, 37.53931179], [126.95310835, 37.53938566], [126.95309363, 37.53938214], [126.95306666, 37.53946394], [126.95320174, 37.53949211]]]}, "properties": {"name": "도화현대아파트", "status": "high", "capacity": 69, "active": 15, "industry": "종합 소매", "vacancy_rate": 78.3, "vacancy_rate_lo": null, "vacancy_rate_hi": null, "stores": 15, "source": "stores+ledger", "capacity_method": "expos_units", "active_pip": 0, "licensed": 0, "com_floors": null, "occ_floors": null, "unknown_n": null, "id": "1144010400103570000-7", "pnu": "1144010400103570000", "floors": 0, "height": 0.0}}, {"type": "Feature", "geometry": {"type": "Polygon", "coordinates": [[[126.9508117, 37.54154254], [126.95079733, 37.54154027], [126.95071563, 37.5415424], [126.95069772, 37.54159123], [126.95082353, 37.5416166], [126.9508117, 37.54154254]]]}, "properties": {"name": "도화동 182-16", "status": "partial", "capacity": 2, "active": 1, "industry": "", "vacancy_rate": 50.0, "source": "pip_only", "capacity_method": "floor_approx", "active_pip": 0, "licensed": 1, "id": "1144010400101820016-1", "pnu": "1144010400101820016", "floors": 2, "height": 0.0}}, {"type": "Feature", "geometry": {"type": "Polygon", "coordinates": [[[126.95441741, 37.54507203], [126.95424504, 37.54492689], [126.9541829, 37.54496111], [126.95420517, 37.54498788], [126.95415197, 37.54502615], [126.9541635, 37.5450376], [126.95415638, 37.54504345], [126.95417356, 37.54505887], [126.95422526, 37.54508195], [126.95439362, 37.54511823], [126.9544606, 37.54513088], [126.95447611, 37.54511836], [126.95441741, 37.54507203]]]}, "properties": {"name": "공덕동 256-23", "status": "full", "capacity": 9, "active": 9, "industry": "", "vacancy_rate": 0.0, "source": "pip_only", "capacity_method": "floor_approx", "active_pip": 9, "licensed": 1, "id": "1144010200102560023-1", "pnu": "1144010200102560023", "floors": 3, "height": 0.0}}, {"type": "Feature", "geometry": {"type": "Polygon", "coordinates": [[[126.95250146, 37.54108615], [126.95242004, 37.54101548], [126.952382, 37.54104322], [126.95242237, 37.54107899], [126.95242226, 37.54108153], [126.9524468, 37.5411028], [126.95243967, 37.54110793], [126.95245426, 37.54112055], [126.95250146, 37.54108615]]]}, "properties": {"name": "도화동 185-12", "status": "full", "capacity": 1, "active": 1, "industry": "세탁", "vacancy_rate": 0.0, "vacancy_rate_lo": 0.0, "vacancy_rate_hi": 100.0, "stores": 1, "source": "stores+ledger", "capacity_method": "floor_ouln", "active_pip": 0, "licensed": 0, "com_floors": [1], "occ_floors": [], "unknown_n": 1, "id": "1144010400101850012-1", "pnu": "1144010400101850012", "floors": 3, "height": 0.0}}, {"type": "Feature", "geometry": {"type": "Polygon", "coordinates": [[[126.95110054, 37.541757], [126.95108994, 37.54170375], [126.95094249, 37.54172243], [126.95095287, 37.54177424], [126.95110054, 37.541757]]]}, "properties": {"name": "도화동 194-18", "status": "full", "capacity": 1, "active": 1, "industry": "한식", "vacancy_rate": 0.0, "vacancy_rate_lo": 0.0, "vacancy_rate_hi": 0.0, "stores": 1, "source": "stores+ledger", "capacity_method": "floor_ouln", "active_pip": 0, "licensed": 1, "com_floors": [1], "occ_floors": [1], "unknown_n": 0, "id": "1144010400101940018-2", "pnu": "1144010400101940018", "floors": 1, "height": 3.5}}, {"type": "Feature", "geometry": {"type": "Polygon", "coordinates": [[[126.94918011, 37.53960785], [126.94913362, 37.53957746], [126.94911756, 37.53957755], [126.94910216, 37.53959115], [126.94909662, 37.53958718], [126.94905167, 37.53962734], [126.94905823, 37.53963149], [126.94904328, 37.53964689], [126.94905267, 37.53965266], [126.94904735, 37.53965824], [126.94909666, 37.53968881], [126.94918011, 37.53960785]]]}, "properties": {"name": "도화동 7-6", "status": "full", "capacity": 2, "active": 2, "industry": "식물 소매", "vacancy_rate": 0.0, "vacancy_rate_lo": 0.0, "vacancy_rate_hi": 0.0, "stores": 4, "source": "stores+ledger", "capacity_method": "floor_ouln", "active_pip": 0, "licensed": 2, "com_floors": [1, 2], "occ_floors": [1, 2], "unknown_n": 0, "id": "1144010400100070006-1", "pnu": "1144010400100070006", "floors": 4, "height": 0.0}}, {"type": "Feature", "geometry": {"type": "Polygon", "coordinates": [[[126.95013632, 37.54202123], [126.95000005, 37.54192125], [126.94995733, 37.5418899], [126.94996507, 37.54188288], [126.94961248, 37.54163634], [126.94945376, 37.54177155], [126.94984771, 37.5420676], [126.94990143, 37.5420201], [126.95000005, 37.54209084], [126.95003051, 37.54211268], [126.95013632, 37.54202123]]]}, "properties": {"name": "자람빌딩", "status": "full", "capacity": 5, "active": 5, "industry": "기타 교육", "vacancy_rate": 0.0, "vacancy_rate_lo": 0.0, "vacancy_rate_hi": 0.0, "stores": 8, "source": "stores+ledger", "capacity_method": "floor_ouln", "active_pip": 0, "licensed": 3, "com_floors": [1, 2, 3, 4, 6], "occ_floors": [1, 2, 3, 4, 6], "unknown_n": 0, "id": "1144010400105660000-1", "pnu": "1144010400105660000", "floors": 20, "height": 91.5}}, {"type": "Feature", "geometry": {"type": "Polygon", "coordinates": [[[126.95232721, 37.54091264], [126.95231749, 37.54090372], [126.95230153, 37.5409029], [126.95229191, 37.5409056], [126.95226464, 37.54089649], [126.95225978, 37.54090234], [126.95222093, 37.54095774], [126.95223892, 37.54096576], [126.95223507, 37.54097126], [126.95227319, 37.54098821], [126.95229482, 37.54095605], [126.95228826, 37.54095326], [126.95230117, 37.54093398], [126.95231158, 37.54093227], [126.95231905, 37.54092957], [126.95232675, 37.54092264], [126.95232721, 37.54091264]]]}, "properties": {"name": "도화동 185-26", "status": "empty", "capacity": 3, "active": 0, "industry": "", "vacancy_rate": 100.0, "source": "polygon_only", "capacity_method": "floor_approx", "active_pip": 0, "licensed": 0, "id": "1144010400101850026-1", "pnu": "1144010400101850026", "floors": 3, "height": 11.6}}, {"type": "Feature", "geometry": {"type": "Polygon", "coordinates": [[[126.95046062, 37.5387017], [126.95048857, 37.53864113], [126.95039307, 37.53860716], [126.95038099, 37.53862547], [126.95039233, 37.5386336], [126.95036777, 37.53864897], [126.95039281, 37.53867436], [126.95039759, 37.538672], [126.95043242, 37.53871677], [126.95046062, 37.5387017]]]}, "properties": {"name": "도화동 347-66", "status": "partial", "capacity": 2, "active": 1, "industry": "기타 교육", "vacancy_rate": 50.0, "vacancy_rate_lo": 50.0, "vacancy_rate_hi": 50.0, "stores": 1, "source": "stores+ledger", "capacity_method": "floor_ouln", "active_pip": 0, "licensed": 0, "com_floors": [2, 3], "occ_floors": [3], "unknown_n": 0, "id": "1144010400103470066-1", "pnu": "1144010400103470066", "floors": 4, "height": 11.5}}, {"type": "Feature", "geometry": {"type": "Polygon", "coordinates": [[[126.95395783, 37.54054721], [126.9538483, 37.54054338], [126.95384292, 37.54064122], [126.95395245, 37.54064505], [126.95395783, 37.54054721]]]}, "properties": {"name": "도화동 2-42", "status": "empty", "capacity": 2, "active": 0, "industry": "", "vacancy_rate": 100.0, "source": "polygon_only", "capacity_method": "floor_approx", "active_pip": 0, "licensed": 0, "id": "1144010400100020042-1", "pnu": "1144010400100020042", "floors": 2, "height": 0.0}}, {"type": "Feature", "geometry": {"type": "Polygon", "coordinates": [[[126.95159622, 37.54059518], [126.95148923, 37.54054739], [126.95144245, 37.54059422], [126.95155977, 37.54064445], [126.95159622, 37.54059518]]]}, "properties": {"name": "도화동 200-14", "status": "full", "capacity": 1, "active": 1, "industry": "일식", "vacancy_rate": 0.0, "vacancy_rate_lo": 0.0, "vacancy_rate_hi": 0.0, "stores": 1, "source": "stores+ledger", "capacity_method": "floor_ouln", "active_pip": 0, "licensed": 1, "com_floors": [1], "occ_floors": [1], "unknown_n": 0, "id": "1144010400102000014-1", "pnu": "1144010400102000014", "floors": 4, "height": 0.0}}, {"type": "Feature", "geometry": {"type": "Polygon", "coordinates": [[[126.95124655, 37.54083101], [126.95120901, 37.54079532], [126.9511952, 37.5408045], [126.95118559, 37.54079531], [126.95106989, 37.54089275], [126.95107042, 37.54094122], [126.95109948, 37.540967], [126.95125967, 37.54085282], [126.95123988, 37.54083534], [126.95124655, 37.54083101]]]}, "properties": {"name": "도화동 200-17", "status": "full", "capacity": 3, "active": 3, "industry": "기타 간이", "vacancy_rate": 0.0, "vacancy_rate_lo": 0.0, "vacancy_rate_hi": 0.0, "stores": 5, "source": "stores+ledger", "capacity_method": "floor_ouln", "active_pip": 0, "licensed": 2, "com_floors": [1, 2, 3], "occ_floors": [1, 2, 3], "unknown_n": 0, "id": "1144010400102000017-1", "pnu": "1144010400102000017", "floors": 5, "height": 14.0}}, {"type": "Feature", "geometry": {"type": "Polygon", "coordinates": [[[126.95017907, 37.54136621], [126.95023534, 37.54131677], [126.95025728, 37.54133255], [126.95030426, 37.54129121], [126.95022284, 37.54123171], [126.95011212, 37.54131699], [126.95013881, 37.54133502], [126.95013699, 37.54133673], [126.95013688, 37.54134133], [126.9501414, 37.54134556], [126.95014604, 37.54134755], [126.95015498, 37.54134773], [126.95017907, 37.54136621]]]}, "properties": {"name": "도화동 6-69", "status": "empty", "capacity": 2, "active": 0, "industry": "", "vacancy_rate": 100.0, "source": "polygon_only", "capacity_method": "floor_approx", "active_pip": 0, "licensed": 0, "id": "1144010400100060069-1", "pnu": "1144010400100060069", "floors": 2, "height": 0.0}}, {"type": "Feature", "geometry": {"type": "Polygon", "coordinates": [[[126.95037871, 37.54146631], [126.95036381, 37.54141143], [126.95024928, 37.54144103], [126.95025875, 37.54149103], [126.95037871, 37.54146631]]]}, "properties": {"name": "일부", "status": "full", "capacity": 1, "active": 1, "industry": "비알코올 ", "vacancy_rate": 0.0, "vacancy_rate_lo": 0.0, "vacancy_rate_hi": 0.0, "stores": 2, "source": "stores+ledger", "capacity_method": "floor_ouln", "active_pip": 0, "licensed": 2, "com_floors": [1], "occ_floors": [1], "unknown_n": 0, "id": "1144010400101820005-1", "pnu": "1144010400101820005", "floors": 1, "height": 3.8}}, {"type": "Feature", "geometry": {"type": "Polygon", "coordinates": [[[126.95172474, 37.54204162], [126.95169932, 37.5419761], [126.95163221, 37.54199274], [126.95163537, 37.54200103], [126.9516124, 37.5420067], [126.9516211, 37.54202914], [126.95162381, 37.54202841], [126.95163635, 37.54206483], [126.95172474, 37.54204162]]]}, "properties": {"name": "도화동 183-15", "status": "full", "capacity": 4, "active": 4, "industry": "주점", "vacancy_rate": 0.0, "vacancy_rate_lo": 0.0, "vacancy_rate_hi": 25.0, "stores": 4, "source": "stores+ledger", "capacity_method": "floor_ouln", "active_pip": 0, "licensed": 3, "com_floors": [1, 2, 3, 5], "occ_floors": [1, 2, 5], "unknown_n": 1, "id": "1144010400101830015-1", "pnu": "1144010400101830015", "floors": 5, "height": 16.4}}, {"type": "Feature", "geometry": {"type": "Polygon", "coordinates": [[[126.95126441, 37.54207269], [126.95127405, 37.54203863], [126.95128401, 37.54204044], [126.95128054, 37.54198908], [126.95123052, 37.54200005], [126.95120414, 37.54198735], [126.95114276, 37.5420396], [126.9511842, 37.54206022], [126.95122379, 37.54207015], [126.95126441, 37.54207269]]]}, "properties": {"name": "도화동 183-11", "status": "full", "capacity": 4, "active": 4, "industry": "한식", "vacancy_rate": 0.0, "vacancy_rate_lo": null, "vacancy_rate_hi": null, "stores": 4, "source": "stores+ledger", "capacity_method": "expos_units", "active_pip": 0, "licensed": 3, "com_floors": null, "occ_floors": null, "unknown_n": null, "id": "1144010400101830011-1", "pnu": "1144010400101830011", "floors": 2, "height": 0.0}}, {"type": "Feature", "geometry": {"type": "Polygon", "coordinates": [[[126.95084778, 37.54276944], [126.9507501, 37.54264974], [126.95068252, 37.54268468], [126.95057748, 37.54255588], [126.95064449, 37.54252132], [126.95054613, 37.54240072], [126.95033332, 37.54251091], [126.95056827, 37.5427987], [126.95063351, 37.54287891], [126.95079107, 37.54279878], [126.95084778, 37.54276944]]]}, "properties": {"name": "창강빌딩", "status": "full", "capacity": 7, "active": 7, "industry": "식료품 소매", "vacancy_rate": 0.0, "vacancy_rate_lo": 0.0, "vacancy_rate_hi": 0.0, "stores": 5, "source": "stores+ledger", "capacity_method": "floor_ouln", "active_pip": 0, "licensed": 1, "com_floors": [1, 7, 8, 10, 11, 13, 16], "occ_floors": [1, 7, 8, 10, 11, 13, 16], "unknown_n": 0, "id": "1144010400100220000-1", "pnu": "1144010400100220000", "floors": 19, "height": 0.0}}, {"type": "Feature", "geometry": {"type": "Polygon", "coordinates": [[[126.95179, 37.54227428], [126.95176514, 37.54222012], [126.9516359, 37.54224611], [126.95169028, 37.54232307], [126.95177867, 37.54228347], [126.95177653, 37.54228031], [126.95179, 37.54227428]]]}, "properties": {"name": "도화동 25-4", "status": "full", "capacity": 2, "active": 2, "industry": "주점", "vacancy_rate": 0.0, "vacancy_rate_lo": 0.0, "vacancy_rate_hi": 0.0, "stores": 3, "source": "stores+ledger", "capacity_method": "floor_ouln", "active_pip": 0, "licensed": 2, "com_floors": [1, 2], "occ_floors": [1, 2], "unknown_n": 0, "id": "1144010400100250004-1", "pnu": "1144010400100250004", "floors": 2, "height": 6.0}}, {"type": "Feature", "geometry": {"type": "Polygon", "coordinates": [[[126.95136946, 37.54095657], [126.95130128, 37.54089537], [126.95124682, 37.54093391], [126.95131286, 37.54099313], [126.95136946, 37.54095657]]]}, "properties": {"name": "상가", "status": "full", "capacity": 2, "active": 2, "industry": "한식", "vacancy_rate": 0.0, "vacancy_rate_lo": 0.0, "vacancy_rate_hi": 0.0, "stores": 2, "source": "stores+ledger", "capacity_method": "floor_ouln", "active_pip": 0, "licensed": 1, "com_floors": [1, 2], "occ_floors": [1, 2], "unknown_n": 0, "id": "1144010400102000001-3", "pnu": "1144010400102000001", "floors": 2, "height": 0.0}}, {"type": "Feature", "geometry": {"type": "Polygon", "coordinates": [[[126.95283432, 37.54095456], [126.95277752, 37.54095291], [126.95277129, 37.54096579], [126.95274561, 37.54096632], [126.95274672, 37.54100056], [126.95283316, 37.54100204], [126.95283432, 37.54095456]]]}, "properties": {"name": "도화동 2-16", "status": "empty", "capacity": 1, "active": 0, "industry": "", "vacancy_rate": 100.0, "source": "polygon_only", "capacity_method": "floor_approx", "active_pip": 0, "licensed": 0, "id": "1144010400100020016-2", "pnu": "1144010400100020016", "floors": 1, "height": 0.0}}, {"type": "Feature", "geometry": {"type": "Polygon", "coordinates": [[[126.9532259, 37.53903441], [126.9529037, 37.53895535], [126.95291209, 37.53893112], [126.95290337, 37.53892905], [126.95258808, 37.53885197], [126.95254898, 37.53895396], [126.95281574, 37.53902911], [126.9528189, 37.53902091], [126.95286518, 37.5390321], [126.95286177, 37.53905958], [126.95317424, 37.53913566], [126.95318566, 37.53913846], [126.9532259, 37.53903441]]]}, "properties": {"name": "도화현대아파트", "status": "high", "capacity": 69, "active": 15, "industry": "종합 소매", "vacancy_rate": 78.3, "vacancy_rate_lo": null, "vacancy_rate_hi": null, "stores": 15, "source": "stores+ledger", "capacity_method": "expos_units", "active_pip": 0, "licensed": 0, "com_floors": null, "occ_floors": null, "unknown_n": null, "id": "1144010400103570000-8", "pnu": "1144010400103570000", "floors": 15, "height": 0.0}}, {"type": "Feature", "geometry": {"type": "Polygon", "coordinates": [[[126.95094036, 37.53945127], [126.95102935, 37.53937599], [126.95069809, 37.53913474], [126.9506125, 37.53921355], [126.95063398, 37.53922968], [126.95063172, 37.53923167], [126.95066926, 37.53925989], [126.95067414, 37.53925574], [126.95071621, 37.53928729], [126.95071452, 37.53928873], [126.95075013, 37.53931532], [126.95075263, 37.53931317], [126.9507999, 37.53934869], [126.95079673, 37.53935138], [126.95083281, 37.53937843], [126.9508379, 37.53937402], [126.9508802, 37.53940575], [126.95087759, 37.53940792], [126.95091344, 37.53943478], [126.95091571, 37.53943279], [126.95094036, 37.53945127]]]}, "properties": {"name": "삼성아파트", "status": "high", "capacity": 168, "active": 35, "industry": "의원", "vacancy_rate": 79.2, "vacancy_rate_lo": null, "vacancy_rate_hi": null, "stores": 35, "source": "stores+ledger", "capacity_method": "expos_units", "active_pip": 0, "licensed": 0, "com_floors": null, "occ_floors": null, "unknown_n": null, "id": "1144010400105500000-13", "pnu": "1144010400105500000", "floors": 17, "height": 46.6}}, {"type": "Feature", "geometry": {"type": "Polygon", "coordinates": [[[126.95290336, 37.53948361], [126.95243285, 37.5393717], [126.95240689, 37.53944079], [126.9523837, 37.53943529], [126.95236625, 37.53947826], [126.95289288, 37.53960732], [126.95283428, 37.5397665], [126.95283043, 37.53977722], [126.9529034, 37.53979374], [126.95295906, 37.53980637], [126.9530205, 37.53963466], [126.95297366, 37.53962555], [126.95298137, 37.53960069], [126.95295501, 37.53959562], [126.95298732, 37.53950364], [126.95290336, 37.53948361]]]}, "properties": {"name": "도화현대아파트", "status": "high", "capacity": 69, "active": 15, "industry": "종합 소매", "vacancy_rate": 78.3, "vacancy_rate_lo": null, "vacancy_rate_hi": null, "stores": 15, "source": "stores+ledger", "capacity_method": "expos_units", "active_pip": 0, "licensed": 0, "com_floors": null, "occ_floors": null, "unknown_n": null, "id": "1144010400103570000-9", "pnu": "1144010400103570000", "floors": 15, "height": 0.0}}, {"type": "Feature", "geometry": {"type": "Polygon", "coordinates": [[[126.95405531, 37.54027758], [126.95384161, 37.5402092], [126.95383175, 37.54022514], [126.9536219, 37.54015316], [126.9536142, 37.54016252], [126.95333647, 37.5400761], [126.95334293, 37.54006313], [126.95320334, 37.54001785], [126.95315077, 37.54012054], [126.95321728, 37.54014579], [126.9532012, 37.54017264], [126.95327303, 37.54019988], [126.95328572, 37.54017915], [126.9535131, 37.54025132], [126.95350394, 37.54026961], [126.95355269, 37.54028504], [126.9535665, 37.54026098], [126.9535793, 37.54026513], [126.95400149, 37.54038433], [126.95405531, 37.54027758]]]}, "properties": {"name": "도화현대아파트", "status": "high", "capacity": 16, "active": 1, "industry": "기타 간이", "vacancy_rate": 93.8, "vacancy_rate_lo": null, "vacancy_rate_hi": null, "stores": 1, "source": "stores+ledger", "capacity_method": "expos_units", "active_pip": 0, "licensed": 1, "com_floors": null, "occ_floors": null, "unknown_n": null, "id": "1144010400105470000-4", "pnu": "1144010400105470000", "floors": 17, "height": 45.6}}, {"type": "Feature", "geometry": {"type": "Polygon", "coordinates": [[[126.95096767, 37.54060159], [126.95098499, 37.54058412], [126.95098895, 37.54058656], [126.95102371, 37.54055729], [126.95101896, 37.54055368], [126.9510579, 37.54052099], [126.95106073, 37.54052307], [126.95109651, 37.54049308], [126.95109051, 37.54048857], [126.95113263, 37.54045318], [126.95113489, 37.54045489], [126.95117225, 37.54042364], [126.95116875, 37.54042103], [126.95120622, 37.5403896], [126.95121006, 37.54039258], [126.95124595, 37.54036241], [126.95124233, 37.5403597], [126.95126894, 37.54033737], [126.95117201, 37.54026975], [126.9508686, 37.5405338], [126.95096767, 37.54060159]]]}, "properties": {"name": "삼성아파트", "status": "high", "capacity": 168, "active": 35, "industry": "의원", "vacancy_rate": 79.2, "vacancy_rate_lo": null, "vacancy_rate_hi": null, "stores": 35, "source": "stores+ledger", "capacity_method": "expos_units", "active_pip": 0, "licensed": 0, "com_floors": null, "occ_floors": null, "unknown_n": null, "id": "1144010400105500000-14", "pnu": "1144010400105500000", "floors": 17, "height": 46.6}}, {"type": "Feature", "geometry": {"type": "Polygon", "coordinates": [[[126.95274988, 37.53974161], [126.95270889, 37.53973211], [126.95269988, 37.5397526], [126.95274197, 37.53976078], [126.95274988, 37.53974161]]]}, "properties": {"name": "도화현대아파트", "status": "high", "capacity": 69, "active": 15, "industry": "종합 소매", "vacancy_rate": 78.3, "vacancy_rate_lo": null, "vacancy_rate_hi": null, "stores": 15, "source": "stores+ledger", "capacity_method": "expos_units", "active_pip": 0, "licensed": 0, "com_floors": null, "occ_floors": null, "unknown_n": null, "id": "1144010400103570000-10", "pnu": "1144010400103570000", "floors": 0, "height": 0.0}}, {"type": "Feature", "geometry": {"type": "Polygon", "coordinates": [[[126.95194531, 37.53969964], [126.95189304, 37.5396926], [126.95187953, 37.53975611], [126.9518879, 37.53975728], [126.95187066, 37.53983792], [126.95192201, 37.53985235], [126.95194807, 37.53980155], [126.95195781, 37.53977678], [126.95196099, 37.53976308], [126.95194531, 37.53969964]]]}, "properties": {"name": "도화동 2-342", "status": "full", "capacity": 1, "active": 1, "industry": "이용·미용", "vacancy_rate": 0.0, "vacancy_rate_lo": 0.0, "vacancy_rate_hi": 100.0, "stores": 1, "source": "stores+ledger", "capacity_method": "floor_ouln", "active_pip": 0, "licensed": 0, "com_floors": [1], "occ_floors": [], "unknown_n": 1, "id": "1144010400100020342-1", "pnu": "1144010400100020342", "floors": 2, "height": 0.0}}, {"type": "Feature", "geometry": {"type": "Polygon", "coordinates": [[[126.95336408, 37.54045679], [126.95326543, 37.54041854], [126.9532626, 37.54042314], [126.95319404, 37.54039653], [126.9531262, 37.54049678], [126.95325369, 37.54055819], [126.95334233, 37.54049264], [126.95336408, 37.54045679]]]}, "properties": {"name": "도화동 2-93", "status": "empty", "capacity": 3, "active": 0, "industry": "", "vacancy_rate": 100.0, "source": "polygon_only", "capacity_method": "floor_approx", "active_pip": 0, "licensed": 0, "id": "1144010400100020093-1", "pnu": "1144010400100020093", "floors": 3, "height": 0.0}}, {"type": "Feature", "geometry": {"type": "Polygon", "coordinates": [[[126.95104129, 37.54169769], [126.95102155, 37.54161299], [126.95097798, 37.54161937], [126.9509878, 37.54166127], [126.95092341, 37.54167016], [126.95092858, 37.54171431], [126.95104129, 37.54169769]]]}, "properties": {"name": "도화동 194-8", "status": "full", "capacity": 1, "active": 1, "industry": "한식", "vacancy_rate": 0.0, "vacancy_rate_lo": 0.0, "vacancy_rate_hi": 100.0, "stores": 1, "source": "stores+ledger", "capacity_method": "floor_ouln", "active_pip": 0, "licensed": 0, "com_floors": [1], "occ_floors": [], "unknown_n": 1, "id": "1144010400101940008-2", "pnu": "1144010400101940008", "floors": 1, "height": 0.0}}, {"type": "Feature", "geometry": {"type": "Polygon", "coordinates": [[[126.95289775, 37.54175538], [126.95286104, 37.54164861], [126.95277764, 37.54166642], [126.95280983, 37.541775], [126.95289775, 37.54175538]]]}, "properties": {"name": "화빌딩", "status": "full", "capacity": 2, "active": 2, "industry": "한식", "vacancy_rate": 0.0, "vacancy_rate_lo": 0.0, "vacancy_rate_hi": 0.0, "stores": 4, "source": "stores+ledger", "capacity_method": "floor_ouln", "active_pip": 0, "licensed": 1, "com_floors": [2, 4], "occ_floors": [2, 4], "unknown_n": 0, "id": "1144010400100260005-1", "pnu": "1144010400100260005", "floors": 6, "height": 17.65}}, {"type": "Feature", "geometry": {"type": "Polygon", "coordinates": [[[126.95268114, 37.54182874], [126.95266034, 37.54177133], [126.95259957, 37.54178491], [126.95259232, 37.54179248], [126.95257353, 37.54180545], [126.95251445, 37.54185218], [126.95252892, 37.54186372], [126.95268114, 37.54182874]]]}, "properties": {"name": "도화동 26-1", "status": "full", "capacity": 2, "active": 2, "industry": "일반 숙박", "vacancy_rate": 0.0, "vacancy_rate_lo": 0.0, "vacancy_rate_hi": 0.0, "stores": 5, "source": "stores+ledger", "capacity_method": "floor_ouln", "active_pip": 0, "licensed": 2, "com_floors": [1, 3], "occ_floors": [1, 3], "unknown_n": 0, "id": "1144010400100260001-1", "pnu": "1144010400100260001", "floors": 3, "height": 10.0}}, {"type": "Feature", "geometry": {"type": "Polygon", "coordinates": [[[126.94955091, 37.54110187], [126.94948305, 37.54105228], [126.94934301, 37.54116962], [126.94938089, 37.54119829], [126.94937784, 37.54119973], [126.94940713, 37.54122073], [126.94955091, 37.54110187]]]}, "properties": {"name": "우측", "status": "partial", "capacity": 5, "active": 4, "industry": "의약·화장품 소매", "vacancy_rate": 20.0, "vacancy_rate_lo": 20.0, "vacancy_rate_hi": 40.0, "stores": 5, "source": "stores+ledger", "capacity_method": "floor_ouln", "active_pip": 0, "licensed": 1, "com_floors": [1, 2, 3, 4, 5], "occ_floors": [1, 2, 4], "unknown_n": 1, "id": "1144010400101790014-1", "pnu": "1144010400101790014", "floors": 5, "height": 0.0}}, {"type": "Feature", "geometry": {"type": "Polygon", "coordinates": [[[126.94998111, 37.54049078], [126.9499577, 37.5404723], [126.94991774, 37.54050778], [126.94994285, 37.54052247], [126.94998111, 37.54049078]]]}, "properties": {"name": "삼성아파트", "status": "high", "capacity": 168, "active": 35, "industry": "의원", "vacancy_rate": 79.2, "vacancy_rate_lo": null, "vacancy_rate_hi": null, "stores": 35, "source": "stores+ledger", "capacity_method": "expos_units", "active_pip": 0, "licensed": 0, "com_floors": null, "occ_floors": null, "unknown_n": null, "id": "1144010400105500000-15", "pnu": "1144010400105500000", "floors": 0, "height": 0.0}}, {"type": "Feature", "geometry": {"type": "Polygon", "coordinates": [[[126.95118299, 37.53917295], [126.95120252, 37.5391548], [126.95122428, 37.53917275], [126.95127781, 37.53912157], [126.95122938, 37.53908661], [126.95114233, 37.53916666], [126.95115855, 37.53917781], [126.95118299, 37.53917295]]]}, "properties": {"name": "도화동 6-38", "status": "full", "capacity": 3, "active": 3, "industry": "기타 교육", "vacancy_rate": 0.0, "vacancy_rate_lo": 0.0, "vacancy_rate_hi": 66.7, "stores": 4, "source": "stores+ledger", "capacity_method": "floor_ouln", "active_pip": 0, "licensed": 1, "com_floors": [1, 2, 3], "occ_floors": [1], "unknown_n": 2, "id": "1144010400100060038-1", "pnu": "1144010400100060038", "floors": 3, "height": 7.95}}, {"type": "Feature", "geometry": {"type": "Polygon", "coordinates": [[[126.94973877, 37.5412288], [126.94955238, 37.5411016], [126.94947902, 37.54116328], [126.94962808, 37.54126444], [126.94944024, 37.54143518], [126.94947101, 37.54146007], [126.94953121, 37.54145847], [126.94973997, 37.54128287], [126.94973877, 37.5412288]]]}, "properties": {"name": "일부", "status": "full", "capacity": 1, "active": 1, "industry": "한식", "vacancy_rate": 0.0, "vacancy_rate_lo": 0.0, "vacancy_rate_hi": 0.0, "stores": 6, "source": "stores+ledger", "capacity_method": "floor_ouln", "active_pip": 0, "licensed": 6, "com_floors": [1], "occ_floors": [1], "unknown_n": 0, "id": "1144010400101790001-2", "pnu": "1144010400101790001", "floors": 1, "height": 0.0}}, {"type": "Feature", "geometry": {"type": "Polygon", "coordinates": [[[126.95391649, 37.54134467], [126.95378671, 37.54134326], [126.95379776, 37.54140607], [126.95391795, 37.54136179], [126.95392508, 37.54135647], [126.95392701, 37.54134593], [126.95391649, 37.54134467]]]}, "properties": {"name": "도화동 4-66", "status": "full", "capacity": 3, "active": 3, "industry": "식물 소매", "vacancy_rate": 0.0, "vacancy_rate_lo": 0.0, "vacancy_rate_hi": 0.0, "stores": 2, "source": "stores+ledger", "capacity_method": "floor_ouln", "active_pip": 0, "licensed": 0, "com_floors": [2, 3, 4], "occ_floors": [2, 3, 4], "unknown_n": 0, "id": "1144010400100040066-1", "pnu": "1144010400100040066", "floors": 5, "height": 17.2}}, {"type": "Feature", "geometry": {"type": "Polygon", "coordinates": [[[126.95164593, 37.53879609], [126.95132386, 37.53853143], [126.95129409, 37.5385552], [126.95113248, 37.53842557], [126.95103015, 37.53850553], [126.95119356, 37.53863814], [126.95121937, 37.53861698], [126.95154234, 37.53887606], [126.95164593, 37.53879609]]]}, "properties": {"name": "현대홈타운", "status": "high", "capacity": 60, "active": 18, "industry": "기타 교육", "vacancy_rate": 70.0, "vacancy_rate_lo": null, "vacancy_rate_hi": null, "stores": 18, "source": "stores+ledger", "capacity_method": "expos_units", "active_pip": 0, "licensed": 0, "com_floors": null, "occ_floors": null, "unknown_n": null, "id": "1144010400103530000-4", "pnu": "1144010400103530000", "floors": 20, "height": 54.0}}, {"type": "Feature", "geometry": {"type": "Polygon", "coordinates": [[[126.94646039, 37.54374936], [126.94669058, 37.54362379], [126.94665745, 37.54357915], [126.94699049, 37.54340395], [126.94686313, 37.54326435], [126.94630822, 37.54356981], [126.94646039, 37.54374936]]]}, "properties": {"name": "염리동 172-8", "status": "high", "capacity": 3, "active": 1, "industry": "기타 교육", "vacancy_rate": 66.7, "vacancy_rate_lo": 66.7, "vacancy_rate_hi": 66.7, "stores": 2, "source": "stores+ledger", "capacity_method": "floor_ouln", "active_pip": 0, "licensed": 0, "com_floors": [1, 2, 5], "occ_floors": [5], "unknown_n": 0, "id": "1144010900101720008-1", "pnu": "1144010900101720008", "floors": 5, "height": 27.75}}, {"type": "Feature", "geometry": {"type": "Polygon", "coordinates": [[[126.95218505, 37.54220984], [126.95214109, 37.54213251], [126.95205327, 37.54215635], [126.95210866, 37.54224143], [126.95218505, 37.54220984]]]}, "properties": {"name": "도화동 25-10", "status": "partial", "capacity": 3, "active": 2, "industry": "의약·화장품 소매", "vacancy_rate": 33.3, "vacancy_rate_lo": 33.3, "vacancy_rate_hi": 33.3, "stores": 2, "source": "stores+ledger", "capacity_method": "floor_ouln", "active_pip": 0, "licensed": 0, "com_floors": [1, 2, 3], "occ_floors": [1, 3], "unknown_n": 0, "id": "1144010400100250010-1", "pnu": "1144010400100250010", "floors": 3, "height": 0.0}}, {"type": "Feature", "geometry": {"type": "Polygon", "coordinates": [[[126.95483283, 37.54372456], [126.95490097, 37.54370152], [126.95490855, 37.54371252], [126.9549734, 37.54368406], [126.95496435, 37.54366109], [126.95501664, 37.54364301], [126.95488132, 37.54344239], [126.9547644, 37.54348595], [126.95476293, 37.54349001], [126.9547618, 37.54349576], [126.95476326, 37.54349811], [126.95471346, 37.54352872], [126.95483283, 37.54372456]]]}, "properties": {"name": "신공덕래미안1차", "status": "high", "capacity": 74, "active": 21, "industry": "기타 교육", "vacancy_rate": 71.6, "vacancy_rate_lo": null, "vacancy_rate_hi": null, "stores": 21, "source": "stores+ledger", "capacity_method": "expos_units", "active_pip": 0, "licensed": 0, "com_floors": null, "occ_floors": null, "unknown_n": null, "id": "1144010300101550000-5", "pnu": "1144010300101550000", "floors": 4, "height": 12.3}}, {"type": "Feature", "geometry": {"type": "Polygon", "coordinates": [[[126.9515969, 37.54160957], [126.95149153, 37.54149367], [126.95147383, 37.54150387], [126.95145282, 37.54148077], [126.95142966, 37.54149413], [126.95144026, 37.54150579], [126.95142394, 37.54151519], [126.95146219, 37.54155726], [126.95145699, 37.54156366], [126.95151706, 37.54163258], [126.95150471, 37.54163941], [126.95153999, 37.54167305], [126.9515947, 37.54164286], [126.9515969, 37.54160957]]]}, "properties": {"name": "도화동 194-26", "status": "full", "capacity": 1, "active": 1, "industry": "기타 숙박", "vacancy_rate": 0.0, "vacancy_rate_lo": 0.0, "vacancy_rate_hi": 0.0, "stores": 2, "source": "stores+ledger", "capacity_method": "floor_ouln", "active_pip": 0, "licensed": 1, "com_floors": [1], "occ_floors": [1], "unknown_n": 0, "id": "1144010400101940026-1", "pnu": "1144010400101940026", "floors": 4, "height": 14.86}}, {"type": "Feature", "geometry": {"type": "Polygon", "coordinates": [[[126.95433552, 37.54093415], [126.95425031, 37.54093331], [126.95424902, 37.54101692], [126.95433988, 37.54101371], [126.95433552, 37.54093415]]]}, "properties": {"name": "도화동 2-4", "status": "full", "capacity": 1, "active": 1, "industry": "이용·미용", "vacancy_rate": 0.0, "vacancy_rate_lo": 0.0, "vacancy_rate_hi": 0.0, "stores": 1, "source": "stores+ledger", "capacity_method": "floor_ouln", "active_pip": 0, "licensed": 0, "com_floors": [1], "occ_floors": [1], "unknown_n": 0, "id": "1144010400100020004-1", "pnu": "1144010400100020004", "floors": 4, "height": 0.0}}, {"type": "Feature", "geometry": {"type": "Polygon", "coordinates": [[[126.94884593, 37.54051879], [126.94890912, 37.54042431], [126.94883367, 37.54039211], [126.94881226, 37.5404239], [126.94882754, 37.54043013], [126.94878144, 37.54049281], [126.948782, 37.54049678], [126.94883472, 37.54051798], [126.94883677, 37.54051491], [126.94884593, 37.54051879]]]}, "properties": {"name": "전체", "status": "full", "capacity": 4, "active": 4, "industry": "주점", "vacancy_rate": 0.0, "vacancy_rate_lo": 0.0, "vacancy_rate_hi": 25.0, "stores": 5, "source": "stores+ledger", "capacity_method": "floor_ouln", "active_pip": 0, "licensed": 0, "com_floors": [1, 2, 3, 4], "occ_floors": [1, 3, 4], "unknown_n": 1, "id": "1144010400103450001-1", "pnu": "1144010400103450001", "floors": 1, "height": 0.0}}, {"type": "Feature", "geometry": {"type": "Polygon", "coordinates": [[[126.94940177, 37.5431059], [126.94940314, 37.54310013], [126.94941389, 37.54310176], [126.9494526, 37.5430806], [126.94945249, 37.54307655], [126.94946188, 37.54307637], [126.94947083, 37.54307484], [126.94948068, 37.54307358], [126.94949131, 37.54306881], [126.94950104, 37.54306179], [126.94950761, 37.54304657], [126.94961014, 37.54304139], [126.94942032, 37.54279875], [126.94940709, 37.54278018], [126.94936646, 37.54279882], [126.94933035, 37.54281529], [126.94933962, 37.54282593], [126.94927816, 37.54285987], [126.94926459, 37.54284824], [126.94919124, 37.54288353], [126.94931186, 37.54304261], [126.94929816, 37.54305918], [126.94929657, 37.54306386], [126.94929396, 37.54307404], [126.94929384, 37.54308476], [126.94929746, 37.54309432], [126.94930039, 37.54310062], [126.94930084, 37.54310234], [126.94930627, 37.54311099], [126.9493152, 37.54311811], [126.94932731, 37.54312325], [126.94933931, 37.54312578], [126.94935243, 37.54312669], [126.94937008, 37.54312525], [126.94938298, 37.54312138], [126.94939102, 37.54311634], [126.94940177, 37.5431059]]]}, "properties": {"name": "마스터즈타워빌딩", "status": "full", "capacity": 22, "active": 22, "industry": "기타 교육", "vacancy_rate": 0.0, "vacancy_rate_lo": null, "vacancy_rate_hi": null, "stores": 22, "source": "stores+ledger", "capacity_method": "expos_units", "active_pip": 0, "licensed": 3, "com_floors": null, "occ_floors": null, "unknown_n": null, "id": "1144010400105530000-1", "pnu": "1144010400105530000", "floors": 26, "height": 91.8}}, {"type": "Feature", "geometry": {"type": "Polygon", "coordinates": [[[126.9481541, 37.54298552], [126.94797446, 37.54276038], [126.94760002, 37.54295004], [126.94777989, 37.54317501], [126.9481541, 37.54298552]]]}, "properties": {"name": "마포태영데시앙", "status": "partial", "capacity": 44, "active": 29, "industry": "일반 교육", "vacancy_rate": 34.1, "vacancy_rate_lo": null, "vacancy_rate_hi": null, "stores": 29, "source": "stores+ledger", "capacity_method": "expos_units", "active_pip": 0, "licensed": 10, "com_floors": null, "occ_floors": null, "unknown_n": null, "id": "1144010400105600000-1", "pnu": "1144010400105600000", "floors": 17, "height": 64.15}}, {"type": "Feature", "geometry": {"type": "Polygon", "coordinates": [[[126.94940882, 37.54348017], [126.95009166, 37.54318202], [126.94998531, 37.54301912], [126.94969802, 37.54314147], [126.9496585, 37.54309128], [126.94926926, 37.54327028], [126.94940882, 37.54348017]]]}, "properties": {"name": "도화동 572", "status": "high", "capacity": 16, "active": 1, "industry": "", "vacancy_rate": 93.8, "source": "pip_only", "capacity_method": "floor_approx", "active_pip": 1, "licensed": 0, "id": "1144010400105720000-1", "pnu": "1144010400105720000", "floors": 16, "height": 63.6}}, {"type": "Feature", "geometry": {"type": "Polygon", "coordinates": [[[126.94924091, 37.54087639], [126.94916729, 37.54082104], [126.94906145, 37.54091517], [126.94909026, 37.54093741], [126.9490837, 37.5409429], [126.94912476, 37.54097437], [126.94924091, 37.54087639]]]}, "properties": {"name": "도화동 179-5", "status": "full", "capacity": 3, "active": 3, "industry": "한식", "vacancy_rate": 0.0, "vacancy_rate_lo": 0.0, "vacancy_rate_hi": 0.0, "stores": 2, "source": "stores+ledger", "capacity_method": "floor_ouln", "active_pip": 0, "licensed": 1, "com_floors": [1, 2, 4], "occ_floors": [1, 2, 4], "unknown_n": 0, "id": "1144010400101790005-1", "pnu": "1144010400101790005", "floors": 4, "height": 0.0}}, {"type": "Feature", "geometry": {"type": "Polygon", "coordinates": [[[126.95082919, 37.54161777], [126.95079717, 37.54161191], [126.95078322, 37.54165984], [126.95083572, 37.5416604], [126.95082919, 37.54161777]]]}, "properties": {"name": "일부", "status": "partial", "capacity": 3, "active": 2, "industry": "한식", "vacancy_rate": 33.3, "vacancy_rate_lo": 33.3, "vacancy_rate_hi": 66.7, "stores": 3, "source": "stores+ledger", "capacity_method": "floor_ouln", "active_pip": 0, "licensed": 2, "com_floors": [1, 2, 3], "occ_floors": [1], "unknown_n": 1, "id": "1144010400101820011-1", "pnu": "1144010400101820011", "floors": 0, "height": 0.0}}, {"type": "Feature", "geometry": {"type": "Polygon", "coordinates": [[[126.95045082, 37.54074229], [126.95040637, 37.54071101], [126.95038814, 37.54073019], [126.95043157, 37.54075886], [126.95045082, 37.54074229]]]}, "properties": {"name": "삼성아파트", "status": "high", "capacity": 168, "active": 35, "industry": "의원", "vacancy_rate": 79.2, "vacancy_rate_lo": null, "vacancy_rate_hi": null, "stores": 35, "source": "stores+ledger", "capacity_method": "expos_units", "active_pip": 0, "licensed": 0, "com_floors": null, "occ_floors": null, "unknown_n": null, "id": "1144010400105500000-16", "pnu": "1144010400105500000", "floors": 0, "height": 0.0}}, {"type": "Feature", "geometry": {"type": "Polygon", "coordinates": [[[126.95377143, 37.54134434], [126.95371622, 37.54134378], [126.95371096, 37.54143396], [126.95374219, 37.54143515], [126.95378055, 37.54141444], [126.95378126, 37.54137858], [126.95377085, 37.54137849], [126.95377143, 37.54134434]]]}, "properties": {"name": "도화동 4-65", "status": "partial", "capacity": 2, "active": 1, "industry": "이용·미용", "vacancy_rate": 50.0, "vacancy_rate_lo": 50.0, "vacancy_rate_hi": 50.0, "stores": 1, "source": "stores+ledger", "capacity_method": "floor_ouln", "active_pip": 0, "licensed": 0, "com_floors": [1, 2], "occ_floors": [2], "unknown_n": 0, "id": "1144010400100040065-1", "pnu": "1144010400100040065", "floors": 4, "height": 12.6}}, {"type": "Feature", "geometry": {"type": "Polygon", "coordinates": [[[126.9526665, 37.54115911], [126.95264165, 37.54109936], [126.95263316, 37.54110125], [126.95260783, 37.54107863], [126.95253244, 37.54113211], [126.95260605, 37.54119719], [126.9526665, 37.54115911]]]}, "properties": {"name": "일부호", "status": "full", "capacity": 1, "active": 1, "industry": "도서관·사적지", "vacancy_rate": 0.0, "vacancy_rate_lo": 0.0, "vacancy_rate_hi": 0.0, "stores": 6, "source": "stores+ledger", "capacity_method": "floor_ouln", "active_pip": 0, "licensed": 1, "com_floors": [1], "occ_floors": [1], "unknown_n": 0, "id": "1144010400100010062-1", "pnu": "1144010400100010062", "floors": 3, "height": 0.0}}, {"type": "Feature", "geometry": {"type": "Polygon", "coordinates": [[[126.95148872, 37.54113079], [126.95138062, 37.54101893], [126.95126131, 37.54110015], [126.95125505, 37.54115754], [126.95132266, 37.54122892], [126.95148872, 37.54113079]]]}, "properties": {"name": "도화동 196-29", "status": "empty", "capacity": 3, "active": 0, "industry": "", "vacancy_rate": 100.0, "source": "polygon_only", "capacity_method": "floor_approx", "active_pip": 0, "licensed": 0, "id": "1144010400101960029-1", "pnu": "1144010400101960029", "floors": 3, "height": 0.0}}, {"type": "Feature", "geometry": {"type": "Polygon", "coordinates": [[[126.9507923, 37.54145567], [126.95076485, 37.54136988], [126.95061728, 37.54139974], [126.95061186, 37.54138243], [126.95057553, 37.5413898], [126.95060976, 37.5414937], [126.9507923, 37.54145567]]]}, "properties": {"name": "도화동 182-2", "status": "full", "capacity": 2, "active": 2, "industry": "한식", "vacancy_rate": 0.0, "vacancy_rate_lo": 0.0, "vacancy_rate_hi": 0.0, "stores": 2, "source": "stores+ledger", "capacity_method": "floor_ouln", "active_pip": 0, "licensed": 2, "com_floors": [1, 2], "occ_floors": [1, 2], "unknown_n": 0, "id": "1144010400101820002-1", "pnu": "1144010400101820002", "floors": 2, "height": 0.0}}, {"type": "Feature", "geometry": {"type": "Polygon", "coordinates": [[[126.94900318, 37.54370345], [126.94908479, 37.54365942], [126.94906388, 37.54362644], [126.94902213, 37.54362579], [126.94901682, 37.54361966], [126.9489429, 37.54365305], [126.94896122, 37.54367892], [126.94897944, 37.54367055], [126.94900318, 37.54370345]]]}, "properties": {"name": "염리동 168-11", "status": "empty", "capacity": 4, "active": 0, "industry": "", "vacancy_rate": 100.0, "source": "polygon_only", "capacity_method": "floor_approx", "active_pip": 0, "licensed": 0, "id": "1144010900101680011-1", "pnu": "1144010900101680011", "floors": 4, "height": 0.0}}, {"type": "Feature", "geometry": {"type": "Polygon", "coordinates": [[[126.95563858, 37.54225218], [126.95553728, 37.54210618], [126.95535891, 37.54217658], [126.95541024, 37.54224129], [126.95540616, 37.54224813], [126.95539892, 37.54225758], [126.95539608, 37.54226633], [126.9553954, 37.54227741], [126.95539856, 37.54228579], [126.9554041, 37.54229362], [126.95541043, 37.54229813], [126.95539662, 37.54231039], [126.95542026, 37.542344], [126.95563858, 37.54225218]]]}, "properties": {"name": "신공덕동 158", "status": "empty", "capacity": 4, "active": 0, "industry": "", "vacancy_rate": 100.0, "source": "polygon_only", "capacity_method": "floor_approx", "active_pip": 0, "licensed": 0, "id": "1144010300101580000-1", "pnu": "1144010300101580000", "floors": 4, "height": 15.9}}, {"type": "Feature", "geometry": {"type": "Polygon", "coordinates": [[[126.94737821, 37.54346009], [126.94732507, 37.54338889], [126.94717272, 37.5434609], [126.94722699, 37.54353598], [126.94737821, 37.54346009]]]}, "properties": {"name": "염리동 172-1", "status": "full", "capacity": 1, "active": 1, "industry": "비알코올 ", "vacancy_rate": 0.0, "vacancy_rate_lo": 0.0, "vacancy_rate_hi": 100.0, "stores": 1, "source": "stores+ledger", "capacity_method": "floor_ouln", "active_pip": 0, "licensed": 1, "com_floors": [1], "occ_floors": [], "unknown_n": 1, "id": "1144010900101720001-1", "pnu": "1144010900101720001", "floors": 4, "height": 0.0}}, {"type": "Feature", "geometry": {"type": "Polygon", "coordinates": [[[126.95237946, 37.54076957], [126.95228489, 37.54072945], [126.95224875, 37.54079683], [126.95234265, 37.54083201], [126.95237946, 37.54076957]]]}, "properties": {"name": "도화동 2-61", "status": "empty", "capacity": 1, "active": 0, "industry": "", "vacancy_rate": 100.0, "source": "polygon_only", "capacity_method": "floor_approx", "active_pip": 0, "licensed": 0, "id": "1144010400100020061-1", "pnu": "1144010400100020061", "floors": 1, "height": 0.0}}, {"type": "Feature", "geometry": {"type": "Polygon", "coordinates": [[[126.9482446, 37.54269922], [126.94819769, 37.54263388], [126.94813928, 37.54266602], [126.94818586, 37.54272749], [126.9482446, 37.54269922]]]}, "properties": {"name": "도화동 546", "status": "full", "capacity": 1, "active": 1, "industry": "연료 소매", "vacancy_rate": 0.0, "vacancy_rate_lo": 0.0, "vacancy_rate_hi": 0.0, "stores": 1, "source": "stores+ledger", "capacity_method": "floor_ouln", "active_pip": 0, "licensed": 1, "com_floors": [1], "occ_floors": [1], "unknown_n": 0, "id": "1144010400105460000-1", "pnu": "1144010400105460000", "floors": 0, "height": 0.0}}, {"type": "Feature", "geometry": {"type": "Polygon", "coordinates": [[[126.9478274, 37.54367573], [126.94782322, 37.54366455], [126.9478059, 37.54366995], [126.94781133, 37.54368067], [126.9478274, 37.54367573]]]}, "properties": {"name": "재화스퀘어", "status": "full", "capacity": 1, "active": 1, "industry": "한식", "vacancy_rate": 0.0, "vacancy_rate_lo": 0.0, "vacancy_rate_hi": 0.0, "stores": 15, "source": "stores+ledger", "capacity_method": "floor_ouln", "active_pip": 0, "licensed": 13, "com_floors": [1], "occ_floors": [1], "unknown_n": 0, "id": "1144010900101680009-1", "pnu": "1144010900101680009", "floors": 0, "height": 0.0}}, {"type": "Feature", "geometry": {"type": "Polygon", "coordinates": [[[126.95077111, 37.54305171], [126.95075886, 37.54303657], [126.95074731, 37.54304249], [126.95072312, 37.54301259], [126.95069447, 37.54302629], [126.95073014, 37.54307272], [126.95077111, 37.54305171]]]}, "properties": {"name": "효성해링턴스퀘어", "status": "full", "capacity": 8, "active": 8, "industry": "한식", "vacancy_rate": 0.0, "vacancy_rate_lo": 0.0, "vacancy_rate_hi": 25.0, "stores": 70, "source": "stores+ledger", "capacity_method": "floor_ouln", "active_pip": 0, "licensed": 0, "com_floors": [1, 2, 3, 4, 5, 6, 7, 8], "occ_floors": [1, 2, 3, 5, 6, 7], "unknown_n": 2, "id": "1144010400100250013-4", "pnu": "1144010400100250013", "floors": 0, "height": 0.0}}, {"type": "Feature", "geometry": {"type": "Polygon", "coordinates": [[[126.95053112, 37.54097388], [126.95055172, 37.54095605], [126.95055273, 37.54095677], [126.95058896, 37.54092553], [126.950585, 37.54092264], [126.95062328, 37.54088959], [126.95062915, 37.54089392], [126.95066289, 37.54086483], [126.95065961, 37.54086249], [126.95070286, 37.5408252], [126.9507041, 37.5408262], [126.95073773, 37.5407972], [126.95073264, 37.54079341], [126.95077215, 37.54075928], [126.95077656, 37.54076262], [126.95081472, 37.54072975], [126.95081234, 37.54072794], [126.95083465, 37.54070866], [126.95073987, 37.54063899], [126.95043419, 37.54090266], [126.95053112, 37.54097388]]]}, "properties": {"name": "삼성아파트", "status": "high", "capacity": 168, "active": 35, "industry": "의원", "vacancy_rate": 79.2, "vacancy_rate_lo": null, "vacancy_rate_hi": null, "stores": 35, "source": "stores+ledger", "capacity_method": "expos_units", "active_pip": 0, "licensed": 0, "com_floors": null, "occ_floors": null, "unknown_n": null, "id": "1144010400105500000-17", "pnu": "1144010400105500000", "floors": 17, "height": 46.6}}, {"type": "Feature", "geometry": {"type": "Polygon", "coordinates": [[[126.95023288, 37.54056046], [126.95021349, 37.54054667], [126.95017229, 37.54058443], [126.95019137, 37.54059709], [126.95023288, 37.54056046]]]}, "properties": {"name": "삼성아파트", "status": "high", "capacity": 168, "active": 35, "industry": "의원", "vacancy_rate": 79.2, "vacancy_rate_lo": null, "vacancy_rate_hi": null, "stores": 35, "source": "stores+ledger", "capacity_method": "expos_units", "active_pip": 0, "licensed": 0, "com_floors": null, "occ_floors": null, "unknown_n": null, "id": "1144010400105500000-18", "pnu": "1144010400105500000", "floors": 0, "height": 0.0}}, {"type": "Feature", "geometry": {"type": "Polygon", "coordinates": [[[126.95247284, 37.54178991], [126.95242918, 37.54175556], [126.95231801, 37.54184408], [126.95238146, 37.54189438], [126.95248923, 37.54180856], [126.95246922, 37.5417927], [126.95247284, 37.54178991]]]}, "properties": {"name": "도화동 38-6", "status": "full", "capacity": 2, "active": 2, "industry": "한식", "vacancy_rate": 0.0, "vacancy_rate_lo": 0.0, "vacancy_rate_hi": 0.0, "stores": 1, "source": "stores+ledger", "capacity_method": "floor_ouln", "active_pip": 0, "licensed": 1, "com_floors": [1, 2], "occ_floors": [1, 2], "unknown_n": 0, "id": "1144010400100380006-1", "pnu": "1144010400100380006", "floors": 4, "height": 0.0}}, {"type": "Feature", "geometry": {"type": "Polygon", "coordinates": [[[126.95130293, 37.54198275], [126.95129406, 37.54194426], [126.95120737, 37.54198826], [126.95123586, 37.54199807], [126.95130293, 37.54198275]]]}, "properties": {"name": "도화동 183-2", "status": "empty", "capacity": 2, "active": 0, "industry": "", "vacancy_rate": 100.0, "source": "polygon_only", "capacity_method": "floor_approx", "active_pip": 0, "licensed": 0, "id": "1144010400101830002-1", "pnu": "1144010400101830002", "floors": 2, "height": 0.0}}, {"type": "Feature", "geometry": {"type": "Polygon", "coordinates": [[[126.9524737, 37.5420818], [126.95245668, 37.54206064], [126.9523148, 37.54210347], [126.95234424, 37.54214706], [126.9524737, 37.5420818]]]}, "properties": {"name": "지", "status": "partial", "capacity": 3, "active": 2, "industry": "주점", "vacancy_rate": 33.3, "vacancy_rate_lo": 33.3, "vacancy_rate_hi": 33.3, "stores": 2, "source": "stores+ledger", "capacity_method": "floor_ouln", "active_pip": 0, "licensed": 0, "com_floors": [1, 2, 3], "occ_floors": [1, 2], "unknown_n": 0, "id": "1144010400100250012-1", "pnu": "1144010400100250012", "floors": 3, "height": 0.0}}, {"type": "Feature", "geometry": {"type": "Polygon", "coordinates": [[[126.9532553, 37.54160687], [126.95325157, 37.54160137], [126.95324579, 37.54159659], [126.95323685, 37.54159524], [126.95322589, 37.54159731], [126.95321536, 37.54160199], [126.95320879, 37.54159063], [126.95314871, 37.54158565], [126.95312732, 37.54159348], [126.95312088, 37.54158609], [126.95297793, 37.54164252], [126.95301909, 37.54170849], [126.95324736, 37.54162155], [126.95325292, 37.54161759], [126.95325619, 37.54161308], [126.9532553, 37.54160687]]]}, "properties": {"name": "백상빌딩", "status": "full", "capacity": 4, "active": 4, "industry": "이용·미용", "vacancy_rate": 0.0, "vacancy_rate_lo": 0.0, "vacancy_rate_hi": 25.0, "stores": 4, "source": "stores+ledger", "capacity_method": "floor_ouln", "active_pip": 0, "licensed": 1, "com_floors": [2, 3, 4, 5], "occ_floors": [2, 3, 5], "unknown_n": 1, "id": "1144010400100040112-1", "pnu": "1144010400100040112", "floors": 8, "height": 26.2}}, {"type": "Feature", "geometry": {"type": "Polygon", "coordinates": [[[126.95183019, 37.54171225], [126.95177287, 37.5416251], [126.95174219, 37.54163671], [126.95172464, 37.54168184], [126.95176612, 37.54174088], [126.95183019, 37.54171225]]]}, "properties": {"name": "도화동 184-22", "status": "full", "capacity": 2, "active": 2, "industry": "주점", "vacancy_rate": 0.0, "vacancy_rate_lo": 0.0, "vacancy_rate_hi": 0.0, "stores": 3, "source": "stores+ledger", "capacity_method": "floor_ouln", "active_pip": 0, "licensed": 3, "com_floors": [1, 2], "occ_floors": [1, 2], "unknown_n": 0, "id": "1144010400101840022-1", "pnu": "1144010400101840022", "floors": 2, "height": 6.6}}, {"type": "Feature", "geometry": {"type": "Polygon", "coordinates": [[[126.94916343, 37.54101781], [126.9490579, 37.54093641], [126.9489893, 37.54099351], [126.94901362, 37.54100964], [126.94906835, 37.54105066], [126.94899816, 37.54110974], [126.94903107, 37.54113453], [126.94916343, 37.54101781]]]}, "properties": {"name": "도화동 179-9", "status": "full", "capacity": 2, "active": 2, "industry": "기타 간이", "vacancy_rate": 0.0, "vacancy_rate_lo": 0.0, "vacancy_rate_hi": 100.0, "stores": 1, "source": "stores+ledger", "capacity_method": "floor_ouln", "active_pip": 0, "licensed": 1, "com_floors": [1, 2], "occ_floors": [], "unknown_n": 2, "id": "1144010400101790009-1", "pnu": "1144010400101790009", "floors": 2, "height": 0.0}}, {"type": "Feature", "geometry": {"type": "Polygon", "coordinates": [[[126.94882686, 37.54043013], [126.94871611, 37.54038908], [126.94868654, 37.54044232], [126.94869196, 37.5404643], [126.94878087, 37.54049236], [126.94882686, 37.54043013]]]}, "properties": {"name": "도화동 345-3", "status": "full", "capacity": 3, "active": 3, "industry": "주점", "vacancy_rate": 0.0, "vacancy_rate_lo": 0.0, "vacancy_rate_hi": 33.3, "stores": 3, "source": "stores+ledger", "capacity_method": "floor_ouln", "active_pip": 0, "licensed": 1, "com_floors": [1, 2, 3], "occ_floors": [1, 2], "unknown_n": 1, "id": "1144010400103450003-1", "pnu": "1144010400103450003", "floors": 5, "height": 0.0}}, {"type": "Feature", "geometry": {"type": "Polygon", "coordinates": [[[126.95470449, 37.54275477], [126.95475038, 37.54273385], [126.95476364, 37.54273739], [126.95480655, 37.54263529], [126.95478551, 37.54261723], [126.9548195, 37.54259949], [126.95483948, 37.54255971], [126.95484108, 37.54255749], [126.95484026, 37.5425512], [126.95483884, 37.54254023], [126.95483252, 37.54252879], [126.95482266, 37.54251899], [126.95481443, 37.54251566], [126.95480061, 37.54251291], [126.95478573, 37.5425124], [126.95476776, 37.54251807], [126.9547445, 37.54253108], [126.95468748, 37.54255469], [126.95468509, 37.54255126], [126.95444823, 37.54265584], [126.95445913, 37.54267307], [126.95446856, 37.54266806], [126.95452426, 37.54275385], [126.95450238, 37.54276376], [126.95456203, 37.54284731], [126.95455489, 37.54285184], [126.95456742, 37.54286963], [126.95473367, 37.54279538], [126.95470449, 37.54275477]]]}, "properties": {"name": "펜트라우스", "status": "partial", "capacity": 29, "active": 22, "industry": "한식", "vacancy_rate": 24.1, "vacancy_rate_lo": null, "vacancy_rate_hi": null, "stores": 22, "source": "stores+ledger", "capacity_method": "expos_units", "active_pip": 0, "licensed": 0, "com_floors": null, "occ_floors": null, "unknown_n": null, "id": "1144010300101720000-8", "pnu": "1144010300101720000", "floors": 20, "height": 64.9}}, {"type": "Feature", "geometry": {"type": "Polygon", "coordinates": [[[126.94836492, 37.54264828], [126.94835361, 37.54264647], [126.94808092, 37.54278286], [126.94807662, 37.54279375], [126.94808046, 37.54279871], [126.94821714, 37.5429759], [126.9482332, 37.54297771], [126.94850849, 37.54284224], [126.94851065, 37.54283152], [126.94848476, 37.54279862], [126.94836492, 37.54264828]]]}, "properties": {"name": "도화동 546", "status": "full", "capacity": 1, "active": 1, "industry": "연료 소매", "vacancy_rate": 0.0, "vacancy_rate_lo": 0.0, "vacancy_rate_hi": 0.0, "stores": 1, "source": "stores+ledger", "capacity_method": "floor_ouln", "active_pip": 0, "licensed": 1, "com_floors": [1], "occ_floors": [1], "unknown_n": 0, "id": "1144010400105460000-2", "pnu": "1144010400105460000", "floors": 10, "height": 0.0}}, {"type": "Feature", "geometry": {"type": "Polygon", "coordinates": [[[126.95361451, 37.54039553], [126.95357106, 37.54038083], [126.9535355, 37.5404474], [126.95357906, 37.54046201], [126.95361451, 37.54039553]]]}, "properties": {"name": "도화현대아파트", "status": "high", "capacity": 16, "active": 1, "industry": "기타 간이", "vacancy_rate": 93.8, "vacancy_rate_lo": null, "vacancy_rate_hi": null, "stores": 1, "source": "stores+ledger", "capacity_method": "expos_units", "active_pip": 0, "licensed": 1, "com_floors": null, "occ_floors": null, "unknown_n": null, "id": "1144010400105470000-5", "pnu": "1144010400105470000", "floors": 0, "height": 0.0}}, {"type": "Feature", "geometry": {"type": "Polygon", "coordinates": [[[126.94863076, 37.54192534], [126.9486276, 37.54192498], [126.94851503, 37.54205125], [126.94859635, 37.54211129], [126.94860042, 37.54211138], [126.94870266, 37.54218765], [126.94876176, 37.5421375], [126.94875429, 37.54213191], [126.94875407, 37.54213191], [126.94881595, 37.54207741], [126.94880372, 37.54206557], [126.94870145, 37.5419779], [126.94863076, 37.54192534]]]}, "properties": {"name": "도화동 174-1", "status": "full", "capacity": 3, "active": 3, "industry": "주점", "vacancy_rate": 0.0, "vacancy_rate_lo": 0.0, "vacancy_rate_hi": 33.3, "stores": 5, "source": "stores+ledger", "capacity_method": "floor_ouln", "active_pip": 0, "licensed": 0, "com_floors": [1, 2, 3], "occ_floors": [1, 2], "unknown_n": 1, "id": "1144010400101740001-2", "pnu": "1144010400101740001", "floors": 3, "height": 0.0}}, {"type": "Feature", "geometry": {"type": "Polygon", "coordinates": [[[126.95506666, 37.53988324], [126.95479208, 37.53982529], [126.95475887, 37.53992501], [126.95502801, 37.53998612], [126.95500171, 37.54006179], [126.95527255, 37.54012461], [126.95530826, 37.54002415], [126.95503809, 37.53996188], [126.95506666, 37.53988324]]]}, "properties": {"name": "도화현대아파트", "status": "high", "capacity": 69, "active": 15, "industry": "종합 소매", "vacancy_rate": 78.3, "vacancy_rate_lo": null, "vacancy_rate_hi": null, "stores": 15, "source": "stores+ledger", "capacity_method": "expos_units", "active_pip": 0, "licensed": 0, "com_floors": null, "occ_floors": null, "unknown_n": null, "id": "1144010400103570000-11", "pnu": "1144010400103570000", "floors": 0, "height": 0.0}}, {"type": "Feature", "geometry": {"type": "Polygon", "coordinates": [[[126.94879493, 37.53996169], [126.94875296, 37.53994995], [126.94868124, 37.54010363], [126.94876891, 37.54012935], [126.94881173, 37.54003765], [126.94879493, 37.53996169]]]}, "properties": {"name": "에어몰빌딩", "status": "full", "capacity": 3, "active": 3, "industry": "이용·미용", "vacancy_rate": 0.0, "vacancy_rate_lo": 0.0, "vacancy_rate_hi": 0.0, "stores": 6, "source": "stores+ledger", "capacity_method": "floor_ouln", "active_pip": 0, "licensed": 3, "com_floors": [1, 2, 4], "occ_floors": [1, 2, 4], "unknown_n": 0, "id": "1144010400103400000-1", "pnu": "1144010400103400000", "floors": 4, "height": 12.8}}, {"type": "Feature", "geometry": {"type": "Polygon", "coordinates": [[[126.95045557, 37.54126235], [126.95050674, 37.5412212], [126.9506045, 37.5412153], [126.95060202, 37.54120322], [126.95060972, 37.54119529], [126.95061391, 37.54118791], [126.95061596, 37.54117538], [126.95061393, 37.54116592], [126.95060568, 37.54115737], [126.95060036, 37.54115727], [126.95060082, 37.54114222], [126.95051176, 37.5411511], [126.95041735, 37.54108666], [126.9503383, 37.54115725], [126.9503487, 37.54116464], [126.95033546, 37.54117662], [126.95032845, 37.54117166], [126.95029863, 37.54117304], [126.95030003, 37.54119481], [126.95034595, 37.54122753], [126.95033734, 37.54123465], [126.95036573, 37.54125628], [126.95037297, 37.54125034], [126.95042353, 37.54128892], [126.95045557, 37.54126235]]]}, "properties": {"name": "삼성아파트", "status": "high", "capacity": 168, "active": 35, "industry": "의원", "vacancy_rate": 79.2, "vacancy_rate_lo": null, "vacancy_rate_hi": null, "stores": 35, "source": "stores+ledger", "capacity_method": "expos_units", "active_pip": 0, "licensed": 0, "com_floors": null, "occ_floors": null, "unknown_n": null, "id": "1144010400105500000-19", "pnu": "1144010400105500000", "floors": 0, "height": 0.0}}, {"type": "Feature", "geometry": {"type": "Polygon", "coordinates": [[[126.94937177, 37.54096952], [126.94932641, 37.54093671], [126.94921681, 37.54103387], [126.94925991, 37.54106498], [126.94937177, 37.54096952]]]}, "properties": {"name": "도화동 179-8", "status": "empty", "capacity": 4, "active": 0, "industry": "", "vacancy_rate": 100.0, "source": "polygon_only", "capacity_method": "floor_approx", "active_pip": 0, "licensed": 0, "id": "1144010400101790008-1", "pnu": "1144010400101790008", "floors": 4, "height": 15.0}}, {"type": "Feature", "geometry": {"type": "Polygon", "coordinates": [[[126.95578359, 37.54406477], [126.95553555, 37.54369348], [126.95541025, 37.54374731], [126.9556609, 37.54411744], [126.95578359, 37.54406477]]]}, "properties": {"name": "신공덕래미안1차", "status": "high", "capacity": 74, "active": 21, "industry": "기타 교육", "vacancy_rate": 71.6, "vacancy_rate_lo": null, "vacancy_rate_hi": null, "stores": 21, "source": "stores+ledger", "capacity_method": "expos_units", "active_pip": 0, "licensed": 0, "com_floors": null, "occ_floors": null, "unknown_n": null, "id": "1144010300101550000-6", "pnu": "1144010300101550000", "floors": 23, "height": 62.4}}, {"type": "Feature", "geometry": {"type": "Polygon", "coordinates": [[[126.9478725, 37.53936572], [126.94786812, 37.53931625], [126.94762235, 37.53932218], [126.9476246, 37.5393502], [126.94762721, 37.5393502], [126.94762842, 37.53939417], [126.94763043, 37.53942589], [126.94764796, 37.53942617], [126.94764797, 37.53943175], [126.94782889, 37.53942553], [126.94782845, 37.53941697], [126.94785527, 37.53941608], [126.94785259, 37.53936634], [126.9478725, 37.53936572]]]}, "properties": {"name": "도화빌딩", "status": "full", "capacity": 4, "active": 4, "industry": "이용·미용", "vacancy_rate": 0.0, "vacancy_rate_lo": 0.0, "vacancy_rate_hi": 0.0, "stores": 6, "source": "stores+ledger", "capacity_method": "floor_ouln", "active_pip": 0, "licensed": 3, "com_floors": [1, 2, 3, 4], "occ_floors": [1, 2, 3, 4], "unknown_n": 0, "id": "1144010400102010039-1", "pnu": "1144010400102010039", "floors": 4, "height": 14.15}}, {"type": "Feature", "geometry": {"type": "Polygon", "coordinates": [[[126.94685943, 37.54102681], [126.94694717, 37.54095061], [126.94699546, 37.54098595], [126.94713959, 37.54086087], [126.94693331, 37.54071022], [126.94684693, 37.54078542], [126.9467975, 37.54074926], [126.94665212, 37.54087534], [126.94685943, 37.54102681]]]}, "properties": {"name": "성우빌딩", "status": "full", "capacity": 34, "active": 31, "industry": "한식", "vacancy_rate": 8.8, "vacancy_rate_lo": null, "vacancy_rate_hi": null, "stores": 31, "source": "stores+ledger", "capacity_method": "expos_units", "active_pip": 0, "licensed": 19, "com_floors": null, "occ_floors": null, "unknown_n": null, "id": "1144010400100510001-1", "pnu": "1144010400100510001", "floors": 16, "height": 0.0}}, {"type": "Feature", "geometry": {"type": "Polygon", "coordinates": [[[126.94795211, 37.5400734], [126.94790382, 37.54003968], [126.94789342, 37.54003337], [126.94787994, 37.54005057], [126.94785619, 37.54003876], [126.94778713, 37.54008999], [126.94788542, 37.54014365], [126.94790388, 37.54012302], [126.94795211, 37.5400734]]]}, "properties": {"name": "제", "status": "full", "capacity": 2, "active": 2, "industry": "한식", "vacancy_rate": 0.0, "vacancy_rate_lo": 0.0, "vacancy_rate_hi": 0.0, "stores": 4, "source": "stores+ledger", "capacity_method": "floor_ouln", "active_pip": 0, "licensed": 3, "com_floors": [1, 2], "occ_floors": [1, 2], "unknown_n": 0, "id": "1144010400102010001-2", "pnu": "1144010400102010001", "floors": 2, "height": 0.0}}, {"type": "Feature", "geometry": {"type": "Polygon", "coordinates": [[[126.94799621, 37.53897654], [126.9479589, 37.53893265], [126.94791476, 37.53895272], [126.94794754, 37.53899859], [126.94799621, 37.53897654]]]}, "properties": {"name": "도화동 203-4", "status": "full", "capacity": 1, "active": 1, "industry": "서양식", "vacancy_rate": 0.0, "vacancy_rate_lo": 0.0, "vacancy_rate_hi": 0.0, "stores": 1, "source": "stores+ledger", "capacity_method": "floor_ouln", "active_pip": 0, "licensed": 0, "com_floors": [1], "occ_floors": [1], "unknown_n": 0, "id": "1144010400102030004-3", "pnu": "1144010400102030004", "floors": 0, "height": 0.0}}, {"type": "Feature", "geometry": {"type": "Polygon", "coordinates": [[[126.94770577, 37.5389683], [126.94762313, 37.53886141], [126.94758342, 37.53886463], [126.94760317, 37.53908413], [126.94771463, 37.53907796], [126.94770577, 37.5389683]]]}, "properties": {"name": "별관", "status": "full", "capacity": 2, "active": 2, "industry": "유원지·오락", "vacancy_rate": 0.0, "vacancy_rate_lo": 0.0, "vacancy_rate_hi": 0.0, "stores": 2, "source": "stores+ledger", "capacity_method": "floor_ouln", "active_pip": 0, "licensed": 2, "com_floors": [1, 2], "occ_floors": [1, 2], "unknown_n": 0, "id": "1144010400102020001-1", "pnu": "1144010400102020001", "floors": 2, "height": 7.9}}, {"type": "Feature", "geometry": {"type": "Polygon", "coordinates": [[[126.94775402, 37.54261936], [126.94771636, 37.54258429], [126.94771614, 37.54258411], [126.94762171, 37.54250019], [126.94750148, 37.54258798], [126.9474835, 37.54257238], [126.94749256, 37.54256581], [126.94719684, 37.54230907], [126.94714725, 37.54234527], [126.94714691, 37.54234527], [126.94710971, 37.54231192], [126.94699888, 37.54239026], [126.94738811, 37.54273984], [126.94739444, 37.54274696], [126.94740937, 37.54275561], [126.94742271, 37.54276247], [126.94743652, 37.54276761], [126.94745293, 37.54277311], [126.94747545, 37.54277447], [126.94749727, 37.54277457], [126.9475189, 37.54277359], [126.94753237, 37.54277144], [126.94754073, 37.54276766], [126.94755036, 37.54276334], [126.94755918, 37.54276046], [126.94756519, 37.54275677], [126.94775402, 37.54261936]]]}, "properties": {"name": "정우상가맨션", "status": "high", "capacity": 79, "active": 28, "industry": "한식", "vacancy_rate": 64.6, "vacancy_rate_lo": null, "vacancy_rate_hi": null, "stores": 28, "source": "stores+ledger", "capacity_method": "expos_units", "active_pip": 0, "licensed": 18, "com_floors": null, "occ_floors": null, "unknown_n": null, "id": "1144010400105360000-1", "pnu": "1144010400105360000", "floors": 15, "height": 0.0}}, {"type": "Feature", "geometry": {"type": "Polygon", "coordinates": [[[126.9484795, 37.53990992], [126.94844365, 37.53989504], [126.94840435, 37.5399452], [126.94849258, 37.53997714], [126.94851512, 37.53994219], [126.94846886, 37.53992352], [126.9484795, 37.53990992]]]}, "properties": {"name": "도화동 326-2", "status": "empty", "capacity": 1, "active": 0, "industry": "", "vacancy_rate": 100.0, "source": "polygon_only", "capacity_method": "floor_approx", "active_pip": 0, "licensed": 0, "id": "1144010400103260002-1", "pnu": "1144010400103260002", "floors": 1, "height": 0.0}}, {"type": "Feature", "geometry": {"type": "Polygon", "coordinates": [[[126.94660045, 37.53860615], [126.94667661, 37.53859033], [126.94667819, 37.53859511], [126.94670423, 37.53858971], [126.94668243, 37.53852329], [126.9465533, 37.53855018], [126.94656256, 37.53858748], [126.94656662, 37.53859514], [126.94657307, 37.53859848], [126.94659774, 37.53859786], [126.94660045, 37.53860615]]]}, "properties": {"name": "도화동 290-3", "status": "full", "capacity": 2, "active": 2, "industry": "주점", "vacancy_rate": 0.0, "vacancy_rate_lo": 0.0, "vacancy_rate_hi": 0.0, "stores": 2, "source": "stores+ledger", "capacity_method": "floor_ouln", "active_pip": 0, "licensed": 2, "com_floors": [1, 2], "occ_floors": [1, 2], "unknown_n": 0, "id": "1144010400102900003-1", "pnu": "1144010400102900003", "floors": 4, "height": 11.8}}, {"type": "Feature", "geometry": {"type": "Polygon", "coordinates": [[[126.94657017, 37.53871245], [126.94655662, 37.53865343], [126.9464756, 37.53866268], [126.94647199, 37.5386552], [126.94638497, 37.53866444], [126.94640166, 37.53873706], [126.94657017, 37.53871245]]]}, "properties": {"name": "도화동 290-12", "status": "empty", "capacity": 2, "active": 0, "industry": "", "vacancy_rate": 100.0, "source": "polygon_only", "capacity_method": "floor_approx", "active_pip": 0, "licensed": 0, "id": "1144010400102900012-1", "pnu": "1144010400102900012", "floors": 2, "height": 0.0}}, {"type": "Feature", "geometry": {"type": "Polygon", "coordinates": [[[126.94791469, 37.5397929], [126.94785663, 37.53973925], [126.94778826, 37.53978877], [126.94781974, 37.53981685], [126.94762364, 37.53994474], [126.94765012, 37.53997213], [126.94791469, 37.5397929]]]}, "properties": {"name": "도화동 201-14", "status": "partial", "capacity": 5, "active": 4, "industry": "욕탕·신체관리", "vacancy_rate": 20.0, "vacancy_rate_lo": 20.0, "vacancy_rate_hi": 40.0, "stores": 4, "source": "stores+ledger", "capacity_method": "floor_ouln", "active_pip": 0, "licensed": 3, "com_floors": [1, 2, 3, 4, 5], "occ_floors": [1, 3, 5], "unknown_n": 1, "id": "1144010400102010014-1", "pnu": "1144010400102010014", "floors": 5, "height": 16.6}}, {"type": "Feature", "geometry": {"type": "Polygon", "coordinates": [[[126.94699335, 37.5436531], [126.94692213, 37.54356531], [126.94681765, 37.54361833], [126.94684591, 37.54365826], [126.94680969, 37.54367455], [126.94684642, 37.54372637], [126.94699335, 37.5436531]]]}, "properties": {"name": "문원빌딩", "status": "full", "capacity": 3, "active": 3, "industry": "일반 교육", "vacancy_rate": 0.0, "vacancy_rate_lo": 0.0, "vacancy_rate_hi": 0.0, "stores": 4, "source": "stores+ledger", "capacity_method": "floor_ouln", "active_pip": 0, "licensed": 1, "com_floors": [1, 2, 3], "occ_floors": [1, 2, 3], "unknown_n": 0, "id": "1144010900101720015-1", "pnu": "1144010900101720015", "floors": 3, "height": 0.0}}, {"type": "Feature", "geometry": {"type": "Polygon", "coordinates": [[[126.94795017, 37.54189315], [126.94792054, 37.54186593], [126.94791488, 37.54186989], [126.94788522, 37.54188871], [126.94787843, 37.54189357], [126.94790896, 37.5419216], [126.94795017, 37.54189315]]]}, "properties": {"name": "삼창프라자", "status": "high", "capacity": 152, "active": 58, "industry": "한식", "vacancy_rate": 61.8, "vacancy_rate_lo": null, "vacancy_rate_hi": null, "stores": 58, "source": "stores+ledger", "capacity_method": "expos_units", "active_pip": 0, "licensed": 24, "com_floors": null, "occ_floors": null, "unknown_n": null, "id": "1144010400101730000-1", "pnu": "1144010400101730000", "floors": 0, "height": 0.0}}, {"type": "Feature", "geometry": {"type": "Polygon", "coordinates": [[[126.94647779, 37.54273132], [126.94646084, 37.54271312], [126.94644306, 37.54272527], [126.94646421, 37.54274483], [126.94647779, 37.54273132]]]}, "properties": {"name": "하나프라자", "status": "full", "capacity": 6, "active": 6, "industry": "스포츠 서비스", "vacancy_rate": 0.0, "vacancy_rate_lo": 0.0, "vacancy_rate_hi": 16.7, "stores": 13, "source": "stores+ledger", "capacity_method": "floor_ouln", "active_pip": 0, "licensed": 0, "com_floors": [1, 2, 3, 4, 5, 6], "occ_floors": [1, 2, 3, 4, 5], "unknown_n": 1, "id": "1144010900101730029-1", "pnu": "1144010900101730029", "floors": 0, "height": 0.0}}, {"type": "Feature", "geometry": {"type": "Polygon", "coordinates": [[[126.94824392, 37.54401585], [126.94817518, 37.54393067], [126.94813488, 37.54394832], [126.9482052, 37.54403529], [126.94824392, 37.54401585]]]}, "properties": {"name": "재화스퀘어", "status": "full", "capacity": 1, "active": 1, "industry": "한식", "vacancy_rate": 0.0, "vacancy_rate_lo": 0.0, "vacancy_rate_hi": 0.0, "stores": 15, "source": "stores+ledger", "capacity_method": "floor_ouln", "active_pip": 0, "licensed": 13, "com_floors": [1], "occ_floors": [1], "unknown_n": 0, "id": "1144010900101680009-2", "pnu": "1144010900101680009", "floors": 0, "height": 0.0}}, {"type": "Feature", "geometry": {"type": "Polygon", "coordinates": [[[126.94779461, 37.54006999], [126.94785337, 37.54002263], [126.94786016, 37.54002795], [126.94787816, 37.54001345], [126.94787115, 37.54000786], [126.94790194, 37.53998535], [126.94784314, 37.53993415], [126.94773389, 37.5400223], [126.94779461, 37.54006999]]]}, "properties": {"name": "도화동 201-2", "status": "high", "capacity": 3, "active": 1, "industry": "기타 간이", "vacancy_rate": 66.7, "vacancy_rate_lo": 66.7, "vacancy_rate_hi": 66.7, "stores": 2, "source": "stores+ledger", "capacity_method": "floor_ouln", "active_pip": 0, "licensed": 2, "com_floors": [1, 2, 3], "occ_floors": [1], "unknown_n": 0, "id": "1144010400102010002-2", "pnu": "1144010400102010002", "floors": 3, "height": 9.4}}, {"type": "Feature", "geometry": {"type": "Polygon", "coordinates": [[[126.94849382, 37.54015762], [126.94851829, 37.54009959], [126.94849205, 37.54009147], [126.94848185, 37.54011688], [126.94844022, 37.54010633], [126.94845008, 37.54008136], [126.9484201, 37.54007154], [126.94839302, 37.54012368], [126.94849382, 37.54015762]]]}, "properties": {"name": "도화동 337", "status": "full", "capacity": 1, "active": 1, "industry": "일식", "vacancy_rate": 0.0, "vacancy_rate_lo": 0.0, "vacancy_rate_hi": 0.0, "stores": 1, "source": "stores+ledger", "capacity_method": "floor_ouln", "active_pip": 0, "licensed": 0, "com_floors": [1], "occ_floors": [1], "unknown_n": 0, "id": "1144010400103370000-1", "pnu": "1144010400103370000", "floors": 1, "height": 0.0}}, {"type": "Feature", "geometry": {"type": "Polygon", "coordinates": [[[126.94848285, 37.5401549], [126.94837187, 37.54011701], [126.9483425, 37.54020674], [126.94843697, 37.5402367], [126.94848285, 37.5401549]]]}, "properties": {"name": "도화동 336-1", "status": "full", "capacity": 1, "active": 1, "industry": "", "vacancy_rate": 0.0, "source": "pip_only", "capacity_method": "floor_approx", "active_pip": 0, "licensed": 1, "id": "1144010400103360001-1", "pnu": "1144010400103360001", "floors": 1, "height": 0.0}}, {"type": "Feature", "geometry": {"type": "Polygon", "coordinates": [[[126.94674953, 37.53962516], [126.9468161, 37.53957121], [126.9468029, 37.53936794], [126.94662841, 37.53923145], [126.94650512, 37.53933159], [126.94651778, 37.53934132], [126.94645472, 37.53939239], [126.94647598, 37.53940898], [126.94646455, 37.53941815], [126.94671819, 37.5396165], [126.94672816, 37.53960838], [126.94674953, 37.53962516]]]}, "properties": {"name": "일신빌딩", "status": "high", "capacity": 23, "active": 10, "industry": "장례식장 ", "vacancy_rate": 56.5, "vacancy_rate_lo": null, "vacancy_rate_hi": null, "stores": 10, "source": "stores+ledger", "capacity_method": "expos_units", "active_pip": 0, "licensed": 2, "com_floors": null, "occ_floors": null, "unknown_n": null, "id": "1144010400105410000-1", "pnu": "1144010400105410000", "floors": 16, "height": 58.3}}, {"type": "Feature", "geometry": {"type": "Polygon", "coordinates": [[[126.94774715, 37.53981256], [126.94771877, 37.53977948], [126.94764556, 37.53978467], [126.94763248, 37.53987576], [126.94764832, 37.53989667], [126.94775858, 37.53983221], [126.94774715, 37.53981256]]]}, "properties": {"name": "일부", "status": "full", "capacity": 2, "active": 2, "industry": "오락용품 소매", "vacancy_rate": 0.0, "vacancy_rate_lo": 0.0, "vacancy_rate_hi": 0.0, "stores": 5, "source": "stores+ledger", "capacity_method": "floor_ouln", "active_pip": 0, "licensed": 2, "com_floors": [1, 2], "occ_floors": [1, 2], "unknown_n": 0, "id": "1144010400102010020-1", "pnu": "1144010400102010020", "floors": 4, "height": 12.5}}, {"type": "Feature", "geometry": {"type": "Polygon", "coordinates": [[[126.94800383, 37.53990043], [126.94807878, 37.53984154], [126.94804271, 37.53981242], [126.94799458, 37.53985015], [126.94796744, 37.53982825], [126.94794051, 37.53984941], [126.94800383, 37.53990043]]]}, "properties": {"name": "도화동 201-56", "status": "empty", "capacity": 1, "active": 0, "industry": "", "vacancy_rate": 100.0, "source": "polygon_only", "capacity_method": "floor_approx", "active_pip": 0, "licensed": 0, "id": "1144010400102010056-2", "pnu": "1144010400102010056", "floors": 1, "height": 0.0}}, {"type": "Feature", "geometry": {"type": "Polygon", "coordinates": [[[126.94742036, 37.53918946], [126.9473893, 37.53879211], [126.94726053, 37.53879872], [126.94726502, 37.53884296], [126.94723866, 37.5388443], [126.94724124, 37.53887998], [126.94726398, 37.53888044], [126.94729069, 37.53919607], [126.94742036, 37.53918946]]]}, "properties": {"name": "근신빌딩", "status": "full", "capacity": 5, "active": 5, "industry": "한식", "vacancy_rate": 0.0, "vacancy_rate_lo": 0.0, "vacancy_rate_hi": 20.0, "stores": 9, "source": "stores+ledger", "capacity_method": "floor_ouln", "active_pip": 0, "licensed": 7, "com_floors": [1, 2, 3, 4, 5], "occ_floors": [1, 3, 4, 5], "unknown_n": 1, "id": "1144010400102500004-1", "pnu": "1144010400102500004", "floors": 0, "height": 0.0}}, {"type": "Feature", "geometry": {"type": "Polygon", "coordinates": [[[126.94700948, 37.53974315], [126.94698354, 37.53962384], [126.94690843, 37.5396313], [126.94691181, 37.53968549], [126.94694156, 37.53972553], [126.94700948, 37.53974315]]]}, "properties": {"name": "도화동 250-13", "status": "full", "capacity": 2, "active": 2, "industry": "안경·정밀기기 소매", "vacancy_rate": 0.0, "vacancy_rate_lo": 0.0, "vacancy_rate_hi": 100.0, "stores": 2, "source": "stores+ledger", "capacity_method": "floor_ouln", "active_pip": 0, "licensed": 0, "com_floors": [1, 2], "occ_floors": [], "unknown_n": 2, "id": "1144010400102500013-1", "pnu": "1144010400102500013", "floors": 2, "height": 0.0}}, {"type": "Feature", "geometry": {"type": "Polygon", "coordinates": [[[126.9479551, 37.53864841], [126.94798281, 37.53865948], [126.94805503, 37.53852568], [126.94799189, 37.53850497], [126.94794076, 37.53859971], [126.94795572, 37.53860449], [126.94795377, 37.53860878], [126.9479551, 37.53864841]]]}, "properties": {"name": "전체", "status": "full", "capacity": 2, "active": 2, "industry": "일식", "vacancy_rate": 0.0, "vacancy_rate_lo": 0.0, "vacancy_rate_hi": 0.0, "stores": 2, "source": "stores+ledger", "capacity_method": "floor_ouln", "active_pip": 0, "licensed": 1, "com_floors": [1, 2], "occ_floors": [1, 2], "unknown_n": 0, "id": "1144010400102040001-1", "pnu": "1144010400102040001", "floors": 3, "height": 11.75}}, {"type": "Feature", "geometry": {"type": "Polygon", "coordinates": [[[126.95103113, 37.54259174], [126.95102499, 37.5425265], [126.95116017, 37.54252061], [126.95114998, 37.54237261], [126.9507145, 37.54239422], [126.95072593, 37.54253158], [126.95073364, 37.54253142], [126.95073604, 37.54260516], [126.95103113, 37.54259174]]]}, "properties": {"name": "장학빌딩", "status": "full", "capacity": 3, "active": 3, "industry": "종합 소매", "vacancy_rate": 0.0, "vacancy_rate_lo": 0.0, "vacancy_rate_hi": 0.0, "stores": 3, "source": "stores+ledger", "capacity_method": "floor_ouln", "active_pip": 0, "licensed": 2, "com_floors": [1, 2, 17], "occ_floors": [1, 2, 17], "unknown_n": 0, "id": "1144010400105650000-1", "pnu": "1144010400105650000", "floors": 18, "height": 84.6}}, {"type": "Feature", "geometry": {"type": "Polygon", "coordinates": [[[126.94995518, 37.54167281], [126.95009243, 37.54178896], [126.95010479, 37.54177969], [126.95012186, 37.54179413], [126.95010455, 37.5418071], [126.9501945, 37.54188321], [126.95021181, 37.54187024], [126.95022886, 37.54188467], [126.95021645, 37.54189356], [126.95035376, 37.54201007], [126.95052351, 37.54188288], [126.95011587, 37.54155241], [126.94995518, 37.54167281]]]}, "properties": {"name": "나눔빌딩", "status": "high", "capacity": 51, "active": 22, "industry": "한식", "vacancy_rate": 56.9, "vacancy_rate_lo": null, "vacancy_rate_hi": null, "stores": 22, "source": "stores+ledger", "capacity_method": "expos_units", "active_pip": 0, "licensed": 9, "com_floors": null, "occ_floors": null, "unknown_n": null, "id": "1144010400105710000-1", "pnu": "1144010400105710000", "floors": 20, "height": 79.8}}, {"type": "Feature", "geometry": {"type": "Polygon", "coordinates": [[[126.94886079, 37.54376771], [126.94882542, 37.54369751], [126.94876203, 37.54373271], [126.94872868, 37.54368422], [126.94847185, 37.54379494], [126.94854759, 37.5439048], [126.94886079, 37.54376771]]]}, "properties": {"name": "염리동 168-10", "status": "empty", "capacity": 1, "active": 0, "industry": "", "vacancy_rate": 100.0, "source": "polygon_only", "capacity_method": "floor_approx", "active_pip": 0, "licensed": 0, "id": "1144010900101680010-2", "pnu": "1144010900101680010", "floors": 1, "height": 0.0}}, {"type": "Feature", "geometry": {"type": "Polygon", "coordinates": [[[126.9509776, 37.54203382], [126.95094039, 37.54200281], [126.9508316, 37.54208576], [126.9508688, 37.54211677], [126.9509776, 37.54203382]]]}, "properties": {"name": "도화동 181-5", "status": "full", "capacity": 1, "active": 1, "industry": "한식", "vacancy_rate": 0.0, "vacancy_rate_lo": 0.0, "vacancy_rate_hi": 0.0, "stores": 1, "source": "stores+ledger", "capacity_method": "floor_ouln", "active_pip": 0, "licensed": 1, "com_floors": [1], "occ_floors": [1], "unknown_n": 0, "id": "1144010400101810005-1", "pnu": "1144010400101810005", "floors": 1, "height": 0.0}}, {"type": "Feature", "geometry": {"type": "Polygon", "coordinates": [[[126.95107593, 37.54184619], [126.95106681, 37.54177996], [126.95090103, 37.54179773], [126.95090216, 37.5418044], [126.95089797, 37.54180485], [126.95090361, 37.54183027], [126.95095383, 37.54186281], [126.95100158, 37.54185842], [126.95100102, 37.5418549], [126.95107593, 37.54184619]]]}, "properties": {"name": "도화동 194-19", "status": "full", "capacity": 3, "active": 3, "industry": "주점", "vacancy_rate": 0.0, "vacancy_rate_lo": 0.0, "vacancy_rate_hi": 33.3, "stores": 5, "source": "stores+ledger", "capacity_method": "floor_ouln", "active_pip": 0, "licensed": 5, "com_floors": [1, 2, 3], "occ_floors": [1, 2], "unknown_n": 1, "id": "1144010400101940019-1", "pnu": "1144010400101940019", "floors": 3, "height": 0.0}}, {"type": "Feature", "geometry": {"type": "Polygon", "coordinates": [[[126.94747218, 37.54322795], [126.94735648, 37.54314564], [126.94717825, 37.54331503], [126.94731706, 37.54338141], [126.94747218, 37.54322795]]]}, "properties": {"name": "염리동 172-10", "status": "full", "capacity": 2, "active": 2, "industry": "", "vacancy_rate": 0.0, "source": "pip_only", "capacity_method": "floor_approx", "active_pip": 0, "licensed": 2, "id": "1144010900101720010-1", "pnu": "1144010900101720010", "floors": 2, "height": 0.0}}, {"type": "Feature", "geometry": {"type": "Polygon", "coordinates": [[[126.94907101, 37.54338333], [126.94907333, 37.54343127], [126.9491596, 37.54345337], [126.94916988, 37.54342914], [126.94912681, 37.54339802], [126.94907101, 37.54338333]]]}, "properties": {"name": "염리동 168-40", "status": "full", "capacity": 1, "active": 1, "industry": "일식", "vacancy_rate": 0.0, "vacancy_rate_lo": 0.0, "vacancy_rate_hi": 0.0, "stores": 1, "source": "stores+ledger", "capacity_method": "floor_ouln", "active_pip": 0, "licensed": 0, "com_floors": [1], "occ_floors": [1], "unknown_n": 0, "id": "1144010900101680040-1", "pnu": "1144010900101680040", "floors": 3, "height": 9.0}}, {"type": "Feature", "geometry": {"type": "Polygon", "coordinates": [[[126.9512358, 37.54181692], [126.95122287, 37.54172699], [126.95113319, 37.54173231], [126.95115187, 37.541828], [126.9512358, 37.54181692]]]}, "properties": {"name": "도화동 194-22", "status": "full", "capacity": 1, "active": 1, "industry": "한식", "vacancy_rate": 0.0, "vacancy_rate_lo": 0.0, "vacancy_rate_hi": 0.0, "stores": 1, "source": "stores+ledger", "capacity_method": "floor_ouln", "active_pip": 0, "licensed": 1, "com_floors": [1], "occ_floors": [1], "unknown_n": 0, "id": "1144010400101940022-2", "pnu": "1144010400101940022", "floors": 3, "height": 0.0}}, {"type": "Feature", "geometry": {"type": "Polygon", "coordinates": [[[126.94705581, 37.54413381], [126.9469934, 37.54405449], [126.94697202, 37.54406574], [126.94695819, 37.54408204], [126.94695218, 37.54409447], [126.94695205, 37.54411502], [126.9469603, 37.54412908], [126.94697694, 37.54414233], [126.94699842, 37.54415027], [126.94701982, 37.54415037], [126.94703984, 37.54414389], [126.94705581, 37.54413381]]]}, "properties": {"name": "재화스퀘어", "status": "full", "capacity": 1, "active": 1, "industry": "한식", "vacancy_rate": 0.0, "vacancy_rate_lo": 0.0, "vacancy_rate_hi": 0.0, "stores": 15, "source": "stores+ledger", "capacity_method": "floor_ouln", "active_pip": 0, "licensed": 13, "com_floors": [1], "occ_floors": [1], "unknown_n": 0, "id": "1144010900101680009-3", "pnu": "1144010900101680009", "floors": 0, "height": 0.0}}, {"type": "Feature", "geometry": {"type": "Polygon", "coordinates": [[[126.94907057, 37.54360878], [126.94907592, 37.5435722], [126.94893742, 37.54355935], [126.9489356, 37.54357421], [126.94895346, 37.54360125], [126.9489598, 37.54359855], [126.94907057, 37.54360878]]]}, "properties": {"name": "염리동 168-21", "status": "empty", "capacity": 2, "active": 0, "industry": "", "vacancy_rate": 100.0, "source": "polygon_only", "capacity_method": "floor_approx", "active_pip": 0, "licensed": 0, "id": "1144010900101680021-1", "pnu": "1144010900101680021", "floors": 2, "height": 5.9}}, {"type": "Feature", "geometry": {"type": "Polygon", "coordinates": [[[126.94719939, 37.5443183], [126.94713755, 37.54423881], [126.94711876, 37.54425051], [126.94709973, 37.54426762], [126.94709474, 37.5442878], [126.94709609, 37.54430303], [126.94710683, 37.54431826], [126.94712379, 37.54432935], [126.94714597, 37.54433351], [126.94717075, 37.54433136], [126.94719939, 37.5443183]]]}, "properties": {"name": "재화스퀘어", "status": "full", "capacity": 1, "active": 1, "industry": "한식", "vacancy_rate": 0.0, "vacancy_rate_lo": 0.0, "vacancy_rate_hi": 0.0, "stores": 15, "source": "stores+ledger", "capacity_method": "floor_ouln", "active_pip": 0, "licensed": 13, "com_floors": [1], "occ_floors": [1], "unknown_n": 0, "id": "1144010900101680009-4", "pnu": "1144010900101680009", "floors": 0, "height": 0.0}}, {"type": "Feature", "geometry": {"type": "Polygon", "coordinates": [[[126.94711396, 37.54335212], [126.94700576, 37.54321972], [126.94694566, 37.54325068], [126.94706097, 37.54339084], [126.94710229, 37.54336897], [126.94709596, 37.54336121], [126.94711396, 37.54335212]]]}, "properties": {"name": "염리동 172-12", "status": "empty", "capacity": 2, "active": 0, "industry": "", "vacancy_rate": 100.0, "source": "polygon_only", "capacity_method": "floor_approx", "active_pip": 0, "licensed": 0, "id": "1144010900101720012-1", "pnu": "1144010900101720012", "floors": 2, "height": 0.0}}, {"type": "Feature", "geometry": {"type": "Polygon", "coordinates": [[[126.94641554, 37.54460856], [126.94653397, 37.54475898], [126.94687217, 37.54460188], [126.94676936, 37.54444506], [126.94641554, 37.54460856]]]}, "properties": {"name": "염리동 164-1", "status": "full", "capacity": 1, "active": 1, "industry": "비알코올 ", "vacancy_rate": 0.0, "vacancy_rate_lo": 0.0, "vacancy_rate_hi": 0.0, "stores": 1, "source": "stores+ledger", "capacity_method": "floor_ouln", "active_pip": 0, "licensed": 1, "com_floors": [1], "occ_floors": [1], "unknown_n": 0, "id": "1144010900101640001-1", "pnu": "1144010900101640001", "floors": 5, "height": 21.4}}, {"type": "Feature", "geometry": {"type": "Polygon", "coordinates": [[[126.9471688, 37.54356488], [126.94709972, 37.54347402], [126.94695269, 37.54354775], [126.9470229, 37.54363491], [126.9471688, 37.54356488]]]}, "properties": {"name": "화인빌딩", "status": "partial", "capacity": 4, "active": 3, "industry": "기타 교육", "vacancy_rate": 25.0, "vacancy_rate_lo": 25.0, "vacancy_rate_hi": 25.0, "stores": 3, "source": "stores+ledger", "capacity_method": "floor_ouln", "active_pip": 0, "licensed": 1, "com_floors": [1, 2, 3, 4], "occ_floors": [1, 2, 3], "unknown_n": 0, "id": "1144010900101720014-1", "pnu": "1144010900101720014", "floors": 4, "height": 0.0}}, {"type": "Feature", "geometry": {"type": "Polygon", "coordinates": [[[126.94901234, 37.54321204], [126.9488588, 37.5430324], [126.94871187, 37.54311227], [126.94886541, 37.54329154], [126.94901234, 37.54321204]]]}, "properties": {"name": "도화동 16-1", "status": "empty", "capacity": 2, "active": 0, "industry": "", "vacancy_rate": 100.0, "source": "polygon_only", "capacity_method": "floor_approx", "active_pip": 0, "licensed": 0, "id": "1144010400100160001-1", "pnu": "1144010400100160001", "floors": 2, "height": 10.77}}, {"type": "Feature", "geometry": {"type": "Polygon", "coordinates": [[[126.94781928, 37.54396368], [126.94766043, 37.54376187], [126.94713973, 37.54402149], [126.94730265, 37.54422915], [126.94781826, 37.54397251], [126.94781996, 37.5439708], [126.94782007, 37.54396674], [126.94781928, 37.54396368]]]}, "properties": {"name": "재화스퀘어", "status": "full", "capacity": 1, "active": 1, "industry": "한식", "vacancy_rate": 0.0, "vacancy_rate_lo": 0.0, "vacancy_rate_hi": 0.0, "stores": 15, "source": "stores+ledger", "capacity_method": "floor_ouln", "active_pip": 0, "licensed": 13, "com_floors": [1], "occ_floors": [1], "unknown_n": 0, "id": "1144010900101680009-5", "pnu": "1144010900101680009", "floors": 15, "height": 61.95}}, {"type": "Feature", "geometry": {"type": "Polygon", "coordinates": [[[126.94868082, 37.54454666], [126.94893914, 37.5444639], [126.94892714, 37.54442858], [126.94906022, 37.54438507], [126.94907498, 37.5444145], [126.94934149, 37.54433657], [126.94928887, 37.54424003], [126.94903092, 37.54432685], [126.94905095, 37.5443666], [126.94892439, 37.54441028], [126.94889508, 37.54436237], [126.94862854, 37.54444731], [126.94868082, 37.54454666]]]}, "properties": {"name": "공덕더샵아파트", "status": "partial", "capacity": 19, "active": 14, "industry": "한식", "vacancy_rate": 26.3, "vacancy_rate_lo": null, "vacancy_rate_hi": null, "stores": 14, "source": "stores+ledger", "capacity_method": "expos_units", "active_pip": 0, "licensed": 9, "com_floors": null, "occ_floors": null, "unknown_n": null, "id": "1144010200104780000-1", "pnu": "1144010200104780000", "floors": 23, "height": 69.98}}, {"type": "Feature", "geometry": {"type": "Polygon", "coordinates": [[[126.9517932, 37.54335621], [126.95167063, 37.54314992], [126.95163985, 37.54316189], [126.95159074, 37.54308188], [126.95122766, 37.54323365], [126.95144113, 37.54349839], [126.9517932, 37.54335621]]]}, "properties": {"name": "공덕동 471", "status": "full", "capacity": 2, "active": 2, "industry": "서양식", "vacancy_rate": 0.0, "vacancy_rate_lo": 0.0, "vacancy_rate_hi": 0.0, "stores": 5, "source": "stores+ledger", "capacity_method": "floor_ouln", "active_pip": 0, "licensed": 4, "com_floors": [1, 23], "occ_floors": [1, 23], "unknown_n": 0, "id": "1144010200104710000-1", "pnu": "1144010200104710000", "floors": 23, "height": 109.1}}, {"type": "Feature", "geometry": {"type": "Polygon", "coordinates": [[[126.95064306, 37.54058092], [126.95074684, 37.54049557], [126.9502963, 37.54016532], [126.95019791, 37.54025691], [126.95022256, 37.54027377], [126.95021871, 37.54027737], [126.95027379, 37.54031488], [126.95028172, 37.54030758], [126.95030241, 37.54032165], [126.9503006, 37.54032327], [126.9503265, 37.54034094], [126.95032288, 37.54034427], [126.95034878, 37.54036194], [126.95034255, 37.5403678], [126.95039718, 37.54040512], [126.95039797, 37.54040449], [126.95044309, 37.54043523], [126.95043891, 37.54043911], [126.9504949, 37.54047715], [126.95050361, 37.54046896], [126.95052612, 37.54048428], [126.95052283, 37.54048725], [126.95054987, 37.54050565], [126.95055031, 37.54050529], [126.9505734, 37.54052097], [126.950564, 37.54052971], [126.95062111, 37.54056866], [126.95062281, 37.54056713], [126.95064306, 37.54058092]]]}, "properties": {"name": "삼성아파트", "status": "high", "capacity": 168, "active": 35, "industry": "의원", "vacancy_rate": 79.2, "vacancy_rate_lo": null, "vacancy_rate_hi": null, "stores": 35, "source": "stores+ledger", "capacity_method": "expos_units", "active_pip": 0, "licensed": 0, "com_floors": null, "occ_floors": null, "unknown_n": null, "id": "1144010400105500000-20", "pnu": "1144010400105500000", "floors": 17, "height": 46.6}}, {"type": "Feature", "geometry": {"type": "Polygon", "coordinates": [[[126.94649136, 37.54111468], [126.94645928, 37.54110134], [126.94637208, 37.54116213], [126.94635728, 37.54117425], [126.94637477, 37.5411949], [126.94649136, 37.54111468]]]}, "properties": {"name": "성지빌딩", "status": "high", "capacity": 64, "active": 30, "industry": "한식", "vacancy_rate": 53.1, "vacancy_rate_lo": null, "vacancy_rate_hi": null, "stores": 30, "source": "stores+ledger", "capacity_method": "expos_units", "active_pip": 0, "licensed": 13, "com_floors": null, "occ_floors": null, "unknown_n": null, "id": "1144010400105380000-2", "pnu": "1144010400105380000", "floors": 0, "height": 0.0}}, {"type": "Feature", "geometry": {"type": "Polygon", "coordinates": [[[126.94659935, 37.54040297], [126.94645365, 37.54029824], [126.94642139, 37.54032486], [126.94656811, 37.54043312], [126.94659935, 37.54040297]]]}, "properties": {"name": "일진", "status": "high", "capacity": 34, "active": 4, "industry": "의원", "vacancy_rate": 88.2, "vacancy_rate_lo": null, "vacancy_rate_hi": null, "stores": 4, "source": "stores+ledger", "capacity_method": "expos_units", "active_pip": 0, "licensed": 4, "com_floors": null, "occ_floors": null, "unknown_n": null, "id": "1144010400100500001-1", "pnu": "1144010400100500001", "floors": 0, "height": 0.0}}, {"type": "Feature", "geometry": {"type": "Polygon", "coordinates": [[[126.95040641, 37.54151164], [126.9503563, 37.54147261], [126.95027482, 37.5414942], [126.95027877, 37.54150375], [126.95037129, 37.54155821], [126.95040641, 37.54151164]]]}, "properties": {"name": "도화동 182-6", "status": "full", "capacity": 4, "active": 4, "industry": "욕탕·신체관리", "vacancy_rate": 0.0, "vacancy_rate_lo": 0.0, "vacancy_rate_hi": 0.0, "stores": 5, "source": "stores+ledger", "capacity_method": "floor_ouln", "active_pip": 0, "licensed": 2, "com_floors": [1, 2, 3, 4], "occ_floors": [1, 2, 3, 4], "unknown_n": 0, "id": "1144010400101820006-1", "pnu": "1144010400101820006", "floors": 4, "height": 12.6}}, {"type": "Feature", "geometry": {"type": "Polygon", "coordinates": [[[126.95260483, 37.54081526], [126.95253005, 37.54078495], [126.95247218, 37.54087566], [126.95254684, 37.54090587], [126.95260483, 37.54081526]]]}, "properties": {"name": "도화동 2-59", "status": "empty", "capacity": 3, "active": 0, "industry": "", "vacancy_rate": 100.0, "source": "polygon_only", "capacity_method": "floor_approx", "active_pip": 0, "licensed": 0, "id": "1144010400100020059-1", "pnu": "1144010400100020059", "floors": 3, "height": 0.0}}, {"type": "Feature", "geometry": {"type": "Polygon", "coordinates": [[[126.94623732, 37.5414936], [126.94652295, 37.54129569], [126.94675151, 37.54113515], [126.9466251, 37.54102111], [126.94637275, 37.5411985], [126.94637253, 37.54119849], [126.94635252, 37.5411746], [126.94637142, 37.54115939], [126.94631601, 37.5411135], [126.94629496, 37.54112791], [126.9462521, 37.54108789], [126.94583753, 37.54137998], [126.94588344, 37.54142117], [126.94586645, 37.54143315], [126.94591711, 37.54148237], [126.9461373, 37.54132651], [126.94614771, 37.54132678], [126.94617169, 37.5413477], [126.94612663, 37.54138219], [126.9461809, 37.54143113], [126.94617976, 37.54143987], [126.9461801, 37.54144312], [126.94623732, 37.5414936]]]}, "properties": {"name": "성지빌딩", "status": "high", "capacity": 64, "active": 30, "industry": "한식", "vacancy_rate": 53.1, "vacancy_rate_lo": null, "vacancy_rate_hi": null, "stores": 30, "source": "stores+ledger", "capacity_method": "expos_units", "active_pip": 0, "licensed": 13, "com_floors": null, "occ_floors": null, "unknown_n": null, "id": "1144010400105380000-3", "pnu": "1144010400105380000", "floors": 17, "height": 0.0}}, {"type": "Feature", "geometry": {"type": "Polygon", "coordinates": [[[126.95232861, 37.54102428], [126.95236309, 37.54099863], [126.95237449, 37.54101336], [126.95246961, 37.54094389], [126.9524173, 37.5408983], [126.95232867, 37.54096625], [126.95231404, 37.54098251], [126.95232196, 37.54099013], [126.95230211, 37.54100482], [126.95232861, 37.54102428]]]}, "properties": {"name": "도화동 185-13", "status": "partial", "capacity": 2, "active": 1, "industry": "기타 교육", "vacancy_rate": 50.0, "vacancy_rate_lo": 50.0, "vacancy_rate_hi": 50.0, "stores": 1, "source": "stores+ledger", "capacity_method": "floor_ouln", "active_pip": 0, "licensed": 0, "com_floors": [1, 2], "occ_floors": [2], "unknown_n": 0, "id": "1144010400101850013-1", "pnu": "1144010400101850013", "floors": 4, "height": 11.6}}, {"type": "Feature", "geometry": {"type": "Polygon", "coordinates": [[[126.94791236, 37.54186757], [126.94788661, 37.54184384], [126.94785831, 37.54186365], [126.94788366, 37.54188725], [126.94791236, 37.54186757]]]}, "properties": {"name": "삼창프라자", "status": "high", "capacity": 152, "active": 58, "industry": "한식", "vacancy_rate": 61.8, "vacancy_rate_lo": null, "vacancy_rate_hi": null, "stores": 58, "source": "stores+ledger", "capacity_method": "expos_units", "active_pip": 0, "licensed": 24, "com_floors": null, "occ_floors": null, "unknown_n": null, "id": "1144010400101730000-2", "pnu": "1144010400101730000", "floors": 0, "height": 0.0}}, {"type": "Feature", "geometry": {"type": "Polygon", "coordinates": [[[126.95075099, 37.54196481], [126.95069387, 37.54193199], [126.95065199, 37.54195657], [126.95071579, 37.54199885], [126.95075099, 37.54196481]]]}, "properties": {"name": "도화동 181-12", "status": "full", "capacity": 1, "active": 1, "industry": "한식", "vacancy_rate": 0.0, "vacancy_rate_lo": 0.0, "vacancy_rate_hi": 0.0, "stores": 1, "source": "stores+ledger", "capacity_method": "floor_ouln", "active_pip": 0, "licensed": 1, "com_floors": [1], "occ_floors": [1], "unknown_n": 0, "id": "1144010400101810012-2", "pnu": "1144010400101810012", "floors": 0, "height": 0.0}}, {"type": "Feature", "geometry": {"type": "Polygon", "coordinates": [[[126.95094017, 37.5419976], [126.95089062, 37.54196586], [126.95079709, 37.5420579], [126.95083171, 37.54208522], [126.95094017, 37.5419976]]]}, "properties": {"name": "도화동 181-6", "status": "full", "capacity": 3, "active": 3, "industry": "한식", "vacancy_rate": 0.0, "vacancy_rate_lo": 0.0, "vacancy_rate_hi": 33.3, "stores": 2, "source": "stores+ledger", "capacity_method": "floor_ouln", "active_pip": 0, "licensed": 2, "com_floors": [1, 2, 3], "occ_floors": [1, 2], "unknown_n": 1, "id": "1144010400101810006-1", "pnu": "1144010400101810006", "floors": 3, "height": 0.0}}, {"type": "Feature", "geometry": {"type": "Polygon", "coordinates": [[[126.95134294, 37.54206759], [126.95127744, 37.54205603], [126.95126904, 37.54208602], [126.95133342, 37.54210209], [126.95134294, 37.54206759]]]}, "properties": {"name": "외", "status": "full", "capacity": 1, "active": 1, "industry": "비알코올 ", "vacancy_rate": 0.0, "vacancy_rate_lo": 0.0, "vacancy_rate_hi": 100.0, "stores": 1, "source": "stores+ledger", "capacity_method": "floor_ouln", "active_pip": 0, "licensed": 0, "com_floors": [1], "occ_floors": [], "unknown_n": 1, "id": "1144010400101830017-1", "pnu": "1144010400101830017", "floors": 1, "height": 4.6}}, {"type": "Feature", "geometry": {"type": "Polygon", "coordinates": [[[126.95089594, 37.5421457], [126.95077583, 37.54205195], [126.9507216, 37.54209598], [126.95080032, 37.54215746], [126.95089594, 37.5421457]]]}, "properties": {"name": "도화동 181-45", "status": "full", "capacity": 1, "active": 1, "industry": "한식", "vacancy_rate": 0.0, "vacancy_rate_lo": 0.0, "vacancy_rate_hi": 0.0, "stores": 1, "source": "stores+ledger", "capacity_method": "floor_ouln", "active_pip": 0, "licensed": 1, "com_floors": [1], "occ_floors": [1], "unknown_n": 0, "id": "1144010400101810045-1", "pnu": "1144010400101810045", "floors": 1, "height": 0.0}}, {"type": "Feature", "geometry": {"type": "Polygon", "coordinates": [[[126.94793615, 37.54174609], [126.94845328, 37.5420761], [126.94863689, 37.54188445], [126.94814534, 37.54154429], [126.94793615, 37.54174609]]]}, "properties": {"name": "도화동 573", "status": "partial", "capacity": 5, "active": 3, "industry": "동남아시아", "vacancy_rate": 40.0, "vacancy_rate_lo": null, "vacancy_rate_hi": null, "stores": 3, "source": "stores+ledger", "capacity_method": "expos_units", "active_pip": 0, "licensed": 3, "com_floors": null, "occ_floors": null, "unknown_n": null, "id": "1144010400105730000-1", "pnu": "1144010400105730000", "floors": 24, "height": 96.4}}, {"type": "Feature", "geometry": {"type": "Polygon", "coordinates": [[[126.95015138, 37.54050768], [126.95012211, 37.54049175], [126.95008606, 37.54052736], [126.95011359, 37.54054323], [126.95015138, 37.54050768]]]}, "properties": {"name": "삼성아파트", "status": "high", "capacity": 168, "active": 35, "industry": "의원", "vacancy_rate": 79.2, "vacancy_rate_lo": null, "vacancy_rate_hi": null, "stores": 35, "source": "stores+ledger", "capacity_method": "expos_units", "active_pip": 0, "licensed": 0, "com_floors": null, "occ_floors": null, "unknown_n": null, "id": "1144010400105500000-21", "pnu": "1144010400105500000", "floors": 0, "height": 0.0}}, {"type": "Feature", "geometry": {"type": "Polygon", "coordinates": [[[126.95224931, 37.54192373], [126.95222902, 37.54185957], [126.95221888, 37.54186027], [126.95221742, 37.54184729], [126.95212847, 37.54186708], [126.95215523, 37.54194358], [126.95224931, 37.54192373]]]}, "properties": {"name": "지", "status": "full", "capacity": 3, "active": 3, "industry": "한식", "vacancy_rate": 0.0, "vacancy_rate_lo": 0.0, "vacancy_rate_hi": 0.0, "stores": 2, "source": "stores+ledger", "capacity_method": "floor_ouln", "active_pip": 0, "licensed": 1, "com_floors": [1, 2, 3], "occ_floors": [1, 2, 3], "unknown_n": 0, "id": "1144010400100380003-1", "pnu": "1144010400100380003", "floors": 3, "height": 0.0}}, {"type": "Feature", "geometry": {"type": "Polygon", "coordinates": [[[126.95356128, 37.5403626], [126.95346323, 37.5403304], [126.95342406, 37.54039532], [126.95352582, 37.54042907], [126.95356128, 37.5403626]]]}, "properties": {"name": "도화현대아파트", "status": "high", "capacity": 16, "active": 1, "industry": "기타 간이", "vacancy_rate": 93.8, "vacancy_rate_lo": null, "vacancy_rate_hi": null, "stores": 1, "source": "stores+ledger", "capacity_method": "expos_units", "active_pip": 0, "licensed": 1, "com_floors": null, "occ_floors": null, "unknown_n": null, "id": "1144010400105470000-6", "pnu": "1144010400105470000", "floors": 3, "height": 12.45}}, {"type": "Feature", "geometry": {"type": "Polygon", "coordinates": [[[126.95146722, 37.54168391], [126.9514117, 37.54160496], [126.95134537, 37.54163457], [126.9514087, 37.54171379], [126.95146722, 37.54168391]]]}, "properties": {"name": "도화동 194-25", "status": "partial", "capacity": 4, "active": 3, "industry": "주점", "vacancy_rate": 25.0, "vacancy_rate_lo": 25.0, "vacancy_rate_hi": 50.0, "stores": 3, "source": "stores+ledger", "capacity_method": "floor_ouln", "active_pip": 0, "licensed": 2, "com_floors": [1, 2, 3, 4], "occ_floors": [1, 2], "unknown_n": 1, "id": "1144010400101940025-1", "pnu": "1144010400101940025", "floors": 4, "height": 12.7}}, {"type": "Feature", "geometry": {"type": "Polygon", "coordinates": [[[126.95073347, 37.54177812], [126.95076659, 37.54165046], [126.95078187, 37.54165298], [126.95079196, 37.54161415], [126.9506476, 37.54158545], [126.95059626, 37.54170391], [126.95073347, 37.54177812]]]}, "properties": {"name": "일부", "status": "partial", "capacity": 3, "active": 2, "industry": "한식", "vacancy_rate": 33.3, "vacancy_rate_lo": 33.3, "vacancy_rate_hi": 66.7, "stores": 3, "source": "stores+ledger", "capacity_method": "floor_ouln", "active_pip": 0, "licensed": 2, "com_floors": [1, 2, 3], "occ_floors": [1], "unknown_n": 1, "id": "1144010400101820011-2", "pnu": "1144010400101820011", "floors": 3, "height": 0.0}}, {"type": "Feature", "geometry": {"type": "Polygon", "coordinates": [[[126.95076949, 37.54204519], [126.95064328, 37.54195377], [126.95058803, 37.54199303], [126.95072184, 37.54208787], [126.95076949, 37.54204519]]]}, "properties": {"name": "도화동 181-10", "status": "full", "capacity": 1, "active": 1, "industry": "", "vacancy_rate": 0.0, "source": "pip_only", "capacity_method": "floor_approx", "active_pip": 0, "licensed": 1, "id": "1144010400101810010-1", "pnu": "1144010400101810010", "floors": 1, "height": 0.0}}, {"type": "Feature", "geometry": {"type": "Polygon", "coordinates": [[[126.94954657, 37.54133423], [126.94945167, 37.54126986], [126.94941454, 37.54130462], [126.94942042, 37.54130859], [126.94939483, 37.54133254], [126.9493946, 37.54133245], [126.94935531, 37.54136919], [126.94944409, 37.54142987], [126.94954657, 37.54133423]]]}, "properties": {"name": "도화동 179-7", "status": "full", "capacity": 1, "active": 1, "industry": "한식", "vacancy_rate": 0.0, "vacancy_rate_lo": 0.0, "vacancy_rate_hi": 0.0, "stores": 1, "source": "stores+ledger", "capacity_method": "floor_ouln", "active_pip": 0, "licensed": 1, "com_floors": [1], "occ_floors": [1], "unknown_n": 0, "id": "1144010400101790007-1", "pnu": "1144010400101790007", "floors": 1, "height": 0.0}}, {"type": "Feature", "geometry": {"type": "Polygon", "coordinates": [[[126.94932369, 37.54093779], [126.94924724, 37.54087973], [126.9491355, 37.54097356], [126.94921377, 37.54103288], [126.94932369, 37.54093779]]]}, "properties": {"name": "도화동 179-6", "status": "full", "capacity": 4, "active": 4, "industry": "일식", "vacancy_rate": 0.0, "vacancy_rate_lo": 0.0, "vacancy_rate_hi": 25.0, "stores": 4, "source": "stores+ledger", "capacity_method": "floor_ouln", "active_pip": 0, "licensed": 2, "com_floors": [1, 2, 3, 4], "occ_floors": [1, 2, 3], "unknown_n": 1, "id": "1144010400101790006-1", "pnu": "1144010400101790006", "floors": 4, "height": 0.0}}, {"type": "Feature", "geometry": {"type": "Polygon", "coordinates": [[[126.94856863, 37.54209957], [126.94851084, 37.54205819], [126.94844448, 37.54213429], [126.94849334, 37.54216963], [126.94856863, 37.54209957]]]}, "properties": {"name": "도화동 174-1", "status": "full", "capacity": 3, "active": 3, "industry": "주점", "vacancy_rate": 0.0, "vacancy_rate_lo": 0.0, "vacancy_rate_hi": 33.3, "stores": 5, "source": "stores+ledger", "capacity_method": "floor_ouln", "active_pip": 0, "licensed": 0, "com_floors": [1, 2, 3], "occ_floors": [1, 2], "unknown_n": 1, "id": "1144010400101740001-3", "pnu": "1144010400101740001", "floors": 0, "height": 0.0}}, {"type": "Feature", "geometry": {"type": "Polygon", "coordinates": [[[126.95057059, 37.54152514], [126.95059979, 37.54149235], [126.95056264, 37.54138107], [126.95048444, 37.54139752], [126.95050883, 37.5414706], [126.95051641, 37.54147024], [126.95049422, 37.54149654], [126.95053438, 37.54152386], [126.95054446, 37.54151368], [126.95057059, 37.54152514]]]}, "properties": {"name": "도화동 182-3", "status": "full", "capacity": 5, "active": 5, "industry": "이용·미용", "vacancy_rate": 0.0, "vacancy_rate_lo": 0.0, "vacancy_rate_hi": 20.0, "stores": 4, "source": "stores+ledger", "capacity_method": "floor_ouln", "active_pip": 0, "licensed": 2, "com_floors": [1, 2, 3, 4, 5], "occ_floors": [1, 2, 3, 5], "unknown_n": 1, "id": "1144010400101820003-1", "pnu": "1144010400101820003", "floors": 5, "height": 16.15}}, {"type": "Feature", "geometry": {"type": "Polygon", "coordinates": [[[126.95230786, 37.54215907], [126.95227621, 37.54210464], [126.95215682, 37.54213108], [126.95219705, 37.54220002], [126.95230786, 37.54215907]]]}, "properties": {"name": "도화동 25-11", "status": "full", "capacity": 2, "active": 2, "industry": "한식", "vacancy_rate": 0.0, "vacancy_rate_lo": 0.0, "vacancy_rate_hi": 100.0, "stores": 2, "source": "stores+ledger", "capacity_method": "floor_ouln", "active_pip": 0, "licensed": 1, "com_floors": [1, 2], "occ_floors": [], "unknown_n": 2, "id": "1144010400100250011-1", "pnu": "1144010400100250011", "floors": 3, "height": 0.0}}, {"type": "Feature", "geometry": {"type": "Polygon", "coordinates": [[[126.9515525, 37.54067491], [126.95143553, 37.54062107], [126.95140983, 37.54065656], [126.95148265, 37.54073128], [126.9515345, 37.54069977], [126.9515525, 37.54067491]]]}, "properties": {"name": "도화동 200-15", "status": "full", "capacity": 2, "active": 2, "industry": "종합 소매", "vacancy_rate": 0.0, "vacancy_rate_lo": 0.0, "vacancy_rate_hi": 50.0, "stores": 1, "source": "stores+ledger", "capacity_method": "floor_ouln", "active_pip": 0, "licensed": 0, "com_floors": [1, 2], "occ_floors": [2], "unknown_n": 1, "id": "1144010400102000015-1", "pnu": "1144010400102000015", "floors": 3, "height": 0.0}}, {"type": "Feature", "geometry": {"type": "Polygon", "coordinates": [[[126.95120393, 37.54198725], [126.95112386, 37.54192874], [126.95106545, 37.54196944], [126.95114234, 37.54203939], [126.95120393, 37.54198725]]]}, "properties": {"name": "도화동 183-16", "status": "full", "capacity": 2, "active": 2, "industry": "한식", "vacancy_rate": 0.0, "vacancy_rate_lo": 0.0, "vacancy_rate_hi": 50.0, "stores": 2, "source": "stores+ledger", "capacity_method": "floor_ouln", "active_pip": 0, "licensed": 2, "com_floors": [1, 2], "occ_floors": [1], "unknown_n": 1, "id": "1144010400101830016-1", "pnu": "1144010400101830016", "floors": 2, "height": 0.0}}, {"type": "Feature", "geometry": {"type": "Polygon", "coordinates": [[[126.94852308, 37.54023331], [126.94847636, 37.54021742], [126.94843738, 37.5402904], [126.94853433, 37.54032332], [126.94855495, 37.54028459], [126.94850472, 37.54026763], [126.94852308, 37.54023331]]]}, "properties": {"name": "도화동 343-2", "status": "full", "capacity": 4, "active": 4, "industry": "한식", "vacancy_rate": 0.0, "vacancy_rate_lo": 0.0, "vacancy_rate_hi": 50.0, "stores": 4, "source": "stores+ledger", "capacity_method": "floor_ouln", "active_pip": 0, "licensed": 0, "com_floors": [1, 2, 3, 4], "occ_floors": [2, 3], "unknown_n": 2, "id": "1144010400103430002-2", "pnu": "1144010400103430002", "floors": 4, "height": 0.0}}, {"type": "Feature", "geometry": {"type": "Polygon", "coordinates": [[[126.94843896, 37.54030112], [126.94843839, 37.54030085], [126.94840746, 37.54035435], [126.94850735, 37.54039089], [126.94853658, 37.54033711], [126.94843896, 37.54030112]]]}, "properties": {"name": "도화동 343-2", "status": "full", "capacity": 4, "active": 4, "industry": "한식", "vacancy_rate": 0.0, "vacancy_rate_lo": 0.0, "vacancy_rate_hi": 50.0, "stores": 4, "source": "stores+ledger", "capacity_method": "floor_ouln", "active_pip": 0, "licensed": 0, "com_floors": [1, 2, 3, 4], "occ_floors": [2, 3], "unknown_n": 2, "id": "1144010400103430002-3", "pnu": "1144010400103430002", "floors": 1, "height": 0.0}}, {"type": "Feature", "geometry": {"type": "Polygon", "coordinates": [[[126.95139792, 37.54174424], [126.95135496, 37.54167782], [126.95128818, 37.54170518], [126.95128853, 37.54172023], [126.95132515, 37.54177413], [126.95139792, 37.54174424]]]}, "properties": {"name": "도화동 194-24", "status": "full", "capacity": 2, "active": 2, "industry": "주점", "vacancy_rate": 0.0, "vacancy_rate_lo": 0.0, "vacancy_rate_hi": 50.0, "stores": 3, "source": "stores+ledger", "capacity_method": "floor_ouln", "active_pip": 0, "licensed": 2, "com_floors": [1, 2], "occ_floors": [2], "unknown_n": 1, "id": "1144010400101940024-2", "pnu": "1144010400101940024", "floors": 2, "height": 8.2}}, {"type": "Feature", "geometry": {"type": "Polygon", "coordinates": [[[126.94716607, 37.54199083], [126.94746811, 37.54177283], [126.94747512, 37.54177879], [126.94769237, 37.54162283], [126.94772271, 37.54158959], [126.94773383, 37.54156734], [126.94773655, 37.54153959], [126.94773306, 37.54151211], [126.94772313, 37.5414867], [126.9477039, 37.54146633], [126.94737764, 37.5412221], [126.94735092, 37.5412438], [126.94707397, 37.54101095], [126.94706752, 37.54101581], [126.94705689, 37.54100842], [126.94676979, 37.54121489], [126.94677793, 37.54122201], [126.94676389, 37.54123219], [126.9469705, 37.54140392], [126.94703401, 37.54135899], [126.94704577, 37.54136954], [126.94706105, 37.54135882], [126.9471176, 37.54140633], [126.94715892, 37.54137814], [126.94715882, 37.54151456], [126.94711653, 37.54147606], [126.94705845, 37.54152109], [126.94704477, 37.54150982], [126.94702733, 37.54152234], [126.94696683, 37.54147068], [126.94674675, 37.54162934], [126.94713631, 37.5419819], [126.9471473, 37.54197424], [126.94716607, 37.54199083]]]}, "properties": {"name": "마포트라팰리스", "status": "partial", "capacity": 37, "active": 23, "industry": "기타 간이", "vacancy_rate": 37.8, "vacancy_rate_lo": null, "vacancy_rate_hi": null, "stores": 23, "source": "stores+ledger", "capacity_method": "expos_units", "active_pip": 0, "licensed": 13, "com_floors": null, "occ_floors": null, "unknown_n": null, "id": "1144010400105590000-1", "pnu": "1144010400105590000", "floors": 31, "height": 109.9}}, {"type": "Feature", "geometry": {"type": "Polygon", "coordinates": [[[126.95061493, 37.54154083], [126.9506062, 37.54156633], [126.95067736, 37.54158636], [126.9507066, 37.54150086], [126.95064969, 37.5414885], [126.95063961, 37.54151795], [126.95066575, 37.54152365], [126.95065679, 37.54154986], [126.95061493, 37.54154083]]]}, "properties": {"name": "도화동 182-10", "status": "full", "capacity": 2, "active": 2, "industry": "한식", "vacancy_rate": 0.0, "vacancy_rate_lo": 0.0, "vacancy_rate_hi": 50.0, "stores": 1, "source": "stores+ledger", "capacity_method": "floor_ouln", "active_pip": 0, "licensed": 1, "com_floors": [1, 2], "occ_floors": [1], "unknown_n": 1, "id": "1144010400101820010-1", "pnu": "1144010400101820010", "floors": 1, "height": 0.0}}, {"type": "Feature", "geometry": {"type": "Polygon", "coordinates": [[[126.9478308, 37.53863319], [126.9476688, 37.5385987], [126.94765985, 37.53861536], [126.94765871, 37.53862707], [126.94766942, 37.53867925], [126.94767552, 37.53868637], [126.94768288, 37.53868772], [126.94783609, 37.5386795], [126.9478308, 37.53863319]]]}, "properties": {"name": "도화동 204-11", "status": "full", "capacity": 3, "active": 3, "industry": "주점", "vacancy_rate": 0.0, "vacancy_rate_lo": 0.0, "vacancy_rate_hi": 0.0, "stores": 4, "source": "stores+ledger", "capacity_method": "floor_ouln", "active_pip": 0, "licensed": 2, "com_floors": [1, 2, 3], "occ_floors": [1, 2, 3], "unknown_n": 0, "id": "1144010400102040011-1", "pnu": "1144010400102040011", "floors": 4, "height": 10.6}}, {"type": "Feature", "geometry": {"type": "Polygon", "coordinates": [[[126.94746241, 37.53958106], [126.94745839, 37.53951168], [126.94732769, 37.53951927], [126.94733489, 37.53958578], [126.94746241, 37.53958106]]]}, "properties": {"name": "도화동 250-2", "status": "full", "capacity": 2, "active": 2, "industry": "한식", "vacancy_rate": 0.0, "vacancy_rate_lo": 0.0, "vacancy_rate_hi": 0.0, "stores": 2, "source": "stores+ledger", "capacity_method": "floor_ouln", "active_pip": 0, "licensed": 2, "com_floors": [1, 2], "occ_floors": [1, 2], "unknown_n": 0, "id": "1144010400102500002-1", "pnu": "1144010400102500002", "floors": 3, "height": 0.0}}, {"type": "Feature", "geometry": {"type": "Polygon", "coordinates": [[[126.94906308, 37.5388287], [126.94910151, 37.53871411], [126.94906429, 37.53870616], [126.94903526, 37.53879247], [126.94902157, 37.53878994], [126.94901296, 37.5388195], [126.94906308, 37.5388287]]]}, "properties": {"name": "도화동 239-2", "status": "empty", "capacity": 1, "active": 0, "industry": "", "vacancy_rate": 100.0, "source": "polygon_only", "capacity_method": "floor_approx", "active_pip": 0, "licensed": 0, "id": "1144010400102390002-1", "pnu": "1144010400102390002", "floors": 1, "height": 0.0}}, {"type": "Feature", "geometry": {"type": "Polygon", "coordinates": [[[126.94839554, 37.53911457], [126.94839634, 37.53907492], [126.94829666, 37.53907885], [126.94829341, 37.53902785], [126.9482374, 37.53903143], [126.94824381, 37.53909432], [126.94824913, 37.53909397], [126.94825217, 37.53912379], [126.94839554, 37.53911457]]]}, "properties": {"name": "도화동 254", "status": "empty", "capacity": 1, "active": 0, "industry": "", "vacancy_rate": 100.0, "source": "polygon_only", "capacity_method": "floor_approx", "active_pip": 0, "licensed": 0, "id": "1144010400102540000-1", "pnu": "1144010400102540000", "floors": 1, "height": 0.0}}, {"type": "Feature", "geometry": {"type": "Polygon", "coordinates": [[[126.94770538, 37.53838581], [126.94770135, 37.53833481], [126.94767589, 37.53833705], [126.94767071, 37.53830353], [126.94758732, 37.53828998], [126.94752779, 37.53832311], [126.94754687, 37.5385289], [126.94769126, 37.53852023], [126.94768241, 37.53839796], [126.94770617, 37.5383968], [126.94770538, 37.53838581]]]}, "properties": {"name": "도화동 204-9", "status": "full", "capacity": 2, "active": 2, "industry": "한식", "vacancy_rate": 0.0, "vacancy_rate_lo": 0.0, "vacancy_rate_hi": 0.0, "stores": 1, "source": "stores+ledger", "capacity_method": "floor_ouln", "active_pip": 0, "licensed": 1, "com_floors": [1, 2], "occ_floors": [1, 2], "unknown_n": 0, "id": "1144010400102040009-1", "pnu": "1144010400102040009", "floors": 5, "height": 18.6}}, {"type": "Feature", "geometry": {"type": "Polygon", "coordinates": [[[126.94639541, 37.5386275], [126.94646071, 37.53860374], [126.94646523, 37.53861167], [126.94649013, 37.53860259], [126.94649341, 37.53860826], [126.94649793, 37.53860664], [126.94654105, 37.53859099], [126.94653981, 37.53858873], [126.94650705, 37.53852331], [126.94646834, 37.53853365], [126.94643226, 37.53851886], [126.94634874, 37.53854639], [126.94639541, 37.5386275]]]}, "properties": {"name": "외", "status": "full", "capacity": 3, "active": 3, "industry": "유원지·오락", "vacancy_rate": 0.0, "vacancy_rate_lo": 0.0, "vacancy_rate_hi": 33.3, "stores": 2, "source": "stores+ledger", "capacity_method": "floor_ouln", "active_pip": 0, "licensed": 2, "com_floors": [1, 2, 3], "occ_floors": [1, 2], "unknown_n": 1, "id": "1144010400102900010-1", "pnu": "1144010400102900010", "floors": 5, "height": 13.8}}, {"type": "Feature", "geometry": {"type": "Polygon", "coordinates": [[[126.94812062, 37.53873432], [126.94802909, 37.53872266], [126.94802046, 37.53876545], [126.9481121, 37.53877711], [126.94812062, 37.53873432]]]}, "properties": {"name": "도화동 203-8", "status": "full", "capacity": 2, "active": 2, "industry": "비알코올 ", "vacancy_rate": 0.0, "vacancy_rate_lo": 0.0, "vacancy_rate_hi": 0.0, "stores": 1, "source": "stores+ledger", "capacity_method": "floor_ouln", "active_pip": 0, "licensed": 1, "com_floors": [1, 2], "occ_floors": [1, 2], "unknown_n": 0, "id": "1144010400102030008-1", "pnu": "1144010400102030008", "floors": 2, "height": 6.0}}, {"type": "Feature", "geometry": {"type": "Polygon", "coordinates": [[[126.94875963, 37.53992234], [126.94866764, 37.53990792], [126.94865831, 37.53992717], [126.94868705, 37.53993533], [126.94867142, 37.53997339], [126.94873085, 37.53999248], [126.94875963, 37.53992234]]]}, "properties": {"name": "도화동 339", "status": "full", "capacity": 1, "active": 1, "industry": "한식", "vacancy_rate": 0.0, "vacancy_rate_lo": 0.0, "vacancy_rate_hi": 100.0, "stores": 1, "source": "stores+ledger", "capacity_method": "floor_ouln", "active_pip": 0, "licensed": 1, "com_floors": [1], "occ_floors": [], "unknown_n": 1, "id": "1144010400103390000-1", "pnu": "1144010400103390000", "floors": 1, "height": 0.0}}, {"type": "Feature", "geometry": {"type": "Polygon", "coordinates": [[[126.94841256, 37.54007656], [126.94838478, 37.54006899], [126.94837413, 37.54009368], [126.94840037, 37.54010178], [126.94841256, 37.54007656]]]}, "properties": {"name": "도화동 337", "status": "full", "capacity": 1, "active": 1, "industry": "일식", "vacancy_rate": 0.0, "vacancy_rate_lo": 0.0, "vacancy_rate_hi": 0.0, "stores": 1, "source": "stores+ledger", "capacity_method": "floor_ouln", "active_pip": 0, "licensed": 0, "com_floors": [1], "occ_floors": [1], "unknown_n": 0, "id": "1144010400103370000-2", "pnu": "1144010400103370000", "floors": 0, "height": 0.0}}, {"type": "Feature", "geometry": {"type": "Polygon", "coordinates": [[[126.94810953, 37.54019357], [126.94816581, 37.54012692], [126.9480871, 37.54007815], [126.94806026, 37.54010913], [126.94807451, 37.54011706], [126.94806318, 37.5401321], [126.94804169, 37.54012191], [126.9480204, 37.54014587], [126.94810953, 37.54019357]]]}, "properties": {"name": "도화동 332", "status": "partial", "capacity": 2, "active": 1, "industry": "한식", "vacancy_rate": 50.0, "vacancy_rate_lo": 50.0, "vacancy_rate_hi": 50.0, "stores": 1, "source": "stores+ledger", "capacity_method": "floor_ouln", "active_pip": 0, "licensed": 0, "com_floors": [1, 2], "occ_floors": [1], "unknown_n": 0, "id": "1144010400103320000-2", "pnu": "1144010400103320000", "floors": 2, "height": 0.0}}, {"type": "Feature", "geometry": {"type": "Polygon", "coordinates": [[[126.948242, 37.53992224], [126.94810629, 37.53982389], [126.94801515, 37.5399035], [126.94802589, 37.53991134], [126.94802136, 37.53991522], [126.94814633, 37.54000582], [126.948242, 37.53992224]]]}, "properties": {"name": "도화동 201-57", "status": "full", "capacity": 1, "active": 1, "industry": "한식", "vacancy_rate": 0.0, "vacancy_rate_lo": 0.0, "vacancy_rate_hi": 100.0, "stores": 1, "source": "stores+ledger", "capacity_method": "floor_ouln", "active_pip": 0, "licensed": 1, "com_floors": [1], "occ_floors": [], "unknown_n": 1, "id": "1144010400102010057-1", "pnu": "1144010400102010057", "floors": 1, "height": 0.0}}, {"type": "Feature", "geometry": {"type": "Polygon", "coordinates": [[[126.94867976, 37.53993587], [126.94862863, 37.53992251], [126.9485927, 37.5400098], [126.94870403, 37.54003877], [126.94872035, 37.53999922], [126.9486623, 37.53997838], [126.94867976, 37.53993587]]]}, "properties": {"name": "도화동 339", "status": "full", "capacity": 1, "active": 1, "industry": "한식", "vacancy_rate": 0.0, "vacancy_rate_lo": 0.0, "vacancy_rate_hi": 100.0, "stores": 1, "source": "stores+ledger", "capacity_method": "floor_ouln", "active_pip": 0, "licensed": 1, "com_floors": [1], "occ_floors": [], "unknown_n": 1, "id": "1144010400103390000-2", "pnu": "1144010400103390000", "floors": 0, "height": 0.0}}, {"type": "Feature", "geometry": {"type": "Polygon", "coordinates": [[[126.94903024, 37.53968986], [126.94895321, 37.53966028], [126.9489506, 37.53966451], [126.94890728, 37.53964783], [126.94888609, 37.53969475], [126.94899785, 37.53973481], [126.94899706, 37.53973625], [126.9490328, 37.53974906], [126.94905976, 37.53970465], [126.94902854, 37.53969265], [126.94903024, 37.53968986]]]}, "properties": {"name": "일부", "status": "full", "capacity": 2, "active": 2, "industry": "이용·미용", "vacancy_rate": 0.0, "vacancy_rate_lo": 0.0, "vacancy_rate_hi": 0.0, "stores": 3, "source": "stores+ledger", "capacity_method": "floor_ouln", "active_pip": 0, "licensed": 1, "com_floors": [1, 2], "occ_floors": [1, 2], "unknown_n": 0, "id": "1144010400100070009-1", "pnu": "1144010400100070009", "floors": 3, "height": 9.5}}, {"type": "Feature", "geometry": {"type": "Polygon", "coordinates": [[[126.9488139, 37.53969455], [126.94870437, 37.53969171], [126.94870219, 37.53974451], [126.94871373, 37.53974487], [126.94871338, 37.53975325], [126.94881137, 37.53975582], [126.9488139, 37.53969455]]]}, "properties": {"name": "도화동 324-3", "status": "full", "capacity": 1, "active": 1, "industry": "한식", "vacancy_rate": 0.0, "vacancy_rate_lo": 0.0, "vacancy_rate_hi": 100.0, "stores": 1, "source": "stores+ledger", "capacity_method": "floor_ouln", "active_pip": 0, "licensed": 0, "com_floors": [1], "occ_floors": [], "unknown_n": 1, "id": "1144010400103240003-1", "pnu": "1144010400103240003", "floors": 1, "height": 0.0}}, {"type": "Feature", "geometry": {"type": "Polygon", "coordinates": [[[126.94888799, 37.53973025], [126.94888335, 37.53973025], [126.94887477, 37.5398618], [126.94886718, 37.5398709], [126.94891469, 37.53989606], [126.94899147, 37.53980328], [126.94897167, 37.53979282], [126.94898243, 37.53977986], [126.94888799, 37.53973025]]]}, "properties": {"name": "도화동 7-5", "status": "full", "capacity": 2, "active": 2, "industry": "세탁", "vacancy_rate": 0.0, "vacancy_rate_lo": 0.0, "vacancy_rate_hi": 0.0, "stores": 3, "source": "stores+ledger", "capacity_method": "floor_ouln", "active_pip": 0, "licensed": 2, "com_floors": [1, 2], "occ_floors": [1, 2], "unknown_n": 0, "id": "1144010400100070005-1", "pnu": "1144010400100070005", "floors": 2, "height": 0.0}}, {"type": "Feature", "geometry": {"type": "Polygon", "coordinates": [[[126.94726355, 37.53884242], [126.94725681, 37.53877583], [126.94700528, 37.53879175], [126.94703816, 37.53917362], [126.94724964, 37.53916037], [126.94721784, 37.53884528], [126.94726355, 37.53884242]]]}, "properties": {"name": "근신빌딩", "status": "full", "capacity": 5, "active": 5, "industry": "한식", "vacancy_rate": 0.0, "vacancy_rate_lo": 0.0, "vacancy_rate_hi": 20.0, "stores": 9, "source": "stores+ledger", "capacity_method": "floor_ouln", "active_pip": 0, "licensed": 7, "com_floors": [1, 2, 3, 4, 5], "occ_floors": [1, 3, 4, 5], "unknown_n": 1, "id": "1144010400102500004-2", "pnu": "1144010400102500004", "floors": 6, "height": 23.0}}, {"type": "Feature", "geometry": {"type": "Polygon", "coordinates": [[[126.94876567, 37.53940179], [126.94871975, 37.53936825], [126.94870523, 37.53941663], [126.94871224, 37.53942672], [126.9487833, 37.53942522], [126.94876567, 37.53940179]]]}, "properties": {"name": "도화동 265-1", "status": "full", "capacity": 1, "active": 1, "industry": "식물 소매", "vacancy_rate": 0.0, "vacancy_rate_lo": 0.0, "vacancy_rate_hi": 0.0, "stores": 2, "source": "stores+ledger", "capacity_method": "floor_ouln", "active_pip": 0, "licensed": 0, "com_floors": [1], "occ_floors": [1], "unknown_n": 0, "id": "1144010400102650001-1", "pnu": "1144010400102650001", "floors": 1, "height": 3.0}}, {"type": "Feature", "geometry": {"type": "Polygon", "coordinates": [[[126.94697882, 37.5395434], [126.94696213, 37.53947192], [126.94688941, 37.53947775], [126.94689968, 37.53954936], [126.94697882, 37.5395434]]]}, "properties": {"name": "일부", "status": "full", "capacity": 1, "active": 1, "industry": "한식", "vacancy_rate": 0.0, "vacancy_rate_lo": 0.0, "vacancy_rate_hi": 0.0, "stores": 2, "source": "stores+ledger", "capacity_method": "floor_ouln", "active_pip": 0, "licensed": 2, "com_floors": [1], "occ_floors": [1], "unknown_n": 0, "id": "1144010400102500010-2", "pnu": "1144010400102500010", "floors": 1, "height": 0.0}}, {"type": "Feature", "geometry": {"type": "Polygon", "coordinates": [[[126.94737672, 37.5421986], [126.94731803, 37.54214713], [126.94729856, 37.54216253], [126.94735589, 37.54221229], [126.94737672, 37.5421986]]]}, "properties": {"name": "삼창프라자", "status": "high", "capacity": 152, "active": 58, "industry": "한식", "vacancy_rate": 61.8, "vacancy_rate_lo": null, "vacancy_rate_hi": null, "stores": 58, "source": "stores+ledger", "capacity_method": "expos_units", "active_pip": 0, "licensed": 24, "com_floors": null, "occ_floors": null, "unknown_n": null, "id": "1144010400101730000-3", "pnu": "1144010400101730000", "floors": 0, "height": 0.0}}, {"type": "Feature", "geometry": {"type": "Polygon", "coordinates": [[[126.94758425, 37.54331783], [126.94751312, 37.54325662], [126.94738747, 37.54332927], [126.94743508, 37.54337119], [126.94748371, 37.54340915], [126.94757913, 37.54336441], [126.94758425, 37.54331783]]]}, "properties": {"name": "염리동 172-18", "status": "empty", "capacity": 2, "active": 0, "industry": "", "vacancy_rate": 100.0, "source": "polygon_only", "capacity_method": "floor_approx", "active_pip": 0, "licensed": 0, "id": "1144010900101720018-1", "pnu": "1144010900101720018", "floors": 2, "height": 6.6}}, {"type": "Feature", "geometry": {"type": "Polygon", "coordinates": [[[126.94699041, 37.54284634], [126.94693983, 37.54283884], [126.94689603, 37.54286332], [126.94704245, 37.54303017], [126.94711139, 37.54299209], [126.94711209, 37.54294848], [126.94699041, 37.54284634]]]}, "properties": {"name": "염리동 173-21", "status": "partial", "capacity": 4, "active": 2, "industry": "한식", "vacancy_rate": 50.0, "vacancy_rate_lo": 50.0, "vacancy_rate_hi": 75.0, "stores": 1, "source": "stores+ledger", "capacity_method": "floor_ouln", "active_pip": 0, "licensed": 1, "com_floors": [1, 2, 3, 4], "occ_floors": [4], "unknown_n": 1, "id": "1144010900101730021-1", "pnu": "1144010900101730021", "floors": 4, "height": 0.0}}, {"type": "Feature", "geometry": {"type": "Polygon", "coordinates": [[[126.94727432, 37.5431547], [126.94719643, 37.54306069], [126.94702222, 37.54315215], [126.94712024, 37.54327347], [126.94718079, 37.54324403], [126.94717616, 37.54323809], [126.94720638, 37.54322341], [126.94720073, 37.5432162], [126.94722903, 37.54320189], [126.94721953, 37.54319369], [126.94722949, 37.5431863], [126.94722463, 37.54318035], [126.94727432, 37.5431547]]]}, "properties": {"name": "염리동 172-11", "status": "empty", "capacity": 4, "active": 0, "industry": "", "vacancy_rate": 100.0, "source": "polygon_only", "capacity_method": "floor_approx", "active_pip": 0, "licensed": 0, "id": "1144010900101720011-1", "pnu": "1144010900101720011", "floors": 4, "height": 0.0}}, {"type": "Feature", "geometry": {"type": "Polygon", "coordinates": [[[126.94662885, 37.54433147], [126.94648255, 37.54414571], [126.94632939, 37.54422205], [126.94647569, 37.54440763], [126.94662885, 37.54433147]]]}, "properties": {"name": "염리동 164-5", "status": "empty", "capacity": 5, "active": 0, "industry": "", "vacancy_rate": 100.0, "source": "polygon_only", "capacity_method": "floor_approx", "active_pip": 0, "licensed": 0, "id": "1144010900101640005-1", "pnu": "1144010900101640005", "floors": 5, "height": 17.5}}, {"type": "Feature", "geometry": {"type": "Polygon", "coordinates": [[[126.94700512, 37.54444707], [126.94705268, 37.54439077], [126.94679745, 37.54416522], [126.94675945, 37.5441352], [126.94673759, 37.54415962], [126.94672977, 37.54419817], [126.94673393, 37.54421467], [126.94674525, 37.54422466], [126.94673969, 37.54422871], [126.94688565, 37.54441574], [126.9469582, 37.54438559], [126.94698398, 37.54442191], [126.94698918, 37.54441993], [126.94700512, 37.54444707]]]}, "properties": {"name": "염리동 168-15", "status": "empty", "capacity": 6, "active": 0, "industry": "", "vacancy_rate": 100.0, "source": "polygon_only", "capacity_method": "floor_approx", "active_pip": 0, "licensed": 0, "id": "1144010900101680015-1", "pnu": "1144010900101680015", "floors": 6, "height": 20.5}}, {"type": "Feature", "geometry": {"type": "Polygon", "coordinates": [[[126.94678809, 37.54284084], [126.94689812, 37.54278449], [126.94690674, 37.54276008], [126.94670986, 37.54259627], [126.94663245, 37.54259227], [126.94655842, 37.54264495], [126.94656306, 37.54264991], [126.94654619, 37.54265991], [126.94659538, 37.54270578], [126.94657229, 37.54272146], [126.94663188, 37.54277708], [126.94664014, 37.54277067], [126.94670697, 37.54282512], [126.94674298, 37.54279577], [126.94678809, 37.54284084]]]}, "properties": {"name": "하나프라자", "status": "full", "capacity": 6, "active": 6, "industry": "스포츠 서비스", "vacancy_rate": 0.0, "vacancy_rate_lo": 0.0, "vacancy_rate_hi": 16.7, "stores": 13, "source": "stores+ledger", "capacity_method": "floor_ouln", "active_pip": 0, "licensed": 0, "com_floors": [1, 2, 3, 4, 5, 6], "occ_floors": [1, 2, 3, 4, 5], "unknown_n": 1, "id": "1144010900101730029-2", "pnu": "1144010900101730029", "floors": 6, "height": 21.4}}, {"type": "Feature", "geometry": {"type": "Polygon", "coordinates": [[[126.94790403, 37.54202161], [126.9478208, 37.54194562], [126.94741732, 37.54222601], [126.94777545, 37.54255288], [126.94790383, 37.54246364], [126.94817836, 37.54227329], [126.94790403, 37.54202161]]]}, "properties": {"name": "삼창프라자", "status": "high", "capacity": 152, "active": 58, "industry": "한식", "vacancy_rate": 61.8, "vacancy_rate_lo": null, "vacancy_rate_hi": null, "stores": 58, "source": "stores+ledger", "capacity_method": "expos_units", "active_pip": 0, "licensed": 24, "com_floors": null, "occ_floors": null, "unknown_n": null, "id": "1144010400101730000-4", "pnu": "1144010400101730000", "floors": 16, "height": 54.0}}, {"type": "Feature", "geometry": {"type": "Polygon", "coordinates": [[[126.94966992, 37.53960413], [126.94962562, 37.53957041], [126.94960384, 37.53959129], [126.94964961, 37.53962234], [126.94966992, 37.53960413]]]}, "properties": {"name": "삼성아파트", "status": "high", "capacity": 168, "active": 35, "industry": "의원", "vacancy_rate": 79.2, "vacancy_rate_lo": null, "vacancy_rate_hi": null, "stores": 35, "source": "stores+ledger", "capacity_method": "expos_units", "active_pip": 0, "licensed": 0, "com_floors": null, "occ_floors": null, "unknown_n": null, "id": "1144010400105500000-22", "pnu": "1144010400105500000", "floors": 0, "height": 0.0}}, {"type": "Feature", "geometry": {"type": "Polygon", "coordinates": [[[126.95221319, 37.54456848], [126.95214525, 37.54447574], [126.95202187, 37.54452579], [126.95207976, 37.54460672], [126.95221319, 37.54456848]]]}, "properties": {"name": "공덕동 255-5", "status": "full", "capacity": 1, "active": 1, "industry": "한식", "vacancy_rate": 0.0, "vacancy_rate_lo": 0.0, "vacancy_rate_hi": 0.0, "stores": 2, "source": "stores+ledger", "capacity_method": "floor_ouln", "active_pip": 0, "licensed": 2, "com_floors": [1], "occ_floors": [1], "unknown_n": 0, "id": "1144010200102550005-2", "pnu": "1144010200102550005", "floors": 2, "height": 0.0}}, {"type": "Feature", "geometry": {"type": "Polygon", "coordinates": [[[126.95080554, 37.53957396], [126.95078031, 37.5395574], [126.95074496, 37.53958897], [126.95076625, 37.53960428], [126.95080554, 37.53957396]]]}, "properties": {"name": "삼성아파트", "status": "high", "capacity": 168, "active": 35, "industry": "의원", "vacancy_rate": 79.2, "vacancy_rate_lo": null, "vacancy_rate_hi": null, "stores": 35, "source": "stores+ledger", "capacity_method": "expos_units", "active_pip": 0, "licensed": 0, "com_floors": null, "occ_floors": null, "unknown_n": null, "id": "1144010400105500000-23", "pnu": "1144010400105500000", "floors": 0, "height": 0.0}}, {"type": "Feature", "geometry": {"type": "Polygon", "coordinates": [[[126.95216816, 37.53853682], [126.95206774, 37.53845632], [126.95174001, 37.53871558], [126.95184043, 37.53879608], [126.95216816, 37.53853682]]]}, "properties": {"name": "현대홈타운", "status": "high", "capacity": 60, "active": 18, "industry": "기타 교육", "vacancy_rate": 70.0, "vacancy_rate_lo": null, "vacancy_rate_hi": null, "stores": 18, "source": "stores+ledger", "capacity_method": "expos_units", "active_pip": 0, "licensed": 0, "com_floors": null, "occ_floors": null, "unknown_n": null, "id": "1144010400103530000-5", "pnu": "1144010400103530000", "floors": 20, "height": 54.0}}, {"type": "Feature", "geometry": {"type": "Polygon", "coordinates": [[[126.95025847, 37.53990168], [126.95023133, 37.53988198], [126.95020215, 37.53990675], [126.95023285, 37.53992747], [126.95025847, 37.53990168]]]}, "properties": {"name": "삼성아파트", "status": "high", "capacity": 168, "active": 35, "industry": "의원", "vacancy_rate": 79.2, "vacancy_rate_lo": null, "vacancy_rate_hi": null, "stores": 35, "source": "stores+ledger", "capacity_method": "expos_units", "active_pip": 0, "licensed": 0, "com_floors": null, "occ_floors": null, "unknown_n": null, "id": "1144010400105500000-24", "pnu": "1144010400105500000", "floors": 0, "height": 0.0}}, {"type": "Feature", "geometry": {"type": "Polygon", "coordinates": [[[126.95174223, 37.53928977], [126.95180903, 37.53923693], [126.95163691, 37.53910008], [126.95156989, 37.53915385], [126.95161038, 37.53918612], [126.9516037, 37.53919134], [126.95170389, 37.53927283], [126.9517083, 37.53927311], [126.9517143, 37.53927104], [126.95171611, 37.53927131], [126.95174223, 37.53928977]]]}, "properties": {"name": "현대홈타운", "status": "high", "capacity": 60, "active": 18, "industry": "기타 교육", "vacancy_rate": 70.0, "vacancy_rate_lo": null, "vacancy_rate_hi": null, "stores": 18, "source": "stores+ledger", "capacity_method": "expos_units", "active_pip": 0, "licensed": 0, "com_floors": null, "occ_floors": null, "unknown_n": null, "id": "1144010400103530000-6", "pnu": "1144010400103530000", "floors": 0, "height": 0.0}}, {"type": "Feature", "geometry": {"type": "Polygon", "coordinates": [[[126.95163098, 37.53952571], [126.95163087, 37.53950346], [126.95163586, 37.53950346], [126.95163869, 37.53950247], [126.9516439, 37.53949914], [126.95164752, 37.53949364], [126.95164945, 37.53948914], [126.95164968, 37.5394877], [126.95164945, 37.5394831], [126.9516482, 37.53948067], [126.95164538, 37.53947634], [126.95163656, 37.53947012], [126.95163372, 37.53946905], [126.95163725, 37.5394603], [126.95154111, 37.53939007], [126.95152866, 37.53938809], [126.95152244, 37.53938358], [126.95151679, 37.53938123], [126.95151339, 37.53938042], [126.95150694, 37.53938015], [126.95150389, 37.5393806], [126.95149993, 37.5393824], [126.95149766, 37.53938339], [126.95149427, 37.53938564], [126.95149087, 37.53938979], [126.95148849, 37.53939718], [126.95145918, 37.53939905], [126.95145871, 37.53942338], [126.95144909, 37.53942744], [126.95144366, 37.53943095], [126.95144026, 37.53943643], [126.95143891, 37.53944058], [126.95143812, 37.53944428], [126.95143912, 37.53944887], [126.95144036, 37.53945131], [126.95144319, 37.53945589], [126.95144964, 37.53946068], [126.95145123, 37.53946167], [126.95145167, 37.53946437], [126.951552, 37.53953596], [126.95155946, 37.53953767], [126.9515641, 37.53953785], [126.95156873, 37.53954164], [126.95157417, 37.53954479], [126.95157745, 37.53954543], [126.95158605, 37.53954561], [126.95159205, 37.53954426], [126.95159408, 37.53954363], [126.95159793, 37.53954119], [126.95160008, 37.53953912], [126.95160245, 37.53952967], [126.95163098, 37.53952571]]]}, "properties": {"name": "삼성아파트", "status": "high", "capacity": 168, "active": 35, "industry": "의원", "vacancy_rate": 79.2, "vacancy_rate_lo": null, "vacancy_rate_hi": null, "stores": 35, "source": "stores+ledger", "capacity_method": "expos_units", "active_pip": 0, "licensed": 0, "com_floors": null, "occ_floors": null, "unknown_n": null, "id": "1144010400105500000-25", "pnu": "1144010400105500000", "floors": 0, "height": 0.0}}, {"type": "Feature", "geometry": {"type": "Polygon", "coordinates": [[[126.94962326, 37.54056782], [126.94959985, 37.54054934], [126.94958364, 37.54056372], [126.94960845, 37.54058007], [126.94962326, 37.54056782]]]}, "properties": {"name": "삼성아파트", "status": "high", "capacity": 168, "active": 35, "industry": "의원", "vacancy_rate": 79.2, "vacancy_rate_lo": null, "vacancy_rate_hi": null, "stores": 35, "source": "stores+ledger", "capacity_method": "expos_units", "active_pip": 0, "licensed": 0, "com_floors": null, "occ_floors": null, "unknown_n": null, "id": "1144010400105500000-26", "pnu": "1144010400105500000", "floors": 0, "height": 0.0}}, {"type": "Feature", "geometry": {"type": "Polygon", "coordinates": [[[126.95132013, 37.54250827], [126.9513049, 37.54251671], [126.95134827, 37.5425663], [126.95136899, 37.54255481], [126.95138248, 37.54256992], [126.95144141, 37.54253724], [126.95135486, 37.54243672], [126.95134939, 37.54243169], [126.9513405, 37.54242722], [126.95133132, 37.54242491], [126.95132131, 37.54242452], [126.95131169, 37.54242619], [126.95130261, 37.54242989], [126.95129525, 37.54243533], [126.95128979, 37.54244199], [126.95128681, 37.54244965], [126.95128641, 37.5424577], [126.95128844, 37.54246536], [126.95129245, 37.54247153], [126.95132042, 37.5425037], [126.95131753, 37.5425053], [126.95132013, 37.54250827]]]}, "properties": {"name": "공덕빌딩", "status": "full", "capacity": 13, "active": 13, "industry": "의원", "vacancy_rate": 0.0, "vacancy_rate_lo": 0.0, "vacancy_rate_hi": 0.0, "stores": 19, "source": "stores+ledger", "capacity_method": "floor_ouln", "active_pip": 0, "licensed": 2, "com_floors": [1, 2, 3, 4, 5, 6, 8, 10, 11, 12, 13, 17, 18], "occ_floors": [1, 2, 3, 4, 5, 6, 8, 10, 11, 12, 13, 17, 18], "unknown_n": 0, "id": "1144010400105680000-1", "pnu": "1144010400105680000", "floors": 18, "height": 69.98}}, {"type": "Feature", "geometry": {"type": "Polygon", "coordinates": [[[126.94944975, 37.53959967], [126.94954832, 37.53957485], [126.94959213, 37.53953846], [126.94958614, 37.53953017], [126.94950076, 37.53945968], [126.9493897, 37.53954487], [126.9494372, 37.53958724], [126.94944116, 37.53958255], [126.94945247, 37.5395886], [126.9494476, 37.53959435], [126.94944975, 37.53959967]]]}, "properties": {"name": "도화동 346-2", "status": "full", "capacity": 4, "active": 4, "industry": "오락용품 소매", "vacancy_rate": 0.0, "vacancy_rate_lo": 0.0, "vacancy_rate_hi": 0.0, "stores": 3, "source": "stores+ledger", "capacity_method": "floor_ouln", "active_pip": 0, "licensed": 2, "com_floors": [1, 2, 3, 4], "occ_floors": [1, 2, 3, 4], "unknown_n": 0, "id": "1144010400103460002-1", "pnu": "1144010400103460002", "floors": 4, "height": 16.46}}, {"type": "Feature", "geometry": {"type": "Polygon", "coordinates": [[[126.94945408, 37.53939461], [126.9493767, 37.53936358], [126.94934034, 37.53942096], [126.9493857, 37.53943837], [126.94945408, 37.53939461]]]}, "properties": {"name": "도화동 347-71", "status": "full", "capacity": 2, "active": 2, "industry": "이용·미용", "vacancy_rate": 0.0, "vacancy_rate_lo": 0.0, "vacancy_rate_hi": 0.0, "stores": 2, "source": "stores+ledger", "capacity_method": "floor_ouln", "active_pip": 0, "licensed": 1, "com_floors": [1, 3], "occ_floors": [1, 3], "unknown_n": 0, "id": "1144010400103470071-1", "pnu": "1144010400103470071", "floors": 3, "height": 10.3}}, {"type": "Feature", "geometry": {"type": "Polygon", "coordinates": [[[126.95067314, 37.5384698], [126.95067074, 37.53844785], [126.95057153, 37.53846424], [126.95057355, 37.53848281], [126.95056933, 37.5384932], [126.95064716, 37.53851786], [126.95067314, 37.5384698]]]}, "properties": {"name": "마포근생", "status": "partial", "capacity": 4, "active": 2, "industry": "이용·미용", "vacancy_rate": 50.0, "vacancy_rate_lo": 50.0, "vacancy_rate_hi": 50.0, "stores": 2, "source": "stores+ledger", "capacity_method": "floor_ouln", "active_pip": 0, "licensed": 0, "com_floors": [1, 2, 3, 4], "occ_floors": [1, 2], "unknown_n": 0, "id": "1144010400103470060-1", "pnu": "1144010400103470060", "floors": 4, "height": 13.2}}, {"type": "Feature", "geometry": {"type": "Polygon", "coordinates": [[[126.95021325, 37.53948097], [126.95036439, 37.53934931], [126.95041506, 37.5393861], [126.95057174, 37.53924947], [126.95047244, 37.53917736], [126.95032255, 37.53930803], [126.9502703, 37.53927008], [126.95011564, 37.53940651], [126.95021325, 37.53948097]]]}, "properties": {"name": "삼성아파트", "status": "high", "capacity": 168, "active": 35, "industry": "의원", "vacancy_rate": 79.2, "vacancy_rate_lo": null, "vacancy_rate_hi": null, "stores": 35, "source": "stores+ledger", "capacity_method": "expos_units", "active_pip": 0, "licensed": 0, "com_floors": null, "occ_floors": null, "unknown_n": null, "id": "1144010400105500000-27", "pnu": "1144010400105500000", "floors": 17, "height": 46.6}}, {"type": "Feature", "geometry": {"type": "Polygon", "coordinates": [[[126.9504173, 37.54487327], [126.95045964, 37.5448496], [126.9505195, 37.54486764], [126.95051653, 37.54488089], [126.95056982, 37.54489262], [126.9506077, 37.54476676], [126.95048189, 37.54474743], [126.95045091, 37.54469715], [126.95042298, 37.54467353], [126.95046254, 37.54457136], [126.9503038, 37.54454193], [126.95026311, 37.54465364], [126.95020391, 37.54467866], [126.95018443, 37.54469523], [126.95018013, 37.54469937], [126.95006441, 37.54465067], [126.95005624, 37.54468067], [126.95006337, 37.54468256], [126.95004568, 37.54473076], [126.95004091, 37.54475176], [126.95003039, 37.54475013], [126.95002188, 37.54478139], [126.9501537, 37.54479315], [126.95017698, 37.54483938], [126.95020615, 37.54487039], [126.95021203, 37.54487436], [126.95016874, 37.54496795], [126.95032749, 37.54500325], [126.95033869, 37.54498487], [126.95032671, 37.54498081], [126.95036422, 37.54489488], [126.9504173, 37.54487327]]]}, "properties": {"name": "롯데캐슬프레지던트", "status": "partial", "capacity": 49, "active": 42, "industry": "한식", "vacancy_rate": 14.3, "vacancy_rate_lo": null, "vacancy_rate_hi": null, "stores": 42, "source": "stores+ledger", "capacity_method": "expos_units", "active_pip": 0, "licensed": 0, "com_floors": null, "occ_floors": null, "unknown_n": null, "id": "1144010200104670000-1", "pnu": "1144010200104670000", "floors": 40, "height": 152.5}}, {"type": "Feature", "geometry": {"type": "Polygon", "coordinates": [[[126.95387, 37.54462708], [126.95363907, 37.5445795], [126.95354882, 37.54488608], [126.95359947, 37.54495142], [126.95382655, 37.54499494], [126.95392146, 37.54468098], [126.95387, 37.54462708]]]}, "properties": {"name": "제", "status": "high", "capacity": 110, "active": 25, "industry": "한식", "vacancy_rate": 77.3, "vacancy_rate_lo": null, "vacancy_rate_hi": null, "stores": 25, "source": "stores+ledger", "capacity_method": "expos_units", "active_pip": 0, "licensed": 16, "com_floors": null, "occ_floors": null, "unknown_n": null, "id": "1144010200102560030-1", "pnu": "1144010200102560030", "floors": 3, "height": 0.0}}, {"type": "Feature", "geometry": {"type": "Polygon", "coordinates": [[[126.9527173, 37.54502461], [126.95275104, 37.544991], [126.95285356, 37.54501329], [126.95289273, 37.54489512], [126.95265281, 37.54484124], [126.95259488, 37.54481524], [126.95257444, 37.54482988], [126.9527173, 37.54502461]]]}, "properties": {"name": "공덕동 256-21", "status": "full", "capacity": 1, "active": 1, "industry": "주점", "vacancy_rate": 0.0, "vacancy_rate_lo": 0.0, "vacancy_rate_hi": 0.0, "stores": 4, "source": "stores+ledger", "capacity_method": "floor_ouln", "active_pip": 0, "licensed": 4, "com_floors": [1], "occ_floors": [1], "unknown_n": 0, "id": "1144010200102560021-1", "pnu": "1144010200102560021", "floors": 1, "height": 0.0}}, {"type": "Feature", "geometry": {"type": "Polygon", "coordinates": [[[126.94926694, 37.54164721], [126.94932658, 37.54159111], [126.94930144, 37.54157209], [126.9493892, 37.54149594], [126.94937751, 37.54148488], [126.94938698, 37.54147338], [126.94919526, 37.54133303], [126.94918523, 37.54134201], [126.94914391, 37.54130959], [126.94909763, 37.54135245], [126.94903461, 37.54130874], [126.94908406, 37.54126508], [126.94905839, 37.54124474], [126.94905117, 37.5412519], [126.94901084, 37.54122319], [126.94901798, 37.54121643], [126.94897677, 37.54118794], [126.94898657, 37.54118043], [126.94879228, 37.541039], [126.94878616, 37.54104566], [126.94876338, 37.54102811], [126.94867889, 37.54110425], [126.94865238, 37.54108741], [126.94858442, 37.5411465], [126.94861644, 37.54116684], [126.94860153, 37.54118065], [126.94874477, 37.54128537], [126.94875401, 37.54127736], [126.94885964, 37.54135459], [126.94891853, 37.54130581], [126.94905551, 37.54141065], [126.94900088, 37.54145845], [126.94909464, 37.5415264], [126.94908455, 37.54153524], [126.94922943, 37.54164219], [126.9492449, 37.54162891], [126.94926694, 37.54164721]]]}, "properties": {"name": "마포아크로타워", "status": "high", "capacity": 100, "active": 39, "industry": "의원", "vacancy_rate": 61.0, "vacancy_rate_lo": null, "vacancy_rate_hi": null, "stores": 39, "source": "stores+ledger", "capacity_method": "expos_units", "active_pip": 0, "licensed": 9, "com_floors": null, "occ_floors": null, "unknown_n": null, "id": "1144010400105630000-1", "pnu": "1144010400105630000", "floors": 20, "height": 79.64}}, {"type": "Feature", "geometry": {"type": "Polygon", "coordinates": [[[126.95508078, 37.54536997], [126.9550463, 37.54533103], [126.95492179, 37.54540108], [126.95495978, 37.54543813], [126.95508078, 37.54536997]]]}, "properties": {"name": "보건사빌딩", "status": "partial", "capacity": 3, "active": 2, "industry": "이용·미용", "vacancy_rate": 33.3, "vacancy_rate_lo": 33.3, "vacancy_rate_hi": 33.3, "stores": 2, "source": "stores+ledger", "capacity_method": "floor_ouln", "active_pip": 0, "licensed": 0, "com_floors": [1, 2, 3], "occ_floors": [1, 2], "unknown_n": 0, "id": "1144010300100140009-1", "pnu": "1144010300100140009", "floors": 4, "height": 10.7}}, {"type": "Feature", "geometry": {"type": "Polygon", "coordinates": [[[126.95491554, 37.54487472], [126.95483796, 37.54480585], [126.95476334, 37.54486493], [126.95484308, 37.54493028], [126.95491554, 37.54487472]]]}, "properties": {"name": "신공덕동 15-82", "status": "high", "capacity": 10, "active": 1, "industry": "", "vacancy_rate": 90.0, "source": "pip_only", "capacity_method": "floor_approx", "active_pip": 0, "licensed": 1, "id": "1144010300100150082-1", "pnu": "1144010300100150082", "floors": 10, "height": 31.3}}, {"type": "Feature", "geometry": {"type": "Polygon", "coordinates": [[[126.95449254, 37.54488699], [126.95436576, 37.54477747], [126.95429625, 37.54482852], [126.95441976, 37.54493507], [126.95449254, 37.54488699]]]}, "properties": {"name": "서현빌딩", "status": "full", "capacity": 2, "active": 2, "industry": "기타 교육", "vacancy_rate": 0.0, "vacancy_rate_lo": 0.0, "vacancy_rate_hi": 0.0, "stores": 4, "source": "stores+ledger", "capacity_method": "floor_ouln", "active_pip": 0, "licensed": 2, "com_floors": [1, 2], "occ_floors": [1, 2], "unknown_n": 0, "id": "1144010300100150015-1", "pnu": "1144010300100150015", "floors": 4, "height": 0.0}}, {"type": "Feature", "geometry": {"type": "Polygon", "coordinates": [[[126.95468416, 37.54502104], [126.95462862, 37.54496939], [126.95453782, 37.54503612], [126.95459495, 37.54508939], [126.95468234, 37.54502969], [126.9546777, 37.54502545], [126.95468416, 37.54502104]]]}, "properties": {"name": "신공덕동 15-2", "status": "full", "capacity": 1, "active": 1, "industry": "식료품 소매", "vacancy_rate": 0.0, "vacancy_rate_lo": 0.0, "vacancy_rate_hi": 0.0, "stores": 1, "source": "stores+ledger", "capacity_method": "floor_ouln", "active_pip": 0, "licensed": 0, "com_floors": [1], "occ_floors": [1], "unknown_n": 0, "id": "1144010300100150002-1", "pnu": "1144010300100150002", "floors": 4, "height": 12.7}}, {"type": "Feature", "geometry": {"type": "Polygon", "coordinates": [[[126.95502749, 37.54424676], [126.95500728, 37.54418324], [126.95495838, 37.54418493], [126.95495171, 37.54416664], [126.95494006, 37.54416915], [126.95492831, 37.54414482], [126.95486538, 37.54416399], [126.95487159, 37.54418381], [126.9548476, 37.54418876], [126.95488984, 37.54430834], [126.95494927, 37.54429503], [126.95502749, 37.54424676]]]}, "properties": {"name": "중전용면적", "status": "partial", "capacity": 6, "active": 4, "industry": "의원", "vacancy_rate": 33.3, "vacancy_rate_lo": 33.3, "vacancy_rate_hi": 50.0, "stores": 5, "source": "stores+ledger", "capacity_method": "floor_ouln", "active_pip": 0, "licensed": 0, "com_floors": [1, 2, 3, 4, 5, 6], "occ_floors": [1, 3, 4], "unknown_n": 1, "id": "1144010300100150075-1", "pnu": "1144010300100150075", "floors": 7, "height": 25.25}}, {"type": "Feature", "geometry": {"type": "Polygon", "coordinates": [[[126.95489528, 37.53961143], [126.95476982, 37.5395821], [126.95468165, 37.5397947], [126.95480577, 37.53982448], [126.95489528, 37.53961143]]]}, "properties": {"name": "도화현대아파트", "status": "high", "capacity": 69, "active": 15, "industry": "종합 소매", "vacancy_rate": 78.3, "vacancy_rate_lo": null, "vacancy_rate_hi": null, "stores": 15, "source": "stores+ledger", "capacity_method": "expos_units", "active_pip": 0, "licensed": 0, "com_floors": null, "occ_floors": null, "unknown_n": null, "id": "1144010400103570000-12", "pnu": "1144010400103570000", "floors": 15, "height": 0.0}}, {"type": "Feature", "geometry": {"type": "Polygon", "coordinates": [[[126.95526327, 37.54353921], [126.95501399, 37.54316556], [126.95488756, 37.54322074], [126.95513504, 37.54359205], [126.95526327, 37.54353921]]]}, "properties": {"name": "신공덕래미안1차", "status": "high", "capacity": 74, "active": 21, "industry": "기타 교육", "vacancy_rate": 71.6, "vacancy_rate_lo": null, "vacancy_rate_hi": null, "stores": 21, "source": "stores+ledger", "capacity_method": "expos_units", "active_pip": 0, "licensed": 0, "com_floors": null, "occ_floors": null, "unknown_n": null, "id": "1144010300101550000-7", "pnu": "1144010300101550000", "floors": 23, "height": 62.4}}, {"type": "Feature", "geometry": {"type": "Polygon", "coordinates": [[[126.95488243, 37.54516726], [126.95481683, 37.54510876], [126.95469797, 37.54518647], [126.9547699, 37.54524722], [126.95488243, 37.54516726]]]}, "properties": {"name": "좌측", "status": "high", "capacity": 3, "active": 1, "industry": "식료품 소매", "vacancy_rate": 66.7, "vacancy_rate_lo": 66.7, "vacancy_rate_hi": 66.7, "stores": 2, "source": "stores+ledger", "capacity_method": "floor_ouln", "active_pip": 0, "licensed": 0, "com_floors": [1, 2, 3], "occ_floors": [1], "unknown_n": 0, "id": "1144010300100150001-1", "pnu": "1144010300100150001", "floors": 4, "height": 0.0}}, {"type": "Feature", "geometry": {"type": "Polygon", "coordinates": [[[126.95463895, 37.54473694], [126.95447681, 37.54470994], [126.95444115, 37.54473254], [126.9545496, 37.54484106], [126.95460021, 37.54480387], [126.9545898, 37.54479485], [126.95465398, 37.54476686], [126.95463895, 37.54473694]]]}, "properties": {"name": "신공덕동 15-66", "status": "empty", "capacity": 6, "active": 0, "industry": "", "vacancy_rate": 100.0, "source": "polygon_only", "capacity_method": "floor_approx", "active_pip": 0, "licensed": 0, "id": "1144010300100150066-1", "pnu": "1144010300100150066", "floors": 6, "height": 0.0}}, {"type": "Feature", "geometry": {"type": "Polygon", "coordinates": [[[126.95550664, 37.54417306], [126.95540749, 37.54402499], [126.95529226, 37.54407009], [126.95528423, 37.54405811], [126.95523409, 37.54408096], [126.95526914, 37.54413865], [126.95526166, 37.54414206], [126.95533324, 37.54424021], [126.95550664, 37.54417306]]]}, "properties": {"name": "신공덕래미안1차", "status": "high", "capacity": 74, "active": 21, "industry": "기타 교육", "vacancy_rate": 71.6, "vacancy_rate_lo": null, "vacancy_rate_hi": null, "stores": 21, "source": "stores+ledger", "capacity_method": "expos_units", "active_pip": 0, "licensed": 0, "com_floors": null, "occ_floors": null, "unknown_n": null, "id": "1144010300101550000-8", "pnu": "1144010300101550000", "floors": 2, "height": 7.2}}, {"type": "Feature", "geometry": {"type": "Polygon", "coordinates": [[[126.95164027, 37.53905148], [126.95147652, 37.53891914], [126.9513778, 37.53900073], [126.95154008, 37.53913072], [126.95164027, 37.53905148]]]}, "properties": {"name": "현대홈타운", "status": "high", "capacity": 60, "active": 18, "industry": "기타 교육", "vacancy_rate": 70.0, "vacancy_rate_lo": null, "vacancy_rate_hi": null, "stores": 18, "source": "stores+ledger", "capacity_method": "expos_units", "active_pip": 0, "licensed": 0, "com_floors": null, "occ_floors": null, "unknown_n": null, "id": "1144010400103530000-7", "pnu": "1144010400103530000", "floors": 4, "height": 16.25}}, {"type": "Feature", "geometry": {"type": "Polygon", "coordinates": [[[126.94798328, 37.53908593], [126.94792789, 37.53901356], [126.94790502, 37.53902526], [126.94786586, 37.53904534], [126.94788078, 37.53906381], [126.9478732, 37.53906768], [126.94790508, 37.53910815], [126.94794905, 37.53916412], [126.94800859, 37.53913442], [126.94797638, 37.53908908], [126.94798328, 37.53908593]]]}, "properties": {"name": "도화동 203-2", "status": "full", "capacity": 3, "active": 3, "industry": "한식", "vacancy_rate": 0.0, "vacancy_rate_lo": 0.0, "vacancy_rate_hi": 0.0, "stores": 4, "source": "stores+ledger", "capacity_method": "floor_ouln", "active_pip": 0, "licensed": 2, "com_floors": [1, 2, 3], "occ_floors": [1, 2, 3], "unknown_n": 0, "id": "1144010400102030002-1", "pnu": "1144010400102030002", "floors": 4, "height": 0.0}}, {"type": "Feature", "geometry": {"type": "Polygon", "coordinates": [[[126.9470286, 37.54072388], [126.94697553, 37.54068664], [126.9469426, 37.54071601], [126.9469972, 37.54075374], [126.9470286, 37.54072388]]]}, "properties": {"name": "성우빌딩", "status": "full", "capacity": 34, "active": 31, "industry": "한식", "vacancy_rate": 8.8, "vacancy_rate_lo": null, "vacancy_rate_hi": null, "stores": 31, "source": "stores+ledger", "capacity_method": "expos_units", "active_pip": 0, "licensed": 19, "com_floors": null, "occ_floors": null, "unknown_n": null, "id": "1144010400100510001-2", "pnu": "1144010400100510001", "floors": 0, "height": 0.0}}, {"type": "Feature", "geometry": {"type": "Polygon", "coordinates": [[[126.94801451, 37.53973616], [126.94793949, 37.5396752], [126.94786576, 37.5397295], [126.94793612, 37.53979833], [126.94801451, 37.53973616]]]}, "properties": {"name": "도화동 201-56", "status": "empty", "capacity": 2, "active": 0, "industry": "", "vacancy_rate": 100.0, "source": "polygon_only", "capacity_method": "floor_approx", "active_pip": 0, "licensed": 0, "id": "1144010400102010056-3", "pnu": "1144010400102010056", "floors": 2, "height": 0.0}}, {"type": "Feature", "geometry": {"type": "Polygon", "coordinates": [[[126.94673422, 37.53872641], [126.94672148, 37.53866153], [126.94660028, 37.53867634], [126.94661934, 37.5387742], [126.94670398, 37.53876378], [126.94673422, 37.53872641]]]}, "properties": {"name": "근신빌딩", "status": "full", "capacity": 5, "active": 5, "industry": "가전·통신 소매", "vacancy_rate": 0.0, "vacancy_rate_lo": 0.0, "vacancy_rate_hi": 40.0, "stores": 4, "source": "stores+ledger", "capacity_method": "floor_ouln", "active_pip": 0, "licensed": 1, "com_floors": [1, 2, 3, 4, 5], "occ_floors": [1, 3, 4], "unknown_n": 2, "id": "1144010400102900001-1", "pnu": "1144010400102900001", "floors": 5, "height": 0.0}}, {"type": "Feature", "geometry": {"type": "Polygon", "coordinates": [[[126.94698552, 37.5396191], [126.94697517, 37.53954748], [126.94689999, 37.53955395], [126.94691098, 37.53962726], [126.94698552, 37.5396191]]]}, "properties": {"name": "일부", "status": "full", "capacity": 1, "active": 1, "industry": "한식", "vacancy_rate": 0.0, "vacancy_rate_lo": 0.0, "vacancy_rate_hi": 0.0, "stores": 2, "source": "stores+ledger", "capacity_method": "floor_ouln", "active_pip": 0, "licensed": 2, "com_floors": [1], "occ_floors": [1], "unknown_n": 0, "id": "1144010400102500010-3", "pnu": "1144010400102500010", "floors": 0, "height": 0.0}}, {"type": "Feature", "geometry": {"type": "Polygon", "coordinates": [[[126.94908491, 37.54000894], [126.9490615, 37.53999046], [126.94902153, 37.54002594], [126.94904664, 37.54004063], [126.94908491, 37.54000894]]]}, "properties": {"name": "삼성아파트", "status": "high", "capacity": 168, "active": 35, "industry": "의원", "vacancy_rate": 79.2, "vacancy_rate_lo": null, "vacancy_rate_hi": null, "stores": 35, "source": "stores+ledger", "capacity_method": "expos_units", "active_pip": 0, "licensed": 0, "com_floors": null, "occ_floors": null, "unknown_n": null, "id": "1144010400105500000-28", "pnu": "1144010400105500000", "floors": 0, "height": 0.0}}, {"type": "Feature", "geometry": {"type": "Polygon", "coordinates": [[[126.95164027, 37.53941012], [126.95161607, 37.53939191], [126.9515819, 37.53941952], [126.95160794, 37.53943721], [126.95164027, 37.53941012]]]}, "properties": {"name": "삼성아파트", "status": "high", "capacity": 168, "active": 35, "industry": "의원", "vacancy_rate": 79.2, "vacancy_rate_lo": null, "vacancy_rate_hi": null, "stores": 35, "source": "stores+ledger", "capacity_method": "expos_units", "active_pip": 0, "licensed": 0, "com_floors": null, "occ_floors": null, "unknown_n": null, "id": "1144010400105500000-29", "pnu": "1144010400105500000", "floors": 0, "height": 0.0}}, {"type": "Feature", "geometry": {"type": "Polygon", "coordinates": [[[126.95130093, 37.5402152], [126.95131802, 37.54019954], [126.95132187, 37.54020223], [126.95135742, 37.54016954], [126.95135753, 37.54016954], [126.95139331, 37.54013658], [126.95139546, 37.54013803], [126.95142818, 37.54010786], [126.95142478, 37.54010551], [126.95145285, 37.54007967], [126.95140207, 37.54004459], [126.95141543, 37.54003226], [126.9514212, 37.54003622], [126.95145471, 37.54000542], [126.95145234, 37.5400038], [126.95148914, 37.53996994], [126.95149423, 37.53997346], [126.95152796, 37.53994248], [126.95152536, 37.53994067], [126.95154721, 37.5399205], [126.95145618, 37.53985063], [126.95129893, 37.53998049], [126.9513514, 37.54002079], [126.95120355, 37.54014813], [126.95130093, 37.5402152]]]}, "properties": {"name": "삼성아파트", "status": "high", "capacity": 168, "active": 35, "industry": "의원", "vacancy_rate": 79.2, "vacancy_rate_lo": null, "vacancy_rate_hi": null, "stores": 35, "source": "stores+ledger", "capacity_method": "expos_units", "active_pip": 0, "licensed": 0, "com_floors": null, "occ_floors": null, "unknown_n": null, "id": "1144010400105500000-30", "pnu": "1144010400105500000", "floors": 17, "height": 46.6}}, {"type": "Feature", "geometry": {"type": "Polygon", "coordinates": [[[126.95090877, 37.54035071], [126.95087413, 37.54032596], [126.95085261, 37.54034411], [126.95088729, 37.54037076], [126.95090877, 37.54035071]]]}, "properties": {"name": "삼성아파트", "status": "high", "capacity": 168, "active": 35, "industry": "의원", "vacancy_rate": 79.2, "vacancy_rate_lo": null, "vacancy_rate_hi": null, "stores": 35, "source": "stores+ledger", "capacity_method": "expos_units", "active_pip": 0, "licensed": 0, "com_floors": null, "occ_floors": null, "unknown_n": null, "id": "1144010400105500000-31", "pnu": "1144010400105500000", "floors": 0, "height": 0.0}}, {"type": "Feature", "geometry": {"type": "Polygon", "coordinates": [[[126.95091133, 37.53886589], [126.95085873, 37.53884586], [126.9507864, 37.53888493], [126.95083502, 37.53893109], [126.95091133, 37.53886589]]]}, "properties": {"name": "사랑빌딩", "status": "partial", "capacity": 4, "active": 2, "industry": "기타 교육", "vacancy_rate": 50.0, "vacancy_rate_lo": 50.0, "vacancy_rate_hi": 50.0, "stores": 2, "source": "stores+ledger", "capacity_method": "floor_ouln", "active_pip": 0, "licensed": 0, "com_floors": [1, 2, 3, 4], "occ_floors": [2, 3], "unknown_n": 0, "id": "1144010400100060041-1", "pnu": "1144010400100060041", "floors": 4, "height": 10.5}}, {"type": "Feature", "geometry": {"type": "Polygon", "coordinates": [[[126.94841783, 37.54025029], [126.94835437, 37.54022846], [126.94830973, 37.54031097], [126.9483732, 37.54033271], [126.94841783, 37.54025029]]]}, "properties": {"name": "도화동 336-2", "status": "full", "capacity": 2, "active": 2, "industry": "유원지·오락", "vacancy_rate": 0.0, "vacancy_rate_lo": 0.0, "vacancy_rate_hi": 0.0, "stores": 3, "source": "stores+ledger", "capacity_method": "floor_ouln", "active_pip": 0, "licensed": 2, "com_floors": [1, 2], "occ_floors": [1, 2], "unknown_n": 0, "id": "1144010400103360002-1", "pnu": "1144010400103360002", "floors": 2, "height": 0.0}}, {"type": "Feature", "geometry": {"type": "Polygon", "coordinates": [[[126.94898342, 37.54032343], [126.94888455, 37.54029086], [126.94887888, 37.54030167], [126.9488609, 37.5402958], [126.94881377, 37.54037705], [126.94892689, 37.54041873], [126.94898342, 37.54032343]]]}, "properties": {"name": "전체", "status": "full", "capacity": 4, "active": 4, "industry": "주점", "vacancy_rate": 0.0, "vacancy_rate_lo": 0.0, "vacancy_rate_hi": 25.0, "stores": 5, "source": "stores+ledger", "capacity_method": "floor_ouln", "active_pip": 0, "licensed": 0, "com_floors": [1, 2, 3, 4], "occ_floors": [1, 3, 4], "unknown_n": 1, "id": "1144010400103450001-2", "pnu": "1144010400103450001", "floors": 4, "height": 0.0}}, {"type": "Feature", "geometry": {"type": "Polygon", "coordinates": [[[126.94866466, 37.54034987], [126.94855832, 37.54031298], [126.94854586, 37.54033774], [126.9485393, 37.54033566], [126.94851142, 37.54039241], [126.94862024, 37.54043112], [126.94866466, 37.54034987]]]}, "properties": {"name": "우측", "status": "full", "capacity": 2, "active": 2, "industry": "종합 소매", "vacancy_rate": 0.0, "vacancy_rate_lo": 0.0, "vacancy_rate_hi": 0.0, "stores": 3, "source": "stores+ledger", "capacity_method": "floor_ouln", "active_pip": 0, "licensed": 2, "com_floors": [1, 2], "occ_floors": [1, 2], "unknown_n": 0, "id": "1144010400103440000-1", "pnu": "1144010400103440000", "floors": 3, "height": 0.0}}, {"type": "Feature", "geometry": {"type": "Polygon", "coordinates": [[[126.94661892, 37.5404714], [126.94635813, 37.54027937], [126.94632973, 37.54028009], [126.94612763, 37.54045713], [126.94612999, 37.54047623], [126.94639293, 37.54066763], [126.94641703, 37.54066701], [126.94662015, 37.54049168], [126.94661892, 37.5404714]]]}, "properties": {"name": "일진", "status": "high", "capacity": 34, "active": 4, "industry": "의원", "vacancy_rate": 88.2, "vacancy_rate_lo": null, "vacancy_rate_hi": null, "stores": 4, "source": "stores+ledger", "capacity_method": "expos_units", "active_pip": 0, "licensed": 4, "com_floors": null, "occ_floors": null, "unknown_n": null, "id": "1144010400100500001-2", "pnu": "1144010400100500001", "floors": 15, "height": 60.9}}, {"type": "Feature", "geometry": {"type": "Polygon", "coordinates": [[[126.94934558, 37.54015885], [126.94932217, 37.54014037], [126.9492822, 37.54017585], [126.94930731, 37.54019055], [126.94934558, 37.54015885]]]}, "properties": {"name": "삼성아파트", "status": "high", "capacity": 168, "active": 35, "industry": "의원", "vacancy_rate": 79.2, "vacancy_rate_lo": null, "vacancy_rate_hi": null, "stores": 35, "source": "stores+ledger", "capacity_method": "expos_units", "active_pip": 0, "licensed": 0, "com_floors": null, "occ_floors": null, "unknown_n": null, "id": "1144010400105500000-32", "pnu": "1144010400105500000", "floors": 0, "height": 0.0}}, {"type": "Feature", "geometry": {"type": "Polygon", "coordinates": [[[126.94833865, 37.54004997], [126.94832895, 37.54000311], [126.94836494, 37.53999844], [126.94835139, 37.53995482], [126.94824829, 37.53997514], [126.94826647, 37.5400339], [126.94827643, 37.54003165], [126.94828512, 37.54005634], [126.94828908, 37.54005643], [126.94833865, 37.54004997]]]}, "properties": {"name": "도화동 328", "status": "full", "capacity": 2, "active": 2, "industry": "일식", "vacancy_rate": 0.0, "vacancy_rate_lo": 0.0, "vacancy_rate_hi": 50.0, "stores": 1, "source": "stores+ledger", "capacity_method": "floor_ouln", "active_pip": 0, "licensed": 1, "com_floors": [1, 2], "occ_floors": [1], "unknown_n": 1, "id": "1144010400103280000-1", "pnu": "1144010400103280000", "floors": 2, "height": 0.0}}, {"type": "Feature", "geometry": {"type": "Polygon", "coordinates": [[[126.94821682, 37.54015668], [126.94816287, 37.54013224], [126.94808846, 37.54023627], [126.94816459, 37.54026766], [126.94821682, 37.54015668]]]}, "properties": {"name": "도화동 334-3", "status": "full", "capacity": 2, "active": 2, "industry": "주점", "vacancy_rate": 0.0, "vacancy_rate_lo": 0.0, "vacancy_rate_hi": 0.0, "stores": 3, "source": "stores+ledger", "capacity_method": "floor_ouln", "active_pip": 0, "licensed": 2, "com_floors": [1, 2], "occ_floors": [1, 2], "unknown_n": 0, "id": "1144010400103340003-1", "pnu": "1144010400103340003", "floors": 2, "height": 0.0}}, {"type": "Feature", "geometry": {"type": "Polygon", "coordinates": [[[126.948691, 37.54003976], [126.94861442, 37.54001557], [126.94861283, 37.54002071], [126.94858931, 37.54001601], [126.94857898, 37.54004872], [126.94859268, 37.54005142], [126.94858586, 37.54007295], [126.94859617, 37.54007503], [126.94859299, 37.54008521], [126.94860192, 37.54008846], [126.94859761, 37.54009612], [126.94865497, 37.54011227], [126.948691, 37.54003976]]]}, "properties": {"name": "도화동 338-1", "status": "full", "capacity": 2, "active": 2, "industry": "한식", "vacancy_rate": 0.0, "vacancy_rate_lo": 0.0, "vacancy_rate_hi": 0.0, "stores": 1, "source": "stores+ledger", "capacity_method": "floor_ouln", "active_pip": 0, "licensed": 1, "com_floors": [1, 2], "occ_floors": [1, 2], "unknown_n": 0, "id": "1144010400103380001-1", "pnu": "1144010400103380001", "floors": 2, "height": 0.0}}, {"type": "Feature", "geometry": {"type": "Polygon", "coordinates": [[[126.94862043, 37.54017496], [126.94864886, 37.54011155], [126.94859559, 37.54009593], [126.9485821, 37.54012593], [126.94857021, 37.5401225], [126.94857657, 37.54010863], [126.94854726, 37.54010024], [126.94852574, 37.54014771], [126.94862043, 37.54017496]]]}, "properties": {"name": "도화동 338-1", "status": "full", "capacity": 2, "active": 2, "industry": "한식", "vacancy_rate": 0.0, "vacancy_rate_lo": 0.0, "vacancy_rate_hi": 0.0, "stores": 1, "source": "stores+ledger", "capacity_method": "floor_ouln", "active_pip": 0, "licensed": 1, "com_floors": [1, 2], "occ_floors": [1, 2], "unknown_n": 0, "id": "1144010400103380001-2", "pnu": "1144010400103380001", "floors": 0, "height": 0.0}}, {"type": "Feature", "geometry": {"type": "Polygon", "coordinates": [[[126.9483285, 37.54015898], [126.94826017, 37.54014084], [126.94825915, 37.54014336], [126.94824071, 37.54013849], [126.94824252, 37.54013426], [126.94823065, 37.5401311], [126.94820106, 37.54020172], [126.94829814, 37.54023123], [126.9483285, 37.54015898]]]}, "properties": {"name": "도화동 335-2", "status": "full", "capacity": 2, "active": 2, "industry": "한식", "vacancy_rate": 0.0, "vacancy_rate_lo": 0.0, "vacancy_rate_hi": 50.0, "stores": 1, "source": "stores+ledger", "capacity_method": "floor_ouln", "active_pip": 0, "licensed": 1, "com_floors": [1, 2], "occ_floors": [1], "unknown_n": 1, "id": "1144010400103350002-1", "pnu": "1144010400103350002", "floors": 2, "height": 0.0}}, {"type": "Feature", "geometry": {"type": "Polygon", "coordinates": [[[126.94852115, 37.54023204], [126.94854245, 37.54019548], [126.94858317, 37.54021026], [126.94860108, 37.54017081], [126.94851725, 37.54014672], [126.94847692, 37.54021635], [126.94852115, 37.54023204]]]}, "properties": {"name": "도화동 343-2", "status": "full", "capacity": 4, "active": 4, "industry": "한식", "vacancy_rate": 0.0, "vacancy_rate_lo": 0.0, "vacancy_rate_hi": 50.0, "stores": 4, "source": "stores+ledger", "capacity_method": "floor_ouln", "active_pip": 0, "licensed": 0, "com_floors": [1, 2, 3, 4], "occ_floors": [2, 3], "unknown_n": 2, "id": "1144010400103430002-4", "pnu": "1144010400103430002", "floors": 0, "height": 0.0}}, {"type": "Feature", "geometry": {"type": "Polygon", "coordinates": [[[126.94781088, 37.53961527], [126.94780875, 37.53958968], [126.94782244, 37.53958897], [126.94781941, 37.53955247], [126.94771237, 37.53955819], [126.94771304, 37.5395654], [126.94764877, 37.53957537], [126.94765044, 37.53960889], [126.94774458, 37.53960614], [126.94774785, 37.53962921], [126.9477896, 37.53962553], [126.94781088, 37.53961527]]]}, "properties": {"name": "도화동 201-42", "status": "partial", "capacity": 3, "active": 2, "industry": "중식", "vacancy_rate": 33.3, "vacancy_rate_lo": 33.3, "vacancy_rate_hi": 33.3, "stores": 2, "source": "stores+ledger", "capacity_method": "floor_ouln", "active_pip": 0, "licensed": 2, "com_floors": [1, 2, 3], "occ_floors": [1, 2], "unknown_n": 0, "id": "1144010400102010042-1", "pnu": "1144010400102010042", "floors": 4, "height": 11.35}}, {"type": "Feature", "geometry": {"type": "Polygon", "coordinates": [[[126.94773186, 37.53967461], [126.94772917, 37.53963614], [126.94764612, 37.53963979], [126.94764833, 37.53971602], [126.94766587, 37.53971521], [126.94773186, 37.53967461]]]}, "properties": {"name": "도화동 201-43", "status": "full", "capacity": 2, "active": 2, "industry": "이용·미용", "vacancy_rate": 0.0, "vacancy_rate_lo": 0.0, "vacancy_rate_hi": 0.0, "stores": 4, "source": "stores+ledger", "capacity_method": "floor_ouln", "active_pip": 0, "licensed": 1, "com_floors": [1, 2], "occ_floors": [1, 2], "unknown_n": 0, "id": "1144010400102010043-1", "pnu": "1144010400102010043", "floors": 2, "height": 0.0}}, {"type": "Feature", "geometry": {"type": "Polygon", "coordinates": [[[126.94871022, 37.53974865], [126.94868012, 37.5397472], [126.94867578, 37.53980297], [126.94872273, 37.53980866], [126.9487209, 37.53984633], [126.94879863, 37.53985141], [126.94880649, 37.53977419], [126.94875614, 37.53976723], [126.94875615, 37.53975795], [126.94870965, 37.53975568], [126.94871022, 37.53974865]]]}, "properties": {"name": "도화동 324-1", "status": "full", "capacity": 1, "active": 1, "industry": "한식", "vacancy_rate": 0.0, "vacancy_rate_lo": 0.0, "vacancy_rate_hi": 100.0, "stores": 1, "source": "stores+ledger", "capacity_method": "floor_ouln", "active_pip": 0, "licensed": 1, "com_floors": [1], "occ_floors": [], "unknown_n": 1, "id": "1144010400103240001-1", "pnu": "1144010400103240001", "floors": 4, "height": 11.25}}, {"type": "Feature", "geometry": {"type": "Polygon", "coordinates": [[[126.94739816, 37.53971699], [126.94738367, 37.53971627], [126.94737835, 37.53971878], [126.94737787, 37.53975662], [126.94733929, 37.5397593], [126.94733173, 37.53987734], [126.94738717, 37.53988953], [126.94740403, 37.53989125], [126.94741149, 37.53989035], [126.9474364, 37.53987972], [126.94744704, 37.53986586], [126.94747079, 37.53972224], [126.94739816, 37.53971699]]]}, "properties": {"name": "에벤에셀", "status": "partial", "capacity": 6, "active": 4, "industry": "의원", "vacancy_rate": 33.3, "vacancy_rate_lo": 33.3, "vacancy_rate_hi": 50.0, "stores": 7, "source": "stores+ledger", "capacity_method": "floor_ouln", "active_pip": 0, "licensed": 2, "com_floors": [1, 2, 3, 4, 5, 6], "occ_floors": [1, 2, 5], "unknown_n": 1, "id": "1144010400102500001-1", "pnu": "1144010400102500001", "floors": 6, "height": 21.0}}, {"type": "Feature", "geometry": {"type": "Polygon", "coordinates": [[[126.94743677, 37.53936075], [126.94742444, 37.53919028], [126.94716928, 37.5392026], [126.94716793, 37.53918601], [126.9471212, 37.53918942], [126.94713589, 37.53937585], [126.94743677, 37.53936075]]]}, "properties": {"name": "근신빌딩", "status": "full", "capacity": 5, "active": 5, "industry": "한식", "vacancy_rate": 0.0, "vacancy_rate_lo": 0.0, "vacancy_rate_hi": 20.0, "stores": 9, "source": "stores+ledger", "capacity_method": "floor_ouln", "active_pip": 0, "licensed": 7, "com_floors": [1, 2, 3, 4, 5], "occ_floors": [1, 3, 4, 5], "unknown_n": 1, "id": "1144010400102500004-3", "pnu": "1144010400102500004", "floors": 0, "height": 0.0}}, {"type": "Feature", "geometry": {"type": "Polygon", "coordinates": [[[126.94829791, 37.54023195], [126.94820005, 37.5402019], [126.9481758, 37.54026712], [126.94827603, 37.54029609], [126.94829791, 37.54023195]]]}, "properties": {"name": "도화동 335-1", "status": "full", "capacity": 2, "active": 2, "industry": "기타 간이", "vacancy_rate": 0.0, "vacancy_rate_lo": 0.0, "vacancy_rate_hi": 0.0, "stores": 2, "source": "stores+ledger", "capacity_method": "floor_ouln", "active_pip": 0, "licensed": 2, "com_floors": [1, 2], "occ_floors": [1, 2], "unknown_n": 0, "id": "1144010400103350001-1", "pnu": "1144010400103350001", "floors": 2, "height": 0.0}}, {"type": "Feature", "geometry": {"type": "Polygon", "coordinates": [[[126.95105609, 37.54018699], [126.95114914, 37.54010567], [126.9507256, 37.53979861], [126.95063436, 37.5398812], [126.95065708, 37.53989706], [126.95065516, 37.53989886], [126.9507082, 37.53993592], [126.95071103, 37.53993331], [126.95072981, 37.53994638], [126.95072992, 37.53994638], [126.95072086, 37.53995746], [126.95075084, 37.53997297], [126.95075616, 37.53996639], [126.95075638, 37.53996639], [126.9507764, 37.539981], [126.95077176, 37.53998514], [126.9508239, 37.54002318], [126.95082729, 37.54002021], [126.95086823, 37.54005005], [126.95086755, 37.5400505], [126.95091811, 37.54008747], [126.95092116, 37.54008485], [126.95093858, 37.54009766], [126.95093881, 37.54009766], [126.95093292, 37.54010585], [126.95096017, 37.54012487], [126.95096606, 37.54011902], [126.95098529, 37.54013128], [126.95098212, 37.54013434], [126.95103391, 37.54017392], [126.9510363, 37.54017194], [126.95105609, 37.54018699]]]}, "properties": {"name": "삼성아파트", "status": "high", "capacity": 168, "active": 35, "industry": "의원", "vacancy_rate": 79.2, "vacancy_rate_lo": null, "vacancy_rate_hi": null, "stores": 35, "source": "stores+ledger", "capacity_method": "expos_units", "active_pip": 0, "licensed": 0, "com_floors": null, "occ_floors": null, "unknown_n": null, "id": "1144010400105500000-33", "pnu": "1144010400105500000", "floors": 16, "height": 43.8}}, {"type": "Feature", "geometry": {"type": "Polygon", "coordinates": [[[126.95228872, 37.53934533], [126.95230671, 37.53933795], [126.95233251, 37.53934219], [126.95233693, 37.53932526], [126.95235865, 37.53932878], [126.95236455, 37.53930743], [126.95241094, 37.53931556], [126.9525237, 37.53902828], [126.95245355, 37.53901419], [126.95246002, 37.53899365], [126.95239791, 37.53898119], [126.95229023, 37.5392874], [126.9521496, 37.53925076], [126.95211096, 37.53934481], [126.95227466, 37.53938731], [126.95228872, 37.53934533]]]}, "properties": {"name": "도화현대아파트", "status": "high", "capacity": 69, "active": 15, "industry": "종합 소매", "vacancy_rate": 78.3, "vacancy_rate_lo": null, "vacancy_rate_hi": null, "stores": 15, "source": "stores+ledger", "capacity_method": "expos_units", "active_pip": 0, "licensed": 0, "com_floors": null, "occ_floors": null, "unknown_n": null, "id": "1144010400103570000-13", "pnu": "1144010400103570000", "floors": 15, "height": 0.0}}, {"type": "Feature", "geometry": {"type": "Polygon", "coordinates": [[[126.95551928, 37.54574234], [126.9554702, 37.54568168], [126.95544269, 37.54570104], [126.95543501, 37.54569411], [126.95540648, 37.54571428], [126.95540286, 37.54571121], [126.95527935, 37.54578261], [126.95534505, 37.54585454], [126.95539035, 37.54582735], [126.9553857, 37.54582239], [126.95551928, 37.54574234]]]}, "properties": {"name": "신공덕동 13-18", "status": "full", "capacity": 3, "active": 3, "industry": "기타 간이", "vacancy_rate": 0.0, "vacancy_rate_lo": 0.0, "vacancy_rate_hi": 33.3, "stores": 5, "source": "stores+ledger", "capacity_method": "floor_ouln", "active_pip": 0, "licensed": 2, "com_floors": [1, 2, 3], "occ_floors": [1, 2], "unknown_n": 1, "id": "1144010300100130018-1", "pnu": "1144010300100130018", "floors": 4, "height": 0.0}}, {"type": "Feature", "geometry": {"type": "Polygon", "coordinates": [[[126.9556716, 37.54553183], [126.955593, 37.54545549], [126.95551614, 37.54550159], [126.9555806, 37.54557351], [126.9556716, 37.54553183]]]}, "properties": {"name": "신공덕동 12-6", "status": "full", "capacity": 2, "active": 2, "industry": "종합 소매", "vacancy_rate": 0.0, "vacancy_rate_lo": null, "vacancy_rate_hi": null, "stores": 2, "source": "stores+ledger", "capacity_method": "expos_units", "active_pip": 0, "licensed": 0, "com_floors": null, "occ_floors": null, "unknown_n": null, "id": "1144010300100120006-1", "pnu": "1144010300100120006", "floors": 7, "height": 24.0}}, {"type": "Feature", "geometry": {"type": "Polygon", "coordinates": [[[126.95557216, 37.54568586], [126.95554072, 37.54565568], [126.95551864, 37.54567026], [126.95555009, 37.54570036], [126.95557216, 37.54568586]]]}, "properties": {"name": "신공덕동 13-18", "status": "full", "capacity": 3, "active": 3, "industry": "기타 간이", "vacancy_rate": 0.0, "vacancy_rate_lo": 0.0, "vacancy_rate_hi": 33.3, "stores": 5, "source": "stores+ledger", "capacity_method": "floor_ouln", "active_pip": 0, "licensed": 2, "com_floors": [1, 2, 3], "occ_floors": [1, 2], "unknown_n": 1, "id": "1144010300100130018-2", "pnu": "1144010300100130018", "floors": 0, "height": 0.0}}, {"type": "Feature", "geometry": {"type": "Polygon", "coordinates": [[[126.95516752, 37.54526745], [126.95523576, 37.54532735], [126.95520818, 37.54534728], [126.95524457, 37.54537923], [126.95525961, 37.54536837], [126.95531042, 37.54541297], [126.95537061, 37.5453695], [126.9553835, 37.54538081], [126.95544621, 37.54533553], [126.95532702, 37.54522822], [126.95528714, 37.54519321], [126.95522778, 37.54523607], [126.9552202, 37.54522942], [126.95516752, 37.54526745]]]}, "properties": {"name": "신공덕동 14-5", "status": "empty", "capacity": 18, "active": 0, "industry": "", "vacancy_rate": 100.0, "source": "polygon_only", "capacity_method": "floor_approx", "active_pip": 0, "licensed": 0, "id": "1144010300100140005-1", "pnu": "1144010300100140005", "floors": 18, "height": 59.2}}, {"type": "Feature", "geometry": {"type": "Polygon", "coordinates": [[[126.95487911, 37.54498492], [126.95492865, 37.54502837], [126.954932, 37.54502594], [126.95495896, 37.54504925], [126.954968, 37.54504123], [126.95497547, 37.54504799], [126.95498537, 37.54504077], [126.95509155, 37.54513262], [126.95517318, 37.54506972], [126.95498667, 37.54490761], [126.95487911, 37.54498492]]]}, "properties": {"name": "신공덕동 15-80", "status": "empty", "capacity": 17, "active": 0, "industry": "", "vacancy_rate": 100.0, "source": "polygon_only", "capacity_method": "floor_approx", "active_pip": 0, "licensed": 0, "id": "1144010300100150080-1", "pnu": "1144010300100150080", "floors": 17, "height": 55.7}}, {"type": "Feature", "geometry": {"type": "Polygon", "coordinates": [[[126.95512911, 37.53914462], [126.9552784, 37.53905206], [126.95519529, 37.5389667], [126.95498407, 37.53909798], [126.95500782, 37.53911844], [126.95501586, 37.53911241], [126.95503068, 37.53912512], [126.9550964, 37.53914136], [126.95511462, 37.53912993], [126.95512911, 37.53914462]]]}, "properties": {"name": "도원동 24", "status": "empty", "capacity": 3, "active": 0, "industry": "", "vacancy_rate": 100.0, "source": "polygon_only", "capacity_method": "floor_approx", "active_pip": 0, "licensed": 0, "id": "1117012000100240000-1", "pnu": "1117012000100240000", "floors": 3, "height": 14.4}}, {"type": "Feature", "geometry": {"type": "Polygon", "coordinates": [[[126.9552722, 37.54563962], [126.9551685, 37.54553119], [126.95512617, 37.54555658], [126.95511655, 37.5455464], [126.95507886, 37.54556891], [126.95519126, 37.54568806], [126.9552722, 37.54563962]]]}, "properties": {"name": "일부", "status": "full", "capacity": 3, "active": 3, "industry": "기타 간이", "vacancy_rate": 0.0, "vacancy_rate_lo": 0.0, "vacancy_rate_hi": 0.0, "stores": 4, "source": "stores+ledger", "capacity_method": "floor_ouln", "active_pip": 0, "licensed": 4, "com_floors": [1, 2, 3], "occ_floors": [1, 2, 3], "unknown_n": 0, "id": "1144010300100130002-1", "pnu": "1144010300100130002", "floors": 4, "height": 13.9}}, {"type": "Feature", "geometry": {"type": "Polygon", "coordinates": [[[126.95497589, 37.54521887], [126.95491314, 37.54516839], [126.95478802, 37.54525521], [126.95483998, 37.54530477], [126.95497589, 37.54521887]]]}, "properties": {"name": "신공덕동 14-15", "status": "partial", "capacity": 4, "active": 2, "industry": "기타 교육", "vacancy_rate": 50.0, "vacancy_rate_lo": 50.0, "vacancy_rate_hi": 50.0, "stores": 2, "source": "stores+ledger", "capacity_method": "floor_ouln", "active_pip": 0, "licensed": 1, "com_floors": [1, 2, 3, 4], "occ_floors": [1, 3], "unknown_n": 0, "id": "1144010300100140015-1", "pnu": "1144010300100140015", "floors": 5, "height": 16.35}}, {"type": "Feature", "geometry": {"type": "Polygon", "coordinates": [[[126.95346581, 37.53843003], [126.95330867, 37.53839428], [126.95326888, 37.53850509], [126.95342263, 37.53854299], [126.95333082, 37.53878938], [126.95338344, 37.53880066], [126.95337233, 37.53883354], [126.95342798, 37.53884942], [126.9534051, 37.53890041], [126.95340758, 37.53890897], [126.9537309, 37.53898812], [126.95377454, 37.53888047], [126.95346897, 37.53880664], [126.95356405, 37.53855693], [126.95351631, 37.53854682], [126.95352458, 37.53852213], [126.95346576, 37.53850958], [126.95347222, 37.53848995], [126.95344858, 37.53848093], [126.95346581, 37.53843003]]]}, "properties": {"name": "도화현대아파트", "status": "high", "capacity": 69, "active": 15, "industry": "종합 소매", "vacancy_rate": 78.3, "vacancy_rate_lo": null, "vacancy_rate_hi": null, "stores": 15, "source": "stores+ledger", "capacity_method": "expos_units", "active_pip": 0, "licensed": 0, "com_floors": null, "occ_floors": null, "unknown_n": null, "id": "1144010400103570000-14", "pnu": "1144010400103570000", "floors": 15, "height": 0.0}}, {"type": "Feature", "geometry": {"type": "Polygon", "coordinates": [[[126.95378267, 37.53963073], [126.95320106, 37.53949274], [126.95316071, 37.53960039], [126.95374459, 37.53972911], [126.95378267, 37.53963073]]]}, "properties": {"name": "도화현대아파트", "status": "high", "capacity": 69, "active": 15, "industry": "종합 소매", "vacancy_rate": 78.3, "vacancy_rate_lo": null, "vacancy_rate_hi": null, "stores": 15, "source": "stores+ledger", "capacity_method": "expos_units", "active_pip": 0, "licensed": 0, "com_floors": null, "occ_floors": null, "unknown_n": null, "id": "1144010400103570000-15", "pnu": "1144010400103570000", "floors": 15, "height": 0.0}}, {"type": "Feature", "geometry": {"type": "Polygon", "coordinates": [[[126.95442707, 37.53978884], [126.95385032, 37.53965013], [126.95380964, 37.53975733], [126.95439159, 37.53989776], [126.95439646, 37.53988469], [126.95439115, 37.53988343], [126.95442707, 37.53978884]]]}, "properties": {"name": "도화현대아파트", "status": "high", "capacity": 69, "active": 15, "industry": "종합 소매", "vacancy_rate": 78.3, "vacancy_rate_lo": null, "vacancy_rate_hi": null, "stores": 15, "source": "stores+ledger", "capacity_method": "expos_units", "active_pip": 0, "licensed": 0, "com_floors": null, "occ_floors": null, "unknown_n": null, "id": "1144010400103570000-16", "pnu": "1144010400103570000", "floors": 15, "height": 0.0}}, {"type": "Feature", "geometry": {"type": "Polygon", "coordinates": [[[126.95527962, 37.53947003], [126.9549917, 37.53939938], [126.95495294, 37.53950819], [126.95524425, 37.53957903], [126.95522204, 37.53963651], [126.95549549, 37.53970491], [126.95540913, 37.5399359], [126.95554047, 37.53996793], [126.95562864, 37.53973893], [126.95550635, 37.53970906], [126.9555476, 37.53960186], [126.95525627, 37.53953147], [126.95527962, 37.53947003]]]}, "properties": {"name": "도화현대아파트", "status": "high", "capacity": 69, "active": 15, "industry": "종합 소매", "vacancy_rate": 78.3, "vacancy_rate_lo": null, "vacancy_rate_hi": null, "stores": 15, "source": "stores+ledger", "capacity_method": "expos_units", "active_pip": 0, "licensed": 0, "com_floors": null, "occ_floors": null, "unknown_n": null, "id": "1144010400103570000-17", "pnu": "1144010400103570000", "floors": 13, "height": 0.0}}, {"type": "Feature", "geometry": {"type": "Polygon", "coordinates": [[[126.94674237, 37.54221985], [126.94675528, 37.54221031], [126.94676613, 37.5422196], [126.94677609, 37.54221978], [126.94688387, 37.5421409], [126.9468841, 37.54213108], [126.94684939, 37.54210051], [126.94683604, 37.54209826], [126.9468177, 37.54211014], [126.94680096, 37.54209364], [126.94680143, 37.54207391], [126.94655377, 37.5418655], [126.9465325, 37.54186495], [126.94645268, 37.54192573], [126.94645867, 37.54193077], [126.94644995, 37.54193906], [126.94643061, 37.54192608], [126.94642371, 37.54192454], [126.94641749, 37.54192616], [126.94637571, 37.54195686], [126.94637469, 37.54196173], [126.9463748, 37.54196669], [126.94637593, 37.54197002], [126.94641438, 37.54200211], [126.94642094, 37.54200257], [126.94642705, 37.54200221], [126.94643158, 37.5420014], [126.94644573, 37.54198897], [126.94649141, 37.54203017], [126.94649184, 37.54206071], [126.94668104, 37.54221829], [126.94674237, 37.54221985]]]}, "properties": {"name": "도화동 51-3", "status": "empty", "capacity": 4, "active": 0, "industry": "", "vacancy_rate": 100.0, "source": "polygon_only", "capacity_method": "floor_approx", "active_pip": 0, "licensed": 0, "id": "1144010400100510003-1", "pnu": "1144010400100510003", "floors": 4, "height": 20.4}}, {"type": "Feature", "geometry": {"type": "Polygon", "coordinates": [[[126.95558703, 37.54291557], [126.95552339, 37.5428204], [126.95514796, 37.54297965], [126.95521433, 37.5430822], [126.95542292, 37.54299669], [126.95541477, 37.54298344], [126.95558703, 37.54291557]]]}, "properties": {"name": "신공덕래미안1차", "status": "high", "capacity": 74, "active": 21, "industry": "기타 교육", "vacancy_rate": 71.6, "vacancy_rate_lo": null, "vacancy_rate_hi": null, "stores": 21, "source": "stores+ledger", "capacity_method": "expos_units", "active_pip": 0, "licensed": 0, "com_floors": null, "occ_floors": null, "unknown_n": null, "id": "1144010300101550000-9", "pnu": "1144010300101550000", "floors": 22, "height": 59.6}}, {"type": "Feature", "geometry": {"type": "Polygon", "coordinates": [[[126.94851597, 37.53971027], [126.94853284, 37.5396837], [126.94859042, 37.53970688], [126.94860526, 37.53968346], [126.94852042, 37.53965315], [126.94850796, 37.53967522], [126.94848782, 37.539668], [126.94845067, 37.53972664], [126.94854195, 37.53976326], [126.94856348, 37.5397294], [126.94851597, 37.53971027]]]}, "properties": {"name": "도화동 321", "status": "empty", "capacity": 1, "active": 0, "industry": "", "vacancy_rate": 100.0, "source": "polygon_only", "capacity_method": "floor_approx", "active_pip": 0, "licensed": 0, "id": "1144010400103210000-1", "pnu": "1144010400103210000", "floors": 1, "height": 0.0}}, {"type": "Feature", "geometry": {"type": "Polygon", "coordinates": [[[126.9504986, 37.53983393], [126.95058996, 37.53975378], [126.95025826, 37.53951388], [126.95017278, 37.5395943], [126.95019743, 37.53961099], [126.95019223, 37.53961584], [126.9502326, 37.53964307], [126.9502343, 37.53964155], [126.95027513, 37.53966913], [126.9502715, 37.53967246], [126.95031131, 37.53969934], [126.95031165, 37.53969897], [126.95036029, 37.53973187], [126.950357, 37.53973503], [126.95039557, 37.53976099], [126.950395, 37.53976153], [126.95043821, 37.53979074], [126.9504347, 37.53979398], [126.95047292, 37.53981977], [126.95047485, 37.53981788], [126.9504986, 37.53983393]]]}, "properties": {"name": "삼성아파트", "status": "high", "capacity": 168, "active": 35, "industry": "의원", "vacancy_rate": 79.2, "vacancy_rate_lo": null, "vacancy_rate_hi": null, "stores": 35, "source": "stores+ledger", "capacity_method": "expos_units", "active_pip": 0, "licensed": 0, "com_floors": null, "occ_floors": null, "unknown_n": null, "id": "1144010400105500000-34", "pnu": "1144010400105500000", "floors": 17, "height": 46.6}}, {"type": "Feature", "geometry": {"type": "Polygon", "coordinates": [[[126.94745716, 37.53949068], [126.94745131, 37.53942256], [126.9473213, 37.53942962], [126.94732714, 37.53949774], [126.94745716, 37.53949068]]]}, "properties": {"name": "도화동 250-8", "status": "full", "capacity": 4, "active": 4, "industry": "기타 간이", "vacancy_rate": 0.0, "vacancy_rate_lo": 0.0, "vacancy_rate_hi": 0.0, "stores": 3, "source": "stores+ledger", "capacity_method": "floor_ouln", "active_pip": 0, "licensed": 3, "com_floors": [1, 2, 3, 4], "occ_floors": [1, 2, 3, 4], "unknown_n": 0, "id": "1144010400102500008-1", "pnu": "1144010400102500008", "floors": 4, "height": 12.0}}, {"type": "Feature", "geometry": {"type": "Polygon", "coordinates": [[[126.95062202, 37.54159165], [126.95055957, 37.54156279], [126.95049052, 37.54163052], [126.95058055, 37.54168885], [126.95062202, 37.54159165]]]}, "properties": {"name": "도화동 182-9", "status": "full", "capacity": 2, "active": 2, "industry": "유원지·오락", "vacancy_rate": 0.0, "vacancy_rate_lo": 0.0, "vacancy_rate_hi": 0.0, "stores": 2, "source": "stores+ledger", "capacity_method": "floor_ouln", "active_pip": 0, "licensed": 1, "com_floors": [1, 2], "occ_floors": [1, 2], "unknown_n": 0, "id": "1144010400101820009-1", "pnu": "1144010400101820009", "floors": 2, "height": 0.0}}, {"type": "Feature", "geometry": {"type": "Polygon", "coordinates": [[[126.95421366, 37.54123867], [126.95426036, 37.54122302], [126.95426338, 37.54120205], [126.95421871, 37.54119909], [126.95421366, 37.54123867]]]}, "properties": {"name": "도화동 1-8", "status": "full", "capacity": 1, "active": 1, "industry": "주점", "vacancy_rate": 0.0, "vacancy_rate_lo": 0.0, "vacancy_rate_hi": 0.0, "stores": 1, "source": "stores+ledger", "capacity_method": "floor_ouln", "active_pip": 0, "licensed": 1, "com_floors": [1], "occ_floors": [1], "unknown_n": 0, "id": "1144010400100010008-1", "pnu": "1144010400100010008", "floors": 2, "height": 5.6}}, {"type": "Feature", "geometry": {"type": "Polygon", "coordinates": [[[126.9498605, 37.54092143], [126.94948887, 37.54064963], [126.94940509, 37.54072266], [126.94937285, 37.54070481], [126.94930209, 37.54076695], [126.94973151, 37.54107464], [126.94980002, 37.54101178], [126.94977661, 37.54099483], [126.9498605, 37.54092143]]]}, "properties": {"name": "삼성아파트", "status": "high", "capacity": 168, "active": 35, "industry": "의원", "vacancy_rate": 79.2, "vacancy_rate_lo": null, "vacancy_rate_hi": null, "stores": 35, "source": "stores+ledger", "capacity_method": "expos_units", "active_pip": 0, "licensed": 0, "com_floors": null, "occ_floors": null, "unknown_n": null, "id": "1144010400105500000-35", "pnu": "1144010400105500000", "floors": 4, "height": 0.0}}, {"type": "Feature", "geometry": {"type": "Polygon", "coordinates": [[[126.94918503, 37.54236175], [126.94897921, 37.54219724], [126.94897298, 37.54220219], [126.94894221, 37.54218081], [126.94871726, 37.54235957], [126.94903777, 37.54259703], [126.94919604, 37.54246826], [126.94920806, 37.5424315], [126.94920581, 37.54241393], [126.94919915, 37.54239509], [126.94918887, 37.54237698], [126.94917767, 37.54236769], [126.94918503, 37.54236175]]]}, "properties": {"name": "SK허브그린", "status": "partial", "capacity": 25, "active": 21, "industry": "교육 지원", "vacancy_rate": 16.0, "vacancy_rate_lo": null, "vacancy_rate_hi": null, "stores": 21, "source": "stores+ledger", "capacity_method": "expos_units", "active_pip": 0, "licensed": 4, "com_floors": null, "occ_floors": null, "unknown_n": null, "id": "1144010400105560000-1", "pnu": "1144010400105560000", "floors": 21, "height": 89.85}}, {"type": "Feature", "geometry": {"type": "Polygon", "coordinates": [[[126.95251527, 37.54178425], [126.95259055, 37.54173346], [126.95250427, 37.54166153], [126.95243136, 37.541717], [126.95247297, 37.54175621], [126.95248022, 37.54175135], [126.95251527, 37.54178425]]]}, "properties": {"name": "도화동 38-25", "status": "full", "capacity": 3, "active": 3, "industry": "한식", "vacancy_rate": 0.0, "vacancy_rate_lo": 0.0, "vacancy_rate_hi": 0.0, "stores": 4, "source": "stores+ledger", "capacity_method": "floor_ouln", "active_pip": 0, "licensed": 3, "com_floors": [1, 2, 3], "occ_floors": [1, 2, 3], "unknown_n": 0, "id": "1144010400100380025-1", "pnu": "1144010400100380025", "floors": 3, "height": 11.44}}]}