{"type": "FeatureCollection", "district": "suyu", "features": [{"type": "Feature", "geometry": {"type": "Polygon", "coordinates": [[[127.02171863, 37.63397254], [127.02165144, 37.63391885], [127.0216665, 37.63390561], [127.02161426, 37.63386066], [127.02159489, 37.63387805], [127.02157958, 37.63386508], [127.02131308, 37.63408083], [127.02143977, 37.6341873], [127.02171863, 37.63397254]]]}, "properties": {"name": "원봉빌딩", "status": "full", "capacity": 2, "active": 2, "industry": "가전·통신 소매", "vacancy_rate": 0.0, "vacancy_rate_lo": 0.0, "vacancy_rate_hi": 0.0, "stores": 3, "source": "stores+ledger", "capacity_method": "floor_ouln", "active_pip": 0, "licensed": 0, "com_floors": [1, 2], "occ_floors": [1, 2], "unknown_n": 0, "id": "1130510300100480022-1", "pnu": "1130510300100480022", "floors": 5, "height": 34.0}}, {"type": "Feature", "geometry": {"type": "Polygon", "coordinates": [[[127.02254304, 37.63619016], [127.02253067, 37.63609088], [127.02243312, 37.63609747], [127.02243392, 37.63611243], [127.02239823, 37.63611568], [127.02240902, 37.63619784], [127.02254304, 37.63619016]]]}, "properties": {"name": "퍼니모텔", "status": "full", "capacity": 1, "active": 1, "industry": "일반 숙박", "vacancy_rate": 0.0, "vacancy_rate_lo": 0.0, "vacancy_rate_hi": 0.0, "stores": 2, "source": "stores+ledger", "capacity_method": "floor_ouln", "active_pip": 0, "licensed": 0, "com_floors": [1], "occ_floors": [1], "unknown_n": 0, "id": "1130510300100070013-1", "pnu": "1130510300100070013", "floors": 5, "height": 15.0}}, {"type": "Feature", "geometry": {"type": "Polygon", "coordinates": [[[127.02253999, 37.63731892], [127.02260207, 37.63732134], [127.02260229, 37.63730458], [127.0225427, 37.63730054], [127.02253999, 37.63731892]]]}, "properties": {"name": "대형빌딩", "status": "partial", "capacity": 3, "active": 2, "industry": "한식", "vacancy_rate": 33.3, "vacancy_rate_lo": 33.3, "vacancy_rate_hi": 33.3, "stores": 3, "source": "stores+ledger", "capacity_method": "floor_ouln", "active_pip": 0, "licensed": 0, "com_floors": [1, 2, 3], "occ_floors": [1, 3], "unknown_n": 0, "id": "1130510300100020004-1", "pnu": "1130510300100020004", "floors": 0, "height": 0.0}}, {"type": "Feature", "geometry": {"type": "Polygon", "coordinates": [[[127.02252145, 37.63560047], [127.02251286, 37.63567471], [127.02255943, 37.63568002], [127.02256609, 37.63560199], [127.02252145, 37.63560047]]]}, "properties": {"name": "수유동 45-7", "status": "full", "capacity": 4, "active": 4, "industry": "", "vacancy_rate": 0.0, "source": "pip_only", "capacity_method": "floor_approx", "active_pip": 4, "licensed": 0, "id": "1130510300100450007-1", "pnu": "1130510300100450007", "floors": 0, "height": 0.0}}, {"type": "Feature", "geometry": {"type": "Polygon", "coordinates": [[[127.02186044, 37.63619795], [127.02188479, 37.63613947], [127.02185159, 37.6361302], [127.02182373, 37.6361885], [127.02186044, 37.63619795]]]}, "properties": {"name": "수유동 7-9", "status": "full", "capacity": 2, "active": 2, "industry": "비알코올 ", "vacancy_rate": 0.0, "vacancy_rate_lo": 0.0, "vacancy_rate_hi": 0.0, "stores": 1, "source": "stores+ledger", "capacity_method": "floor_ouln", "active_pip": 0, "licensed": 0, "com_floors": [1, 2], "occ_floors": [1, 2], "unknown_n": 0, "id": "1130510300100070009-1", "pnu": "1130510300100070009", "floors": 0, "height": 0.0}}, {"type": "Feature", "geometry": {"type": "Polygon", "coordinates": [[[127.02161216, 37.63405734], [127.02155371, 37.63410033], [127.02156878, 37.63411258], [127.02162621, 37.63406869], [127.02161216, 37.63405734]]]}, "properties": {"name": "원봉빌딩", "status": "full", "capacity": 2, "active": 2, "industry": "가전·통신 소매", "vacancy_rate": 0.0, "vacancy_rate_lo": 0.0, "vacancy_rate_hi": 0.0, "stores": 3, "source": "stores+ledger", "capacity_method": "floor_ouln", "active_pip": 0, "licensed": 0, "com_floors": [1, 2], "occ_floors": [1, 2], "unknown_n": 0, "id": "1130510300100480022-2", "pnu": "1130510300100480022", "floors": 0, "height": 0.0}}, {"type": "Feature", "geometry": {"type": "Polygon", "coordinates": [[[127.02030622, 37.63605533], [127.02033001, 37.63606262], [127.02036963, 37.6359773], [127.02034482, 37.63596883], [127.02030622, 37.63605533]]]}, "properties": {"name": "수유동 134-67", "status": "partial", "capacity": 2, "active": 1, "industry": "비알코올 ", "vacancy_rate": 50.0, "vacancy_rate_lo": 50.0, "vacancy_rate_hi": 50.0, "stores": 1, "source": "stores+ledger", "capacity_method": "floor_ouln", "active_pip": 0, "licensed": 0, "com_floors": [1, 2], "occ_floors": [1], "unknown_n": 0, "id": "1130510300101340067-1", "pnu": "1130510300101340067", "floors": 0, "height": 0.0}}, {"type": "Feature", "geometry": {"type": "Polygon", "coordinates": [[[127.02038355, 37.63425091], [127.02054024, 37.63426116], [127.02055243, 37.63407907], [127.02052852, 37.63407889], [127.02046928, 37.63410746], [127.02046871, 37.63411296], [127.02039259, 37.63414559], [127.02038355, 37.63425091]]]}, "properties": {"name": "수유동 48-71", "status": "empty", "capacity": 6, "active": 0, "industry": "", "vacancy_rate": 100.0, "source": "polygon_only", "capacity_method": "floor_approx", "active_pip": 0, "licensed": 0, "id": "1130510300100480071-1", "pnu": "1130510300100480071", "floors": 6, "height": 17.47}}, {"type": "Feature", "geometry": {"type": "Polygon", "coordinates": [[[127.02150989, 37.63773978], [127.02162762, 37.63774679], [127.02166013, 37.63772092], [127.02165229, 37.63767821], [127.0216183, 37.63767633], [127.02161762, 37.63768066], [127.02152948, 37.63767671], [127.02152371, 37.63771978], [127.02151374, 37.63771942], [127.02150989, 37.63773978]]]}, "properties": {"name": "수유동 1-113", "status": "full", "capacity": 1, "active": 1, "industry": "의약·화장품 소매", "vacancy_rate": 0.0, "vacancy_rate_lo": 0.0, "vacancy_rate_hi": 100.0, "stores": 2, "source": "stores+ledger", "capacity_method": "floor_ouln", "active_pip": 0, "licensed": 0, "com_floors": [1], "occ_floors": [], "unknown_n": 1, "id": "1130510300100010113-1", "pnu": "1130510300100010113", "floors": 3, "height": 0.0}}, {"type": "Feature", "geometry": {"type": "Polygon", "coordinates": [[[127.02126667, 37.63765037], [127.02125743, 37.63772125], [127.02133689, 37.637729], [127.02134028, 37.6376953], [127.02138038, 37.63769809], [127.02138332, 37.6376579], [127.02126667, 37.63765037]]]}, "properties": {"name": "수유동 1-164", "status": "empty", "capacity": 4, "active": 0, "industry": "", "vacancy_rate": 100.0, "source": "polygon_only", "capacity_method": "floor_approx", "active_pip": 0, "licensed": 0, "id": "1130510300100010164-1", "pnu": "1130510300100010164", "floors": 4, "height": 12.25}}, {"type": "Feature", "geometry": {"type": "Polygon", "coordinates": [[[127.02219458, 37.63553332], [127.0221835, 37.63560855], [127.02225238, 37.63561377], [127.0222525, 37.63561746], [127.02230303, 37.63562097], [127.022308, 37.63557583], [127.02229418, 37.63557493], [127.02229745, 37.63554006], [127.02219458, 37.63553332]]]}, "properties": {"name": "수유동 45-43", "status": "empty", "capacity": 3, "active": 0, "industry": "", "vacancy_rate": 100.0, "source": "polygon_only", "capacity_method": "floor_approx", "active_pip": 0, "licensed": 0, "id": "1130510300100450043-1", "pnu": "1130510300100450043", "floors": 3, "height": 0.0}}, {"type": "Feature", "geometry": {"type": "Polygon", "coordinates": [[[127.02221619, 37.6335243], [127.02222581, 37.63349601], [127.02221946, 37.63349538], [127.02223033, 37.63345213], [127.02209596, 37.63343422], [127.02208181, 37.63347423], [127.02202697, 37.63346838], [127.022022, 37.63349487], [127.02221619, 37.6335243]]]}, "properties": {"name": "수유동 51-64", "status": "empty", "capacity": 5, "active": 0, "industry": "", "vacancy_rate": 100.0, "source": "polygon_only", "capacity_method": "floor_approx", "active_pip": 0, "licensed": 0, "id": "1130510300100510064-1", "pnu": "1130510300100510064", "floors": 5, "height": 14.4}}, {"type": "Feature", "geometry": {"type": "Polygon", "coordinates": [[[127.02206604, 37.63418709], [127.02221764, 37.63419463], [127.02221864, 37.63414868], [127.02220686, 37.63414742], [127.02220492, 37.63411255], [127.02212017, 37.63410932], [127.02211509, 37.63415303], [127.02206841, 37.63415123], [127.02206604, 37.63418709]]]}, "properties": {"name": "수유동 48-9", "status": "empty", "capacity": 5, "active": 0, "industry": "", "vacancy_rate": 100.0, "source": "polygon_only", "capacity_method": "floor_approx", "active_pip": 0, "licensed": 0, "id": "1130510300100480009-1", "pnu": "1130510300100480009", "floors": 5, "height": 14.2}}, {"type": "Feature", "geometry": {"type": "Polygon", "coordinates": [[[127.02051323, 37.63370471], [127.0205812, 37.63368407], [127.02056726, 37.63366163], [127.02050292, 37.63368309], [127.02051323, 37.63370471]]]}, "properties": {"name": "수유동 49-10", "status": "full", "capacity": 2, "active": 2, "industry": "기타 간이", "vacancy_rate": 0.0, "vacancy_rate_lo": 0.0, "vacancy_rate_hi": 50.0, "stores": 2, "source": "stores+ledger", "capacity_method": "floor_ouln", "active_pip": 0, "licensed": 0, "com_floors": [1, 2], "occ_floors": [1], "unknown_n": 1, "id": "1130510300100490010-1", "pnu": "1130510300100490010", "floors": 0, "height": 0.0}}, {"type": "Feature", "geometry": {"type": "Polygon", "coordinates": [[[127.02178199, 37.63640339], [127.02189268, 37.63641229], [127.02189764, 37.63633787], [127.02179862, 37.63633518], [127.02178209, 37.63635608], [127.02178199, 37.63640339]]]}, "properties": {"name": "수유동 1-71", "status": "full", "capacity": 1, "active": 1, "industry": "한식", "vacancy_rate": 0.0, "vacancy_rate_lo": 0.0, "vacancy_rate_hi": 0.0, "stores": 1, "source": "stores+ledger", "capacity_method": "floor_ouln", "active_pip": 0, "licensed": 0, "com_floors": [1], "occ_floors": [1], "unknown_n": 0, "id": "1130510300100010071-1", "pnu": "1130510300100010071", "floors": 4, "height": 12.1}}, {"type": "Feature", "geometry": {"type": "Polygon", "coordinates": [[[127.02273858, 37.63762666], [127.02262358, 37.63761965], [127.02261183, 37.63772326], [127.02262633, 37.63772641], [127.0226243, 37.63774416], [127.02254895, 37.63774292], [127.02254614, 37.63782058], [127.02270929, 37.63783235], [127.02273858, 37.63762666]]]}, "properties": {"name": "한성빌딩", "status": "full", "capacity": 4, "active": 4, "industry": "비알코올 ", "vacancy_rate": 0.0, "vacancy_rate_lo": 0.0, "vacancy_rate_hi": 50.0, "stores": 7, "source": "stores+ledger", "capacity_method": "floor_ouln", "active_pip": 0, "licensed": 0, "com_floors": [1, 2, 3, 4], "occ_floors": [1, 2], "unknown_n": 2, "id": "1130510300100020001-1", "pnu": "1130510300100020001", "floors": 4, "height": 13.5}}, {"type": "Feature", "geometry": {"type": "Polygon", "coordinates": [[[127.02184167, 37.63398306], [127.02185992, 37.63400901], [127.02187872, 37.63400098], [127.02186059, 37.63397495], [127.02184167, 37.63398306]]]}, "properties": {"name": "원봉빌딩", "status": "full", "capacity": 2, "active": 2, "industry": "가전·통신 소매", "vacancy_rate": 0.0, "vacancy_rate_lo": 0.0, "vacancy_rate_hi": 0.0, "stores": 3, "source": "stores+ledger", "capacity_method": "floor_ouln", "active_pip": 0, "licensed": 0, "com_floors": [1, 2], "occ_floors": [1, 2], "unknown_n": 0, "id": "1130510300100480022-3", "pnu": "1130510300100480022", "floors": 0, "height": 0.0}}, {"type": "Feature", "geometry": {"type": "Polygon", "coordinates": [[[127.0226512, 37.63606284], [127.02253066, 37.63607042], [127.02253248, 37.63608349], [127.02265234, 37.63607293], [127.0226512, 37.63606284]]]}, "properties": {"name": "좌측", "status": "partial", "capacity": 4, "active": 3, "industry": "스포츠 서비스", "vacancy_rate": 25.0, "vacancy_rate_lo": 25.0, "vacancy_rate_hi": 25.0, "stores": 5, "source": "stores+ledger", "capacity_method": "floor_ouln", "active_pip": 0, "licensed": 0, "com_floors": [1, 2, 3, 4], "occ_floors": [1, 2, 3], "unknown_n": 0, "id": "1130510300100070017-1", "pnu": "1130510300100070017", "floors": 0, "height": 0.0}}, {"type": "Feature", "geometry": {"type": "Polygon", "coordinates": [[[127.02266288, 37.63607228], [127.02271533, 37.63606723], [127.02271499, 37.63605885], [127.02266333, 37.63606211], [127.02266288, 37.63607228]]]}, "properties": {"name": "좌측", "status": "partial", "capacity": 4, "active": 3, "industry": "스포츠 서비스", "vacancy_rate": 25.0, "vacancy_rate_lo": 25.0, "vacancy_rate_hi": 25.0, "stores": 5, "source": "stores+ledger", "capacity_method": "floor_ouln", "active_pip": 0, "licensed": 0, "com_floors": [1, 2, 3, 4], "occ_floors": [1, 2, 3], "unknown_n": 0, "id": "1130510300100070017-2", "pnu": "1130510300100070017", "floors": 0, "height": 0.0}}, {"type": "Feature", "geometry": {"type": "Polygon", "coordinates": [[[127.02247171, 37.63518368], [127.02235025, 37.63517767], [127.02234596, 37.63520461], [127.02246776, 37.63521396], [127.02247171, 37.63518368]]]}, "properties": {"name": "수유동 45-21", "status": "full", "capacity": 1, "active": 1, "industry": "비알코올 ", "vacancy_rate": 0.0, "vacancy_rate_lo": 0.0, "vacancy_rate_hi": 0.0, "stores": 1, "source": "stores+ledger", "capacity_method": "floor_ouln", "active_pip": 0, "licensed": 0, "com_floors": [1], "occ_floors": [1], "unknown_n": 0, "id": "1130510300100450021-1", "pnu": "1130510300100450021", "floors": 0, "height": 0.0}}, {"type": "Feature", "geometry": {"type": "Polygon", "coordinates": [[[127.02223858, 37.63642313], [127.02223481, 37.63634167], [127.02209535, 37.63634783], [127.02210274, 37.6364136], [127.02214012, 37.63641296], [127.02214318, 37.63642603], [127.02223858, 37.63642313]]]}, "properties": {"name": "우측호", "status": "full", "capacity": 2, "active": 2, "industry": "주점", "vacancy_rate": 0.0, "vacancy_rate_lo": 0.0, "vacancy_rate_hi": 0.0, "stores": 5, "source": "stores+ledger", "capacity_method": "floor_ouln", "active_pip": 0, "licensed": 0, "com_floors": [1, 2], "occ_floors": [1, 2], "unknown_n": 0, "id": "1130510300100010061-1", "pnu": "1130510300100010061", "floors": 3, "height": 0.0}}, {"type": "Feature", "geometry": {"type": "Polygon", "coordinates": [[[127.02289393, 37.63584412], [127.0225946, 37.63582615], [127.02259257, 37.63585192], [127.02254408, 37.63585013], [127.02253766, 37.63596573], [127.02283529, 37.6359836], [127.02288626, 37.63596575], [127.02289393, 37.63584412]]]}, "properties": {"name": "평익타워", "status": "full", "capacity": 5, "active": 5, "industry": "주점", "vacancy_rate": 0.0, "vacancy_rate_lo": null, "vacancy_rate_hi": null, "stores": 5, "source": "stores+ledger", "capacity_method": "expos_units", "active_pip": 0, "licensed": 0, "com_floors": null, "occ_floors": null, "unknown_n": null, "id": "1130510300100450001-1", "pnu": "1130510300100450001", "floors": 15, "height": 60.8}}, {"type": "Feature", "geometry": {"type": "Polygon", "coordinates": [[[127.02276475, 37.63649772], [127.02279783, 37.63649618], [127.02280155, 37.63643843], [127.02276926, 37.63643852], [127.02276475, 37.63649772]]]}, "properties": {"name": "좌측", "status": "partial", "capacity": 3, "active": 2, "industry": "안경·정밀기기 소매", "vacancy_rate": 33.3, "vacancy_rate_lo": 33.3, "vacancy_rate_hi": 33.3, "stores": 2, "source": "stores+ledger", "capacity_method": "floor_ouln", "active_pip": 0, "licensed": 0, "com_floors": [1, 2, 3], "occ_floors": [1, 3], "unknown_n": 0, "id": "1130510300100020007-1", "pnu": "1130510300100020007", "floors": 0, "height": 0.0}}, {"type": "Feature", "geometry": {"type": "Polygon", "coordinates": [[[127.02254283, 37.63729457], [127.02260285, 37.63730008], [127.02261497, 37.6372193], [127.02255947, 37.63721518], [127.02254283, 37.63729457]]]}, "properties": {"name": "대형빌딩", "status": "partial", "capacity": 3, "active": 2, "industry": "한식", "vacancy_rate": 33.3, "vacancy_rate_lo": 33.3, "vacancy_rate_hi": 33.3, "stores": 3, "source": "stores+ledger", "capacity_method": "floor_ouln", "active_pip": 0, "licensed": 0, "com_floors": [1, 2, 3], "occ_floors": [1, 3], "unknown_n": 0, "id": "1130510300100020004-2", "pnu": "1130510300100020004", "floors": 0, "height": 0.0}}, {"type": "Feature", "geometry": {"type": "Polygon", "coordinates": [[[127.02204388, 37.63429828], [127.0220415, 37.63431594], [127.02205997, 37.63431828], [127.02206325, 37.63430089], [127.02204388, 37.63429828]]]}, "properties": {"name": "수유프리미어엠", "status": "high", "capacity": 7, "active": 1, "industry": "일식", "vacancy_rate": 85.7, "vacancy_rate_lo": null, "vacancy_rate_hi": null, "stores": 1, "source": "stores+ledger", "capacity_method": "expos_units", "active_pip": 0, "licensed": 0, "com_floors": null, "occ_floors": null, "unknown_n": null, "id": "1130510300100480008-1", "pnu": "1130510300100480008", "floors": 0, "height": 0.0}}, {"type": "Feature", "geometry": {"type": "Polygon", "coordinates": [[[127.02214454, 37.63489273], [127.02208167, 37.63488886], [127.02207907, 37.63491409], [127.02214206, 37.63491714], [127.02214454, 37.63489273]]]}, "properties": {"name": "석우빌딩", "status": "full", "capacity": 6, "active": 6, "industry": "종합 소매", "vacancy_rate": 0.0, "vacancy_rate_lo": 0.0, "vacancy_rate_hi": 33.3, "stores": 7, "source": "stores+ledger", "capacity_method": "floor_ouln", "active_pip": 0, "licensed": 0, "com_floors": [1, 2, 3, 4, 6, 7], "occ_floors": [1, 3, 4, 6], "unknown_n": 2, "id": "1130510300100470004-1", "pnu": "1130510300100470004", "floors": 0, "height": 0.0}}, {"type": "Feature", "geometry": {"type": "Polygon", "coordinates": [[[127.02268584, 37.63520347], [127.02268584, 37.63520653], [127.0226079, 37.63520312], [127.02260157, 37.63526232], [127.02262978, 37.63526303], [127.02259169, 37.6355791], [127.0225682, 37.6358003], [127.02270869, 37.63580901], [127.02273059, 37.63558926], [127.02274404, 37.63548231], [127.02281145, 37.63548707], [127.02283993, 37.63521983], [127.02279246, 37.63521651], [127.02279245, 37.63521102], [127.02268584, 37.63520347]]]}, "properties": {"name": "수유동 45-7", "status": "partial", "capacity": 7, "active": 4, "industry": "", "vacancy_rate": 42.9, "source": "pip_only", "capacity_method": "floor_approx", "active_pip": 4, "licensed": 0, "id": "1130510300100450007-2", "pnu": "1130510300100450007", "floors": 7, "height": 31.8}}, {"type": "Feature", "geometry": {"type": "Polygon", "coordinates": [[[127.02183236, 37.63506019], [127.02183925, 37.6350182], [127.02187608, 37.63501964], [127.02188771, 37.63490683], [127.0216652, 37.63488813], [127.02166463, 37.63489804], [127.02165614, 37.63489804], [127.02165365, 37.63495472], [127.02170091, 37.63495993], [127.02169763, 37.63500336], [127.0217408, 37.63500822], [127.02174126, 37.63502507], [127.02167985, 37.63501985], [127.02167782, 37.63504454], [127.02183236, 37.63506019]]]}, "properties": {"name": "수유동 47-15", "status": "empty", "capacity": 7, "active": 0, "industry": "", "vacancy_rate": 100.0, "source": "polygon_only", "capacity_method": "floor_approx", "active_pip": 0, "licensed": 0, "id": "1130510300100470015-1", "pnu": "1130510300100470015", "floors": 7, "height": 27.1}}, {"type": "Feature", "geometry": {"type": "Polygon", "coordinates": [[[127.02276019, 37.63606786], [127.02254981, 37.63608952], [127.0225623, 37.63617403], [127.02276748, 37.63615849], [127.02276019, 37.63606786]]]}, "properties": {"name": "좌측", "status": "partial", "capacity": 4, "active": 3, "industry": "스포츠 서비스", "vacancy_rate": 25.0, "vacancy_rate_lo": 25.0, "vacancy_rate_hi": 25.0, "stores": 5, "source": "stores+ledger", "capacity_method": "floor_ouln", "active_pip": 0, "licensed": 0, "com_floors": [1, 2, 3, 4], "occ_floors": [1, 2, 3], "unknown_n": 0, "id": "1130510300100070017-3", "pnu": "1130510300100070017", "floors": 4, "height": 3.4}}, {"type": "Feature", "geometry": {"type": "Polygon", "coordinates": [[[127.02026954, 37.63493073], [127.02027703, 37.63496821], [127.02036518, 37.63497243], [127.02048625, 37.63487501], [127.02041792, 37.63481979], [127.02026954, 37.63493073]]]}, "properties": {"name": "일부", "status": "full", "capacity": 1, "active": 1, "industry": "한식", "vacancy_rate": 0.0, "vacancy_rate_lo": 0.0, "vacancy_rate_hi": 0.0, "stores": 3, "source": "stores+ledger", "capacity_method": "floor_ouln", "active_pip": 0, "licensed": 0, "com_floors": [1], "occ_floors": [1], "unknown_n": 0, "id": "1130510300100470014-1", "pnu": "1130510300100470014", "floors": 3, "height": 0.0}}, {"type": "Feature", "geometry": {"type": "Polygon", "coordinates": [[[127.02267909, 37.63648341], [127.02275919, 37.63648889], [127.02276212, 37.63642897], [127.02268349, 37.63642331], [127.02267909, 37.63648341]]]}, "properties": {"name": "좌측", "status": "partial", "capacity": 3, "active": 2, "industry": "안경·정밀기기 소매", "vacancy_rate": 33.3, "vacancy_rate_lo": 33.3, "vacancy_rate_hi": 33.3, "stores": 2, "source": "stores+ledger", "capacity_method": "floor_ouln", "active_pip": 0, "licensed": 0, "com_floors": [1, 2, 3], "occ_floors": [1, 3], "unknown_n": 0, "id": "1130510300100020007-2", "pnu": "1130510300100020007", "floors": 0, "height": 0.0}}, {"type": "Feature", "geometry": {"type": "Polygon", "coordinates": [[[127.01999677, 37.63593609], [127.02003018, 37.63586509], [127.01988299, 37.63581826], [127.01984347, 37.63588701], [127.01999677, 37.63593609]]]}, "properties": {"name": "수유동 134-61", "status": "empty", "capacity": 3, "active": 0, "industry": "", "vacancy_rate": 100.0, "source": "polygon_only", "capacity_method": "floor_approx", "active_pip": 0, "licensed": 0, "id": "1130510300101340061-1", "pnu": "1130510300101340061", "floors": 3, "height": 0.0}}, {"type": "Feature", "geometry": {"type": "Polygon", "coordinates": [[[127.02256671, 37.63425403], [127.02258311, 37.63429519], [127.02270731, 37.63427346], [127.02269404, 37.63422779], [127.02256671, 37.63425403]]]}, "properties": {"name": "수유동 48-14", "status": "empty", "capacity": 1, "active": 0, "industry": "", "vacancy_rate": 100.0, "source": "polygon_only", "capacity_method": "floor_approx", "active_pip": 0, "licensed": 0, "id": "1130510300100480014-1", "pnu": "1130510300100480014", "floors": 1, "height": 0.0}}, {"type": "Feature", "geometry": {"type": "Polygon", "coordinates": [[[127.0217756, 37.63470071], [127.0214322, 37.63467563], [127.0214278, 37.63474393], [127.02158811, 37.63475012], [127.02158676, 37.63477922], [127.02176815, 37.6347936], [127.02176385, 37.63483883], [127.02185755, 37.63484278], [127.02185845, 37.63482647], [127.02191681, 37.63482916], [127.02192345, 37.63472212], [127.02177572, 37.63471395], [127.0217756, 37.63470071]]]}, "properties": {"name": "수유동 47-8", "status": "high", "capacity": 3, "active": 1, "industry": "", "vacancy_rate": 66.7, "source": "pip_only", "capacity_method": "floor_approx", "active_pip": 1, "licensed": 0, "id": "1130510300100470008-1", "pnu": "1130510300100470008", "floors": 3, "height": 0.0}}, {"type": "Feature", "geometry": {"type": "Polygon", "coordinates": [[[127.02241922, 37.6339416], [127.02242068, 37.63388916], [127.02221415, 37.63391325], [127.02222243, 37.63395028], [127.02223897, 37.63394992], [127.02224374, 37.6339646], [127.02226163, 37.63396397], [127.02226549, 37.63397874], [127.02229959, 37.63397576], [127.02230549, 37.6339936], [127.0223474, 37.63398909], [127.02235364, 37.63400233], [127.02237698, 37.63399818], [127.02236903, 37.633948], [127.02241922, 37.6339416]]]}, "properties": {"name": "수유동 104-1", "status": "partial", "capacity": 2, "active": 1, "industry": "기타 숙박", "vacancy_rate": 50.0, "vacancy_rate_lo": 50.0, "vacancy_rate_hi": 100.0, "stores": 1, "source": "stores+ledger", "capacity_method": "floor_ouln", "active_pip": 0, "licensed": 0, "com_floors": [1, 5], "occ_floors": [], "unknown_n": 1, "id": "1130510300101040001-1", "pnu": "1130510300101040001", "floors": 5, "height": 0.0}}, {"type": "Feature", "geometry": {"type": "Polygon", "coordinates": [[[127.02215205, 37.63613725], [127.02215581, 37.63621384], [127.0223918, 37.63620352], [127.02238781, 37.63612928], [127.02235507, 37.63613109], [127.02235564, 37.63614109], [127.02233185, 37.63614182], [127.02233139, 37.63612209], [127.02215205, 37.63613725]]]}, "properties": {"name": "수유동 7-14", "status": "full", "capacity": 1, "active": 1, "industry": "일반 숙박", "vacancy_rate": 0.0, "vacancy_rate_lo": 0.0, "vacancy_rate_hi": 0.0, "stores": 2, "source": "stores+ledger", "capacity_method": "floor_ouln", "active_pip": 0, "licensed": 0, "com_floors": [1], "occ_floors": [1], "unknown_n": 0, "id": "1130510300100070014-1", "pnu": "1130510300100070014", "floors": 6, "height": 19.3}}, {"type": "Feature", "geometry": {"type": "Polygon", "coordinates": [[[127.02179332, 37.63444014], [127.02194728, 37.63445425], [127.02196899, 37.63429613], [127.02192819, 37.63428983], [127.02193123, 37.63422334], [127.02182179, 37.63421606], [127.02179332, 37.63444014]]]}, "properties": {"name": "수유동 48-23", "status": "full", "capacity": 3, "active": 3, "industry": "연료 소매", "vacancy_rate": 0.0, "vacancy_rate_lo": 0.0, "vacancy_rate_hi": 0.0, "stores": 3, "source": "stores+ledger", "capacity_method": "floor_ouln", "active_pip": 0, "licensed": 0, "com_floors": [1, 3, 5], "occ_floors": [1, 3, 5], "unknown_n": 0, "id": "1130510300100480023-1", "pnu": "1130510300100480023", "floors": 9, "height": 34.4}}, {"type": "Feature", "geometry": {"type": "Polygon", "coordinates": [[[127.02116782, 37.63603221], [127.02125064, 37.63605813], [127.02133908, 37.63588738], [127.02125818, 37.63586244], [127.02116782, 37.63603221]]]}, "properties": {"name": "유일빌딩", "status": "partial", "capacity": 4, "active": 2, "industry": "한식", "vacancy_rate": 50.0, "vacancy_rate_lo": 50.0, "vacancy_rate_hi": 50.0, "stores": 1, "source": "stores+ledger", "capacity_method": "floor_ouln", "active_pip": 0, "licensed": 0, "com_floors": [1, 2, 3, 4], "occ_floors": [1, 4], "unknown_n": 0, "id": "1130510300100070007-1", "pnu": "1130510300100070007", "floors": 7, "height": 22.0}}, {"type": "Feature", "geometry": {"type": "Polygon", "coordinates": [[[127.02116833, 37.63503238], [127.0212482, 37.63503858], [127.02125023, 37.63500308], [127.02130223, 37.63500614], [127.02130686, 37.63495432], [127.02117612, 37.63494318], [127.02116833, 37.63503238]]]}, "properties": {"name": "수유동 47-12", "status": "empty", "capacity": 4, "active": 0, "industry": "", "vacancy_rate": 100.0, "source": "polygon_only", "capacity_method": "floor_approx", "active_pip": 0, "licensed": 0, "id": "1130510300100470012-1", "pnu": "1130510300100470012", "floors": 4, "height": 0.0}}, {"type": "Feature", "geometry": {"type": "Polygon", "coordinates": [[[127.0216556, 37.63615969], [127.02170361, 37.6360549], [127.02161782, 37.63602897], [127.02156778, 37.63613538], [127.0216556, 37.63615969]]]}, "properties": {"name": "수유동 7-1", "status": "high", "capacity": 3, "active": 1, "industry": "유원지·오락", "vacancy_rate": 66.7, "vacancy_rate_lo": 66.7, "vacancy_rate_hi": 66.7, "stores": 2, "source": "stores+ledger", "capacity_method": "floor_ouln", "active_pip": 0, "licensed": 0, "com_floors": [1, 2, 3], "occ_floors": [1], "unknown_n": 0, "id": "1130510300100070001-1", "pnu": "1130510300100070001", "floors": 5, "height": 14.9}}, {"type": "Feature", "geometry": {"type": "Polygon", "coordinates": [[[127.02189204, 37.63613208], [127.02188038, 37.63619813], [127.02202314, 37.63621522], [127.02202641, 37.63616962], [127.02203412, 37.63616953], [127.02203944, 37.63615052], [127.02189204, 37.63613208]]]}, "properties": {"name": "수유동 7-9", "status": "full", "capacity": 2, "active": 2, "industry": "비알코올 ", "vacancy_rate": 0.0, "vacancy_rate_lo": 0.0, "vacancy_rate_hi": 0.0, "stores": 1, "source": "stores+ledger", "capacity_method": "floor_ouln", "active_pip": 0, "licensed": 0, "com_floors": [1, 2], "occ_floors": [1, 2], "unknown_n": 0, "id": "1130510300100070009-2", "pnu": "1130510300100070009", "floors": 3, "height": 0.0}}, {"type": "Feature", "geometry": {"type": "Polygon", "coordinates": [[[127.02216277, 37.63369027], [127.02204869, 37.6337093], [127.02204246, 37.6336993], [127.02200042, 37.63371075], [127.02200383, 37.63372579], [127.02206129, 37.63379138], [127.02211181, 37.63378515], [127.02212077, 37.63380001], [127.02215849, 37.63379433], [127.02215577, 37.63377929], [127.02218885, 37.63377451], [127.02216277, 37.63369027]]]}, "properties": {"name": "수유동 48-17", "status": "full", "capacity": 2, "active": 2, "industry": "종합 소매", "vacancy_rate": 0.0, "vacancy_rate_lo": 0.0, "vacancy_rate_hi": 50.0, "stores": 7, "source": "stores+ledger", "capacity_method": "floor_ouln", "active_pip": 0, "licensed": 0, "com_floors": [1, 2], "occ_floors": [1], "unknown_n": 1, "id": "1130510300100480017-1", "pnu": "1130510300100480017", "floors": 0, "height": 0.0}}, {"type": "Feature", "geometry": {"type": "Polygon", "coordinates": [[[127.02095755, 37.63417952], [127.02104525, 37.63410292], [127.02086934, 37.63397555], [127.02085867, 37.63398487], [127.02082433, 37.63396001], [127.02078429, 37.63399499], [127.02079686, 37.63400408], [127.02075987, 37.63403639], [127.02095755, 37.63417952]]]}, "properties": {"name": "일부", "status": "full", "capacity": 1, "active": 1, "industry": "이용·미용", "vacancy_rate": 0.0, "vacancy_rate_lo": 0.0, "vacancy_rate_hi": 0.0, "stores": 4, "source": "stores+ledger", "capacity_method": "floor_ouln", "active_pip": 0, "licensed": 0, "com_floors": [1], "occ_floors": [1], "unknown_n": 0, "id": "1130510300100480074-1", "pnu": "1130510300100480074", "floors": 4, "height": 13.8}}, {"type": "Feature", "geometry": {"type": "Polygon", "coordinates": [[[127.02165776, 37.63326478], [127.02173148, 37.63334669], [127.02173258, 37.63334606], [127.02177581, 37.63339409], [127.02177471, 37.63339472], [127.02184843, 37.63347664], [127.02189124, 37.63345227], [127.02192909, 37.63327053], [127.02170057, 37.63324041], [127.02165776, 37.63326478]]]}, "properties": {"name": "씨엘블루", "status": "partial", "capacity": 4, "active": 3, "industry": "종합 소매", "vacancy_rate": 25.0, "vacancy_rate_lo": null, "vacancy_rate_hi": null, "stores": 3, "source": "stores+ledger", "capacity_method": "expos_units", "active_pip": 0, "licensed": 0, "com_floors": null, "occ_floors": null, "unknown_n": null, "id": "1130510300100500017-1", "pnu": "1130510300100500017", "floors": 11, "height": 35.9}}, {"type": "Feature", "geometry": {"type": "Polygon", "coordinates": [[[127.02033493, 37.63552085], [127.02040675, 37.63552421], [127.02040999, 37.63548041], [127.02041616, 37.63539693], [127.02034435, 37.63539357], [127.02034151, 37.6354318], [127.02033288, 37.6354314], [127.02032815, 37.63544381], [127.02032628, 37.63546895], [127.02032912, 37.63548221], [127.02033776, 37.63548262], [127.02033493, 37.63552085]]]}, "properties": {"name": "수유동 46-8", "status": "empty", "capacity": 6, "active": 0, "industry": "", "vacancy_rate": 100.0, "source": "polygon_only", "capacity_method": "floor_approx", "active_pip": 0, "licensed": 0, "id": "1130510300100460008-1", "pnu": "1130510300100460008", "floors": 6, "height": 19.8}}, {"type": "Feature", "geometry": {"type": "Polygon", "coordinates": [[[127.02233059, 37.63592367], [127.02215415, 37.63591554], [127.02214805, 37.63599919], [127.02227699, 37.63600514], [127.02227935, 37.63597276], [127.02229632, 37.63597354], [127.02229749, 37.63595735], [127.02232804, 37.63595876], [127.02233059, 37.63592367]]]}, "properties": {"name": "수유동 45-65", "status": "empty", "capacity": 5, "active": 0, "industry": "", "vacancy_rate": 100.0, "source": "polygon_only", "capacity_method": "floor_approx", "active_pip": 0, "licensed": 0, "id": "1130510300100450065-1", "pnu": "1130510300100450065", "floors": 5, "height": 0.0}}, {"type": "Feature", "geometry": {"type": "Polygon", "coordinates": [[[127.02261862, 37.63662395], [127.02263185, 37.63652234], [127.02255027, 37.63651658], [127.02255607, 37.63644912], [127.02246133, 37.63644077], [127.02244956, 37.63652201], [127.02247229, 37.63652402], [127.02247248, 37.63653047], [127.02250118, 37.63653235], [127.02250026, 37.63654785], [127.0224665, 37.63656349], [127.02246343, 37.63657497], [127.02242411, 37.63657179], [127.02242035, 37.63660986], [127.02261862, 37.63662395]]]}, "properties": {"name": "수유동 2-13", "status": "empty", "capacity": 6, "active": 0, "industry": "", "vacancy_rate": 100.0, "source": "polygon_only", "capacity_method": "floor_approx", "active_pip": 0, "licensed": 0, "id": "1130510300100020013-1", "pnu": "1130510300100020013", "floors": 6, "height": 18.3}}, {"type": "Feature", "geometry": {"type": "Polygon", "coordinates": [[[127.02260579, 37.63760875], [127.02273269, 37.63761828], [127.02274489, 37.63750637], [127.02261822, 37.63749901], [127.02260579, 37.63760875]]]}, "properties": {"name": "벤처월드", "status": "full", "capacity": 4, "active": 4, "industry": "주점", "vacancy_rate": 0.0, "vacancy_rate_lo": 0.0, "vacancy_rate_hi": 25.0, "stores": 3, "source": "stores+ledger", "capacity_method": "floor_ouln", "active_pip": 0, "licensed": 0, "com_floors": [1, 2, 3, 4], "occ_floors": [1, 3, 4], "unknown_n": 1, "id": "1130510300100020002-1", "pnu": "1130510300100020002", "floors": 4, "height": 13.65}}, {"type": "Feature", "geometry": {"type": "Polygon", "coordinates": [[[127.02282759, 37.63674124], [127.0226488, 37.63673037], [127.02262972, 37.636943], [127.02280069, 37.6369518], [127.02282759, 37.63674124]]]}, "properties": {"name": "삼성디지털프라자", "status": "full", "capacity": 3, "active": 3, "industry": "기타 숙박", "vacancy_rate": 0.0, "vacancy_rate_lo": 0.0, "vacancy_rate_hi": 0.0, "stores": 8, "source": "stores+ledger", "capacity_method": "floor_ouln", "active_pip": 0, "licensed": 0, "com_floors": [1, 2, 3], "occ_floors": [1, 2, 3], "unknown_n": 0, "id": "1130510300100020005-1", "pnu": "1130510300100020005", "floors": 4, "height": 15.6}}, {"type": "Feature", "geometry": {"type": "Polygon", "coordinates": [[[127.02274756, 37.63698245], [127.02263143, 37.6369803], [127.0226197, 37.63714078], [127.02273231, 37.63714607], [127.02274756, 37.63698245]]]}, "properties": {"name": "경담빌딩", "status": "full", "capacity": 3, "active": 3, "industry": "주점", "vacancy_rate": 0.0, "vacancy_rate_lo": 0.0, "vacancy_rate_hi": 33.3, "stores": 5, "source": "stores+ledger", "capacity_method": "floor_ouln", "active_pip": 0, "licensed": 0, "com_floors": [1, 2, 4], "occ_floors": [1, 4], "unknown_n": 1, "id": "1130510300100020039-1", "pnu": "1130510300100020039", "floors": 4, "height": 0.0}}, {"type": "Feature", "geometry": {"type": "Polygon", "coordinates": [[[127.02093251, 37.63482384], [127.02106563, 37.6348322], [127.02108236, 37.63467965], [127.02094798, 37.63467086], [127.02093251, 37.63482384]]]}, "properties": {"name": "수유동 47-40", "status": "empty", "capacity": 4, "active": 0, "industry": "", "vacancy_rate": 100.0, "source": "polygon_only", "capacity_method": "floor_approx", "active_pip": 0, "licensed": 0, "id": "1130510300100470040-1", "pnu": "1130510300100470040", "floors": 4, "height": 13.9}}, {"type": "Feature", "geometry": {"type": "Polygon", "coordinates": [[[127.02224969, 37.63351433], [127.02226771, 37.63359642], [127.02231355, 37.63358495], [127.02229969, 37.63350717], [127.02224969, 37.63351433]]]}, "properties": {"name": "수유동 90-18", "status": "empty", "capacity": 1, "active": 0, "industry": "", "vacancy_rate": 100.0, "source": "polygon_only", "capacity_method": "floor_approx", "active_pip": 0, "licensed": 0, "id": "1130510300100900018-1", "pnu": "1130510300100900018", "floors": 1, "height": 0.0}}, {"type": "Feature", "geometry": {"type": "Polygon", "coordinates": [[[127.02417649, 37.63356364], [127.02418304, 37.63349976], [127.02405094, 37.63349006], [127.02404609, 37.63355475], [127.02417649, 37.63356364]]]}, "properties": {"name": "하이빌모텔", "status": "full", "capacity": 1, "active": 1, "industry": "일반 숙박", "vacancy_rate": 0.0, "vacancy_rate_lo": 0.0, "vacancy_rate_hi": 100.0, "stores": 1, "source": "stores+ledger", "capacity_method": "floor_ouln", "active_pip": 0, "licensed": 0, "com_floors": [1], "occ_floors": [], "unknown_n": 1, "id": "1130510100101600022-1", "pnu": "1130510100101600022", "floors": 3, "height": 0.0}}, {"type": "Feature", "geometry": {"type": "Polygon", "coordinates": [[[127.02308608, 37.63399634], [127.02310223, 37.63382596], [127.02301272, 37.63382237], [127.02299567, 37.63399401], [127.02308608, 37.63399634]]]}, "properties": {"name": "수유동 95-5", "status": "full", "capacity": 2, "active": 2, "industry": "오락용품 소매", "vacancy_rate": 0.0, "vacancy_rate_lo": 0.0, "vacancy_rate_hi": 50.0, "stores": 3, "source": "stores+ledger", "capacity_method": "floor_ouln", "active_pip": 0, "licensed": 0, "com_floors": [1, 2], "occ_floors": [1], "unknown_n": 1, "id": "1130510300100950005-1", "pnu": "1130510300100950005", "floors": 2, "height": 0.0}}, {"type": "Feature", "geometry": {"type": "Polygon", "coordinates": [[[127.02416589, 37.63442796], [127.02416454, 37.63446977], [127.02421813, 37.6344712], [127.02422163, 37.63443093], [127.02416589, 37.63442796]]]}, "properties": {"name": "미아동 159-10", "status": "partial", "capacity": 2, "active": 1, "industry": "일식", "vacancy_rate": 50.0, "vacancy_rate_lo": 50.0, "vacancy_rate_hi": 50.0, "stores": 2, "source": "stores+ledger", "capacity_method": "floor_ouln", "active_pip": 0, "licensed": 0, "com_floors": [1, 2], "occ_floors": [1], "unknown_n": 0, "id": "1130510100101590010-1", "pnu": "1130510100101590010", "floors": 0, "height": 0.0}}, {"type": "Feature", "geometry": {"type": "Polygon", "coordinates": [[[127.02412161, 37.63397326], [127.02412589, 37.63393328], [127.02406432, 37.63392993], [127.02405994, 37.633968], [127.02412161, 37.63397326]]]}, "properties": {"name": "미아동 160-8", "status": "full", "capacity": 1, "active": 1, "industry": "기타 숙박", "vacancy_rate": 0.0, "vacancy_rate_lo": 0.0, "vacancy_rate_hi": 0.0, "stores": 2, "source": "stores+ledger", "capacity_method": "floor_ouln", "active_pip": 0, "licensed": 0, "com_floors": [1], "occ_floors": [1], "unknown_n": 0, "id": "1130510100101600008-1", "pnu": "1130510100101600008", "floors": 0, "height": 0.0}}, {"type": "Feature", "geometry": {"type": "Polygon", "coordinates": [[[127.02497459, 37.63376827], [127.02486662, 37.63375901], [127.02484464, 37.633771], [127.02483798, 37.6338338], [127.0248663, 37.63383533], [127.02486495, 37.63385344], [127.02492952, 37.6338582], [127.0249311, 37.63384], [127.02496815, 37.63384269], [127.02497459, 37.63376827]]]}, "properties": {"name": "미아동 159-73", "status": "empty", "capacity": 3, "active": 0, "industry": "", "vacancy_rate": 100.0, "source": "polygon_only", "capacity_method": "floor_approx", "active_pip": 0, "licensed": 0, "id": "1130510100101590073-1", "pnu": "1130510100101590073", "floors": 3, "height": 0.0}}, {"type": "Feature", "geometry": {"type": "Polygon", "coordinates": [[[127.02437518, 37.63350234], [127.02445664, 37.63350764], [127.02445855, 37.63347106], [127.02441652, 37.63346864], [127.02442002, 37.63342566], [127.02437992, 37.63342359], [127.02437518, 37.63350234]]]}, "properties": {"name": "미아동 162-14", "status": "empty", "capacity": 1, "active": 0, "industry": "", "vacancy_rate": 100.0, "source": "polygon_only", "capacity_method": "floor_approx", "active_pip": 0, "licensed": 0, "id": "1130510100101620014-1", "pnu": "1130510100101620014", "floors": 1, "height": 0.0}}, {"type": "Feature", "geometry": {"type": "Polygon", "coordinates": [[[127.02375929, 37.63373023], [127.02378818, 37.63373014], [127.02378829, 37.63371996], [127.02375985, 37.63371933], [127.02375929, 37.63373023]]]}, "properties": {"name": "미아동 160-9", "status": "full", "capacity": 2, "active": 2, "industry": "주점", "vacancy_rate": 0.0, "vacancy_rate_lo": 0.0, "vacancy_rate_hi": 0.0, "stores": 3, "source": "stores+ledger", "capacity_method": "floor_ouln", "active_pip": 0, "licensed": 0, "com_floors": [1, 2], "occ_floors": [1, 2], "unknown_n": 0, "id": "1130510100101600009-1", "pnu": "1130510100101600009", "floors": 0, "height": 0.0}}, {"type": "Feature", "geometry": {"type": "Polygon", "coordinates": [[[127.02532347, 37.63359466], [127.02531907, 37.63364863], [127.02536948, 37.63365142], [127.02537513, 37.63360069], [127.02532347, 37.63359466]]]}, "properties": {"name": "미아동 162-1", "status": "empty", "capacity": 1, "active": 0, "industry": "", "vacancy_rate": 100.0, "source": "polygon_only", "capacity_method": "floor_approx", "active_pip": 0, "licensed": 0, "id": "1130510100101620001-1", "pnu": "1130510100101620001", "floors": 1, "height": 0.0}}, {"type": "Feature", "geometry": {"type": "Polygon", "coordinates": [[[127.02545047, 37.63458329], [127.02544019, 37.63469501], [127.02553253, 37.63470022], [127.02554121, 37.63458814], [127.02545047, 37.63458329]]]}, "properties": {"name": "미아동 158-40", "status": "full", "capacity": 1, "active": 1, "industry": "욕탕·신체관리", "vacancy_rate": 0.0, "vacancy_rate_lo": 0.0, "vacancy_rate_hi": 100.0, "stores": 1, "source": "stores+ledger", "capacity_method": "floor_ouln", "active_pip": 0, "licensed": 0, "com_floors": [1], "occ_floors": [], "unknown_n": 1, "id": "1130510100101580040-1", "pnu": "1130510100101580040", "floors": 5, "height": 12.8}}, {"type": "Feature", "geometry": {"type": "Polygon", "coordinates": [[[127.02360127, 37.63380811], [127.02359132, 37.63387343], [127.02378222, 37.63388484], [127.023789, 37.63382114], [127.02360127, 37.63380811]]]}, "properties": {"name": "미아동 160-46", "status": "full", "capacity": 2, "active": 2, "industry": "주점", "vacancy_rate": 0.0, "vacancy_rate_lo": 0.0, "vacancy_rate_hi": 0.0, "stores": 2, "source": "stores+ledger", "capacity_method": "floor_ouln", "active_pip": 0, "licensed": 0, "com_floors": [1, 2], "occ_floors": [1, 2], "unknown_n": 0, "id": "1130510100101600046-1", "pnu": "1130510100101600046", "floors": 2, "height": 0.0}}, {"type": "Feature", "geometry": {"type": "Polygon", "coordinates": [[[127.02367484, 37.63373152], [127.02366243, 37.63381044], [127.02379609, 37.63381938], [127.02380124, 37.63376399], [127.02377624, 37.63376217], [127.02377759, 37.63374844], [127.02373631, 37.63374622], [127.0237375, 37.63373433], [127.02367484, 37.63373152]]]}, "properties": {"name": "미아동 160-9", "status": "full", "capacity": 2, "active": 2, "industry": "주점", "vacancy_rate": 0.0, "vacancy_rate_lo": 0.0, "vacancy_rate_hi": 0.0, "stores": 3, "source": "stores+ledger", "capacity_method": "floor_ouln", "active_pip": 0, "licensed": 0, "com_floors": [1, 2], "occ_floors": [1, 2], "unknown_n": 0, "id": "1130510100101600009-2", "pnu": "1130510100101600009", "floors": 3, "height": 0.0}}, {"type": "Feature", "geometry": {"type": "Polygon", "coordinates": [[[127.02411436, 37.63401088], [127.02411792, 37.633974], [127.02406171, 37.63396992], [127.02405795, 37.63400509], [127.02411436, 37.63401088]]]}, "properties": {"name": "미아동 160-8", "status": "full", "capacity": 1, "active": 1, "industry": "기타 숙박", "vacancy_rate": 0.0, "vacancy_rate_lo": 0.0, "vacancy_rate_hi": 0.0, "stores": 2, "source": "stores+ledger", "capacity_method": "floor_ouln", "active_pip": 0, "licensed": 0, "com_floors": [1], "occ_floors": [1], "unknown_n": 0, "id": "1130510100101600008-2", "pnu": "1130510100101600008", "floors": 0, "height": 0.0}}, {"type": "Feature", "geometry": {"type": "Polygon", "coordinates": [[[127.02440681, 37.63355892], [127.02439528, 37.63366469], [127.02450212, 37.63367152], [127.02451025, 37.6335916], [127.02449315, 37.63359052], [127.02449586, 37.63356484], [127.02440681, 37.63355892]]]}, "properties": {"name": "미아동 162-10", "status": "full", "capacity": 1, "active": 1, "industry": "한식", "vacancy_rate": 0.0, "vacancy_rate_lo": 0.0, "vacancy_rate_hi": 0.0, "stores": 1, "source": "stores+ledger", "capacity_method": "floor_ouln", "active_pip": 0, "licensed": 0, "com_floors": [1], "occ_floors": [1], "unknown_n": 0, "id": "1130510100101620010-1", "pnu": "1130510100101620010", "floors": 4, "height": 10.1}}, {"type": "Feature", "geometry": {"type": "Polygon", "coordinates": [[[127.02452066, 37.63456015], [127.02451445, 37.6346344], [127.02469787, 37.63464652], [127.02470521, 37.63456894], [127.02452066, 37.63456015]]]}, "properties": {"name": "일부호", "status": "full", "capacity": 2, "active": 2, "industry": "한식", "vacancy_rate": 0.0, "vacancy_rate_lo": 0.0, "vacancy_rate_hi": 50.0, "stores": 2, "source": "stores+ledger", "capacity_method": "floor_ouln", "active_pip": 0, "licensed": 0, "com_floors": [1, 2], "occ_floors": [1], "unknown_n": 1, "id": "1130510100101590053-1", "pnu": "1130510100101590053", "floors": 3, "height": 0.0}}, {"type": "Feature", "geometry": {"type": "Polygon", "coordinates": [[[127.0245153, 37.63379973], [127.02452355, 37.63373296], [127.02441796, 37.63372514], [127.02441118, 37.63379254], [127.0245153, 37.63379973]]]}, "properties": {"name": "미아동 159-46", "status": "empty", "capacity": 3, "active": 0, "industry": "", "vacancy_rate": 100.0, "source": "polygon_only", "capacity_method": "floor_approx", "active_pip": 0, "licensed": 0, "id": "1130510100101590046-1", "pnu": "1130510100101590046", "floors": 3, "height": 0.0}}, {"type": "Feature", "geometry": {"type": "Polygon", "coordinates": [[[127.0229596, 37.63424539], [127.02304083, 37.63424754], [127.02304093, 37.63420726], [127.02296004, 37.6342062], [127.0229596, 37.63424539]]]}, "properties": {"name": "우측", "status": "full", "capacity": 1, "active": 1, "industry": "비알코올 ", "vacancy_rate": 0.0, "vacancy_rate_lo": 0.0, "vacancy_rate_hi": 0.0, "stores": 1, "source": "stores+ledger", "capacity_method": "floor_ouln", "active_pip": 0, "licensed": 0, "com_floors": [1], "occ_floors": [1], "unknown_n": 0, "id": "1130510300100950002-1", "pnu": "1130510300100950002", "floors": 0, "height": 0.0}}, {"type": "Feature", "geometry": {"type": "Polygon", "coordinates": [[[127.02471121, 37.63454137], [127.02455701, 37.63452888], [127.02455521, 37.63455861], [127.02470963, 37.63456381], [127.02471121, 37.63454137]]]}, "properties": {"name": "일부호", "status": "full", "capacity": 2, "active": 2, "industry": "한식", "vacancy_rate": 0.0, "vacancy_rate_lo": 0.0, "vacancy_rate_hi": 50.0, "stores": 2, "source": "stores+ledger", "capacity_method": "floor_ouln", "active_pip": 0, "licensed": 0, "com_floors": [1, 2], "occ_floors": [1], "unknown_n": 1, "id": "1130510100101590053-2", "pnu": "1130510100101590053", "floors": 0, "height": 0.0}}, {"type": "Feature", "geometry": {"type": "Polygon", "coordinates": [[[127.02500008, 37.63456686], [127.02491758, 37.63456435], [127.02491216, 37.63463021], [127.02499264, 37.63463542], [127.02500007, 37.63462842], [127.02500364, 37.63462502], [127.02500782, 37.63456708], [127.02500008, 37.63456686]]]}, "properties": {"name": "미아동 159-22", "status": "empty", "capacity": 1, "active": 0, "industry": "", "vacancy_rate": 100.0, "source": "polygon_only", "capacity_method": "floor_approx", "active_pip": 0, "licensed": 0, "id": "1130510100101590022-1", "pnu": "1130510100101590022", "floors": 1, "height": 0.0}}, {"type": "Feature", "geometry": {"type": "Polygon", "coordinates": [[[127.02263069, 37.63449041], [127.02300325, 37.63451838], [127.02306923, 37.63447661], [127.02308388, 37.63433638], [127.02296266, 37.63432728], [127.02296053, 37.63434529], [127.02283655, 37.63433598], [127.02283024, 37.63438911], [127.02264608, 37.63437528], [127.02263069, 37.63449041]]]}, "properties": {"name": "제네스타워", "status": "full", "capacity": 10, "active": 10, "industry": "비알코올 ", "vacancy_rate": 0.0, "vacancy_rate_lo": null, "vacancy_rate_hi": null, "stores": 10, "source": "stores+ledger", "capacity_method": "expos_units", "active_pip": 0, "licensed": 0, "com_floors": null, "occ_floors": null, "unknown_n": null, "id": "1130510300100480001-1", "pnu": "1130510300100480001", "floors": 19, "height": 64.75}}, {"type": "Feature", "geometry": {"type": "Polygon", "coordinates": [[[127.02390044, 37.63369101], [127.02381887, 37.63368445], [127.02380451, 37.63379465], [127.02388518, 37.63379968], [127.02390044, 37.63369101]]]}, "properties": {"name": "미아동 160-42", "status": "empty", "capacity": 1, "active": 0, "industry": "", "vacancy_rate": 100.0, "source": "polygon_only", "capacity_method": "floor_approx", "active_pip": 0, "licensed": 0, "id": "1130510100101600042-1", "pnu": "1130510100101600042", "floors": 1, "height": 0.0}}, {"type": "Feature", "geometry": {"type": "Polygon", "coordinates": [[[127.0224306, 37.63373401], [127.02241358, 37.63365166], [127.02218769, 37.63368513], [127.02219234, 37.63371432], [127.02218249, 37.63371657], [127.02219712, 37.63376766], [127.0224306, 37.63373401]]]}, "properties": {"name": "수유동 48-17", "status": "full", "capacity": 2, "active": 2, "industry": "종합 소매", "vacancy_rate": 0.0, "vacancy_rate_lo": 0.0, "vacancy_rate_hi": 50.0, "stores": 7, "source": "stores+ledger", "capacity_method": "floor_ouln", "active_pip": 0, "licensed": 0, "com_floors": [1, 2], "occ_floors": [1], "unknown_n": 1, "id": "1130510300100480017-2", "pnu": "1130510300100480017", "floors": 2, "height": 0.0}}, {"type": "Feature", "geometry": {"type": "Polygon", "coordinates": [[[127.02430513, 37.6340715], [127.02421019, 37.63406828], [127.02420737, 37.63411918], [127.02423819, 37.63414621], [127.02429835, 37.63414944], [127.02430513, 37.6340715]]]}, "properties": {"name": "좌측점포", "status": "full", "capacity": 1, "active": 1, "industry": "세탁", "vacancy_rate": 0.0, "vacancy_rate_lo": 0.0, "vacancy_rate_hi": 0.0, "stores": 2, "source": "stores+ledger", "capacity_method": "floor_ouln", "active_pip": 0, "licensed": 0, "com_floors": [1], "occ_floors": [1], "unknown_n": 0, "id": "1130510100101590048-1", "pnu": "1130510100101590048", "floors": 5, "height": 14.8}}, {"type": "Feature", "geometry": {"type": "Polygon", "coordinates": [[[127.02004196, 37.63587274], [127.02000754, 37.63594924], [127.02013976, 37.63599283], [127.02017679, 37.63591597], [127.02004196, 37.63587274]]]}, "properties": {"name": "수유동 134-64", "status": "partial", "capacity": 2, "active": 1, "industry": "자동차 수리·세차", "vacancy_rate": 50.0, "vacancy_rate_lo": 50.0, "vacancy_rate_hi": 50.0, "stores": 1, "source": "stores+ledger", "capacity_method": "floor_ouln", "active_pip": 0, "licensed": 0, "com_floors": [1, 2], "occ_floors": [1], "unknown_n": 0, "id": "1130510300101340064-1", "pnu": "1130510300101340064", "floors": 4, "height": 11.6}}, {"type": "Feature", "geometry": {"type": "Polygon", "coordinates": [[[127.02476313, 37.63669805], [127.02464658, 37.63678006], [127.02471718, 37.63683879], [127.02482898, 37.63675786], [127.02476313, 37.63669805]]]}, "properties": {"name": "번동 446-23", "status": "empty", "capacity": 2, "active": 0, "industry": "", "vacancy_rate": 100.0, "source": "polygon_only", "capacity_method": "floor_approx", "active_pip": 0, "licensed": 0, "id": "1130510200104460023-1", "pnu": "1130510200104460023", "floors": 2, "height": 8.3}}, {"type": "Feature", "geometry": {"type": "Polygon", "coordinates": [[[127.02469148, 37.63790583], [127.02483042, 37.63804213], [127.0249139, 37.63798174], [127.02477326, 37.63785122], [127.02469148, 37.63790583]]]}, "properties": {"name": "수유동 229-38", "status": "full", "capacity": 1, "active": 1, "industry": "일반 숙박", "vacancy_rate": 0.0, "vacancy_rate_lo": 0.0, "vacancy_rate_hi": 0.0, "stores": 2, "source": "stores+ledger", "capacity_method": "floor_ouln", "active_pip": 0, "licensed": 0, "com_floors": [1], "occ_floors": [1], "unknown_n": 0, "id": "1130510300102290038-1", "pnu": "1130510300102290038", "floors": 4, "height": 13.4}}, {"type": "Feature", "geometry": {"type": "Polygon", "coordinates": [[[127.02417112, 37.63551942], [127.02423563, 37.63565437], [127.02428649, 37.63564166], [127.02428898, 37.63562346], [127.02431345, 37.63561724], [127.0242554, 37.63549607], [127.02417112, 37.63551942]]]}, "properties": {"name": "번동 449-13", "status": "partial", "capacity": 4, "active": 2, "industry": "의약·화장품 소매", "vacancy_rate": 50.0, "vacancy_rate_lo": 50.0, "vacancy_rate_hi": 50.0, "stores": 2, "source": "stores+ledger", "capacity_method": "floor_ouln", "active_pip": 0, "licensed": 0, "com_floors": [1, 2, 3, 4], "occ_floors": [2, 3], "unknown_n": 0, "id": "1130510200104490013-1", "pnu": "1130510200104490013", "floors": 4, "height": 12.8}}, {"type": "Feature", "geometry": {"type": "Polygon", "coordinates": [[[127.02374914, 37.63734862], [127.02383321, 37.63729922], [127.02380989, 37.63727573], [127.02390357, 37.63722069], [127.02367752, 37.63697738], [127.02350971, 37.63696444], [127.02353303, 37.63681358], [127.02364237, 37.63692171], [127.02371392, 37.636876], [127.02360485, 37.63676296], [127.0238569, 37.63660706], [127.0237343, 37.63649237], [127.02344753, 37.63668192], [127.02343151, 37.6366796], [127.02343409, 37.63666785], [127.02341623, 37.63666647], [127.02341397, 37.63664057], [127.02338176, 37.63663801], [127.02338637, 37.63659709], [127.02321498, 37.63658316], [127.02314216, 37.63712092], [127.02348632, 37.63714603], [127.02348679, 37.63714237], [127.02357131, 37.63714888], [127.02366064, 37.63724502], [127.0236538, 37.63724903], [127.02374914, 37.63734862]]]}, "properties": {"name": "에피소드수유", "status": "full", "capacity": 20, "active": 20, "industry": "이용·미용", "vacancy_rate": 0.0, "vacancy_rate_lo": null, "vacancy_rate_hi": null, "stores": 20, "source": "stores+ledger", "capacity_method": "expos_units", "active_pip": 0, "licensed": 0, "com_floors": null, "occ_floors": null, "unknown_n": null, "id": "1130510300107400000-1", "pnu": "1130510300107400000", "floors": 23, "height": 85.6}}, {"type": "Feature", "geometry": {"type": "Polygon", "coordinates": [[[127.02436372, 37.63762299], [127.02438015, 37.63763624], [127.02439816, 37.63762307], [127.02438354, 37.63761019], [127.02436372, 37.63762299]]]}, "properties": {"name": "우암센스뷰", "status": "high", "capacity": 22, "active": 5, "industry": "한식", "vacancy_rate": 77.3, "vacancy_rate_lo": null, "vacancy_rate_hi": null, "stores": 5, "source": "stores+ledger", "capacity_method": "expos_units", "active_pip": 0, "licensed": 0, "com_floors": null, "occ_floors": null, "unknown_n": null, "id": "1130510300102290050-1", "pnu": "1130510300102290050", "floors": 0, "height": 0.0}}, {"type": "Feature", "geometry": {"type": "Polygon", "coordinates": [[[127.02480169, 37.63579309], [127.02483499, 37.63576759], [127.02478706, 37.63573246], [127.0247567, 37.63575391], [127.02480169, 37.63579309]]]}, "properties": {"name": "번동 447-1", "status": "empty", "capacity": 1, "active": 0, "industry": "", "vacancy_rate": 100.0, "source": "polygon_only", "capacity_method": "floor_approx", "active_pip": 0, "licensed": 0, "id": "1130510200104470001-1", "pnu": "1130510200104470001", "floors": 1, "height": 0.0}}, {"type": "Feature", "geometry": {"type": "Polygon", "coordinates": [[[127.02301912, 37.63509943], [127.0230111, 37.6351606], [127.02302911, 37.63516195], [127.02303748, 37.63510113], [127.02301912, 37.63509943]]]}, "properties": {"name": "전체광복빌딩", "status": "partial", "capacity": 3, "active": 2, "industry": "섬유·의복·신발 소매", "vacancy_rate": 33.3, "vacancy_rate_lo": 33.3, "vacancy_rate_hi": 66.7, "stores": 4, "source": "stores+ledger", "capacity_method": "floor_ouln", "active_pip": 0, "licensed": 0, "com_floors": [1, 2, 3], "occ_floors": [1], "unknown_n": 1, "id": "1130510300100470001-1", "pnu": "1130510300100470001", "floors": 0, "height": 0.0}}, {"type": "Feature", "geometry": {"type": "Polygon", "coordinates": [[[127.0243326, 37.63600835], [127.02436037, 37.636036], [127.02437906, 37.63602474], [127.02434869, 37.63599654], [127.0243326, 37.63600835]]]}, "properties": {"name": "삼성빌딩", "status": "full", "capacity": 2, "active": 2, "industry": "종합 소매", "vacancy_rate": 0.0, "vacancy_rate_lo": 0.0, "vacancy_rate_hi": 50.0, "stores": 2, "source": "stores+ledger", "capacity_method": "floor_ouln", "active_pip": 0, "licensed": 0, "com_floors": [1, 8], "occ_floors": [8], "unknown_n": 1, "id": "1130510200104460008-1", "pnu": "1130510200104460008", "floors": 0, "height": 0.0}}, {"type": "Feature", "geometry": {"type": "Polygon", "coordinates": [[[127.02495113, 37.63543889], [127.02492779, 37.63545484], [127.02496995, 37.63549619], [127.02499045, 37.63548051], [127.02495113, 37.63543889]]]}, "properties": {"name": "번동 443-106", "status": "full", "capacity": 2, "active": 2, "industry": "이용·미용", "vacancy_rate": 0.0, "vacancy_rate_lo": 0.0, "vacancy_rate_hi": 0.0, "stores": 2, "source": "stores+ledger", "capacity_method": "floor_ouln", "active_pip": 0, "licensed": 0, "com_floors": [1, 2], "occ_floors": [1, 2], "unknown_n": 0, "id": "1130510200104430106-1", "pnu": "1130510200104430106", "floors": 0, "height": 0.0}}, {"type": "Feature", "geometry": {"type": "Polygon", "coordinates": [[[127.02497553, 37.63558962], [127.02497903, 37.63554141], [127.02494957, 37.6355416], [127.02488818, 37.6355836], [127.02497553, 37.63558962]]]}, "properties": {"name": "번동 443-106", "status": "full", "capacity": 2, "active": 2, "industry": "이용·미용", "vacancy_rate": 0.0, "vacancy_rate_lo": 0.0, "vacancy_rate_hi": 0.0, "stores": 2, "source": "stores+ledger", "capacity_method": "floor_ouln", "active_pip": 0, "licensed": 0, "com_floors": [1, 2], "occ_floors": [1, 2], "unknown_n": 0, "id": "1130510200104430106-2", "pnu": "1130510200104430106", "floors": 0, "height": 0.0}}, {"type": "Feature", "geometry": {"type": "Polygon", "coordinates": [[[127.02471924, 37.63520369], [127.0246765, 37.63511486], [127.0245136, 37.63515454], [127.02456042, 37.63525435], [127.02471924, 37.63520369]]]}, "properties": {"name": "번동 448-7", "status": "empty", "capacity": 7, "active": 0, "industry": "", "vacancy_rate": 100.0, "source": "polygon_only", "capacity_method": "floor_approx", "active_pip": 0, "licensed": 0, "id": "1130510200104480007-1", "pnu": "1130510200104480007", "floors": 7, "height": 21.1}}, {"type": "Feature", "geometry": {"type": "Polygon", "coordinates": [[[127.02458775, 37.63534868], [127.02457222, 37.63531202], [127.02442337, 37.6353543], [127.02443912, 37.63538547], [127.02458775, 37.63534868]]]}, "properties": {"name": "번동 448-1", "status": "partial", "capacity": 5, "active": 3, "industry": "이용·미용", "vacancy_rate": 40.0, "vacancy_rate_lo": 40.0, "vacancy_rate_hi": 60.0, "stores": 4, "source": "stores+ledger", "capacity_method": "floor_ouln", "active_pip": 0, "licensed": 0, "com_floors": [1, 2, 3, 4, 5], "occ_floors": [2, 3], "unknown_n": 1, "id": "1130510200104480001-1", "pnu": "1130510200104480001", "floors": 0, "height": 0.0}}, {"type": "Feature", "geometry": {"type": "Polygon", "coordinates": [[[127.02437155, 37.63546447], [127.02435781, 37.6354413], [127.02425709, 37.63546985], [127.02427097, 37.63549611], [127.02437155, 37.63546447]]]}, "properties": {"name": "번동 449-2", "status": "full", "capacity": 2, "active": 2, "industry": "한식", "vacancy_rate": 0.0, "vacancy_rate_lo": 0.0, "vacancy_rate_hi": 50.0, "stores": 3, "source": "stores+ledger", "capacity_method": "floor_ouln", "active_pip": 0, "licensed": 0, "com_floors": [1, 2], "occ_floors": [2], "unknown_n": 1, "id": "1130510200104490002-1", "pnu": "1130510200104490002", "floors": 0, "height": 0.0}}, {"type": "Feature", "geometry": {"type": "Polygon", "coordinates": [[[127.02471825, 37.63492582], [127.02446525, 37.63490407], [127.02444493, 37.6350977], [127.02477722, 37.63511944], [127.02478468, 37.63504401], [127.02470605, 37.63503872], [127.02471825, 37.63492582]]]}, "properties": {"name": "북한산드림캐슬", "status": "partial", "capacity": 6, "active": 4, "industry": "종합 소매", "vacancy_rate": 33.3, "vacancy_rate_lo": null, "vacancy_rate_hi": null, "stores": 4, "source": "stores+ledger", "capacity_method": "expos_units", "active_pip": 0, "licensed": 0, "com_floors": null, "occ_floors": null, "unknown_n": null, "id": "1130510200104480002-1", "pnu": "1130510200104480002", "floors": 15, "height": 51.4}}, {"type": "Feature", "geometry": {"type": "Polygon", "coordinates": [[[127.02483246, 37.63767489], [127.02474161, 37.63773689], [127.02481573, 37.63781031], [127.02490431, 37.63774362], [127.02483246, 37.63767489]]]}, "properties": {"name": "수유동 229-43", "status": "full", "capacity": 1, "active": 1, "industry": "일반 숙박", "vacancy_rate": 0.0, "vacancy_rate_lo": 0.0, "vacancy_rate_hi": 0.0, "stores": 3, "source": "stores+ledger", "capacity_method": "floor_ouln", "active_pip": 0, "licensed": 0, "com_floors": [4], "occ_floors": [4], "unknown_n": 0, "id": "1130510300102290043-1", "pnu": "1130510300102290043", "floors": 4, "height": 0.0}}, {"type": "Feature", "geometry": {"type": "Polygon", "coordinates": [[[127.02343989, 37.63758904], [127.02341021, 37.63760932], [127.02339892, 37.63773699], [127.02346225, 37.63774193], [127.023519, 37.63769696], [127.02344772, 37.63762868], [127.02346629, 37.63761507], [127.02343989, 37.63758904]]]}, "properties": {"name": "전체", "status": "partial", "capacity": 3, "active": 2, "industry": "이용·미용", "vacancy_rate": 33.3, "vacancy_rate_lo": 33.3, "vacancy_rate_hi": 33.3, "stores": 2, "source": "stores+ledger", "capacity_method": "floor_ouln", "active_pip": 0, "licensed": 0, "com_floors": [1, 2, 3], "occ_floors": [2, 3], "unknown_n": 0, "id": "1130510300102300002-1", "pnu": "1130510300102300002", "floors": 3, "height": 10.45}}, {"type": "Feature", "geometry": {"type": "Polygon", "coordinates": [[[127.02451115, 37.6366499], [127.02474822, 37.63649047], [127.02464758, 37.63639733], [127.02440676, 37.63655541], [127.02451115, 37.6366499]]]}, "properties": {"name": "제이제이타워", "status": "partial", "capacity": 6, "active": 4, "industry": "의원", "vacancy_rate": 33.3, "vacancy_rate_lo": 33.3, "vacancy_rate_hi": 33.3, "stores": 4, "source": "stores+ledger", "capacity_method": "floor_ouln", "active_pip": 0, "licensed": 0, "com_floors": [1, 3, 4, 6, 7, 8], "occ_floors": [3, 4, 6, 8], "unknown_n": 0, "id": "1130510200104460066-1", "pnu": "1130510200104460066", "floors": 8, "height": 30.95}}, {"type": "Feature", "geometry": {"type": "Polygon", "coordinates": [[[127.02458835, 37.63750204], [127.02467183, 37.63744499], [127.02453425, 37.6373141], [127.02445156, 37.63737313], [127.02458835, 37.63750204]]]}, "properties": {"name": "수유동 229-14", "status": "partial", "capacity": 12, "active": 7, "industry": "이용·미용", "vacancy_rate": 41.7, "vacancy_rate_lo": null, "vacancy_rate_hi": null, "stores": 7, "source": "stores+ledger", "capacity_method": "expos_units", "active_pip": 0, "licensed": 0, "com_floors": null, "occ_floors": null, "unknown_n": null, "id": "1130510300102290014-1", "pnu": "1130510300102290014", "floors": 4, "height": 14.5}}, {"type": "Feature", "geometry": {"type": "Polygon", "coordinates": [[[127.02305861, 37.63750433], [127.02305216, 37.63755541], [127.02311391, 37.63755882], [127.02311504, 37.63754729], [127.02322279, 37.63755349], [127.02322888, 37.63747024], [127.02309598, 37.63746468], [127.02309282, 37.63750387], [127.02305861, 37.63750433]]]}, "properties": {"name": "수유동 230-3", "status": "partial", "capacity": 2, "active": 1, "industry": "섬유·의복·신발 소매", "vacancy_rate": 50.0, "vacancy_rate_lo": 50.0, "vacancy_rate_hi": 50.0, "stores": 1, "source": "stores+ledger", "capacity_method": "floor_ouln", "active_pip": 0, "licensed": 0, "com_floors": [1, 2], "occ_floors": [1], "unknown_n": 0, "id": "1130510300102300003-1", "pnu": "1130510300102300003", "floors": 0, "height": 0.0}}, {"type": "Feature", "geometry": {"type": "Polygon", "coordinates": [[[127.02419449, 37.63735752], [127.02431314, 37.6374611], [127.02443978, 37.6373707], [127.02443071, 37.63735395], [127.02453639, 37.63728374], [127.02443406, 37.63719087], [127.02419449, 37.63735752]]]}, "properties": {"name": "수성타워", "status": "partial", "capacity": 11, "active": 9, "industry": "의원", "vacancy_rate": 18.2, "vacancy_rate_lo": null, "vacancy_rate_hi": null, "stores": 9, "source": "stores+ledger", "capacity_method": "expos_units", "active_pip": 0, "licensed": 0, "com_floors": null, "occ_floors": null, "unknown_n": null, "id": "1130510300102290015-1", "pnu": "1130510300102290015", "floors": 15, "height": 57.2}}, {"type": "Feature", "geometry": {"type": "Polygon", "coordinates": [[[127.02454815, 37.63754998], [127.02458475, 37.63758195], [127.02459291, 37.63757195], [127.02470693, 37.63767987], [127.02487887, 37.63756271], [127.02475726, 37.6374529], [127.02474129, 37.63746381], [127.02471681, 37.63744147], [127.02454815, 37.63754998]]]}, "properties": {"name": "동오빌딩", "status": "full", "capacity": 8, "active": 8, "industry": "의원", "vacancy_rate": 0.0, "vacancy_rate_lo": 0.0, "vacancy_rate_hi": 12.5, "stores": 11, "source": "stores+ledger", "capacity_method": "floor_ouln", "active_pip": 0, "licensed": 0, "com_floors": [1, 2, 3, 4, 5, 6, 7, 8], "occ_floors": [1, 2, 3, 4, 5, 7, 8], "unknown_n": 1, "id": "1130510300102290011-1", "pnu": "1130510300102290011", "floors": 8, "height": 30.35}}, {"type": "Feature", "geometry": {"type": "Polygon", "coordinates": [[[127.02281588, 37.63552491], [127.02276275, 37.63552213], [127.02275823, 37.63556276], [127.0228117, 37.63556573], [127.02281588, 37.63552491]]]}, "properties": {"name": "더오페라오피스텔", "status": "high", "capacity": 12, "active": 4, "industry": "종합 소매", "vacancy_rate": 66.7, "vacancy_rate_lo": null, "vacancy_rate_hi": null, "stores": 4, "source": "stores+ledger", "capacity_method": "expos_units", "active_pip": 0, "licensed": 0, "com_floors": null, "occ_floors": null, "unknown_n": null, "id": "1130510300100450002-1", "pnu": "1130510300100450002", "floors": 0, "height": 0.0}}, {"type": "Feature", "geometry": {"type": "Polygon", "coordinates": [[[127.02557205, 37.63764608], [127.02565553, 37.637582], [127.02554016, 37.63745985], [127.02544331, 37.63752564], [127.02557205, 37.63764608]]]}, "properties": {"name": "영광빌딩", "status": "full", "capacity": 7, "active": 7, "industry": "의원", "vacancy_rate": 0.0, "vacancy_rate_lo": 0.0, "vacancy_rate_hi": 0.0, "stores": 10, "source": "stores+ledger", "capacity_method": "floor_ouln", "active_pip": 0, "licensed": 0, "com_floors": [1, 2, 3, 4, 5, 6, 7], "occ_floors": [1, 2, 3, 4, 5, 6, 7], "unknown_n": 0, "id": "1130510200104460050-1", "pnu": "1130510200104460050", "floors": 7, "height": 25.2}}, {"type": "Feature", "geometry": {"type": "Polygon", "coordinates": [[[127.0242012, 37.63536715], [127.02411919, 37.63539158], [127.02416986, 37.63549942], [127.02425346, 37.63547877], [127.0242012, 37.63536715]]]}, "properties": {"name": "에코하우스", "status": "full", "capacity": 1, "active": 1, "industry": "동남아시아", "vacancy_rate": 0.0, "vacancy_rate_lo": null, "vacancy_rate_hi": null, "stores": 1, "source": "stores+ledger", "capacity_method": "expos_units", "active_pip": 0, "licensed": 0, "com_floors": null, "occ_floors": null, "unknown_n": null, "id": "1130510200104490012-1", "pnu": "1130510200104490012", "floors": 4, "height": 11.2}}, {"type": "Feature", "geometry": {"type": "Polygon", "coordinates": [[[127.02464779, 37.63598117], [127.02471862, 37.63604422], [127.02480516, 37.63597986], [127.02473512, 37.63591411], [127.02464779, 37.63598117]]]}, "properties": {"name": "번동 446-26", "status": "full", "capacity": 1, "active": 1, "industry": "이용·미용", "vacancy_rate": 0.0, "vacancy_rate_lo": 0.0, "vacancy_rate_hi": 0.0, "stores": 1, "source": "stores+ledger", "capacity_method": "floor_ouln", "active_pip": 0, "licensed": 0, "com_floors": [2], "occ_floors": [2], "unknown_n": 0, "id": "1130510200104460026-1", "pnu": "1130510200104460026", "floors": 4, "height": 13.8}}, {"type": "Feature", "geometry": {"type": "Polygon", "coordinates": [[[127.02440587, 37.63553271], [127.02437219, 37.63546567], [127.02426978, 37.63549741], [127.02431673, 37.63560318], [127.02435899, 37.6355938], [127.02440237, 37.63556261], [127.02440587, 37.63553271]]]}, "properties": {"name": "번동 449-2", "status": "full", "capacity": 2, "active": 2, "industry": "한식", "vacancy_rate": 0.0, "vacancy_rate_lo": 0.0, "vacancy_rate_hi": 50.0, "stores": 3, "source": "stores+ledger", "capacity_method": "floor_ouln", "active_pip": 0, "licensed": 0, "com_floors": [1, 2], "occ_floors": [2], "unknown_n": 1, "id": "1130510200104490002-2", "pnu": "1130510200104490002", "floors": 4, "height": 13.9}}, {"type": "Feature", "geometry": {"type": "Polygon", "coordinates": [[[127.02289977, 37.63606035], [127.02280472, 37.63605577], [127.02279704, 37.63615866], [127.02288996, 37.63616549], [127.02289977, 37.63606035]]]}, "properties": {"name": "좌측", "status": "full", "capacity": 3, "active": 3, "industry": "시계·귀금속 소매", "vacancy_rate": 0.0, "vacancy_rate_lo": 0.0, "vacancy_rate_hi": 0.0, "stores": 5, "source": "stores+ledger", "capacity_method": "floor_ouln", "active_pip": 0, "licensed": 0, "com_floors": [1, 2, 3], "occ_floors": [1, 2, 3], "unknown_n": 0, "id": "1130510300100070004-1", "pnu": "1130510300100070004", "floors": 3, "height": 0.0}}, {"type": "Feature", "geometry": {"type": "Polygon", "coordinates": [[[127.02515739, 37.63629162], [127.02508054, 37.63622073], [127.02500012, 37.63627886], [127.0249761, 37.63629616], [127.02500002, 37.6363176], [127.02505453, 37.63636624], [127.02515739, 37.63629162]]]}, "properties": {"name": "번동 446-60", "status": "high", "capacity": 4, "active": 1, "industry": "기타 숙박", "vacancy_rate": 75.0, "vacancy_rate_lo": 75.0, "vacancy_rate_hi": 100.0, "stores": 1, "source": "stores+ledger", "capacity_method": "floor_ouln", "active_pip": 0, "licensed": 0, "com_floors": [1, 2, 3, 4], "occ_floors": [], "unknown_n": 1, "id": "1130510200104460060-1", "pnu": "1130510200104460060", "floors": 9, "height": 25.6}}, {"type": "Feature", "geometry": {"type": "Polygon", "coordinates": [[[127.02500002, 37.63666593], [127.02498983, 37.63666521], [127.02493874, 37.63669522], [127.02499801, 37.6367526], [127.02500005, 37.63675098], [127.02504434, 37.63671683], [127.02504649, 37.6367016], [127.02500637, 37.63666638], [127.02500002, 37.63666593]]]}, "properties": {"name": "글로리타워", "status": "partial", "capacity": 14, "active": 12, "industry": "의원", "vacancy_rate": 14.3, "vacancy_rate_lo": 14.3, "vacancy_rate_hi": 14.3, "stores": 12, "source": "stores+ledger", "capacity_method": "floor_ouln", "active_pip": 0, "licensed": 0, "com_floors": [1, 2, 3, 4, 5, 6, 7, 8, 9, 10, 11, 12, 13, 14], "occ_floors": [1, 2, 3, 4, 5, 6, 7, 8, 11, 12, 13, 14], "unknown_n": 0, "id": "1130510200104460012-1", "pnu": "1130510200104460012", "floors": 0, "height": 0.0}}, {"type": "Feature", "geometry": {"type": "Polygon", "coordinates": [[[127.02507371, 37.63638206], [127.025138, 37.6364335], [127.02514374, 37.63642787], [127.02515122, 37.63643385], [127.02518014, 37.63641162], [127.02518334, 37.63641418], [127.02521147, 37.63639067], [127.02521087, 37.63639019], [127.02524072, 37.63636622], [127.02523103, 37.63635874], [127.02523684, 37.6363541], [127.02517214, 37.63630362], [127.02514367, 37.63632624], [127.0251528, 37.63633415], [127.02513432, 37.63634876], [127.02513112, 37.63634621], [127.02510862, 37.63636399], [127.02510075, 37.63636005], [127.02507371, 37.63638206]]]}, "properties": {"name": "파크애비뉴", "status": "high", "capacity": 5, "active": 1, "industry": "이용·미용", "vacancy_rate": 80.0, "vacancy_rate_lo": null, "vacancy_rate_hi": null, "stores": 1, "source": "stores+ledger", "capacity_method": "expos_units", "active_pip": 0, "licensed": 0, "com_floors": null, "occ_floors": null, "unknown_n": null, "id": "1130510200104460057-1", "pnu": "1130510200104460057", "floors": 10, "height": 32.3}}, {"type": "Feature", "geometry": {"type": "Polygon", "coordinates": [[[127.02420526, 37.63518138], [127.02418705, 37.63514324], [127.02411438, 37.63499101], [127.024036, 37.63501468], [127.02406215, 37.63506943], [127.02398971, 37.63509033], [127.02401964, 37.63515301], [127.02405486, 37.63522679], [127.02420526, 37.63518138]]]}, "properties": {"name": "수유역투웨니퍼스트", "status": "partial", "capacity": 2, "active": 1, "industry": "교육 지원", "vacancy_rate": 50.0, "vacancy_rate_lo": null, "vacancy_rate_hi": null, "stores": 1, "source": "stores+ledger", "capacity_method": "expos_units", "active_pip": 0, "licensed": 0, "com_floors": null, "occ_floors": null, "unknown_n": null, "id": "1130510200104490003-1", "pnu": "1130510200104490003", "floors": 19, "height": 83.3}}, {"type": "Feature", "geometry": {"type": "Polygon", "coordinates": [[[127.02473559, 37.63604449], [127.02477128, 37.63607808], [127.02478079, 37.63607168], [127.02481809, 37.63610678], [127.0248984, 37.63605282], [127.02482543, 37.63598413], [127.02473559, 37.63604449]]]}, "properties": {"name": "번동 446-25", "status": "empty", "capacity": 9, "active": 0, "industry": "", "vacancy_rate": 100.0, "source": "polygon_only", "capacity_method": "floor_approx", "active_pip": 0, "licensed": 0, "id": "1130510200104460025-1", "pnu": "1130510200104460025", "floors": 9, "height": 33.1}}, {"type": "Feature", "geometry": {"type": "Polygon", "coordinates": [[[127.02372219, 37.63585965], [127.02400281, 37.63578293], [127.02399979, 37.63577595], [127.02402925, 37.6357679], [127.02402226, 37.63575171], [127.024071, 37.63573838], [127.02401171, 37.6356012], [127.02393886, 37.63562112], [127.02387883, 37.63548224], [127.02358933, 37.63556137], [127.02371746, 37.63585781], [127.02372219, 37.63585965]]]}, "properties": {"name": "북한산스카이빌딩", "status": "full", "capacity": 13, "active": 13, "industry": "의원", "vacancy_rate": 0.0, "vacancy_rate_lo": 0.0, "vacancy_rate_hi": 38.5, "stores": 24, "source": "stores+ledger", "capacity_method": "floor_ouln", "active_pip": 0, "licensed": 0, "com_floors": [1, 2, 3, 4, 5, 6, 8, 9, 10, 11, 12, 13, 14], "occ_floors": [1, 3, 4, 5, 6, 8, 9, 10], "unknown_n": 5, "id": "1130510200104490001-1", "pnu": "1130510200104490001", "floors": 15, "height": 85.0}}, {"type": "Feature", "geometry": {"type": "Polygon", "coordinates": [[[127.02430678, 37.6353245], [127.02427322, 37.63525522], [127.02423006, 37.63526722], [127.02422337, 37.63525146], [127.02407737, 37.6352911], [127.02407972, 37.63533014], [127.02410853, 37.6353887], [127.02420426, 37.63536129], [127.02419678, 37.63535111], [127.02430678, 37.6353245]]]}, "properties": {"name": "호성빌딩", "status": "partial", "capacity": 4, "active": 3, "industry": "주점", "vacancy_rate": 25.0, "vacancy_rate_lo": 25.0, "vacancy_rate_hi": 25.0, "stores": 4, "source": "stores+ledger", "capacity_method": "floor_ouln", "active_pip": 0, "licensed": 0, "com_floors": [1, 2, 3, 4], "occ_floors": [1, 2, 3], "unknown_n": 0, "id": "1130510200104490010-1", "pnu": "1130510200104490010", "floors": 5, "height": 0.0}}, {"type": "Feature", "geometry": {"type": "Polygon", "coordinates": [[[127.02411767, 37.63492775], [127.02411643, 37.63492], [127.02410702, 37.63490126], [127.02409625, 37.63487621], [127.02408831, 37.63486946], [127.02408412, 37.63486694], [127.02387962, 37.63485356], [127.02386403, 37.63499276], [127.02401517, 37.63500048], [127.02411564, 37.63495063], [127.02411767, 37.63492775]]]}, "properties": {"name": "삼보오피스텔", "status": "partial", "capacity": 3, "active": 2, "industry": "일반 교육", "vacancy_rate": 33.3, "vacancy_rate_lo": null, "vacancy_rate_hi": null, "stores": 2, "source": "stores+ledger", "capacity_method": "expos_units", "active_pip": 0, "licensed": 0, "com_floors": null, "occ_floors": null, "unknown_n": null, "id": "1130510200104490022-1", "pnu": "1130510200104490022", "floors": 15, "height": 43.8}}, {"type": "Feature", "geometry": {"type": "Polygon", "coordinates": [[[127.02374337, 37.63499342], [127.02375208, 37.63492332], [127.02375467, 37.63489287], [127.02371196, 37.634889], [127.02371546, 37.6348471], [127.02357871, 37.63483614], [127.02357646, 37.63487037], [127.02350668, 37.6349076], [127.02349956, 37.63497427], [127.02374337, 37.63499342]]]}, "properties": {"name": "양덕빌딩", "status": "partial", "capacity": 7, "active": 6, "industry": "의원", "vacancy_rate": 14.3, "vacancy_rate_lo": 14.3, "vacancy_rate_hi": 57.1, "stores": 5, "source": "stores+ledger", "capacity_method": "floor_ouln", "active_pip": 0, "licensed": 0, "com_floors": [1, 4, 5, 6, 7, 9, 10], "occ_floors": [1, 5, 7], "unknown_n": 3, "id": "1130510200104490004-1", "pnu": "1130510200104490004", "floors": 10, "height": 38.9}}, {"type": "Feature", "geometry": {"type": "Polygon", "coordinates": [[[127.02489123, 37.63522474], [127.02481745, 37.63515484], [127.02473658, 37.63520837], [127.02475392, 37.63522233], [127.02474531, 37.6352299], [127.02475449, 37.63525486], [127.02478996, 37.63529044], [127.02489123, 37.63522474]]]}, "properties": {"name": "번동 448-9", "status": "full", "capacity": 3, "active": 3, "industry": "주점", "vacancy_rate": 0.0, "vacancy_rate_lo": 0.0, "vacancy_rate_hi": 0.0, "stores": 3, "source": "stores+ledger", "capacity_method": "floor_ouln", "active_pip": 0, "licensed": 0, "com_floors": [1, 2, 3], "occ_floors": [1, 2, 3], "unknown_n": 0, "id": "1130510200104480009-1", "pnu": "1130510200104480009", "floors": 4, "height": 13.0}}, {"type": "Feature", "geometry": {"type": "Polygon", "coordinates": [[[127.02507031, 37.63510495], [127.02507414, 37.63504053], [127.02509974, 37.63504188], [127.02509873, 37.63505296], [127.02514008, 37.63505629], [127.02523783, 37.63498914], [127.02523975, 37.63497779], [127.02523341, 37.63496707], [127.02522377, 37.63495806], [127.02500013, 37.63494513], [127.02485319, 37.6349366], [127.02484653, 37.63503581], [127.02498634, 37.63504749], [127.02498239, 37.63510047], [127.02500006, 37.63510136], [127.02507031, 37.63510495]]]}, "properties": {"name": "보람빌딩", "status": "full", "capacity": 6, "active": 6, "industry": "의약·화장품 소매", "vacancy_rate": 0.0, "vacancy_rate_lo": 0.0, "vacancy_rate_hi": 0.0, "stores": 11, "source": "stores+ledger", "capacity_method": "floor_ouln", "active_pip": 0, "licensed": 0, "com_floors": [1, 2, 3, 6, 7, 8], "occ_floors": [1, 2, 3, 6, 7, 8], "unknown_n": 0, "id": "1130510200104480011-1", "pnu": "1130510200104480011", "floors": 8, "height": 30.4}}, {"type": "Feature", "geometry": {"type": "Polygon", "coordinates": [[[127.02420525, 37.63716021], [127.02420751, 37.63715841], [127.02420525, 37.6371566], [127.02420298, 37.63715841], [127.02420525, 37.63716021]]]}, "properties": {"name": "용신빌딩", "status": "partial", "capacity": 9, "active": 6, "industry": "의원", "vacancy_rate": 33.3, "vacancy_rate_lo": 33.3, "vacancy_rate_hi": 33.3, "stores": 11, "source": "stores+ledger", "capacity_method": "floor_ouln", "active_pip": 0, "licensed": 0, "com_floors": [1, 2, 3, 4, 5, 6, 7, 9, 16], "occ_floors": [1, 3, 4, 6, 7, 9], "unknown_n": 0, "id": "1130510300102300010-1", "pnu": "1130510300102300010", "floors": 16, "height": 66.7}}, {"type": "Feature", "geometry": {"type": "Polygon", "coordinates": [[[127.02551392, 37.63726867], [127.0250777, 37.63686692], [127.02500011, 37.6369237], [127.0249095, 37.63698985], [127.02500005, 37.63707362], [127.02533857, 37.63738691], [127.02551392, 37.63726867]]]}, "properties": {"name": "가든타워빌딩", "status": "full", "capacity": 48, "active": 48, "industry": "이용·미용", "vacancy_rate": 0.0, "vacancy_rate_lo": null, "vacancy_rate_hi": null, "stores": 48, "source": "stores+ledger", "capacity_method": "expos_units", "active_pip": 0, "licensed": 0, "com_floors": null, "occ_floors": null, "unknown_n": null, "id": "1130510200104460013-1", "pnu": "1130510200104460013", "floors": 19, "height": 0.0}}, {"type": "Feature", "geometry": {"type": "Polygon", "coordinates": [[[127.02334046, 37.63631281], [127.02333561, 37.63638129], [127.02331578, 37.63638165], [127.02330191, 37.63655194], [127.02341373, 37.63655958], [127.0234178, 37.63651957], [127.02345859, 37.63652335], [127.02353327, 37.63659073], [127.02370046, 37.63647149], [127.02348116, 37.6362845], [127.02347528, 37.63632018], [127.02334046, 37.63631281]]]}, "properties": {"name": "효성인텔리안오피스텔", "status": "full", "capacity": 16, "active": 16, "industry": "한식", "vacancy_rate": 0.0, "vacancy_rate_lo": null, "vacancy_rate_hi": null, "stores": 16, "source": "stores+ledger", "capacity_method": "expos_units", "active_pip": 0, "licensed": 0, "com_floors": null, "occ_floors": null, "unknown_n": null, "id": "1130510300102300007-1", "pnu": "1130510300102300007", "floors": 20, "height": 67.9}}, {"type": "Feature", "geometry": {"type": "Polygon", "coordinates": [[[127.02386382, 37.63399114], [127.02405564, 37.63400471], [127.02406342, 37.6339301], [127.02387218, 37.63391635], [127.02386382, 37.63399114]]]}, "properties": {"name": "미아동 160-8", "status": "full", "capacity": 1, "active": 1, "industry": "기타 숙박", "vacancy_rate": 0.0, "vacancy_rate_lo": 0.0, "vacancy_rate_hi": 0.0, "stores": 2, "source": "stores+ledger", "capacity_method": "floor_ouln", "active_pip": 0, "licensed": 0, "com_floors": [1], "occ_floors": [1], "unknown_n": 0, "id": "1130510100101600008-3", "pnu": "1130510100101600008", "floors": 4, "height": 12.4}}, {"type": "Feature", "geometry": {"type": "Polygon", "coordinates": [[[127.02500007, 37.63512173], [127.0249459, 37.63507326], [127.02484022, 37.63514943], [127.02490516, 37.63521292], [127.02500008, 37.63514722], [127.02501605, 37.63513614], [127.02500007, 37.63512173]]]}, "properties": {"name": "번동 448-10", "status": "full", "capacity": 1, "active": 1, "industry": "한식", "vacancy_rate": 0.0, "vacancy_rate_lo": 0.0, "vacancy_rate_hi": 0.0, "stores": 1, "source": "stores+ledger", "capacity_method": "floor_ouln", "active_pip": 0, "licensed": 0, "com_floors": [1], "occ_floors": [1], "unknown_n": 0, "id": "1130510200104480010-1", "pnu": "1130510200104480010", "floors": 4, "height": 13.2}}, {"type": "Feature", "geometry": {"type": "Polygon", "coordinates": [[[127.02332927, 37.6378289], [127.02327454, 37.63782612], [127.02327228, 37.63783954], [127.023327, 37.63784196], [127.02332927, 37.6378289]]]}, "properties": {"name": "뉴캐슬", "status": "full", "capacity": 1, "active": 1, "industry": "유원지·오락", "vacancy_rate": 0.0, "vacancy_rate_lo": 0.0, "vacancy_rate_hi": 0.0, "stores": 4, "source": "stores+ledger", "capacity_method": "floor_ouln", "active_pip": 0, "licensed": 0, "com_floors": [1], "occ_floors": [1], "unknown_n": 0, "id": "1130510300102230006-1", "pnu": "1130510300102230006", "floors": 0, "height": 0.0}}, {"type": "Feature", "geometry": {"type": "Polygon", "coordinates": [[[127.02303741, 37.63782851], [127.02303042, 37.63795141], [127.02331787, 37.63797044], [127.02332012, 37.63792819], [127.02333258, 37.63792837], [127.02333607, 37.63784548], [127.02303741, 37.63782851]]]}, "properties": {"name": "뉴캐슬", "status": "full", "capacity": 1, "active": 1, "industry": "유원지·오락", "vacancy_rate": 0.0, "vacancy_rate_lo": 0.0, "vacancy_rate_hi": 0.0, "stores": 4, "source": "stores+ledger", "capacity_method": "floor_ouln", "active_pip": 0, "licensed": 0, "com_floors": [1], "occ_floors": [1], "unknown_n": 0, "id": "1130510300102230006-2", "pnu": "1130510300102230006", "floors": 5, "height": 16.2}}, {"type": "Feature", "geometry": {"type": "Polygon", "coordinates": [[[127.0241178, 37.63784969], [127.02416781, 37.63789333], [127.02392507, 37.63806746], [127.02400236, 37.63813808], [127.02421403, 37.63824633], [127.02451511, 37.63803391], [127.02452324, 37.63792714], [127.02430472, 37.63772401], [127.02416159, 37.63759349], [127.02376683, 37.63786314], [127.02390488, 37.63799286], [127.0241178, 37.63784969]]]}, "properties": {"name": "경남아너스빌", "status": "full", "capacity": 43, "active": 39, "industry": "한식", "vacancy_rate": 9.3, "vacancy_rate_lo": null, "vacancy_rate_hi": null, "stores": 39, "source": "stores+ledger", "capacity_method": "expos_units", "active_pip": 0, "licensed": 0, "com_floors": null, "occ_floors": null, "unknown_n": null, "id": "1130510300102290049-1", "pnu": "1130510300102290049", "floors": 15, "height": 50.2}}, {"type": "Feature", "geometry": {"type": "Polygon", "coordinates": [[[127.02300343, 37.63418754], [127.0230492, 37.63419213], [127.02304854, 37.63425285], [127.0231283, 37.63425617], [127.02313835, 37.63413949], [127.02309529, 37.63413725], [127.02309427, 37.6341268], [127.02301315, 37.63412321], [127.02300343, 37.63418754]]]}, "properties": {"name": "우측", "status": "full", "capacity": 1, "active": 1, "industry": "비알코올 ", "vacancy_rate": 0.0, "vacancy_rate_lo": 0.0, "vacancy_rate_hi": 0.0, "stores": 1, "source": "stores+ledger", "capacity_method": "floor_ouln", "active_pip": 0, "licensed": 0, "com_floors": [1], "occ_floors": [1], "unknown_n": 0, "id": "1130510300100950002-2", "pnu": "1130510300100950002", "floors": 3, "height": 10.7}}, {"type": "Feature", "geometry": {"type": "Polygon", "coordinates": [[[127.02404608, 37.63458935], [127.0240584, 37.6344961], [127.02380427, 37.63447885], [127.02379445, 37.63457426], [127.02404608, 37.63458935]]]}, "properties": {"name": "아이엘원룸텔", "status": "full", "capacity": 4, "active": 4, "industry": "이용·미용", "vacancy_rate": 0.0, "vacancy_rate_lo": 0.0, "vacancy_rate_hi": 0.0, "stores": 6, "source": "stores+ledger", "capacity_method": "floor_ouln", "active_pip": 0, "licensed": 0, "com_floors": [1, 2, 3, 4], "occ_floors": [1, 2, 3, 4], "unknown_n": 0, "id": "1130510100101600001-1", "pnu": "1130510100101600001", "floors": 6, "height": 19.4}}, {"type": "Feature", "geometry": {"type": "Polygon", "coordinates": [[[127.02283093, 37.63505483], [127.02299713, 37.6350672], [127.02300074, 37.63503656], [127.02299833, 37.63503634], [127.02302348, 37.63482246], [127.02300448, 37.63480423], [127.02286189, 37.63479169], [127.02283093, 37.63505483]]]}, "properties": {"name": "스타타워", "status": "high", "capacity": 14, "active": 6, "industry": "의원", "vacancy_rate": 57.1, "vacancy_rate_lo": 57.1, "vacancy_rate_hi": 64.3, "stores": 7, "source": "stores+ledger", "capacity_method": "floor_ouln", "active_pip": 0, "licensed": 0, "com_floors": [1, 2, 3, 4, 5, 6, 7, 8, 10, 11, 12, 13, 14, 15], "occ_floors": [1, 3, 5, 6, 13], "unknown_n": 1, "id": "1130510300100470002-1", "pnu": "1130510300100470002", "floors": 15, "height": 54.9}}, {"type": "Feature", "geometry": {"type": "Polygon", "coordinates": [[[127.02185694, 37.63542679], [127.02186495, 37.63535282], [127.02183085, 37.63535184], [127.02175981, 37.63535014], [127.02173251, 37.63534942], [127.02173128, 37.6354197], [127.02173334, 37.63550232], [127.02184722, 37.63550698], [127.02185174, 37.63546617], [127.02185694, 37.63542679]]]}, "properties": {"name": "수유동 45-74", "status": "empty", "capacity": 9, "active": 0, "industry": "", "vacancy_rate": 100.0, "source": "polygon_only", "capacity_method": "floor_approx", "active_pip": 0, "licensed": 0, "id": "1130510300100450074-1", "pnu": "1130510300100450074", "floors": 9, "height": 24.2}}, {"type": "Feature", "geometry": {"type": "Polygon", "coordinates": [[[127.02382411, 37.63486745], [127.02381056, 37.63499584], [127.02385055, 37.63499853], [127.02386365, 37.63486897], [127.02382411, 37.63486745]]]}, "properties": {"name": "번동 449-5", "status": "high", "capacity": 3, "active": 1, "industry": "스포츠 서비스", "vacancy_rate": 66.7, "vacancy_rate_lo": 66.7, "vacancy_rate_hi": 66.7, "stores": 1, "source": "stores+ledger", "capacity_method": "floor_ouln", "active_pip": 0, "licensed": 0, "com_floors": [1, 4, 5], "occ_floors": [4], "unknown_n": 0, "id": "1130510200104490005-1", "pnu": "1130510200104490005", "floors": 0, "height": 0.0}}, {"type": "Feature", "geometry": {"type": "Polygon", "coordinates": [[[127.02384887, 37.63399006], [127.02386006, 37.63390915], [127.02371096, 37.6338981], [127.0237034, 37.63397973], [127.02384887, 37.63399006]]]}, "properties": {"name": "미아동 160-43", "status": "empty", "capacity": 2, "active": 0, "industry": "", "vacancy_rate": 100.0, "source": "polygon_only", "capacity_method": "floor_approx", "active_pip": 0, "licensed": 0, "id": "1130510100101600043-1", "pnu": "1130510100101600043", "floors": 2, "height": 0.0}}, {"type": "Feature", "geometry": {"type": "Polygon", "coordinates": [[[127.02413386, 37.63384422], [127.02410429, 37.63384251], [127.02404042, 37.63390722], [127.02412493, 37.63391324], [127.02413386, 37.63384422]]]}, "properties": {"name": "미아동 160-40", "status": "full", "capacity": 1, "active": 1, "industry": "한식", "vacancy_rate": 0.0, "vacancy_rate_lo": 0.0, "vacancy_rate_hi": 100.0, "stores": 1, "source": "stores+ledger", "capacity_method": "floor_ouln", "active_pip": 0, "licensed": 0, "com_floors": [1], "occ_floors": [], "unknown_n": 1, "id": "1130510100101600040-1", "pnu": "1130510100101600040", "floors": 2, "height": 6.3}}, {"type": "Feature", "geometry": {"type": "Polygon", "coordinates": [[[127.0228494, 37.63508369], [127.02284093, 37.63514514], [127.02300736, 37.63515889], [127.02301572, 37.63509825], [127.0228494, 37.63508369]]]}, "properties": {"name": "전체광복빌딩", "status": "partial", "capacity": 3, "active": 2, "industry": "섬유·의복·신발 소매", "vacancy_rate": 33.3, "vacancy_rate_lo": 33.3, "vacancy_rate_hi": 66.7, "stores": 4, "source": "stores+ledger", "capacity_method": "floor_ouln", "active_pip": 0, "licensed": 0, "com_floors": [1, 2, 3], "occ_floors": [1], "unknown_n": 1, "id": "1130510300100470001-2", "pnu": "1130510300100470001", "floors": 3, "height": 10.3}}, {"type": "Feature", "geometry": {"type": "Polygon", "coordinates": [[[127.02210696, 37.63385002], [127.02216521, 37.6339102], [127.02219896, 37.63388974], [127.02214366, 37.63382857], [127.02210696, 37.63385002]]]}, "properties": {"name": "수유동 48-18", "status": "empty", "capacity": 1, "active": 0, "industry": "", "vacancy_rate": 100.0, "source": "polygon_only", "capacity_method": "floor_approx", "active_pip": 0, "licensed": 0, "id": "1130510300100480018-1", "pnu": "1130510300100480018", "floors": 1, "height": 0.0}}, {"type": "Feature", "geometry": {"type": "Polygon", "coordinates": [[[127.02254104, 37.6336701], [127.0225252, 37.63374787], [127.0226402, 37.63376829], [127.02262923, 37.63382191], [127.02298883, 37.6338686], [127.02300355, 37.63381075], [127.02304149, 37.63381705], [127.02306367, 37.63371821], [127.02274814, 37.63367619], [127.02274305, 37.63369538], [127.02254104, 37.6336701]]]}, "properties": {"name": "수유동이테크밸리오피스텔", "status": "full", "capacity": 8, "active": 8, "industry": "기타 교육", "vacancy_rate": 0.0, "vacancy_rate_lo": null, "vacancy_rate_hi": null, "stores": 8, "source": "stores+ledger", "capacity_method": "expos_units", "active_pip": 0, "licensed": 0, "com_floors": null, "occ_floors": null, "unknown_n": null, "id": "1130510300100950007-1", "pnu": "1130510300100950007", "floors": 17, "height": 59.9}}, {"type": "Feature", "geometry": {"type": "Polygon", "coordinates": [[[127.02253458, 37.63449445], [127.02254712, 37.63436398], [127.02253939, 37.63434628], [127.02233697, 37.63433182], [127.02231549, 37.63447969], [127.02253458, 37.63449445]]]}, "properties": {"name": "수유동 48-7", "status": "empty", "capacity": 7, "active": 0, "industry": "", "vacancy_rate": 100.0, "source": "polygon_only", "capacity_method": "floor_approx", "active_pip": 0, "licensed": 0, "id": "1130510300100480007-1", "pnu": "1130510300100480007", "floors": 7, "height": 24.05}}, {"type": "Feature", "geometry": {"type": "Polygon", "coordinates": [[[127.0229229, 37.63351461], [127.023009, 37.63352325], [127.02300539, 37.63357695], [127.02313036, 37.63358611], [127.02314984, 37.6335689], [127.02317714, 37.63355475], [127.02319771, 37.63338175], [127.02300919, 37.63336791], [127.0229229, 37.63351461]]]}, "properties": {"name": "수유동 92-2", "status": "empty", "capacity": 4, "active": 0, "industry": "", "vacancy_rate": 100.0, "source": "polygon_only", "capacity_method": "floor_approx", "active_pip": 0, "licensed": 0, "id": "1130510300100920002-1", "pnu": "1130510300100920002", "floors": 4, "height": 19.6}}, {"type": "Feature", "geometry": {"type": "Polygon", "coordinates": [[[127.02235173, 37.63520866], [127.02234111, 37.63528534], [127.02248194, 37.6352973], [127.02248883, 37.63522323], [127.02245609, 37.63522072], [127.02245721, 37.6352154], [127.02235173, 37.63520866]]]}, "properties": {"name": "수유동 45-21", "status": "full", "capacity": 1, "active": 1, "industry": "비알코올 ", "vacancy_rate": 0.0, "vacancy_rate_lo": 0.0, "vacancy_rate_hi": 0.0, "stores": 1, "source": "stores+ledger", "capacity_method": "floor_ouln", "active_pip": 0, "licensed": 0, "com_floors": [1], "occ_floors": [1], "unknown_n": 0, "id": "1130510300100450021-2", "pnu": "1130510300100450021", "floors": 3, "height": 0.0}}, {"type": "Feature", "geometry": {"type": "Polygon", "coordinates": [[[127.02309129, 37.63399543], [127.023163, 37.63400101], [127.02318866, 37.63378549], [127.02311716, 37.63378712], [127.02310949, 37.63384821], [127.02312251, 37.6338483], [127.02311913, 37.63389911], [127.02310293, 37.63389696], [127.02309129, 37.63399543]]]}, "properties": {"name": "수유동 95-5", "status": "full", "capacity": 2, "active": 2, "industry": "오락용품 소매", "vacancy_rate": 0.0, "vacancy_rate_lo": 0.0, "vacancy_rate_hi": 50.0, "stores": 3, "source": "stores+ledger", "capacity_method": "floor_ouln", "active_pip": 0, "licensed": 0, "com_floors": [1, 2], "occ_floors": [1], "unknown_n": 1, "id": "1130510300100950005-2", "pnu": "1130510300100950005", "floors": 0, "height": 0.0}}, {"type": "Feature", "geometry": {"type": "Polygon", "coordinates": [[[127.0236792, 37.63367584], [127.02367525, 37.63372603], [127.02369427, 37.6337266], [127.02369578, 37.63371282], [127.02378722, 37.63371721], [127.02380685, 37.63370493], [127.02380747, 37.63368281], [127.0236792, 37.63367584]]]}, "properties": {"name": "미아동 160-9", "status": "full", "capacity": 2, "active": 2, "industry": "주점", "vacancy_rate": 0.0, "vacancy_rate_lo": 0.0, "vacancy_rate_hi": 0.0, "stores": 3, "source": "stores+ledger", "capacity_method": "floor_ouln", "active_pip": 0, "licensed": 0, "com_floors": [1, 2], "occ_floors": [1, 2], "unknown_n": 0, "id": "1130510100101600009-3", "pnu": "1130510100101600009", "floors": 0, "height": 0.0}}, {"type": "Feature", "geometry": {"type": "Polygon", "coordinates": [[[127.02261657, 37.63353917], [127.02289165, 37.63356985], [127.02290193, 37.63347488], [127.0227755, 37.63346265], [127.02277662, 37.63343589], [127.02267817, 37.63342879], [127.02267352, 37.63345609], [127.02264712, 37.63345556], [127.02264113, 37.63348133], [127.02262561, 37.63348106], [127.02261657, 37.63353917]]]}, "properties": {"name": "수유동 93-1", "status": "empty", "capacity": 4, "active": 0, "industry": "", "vacancy_rate": 100.0, "source": "polygon_only", "capacity_method": "floor_approx", "active_pip": 0, "licensed": 0, "id": "1130510300100930001-1", "pnu": "1130510300100930001", "floors": 4, "height": 0.0}}, {"type": "Feature", "geometry": {"type": "Polygon", "coordinates": [[[127.02258932, 37.63407428], [127.02250379, 37.63409844], [127.02256546, 37.63423376], [127.0227287, 37.63418823], [127.02270829, 37.63413435], [127.02264723, 37.63415031], [127.02261572, 37.6340868], [127.02259691, 37.63409122], [127.02258932, 37.63407428]]]}, "properties": {"name": "수유동 48-14", "status": "empty", "capacity": 4, "active": 0, "industry": "", "vacancy_rate": 100.0, "source": "polygon_only", "capacity_method": "floor_approx", "active_pip": 0, "licensed": 0, "id": "1130510300100480014-2", "pnu": "1130510300100480014", "floors": 4, "height": 0.0}}, {"type": "Feature", "geometry": {"type": "Polygon", "coordinates": [[[127.02359831, 37.63380059], [127.02366152, 37.63380419], [127.02367728, 37.63367266], [127.02361616, 37.6336699], [127.02359831, 37.63380059]]]}, "properties": {"name": "미아동 160-9", "status": "full", "capacity": 2, "active": 2, "industry": "주점", "vacancy_rate": 0.0, "vacancy_rate_lo": 0.0, "vacancy_rate_hi": 0.0, "stores": 3, "source": "stores+ledger", "capacity_method": "floor_ouln", "active_pip": 0, "licensed": 0, "com_floors": [1, 2], "occ_floors": [1, 2], "unknown_n": 0, "id": "1130510100101600009-4", "pnu": "1130510100101600009", "floors": 0, "height": 0.0}}, {"type": "Feature", "geometry": {"type": "Polygon", "coordinates": [[[127.02354845, 37.63444485], [127.02353828, 37.63452396], [127.02356933, 37.6345508], [127.02378674, 37.63456382], [127.02380109, 37.63445128], [127.02371544, 37.63444445], [127.02371533, 37.63445248], [127.02354845, 37.63444485]]]}, "properties": {"name": "미아동 160-2", "status": "full", "capacity": 2, "active": 2, "industry": "주점", "vacancy_rate": 0.0, "vacancy_rate_lo": 0.0, "vacancy_rate_hi": 50.0, "stores": 3, "source": "stores+ledger", "capacity_method": "floor_ouln", "active_pip": 0, "licensed": 0, "com_floors": [1, 2], "occ_floors": [1], "unknown_n": 1, "id": "1130510100101600002-1", "pnu": "1130510100101600002", "floors": 3, "height": 0.0}}, {"type": "Feature", "geometry": {"type": "Polygon", "coordinates": [[[127.02247104, 37.63482816], [127.02276402, 37.63484936], [127.02276966, 37.63478341], [127.02247974, 37.63476257], [127.02247104, 37.63482816]]]}, "properties": {"name": "좌측", "status": "full", "capacity": 3, "active": 3, "industry": "한식", "vacancy_rate": 0.0, "vacancy_rate_lo": 0.0, "vacancy_rate_hi": 0.0, "stores": 6, "source": "stores+ledger", "capacity_method": "floor_ouln", "active_pip": 0, "licensed": 0, "com_floors": [1, 2, 3], "occ_floors": [1, 2, 3], "unknown_n": 0, "id": "1130510300100470069-1", "pnu": "1130510300100470069", "floors": 3, "height": 0.0}}, {"type": "Feature", "geometry": {"type": "Polygon", "coordinates": [[[127.02245344, 37.63357795], [127.02248617, 37.6335383], [127.02244754, 37.63354083], [127.02244492, 37.63352534], [127.02234431, 37.63348815], [127.0223451, 37.63349562], [127.02230035, 37.63350167], [127.02231954, 37.63359501], [127.02245344, 37.63357795]]]}, "properties": {"name": "수유동 90-14", "status": "partial", "capacity": 4, "active": 2, "industry": "한식", "vacancy_rate": 50.0, "vacancy_rate_lo": 50.0, "vacancy_rate_hi": 50.0, "stores": 2, "source": "stores+ledger", "capacity_method": "floor_ouln", "active_pip": 0, "licensed": 0, "com_floors": [1, 2, 3, 4], "occ_floors": [1, 3], "unknown_n": 0, "id": "1130510300100900014-1", "pnu": "1130510300100900014", "floors": 4, "height": 13.3}}, {"type": "Feature", "geometry": {"type": "Polygon", "coordinates": [[[127.02366659, 37.63328615], [127.02365339, 37.6334742], [127.02382435, 37.63348867], [127.02384185, 37.63329819], [127.02366659, 37.63328615]]]}, "properties": {"name": "일부", "status": "full", "capacity": 4, "active": 4, "industry": "유원지·오락", "vacancy_rate": 0.0, "vacancy_rate_lo": 0.0, "vacancy_rate_hi": 0.0, "stores": 8, "source": "stores+ledger", "capacity_method": "floor_ouln", "active_pip": 0, "licensed": 0, "com_floors": [1, 2, 3, 4], "occ_floors": [1, 2, 3, 4], "unknown_n": 0, "id": "1130510100101600013-1", "pnu": "1130510100101600013", "floors": 4, "height": 0.0}}, {"type": "Feature", "geometry": {"type": "Polygon", "coordinates": [[[127.02230288, 37.63511479], [127.02240088, 37.63512234], [127.02243747, 37.63511035], [127.02244108, 37.63505305], [127.02229436, 37.63504379], [127.02229346, 37.63507317], [127.02230468, 37.63507424], [127.02230288, 37.63511479]]]}, "properties": {"name": "수유동 47-5", "status": "empty", "capacity": 1, "active": 0, "industry": "", "vacancy_rate": 100.0, "source": "polygon_only", "capacity_method": "floor_approx", "active_pip": 0, "licensed": 0, "id": "1130510300100470005-1", "pnu": "1130510300100470005", "floors": 1, "height": 0.0}}, {"type": "Feature", "geometry": {"type": "Polygon", "coordinates": [[[127.02358849, 37.63388956], [127.02357787, 37.63397488], [127.02369603, 37.63398297], [127.0237053, 37.63389638], [127.02358849, 37.63388956]]]}, "properties": {"name": "미아동 160-39", "status": "full", "capacity": 2, "active": 2, "industry": "이용·미용", "vacancy_rate": 0.0, "vacancy_rate_lo": 0.0, "vacancy_rate_hi": 50.0, "stores": 2, "source": "stores+ledger", "capacity_method": "floor_ouln", "active_pip": 0, "licensed": 0, "com_floors": [1, 2], "occ_floors": [2], "unknown_n": 1, "id": "1130510100101600039-1", "pnu": "1130510100101600039", "floors": 2, "height": 6.5}}, {"type": "Feature", "geometry": {"type": "Polygon", "coordinates": [[[127.02244331, 37.6349361], [127.02246592, 37.63476896], [127.02223956, 37.63475261], [127.02222712, 37.63485415], [127.02228355, 37.63485837], [127.02228433, 37.63484459], [127.02236171, 37.63484899], [127.0223616, 37.63485422], [127.02237373, 37.63485484], [127.02236773, 37.63489007], [127.02238291, 37.63489205], [127.02237896, 37.6349308], [127.02244331, 37.6349361]]]}, "properties": {"name": "수유동 47-68", "status": "empty", "capacity": 3, "active": 0, "industry": "", "vacancy_rate": 100.0, "source": "polygon_only", "capacity_method": "floor_approx", "active_pip": 0, "licensed": 0, "id": "1130510300100470068-1", "pnu": "1130510300100470068", "floors": 3, "height": 11.0}}, {"type": "Feature", "geometry": {"type": "Polygon", "coordinates": [[[127.02200945, 37.63473823], [127.02199172, 37.63490816], [127.02207567, 37.6349149], [127.02207929, 37.6348858], [127.02215304, 37.63489092], [127.02216954, 37.63474694], [127.02200945, 37.63473823]]]}, "properties": {"name": "석우빌딩", "status": "full", "capacity": 6, "active": 6, "industry": "종합 소매", "vacancy_rate": 0.0, "vacancy_rate_lo": 0.0, "vacancy_rate_hi": 33.3, "stores": 7, "source": "stores+ledger", "capacity_method": "floor_ouln", "active_pip": 0, "licensed": 0, "com_floors": [1, 2, 3, 4, 6, 7], "occ_floors": [1, 3, 4, 6], "unknown_n": 2, "id": "1130510300100470004-2", "pnu": "1130510300100470004", "floors": 7, "height": 25.0}}, {"type": "Feature", "geometry": {"type": "Polygon", "coordinates": [[[127.02209795, 37.63402274], [127.02209366, 37.63409951], [127.02219619, 37.634103], [127.02219822, 37.63405858], [127.0221836, 37.63405741], [127.02218258, 37.63402849], [127.02209795, 37.63402274]]]}, "properties": {"name": "수유동 48-10", "status": "empty", "capacity": 4, "active": 0, "industry": "", "vacancy_rate": 100.0, "source": "polygon_only", "capacity_method": "floor_approx", "active_pip": 0, "licensed": 0, "id": "1130510300100480010-1", "pnu": "1130510300100480010", "floors": 4, "height": 0.0}}, {"type": "Feature", "geometry": {"type": "Polygon", "coordinates": [[[127.02223252, 37.63510327], [127.02224562, 37.6349683], [127.02215487, 37.63496246], [127.02214018, 37.63509689], [127.02223252, 37.63510327]]]}, "properties": {"name": "수유동 47-56", "status": "empty", "capacity": 1, "active": 0, "industry": "", "vacancy_rate": 100.0, "source": "polygon_only", "capacity_method": "floor_approx", "active_pip": 0, "licensed": 0, "id": "1130510300100470056-1", "pnu": "1130510300100470056", "floors": 1, "height": 3.5}}, {"type": "Feature", "geometry": {"type": "Polygon", "coordinates": [[[127.02224301, 37.63415939], [127.02228541, 37.63426381], [127.02240221, 37.63424226], [127.02239733, 37.6342164], [127.02241443, 37.63421243], [127.02241228, 37.63420342], [127.02245567, 37.63419512], [127.02243242, 37.63412278], [127.02224301, 37.63415939]]]}, "properties": {"name": "수유동 48-12", "status": "empty", "capacity": 4, "active": 0, "industry": "", "vacancy_rate": 100.0, "source": "polygon_only", "capacity_method": "floor_approx", "active_pip": 0, "licensed": 0, "id": "1130510300100480012-1", "pnu": "1130510300100480012", "floors": 4, "height": 0.0}}, {"type": "Feature", "geometry": {"type": "Polygon", "coordinates": [[[127.02352033, 37.63441932], [127.02382235, 37.63444027], [127.02382216, 37.63445455], [127.02404195, 37.63447088], [127.02409504, 37.63401956], [127.02356936, 37.63397866], [127.02352033, 37.63441932]]]}, "properties": {"name": "수유역푸르지오시티", "status": "full", "capacity": 9, "active": 9, "industry": "한식", "vacancy_rate": 0.0, "vacancy_rate_lo": null, "vacancy_rate_hi": null, "stores": 9, "source": "stores+ledger", "capacity_method": "expos_units", "active_pip": 0, "licensed": 0, "com_floors": null, "occ_floors": null, "unknown_n": null, "id": "1130510100101600003-1", "pnu": "1130510100101600003", "floors": 20, "height": 62.45}}, {"type": "Feature", "geometry": {"type": "Polygon", "coordinates": [[[127.02204547, 37.63444522], [127.02228118, 37.63446324], [127.02229588, 37.63432401], [127.02225051, 37.63432088], [127.02224924, 37.63433255], [127.02222351, 37.63433078], [127.02222839, 37.6342859], [127.02221982, 37.63428531], [127.0222267, 37.63422211], [127.02219679, 37.63422006], [127.02214882, 37.63421676], [127.02214594, 37.63424315], [127.02213534, 37.63424241], [127.02213739, 37.63422356], [127.02206718, 37.63421873], [127.02204547, 37.63444522]]]}, "properties": {"name": "수유프리미어엠", "status": "high", "capacity": 7, "active": 1, "industry": "일식", "vacancy_rate": 85.7, "vacancy_rate_lo": null, "vacancy_rate_hi": null, "stores": 1, "source": "stores+ledger", "capacity_method": "expos_units", "active_pip": 0, "licensed": 0, "com_floors": null, "occ_floors": null, "unknown_n": null, "id": "1130510300100480008-2", "pnu": "1130510300100480008", "floors": 15, "height": 54.5}}, {"type": "Feature", "geometry": {"type": "Polygon", "coordinates": [[[127.02175576, 37.63523151], [127.02185724, 37.63523588], [127.02186221, 37.63516268], [127.02182881, 37.63513449], [127.02176255, 37.63513165], [127.02175576, 37.63523151]]]}, "properties": {"name": "수유동 45-77", "status": "empty", "capacity": 3, "active": 0, "industry": "", "vacancy_rate": 100.0, "source": "polygon_only", "capacity_method": "floor_approx", "active_pip": 0, "licensed": 0, "id": "1130510300100450077-1", "pnu": "1130510300100450077", "floors": 3, "height": 0.0}}, {"type": "Feature", "geometry": {"type": "Polygon", "coordinates": [[[127.02363328, 37.63359453], [127.02371908, 37.63360032], [127.0237196, 37.63359538], [127.02400069, 37.63361432], [127.02400892, 37.63353703], [127.02401897, 37.6335377], [127.02402551, 37.63347621], [127.02393746, 37.63347028], [127.02393197, 37.63352189], [127.02391899, 37.63352102], [127.02392047, 37.6335071], [127.02372856, 37.63349417], [127.0237289, 37.63349104], [127.02364649, 37.63348549], [127.02363305, 37.63359471], [127.02363328, 37.63359453]]]}, "properties": {"name": "미아동 160-11", "status": "empty", "capacity": 14, "active": 0, "industry": "", "vacancy_rate": 100.0, "source": "polygon_only", "capacity_method": "floor_approx", "active_pip": 0, "licensed": 0, "id": "1130510100101600011-1", "pnu": "1130510100101600011", "floors": 14, "height": 58.8}}, {"type": "Feature", "geometry": {"type": "Polygon", "coordinates": [[[127.02352139, 37.63522565], [127.02352402, 37.63531998], [127.02350375, 37.63532341], [127.02352236, 37.63540909], [127.02353833, 37.63540683], [127.02358187, 37.63550197], [127.02378273, 37.63547633], [127.02377423, 37.63545597], [127.02393373, 37.6354154], [127.02388801, 37.63521981], [127.02382378, 37.63521324], [127.02373574, 37.63521803], [127.02372702, 37.63519632], [127.02352139, 37.63522565]]]}, "properties": {"name": "한국마사회강북지점", "status": "high", "capacity": 12, "active": 4, "industry": "종합 소매", "vacancy_rate": 66.7, "vacancy_rate_lo": 66.7, "vacancy_rate_hi": 66.7, "stores": 5, "source": "stores+ledger", "capacity_method": "floor_ouln", "active_pip": 0, "licensed": 0, "com_floors": [1, 2, 3, 4, 5, 6, 7, 8, 9, 10, 11, 12], "occ_floors": [1, 4, 6, 9], "unknown_n": 0, "id": "1130510200104490006-1", "pnu": "1130510200104490006", "floors": 12, "height": 56.8}}, {"type": "Feature", "geometry": {"type": "Polygon", "coordinates": [[[127.02349922, 37.63497688], [127.02348216, 37.63513339], [127.02382772, 37.63515378], [127.02384557, 37.63500133], [127.02374609, 37.63499531], [127.02349922, 37.63497688]]]}, "properties": {"name": "번동 449-5", "status": "high", "capacity": 3, "active": 1, "industry": "스포츠 서비스", "vacancy_rate": 66.7, "vacancy_rate_lo": 66.7, "vacancy_rate_hi": 66.7, "stores": 1, "source": "stores+ledger", "capacity_method": "floor_ouln", "active_pip": 0, "licensed": 0, "com_floors": [1, 4, 5], "occ_floors": [4], "unknown_n": 0, "id": "1130510200104490005-2", "pnu": "1130510200104490005", "floors": 5, "height": 20.5}}, {"type": "Feature", "geometry": {"type": "Polygon", "coordinates": [[[127.02403717, 37.63364368], [127.0241346, 37.6336515], [127.0241722, 37.63362924], [127.02417672, 37.63356815], [127.02404473, 37.63355953], [127.02403717, 37.63364368]]]}, "properties": {"name": "미아동 160-10", "status": "full", "capacity": 1, "active": 1, "industry": "이용·미용", "vacancy_rate": 0.0, "vacancy_rate_lo": 0.0, "vacancy_rate_hi": 0.0, "stores": 1, "source": "stores+ledger", "capacity_method": "floor_ouln", "active_pip": 0, "licensed": 0, "com_floors": [1], "occ_floors": [1], "unknown_n": 0, "id": "1130510100101600010-1", "pnu": "1130510100101600010", "floors": 3, "height": 0.0}}, {"type": "Feature", "geometry": {"type": "Polygon", "coordinates": [[[127.02076454, 37.6337808], [127.02082721, 37.63382863], [127.02091419, 37.63375167], [127.02088768, 37.63373069], [127.02087612, 37.63373943], [127.02084077, 37.63371231], [127.02076454, 37.6337808]]]}, "properties": {"name": "수유동 50-58", "status": "empty", "capacity": 4, "active": 0, "industry": "", "vacancy_rate": 100.0, "source": "polygon_only", "capacity_method": "floor_approx", "active_pip": 0, "licensed": 0, "id": "1130510300100500058-1", "pnu": "1130510300100500058", "floors": 4, "height": 0.0}}, {"type": "Feature", "geometry": {"type": "Polygon", "coordinates": [[[127.02113981, 37.63395508], [127.02111794, 37.63393733], [127.02112462, 37.63392688], [127.02109947, 37.63390895], [127.02107002, 37.63393698], [127.02111942, 37.63397283], [127.02113981, 37.63395508]]]}, "properties": {"name": "수유동 50-16", "status": "partial", "capacity": 2, "active": 1, "industry": "한식", "vacancy_rate": 50.0, "vacancy_rate_lo": 50.0, "vacancy_rate_hi": 100.0, "stores": 1, "source": "stores+ledger", "capacity_method": "floor_ouln", "active_pip": 0, "licensed": 0, "com_floors": [1, 2], "occ_floors": [], "unknown_n": 1, "id": "1130510300100500016-1", "pnu": "1130510300100500016", "floors": 0, "height": 0.0}}, {"type": "Feature", "geometry": {"type": "Polygon", "coordinates": [[[127.02172415, 37.634255], [127.02172391, 37.63423707], [127.02170126, 37.63423689], [127.02170081, 37.63425473], [127.02172415, 37.634255]]]}, "properties": {"name": "원봉빌딩", "status": "full", "capacity": 2, "active": 2, "industry": "가전·통신 소매", "vacancy_rate": 0.0, "vacancy_rate_lo": 0.0, "vacancy_rate_hi": 0.0, "stores": 3, "source": "stores+ledger", "capacity_method": "floor_ouln", "active_pip": 0, "licensed": 0, "com_floors": [1, 2], "occ_floors": [1, 2], "unknown_n": 0, "id": "1130510300100480022-4", "pnu": "1130510300100480022", "floors": 0, "height": 0.0}}, {"type": "Feature", "geometry": {"type": "Polygon", "coordinates": [[[127.02020033, 37.63413507], [127.02012942, 37.63416203], [127.02016602, 37.63420653], [127.02023184, 37.63418093], [127.02020033, 37.63413507]]]}, "properties": {"name": "지층", "status": "partial", "capacity": 3, "active": 2, "industry": "유원지·오락", "vacancy_rate": 33.3, "vacancy_rate_lo": 33.3, "vacancy_rate_hi": 33.3, "stores": 3, "source": "stores+ledger", "capacity_method": "floor_ouln", "active_pip": 0, "licensed": 0, "com_floors": [1, 2, 3], "occ_floors": [1, 2], "unknown_n": 0, "id": "1130510300100480046-1", "pnu": "1130510300100480046", "floors": 0, "height": 0.0}}, {"type": "Feature", "geometry": {"type": "Polygon", "coordinates": [[[127.02107079, 37.63425692], [127.02112836, 37.63430277], [127.02115294, 37.63428231], [127.02118002, 37.63430312], [127.02127494, 37.63422535], [127.02124751, 37.63420553], [127.0213217, 37.63414371], [127.02127479, 37.63410525], [127.02107079, 37.63425692]]]}, "properties": {"name": "우측호", "status": "full", "capacity": 2, "active": 2, "industry": "한식", "vacancy_rate": 0.0, "vacancy_rate_lo": 0.0, "vacancy_rate_hi": 0.0, "stores": 6, "source": "stores+ledger", "capacity_method": "floor_ouln", "active_pip": 0, "licensed": 0, "com_floors": [1, 2], "occ_floors": [1, 2], "unknown_n": 0, "id": "1130510300100480053-1", "pnu": "1130510300100480053", "floors": 2, "height": 0.0}}, {"type": "Feature", "geometry": {"type": "Polygon", "coordinates": [[[127.02133443, 37.63370327], [127.02134897, 37.6336897], [127.02133719, 37.63368172], [127.02134689, 37.63367267], [127.02135866, 37.63368063], [127.02140693, 37.63363552], [127.02138482, 37.63362055], [127.02137623, 37.63362858], [127.02124, 37.63353637], [127.0212152, 37.63355954], [127.02120607, 37.63355337], [127.02119175, 37.63356674], [127.02120089, 37.63357292], [127.02117608, 37.63359609], [127.02133443, 37.63370327]]]}, "properties": {"name": "수유동 50-11", "status": "empty", "capacity": 8, "active": 0, "industry": "", "vacancy_rate": 100.0, "source": "polygon_only", "capacity_method": "floor_approx", "active_pip": 0, "licensed": 0, "id": "1130510300100500011-1", "pnu": "1130510300100500011", "floors": 8, "height": 23.9}}, {"type": "Feature", "geometry": {"type": "Polygon", "coordinates": [[[127.02122522, 37.63375191], [127.02129026, 37.6336949], [127.02122019, 37.63364433], [127.02115514, 37.63370133], [127.02118096, 37.63371997], [127.02118742, 37.63371432], [127.02120584, 37.63372762], [127.02119939, 37.63373327], [127.02122522, 37.63375191]]]}, "properties": {"name": "수유동 50-63", "status": "empty", "capacity": 6, "active": 0, "industry": "", "vacancy_rate": 100.0, "source": "polygon_only", "capacity_method": "floor_approx", "active_pip": 0, "licensed": 0, "id": "1130510300100500063-1", "pnu": "1130510300100500063", "floors": 6, "height": 19.4}}, {"type": "Feature", "geometry": {"type": "Polygon", "coordinates": [[[127.02088855, 37.63481574], [127.02089644, 37.63471132], [127.0207717, 37.63470053], [127.02076003, 37.6346999], [127.02074633, 37.63470116], [127.02074032, 37.63470711], [127.0207306, 37.63479018], [127.02076675, 37.63479108], [127.02076449, 37.63480828], [127.02088855, 37.63481574]]]}, "properties": {"name": "수유동 47-64", "status": "empty", "capacity": 3, "active": 0, "industry": "", "vacancy_rate": 100.0, "source": "polygon_only", "capacity_method": "floor_approx", "active_pip": 0, "licensed": 0, "id": "1130510300100470064-1", "pnu": "1130510300100470064", "floors": 3, "height": 17.2}}, {"type": "Feature", "geometry": {"type": "Polygon", "coordinates": [[[127.0200037, 37.63431387], [127.02022156, 37.63432509], [127.02022958, 37.63423238], [127.02015583, 37.63422824], [127.02015684, 37.63419671], [127.02001692, 37.63418584], [127.0200037, 37.63431387]]]}, "properties": {"name": "지층", "status": "partial", "capacity": 3, "active": 2, "industry": "유원지·오락", "vacancy_rate": 33.3, "vacancy_rate_lo": 33.3, "vacancy_rate_hi": 33.3, "stores": 3, "source": "stores+ledger", "capacity_method": "floor_ouln", "active_pip": 0, "licensed": 0, "com_floors": [1, 2, 3], "occ_floors": [1, 2], "unknown_n": 0, "id": "1130510300100480046-2", "pnu": "1130510300100480046", "floors": 7, "height": 18.2}}, {"type": "Feature", "geometry": {"type": "Polygon", "coordinates": [[[127.02542206, 37.63702776], [127.0254708, 37.63707613], [127.02549832, 37.63705838], [127.02545265, 37.63701126], [127.02542206, 37.63702776]]]}, "properties": {"name": "가든타워빌딩", "status": "full", "capacity": 48, "active": 48, "industry": "이용·미용", "vacancy_rate": 0.0, "vacancy_rate_lo": null, "vacancy_rate_hi": null, "stores": 48, "source": "stores+ledger", "capacity_method": "expos_units", "active_pip": 0, "licensed": 0, "com_floors": null, "occ_floors": null, "unknown_n": null, "id": "1130510200104460013-2", "pnu": "1130510200104460013", "floors": 0, "height": 0.0}}, {"type": "Feature", "geometry": {"type": "Polygon", "coordinates": [[[127.02536972, 37.63669297], [127.02549835, 37.63680475], [127.02559169, 37.63673319], [127.02547245, 37.63661753], [127.02536972, 37.63669297]]]}, "properties": {"name": "번동 446-69", "status": "empty", "capacity": 8, "active": 0, "industry": "", "vacancy_rate": 100.0, "source": "polygon_only", "capacity_method": "floor_approx", "active_pip": 0, "licensed": 0, "id": "1130510200104460069-1", "pnu": "1130510200104460069", "floors": 8, "height": 26.17}}, {"type": "Feature", "geometry": {"type": "Polygon", "coordinates": [[[127.02537584, 37.63635303], [127.02544622, 37.63641941], [127.02556606, 37.63633974], [127.02549704, 37.63627642], [127.02540688, 37.63633896], [127.02540121, 37.63633221], [127.02537584, 37.63635303]]]}, "properties": {"name": "번동 447-33", "status": "empty", "capacity": 1, "active": 0, "industry": "", "vacancy_rate": 100.0, "source": "polygon_only", "capacity_method": "floor_approx", "active_pip": 0, "licensed": 0, "id": "1130510200104470033-1", "pnu": "1130510200104470033", "floors": 1, "height": 0.0}}, {"type": "Feature", "geometry": {"type": "Polygon", "coordinates": [[[127.0252251, 37.63653361], [127.02532716, 37.63646683], [127.02524715, 37.63638972], [127.02514826, 37.63646083], [127.0252251, 37.63653361]]]}, "properties": {"name": "번동 446-56", "status": "empty", "capacity": 9, "active": 0, "industry": "", "vacancy_rate": 100.0, "source": "polygon_only", "capacity_method": "floor_approx", "active_pip": 0, "licensed": 0, "id": "1130510200104460056-1", "pnu": "1130510200104460056", "floors": 9, "height": 26.8}}, {"type": "Feature", "geometry": {"type": "Polygon", "coordinates": [[[127.02530926, 37.63614365], [127.02524594, 37.63618781], [127.02536325, 37.63629717], [127.0254355, 37.63624823], [127.02537068, 37.63618725], [127.02536014, 37.63619401], [127.02530926, 37.63614365]]]}, "properties": {"name": "승원빌딩", "status": "full", "capacity": 3, "active": 3, "industry": "한식", "vacancy_rate": 0.0, "vacancy_rate_lo": 0.0, "vacancy_rate_hi": 33.3, "stores": 3, "source": "stores+ledger", "capacity_method": "floor_ouln", "active_pip": 0, "licensed": 0, "com_floors": [1, 2, 3], "occ_floors": [1, 3], "unknown_n": 1, "id": "1130510200104470003-1", "pnu": "1130510200104470003", "floors": 5, "height": 16.88}}, {"type": "Feature", "geometry": {"type": "Polygon", "coordinates": [[[127.02543243, 37.63751303], [127.02555385, 37.63742841], [127.02546601, 37.63734905], [127.02535071, 37.63742926], [127.02543243, 37.63751303]]]}, "properties": {"name": "홍승빌딩", "status": "full", "capacity": 4, "active": 4, "industry": "가전·통신 소매", "vacancy_rate": 0.0, "vacancy_rate_lo": 0.0, "vacancy_rate_hi": 25.0, "stores": 9, "source": "stores+ledger", "capacity_method": "floor_ouln", "active_pip": 0, "licensed": 0, "com_floors": [1, 2, 3, 4], "occ_floors": [1, 2, 3], "unknown_n": 1, "id": "1130510200104460024-1", "pnu": "1130510200104460024", "floors": 5, "height": 15.8}}, {"type": "Feature", "geometry": {"type": "Polygon", "coordinates": [[[127.02056496, 37.63641649], [127.02052556, 37.63650173], [127.02062517, 37.63653955], [127.02064861, 37.63649838], [127.02065698, 37.63650135], [127.02067013, 37.63647206], [127.02060826, 37.63644847], [127.02061573, 37.63643198], [127.02056496, 37.63641649]]]}, "properties": {"name": "수유동 134-16", "status": "empty", "capacity": 4, "active": 0, "industry": "", "vacancy_rate": 100.0, "source": "polygon_only", "capacity_method": "floor_approx", "active_pip": 0, "licensed": 0, "id": "1130510300101340016-1", "pnu": "1130510300101340016", "floors": 4, "height": 13.0}}, {"type": "Feature", "geometry": {"type": "Polygon", "coordinates": [[[127.02068985, 37.63612382], [127.02071703, 37.63606625], [127.02062083, 37.63603726], [127.02059263, 37.63605014], [127.02057043, 37.63609105], [127.02064238, 37.63611554], [127.02064634, 37.63610933], [127.02068985, 37.63612382]]]}, "properties": {"name": "수유동 134-20", "status": "full", "capacity": 2, "active": 2, "industry": "종합 소매", "vacancy_rate": 0.0, "vacancy_rate_lo": 0.0, "vacancy_rate_hi": 50.0, "stores": 2, "source": "stores+ledger", "capacity_method": "floor_ouln", "active_pip": 0, "licensed": 0, "com_floors": [1, 2], "occ_floors": [2], "unknown_n": 1, "id": "1130510300101340020-1", "pnu": "1130510300101340020", "floors": 4, "height": 12.3}}, {"type": "Feature", "geometry": {"type": "Polygon", "coordinates": [[[127.02051631, 37.63581734], [127.02063618, 37.63585111], [127.02068703, 37.63575289], [127.02055684, 37.63571985], [127.02051631, 37.63581734]]]}, "properties": {"name": "우측", "status": "full", "capacity": 1, "active": 1, "industry": "중식", "vacancy_rate": 0.0, "vacancy_rate_lo": 0.0, "vacancy_rate_hi": 0.0, "stores": 2, "source": "stores+ledger", "capacity_method": "floor_ouln", "active_pip": 0, "licensed": 0, "com_floors": [1], "occ_floors": [1], "unknown_n": 0, "id": "1130510300100460019-1", "pnu": "1130510300100460019", "floors": 2, "height": 0.0}}, {"type": "Feature", "geometry": {"type": "Polygon", "coordinates": [[[127.01986963, 37.63581565], [127.01977898, 37.63578431], [127.01972981, 37.63579396], [127.01970207, 37.63583433], [127.01980348, 37.63588594], [127.01979974, 37.63589216], [127.01981425, 37.63590009], [127.01986963, 37.63581565]]]}, "properties": {"name": "우측", "status": "full", "capacity": 2, "active": 2, "industry": "중식", "vacancy_rate": 0.0, "vacancy_rate_lo": 0.0, "vacancy_rate_hi": 50.0, "stores": 3, "source": "stores+ledger", "capacity_method": "floor_ouln", "active_pip": 0, "licensed": 0, "com_floors": [1, 2], "occ_floors": [1], "unknown_n": 1, "id": "1130510300101340060-1", "pnu": "1130510300101340060", "floors": 3, "height": 0.0}}, {"type": "Feature", "geometry": {"type": "Polygon", "coordinates": [[[127.02049633, 37.63608251], [127.02052691, 37.63601817], [127.0205175, 37.63600583], [127.02039004, 37.63597297], [127.02035459, 37.6360464], [127.02042201, 37.63606838], [127.02042484, 37.63606297], [127.02049633, 37.63608251]]]}, "properties": {"name": "수유동 134-69", "status": "full", "capacity": 1, "active": 1, "industry": "이용·미용", "vacancy_rate": 0.0, "vacancy_rate_lo": 0.0, "vacancy_rate_hi": 0.0, "stores": 1, "source": "stores+ledger", "capacity_method": "floor_ouln", "active_pip": 0, "licensed": 0, "com_floors": [1], "occ_floors": [1], "unknown_n": 0, "id": "1130510300101340069-1", "pnu": "1130510300101340069", "floors": 4, "height": 12.3}}, {"type": "Feature", "geometry": {"type": "Polygon", "coordinates": [[[127.02114531, 37.63619087], [127.02105116, 37.63615827], [127.0210045, 37.63623721], [127.02109594, 37.63626918], [127.02114531, 37.63619087]]]}, "properties": {"name": "수유동 134-9", "status": "partial", "capacity": 2, "active": 1, "industry": "이용·미용", "vacancy_rate": 50.0, "vacancy_rate_lo": 50.0, "vacancy_rate_hi": 100.0, "stores": 1, "source": "stores+ledger", "capacity_method": "floor_ouln", "active_pip": 0, "licensed": 0, "com_floors": [1, 2], "occ_floors": [], "unknown_n": 1, "id": "1130510300101340009-1", "pnu": "1130510300101340009", "floors": 3, "height": 0.0}}, {"type": "Feature", "geometry": {"type": "Polygon", "coordinates": [[[127.02067481, 37.636206], [127.02078403, 37.63624328], [127.02079128, 37.63623084], [127.02080193, 37.63623427], [127.02086387, 37.63611596], [127.02073742, 37.6360748], [127.02067481, 37.636206]]]}, "properties": {"name": "수유동 134-18", "status": "partial", "capacity": 6, "active": 3, "industry": "한식", "vacancy_rate": 50.0, "vacancy_rate_lo": 50.0, "vacancy_rate_hi": 50.0, "stores": 3, "source": "stores+ledger", "capacity_method": "floor_ouln", "active_pip": 0, "licensed": 0, "com_floors": [1, 2, 3, 4, 5, 6], "occ_floors": [1, 2, 5], "unknown_n": 0, "id": "1130510300101340018-1", "pnu": "1130510300101340018", "floors": 7, "height": 25.0}}, {"type": "Feature", "geometry": {"type": "Polygon", "coordinates": [[[127.02448859, 37.63352826], [127.02440861, 37.6335236], [127.02440647, 37.63355567], [127.02448441, 37.63356097], [127.02448859, 37.63352826]]]}, "properties": {"name": "미아동 162-10", "status": "full", "capacity": 1, "active": 1, "industry": "한식", "vacancy_rate": 0.0, "vacancy_rate_lo": 0.0, "vacancy_rate_hi": 0.0, "stores": 1, "source": "stores+ledger", "capacity_method": "floor_ouln", "active_pip": 0, "licensed": 0, "com_floors": [1], "occ_floors": [1], "unknown_n": 0, "id": "1130510100101620010-2", "pnu": "1130510100101620010", "floors": 0, "height": 0.0}}, {"type": "Feature", "geometry": {"type": "Polygon", "coordinates": [[[127.02454404, 37.6336771], [127.02465869, 37.633685], [127.02467055, 37.63357093], [127.02455533, 37.6335623], [127.02454404, 37.6336771]]]}, "properties": {"name": "미아동 162-7", "status": "empty", "capacity": 4, "active": 0, "industry": "", "vacancy_rate": 100.0, "source": "polygon_only", "capacity_method": "floor_approx", "active_pip": 0, "licensed": 0, "id": "1130510100101620007-1", "pnu": "1130510100101620007", "floors": 4, "height": 0.0}}, {"type": "Feature", "geometry": {"type": "Polygon", "coordinates": [[[127.02428811, 37.63365877], [127.02437149, 37.63366407], [127.02437849, 37.63359027], [127.024272, 37.63358354], [127.02426579, 37.63364111], [127.02428811, 37.63365877]]]}, "properties": {"name": "미아동 162-13", "status": "full", "capacity": 1, "active": 1, "industry": "기타 간이", "vacancy_rate": 0.0, "vacancy_rate_lo": 0.0, "vacancy_rate_hi": 0.0, "stores": 1, "source": "stores+ledger", "capacity_method": "floor_ouln", "active_pip": 0, "licensed": 0, "com_floors": [1], "occ_floors": [1], "unknown_n": 0, "id": "1130510100101620013-1", "pnu": "1130510100101620013", "floors": 4, "height": 0.0}}, {"type": "Feature", "geometry": {"type": "Polygon", "coordinates": [[[127.02427855, 37.63350308], [127.02427121, 37.63358029], [127.02440081, 37.63358955], [127.02440668, 37.63351179], [127.02427855, 37.63350308]]]}, "properties": {"name": "미아동 162-12", "status": "empty", "capacity": 1, "active": 0, "industry": "", "vacancy_rate": 100.0, "source": "polygon_only", "capacity_method": "floor_approx", "active_pip": 0, "licensed": 0, "id": "1130510100101620012-1", "pnu": "1130510100101620012", "floors": 1, "height": 0.0}}, {"type": "Feature", "geometry": {"type": "Polygon", "coordinates": [[[127.02471443, 37.63605963], [127.02461861, 37.63612731], [127.02468933, 37.63619865], [127.02478685, 37.63613087], [127.02471443, 37.63605963]]]}, "properties": {"name": "번동 446-28", "status": "empty", "capacity": 4, "active": 0, "industry": "", "vacancy_rate": 100.0, "source": "polygon_only", "capacity_method": "floor_approx", "active_pip": 0, "licensed": 0, "id": "1130510200104460028-1", "pnu": "1130510200104460028", "floors": 4, "height": 12.0}}, {"type": "Feature", "geometry": {"type": "Polygon", "coordinates": [[[127.02314062, 37.63780731], [127.02313745, 37.63782974], [127.02326503, 37.63783864], [127.02326842, 37.6378144], [127.02314062, 37.63780731]]]}, "properties": {"name": "뉴캐슬", "status": "full", "capacity": 1, "active": 1, "industry": "유원지·오락", "vacancy_rate": 0.0, "vacancy_rate_lo": 0.0, "vacancy_rate_hi": 0.0, "stores": 4, "source": "stores+ledger", "capacity_method": "floor_ouln", "active_pip": 0, "licensed": 0, "com_floors": [1], "occ_floors": [1], "unknown_n": 0, "id": "1130510300102230006-3", "pnu": "1130510300102230006", "floors": 0, "height": 0.0}}, {"type": "Feature", "geometry": {"type": "Polygon", "coordinates": [[[127.0243088, 37.63597799], [127.02429407, 37.6359643], [127.02427663, 37.63597727], [127.02429261, 37.63599241], [127.0243088, 37.63597799]]]}, "properties": {"name": "삼성빌딩", "status": "full", "capacity": 2, "active": 2, "industry": "종합 소매", "vacancy_rate": 0.0, "vacancy_rate_lo": 0.0, "vacancy_rate_hi": 50.0, "stores": 2, "source": "stores+ledger", "capacity_method": "floor_ouln", "active_pip": 0, "licensed": 0, "com_floors": [1, 8], "occ_floors": [8], "unknown_n": 1, "id": "1130510200104460008-2", "pnu": "1130510200104460008", "floors": 0, "height": 0.0}}, {"type": "Feature", "geometry": {"type": "Polygon", "coordinates": [[[127.02328615, 37.63653554], [127.02329303, 37.63646382], [127.02320625, 37.63645907], [127.02319913, 37.63652952], [127.02328615, 37.63653554]]]}, "properties": {"name": "효성인텔리안오피스텔", "status": "full", "capacity": 16, "active": 16, "industry": "한식", "vacancy_rate": 0.0, "vacancy_rate_lo": null, "vacancy_rate_hi": null, "stores": 16, "source": "stores+ledger", "capacity_method": "expos_units", "active_pip": 0, "licensed": 0, "com_floors": null, "occ_floors": null, "unknown_n": null, "id": "1130510300102300007-2", "pnu": "1130510300102300007", "floors": 0, "height": 0.0}}, {"type": "Feature", "geometry": {"type": "Polygon", "coordinates": [[[127.02404605, 37.63752637], [127.02412348, 37.63759276], [127.02423166, 37.63751457], [127.02411055, 37.63740934], [127.02410068, 37.63740896], [127.02402663, 37.63746248], [127.02402434, 37.63746048], [127.02399751, 37.63747988], [127.02404857, 37.63752455], [127.02404605, 37.63752637]]]}, "properties": {"name": "엘리브", "status": "partial", "capacity": 3, "active": 2, "industry": "주점", "vacancy_rate": 33.3, "vacancy_rate_lo": null, "vacancy_rate_hi": null, "stores": 2, "source": "stores+ledger", "capacity_method": "expos_units", "active_pip": 0, "licensed": 0, "com_floors": null, "occ_floors": null, "unknown_n": null, "id": "1130510300102290053-1", "pnu": "1130510300102290053", "floors": 12, "height": 42.8}}, {"type": "Feature", "geometry": {"type": "Polygon", "coordinates": [[[127.02262593, 37.63715195], [127.02260513, 37.63730809], [127.02275492, 37.63732319], [127.02277854, 37.63715822], [127.02262593, 37.63715195]]]}, "properties": {"name": "대형빌딩", "status": "partial", "capacity": 3, "active": 2, "industry": "한식", "vacancy_rate": 33.3, "vacancy_rate_lo": 33.3, "vacancy_rate_hi": 33.3, "stores": 3, "source": "stores+ledger", "capacity_method": "floor_ouln", "active_pip": 0, "licensed": 0, "com_floors": [1, 2, 3], "occ_floors": [1, 3], "unknown_n": 0, "id": "1130510300100020004-3", "pnu": "1130510300100020004", "floors": 3, "height": 0.0}}, {"type": "Feature", "geometry": {"type": "Polygon", "coordinates": [[[127.02271564, 37.63672072], [127.02282826, 37.6367261], [127.02284679, 37.63654257], [127.02268828, 37.63653512], [127.02268343, 37.63659756], [127.0227266, 37.63660215], [127.02271564, 37.63672072]]]}, "properties": {"name": "수유동 2-41", "status": "high", "capacity": 10, "active": 4, "industry": "한식", "vacancy_rate": 60.0, "vacancy_rate_lo": null, "vacancy_rate_hi": null, "stores": 4, "source": "stores+ledger", "capacity_method": "expos_units", "active_pip": 0, "licensed": 0, "com_floors": null, "occ_floors": null, "unknown_n": null, "id": "1130510300100020041-1", "pnu": "1130510300100020041", "floors": 4, "height": 14.9}}, {"type": "Feature", "geometry": {"type": "Polygon", "coordinates": [[[127.02289037, 37.63643381], [127.02290518, 37.63631559], [127.02266149, 37.63632213], [127.02265098, 37.63641899], [127.02289037, 37.63643381]]]}, "properties": {"name": "전부", "status": "full", "capacity": 3, "active": 3, "industry": "기타 간이", "vacancy_rate": 0.0, "vacancy_rate_lo": 0.0, "vacancy_rate_hi": 33.3, "stores": 7, "source": "stores+ledger", "capacity_method": "floor_ouln", "active_pip": 0, "licensed": 0, "com_floors": [1, 2, 3], "occ_floors": [1, 2], "unknown_n": 1, "id": "1130510300100020008-1", "pnu": "1130510300100020008", "floors": 3, "height": 0.0}}, {"type": "Feature", "geometry": {"type": "Polygon", "coordinates": [[[127.02461441, 37.63784197], [127.02468388, 37.63790169], [127.02477529, 37.63783933], [127.02474039, 37.6378051], [127.02472544, 37.63781762], [127.0247132, 37.63780762], [127.02467197, 37.63783502], [127.02464987, 37.63781151], [127.02461441, 37.63784197]]]}, "properties": {"name": "수유동 229-40", "status": "empty", "capacity": 2, "active": 0, "industry": "", "vacancy_rate": 100.0, "source": "polygon_only", "capacity_method": "floor_approx", "active_pip": 0, "licensed": 0, "id": "1130510300102290040-1", "pnu": "1130510300102290040", "floors": 2, "height": 0.0}}, {"type": "Feature", "geometry": {"type": "Polygon", "coordinates": [[[127.02309472, 37.63739071], [127.02320711, 37.63740087], [127.02321276, 37.63733437], [127.02310467, 37.63732682], [127.02309472, 37.63739071]]]}, "properties": {"name": "수유동 230-3", "status": "partial", "capacity": 2, "active": 1, "industry": "섬유·의복·신발 소매", "vacancy_rate": 50.0, "vacancy_rate_lo": 50.0, "vacancy_rate_hi": 50.0, "stores": 1, "source": "stores+ledger", "capacity_method": "floor_ouln", "active_pip": 0, "licensed": 0, "com_floors": [1, 2], "occ_floors": [1], "unknown_n": 0, "id": "1130510300102300003-2", "pnu": "1130510300102300003", "floors": 0, "height": 0.0}}, {"type": "Feature", "geometry": {"type": "Polygon", "coordinates": [[[127.02454095, 37.63769386], [127.02457767, 37.63772746], [127.02461074, 37.63770385], [127.02457685, 37.63767259], [127.02454095, 37.63769386]]]}, "properties": {"name": "동오빌딩", "status": "full", "capacity": 8, "active": 8, "industry": "의원", "vacancy_rate": 0.0, "vacancy_rate_lo": 0.0, "vacancy_rate_hi": 12.5, "stores": 11, "source": "stores+ledger", "capacity_method": "floor_ouln", "active_pip": 0, "licensed": 0, "com_floors": [1, 2, 3, 4, 5, 6, 7, 8], "occ_floors": [1, 2, 3, 4, 5, 7, 8], "unknown_n": 1, "id": "1130510300102290011-2", "pnu": "1130510300102290011", "floors": 0, "height": 0.0}}, {"type": "Feature", "geometry": {"type": "Polygon", "coordinates": [[[127.02475882, 37.6366849], [127.02464527, 37.63657878], [127.024538, 37.6366507], [127.02456656, 37.63667566], [127.02455818, 37.6366825], [127.02463263, 37.63675223], [127.02464396, 37.63674474], [127.02465586, 37.636756], [127.02475882, 37.6366849]]]}, "properties": {"name": "번동 446-10", "status": "partial", "capacity": 3, "active": 2, "industry": "섬유·의복·신발 소매", "vacancy_rate": 33.3, "vacancy_rate_lo": 33.3, "vacancy_rate_hi": 33.3, "stores": 2, "source": "stores+ledger", "capacity_method": "floor_ouln", "active_pip": 0, "licensed": 0, "com_floors": [1, 2, 3], "occ_floors": [2, 3], "unknown_n": 0, "id": "1130510200104460010-1", "pnu": "1130510200104460010", "floors": 3, "height": 13.6}}, {"type": "Feature", "geometry": {"type": "Polygon", "coordinates": [[[127.02499529, 37.63675747], [127.02493002, 37.63669468], [127.02472137, 37.63684104], [127.02478586, 37.6369014], [127.02499529, 37.63675747]]]}, "properties": {"name": "글로리타워", "status": "partial", "capacity": 14, "active": 12, "industry": "의원", "vacancy_rate": 14.3, "vacancy_rate_lo": 14.3, "vacancy_rate_hi": 14.3, "stores": 12, "source": "stores+ledger", "capacity_method": "floor_ouln", "active_pip": 0, "licensed": 0, "com_floors": [1, 2, 3, 4, 5, 6, 7, 8, 9, 10, 11, 12, 13, 14], "occ_floors": [1, 2, 3, 4, 5, 6, 7, 8, 11, 12, 13, 14], "unknown_n": 0, "id": "1130510200104460012-2", "pnu": "1130510200104460012", "floors": 14, "height": 54.35}}, {"type": "Feature", "geometry": {"type": "Polygon", "coordinates": [[[127.02287681, 37.63653301], [127.02288335, 37.63644066], [127.02280552, 37.63643788], [127.02280169, 37.63652879], [127.02287681, 37.63653301]]]}, "properties": {"name": "좌측", "status": "partial", "capacity": 3, "active": 2, "industry": "안경·정밀기기 소매", "vacancy_rate": 33.3, "vacancy_rate_lo": 33.3, "vacancy_rate_hi": 33.3, "stores": 2, "source": "stores+ledger", "capacity_method": "floor_ouln", "active_pip": 0, "licensed": 0, "com_floors": [1, 2, 3], "occ_floors": [1, 3], "unknown_n": 0, "id": "1130510300100020007-3", "pnu": "1130510300100020007", "floors": 3, "height": 0.0}}, {"type": "Feature", "geometry": {"type": "Polygon", "coordinates": [[[127.0232508, 37.63727121], [127.02324855, 37.63732572], [127.02328334, 37.63732733], [127.02328774, 37.63727228], [127.0232508, 37.63727121]]]}, "properties": {"name": "수유동 230-3", "status": "partial", "capacity": 2, "active": 1, "industry": "섬유·의복·신발 소매", "vacancy_rate": 50.0, "vacancy_rate_lo": 50.0, "vacancy_rate_hi": 50.0, "stores": 1, "source": "stores+ledger", "capacity_method": "floor_ouln", "active_pip": 0, "licensed": 0, "com_floors": [1, 2], "occ_floors": [1], "unknown_n": 0, "id": "1130510300102300003-3", "pnu": "1130510300102300003", "floors": 0, "height": 0.0}}, {"type": "Feature", "geometry": {"type": "Polygon", "coordinates": [[[127.02277065, 37.63652511], [127.02277143, 37.6365097], [127.0227464, 37.63650844], [127.02274798, 37.63649213], [127.02268396, 37.63648845], [127.02268171, 37.63651728], [127.02277065, 37.63652511]]]}, "properties": {"name": "좌측", "status": "partial", "capacity": 3, "active": 2, "industry": "안경·정밀기기 소매", "vacancy_rate": 33.3, "vacancy_rate_lo": 33.3, "vacancy_rate_hi": 33.3, "stores": 2, "source": "stores+ledger", "capacity_method": "floor_ouln", "active_pip": 0, "licensed": 0, "com_floors": [1, 2, 3], "occ_floors": [1, 3], "unknown_n": 0, "id": "1130510300100020007-4", "pnu": "1130510300100020007", "floors": 0, "height": 0.0}}, {"type": "Feature", "geometry": {"type": "Polygon", "coordinates": [[[127.02433143, 37.63587644], [127.02440124, 37.63594301], [127.02447135, 37.63589597], [127.02439701, 37.63582967], [127.02433143, 37.63587644]]]}, "properties": {"name": "번동 446-7", "status": "partial", "capacity": 4, "active": 2, "industry": "종합 소매", "vacancy_rate": 50.0, "vacancy_rate_lo": 50.0, "vacancy_rate_hi": 75.0, "stores": 2, "source": "stores+ledger", "capacity_method": "floor_ouln", "active_pip": 0, "licensed": 0, "com_floors": [1, 2, 3, 4], "occ_floors": [1], "unknown_n": 1, "id": "1130510200104460007-1", "pnu": "1130510200104460007", "floors": 5, "height": 17.4}}, {"type": "Feature", "geometry": {"type": "Polygon", "coordinates": [[[127.02499981, 37.63663962], [127.02494256, 37.636579], [127.02481626, 37.636662], [127.02488108, 37.63671938], [127.02499981, 37.63663962]]]}, "properties": {"name": "번동 446-11", "status": "empty", "capacity": 2, "active": 0, "industry": "", "vacancy_rate": 100.0, "source": "polygon_only", "capacity_method": "floor_approx", "active_pip": 0, "licensed": 0, "id": "1130510200104460011-1", "pnu": "1130510200104460011", "floors": 2, "height": 0.0}}, {"type": "Feature", "geometry": {"type": "Polygon", "coordinates": [[[127.02500003, 37.63768116], [127.02492523, 37.63761342], [127.0248482, 37.63766578], [127.02492481, 37.63773289], [127.02490748, 37.63774425], [127.0249467, 37.63778199], [127.02500005, 37.6377445], [127.02503958, 37.63771683], [127.02500003, 37.63768116]]]}, "properties": {"name": "수유동 229-9", "status": "partial", "capacity": 4, "active": 3, "industry": "섬유·의복·신발 소매", "vacancy_rate": 25.0, "vacancy_rate_lo": 25.0, "vacancy_rate_hi": 25.0, "stores": 3, "source": "stores+ledger", "capacity_method": "floor_ouln", "active_pip": 0, "licensed": 0, "com_floors": [1, 2, 3, 4], "occ_floors": [1, 2, 3], "unknown_n": 0, "id": "1130510300102290009-1", "pnu": "1130510300102290009", "floors": 4, "height": 14.0}}, {"type": "Feature", "geometry": {"type": "Polygon", "coordinates": [[[127.02513569, 37.63645371], [127.02505477, 37.63637796], [127.02500006, 37.63641266], [127.02495622, 37.63644051], [127.02500008, 37.6364824], [127.02503771, 37.63651833], [127.02513569, 37.63645371]]]}, "properties": {"name": "번동 446-58", "status": "empty", "capacity": 6, "active": 0, "industry": "", "vacancy_rate": 100.0, "source": "polygon_only", "capacity_method": "floor_approx", "active_pip": 0, "licensed": 0, "id": "1130510200104460058-1", "pnu": "1130510200104460058", "floors": 6, "height": 16.8}}, {"type": "Feature", "geometry": {"type": "Polygon", "coordinates": [[[127.02500009, 37.63687559], [127.02499941, 37.63687487], [127.02486474, 37.63696634], [127.0248899, 37.63698904], [127.0250001, 37.63690838], [127.02501948, 37.63689414], [127.02500009, 37.63687559]]]}, "properties": {"name": "가든타워빌딩", "status": "full", "capacity": 48, "active": 48, "industry": "이용·미용", "vacancy_rate": 0.0, "vacancy_rate_lo": null, "vacancy_rate_hi": null, "stores": 48, "source": "stores+ledger", "capacity_method": "expos_units", "active_pip": 0, "licensed": 0, "com_floors": null, "occ_floors": null, "unknown_n": null, "id": "1130510200104460013-3", "pnu": "1130510200104460013", "floors": 0, "height": 0.0}}, {"type": "Feature", "geometry": {"type": "Polygon", "coordinates": [[[127.02479567, 37.63628633], [127.02479477, 37.63628695], [127.02493948, 37.63642921], [127.02501428, 37.63637808], [127.02493009, 37.63630019], [127.02505253, 37.6362165], [127.02497897, 37.63614845], [127.02498543, 37.63614475], [127.0249125, 37.63607699], [127.02481567, 37.63614317], [127.02489621, 37.63621715], [127.02479567, 37.63628633]]]}, "properties": {"name": "스카이캐슬", "status": "partial", "capacity": 2, "active": 1, "industry": "의원", "vacancy_rate": 50.0, "vacancy_rate_lo": null, "vacancy_rate_hi": null, "stores": 1, "source": "stores+ledger", "capacity_method": "expos_units", "active_pip": 0, "licensed": 0, "com_floors": null, "occ_floors": null, "unknown_n": null, "id": "1130510200104460059-1", "pnu": "1130510200104460059", "floors": 15, "height": 61.7}}, {"type": "Feature", "geometry": {"type": "Polygon", "coordinates": [[[127.02519733, 37.63785969], [127.02505601, 37.63773268], [127.02500006, 37.6377718], [127.02493492, 37.63781731], [127.02494546, 37.63782974], [127.02494128, 37.63784614], [127.02500009, 37.63789667], [127.0250596, 37.63794784], [127.02501429, 37.63797596], [127.0250645, 37.63802757], [127.02520155, 37.63793149], [127.0251714, 37.63790313], [127.02519496, 37.63788438], [127.02519733, 37.63785969]]]}, "properties": {"name": "정우빌딩", "status": "full", "capacity": 10, "active": 10, "industry": "의원", "vacancy_rate": 0.0, "vacancy_rate_lo": 0.0, "vacancy_rate_hi": 10.0, "stores": 13, "source": "stores+ledger", "capacity_method": "floor_ouln", "active_pip": 0, "licensed": 0, "com_floors": [1, 2, 3, 4, 5, 6, 7, 8, 9, 10], "occ_floors": [1, 3, 4, 5, 6, 7, 8, 9, 10], "unknown_n": 1, "id": "1130510300102290005-1", "pnu": "1130510300102290005", "floors": 10, "height": 0.0}}, {"type": "Feature", "geometry": {"type": "Polygon", "coordinates": [[[127.02426653, 37.63698701], [127.02407512, 37.63681433], [127.02396434, 37.63689174], [127.0241502, 37.63706821], [127.02426812, 37.63698845], [127.02426653, 37.63698701]]]}, "properties": {"name": "학성빌딩", "status": "full", "capacity": 3, "active": 3, "industry": "유원지·오락", "vacancy_rate": 0.0, "vacancy_rate_lo": 0.0, "vacancy_rate_hi": 33.3, "stores": 5, "source": "stores+ledger", "capacity_method": "floor_ouln", "active_pip": 0, "licensed": 0, "com_floors": [1, 2, 4], "occ_floors": [1, 4], "unknown_n": 1, "id": "1130510300102300011-1", "pnu": "1130510300102300011", "floors": 4, "height": 13.9}}, {"type": "Feature", "geometry": {"type": "Polygon", "coordinates": [[[127.02396534, 37.6361269], [127.02413353, 37.63628139], [127.02440254, 37.63609717], [127.02423606, 37.63594566], [127.02396534, 37.6361269]]]}, "properties": {"name": "삼성빌딩", "status": "full", "capacity": 2, "active": 2, "industry": "종합 소매", "vacancy_rate": 0.0, "vacancy_rate_lo": 0.0, "vacancy_rate_hi": 50.0, "stores": 2, "source": "stores+ledger", "capacity_method": "floor_ouln", "active_pip": 0, "licensed": 0, "com_floors": [1, 8], "occ_floors": [8], "unknown_n": 1, "id": "1130510200104460008-3", "pnu": "1130510200104460008", "floors": 14, "height": 58.9}}, {"type": "Feature", "geometry": {"type": "Polygon", "coordinates": [[[127.02311777, 37.63720024], [127.02310795, 37.63732088], [127.02321525, 37.63732644], [127.02322427, 37.6372004], [127.02311777, 37.63720024]]]}, "properties": {"name": "수유동 230-3", "status": "partial", "capacity": 2, "active": 1, "industry": "섬유·의복·신발 소매", "vacancy_rate": 50.0, "vacancy_rate_lo": 50.0, "vacancy_rate_hi": 50.0, "stores": 1, "source": "stores+ledger", "capacity_method": "floor_ouln", "active_pip": 0, "licensed": 0, "com_floors": [1, 2], "occ_floors": [1], "unknown_n": 0, "id": "1130510300102300003-4", "pnu": "1130510300102300003", "floors": 4, "height": 10.9}}, {"type": "Feature", "geometry": {"type": "Polygon", "coordinates": [[[127.02384406, 37.63693927], [127.02405212, 37.63680853], [127.02396733, 37.63672695], [127.02376644, 37.63686175], [127.02384406, 37.63693927]]]}, "properties": {"name": "덕산빌딩", "status": "partial", "capacity": 5, "active": 3, "industry": "의약·화장품 소매", "vacancy_rate": 40.0, "vacancy_rate_lo": 40.0, "vacancy_rate_hi": 40.0, "stores": 6, "source": "stores+ledger", "capacity_method": "floor_ouln", "active_pip": 0, "licensed": 0, "com_floors": [1, 2, 3, 4, 5], "occ_floors": [1, 2, 3], "unknown_n": 0, "id": "1130510300102300013-1", "pnu": "1130510300102300013", "floors": 5, "height": 15.7}}, {"type": "Feature", "geometry": {"type": "Polygon", "coordinates": [[[127.02440336, 37.63582372], [127.0245109, 37.63591857], [127.02466042, 37.63582168], [127.02457803, 37.63572989], [127.02454155, 37.63573008], [127.02440336, 37.63582372]]]}, "properties": {"name": "번동 446-6", "status": "full", "capacity": 1, "active": 1, "industry": "일반 숙박", "vacancy_rate": 0.0, "vacancy_rate_lo": 0.0, "vacancy_rate_hi": 100.0, "stores": 1, "source": "stores+ledger", "capacity_method": "floor_ouln", "active_pip": 0, "licensed": 0, "com_floors": [9], "occ_floors": [], "unknown_n": 1, "id": "1130510200104460006-1", "pnu": "1130510200104460006", "floors": 9, "height": 30.3}}, {"type": "Feature", "geometry": {"type": "Polygon", "coordinates": [[[127.02307811, 37.63756045], [127.02306117, 37.63771949], [127.02324098, 37.63773071], [127.02325452, 37.63757024], [127.02307811, 37.63756045]]]}, "properties": {"name": "광덕빌딩", "status": "full", "capacity": 4, "active": 4, "industry": "한식", "vacancy_rate": 0.0, "vacancy_rate_lo": 0.0, "vacancy_rate_hi": 25.0, "stores": 5, "source": "stores+ledger", "capacity_method": "floor_ouln", "active_pip": 0, "licensed": 0, "com_floors": [1, 2, 3, 4], "occ_floors": [2, 3, 4], "unknown_n": 1, "id": "1130510300102300001-1", "pnu": "1130510300102300001", "floors": 4, "height": 14.9}}, {"type": "Feature", "geometry": {"type": "Polygon", "coordinates": [[[127.02136322, 37.63589756], [127.02130037, 37.63603326], [127.0213849, 37.63606054], [127.02145261, 37.63592124], [127.02136322, 37.63589756]]]}, "properties": {"name": "수유동 7-10", "status": "full", "capacity": 1, "active": 1, "industry": "일반 숙박", "vacancy_rate": 0.0, "vacancy_rate_lo": 0.0, "vacancy_rate_hi": 0.0, "stores": 1, "source": "stores+ledger", "capacity_method": "floor_ouln", "active_pip": 0, "licensed": 0, "com_floors": [1], "occ_floors": [1], "unknown_n": 0, "id": "1130510300100070010-1", "pnu": "1130510300100070010", "floors": 3, "height": 0.0}}, {"type": "Feature", "geometry": {"type": "Polygon", "coordinates": [[[127.02257302, 37.63716674], [127.02257009, 37.63721242], [127.02261541, 37.63721601], [127.0226222, 37.63717024], [127.02257302, 37.63716674]]]}, "properties": {"name": "대형빌딩", "status": "partial", "capacity": 3, "active": 2, "industry": "한식", "vacancy_rate": 33.3, "vacancy_rate_lo": 33.3, "vacancy_rate_hi": 33.3, "stores": 3, "source": "stores+ledger", "capacity_method": "floor_ouln", "active_pip": 0, "licensed": 0, "com_floors": [1, 2, 3], "occ_floors": [1, 3], "unknown_n": 0, "id": "1130510300100020004-4", "pnu": "1130510300100020004", "floors": 0, "height": 0.0}}, {"type": "Feature", "geometry": {"type": "Polygon", "coordinates": [[[127.02210435, 37.63612267], [127.0221048, 37.63611005], [127.02204872, 37.63610988], [127.02204725, 37.63612314], [127.02210435, 37.63612267]]]}, "properties": {"name": "점포", "status": "full", "capacity": 2, "active": 2, "industry": "이용·미용", "vacancy_rate": 0.0, "vacancy_rate_lo": 0.0, "vacancy_rate_hi": 50.0, "stores": 2, "source": "stores+ledger", "capacity_method": "floor_ouln", "active_pip": 0, "licensed": 0, "com_floors": [1, 2], "occ_floors": [1], "unknown_n": 1, "id": "1130510300100070003-1", "pnu": "1130510300100070003", "floors": 0, "height": 0.0}}, {"type": "Feature", "geometry": {"type": "Polygon", "coordinates": [[[127.02217535, 37.63561928], [127.02217162, 37.63566928], [127.02221955, 37.63567414], [127.02221718, 37.63571027], [127.02229739, 37.63571593], [127.02231073, 37.63562835], [127.02217535, 37.63561928]]]}, "properties": {"name": "수유동 45-44", "status": "empty", "capacity": 2, "active": 0, "industry": "", "vacancy_rate": 100.0, "source": "polygon_only", "capacity_method": "floor_approx", "active_pip": 0, "licensed": 0, "id": "1130510300100450044-1", "pnu": "1130510300100450044", "floors": 2, "height": 7.6}}, {"type": "Feature", "geometry": {"type": "Polygon", "coordinates": [[[127.02208459, 37.6360108], [127.02210028, 37.63588057], [127.02200976, 37.63587398], [127.02200094, 37.63594843], [127.02188554, 37.63593991], [127.02187942, 37.63598479], [127.02188428, 37.63598946], [127.02189131, 37.63599016], [127.02189027, 37.63599895], [127.02192635, 37.63600166], [127.02192521, 37.63601153], [127.02199931, 37.63601708], [127.02200066, 37.63601085], [127.02204888, 37.63601446], [127.02205016, 37.63600822], [127.02208459, 37.6360108]]]}, "properties": {"name": "그린타워", "status": "full", "capacity": 3, "active": 3, "industry": "이용·미용", "vacancy_rate": 0.0, "vacancy_rate_lo": null, "vacancy_rate_hi": null, "stores": 3, "source": "stores+ledger", "capacity_method": "expos_units", "active_pip": 0, "licensed": 0, "com_floors": null, "occ_floors": null, "unknown_n": null, "id": "1130510300100450063-1", "pnu": "1130510300100450063", "floors": 13, "height": 39.6}}, {"type": "Feature", "geometry": {"type": "Polygon", "coordinates": [[[127.02261472, 37.63642062], [127.02261528, 37.63638638], [127.0226069, 37.63638593], [127.02260507, 37.63633539], [127.02248656, 37.63633343], [127.02245371, 37.63635533], [127.02245078, 37.63639353], [127.02244511, 37.63639416], [127.02244636, 37.63641452], [127.02261472, 37.63642062]]]}, "properties": {"name": "수유동 2-9", "status": "full", "capacity": 4, "active": 4, "industry": "주점", "vacancy_rate": 0.0, "vacancy_rate_lo": 0.0, "vacancy_rate_hi": 25.0, "stores": 5, "source": "stores+ledger", "capacity_method": "floor_ouln", "active_pip": 0, "licensed": 0, "com_floors": [1, 2, 3, 4], "occ_floors": [1, 2, 3], "unknown_n": 1, "id": "1130510300100020009-1", "pnu": "1130510300100020009", "floors": 5, "height": 14.85}}, {"type": "Feature", "geometry": {"type": "Polygon", "coordinates": [[[127.02204076, 37.63642578], [127.02205482, 37.63642568], [127.02205514, 37.63640487], [127.02204426, 37.63640226], [127.02204076, 37.63642578]]]}, "properties": {"name": "우측호", "status": "full", "capacity": 2, "active": 2, "industry": "주점", "vacancy_rate": 0.0, "vacancy_rate_lo": 0.0, "vacancy_rate_hi": 0.0, "stores": 5, "source": "stores+ledger", "capacity_method": "floor_ouln", "active_pip": 0, "licensed": 0, "com_floors": [1, 2], "occ_floors": [1, 2], "unknown_n": 0, "id": "1130510300100010061-2", "pnu": "1130510300100010061", "floors": 0, "height": 0.0}}, {"type": "Feature", "geometry": {"type": "Polygon", "coordinates": [[[127.02236344, 37.63644869], [127.02236818, 37.63638408], [127.02234924, 37.63635958], [127.0222756, 37.63635527], [127.02227246, 37.63644158], [127.02236344, 37.63644869]]]}, "properties": {"name": "수유동 1-60", "status": "full", "capacity": 2, "active": 2, "industry": "종합 소매", "vacancy_rate": 0.0, "vacancy_rate_lo": 0.0, "vacancy_rate_hi": 0.0, "stores": 4, "source": "stores+ledger", "capacity_method": "floor_ouln", "active_pip": 0, "licensed": 0, "com_floors": [1, 2], "occ_floors": [1, 2], "unknown_n": 0, "id": "1130510300100010060-1", "pnu": "1130510300100010060", "floors": 4, "height": 12.5}}, {"type": "Feature", "geometry": {"type": "Polygon", "coordinates": [[[127.0220385, 37.6364337], [127.0220472, 37.63634937], [127.02197888, 37.63634515], [127.02197922, 37.63634055], [127.02190727, 37.63633471], [127.02189461, 37.63642247], [127.0220385, 37.6364337]]]}, "properties": {"name": "좌측", "status": "full", "capacity": 1, "active": 1, "industry": "비알코올 ", "vacancy_rate": 0.0, "vacancy_rate_lo": 0.0, "vacancy_rate_hi": 0.0, "stores": 2, "source": "stores+ledger", "capacity_method": "floor_ouln", "active_pip": 0, "licensed": 0, "com_floors": [1], "occ_floors": [1], "unknown_n": 0, "id": "1130510300100010066-1", "pnu": "1130510300100010066", "floors": 3, "height": 7.9}}, {"type": "Feature", "geometry": {"type": "Polygon", "coordinates": [[[127.02202926, 37.63621729], [127.02213825, 37.63622051], [127.02213517, 37.63613248], [127.02204306, 37.63613206], [127.02203967, 37.63617179], [127.02203468, 37.63617224], [127.02202926, 37.63621729]]]}, "properties": {"name": "점포", "status": "full", "capacity": 2, "active": 2, "industry": "이용·미용", "vacancy_rate": 0.0, "vacancy_rate_lo": 0.0, "vacancy_rate_hi": 50.0, "stores": 2, "source": "stores+ledger", "capacity_method": "floor_ouln", "active_pip": 0, "licensed": 0, "com_floors": [1, 2], "occ_floors": [1], "unknown_n": 1, "id": "1130510300100070003-2", "pnu": "1130510300100070003", "floors": 4, "height": 0.0}}, {"type": "Feature", "geometry": {"type": "Polygon", "coordinates": [[[127.02186982, 37.63607956], [127.02176977, 37.63603885], [127.02169661, 37.63616599], [127.02180459, 37.63618562], [127.02186982, 37.63607956]]]}, "properties": {"name": "우측", "status": "partial", "capacity": 2, "active": 1, "industry": "섬유·의복·신발 소매", "vacancy_rate": 50.0, "vacancy_rate_lo": 50.0, "vacancy_rate_hi": 50.0, "stores": 3, "source": "stores+ledger", "capacity_method": "floor_ouln", "active_pip": 0, "licensed": 0, "com_floors": [1, 2], "occ_floors": [1], "unknown_n": 0, "id": "1130510300100070008-1", "pnu": "1130510300100070008", "floors": 3, "height": 0.0}}, {"type": "Feature", "geometry": {"type": "Polygon", "coordinates": [[[127.02020115, 37.63592525], [127.02016922, 37.63599634], [127.02031085, 37.63603695], [127.02034278, 37.63596541], [127.02020115, 37.63592525]]]}, "properties": {"name": "수유동 134-67", "status": "partial", "capacity": 2, "active": 1, "industry": "비알코올 ", "vacancy_rate": 50.0, "vacancy_rate_lo": 50.0, "vacancy_rate_hi": 50.0, "stores": 1, "source": "stores+ledger", "capacity_method": "floor_ouln", "active_pip": 0, "licensed": 0, "com_floors": [1, 2], "occ_floors": [1], "unknown_n": 0, "id": "1130510300101340067-2", "pnu": "1130510300101340067", "floors": 3, "height": 0.0}}, {"type": "Feature", "geometry": {"type": "Polygon", "coordinates": [[[127.02267909, 37.63648341], [127.02268133, 37.63643967], [127.02264384, 37.63643701], [127.02263729, 37.63651432], [127.0226774, 37.63651647], [127.02267909, 37.63648341]]]}, "properties": {"name": "좌측", "status": "partial", "capacity": 3, "active": 2, "industry": "안경·정밀기기 소매", "vacancy_rate": 33.3, "vacancy_rate_lo": 33.3, "vacancy_rate_hi": 33.3, "stores": 2, "source": "stores+ledger", "capacity_method": "floor_ouln", "active_pip": 0, "licensed": 0, "com_floors": [1, 2, 3], "occ_floors": [1, 3], "unknown_n": 0, "id": "1130510300100020007-5", "pnu": "1130510300100020007", "floors": 0, "height": 0.0}}, {"type": "Feature", "geometry": {"type": "Polygon", "coordinates": [[[127.02098256, 37.63596223], [127.02103329, 37.63583582], [127.02096236, 37.63581492], [127.02090246, 37.6359463], [127.02093758, 37.63595755], [127.02094098, 37.63595107], [127.02098256, 37.63596223]]]}, "properties": {"name": "수유동 7-18", "status": "partial", "capacity": 2, "active": 1, "industry": "자동차 수리·세차", "vacancy_rate": 50.0, "vacancy_rate_lo": 50.0, "vacancy_rate_hi": 100.0, "stores": 1, "source": "stores+ledger", "capacity_method": "floor_ouln", "active_pip": 0, "licensed": 0, "com_floors": [1, 2], "occ_floors": [], "unknown_n": 1, "id": "1130510300100070018-1", "pnu": "1130510300100070018", "floors": 3, "height": 10.3}}, {"type": "Feature", "geometry": {"type": "Polygon", "coordinates": [[[127.02179375, 37.63594343], [127.02179678, 37.63586531], [127.02172903, 37.63586065], [127.02172722, 37.63586912], [127.02168553, 37.63586813], [127.02168124, 37.63593634], [127.02179375, 37.63594343]]]}, "properties": {"name": "수유동 45-23", "status": "empty", "capacity": 5, "active": 0, "industry": "", "vacancy_rate": 100.0, "source": "polygon_only", "capacity_method": "floor_approx", "active_pip": 0, "licensed": 0, "id": "1130510300100450023-1", "pnu": "1130510300100450023", "floors": 5, "height": 11.3}}, {"type": "Feature", "geometry": {"type": "Polygon", "coordinates": [[[127.01982657, 37.63728115], [127.01994818, 37.63726332], [127.01991034, 37.63710029], [127.01978598, 37.6371067], [127.01982657, 37.63728115]]]}, "properties": {"name": "유니버설디자인하우스수유", "status": "partial", "capacity": 2, "active": 1, "industry": "비알코올 ", "vacancy_rate": 50.0, "vacancy_rate_lo": null, "vacancy_rate_hi": null, "stores": 1, "source": "stores+ledger", "capacity_method": "expos_units", "active_pip": 0, "licensed": 0, "com_floors": null, "occ_floors": null, "unknown_n": null, "id": "1130510300100080136-1", "pnu": "1130510300100080136", "floors": 5, "height": 19.05}}, {"type": "Feature", "geometry": {"type": "Polygon", "coordinates": [[[127.02044739, 37.63566112], [127.02045973, 37.63563535], [127.02039413, 37.63561572], [127.02038269, 37.63564203], [127.02044739, 37.63566112]]]}, "properties": {"name": "수유동외", "status": "full", "capacity": 1, "active": 1, "industry": "세탁", "vacancy_rate": 0.0, "vacancy_rate_lo": 0.0, "vacancy_rate_hi": 0.0, "stores": 2, "source": "stores+ledger", "capacity_method": "floor_ouln", "active_pip": 0, "licensed": 0, "com_floors": [1], "occ_floors": [1], "unknown_n": 0, "id": "1130510300100460020-1", "pnu": "1130510300100460020", "floors": 0, "height": 0.0}}, {"type": "Feature", "geometry": {"type": "Polygon", "coordinates": [[[127.02108285, 37.63483878], [127.0212469, 37.63485036], [127.02124725, 37.63487847], [127.02130594, 37.6348827], [127.02130899, 37.63484954], [127.02125166, 37.63484604], [127.02125527, 37.63479441], [127.02111739, 37.63478624], [127.02111863, 37.63474435], [127.02109076, 37.63474372], [127.02108285, 37.63483878]]]}, "properties": {"name": "수유동 47-10", "status": "full", "capacity": 1, "active": 1, "industry": "담배 소매", "vacancy_rate": 0.0, "vacancy_rate_lo": 0.0, "vacancy_rate_hi": 100.0, "stores": 1, "source": "stores+ledger", "capacity_method": "floor_ouln", "active_pip": 0, "licensed": 0, "com_floors": [1], "occ_floors": [], "unknown_n": 1, "id": "1130510300100470010-1", "pnu": "1130510300100470010", "floors": 0, "height": 0.0}}, {"type": "Feature", "geometry": {"type": "Polygon", "coordinates": [[[127.01995592, 37.63397421], [127.02005527, 37.63394445], [127.02007621, 37.63391535], [127.0200303, 37.63381471], [127.01994149, 37.63384644], [127.01996053, 37.63389221], [127.01991919, 37.63391042], [127.01995592, 37.63397421]]]}, "properties": {"name": "수유동 49-11", "status": "empty", "capacity": 3, "active": 0, "industry": "", "vacancy_rate": 100.0, "source": "polygon_only", "capacity_method": "floor_approx", "active_pip": 0, "licensed": 0, "id": "1130510300100490011-1", "pnu": "1130510300100490011", "floors": 3, "height": 0.0}}, {"type": "Feature", "geometry": {"type": "Polygon", "coordinates": [[[127.02012003, 37.63383731], [127.02014724, 37.63389209], [127.0201852, 37.63390389], [127.02026722, 37.63387585], [127.02023332, 37.63381558], [127.02020726, 37.6338237], [127.02019605, 37.63381027], [127.02012003, 37.63383731]]]}, "properties": {"name": "수유동 49-78", "status": "full", "capacity": 1, "active": 1, "industry": "식료품 소매", "vacancy_rate": 0.0, "vacancy_rate_lo": 0.0, "vacancy_rate_hi": 0.0, "stores": 1, "source": "stores+ledger", "capacity_method": "floor_ouln", "active_pip": 0, "licensed": 0, "com_floors": [1], "occ_floors": [1], "unknown_n": 0, "id": "1130510300100490078-1", "pnu": "1130510300100490078", "floors": 3, "height": 0.0}}, {"type": "Feature", "geometry": {"type": "Polygon", "coordinates": [[[127.02083799, 37.63512974], [127.02083775, 37.63506974], [127.0207777, 37.63506903], [127.02072004, 37.63509354], [127.02071926, 37.63514769], [127.02076526, 37.63515039], [127.02076582, 37.63514417], [127.0207895, 37.63514399], [127.02079154, 37.63513083], [127.02083799, 37.63512974]]]}, "properties": {"name": "수유동 46-54", "status": "empty", "capacity": 3, "active": 0, "industry": "", "vacancy_rate": 100.0, "source": "polygon_only", "capacity_method": "floor_approx", "active_pip": 0, "licensed": 0, "id": "1130510300100460054-1", "pnu": "1130510300100460054", "floors": 3, "height": 8.3}}, {"type": "Feature", "geometry": {"type": "Polygon", "coordinates": [[[127.02121661, 37.63427942], [127.02123485, 37.63429392], [127.0212643, 37.63426833], [127.02128028, 37.6342804], [127.02131063, 37.63425823], [127.02127369, 37.63423148], [127.02121661, 37.63427942]]]}, "properties": {"name": "우측호", "status": "full", "capacity": 2, "active": 2, "industry": "한식", "vacancy_rate": 0.0, "vacancy_rate_lo": 0.0, "vacancy_rate_hi": 0.0, "stores": 6, "source": "stores+ledger", "capacity_method": "floor_ouln", "active_pip": 0, "licensed": 0, "com_floors": [1, 2], "occ_floors": [1, 2], "unknown_n": 0, "id": "1130510300100480053-2", "pnu": "1130510300100480053", "floors": 0, "height": 0.0}}, {"type": "Feature", "geometry": {"type": "Polygon", "coordinates": [[[127.02120064, 37.63394317], [127.02113912, 37.63389877], [127.0211168, 37.63391859], [127.02112802, 37.63392517], [127.02112191, 37.63393688], [127.02114106, 37.63395283], [127.02115216, 37.63394553], [127.02117867, 37.63396048], [127.02120064, 37.63394317]]]}, "properties": {"name": "수유동 50-16", "status": "partial", "capacity": 2, "active": 1, "industry": "한식", "vacancy_rate": 50.0, "vacancy_rate_lo": 50.0, "vacancy_rate_hi": 100.0, "stores": 1, "source": "stores+ledger", "capacity_method": "floor_ouln", "active_pip": 0, "licensed": 0, "com_floors": [1, 2], "occ_floors": [], "unknown_n": 1, "id": "1130510300100500016-2", "pnu": "1130510300100500016", "floors": 0, "height": 0.0}}, {"type": "Feature", "geometry": {"type": "Polygon", "coordinates": [[[127.02095387, 37.63423243], [127.02088373, 37.63417649], [127.02072107, 37.63430573], [127.02072119, 37.63432158], [127.02072822, 37.6343378], [127.02073978, 37.6343496], [127.02075961, 37.63435789], [127.02077592, 37.63435933], [127.02080243, 37.63435383], [127.02095387, 37.63423243]]]}, "properties": {"name": "향주빌딩", "status": "full", "capacity": 4, "active": 4, "industry": "비알코올 ", "vacancy_rate": 0.0, "vacancy_rate_lo": 0.0, "vacancy_rate_hi": 0.0, "stores": 5, "source": "stores+ledger", "capacity_method": "floor_ouln", "active_pip": 0, "licensed": 0, "com_floors": [1, 2, 3, 4], "occ_floors": [1, 2, 3, 4], "unknown_n": 0, "id": "1130510300100480073-1", "pnu": "1130510300100480073", "floors": 6, "height": 20.4}}, {"type": "Feature", "geometry": {"type": "Polygon", "coordinates": [[[127.02050144, 37.63433234], [127.02050564, 37.63427693], [127.02024534, 37.63425961], [127.02024037, 37.63431319], [127.02050144, 37.63433234]]]}, "properties": {"name": "수유동 48-70", "status": "empty", "capacity": 2, "active": 0, "industry": "", "vacancy_rate": 100.0, "source": "polygon_only", "capacity_method": "floor_approx", "active_pip": 0, "licensed": 0, "id": "1130510300100480070-1", "pnu": "1130510300100480070", "floors": 2, "height": 6.6}}, {"type": "Feature", "geometry": {"type": "Polygon", "coordinates": [[[127.0198562, 37.63432524], [127.01998977, 37.63433441], [127.0200065, 37.63419764], [127.01987814, 37.63418703], [127.01987181, 37.63423974], [127.01986411, 37.63423956], [127.0198562, 37.63432524]]]}, "properties": {"name": "수유동 48-48", "status": "empty", "capacity": 3, "active": 0, "industry": "", "vacancy_rate": 100.0, "source": "polygon_only", "capacity_method": "floor_approx", "active_pip": 0, "licensed": 0, "id": "1130510300100480048-1", "pnu": "1130510300100480048", "floors": 3, "height": 10.3}}, {"type": "Feature", "geometry": {"type": "Polygon", "coordinates": [[[127.02062477, 37.63388814], [127.0207001, 37.63384388], [127.02068367, 37.63382658], [127.02059304, 37.63383912], [127.02059066, 37.63384867], [127.02062477, 37.63388814]]]}, "properties": {"name": "수유동 48-58", "status": "full", "capacity": 1, "active": 1, "industry": "한식", "vacancy_rate": 0.0, "vacancy_rate_lo": 0.0, "vacancy_rate_hi": 0.0, "stores": 1, "source": "stores+ledger", "capacity_method": "floor_ouln", "active_pip": 0, "licensed": 0, "com_floors": [1], "occ_floors": [1], "unknown_n": 0, "id": "1130510300100480058-1", "pnu": "1130510300100480058", "floors": 2, "height": 7.2}}, {"type": "Feature", "geometry": {"type": "Polygon", "coordinates": [[[127.01998701, 37.63503655], [127.02012214, 37.63493354], [127.02000633, 37.63484337], [127.01997574, 37.63483914], [127.019966, 37.63484662], [127.0199336, 37.63482933], [127.01983981, 37.63491332], [127.01998701, 37.63503655]]]}, "properties": {"name": "삼보빌딩", "status": "full", "capacity": 1, "active": 1, "industry": "자동차 수리·세차", "vacancy_rate": 0.0, "vacancy_rate_lo": 0.0, "vacancy_rate_hi": 0.0, "stores": 1, "source": "stores+ledger", "capacity_method": "floor_ouln", "active_pip": 0, "licensed": 0, "com_floors": [1], "occ_floors": [1], "unknown_n": 0, "id": "1130510300100470051-1", "pnu": "1130510300100470051", "floors": 3, "height": 0.0}}, {"type": "Feature", "geometry": {"type": "Polygon", "coordinates": [[[127.0201168, 37.63567127], [127.02015929, 37.6356828], [127.02015657, 37.6356901], [127.02020483, 37.63570433], [127.02025375, 37.63560466], [127.02015529, 37.63557775], [127.0201168, 37.63567127]]]}, "properties": {"name": "좌측", "status": "full", "capacity": 1, "active": 1, "industry": "섬유·의복·신발 소매", "vacancy_rate": 0.0, "vacancy_rate_lo": 0.0, "vacancy_rate_hi": 0.0, "stores": 2, "source": "stores+ledger", "capacity_method": "floor_ouln", "active_pip": 0, "licensed": 0, "com_floors": [1], "occ_floors": [1], "unknown_n": 0, "id": "1130510300100460036-1", "pnu": "1130510300100460036", "floors": 3, "height": 9.8}}, {"type": "Feature", "geometry": {"type": "Polygon", "coordinates": [[[127.02057585, 37.6343717], [127.02070648, 37.63438006], [127.02071132, 37.63426717], [127.02067801, 37.63426627], [127.02067687, 37.6342587], [127.02058544, 37.63425376], [127.02057585, 37.6343717]]]}, "properties": {"name": "수유동 48-78", "status": "full", "capacity": 1, "active": 1, "industry": "중식", "vacancy_rate": 0.0, "vacancy_rate_lo": 0.0, "vacancy_rate_hi": 0.0, "stores": 1, "source": "stores+ledger", "capacity_method": "floor_ouln", "active_pip": 0, "licensed": 0, "com_floors": [1], "occ_floors": [1], "unknown_n": 0, "id": "1130510300100480078-1", "pnu": "1130510300100480078", "floors": 3, "height": 10.6}}, {"type": "Feature", "geometry": {"type": "Polygon", "coordinates": [[[127.02021164, 37.63571721], [127.02030103, 37.63574116], [127.02034847, 37.63563231], [127.02026032, 37.63560736], [127.02021164, 37.63571721]]]}, "properties": {"name": "현정빌딩", "status": "partial", "capacity": 4, "active": 2, "industry": "기타 보건", "vacancy_rate": 50.0, "vacancy_rate_lo": 50.0, "vacancy_rate_hi": 50.0, "stores": 2, "source": "stores+ledger", "capacity_method": "floor_ouln", "active_pip": 0, "licensed": 0, "com_floors": [1, 2, 3, 4], "occ_floors": [2, 3], "unknown_n": 0, "id": "1130510300100460021-1", "pnu": "1130510300100460021", "floors": 5, "height": 15.85}}, {"type": "Feature", "geometry": {"type": "Polygon", "coordinates": [[[127.02126974, 37.63467953], [127.0212554, 37.63484378], [127.02140608, 37.63485466], [127.02142575, 37.63469059], [127.02126974, 37.63467953]]]}, "properties": {"name": "수유동 47-23", "status": "empty", "capacity": 5, "active": 0, "industry": "", "vacancy_rate": 100.0, "source": "polygon_only", "capacity_method": "floor_approx", "active_pip": 0, "licensed": 0, "id": "1130510300100470023-1", "pnu": "1130510300100470023", "floors": 5, "height": 0.0}}, {"type": "Feature", "geometry": {"type": "Polygon", "coordinates": [[[127.02102199, 37.63397645], [127.02112977, 37.6340586], [127.02119104, 37.63405463], [127.02124735, 37.63400317], [127.02118649, 37.63395759], [127.0211781, 37.63396273], [127.02115329, 37.63394742], [127.02111795, 37.63397481], [127.02106594, 37.63393923], [127.02102199, 37.63397645]]]}, "properties": {"name": "수유동 50-16", "status": "partial", "capacity": 2, "active": 1, "industry": "한식", "vacancy_rate": 50.0, "vacancy_rate_lo": 50.0, "vacancy_rate_hi": 100.0, "stores": 1, "source": "stores+ledger", "capacity_method": "floor_ouln", "active_pip": 0, "licensed": 0, "com_floors": [1, 2], "occ_floors": [], "unknown_n": 1, "id": "1130510300100500016-3", "pnu": "1130510300100500016", "floors": 3, "height": 0.0}}, {"type": "Feature", "geometry": {"type": "Polygon", "coordinates": [[[127.02131711, 37.63395558], [127.02145586, 37.6338487], [127.02140124, 37.63378798], [127.02125173, 37.63390596], [127.02131711, 37.63395558]]]}, "properties": {"name": "수유동 50-15", "status": "partial", "capacity": 2, "active": 1, "industry": "한식", "vacancy_rate": 50.0, "vacancy_rate_lo": 50.0, "vacancy_rate_hi": 50.0, "stores": 1, "source": "stores+ledger", "capacity_method": "floor_ouln", "active_pip": 0, "licensed": 0, "com_floors": [1, 2], "occ_floors": [1], "unknown_n": 0, "id": "1130510300100500015-1", "pnu": "1130510300100500015", "floors": 2, "height": 0.0}}, {"type": "Feature", "geometry": {"type": "Polygon", "coordinates": [[[127.02126383, 37.63420274], [127.02133748, 37.63425958], [127.02139989, 37.63420758], [127.02132748, 37.63415155], [127.02126383, 37.63420274]]]}, "properties": {"name": "수유동 48-62", "status": "empty", "capacity": 2, "active": 0, "industry": "", "vacancy_rate": 100.0, "source": "polygon_only", "capacity_method": "floor_approx", "active_pip": 0, "licensed": 0, "id": "1130510300100480062-1", "pnu": "1130510300100480062", "floors": 2, "height": 0.0}}, {"type": "Feature", "geometry": {"type": "Polygon", "coordinates": [[[127.02054369, 37.63569192], [127.02038416, 37.63564599], [127.02033242, 37.63576089], [127.02045433, 37.63579943], [127.02045286, 37.63580275], [127.02049218, 37.63581446], [127.02054369, 37.63569192]]]}, "properties": {"name": "수유동외", "status": "full", "capacity": 1, "active": 1, "industry": "세탁", "vacancy_rate": 0.0, "vacancy_rate_lo": 0.0, "vacancy_rate_hi": 0.0, "stores": 2, "source": "stores+ledger", "capacity_method": "floor_ouln", "active_pip": 0, "licensed": 0, "com_floors": [1], "occ_floors": [1], "unknown_n": 0, "id": "1130510300100460020-2", "pnu": "1130510300100460020", "floors": 4, "height": 13.1}}, {"type": "Feature", "geometry": {"type": "Polygon", "coordinates": [[[127.02070505, 37.63489487], [127.02077272, 37.63490105], [127.02078457, 37.63481897], [127.02071691, 37.63481279], [127.02070505, 37.63489487]]]}, "properties": {"name": "수유동 47-38", "status": "empty", "capacity": 7, "active": 0, "industry": "", "vacancy_rate": 100.0, "source": "polygon_only", "capacity_method": "floor_approx", "active_pip": 0, "licensed": 0, "id": "1130510300100470038-1", "pnu": "1130510300100470038", "floors": 7, "height": 21.0}}, {"type": "Feature", "geometry": {"type": "Polygon", "coordinates": [[[127.02127345, 37.63386751], [127.0211206, 37.63375043], [127.02103973, 37.6338172], [127.02119258, 37.63393428], [127.02127345, 37.63386751]]]}, "properties": {"name": "수유동 50-54", "status": "empty", "capacity": 9, "active": 0, "industry": "", "vacancy_rate": 100.0, "source": "polygon_only", "capacity_method": "floor_approx", "active_pip": 0, "licensed": 0, "id": "1130510300100500054-1", "pnu": "1130510300100500054", "floors": 9, "height": 28.4}}, {"type": "Feature", "geometry": {"type": "Polygon", "coordinates": [[[127.02082547, 37.63497545], [127.02096985, 37.63498629], [127.02096873, 37.63499571], [127.02102513, 37.63499994], [127.02102571, 37.63499501], [127.02113963, 37.63500356], [127.02115848, 37.6348448], [127.02084379, 37.63482117], [127.02082547, 37.63497545]]]}, "properties": {"name": "수유동 47-13", "status": "high", "capacity": 10, "active": 1, "industry": "", "vacancy_rate": 90.0, "source": "pip_only", "capacity_method": "floor_approx", "active_pip": 1, "licensed": 0, "id": "1130510300100470013-1", "pnu": "1130510300100470013", "floors": 10, "height": 31.0}}, {"type": "Feature", "geometry": {"type": "Polygon", "coordinates": [[[127.02097551, 37.63568521], [127.02101951, 37.63568842], [127.02101816, 37.63570009], [127.02106781, 37.6357037], [127.02107949, 37.63560232], [127.02101632, 37.63559771], [127.02101767, 37.63558605], [127.0209872, 37.63558382], [127.02097551, 37.63568521]]]}, "properties": {"name": "수유동 46-7", "status": "empty", "capacity": 8, "active": 0, "industry": "", "vacancy_rate": 100.0, "source": "polygon_only", "capacity_method": "floor_approx", "active_pip": 0, "licensed": 0, "id": "1130510300100460007-1", "pnu": "1130510300100460007", "floors": 8, "height": 27.3}}, {"type": "Feature", "geometry": {"type": "Polygon", "coordinates": [[[127.02042993, 37.635548], [127.02056803, 37.63555894], [127.02057888, 37.63549054], [127.02043718, 37.63547918], [127.02042993, 37.635548]]]}, "properties": {"name": "리치타운", "status": "full", "capacity": 1, "active": 1, "industry": "이용·미용", "vacancy_rate": 0.0, "vacancy_rate_lo": 0.0, "vacancy_rate_hi": 0.0, "stores": 1, "source": "stores+ledger", "capacity_method": "floor_ouln", "active_pip": 0, "licensed": 0, "com_floors": [1], "occ_floors": [1], "unknown_n": 0, "id": "1130510300100460065-1", "pnu": "1130510300100460065", "floors": 6, "height": 18.4}}, {"type": "Feature", "geometry": {"type": "Polygon", "coordinates": [[[127.02121596, 37.6344079], [127.02130422, 37.63441383], [127.02131371, 37.63431715], [127.02124618, 37.63431572], [127.02122772, 37.63432654], [127.02121596, 37.6344079]]]}, "properties": {"name": "수유동 48-21", "status": "empty", "capacity": 3, "active": 0, "industry": "", "vacancy_rate": 100.0, "source": "polygon_only", "capacity_method": "floor_approx", "active_pip": 0, "licensed": 0, "id": "1130510300100480021-1", "pnu": "1130510300100480021", "floors": 3, "height": 12.05}}, {"type": "Feature", "geometry": {"type": "Polygon", "coordinates": [[[127.02119366, 37.63485858], [127.02118949, 37.63493498], [127.02130187, 37.63494324], [127.02130469, 37.6348854], [127.02124442, 37.63488118], [127.02124362, 37.63486], [127.02119366, 37.63485858]]]}, "properties": {"name": "수유동 47-25", "status": "empty", "capacity": 2, "active": 0, "industry": "", "vacancy_rate": 100.0, "source": "polygon_only", "capacity_method": "floor_approx", "active_pip": 0, "licensed": 0, "id": "1130510300100470025-1", "pnu": "1130510300100470025", "floors": 2, "height": 8.5}}, {"type": "Feature", "geometry": {"type": "Polygon", "coordinates": [[[127.02422729, 37.6344293], [127.02422154, 37.63451715], [127.02425112, 37.63451796], [127.02424954, 37.63454264], [127.02433202, 37.63454551], [127.02434003, 37.63443415], [127.02422729, 37.6344293]]]}, "properties": {"name": "미아동 159-10", "status": "partial", "capacity": 2, "active": 1, "industry": "일식", "vacancy_rate": 50.0, "vacancy_rate_lo": 50.0, "vacancy_rate_hi": 50.0, "stores": 2, "source": "stores+ledger", "capacity_method": "floor_ouln", "active_pip": 0, "licensed": 0, "com_floors": [1, 2], "occ_floors": [1], "unknown_n": 0, "id": "1130510100101590010-2", "pnu": "1130510100101590010", "floors": 2, "height": 4.5}}, {"type": "Feature", "geometry": {"type": "Polygon", "coordinates": [[[127.02479095, 37.63516682], [127.02476239, 37.63514043], [127.02471266, 37.63517486], [127.02473771, 37.63520161], [127.02479095, 37.63516682]]]}, "properties": {"name": "번동 448-9", "status": "full", "capacity": 3, "active": 3, "industry": "주점", "vacancy_rate": 0.0, "vacancy_rate_lo": 0.0, "vacancy_rate_hi": 0.0, "stores": 3, "source": "stores+ledger", "capacity_method": "floor_ouln", "active_pip": 0, "licensed": 0, "com_floors": [1, 2, 3], "occ_floors": [1, 2, 3], "unknown_n": 0, "id": "1130510200104480009-2", "pnu": "1130510200104480009", "floors": 0, "height": 0.0}}, {"type": "Feature", "geometry": {"type": "Polygon", "coordinates": [[[127.02430344, 37.63410808], [127.02429915, 37.63415286], [127.0243132, 37.6341534], [127.02431669, 37.6341088], [127.02430344, 37.63410808]]]}, "properties": {"name": "좌측점포", "status": "full", "capacity": 1, "active": 1, "industry": "세탁", "vacancy_rate": 0.0, "vacancy_rate_lo": 0.0, "vacancy_rate_hi": 0.0, "stores": 2, "source": "stores+ledger", "capacity_method": "floor_ouln", "active_pip": 0, "licensed": 0, "com_floors": [1], "occ_floors": [1], "unknown_n": 0, "id": "1130510100101590048-2", "pnu": "1130510100101590048", "floors": 0, "height": 0.0}}, {"type": "Feature", "geometry": {"type": "Polygon", "coordinates": [[[127.02481182, 37.63556992], [127.02488523, 37.63558279], [127.0249874, 37.63551384], [127.02492587, 37.63545592], [127.0247998, 37.63554271], [127.02481182, 37.63556992]]]}, "properties": {"name": "번동 443-106", "status": "full", "capacity": 2, "active": 2, "industry": "이용·미용", "vacancy_rate": 0.0, "vacancy_rate_lo": 0.0, "vacancy_rate_hi": 0.0, "stores": 2, "source": "stores+ledger", "capacity_method": "floor_ouln", "active_pip": 0, "licensed": 0, "com_floors": [1, 2], "occ_floors": [1, 2], "unknown_n": 0, "id": "1130510200104430106-3", "pnu": "1130510200104430106", "floors": 5, "height": 0.0}}, {"type": "Feature", "geometry": {"type": "Polygon", "coordinates": [[[127.02514257, 37.63467445], [127.02526107, 37.63468344], [127.0252735, 37.63457324], [127.02515475, 37.63456435], [127.02514257, 37.63467445]]]}, "properties": {"name": "뉴그린오피스텔", "status": "full", "capacity": 2, "active": 2, "industry": "주점", "vacancy_rate": 0.0, "vacancy_rate_lo": 0.0, "vacancy_rate_hi": 0.0, "stores": 2, "source": "stores+ledger", "capacity_method": "floor_ouln", "active_pip": 0, "licensed": 0, "com_floors": [1, 2], "occ_floors": [1, 2], "unknown_n": 0, "id": "1130510100101590001-1", "pnu": "1130510100101590001", "floors": 6, "height": 20.2}}, {"type": "Feature", "geometry": {"type": "Polygon", "coordinates": [[[127.02502641, 37.63460384], [127.02502145, 37.63466772], [127.02513905, 37.63467598], [127.02514559, 37.6346158], [127.02502641, 37.63460384]]]}, "properties": {"name": "뉴그린오피스텔", "status": "full", "capacity": 2, "active": 2, "industry": "주점", "vacancy_rate": 0.0, "vacancy_rate_lo": 0.0, "vacancy_rate_hi": 0.0, "stores": 2, "source": "stores+ledger", "capacity_method": "floor_ouln", "active_pip": 0, "licensed": 0, "com_floors": [1, 2], "occ_floors": [1, 2], "unknown_n": 0, "id": "1130510100101590001-2", "pnu": "1130510100101590001", "floors": 0, "height": 0.0}}, {"type": "Feature", "geometry": {"type": "Polygon", "coordinates": [[[127.02520021, 37.63528143], [127.02528282, 37.6353552], [127.02537298, 37.63529049], [127.02529445, 37.63521834], [127.02520021, 37.63528143]]]}, "properties": {"name": "번동 443-109", "status": "full", "capacity": 2, "active": 2, "industry": "한식", "vacancy_rate": 0.0, "vacancy_rate_lo": 0.0, "vacancy_rate_hi": 0.0, "stores": 1, "source": "stores+ledger", "capacity_method": "floor_ouln", "active_pip": 0, "licensed": 0, "com_floors": [1, 3], "occ_floors": [1, 3], "unknown_n": 0, "id": "1130510200104430109-1", "pnu": "1130510200104430109", "floors": 4, "height": 0.0}}, {"type": "Feature", "geometry": {"type": "Polygon", "coordinates": [[[127.02529796, 37.6352123], [127.02537004, 37.63527986], [127.02544649, 37.63522327], [127.02537803, 37.63515868], [127.02529796, 37.6352123]]]}, "properties": {"name": "청도빌딩", "status": "full", "capacity": 3, "active": 3, "industry": "유원지·오락", "vacancy_rate": 0.0, "vacancy_rate_lo": 0.0, "vacancy_rate_hi": 0.0, "stores": 4, "source": "stores+ledger", "capacity_method": "floor_ouln", "active_pip": 0, "licensed": 0, "com_floors": [1, 2, 3], "occ_floors": [1, 2, 3], "unknown_n": 0, "id": "1130510200104430098-1", "pnu": "1130510200104430098", "floors": 4, "height": 13.2}}, {"type": "Feature", "geometry": {"type": "Polygon", "coordinates": [[[127.02515463, 37.63452983], [127.02510048, 37.63452697], [127.02509901, 37.6345467], [127.02505584, 37.63454428], [127.02504918, 37.63460302], [127.02514684, 37.63461093], [127.02515463, 37.63452983]]]}, "properties": {"name": "미아동 159-18", "status": "empty", "capacity": 3, "active": 0, "industry": "", "vacancy_rate": 100.0, "source": "polygon_only", "capacity_method": "floor_approx", "active_pip": 0, "licensed": 0, "id": "1130510100101590018-1", "pnu": "1130510100101590018", "floors": 3, "height": 8.55}}, {"type": "Feature", "geometry": {"type": "Polygon", "coordinates": [[[127.02484592, 37.63449859], [127.02484936, 37.63447175], [127.02478061, 37.63446642], [127.02477916, 37.63449298], [127.02484592, 37.63449859]]]}, "properties": {"name": "미아동 159-5", "status": "high", "capacity": 3, "active": 1, "industry": "일식", "vacancy_rate": 66.7, "vacancy_rate_lo": 66.7, "vacancy_rate_hi": 66.7, "stores": 1, "source": "stores+ledger", "capacity_method": "floor_ouln", "active_pip": 0, "licensed": 0, "com_floors": [1, 2, 3], "occ_floors": [1], "unknown_n": 0, "id": "1130510100101590005-1", "pnu": "1130510100101590005", "floors": 0, "height": 0.0}}, {"type": "Feature", "geometry": {"type": "Polygon", "coordinates": [[[127.02492439, 37.63463449], [127.02492175, 37.63467769], [127.02498676, 37.63468182], [127.02499095, 37.63463824], [127.02492439, 37.63463449]]]}, "properties": {"name": "미아동 159-21", "status": "full", "capacity": 1, "active": 1, "industry": "한식", "vacancy_rate": 0.0, "vacancy_rate_lo": 0.0, "vacancy_rate_hi": 0.0, "stores": 1, "source": "stores+ledger", "capacity_method": "floor_ouln", "active_pip": 0, "licensed": 0, "com_floors": [1], "occ_floors": [1], "unknown_n": 0, "id": "1130510100101590021-1", "pnu": "1130510100101590021", "floors": 1, "height": 3.3}}, {"type": "Feature", "geometry": {"type": "Polygon", "coordinates": [[[127.02471879, 37.63450434], [127.0247058, 37.63464363], [127.02481819, 37.63465163], [127.02483616, 37.63451441], [127.02471879, 37.63450434]]]}, "properties": {"name": "미아동 159-5", "status": "high", "capacity": 3, "active": 1, "industry": "일식", "vacancy_rate": 66.7, "vacancy_rate_lo": 66.7, "vacancy_rate_hi": 66.7, "stores": 1, "source": "stores+ledger", "capacity_method": "floor_ouln", "active_pip": 0, "licensed": 0, "com_floors": [1, 2, 3], "occ_floors": [1], "unknown_n": 0, "id": "1130510100101590005-2", "pnu": "1130510100101590005", "floors": 3, "height": 0.0}}, {"type": "Feature", "geometry": {"type": "Polygon", "coordinates": [[[127.02415789, 37.63454428], [127.02415191, 37.6346096], [127.02432173, 37.63462011], [127.02432783, 37.63455434], [127.02415789, 37.63454428]]]}, "properties": {"name": "미아동 159-10", "status": "partial", "capacity": 2, "active": 1, "industry": "일식", "vacancy_rate": 50.0, "vacancy_rate_lo": 50.0, "vacancy_rate_hi": 50.0, "stores": 2, "source": "stores+ledger", "capacity_method": "floor_ouln", "active_pip": 0, "licensed": 0, "com_floors": [1, 2], "occ_floors": [1], "unknown_n": 0, "id": "1130510100101590010-3", "pnu": "1130510100101590010", "floors": 1, "height": 3.7}}, {"type": "Feature", "geometry": {"type": "Polygon", "coordinates": [[[127.02482658, 37.63467587], [127.02490056, 37.63468081], [127.02490926, 37.63459882], [127.0248704, 37.63459702], [127.02486701, 37.63462576], [127.024832, 37.63462397], [127.02482658, 37.63467587]]]}, "properties": {"name": "미아동 159-11", "status": "full", "capacity": 1, "active": 1, "industry": "한식", "vacancy_rate": 0.0, "vacancy_rate_lo": 0.0, "vacancy_rate_hi": 100.0, "stores": 1, "source": "stores+ledger", "capacity_method": "floor_ouln", "active_pip": 0, "licensed": 0, "com_floors": [1], "occ_floors": [], "unknown_n": 1, "id": "1130510100101590011-1", "pnu": "1130510100101590011", "floors": 2, "height": 0.0}}, {"type": "Feature", "geometry": {"type": "Polygon", "coordinates": [[[127.02424574, 37.63400926], [127.0243647, 37.63401599], [127.02437554, 37.63389679], [127.02425476, 37.6338887], [127.02424574, 37.63400926]]]}, "properties": {"name": "금강빌딩", "status": "partial", "capacity": 3, "active": 2, "industry": "유원지·오락", "vacancy_rate": 33.3, "vacancy_rate_lo": null, "vacancy_rate_hi": null, "stores": 2, "source": "stores+ledger", "capacity_method": "expos_units", "active_pip": 0, "licensed": 0, "com_floors": null, "occ_floors": null, "unknown_n": null, "id": "1130510100101590050-1", "pnu": "1130510100101590050", "floors": 5, "height": 16.5}}, {"type": "Feature", "geometry": {"type": "Polygon", "coordinates": [[[127.0244423, 37.63538817], [127.02447439, 37.63546295], [127.0245214, 37.63547186], [127.02461645, 37.63540652], [127.02459081, 37.63535165], [127.0244423, 37.63538817]]]}, "properties": {"name": "번동 448-1", "status": "partial", "capacity": 5, "active": 3, "industry": "이용·미용", "vacancy_rate": 40.0, "vacancy_rate_lo": 40.0, "vacancy_rate_hi": 60.0, "stores": 4, "source": "stores+ledger", "capacity_method": "floor_ouln", "active_pip": 0, "licensed": 0, "com_floors": [1, 2, 3, 4, 5], "occ_floors": [2, 3], "unknown_n": 1, "id": "1130510200104480001-2", "pnu": "1130510200104480001", "floors": 5, "height": 0.0}}, {"type": "Feature", "geometry": {"type": "Polygon", "coordinates": [[[127.0246873, 37.63523865], [127.02456768, 37.63527426], [127.02461903, 37.63537679], [127.02467408, 37.63533092], [127.02471928, 37.6353128], [127.0246873, 37.63523865]]]}, "properties": {"name": "번동 448-8", "status": "high", "capacity": 4, "active": 1, "industry": "식료품 소매", "vacancy_rate": 75.0, "vacancy_rate_lo": 75.0, "vacancy_rate_hi": 75.0, "stores": 1, "source": "stores+ledger", "capacity_method": "floor_ouln", "active_pip": 0, "licensed": 0, "com_floors": [1, 2, 3, 6], "occ_floors": [1], "unknown_n": 0, "id": "1130510200104480008-1", "pnu": "1130510200104480008", "floors": 6, "height": 18.75}}, {"type": "Feature", "geometry": {"type": "Polygon", "coordinates": [[[127.02029223, 37.63503199], [127.02015989, 37.63501499], [127.02013102, 37.63503878], [127.02020241, 37.63509616], [127.02028942, 37.63510083], [127.02029223, 37.63503199]]]}, "properties": {"name": "수유동 46-70", "status": "partial", "capacity": 2, "active": 1, "industry": "비알코올 ", "vacancy_rate": 50.0, "vacancy_rate_lo": 50.0, "vacancy_rate_hi": 50.0, "stores": 1, "source": "stores+ledger", "capacity_method": "floor_ouln", "active_pip": 0, "licensed": 0, "com_floors": [1, 2], "occ_floors": [1], "unknown_n": 0, "id": "1130510300100460070-1", "pnu": "1130510300100460070", "floors": 4, "height": 12.25}}, {"type": "Feature", "geometry": {"type": "Polygon", "coordinates": [[[127.02073081, 37.6347108], [127.02055894, 37.6346929], [127.02043785, 37.63479276], [127.020468, 37.63481672], [127.02045214, 37.63483392], [127.0205079, 37.63487203], [127.02060564, 37.6348011], [127.02072065, 37.63480973], [127.02073081, 37.6347108]]]}, "properties": {"name": "수호텔", "status": "full", "capacity": 1, "active": 1, "industry": "일반 숙박", "vacancy_rate": 0.0, "vacancy_rate_lo": 0.0, "vacancy_rate_hi": 0.0, "stores": 3, "source": "stores+ledger", "capacity_method": "floor_ouln", "active_pip": 0, "licensed": 0, "com_floors": [1], "occ_floors": [1], "unknown_n": 0, "id": "1130510300100470063-1", "pnu": "1130510300100470063", "floors": 6, "height": 21.1}}, {"type": "Feature", "geometry": {"type": "Polygon", "coordinates": [[[127.02073081, 37.6347108], [127.02073725, 37.63464629], [127.02066247, 37.63464225], [127.02065501, 37.63470289], [127.02073081, 37.6347108]]]}, "properties": {"name": "수호텔", "status": "full", "capacity": 1, "active": 1, "industry": "일반 숙박", "vacancy_rate": 0.0, "vacancy_rate_lo": 0.0, "vacancy_rate_hi": 0.0, "stores": 3, "source": "stores+ledger", "capacity_method": "floor_ouln", "active_pip": 0, "licensed": 0, "com_floors": [1], "occ_floors": [1], "unknown_n": 0, "id": "1130510300100470063-2", "pnu": "1130510300100470063", "floors": 0, "height": 0.0}}, {"type": "Feature", "geometry": {"type": "Polygon", "coordinates": [[[127.0199101, 37.63559119], [127.01996892, 37.63561673], [127.01999843, 37.63555247], [127.01999099, 37.6355503], [127.02000964, 37.63550968], [127.01995483, 37.63549376], [127.0199101, 37.63559119]]]}, "properties": {"name": "수유동 46-22", "status": "full", "capacity": 2, "active": 2, "industry": "기타 간이", "vacancy_rate": 0.0, "vacancy_rate_lo": 0.0, "vacancy_rate_hi": 0.0, "stores": 2, "source": "stores+ledger", "capacity_method": "floor_ouln", "active_pip": 0, "licensed": 0, "com_floors": [1, 5], "occ_floors": [1, 5], "unknown_n": 0, "id": "1130510300100460022-1", "pnu": "1130510300100460022", "floors": 6, "height": 21.2}}, {"type": "Feature", "geometry": {"type": "Polygon", "coordinates": [[[127.02165519, 37.63633574], [127.02158607, 37.63630188], [127.0215812, 37.63630503], [127.02155605, 37.63629513], [127.021477, 37.63640615], [127.02150816, 37.636421], [127.02158406, 37.63638909], [127.02160876, 37.63639783], [127.02165519, 37.63633574]]]}, "properties": {"name": "수유동 1-73", "status": "partial", "capacity": 2, "active": 1, "industry": "유원지·오락", "vacancy_rate": 50.0, "vacancy_rate_lo": 50.0, "vacancy_rate_hi": 50.0, "stores": 2, "source": "stores+ledger", "capacity_method": "floor_ouln", "active_pip": 0, "licensed": 0, "com_floors": [1, 5], "occ_floors": [1], "unknown_n": 0, "id": "1130510300100010073-1", "pnu": "1130510300100010073", "floors": 5, "height": 12.5}}, {"type": "Feature", "geometry": {"type": "Polygon", "coordinates": [[[127.02145184, 37.63639579], [127.02152761, 37.63630423], [127.0215318, 37.63628261], [127.02150313, 37.63627477], [127.02149453, 37.63628622], [127.02136525, 37.63625011], [127.02131055, 37.63632941], [127.02145184, 37.63639579]]]}, "properties": {"name": "수유동 1-74", "status": "empty", "capacity": 3, "active": 0, "industry": "", "vacancy_rate": 100.0, "source": "polygon_only", "capacity_method": "floor_approx", "active_pip": 0, "licensed": 0, "id": "1130510300100010074-1", "pnu": "1130510300100010074", "floors": 3, "height": 0.0}}, {"type": "Feature", "geometry": {"type": "Polygon", "coordinates": [[[127.0211183, 37.63478236], [127.02124768, 37.634791], [127.02125354, 37.63468305], [127.02112518, 37.63467685], [127.0211183, 37.63478236]]]}, "properties": {"name": "수유동 47-10", "status": "full", "capacity": 1, "active": 1, "industry": "담배 소매", "vacancy_rate": 0.0, "vacancy_rate_lo": 0.0, "vacancy_rate_hi": 100.0, "stores": 1, "source": "stores+ledger", "capacity_method": "floor_ouln", "active_pip": 0, "licensed": 0, "com_floors": [1], "occ_floors": [], "unknown_n": 1, "id": "1130510300100470010-2", "pnu": "1130510300100470010", "floors": 3, "height": 10.0}}, {"type": "Feature", "geometry": {"type": "Polygon", "coordinates": [[[127.02140054, 37.63609667], [127.02144247, 37.63611063], [127.021477, 37.63604341], [127.02142987, 37.63602927], [127.02140054, 37.63609667]]]}, "properties": {"name": "수유동 7-11", "status": "empty", "capacity": 1, "active": 0, "industry": "", "vacancy_rate": 100.0, "source": "polygon_only", "capacity_method": "floor_approx", "active_pip": 0, "licensed": 0, "id": "1130510300100070011-1", "pnu": "1130510300100070011", "floors": 1, "height": 4.0}}, {"type": "Feature", "geometry": {"type": "Polygon", "coordinates": [[[127.02061883, 37.63373163], [127.02059389, 37.63368298], [127.02049624, 37.63371228], [127.02053355, 37.63379462], [127.02059381, 37.63377948], [127.02061883, 37.63373163]]]}, "properties": {"name": "수유동 49-10", "status": "full", "capacity": 2, "active": 2, "industry": "기타 간이", "vacancy_rate": 0.0, "vacancy_rate_lo": 0.0, "vacancy_rate_hi": 50.0, "stores": 2, "source": "stores+ledger", "capacity_method": "floor_ouln", "active_pip": 0, "licensed": 0, "com_floors": [1, 2], "occ_floors": [1], "unknown_n": 1, "id": "1130510300100490010-2", "pnu": "1130510300100490010", "floors": 4, "height": 12.3}}, {"type": "Feature", "geometry": {"type": "Polygon", "coordinates": [[[127.02661526, 37.63466781], [127.0266042, 37.63477792], [127.02671806, 37.63478582], [127.02672812, 37.63470977], [127.02670466, 37.63470852], [127.02670715, 37.63467293], [127.02661526, 37.63466781]]]}, "properties": {"name": "미아동 157-21", "status": "empty", "capacity": 3, "active": 0, "industry": "", "vacancy_rate": 100.0, "source": "polygon_only", "capacity_method": "floor_approx", "active_pip": 0, "licensed": 0, "id": "1130510100101570021-1", "pnu": "1130510100101570021", "floors": 3, "height": 0.0}}, {"type": "Feature", "geometry": {"type": "Polygon", "coordinates": [[[127.02579286, 37.63471609], [127.02589979, 37.63472309], [127.02590771, 37.63465201], [127.02580022, 37.63464497], [127.02579286, 37.63471609]]]}, "properties": {"name": "미아동 158-9", "status": "empty", "capacity": 1, "active": 0, "industry": "", "vacancy_rate": 100.0, "source": "polygon_only", "capacity_method": "floor_approx", "active_pip": 0, "licensed": 0, "id": "1130510100101580009-1", "pnu": "1130510100101580009", "floors": 1, "height": 4.6}}, {"type": "Feature", "geometry": {"type": "Polygon", "coordinates": [[[127.02651585, 37.63387993], [127.0262291, 37.63386305], [127.02622358, 37.63395856], [127.02643839, 37.63397347], [127.02643523, 37.63401374], [127.02649335, 37.6340176], [127.02648996, 37.63405067], [127.02660428, 37.63405695], [127.02661364, 37.63395262], [127.02655924, 37.6338928], [127.02651585, 37.63387993]]]}, "properties": {"name": "미아동 158-12", "status": "full", "capacity": 2, "active": 2, "industry": "자동차 수리·세차", "vacancy_rate": 0.0, "vacancy_rate_lo": 0.0, "vacancy_rate_hi": 50.0, "stores": 2, "source": "stores+ledger", "capacity_method": "floor_ouln", "active_pip": 0, "licensed": 0, "com_floors": [1, 2], "occ_floors": [1], "unknown_n": 1, "id": "1130510100101580012-1", "pnu": "1130510100101580012", "floors": 2, "height": 6.6}}, {"type": "Feature", "geometry": {"type": "Polygon", "coordinates": [[[127.02600945, 37.63393798], [127.0260072, 37.63398753], [127.02616672, 37.63399317], [127.02616932, 37.6339666], [127.02620002, 37.63396865], [127.02620137, 37.63395208], [127.02600945, 37.63393798]]]}, "properties": {"name": "미아동 158-12", "status": "full", "capacity": 2, "active": 2, "industry": "자동차 수리·세차", "vacancy_rate": 0.0, "vacancy_rate_lo": 0.0, "vacancy_rate_hi": 50.0, "stores": 2, "source": "stores+ledger", "capacity_method": "floor_ouln", "active_pip": 0, "licensed": 0, "com_floors": [1, 2], "occ_floors": [1], "unknown_n": 1, "id": "1130510100101580012-2", "pnu": "1130510100101580012", "floors": 0, "height": 0.0}}, {"type": "Feature", "geometry": {"type": "Polygon", "coordinates": [[[127.02692994, 37.63392461], [127.02681973, 37.63397456], [127.02681327, 37.6339942], [127.02690713, 37.63411608], [127.02703196, 37.63405614], [127.02692994, 37.63392461]]]}, "properties": {"name": "번동 762-6", "status": "partial", "capacity": 2, "active": 1, "industry": "종합 소매", "vacancy_rate": 50.0, "vacancy_rate_lo": 50.0, "vacancy_rate_hi": 100.0, "stores": 1, "source": "stores+ledger", "capacity_method": "floor_ouln", "active_pip": 0, "licensed": 0, "com_floors": [1, 2], "occ_floors": [], "unknown_n": 1, "id": "1130510200107620006-1", "pnu": "1130510200107620006", "floors": 4, "height": 12.7}}, {"type": "Feature", "geometry": {"type": "Polygon", "coordinates": [[[127.02732846, 37.63441015], [127.02719084, 37.63447515], [127.02731971, 37.63463757], [127.02746073, 37.63456905], [127.02732846, 37.63441015]]]}, "properties": {"name": "번동 441-5", "status": "high", "capacity": 4, "active": 1, "industry": "", "vacancy_rate": 75.0, "source": "pip_only", "capacity_method": "floor_approx", "active_pip": 1, "licensed": 0, "id": "1130510200104410005-1", "pnu": "1130510200104410005", "floors": 4, "height": 0.0}}, {"type": "Feature", "geometry": {"type": "Polygon", "coordinates": [[[127.02717836, 37.63476455], [127.02725867, 37.63472633], [127.02721911, 37.63467435], [127.02713971, 37.63471365], [127.02717836, 37.63476455]]]}, "properties": {"name": "미아동 157-15", "status": "full", "capacity": 1, "active": 1, "industry": "모터사이클 수리", "vacancy_rate": 0.0, "vacancy_rate_lo": 0.0, "vacancy_rate_hi": 100.0, "stores": 1, "source": "stores+ledger", "capacity_method": "floor_ouln", "active_pip": 0, "licensed": 0, "com_floors": [1], "occ_floors": [], "unknown_n": 1, "id": "1130510100101570015-1", "pnu": "1130510100101570015", "floors": 1, "height": 0.0}}, {"type": "Feature", "geometry": {"type": "Polygon", "coordinates": [[[127.02659234, 37.63359746], [127.02652415, 37.63364027], [127.02663669, 37.6337644], [127.02670805, 37.63372005], [127.02659234, 37.63359746]]]}, "properties": {"name": "미아요진아파트", "status": "full", "capacity": 2, "active": 2, "industry": "이용·미용", "vacancy_rate": 0.0, "vacancy_rate_lo": null, "vacancy_rate_hi": null, "stores": 2, "source": "stores+ledger", "capacity_method": "expos_units", "active_pip": 0, "licensed": 0, "com_floors": null, "occ_floors": null, "unknown_n": null, "id": "1130510100101520000-1", "pnu": "1130510100101520000", "floors": 3, "height": 10.55}}, {"type": "Feature", "geometry": {"type": "Polygon", "coordinates": [[[127.02652477, 37.63349647], [127.02656919, 37.63354097], [127.0266273, 37.63350734], [127.02658548, 37.6334614], [127.02652477, 37.63349647]]]}, "properties": {"name": "미아요진아파트", "status": "full", "capacity": 2, "active": 2, "industry": "이용·미용", "vacancy_rate": 0.0, "vacancy_rate_lo": null, "vacancy_rate_hi": null, "stores": 2, "source": "stores+ledger", "capacity_method": "expos_units", "active_pip": 0, "licensed": 0, "com_floors": null, "occ_floors": null, "unknown_n": null, "id": "1130510100101520000-2", "pnu": "1130510100101520000", "floors": 1, "height": 3.35}}, {"type": "Feature", "geometry": {"type": "Polygon", "coordinates": [[[127.02790596, 37.6351472], [127.02790043, 37.63522487], [127.02802485, 37.63523547], [127.02803194, 37.63515564], [127.02790596, 37.6351472]]]}, "properties": {"name": "전부", "status": "full", "capacity": 2, "active": 2, "industry": "자동차 수리·세차", "vacancy_rate": 0.0, "vacancy_rate_lo": 0.0, "vacancy_rate_hi": 0.0, "stores": 1, "source": "stores+ledger", "capacity_method": "floor_ouln", "active_pip": 0, "licensed": 0, "com_floors": [1, 2], "occ_floors": [1, 2], "unknown_n": 0, "id": "1130510200104430085-1", "pnu": "1130510200104430085", "floors": 4, "height": 0.0}}, {"type": "Feature", "geometry": {"type": "Polygon", "coordinates": [[[127.02671432, 37.63519416], [127.02682433, 37.63520204], [127.0268386, 37.63507595], [127.02676018, 37.63507035], [127.02675987, 37.63507304], [127.02672827, 37.63507078], [127.02671432, 37.63519416]]]}, "properties": {"name": "이손빌딩", "status": "partial", "capacity": 2, "active": 1, "industry": "종합 소매", "vacancy_rate": 50.0, "vacancy_rate_lo": 50.0, "vacancy_rate_hi": 50.0, "stores": 1, "source": "stores+ledger", "capacity_method": "floor_ouln", "active_pip": 0, "licensed": 0, "com_floors": [1, 2], "occ_floors": [1], "unknown_n": 0, "id": "1130510200104430035-1", "pnu": "1130510200104430035", "floors": 5, "height": 17.7}}, {"type": "Feature", "geometry": {"type": "Polygon", "coordinates": [[[127.02660384, 37.63505263], [127.02658894, 37.63520283], [127.02670519, 37.63521001], [127.02672234, 37.63505855], [127.02660384, 37.63505263]]]}, "properties": {"name": "승진빌딩", "status": "partial", "capacity": 5, "active": 4, "industry": "종합 소매", "vacancy_rate": 20.0, "vacancy_rate_lo": 20.0, "vacancy_rate_hi": 40.0, "stores": 2, "source": "stores+ledger", "capacity_method": "floor_ouln", "active_pip": 0, "licensed": 0, "com_floors": [1, 3, 4, 5, 6], "occ_floors": [1, 3, 6], "unknown_n": 1, "id": "1130510200104430113-1", "pnu": "1130510200104430113", "floors": 7, "height": 22.8}}, {"type": "Feature", "geometry": {"type": "Polygon", "coordinates": [[[127.02570034, 37.6354526], [127.02569051, 37.63554559], [127.02581266, 37.63555412], [127.02581898, 37.63548691], [127.02575983, 37.63548403], [127.02576299, 37.63545474], [127.02570034, 37.6354526]]]}, "properties": {"name": "번동 443-18", "status": "empty", "capacity": 4, "active": 0, "industry": "", "vacancy_rate": 100.0, "source": "polygon_only", "capacity_method": "floor_approx", "active_pip": 0, "licensed": 0, "id": "1130510200104430018-1", "pnu": "1130510200104430018", "floors": 4, "height": 14.4}}, {"type": "Feature", "geometry": {"type": "Polygon", "coordinates": [[[127.02576959, 37.63518769], [127.02577252, 37.63513444], [127.02568675, 37.63513032], [127.02568258, 37.63518221], [127.02576959, 37.63518769]]]}, "properties": {"name": "금보빌딩", "status": "full", "capacity": 1, "active": 1, "industry": "한식", "vacancy_rate": 0.0, "vacancy_rate_lo": 0.0, "vacancy_rate_hi": 0.0, "stores": 2, "source": "stores+ledger", "capacity_method": "floor_ouln", "active_pip": 0, "licensed": 0, "com_floors": [1], "occ_floors": [1], "unknown_n": 0, "id": "1130510200104430094-1", "pnu": "1130510200104430094", "floors": 0, "height": 0.0}}, {"type": "Feature", "geometry": {"type": "Polygon", "coordinates": [[[127.02757539, 37.63519306], [127.02758202, 37.63510554], [127.02753638, 37.6351033], [127.02753379, 37.6351345], [127.02748598, 37.63513208], [127.02748417, 37.63514505], [127.02746683, 37.63514425], [127.0274622, 37.6351847], [127.02757539, 37.63519306]]]}, "properties": {"name": "번동 443-71", "status": "full", "capacity": 1, "active": 1, "industry": "중식", "vacancy_rate": 0.0, "vacancy_rate_lo": 0.0, "vacancy_rate_hi": 0.0, "stores": 1, "source": "stores+ledger", "capacity_method": "floor_ouln", "active_pip": 0, "licensed": 0, "com_floors": [1], "occ_floors": [1], "unknown_n": 0, "id": "1130510200104430071-1", "pnu": "1130510200104430071", "floors": 1, "height": 0.0}}, {"type": "Feature", "geometry": {"type": "Polygon", "coordinates": [[[127.02776944, 37.63513579], [127.02776379, 37.63519895], [127.0278925, 37.63520748], [127.02789712, 37.63514585], [127.02776944, 37.63513579]]]}, "properties": {"name": "번동 443-17", "status": "full", "capacity": 2, "active": 2, "industry": "자동차 부품 소매", "vacancy_rate": 0.0, "vacancy_rate_lo": 0.0, "vacancy_rate_hi": 0.0, "stores": 1, "source": "stores+ledger", "capacity_method": "floor_ouln", "active_pip": 0, "licensed": 0, "com_floors": [1, 2], "occ_floors": [1, 2], "unknown_n": 0, "id": "1130510200104430017-1", "pnu": "1130510200104430017", "floors": 3, "height": 9.5}}, {"type": "Feature", "geometry": {"type": "Polygon", "coordinates": [[[127.02594094, 37.63524551], [127.02619275, 37.6352619], [127.02621613, 37.63502928], [127.02596715, 37.63501037], [127.02594094, 37.63524551]]]}, "properties": {"name": "번동 443-6", "status": "empty", "capacity": 15, "active": 0, "industry": "", "vacancy_rate": 100.0, "source": "polygon_only", "capacity_method": "floor_approx", "active_pip": 0, "licensed": 0, "id": "1130510200104430006-1", "pnu": "1130510200104430006", "floors": 15, "height": 49.8}}, {"type": "Feature", "geometry": {"type": "Polygon", "coordinates": [[[127.02625772, 37.6350336], [127.02623886, 37.63522066], [127.02651826, 37.63523843], [127.02653541, 37.63505283], [127.02625772, 37.6350336]]]}, "properties": {"name": "파스칼진빌딩", "status": "high", "capacity": 10, "active": 2, "industry": "스포츠 서비스", "vacancy_rate": 80.0, "vacancy_rate_lo": 80.0, "vacancy_rate_hi": 80.0, "stores": 1, "source": "stores+ledger", "capacity_method": "floor_ouln", "active_pip": 0, "licensed": 0, "com_floors": [1, 2, 3, 4, 5, 6, 7, 8, 9, 10], "occ_floors": [1, 7], "unknown_n": 0, "id": "1130510200104430008-1", "pnu": "1130510200104430008", "floors": 10, "height": 40.45}}, {"type": "Feature", "geometry": {"type": "Polygon", "coordinates": [[[127.02570498, 37.6350986], [127.02586292, 37.63511082], [127.02587138, 37.63500558], [127.02571594, 37.63499625], [127.02570498, 37.6350986]]]}, "properties": {"name": "금보빌딩", "status": "full", "capacity": 1, "active": 1, "industry": "한식", "vacancy_rate": 0.0, "vacancy_rate_lo": 0.0, "vacancy_rate_hi": 0.0, "stores": 2, "source": "stores+ledger", "capacity_method": "floor_ouln", "active_pip": 0, "licensed": 0, "com_floors": [1], "occ_floors": [1], "unknown_n": 0, "id": "1130510200104430094-2", "pnu": "1130510200104430094", "floors": 4, "height": 14.05}}, {"type": "Feature", "geometry": {"type": "Polygon", "coordinates": [[[127.02816842, 37.63382225], [127.02816062, 37.63388973], [127.02817852, 37.63389063], [127.02817525, 37.63393], [127.02829309, 37.63393709], [127.02830403, 37.63382653], [127.02816842, 37.63382225]]]}, "properties": {"name": "번동 442-6", "status": "empty", "capacity": 3, "active": 0, "industry": "", "vacancy_rate": 100.0, "source": "polygon_only", "capacity_method": "floor_approx", "active_pip": 0, "licensed": 0, "id": "1130510200104420006-1", "pnu": "1130510200104420006", "floors": 3, "height": 0.0}}, {"type": "Feature", "geometry": {"type": "Polygon", "coordinates": [[[127.02697012, 37.63474612], [127.02696368, 37.63480388], [127.02707891, 37.63481196], [127.02708568, 37.63475457], [127.02697012, 37.63474612]]]}, "properties": {"name": "미아동 157-18", "status": "full", "capacity": 1, "active": 1, "industry": "기타 간이", "vacancy_rate": 0.0, "vacancy_rate_lo": 0.0, "vacancy_rate_hi": 0.0, "stores": 1, "source": "stores+ledger", "capacity_method": "floor_ouln", "active_pip": 0, "licensed": 0, "com_floors": [1], "occ_floors": [1], "unknown_n": 0, "id": "1130510100101570018-1", "pnu": "1130510100101570018", "floors": 5, "height": 14.6}}, {"type": "Feature", "geometry": {"type": "Polygon", "coordinates": [[[127.02641653, 37.63464849], [127.02640231, 37.63476391], [127.02651979, 37.63477155], [127.02653368, 37.63465604], [127.02641653, 37.63464849]]]}, "properties": {"name": "대복빌딩", "status": "full", "capacity": 2, "active": 2, "industry": "모터사이클 소매", "vacancy_rate": 0.0, "vacancy_rate_lo": 0.0, "vacancy_rate_hi": 0.0, "stores": 4, "source": "stores+ledger", "capacity_method": "floor_ouln", "active_pip": 0, "licensed": 0, "com_floors": [1, 3], "occ_floors": [1, 3], "unknown_n": 0, "id": "1130510100101580001-1", "pnu": "1130510100101580001", "floors": 5, "height": 15.45}}, {"type": "Feature", "geometry": {"type": "Polygon", "coordinates": [[[127.0269085, 37.63507797], [127.02689494, 37.63517979], [127.02700677, 37.63518904], [127.02701987, 37.6350811], [127.0269085, 37.63507797]]]}, "properties": {"name": "갑성빌딩", "status": "partial", "capacity": 3, "active": 2, "industry": "섬유·의복·신발 소매", "vacancy_rate": 33.3, "vacancy_rate_lo": 33.3, "vacancy_rate_hi": 33.3, "stores": 1, "source": "stores+ledger", "capacity_method": "floor_ouln", "active_pip": 0, "licensed": 0, "com_floors": [1, 2, 3], "occ_floors": [2, 3], "unknown_n": 0, "id": "1130510200104430038-1", "pnu": "1130510200104430038", "floors": 5, "height": 16.1}}, {"type": "Feature", "geometry": {"type": "Polygon", "coordinates": [[[127.02555356, 37.63557354], [127.02554769, 37.6356367], [127.02567402, 37.6356447], [127.02569162, 37.6354881], [127.0256359, 37.63548491], [127.02561712, 37.63556011], [127.02556556, 37.63555877], [127.02556465, 37.63557264], [127.02555356, 37.63557354]]]}, "properties": {"name": "태영하우스", "status": "full", "capacity": 1, "active": 1, "industry": "종합 소매", "vacancy_rate": 0.0, "vacancy_rate_lo": 0.0, "vacancy_rate_hi": 0.0, "stores": 2, "source": "stores+ledger", "capacity_method": "floor_ouln", "active_pip": 0, "licensed": 0, "com_floors": [1], "occ_floors": [1], "unknown_n": 0, "id": "1130510200104430001-1", "pnu": "1130510200104430001", "floors": 7, "height": 19.4}}, {"type": "Feature", "geometry": {"type": "Polygon", "coordinates": [[[127.0257155, 37.63404588], [127.02570612, 37.63413121], [127.02584004, 37.6341401], [127.02584715, 37.63405928], [127.0257155, 37.63404588]]]}, "properties": {"name": "미아동 158-93", "status": "empty", "capacity": 4, "active": 0, "industry": "", "vacancy_rate": 100.0, "source": "polygon_only", "capacity_method": "floor_approx", "active_pip": 0, "licensed": 0, "id": "1130510100101580093-1", "pnu": "1130510100101580093", "floors": 4, "height": 10.7}}, {"type": "Feature", "geometry": {"type": "Polygon", "coordinates": [[[127.02685071, 37.63473128], [127.02684167, 37.63482237], [127.02695996, 37.63483235], [127.02697057, 37.6347409], [127.02685071, 37.63473128]]]}, "properties": {"name": "미아동 157-19", "status": "empty", "capacity": 2, "active": 0, "industry": "", "vacancy_rate": 100.0, "source": "polygon_only", "capacity_method": "floor_approx", "active_pip": 0, "licensed": 0, "id": "1130510100101570019-1", "pnu": "1130510100101570019", "floors": 2, "height": 0.0}}, {"type": "Feature", "geometry": {"type": "Polygon", "coordinates": [[[127.02662892, 37.6354869], [127.02662564, 37.63551393], [127.02655053, 37.63551116], [127.02654647, 37.63556539], [127.02668186, 37.6355732], [127.02668976, 37.63548869], [127.02662892, 37.6354869]]]}, "properties": {"name": "번동 443-10", "status": "empty", "capacity": 6, "active": 0, "industry": "", "vacancy_rate": 100.0, "source": "polygon_only", "capacity_method": "floor_approx", "active_pip": 0, "licensed": 0, "id": "1130510200104430010-1", "pnu": "1130510200104430010", "floors": 6, "height": 15.4}}, {"type": "Feature", "geometry": {"type": "Polygon", "coordinates": [[[127.02645931, 37.63418393], [127.02645018, 37.63430088], [127.02657707, 37.63430815], [127.02657977, 37.63426427], [127.0265911, 37.6342649], [127.02659696, 37.6341876], [127.02645931, 37.63418393]]]}, "properties": {"name": "미아동 158-11", "status": "empty", "capacity": 5, "active": 0, "industry": "", "vacancy_rate": 100.0, "source": "polygon_only", "capacity_method": "floor_approx", "active_pip": 0, "licensed": 0, "id": "1130510100101580011-1", "pnu": "1130510100101580011", "floors": 5, "height": 14.3}}, {"type": "Feature", "geometry": {"type": "Polygon", "coordinates": [[[127.02598524, 37.6349952], [127.0258784, 37.63498783], [127.02586102, 37.63519407], [127.02596027, 37.63520441], [127.02598524, 37.6349952]]]}, "properties": {"name": "번동 443-95", "status": "full", "capacity": 1, "active": 1, "industry": "한식", "vacancy_rate": 0.0, "vacancy_rate_lo": 0.0, "vacancy_rate_hi": 100.0, "stores": 1, "source": "stores+ledger", "capacity_method": "floor_ouln", "active_pip": 0, "licensed": 0, "com_floors": [1], "occ_floors": [], "unknown_n": 1, "id": "1130510200104430095-1", "pnu": "1130510200104430095", "floors": 1, "height": 4.6}}, {"type": "Feature", "geometry": {"type": "Polygon", "coordinates": [[[127.02695337, 37.63573217], [127.02696195, 37.63564107], [127.02685047, 37.63563551], [127.02684302, 37.63572318], [127.02695337, 37.63573217]]]}, "properties": {"name": "번동 443-45", "status": "empty", "capacity": 5, "active": 0, "industry": "", "vacancy_rate": 100.0, "source": "polygon_only", "capacity_method": "floor_approx", "active_pip": 0, "licensed": 0, "id": "1130510200104430045-1", "pnu": "1130510200104430045", "floors": 5, "height": 13.2}}, {"type": "Feature", "geometry": {"type": "Polygon", "coordinates": [[[127.02554703, 37.63470328], [127.02575934, 37.63471919], [127.02576792, 37.63462819], [127.02555482, 37.63461553], [127.02554703, 37.63470328]]]}, "properties": {"name": "현웅빌딩", "status": "high", "capacity": 5, "active": 2, "industry": "애완동물·용품 소매", "vacancy_rate": 60.0, "vacancy_rate_lo": 60.0, "vacancy_rate_hi": 60.0, "stores": 3, "source": "stores+ledger", "capacity_method": "floor_ouln", "active_pip": 0, "licensed": 0, "com_floors": [1, 2, 5, 6, 7], "occ_floors": [1, 7], "unknown_n": 0, "id": "1130510100101580010-1", "pnu": "1130510100101580010", "floors": 7, "height": 23.85}}, {"type": "Feature", "geometry": {"type": "Polygon", "coordinates": [[[127.02705595, 37.63430453], [127.02715955, 37.63443254], [127.02725153, 37.63438647], [127.02715325, 37.63425982], [127.02705595, 37.63430453]]]}, "properties": {"name": "번동 762-3", "status": "partial", "capacity": 2, "active": 1, "industry": "식료품 소매", "vacancy_rate": 50.0, "vacancy_rate_lo": 50.0, "vacancy_rate_hi": 50.0, "stores": 1, "source": "stores+ledger", "capacity_method": "floor_ouln", "active_pip": 0, "licensed": 0, "com_floors": [1, 3], "occ_floors": [1], "unknown_n": 0, "id": "1130510200107620003-1", "pnu": "1130510200107620003", "floors": 4, "height": 0.0}}, {"type": "Feature", "geometry": {"type": "Polygon", "coordinates": [[[127.02709078, 37.63474673], [127.02708096, 37.63484178], [127.02716411, 37.63484798], [127.02717292, 37.63476329], [127.02715071, 37.63473815], [127.02712194, 37.63475456], [127.02709078, 37.63474673]]]}, "properties": {"name": "미아동 157-15", "status": "full", "capacity": 1, "active": 1, "industry": "모터사이클 수리", "vacancy_rate": 0.0, "vacancy_rate_lo": 0.0, "vacancy_rate_hi": 100.0, "stores": 1, "source": "stores+ledger", "capacity_method": "floor_ouln", "active_pip": 0, "licensed": 0, "com_floors": [1], "occ_floors": [], "unknown_n": 1, "id": "1130510100101570015-2", "pnu": "1130510100101570015", "floors": 0, "height": 0.0}}, {"type": "Feature", "geometry": {"type": "Polygon", "coordinates": [[[127.02691211, 37.6344162], [127.02696413, 37.63447664], [127.02702519, 37.63444473], [127.02698948, 37.63439906], [127.0269726, 37.63440735], [127.02695843, 37.63439159], [127.02691211, 37.6344162]]]}, "properties": {"name": "미아동 157-17", "status": "full", "capacity": 1, "active": 1, "industry": "이용·미용", "vacancy_rate": 0.0, "vacancy_rate_lo": 0.0, "vacancy_rate_hi": 100.0, "stores": 1, "source": "stores+ledger", "capacity_method": "floor_ouln", "active_pip": 0, "licensed": 0, "com_floors": [1], "occ_floors": [], "unknown_n": 1, "id": "1130510100101570017-1", "pnu": "1130510100101570017", "floors": 3, "height": 8.8}}, {"type": "Feature", "geometry": {"type": "Polygon", "coordinates": [[[127.02708126, 37.63412306], [127.02696222, 37.63418554], [127.02703011, 37.63427454], [127.02715029, 37.63421603], [127.02708126, 37.63412306]]]}, "properties": {"name": "대운아트빌라", "status": "full", "capacity": 1, "active": 1, "industry": "한식", "vacancy_rate": 0.0, "vacancy_rate_lo": null, "vacancy_rate_hi": null, "stores": 1, "source": "stores+ledger", "capacity_method": "expos_units", "active_pip": 0, "licensed": 0, "com_floors": null, "occ_floors": null, "unknown_n": null, "id": "1130510200107620004-1", "pnu": "1130510200107620004", "floors": 5, "height": 14.6}}, {"type": "Feature", "geometry": {"type": "Polygon", "coordinates": [[[127.02747276, 37.6346305], [127.027357, 37.63468657], [127.02738771, 37.63472513], [127.02749532, 37.63465671], [127.02747276, 37.6346305]]]}, "properties": {"name": "우일빌딩", "status": "full", "capacity": 1, "active": 1, "industry": "한식", "vacancy_rate": 0.0, "vacancy_rate_lo": 0.0, "vacancy_rate_hi": 0.0, "stores": 2, "source": "stores+ledger", "capacity_method": "floor_ouln", "active_pip": 0, "licensed": 0, "com_floors": [1], "occ_floors": [1], "unknown_n": 0, "id": "1130510200104410028-1", "pnu": "1130510200104410028", "floors": 0, "height": 0.0}}, {"type": "Feature", "geometry": {"type": "Polygon", "coordinates": [[[127.02717734, 37.6347704], [127.02717362, 37.63482257], [127.02730912, 37.63483056], [127.02732702, 37.6348192], [127.0272623, 37.63473155], [127.02717734, 37.6347704]]]}, "properties": {"name": "미아동 157-13", "status": "full", "capacity": 1, "active": 1, "industry": "비알코올 ", "vacancy_rate": 0.0, "vacancy_rate_lo": 0.0, "vacancy_rate_hi": 0.0, "stores": 2, "source": "stores+ledger", "capacity_method": "floor_ouln", "active_pip": 0, "licensed": 0, "com_floors": [1], "occ_floors": [1], "unknown_n": 0, "id": "1130510100101570013-1", "pnu": "1130510100101570013", "floors": 3, "height": 0.0}}, {"type": "Feature", "geometry": {"type": "Polygon", "coordinates": [[[127.02738363, 37.63473], [127.02748803, 37.6348552], [127.02792705, 37.63488348], [127.02795031, 37.63466805], [127.02750924, 37.63464013], [127.02750812, 37.63465464], [127.02738363, 37.63473]]]}, "properties": {"name": "우일빌딩", "status": "full", "capacity": 1, "active": 1, "industry": "한식", "vacancy_rate": 0.0, "vacancy_rate_lo": 0.0, "vacancy_rate_hi": 0.0, "stores": 2, "source": "stores+ledger", "capacity_method": "floor_ouln", "active_pip": 0, "licensed": 0, "com_floors": [1], "occ_floors": [1], "unknown_n": 0, "id": "1130510200104410028-2", "pnu": "1130510200104410028", "floors": 6, "height": 24.4}}, {"type": "Feature", "geometry": {"type": "Polygon", "coordinates": [[[127.02806449, 37.63524181], [127.02821917, 37.63525198], [127.02822341, 37.63521128], [127.02817943, 37.63517071], [127.02807274, 37.6351637], [127.02806449, 37.63524181]]]}, "properties": {"name": "번동 443-81", "status": "empty", "capacity": 6, "active": 0, "industry": "", "vacancy_rate": 100.0, "source": "polygon_only", "capacity_method": "floor_approx", "active_pip": 0, "licensed": 0, "id": "1130510200104430081-1", "pnu": "1130510200104430081", "floors": 6, "height": 17.5}}, {"type": "Feature", "geometry": {"type": "Polygon", "coordinates": [[[127.02550897, 37.63507188], [127.02557924, 37.63513692], [127.02559589, 37.63512529], [127.02568902, 37.63512978], [127.02569872, 37.6350031], [127.02562485, 37.63499392], [127.02550897, 37.63507188]]]}, "properties": {"name": "번동 443-3", "status": "full", "capacity": 2, "active": 2, "industry": "한식", "vacancy_rate": 0.0, "vacancy_rate_lo": 0.0, "vacancy_rate_hi": 0.0, "stores": 3, "source": "stores+ledger", "capacity_method": "floor_ouln", "active_pip": 0, "licensed": 0, "com_floors": [1, 2], "occ_floors": [1, 2], "unknown_n": 0, "id": "1130510200104430003-1", "pnu": "1130510200104430003", "floors": 4, "height": 13.5}}, {"type": "Feature", "geometry": {"type": "Polygon", "coordinates": [[[127.0280661, 37.63559594], [127.02819469, 37.63560393], [127.02820993, 37.635455], [127.02807919, 37.6354471], [127.0280661, 37.63559594]]]}, "properties": {"name": "현빌딩", "status": "partial", "capacity": 5, "active": 3, "industry": "한식", "vacancy_rate": 40.0, "vacancy_rate_lo": 40.0, "vacancy_rate_hi": 40.0, "stores": 4, "source": "stores+ledger", "capacity_method": "floor_ouln", "active_pip": 0, "licensed": 0, "com_floors": [1, 2, 3, 5, 6], "occ_floors": [1, 2, 5], "unknown_n": 0, "id": "1130510200104430119-1", "pnu": "1130510200104430119", "floors": 6, "height": 16.7}}, {"type": "Feature", "geometry": {"type": "Polygon", "coordinates": [[[127.02627502, 37.63463744], [127.02626249, 37.63475124], [127.02639573, 37.63476382], [127.02640883, 37.63464561], [127.02627502, 37.63463744]]]}, "properties": {"name": "우건빌딩", "status": "high", "capacity": 5, "active": 2, "industry": "기타 생활용품 소매", "vacancy_rate": 60.0, "vacancy_rate_lo": 60.0, "vacancy_rate_hi": 60.0, "stores": 1, "source": "stores+ledger", "capacity_method": "floor_ouln", "active_pip": 0, "licensed": 0, "com_floors": [1, 2, 3, 4, 5], "occ_floors": [3, 5], "unknown_n": 0, "id": "1130510100101580007-1", "pnu": "1130510100101580007", "floors": 7, "height": 25.3}}, {"type": "Feature", "geometry": {"type": "Polygon", "coordinates": [[[127.02573316, 37.63382396], [127.02572099, 37.63392983], [127.02581349, 37.63393656], [127.02581474, 37.63392579], [127.02598284, 37.63393801], [127.02599378, 37.6338428], [127.02573316, 37.63382396]]]}, "properties": {"name": "어반레프대원", "status": "full", "capacity": 3, "active": 3, "industry": "이용·미용", "vacancy_rate": 0.0, "vacancy_rate_lo": null, "vacancy_rate_hi": null, "stores": 3, "source": "stores+ledger", "capacity_method": "expos_units", "active_pip": 0, "licensed": 0, "com_floors": null, "occ_floors": null, "unknown_n": null, "id": "1130510100101580089-1", "pnu": "1130510100101580089", "floors": 6, "height": 17.3}}, {"type": "Feature", "geometry": {"type": "Polygon", "coordinates": [[[127.02601829, 37.63363642], [127.02601004, 37.63368435], [127.02608176, 37.63368811], [127.02608457, 37.6336391], [127.02601829, 37.63363642]]]}, "properties": {"name": "미아동 158-14", "status": "full", "capacity": 1, "active": 1, "industry": "자동차 수리·세차", "vacancy_rate": 0.0, "vacancy_rate_lo": 0.0, "vacancy_rate_hi": 100.0, "stores": 1, "source": "stores+ledger", "capacity_method": "floor_ouln", "active_pip": 0, "licensed": 0, "com_floors": [1], "occ_floors": [], "unknown_n": 1, "id": "1130510100101580014-1", "pnu": "1130510100101580014", "floors": 0, "height": 0.0}}, {"type": "Feature", "geometry": {"type": "Polygon", "coordinates": [[[127.02602216, 37.63368515], [127.02601314, 37.63378283], [127.02645805, 37.63381264], [127.02646607, 37.6337502], [127.02634229, 37.63358706], [127.02621918, 37.63365853], [127.02613442, 37.63365395], [127.02613138, 37.6336908], [127.02602216, 37.63368515]]]}, "properties": {"name": "미아동 158-14", "status": "full", "capacity": 1, "active": 1, "industry": "자동차 수리·세차", "vacancy_rate": 0.0, "vacancy_rate_lo": 0.0, "vacancy_rate_hi": 100.0, "stores": 1, "source": "stores+ledger", "capacity_method": "floor_ouln", "active_pip": 0, "licensed": 0, "com_floors": [1], "occ_floors": [], "unknown_n": 1, "id": "1130510100101580014-2", "pnu": "1130510100101580014", "floors": 2, "height": 0.0}}, {"type": "Feature", "geometry": {"type": "Polygon", "coordinates": [[[127.026276, 37.6335613], [127.02618448, 37.63361655], [127.0262194, 37.6336561], [127.02633493, 37.63359048], [127.02631203, 37.63356625], [127.026276, 37.6335613]]]}, "properties": {"name": "미아동 158-14", "status": "full", "capacity": 1, "active": 1, "industry": "자동차 수리·세차", "vacancy_rate": 0.0, "vacancy_rate_lo": 0.0, "vacancy_rate_hi": 100.0, "stores": 1, "source": "stores+ledger", "capacity_method": "floor_ouln", "active_pip": 0, "licensed": 0, "com_floors": [1], "occ_floors": [], "unknown_n": 1, "id": "1130510100101580014-3", "pnu": "1130510100101580014", "floors": 0, "height": 0.0}}, {"type": "Feature", "geometry": {"type": "Polygon", "coordinates": [[[127.02602494, 37.63384869], [127.02601636, 37.63393771], [127.02621508, 37.63395226], [127.02622661, 37.63386395], [127.02602494, 37.63384869]]]}, "properties": {"name": "미아동 158-12", "status": "full", "capacity": 2, "active": 2, "industry": "자동차 수리·세차", "vacancy_rate": 0.0, "vacancy_rate_lo": 0.0, "vacancy_rate_hi": 50.0, "stores": 2, "source": "stores+ledger", "capacity_method": "floor_ouln", "active_pip": 0, "licensed": 0, "com_floors": [1, 2], "occ_floors": [1], "unknown_n": 1, "id": "1130510100101580012-3", "pnu": "1130510100101580012", "floors": 0, "height": 0.0}}, {"type": "Feature", "geometry": {"type": "Polygon", "coordinates": [[[127.02732259, 37.63355034], [127.0274379, 37.63348364], [127.02728909, 37.63331627], [127.02731707, 37.63330789], [127.02731106, 37.63330113], [127.02734131, 37.6332877], [127.02727726, 37.63321302], [127.02725666, 37.63322429], [127.02725461, 37.63321888], [127.02709355, 37.63331326], [127.02709967, 37.63331867], [127.02707078, 37.63333948], [127.02713969, 37.63340668], [127.02716212, 37.63339316], [127.02716903, 37.6333983], [127.02717719, 37.63339415], [127.02732259, 37.63355034]]]}, "properties": {"name": "미아요진아파트", "status": "full", "capacity": 2, "active": 2, "industry": "이용·미용", "vacancy_rate": 0.0, "vacancy_rate_lo": null, "vacancy_rate_hi": null, "stores": 2, "source": "stores+ledger", "capacity_method": "expos_units", "active_pip": 0, "licensed": 0, "com_floors": null, "occ_floors": null, "unknown_n": null, "id": "1130510100101520000-3", "pnu": "1130510100101520000", "floors": 14, "height": 38.45}}, {"type": "Feature", "geometry": {"type": "Polygon", "coordinates": [[[127.02710062, 37.63345489], [127.02701403, 37.63336355], [127.02680823, 37.63347622], [127.02672877, 37.63339596], [127.02664994, 37.63343661], [127.02665958, 37.6334468], [127.0266257, 37.63346527], [127.02684954, 37.63370506], [127.02689213, 37.63367973], [127.02690482, 37.63369054], [127.02697052, 37.63364818], [127.02689935, 37.63357324], [127.02710062, 37.63345489]]]}, "properties": {"name": "미아요진아파트", "status": "full", "capacity": 2, "active": 2, "industry": "이용·미용", "vacancy_rate": 0.0, "vacancy_rate_lo": null, "vacancy_rate_hi": null, "stores": 2, "source": "stores+ledger", "capacity_method": "expos_units", "active_pip": 0, "licensed": 0, "com_floors": null, "occ_floors": null, "unknown_n": null, "id": "1130510100101520000-4", "pnu": "1130510100101520000", "floors": 15, "height": 41.05}}, {"type": "Feature", "geometry": {"type": "Polygon", "coordinates": [[[127.02902587, 37.63479069], [127.02903183, 37.6347228], [127.02886941, 37.63471086], [127.02886145, 37.63477817], [127.02902587, 37.63479069]]]}, "properties": {"name": "번동 437-12", "status": "full", "capacity": 2, "active": 2, "industry": "자동차 수리·세차", "vacancy_rate": 0.0, "vacancy_rate_lo": 0.0, "vacancy_rate_hi": 50.0, "stores": 2, "source": "stores+ledger", "capacity_method": "floor_ouln", "active_pip": 0, "licensed": 0, "com_floors": [1, 2], "occ_floors": [1], "unknown_n": 1, "id": "1130510200104370012-1", "pnu": "1130510200104370012", "floors": 1, "height": 4.0}}, {"type": "Feature", "geometry": {"type": "Polygon", "coordinates": [[[127.030443, 37.63391658], [127.03049891, 37.63386811], [127.03043254, 37.6338197], [127.03039395, 37.63388079], [127.030443, 37.63391658]]]}, "properties": {"name": "번동 526-26", "status": "empty", "capacity": 4, "active": 0, "industry": "", "vacancy_rate": 100.0, "source": "polygon_only", "capacity_method": "floor_approx", "active_pip": 0, "licensed": 0, "id": "1130510200105260026-1", "pnu": "1130510200105260026", "floors": 4, "height": 15.1}}, {"type": "Feature", "geometry": {"type": "Polygon", "coordinates": [[[127.03063545, 37.6343342], [127.0305498, 37.63433134], [127.030548, 37.63436981], [127.03048637, 37.6343692], [127.03048344, 37.63440821], [127.03062982, 37.63441719], [127.03063545, 37.6343342]]]}, "properties": {"name": "번동 435-48", "status": "full", "capacity": 1, "active": 1, "industry": "철물·건설자재 소매", "vacancy_rate": 0.0, "vacancy_rate_lo": 0.0, "vacancy_rate_hi": 100.0, "stores": 1, "source": "stores+ledger", "capacity_method": "floor_ouln", "active_pip": 0, "licensed": 0, "com_floors": [1], "occ_floors": [], "unknown_n": 1, "id": "1130510200104350048-1", "pnu": "1130510200104350048", "floors": 2, "height": 0.0}}, {"type": "Feature", "geometry": {"type": "Polygon", "coordinates": [[[127.03007092, 37.63445533], [127.03008863, 37.63440266], [127.03009747, 37.63440439], [127.03011066, 37.63434167], [127.03003198, 37.63432887], [127.03001752, 37.63440093], [127.03000922, 37.63439848], [127.03000361, 37.63443149], [127.03005827, 37.63443737], [127.03005465, 37.63445416], [127.03007092, 37.63445533]]]}, "properties": {"name": "대호", "status": "high", "capacity": 3, "active": 1, "industry": "기타 간이", "vacancy_rate": 66.7, "vacancy_rate_lo": 66.7, "vacancy_rate_hi": 66.7, "stores": 5, "source": "stores+ledger", "capacity_method": "floor_ouln", "active_pip": 0, "licensed": 0, "com_floors": [1, 2, 3], "occ_floors": [1], "unknown_n": 0, "id": "1130510200104370017-1", "pnu": "1130510200104370017", "floors": 0, "height": 0.0}}, {"type": "Feature", "geometry": {"type": "Polygon", "coordinates": [[[127.03107276, 37.63542986], [127.03104955, 37.63545789], [127.03104014, 37.63545348], [127.03100832, 37.63549358], [127.03102147, 37.63550358], [127.03097923, 37.63554161], [127.03096948, 37.6355363], [127.03092713, 37.63558163], [127.03093653, 37.63558667], [127.03091184, 37.63561145], [127.03088261, 37.63560903], [127.03088261, 37.6356002], [127.03081146, 37.6355949], [127.0308092, 37.63560616], [127.03074745, 37.63560167], [127.03074745, 37.63558997], [127.03067709, 37.63558494], [127.03067743, 37.63559143], [127.03063551, 37.63558819], [127.03062241, 37.63568748], [127.030682, 37.63569017], [127.03068087, 37.63569657], [127.03073593, 37.63570106], [127.03073221, 37.63572692], [127.03079657, 37.63573051], [127.03080029, 37.63570483], [127.03085274, 37.63570922], [127.03085423, 37.63570427], [127.03091303, 37.6357166], [127.03092913, 37.6357484], [127.03092199, 37.6357511], [127.03094603, 37.63579173], [127.03091941, 37.63579849], [127.03094265, 37.63584273], [127.03097267, 37.63583299], [127.03099319, 37.6358719], [127.03100407, 37.63586983], [127.03102289, 37.63590875], [127.0311322, 37.63587187], [127.03111451, 37.63583565], [127.03112833, 37.63583205], [127.03110135, 37.63578286], [127.03109319, 37.63578493], [127.03106055, 37.63574755], [127.03107369, 37.63574313], [127.03104138, 37.6356898], [127.03103209, 37.63569359], [127.03101826, 37.63566891], [127.03104997, 37.63563322], [127.03105484, 37.63563583], [127.03108292, 37.63559663], [127.03111103, 37.63561284], [127.03114658, 37.6355722], [127.03111814, 37.63555599], [127.03115257, 37.63552445], [127.03114543, 37.63552066], [127.03117645, 37.63548435], [127.03107276, 37.63542986]]]}, "properties": {"name": "수유역두산위브2단지", "status": "partial", "capacity": 2, "active": 1, "industry": "기타 간이", "vacancy_rate": 50.0, "vacancy_rate_lo": null, "vacancy_rate_hi": null, "stores": 1, "source": "stores+ledger", "capacity_method": "expos_units", "active_pip": 0, "licensed": 0, "com_floors": null, "occ_floors": null, "unknown_n": null, "id": "1130510200104110000-1", "pnu": "1130510200104110000", "floors": 20, "height": 59.9}}, {"type": "Feature", "geometry": {"type": "Polygon", "coordinates": [[[127.03061741, 37.63535574], [127.03061583, 37.63537367], [127.03066307, 37.63537753], [127.03066195, 37.63539168], [127.03068778, 37.63539338], [127.0306915, 37.63536302], [127.03061741, 37.63535574]]]}, "properties": {"name": "수유역두산위브2단지", "status": "partial", "capacity": 2, "active": 1, "industry": "기타 간이", "vacancy_rate": 50.0, "vacancy_rate_lo": null, "vacancy_rate_hi": null, "stores": 1, "source": "stores+ledger", "capacity_method": "expos_units", "active_pip": 0, "licensed": 0, "com_floors": null, "occ_floors": null, "unknown_n": null, "id": "1130510200104110000-2", "pnu": "1130510200104110000", "floors": 1, "height": 0.0}}, {"type": "Feature", "geometry": {"type": "Polygon", "coordinates": [[[127.03063806, 37.6354361], [127.0306691, 37.63543726], [127.03067169, 37.63540195], [127.03063986, 37.63540052], [127.03063806, 37.6354361]]]}, "properties": {"name": "수유역두산위브2단지", "status": "partial", "capacity": 2, "active": 1, "industry": "기타 간이", "vacancy_rate": 50.0, "vacancy_rate_lo": null, "vacancy_rate_hi": null, "stores": 1, "source": "stores+ledger", "capacity_method": "expos_units", "active_pip": 0, "licensed": 0, "com_floors": null, "occ_floors": null, "unknown_n": null, "id": "1130510200104110000-3", "pnu": "1130510200104110000", "floors": 0, "height": 0.0}}, {"type": "Feature", "geometry": {"type": "Polygon", "coordinates": [[[127.03051461, 37.63498699], [127.03050875, 37.63506709], [127.03062102, 37.63507535], [127.03062677, 37.63499453], [127.03051461, 37.63498699]]]}, "properties": {"name": "루마버텍스", "status": "full", "capacity": 1, "active": 1, "industry": "자동차 부품 소매", "vacancy_rate": 0.0, "vacancy_rate_lo": 0.0, "vacancy_rate_hi": 0.0, "stores": 1, "source": "stores+ledger", "capacity_method": "floor_ouln", "active_pip": 0, "licensed": 0, "com_floors": [1], "occ_floors": [1], "unknown_n": 0, "id": "1130510200104360024-1", "pnu": "1130510200104360024", "floors": 3, "height": 11.6}}, {"type": "Feature", "geometry": {"type": "Polygon", "coordinates": [[[127.02851326, 37.63556341], [127.02851699, 37.63550746], [127.02837581, 37.63549569], [127.0283722, 37.63555479], [127.02851326, 37.63556341]]]}, "properties": {"name": "오른쪽", "status": "full", "capacity": 1, "active": 1, "industry": "한식", "vacancy_rate": 0.0, "vacancy_rate_lo": 0.0, "vacancy_rate_hi": 0.0, "stores": 2, "source": "stores+ledger", "capacity_method": "floor_ouln", "active_pip": 0, "licensed": 0, "com_floors": [1], "occ_floors": [1], "unknown_n": 0, "id": "1130510200104110049-1", "pnu": "1130510200104110049", "floors": 2, "height": 6.7}}, {"type": "Feature", "geometry": {"type": "Polygon", "coordinates": [[[127.03013414, 37.63489781], [127.03002264, 37.63489162], [127.0300214, 37.63490829], [127.02999693, 37.63490811], [127.02998509, 37.63501461], [127.03012274, 37.63502422], [127.03013414, 37.63489781]]]}, "properties": {"name": "진휘빌딩", "status": "partial", "capacity": 4, "active": 2, "industry": "교육 지원", "vacancy_rate": 50.0, "vacancy_rate_lo": 50.0, "vacancy_rate_hi": 50.0, "stores": 1, "source": "stores+ledger", "capacity_method": "floor_ouln", "active_pip": 0, "licensed": 0, "com_floors": [1, 2, 3, 5], "occ_floors": [3, 5], "unknown_n": 0, "id": "1130510200104370026-1", "pnu": "1130510200104370026", "floors": 6, "height": 21.2}}, {"type": "Feature", "geometry": {"type": "Polygon", "coordinates": [[[127.02992424, 37.63529438], [127.02990503, 37.63542657], [127.03000723, 37.63543482], [127.03002122, 37.63530129], [127.02992424, 37.63529438]]]}, "properties": {"name": "번동 411-101", "status": "empty", "capacity": 4, "active": 0, "industry": "", "vacancy_rate": 100.0, "source": "polygon_only", "capacity_method": "floor_approx", "active_pip": 0, "licensed": 0, "id": "1130510200104110101-1", "pnu": "1130510200104110101", "floors": 4, "height": 16.1}}, {"type": "Feature", "geometry": {"type": "Polygon", "coordinates": [[[127.02858527, 37.63484341], [127.02857793, 37.63492468], [127.02860683, 37.63495414], [127.02868785, 37.63495475], [127.02869257, 37.63489186], [127.02863831, 37.63488935], [127.02864124, 37.63484673], [127.02858527, 37.63484341]]]}, "properties": {"name": "번동 437-55", "status": "full", "capacity": 1, "active": 1, "industry": "서양식", "vacancy_rate": 0.0, "vacancy_rate_lo": 0.0, "vacancy_rate_hi": 0.0, "stores": 1, "source": "stores+ledger", "capacity_method": "floor_ouln", "active_pip": 0, "licensed": 0, "com_floors": [2], "occ_floors": [2], "unknown_n": 0, "id": "1130510200104370055-1", "pnu": "1130510200104370055", "floors": 2, "height": 0.0}}, {"type": "Feature", "geometry": {"type": "Polygon", "coordinates": [[[127.02896649, 37.63453489], [127.02909786, 37.63454252], [127.02909985, 37.63452617], [127.02896829, 37.63451609], [127.02896649, 37.63453489]]]}, "properties": {"name": "번동 437-12", "status": "full", "capacity": 2, "active": 2, "industry": "자동차 수리·세차", "vacancy_rate": 0.0, "vacancy_rate_lo": 0.0, "vacancy_rate_hi": 50.0, "stores": 2, "source": "stores+ledger", "capacity_method": "floor_ouln", "active_pip": 0, "licensed": 0, "com_floors": [1, 2], "occ_floors": [1], "unknown_n": 1, "id": "1130510200104370012-2", "pnu": "1130510200104370012", "floors": 0, "height": 0.0}}, {"type": "Feature", "geometry": {"type": "Polygon", "coordinates": [[[127.03056246, 37.63453811], [127.03066556, 37.6345443], [127.03067165, 37.63448817], [127.03066564, 37.63447907], [127.03056708, 37.63447279], [127.03056246, 37.63453811]]]}, "properties": {"name": "번동 436-16", "status": "empty", "capacity": 3, "active": 0, "industry": "", "vacancy_rate": 100.0, "source": "polygon_only", "capacity_method": "floor_approx", "active_pip": 0, "licensed": 0, "id": "1130510200104360016-1", "pnu": "1130510200104360016", "floors": 3, "height": 10.2}}, {"type": "Feature", "geometry": {"type": "Polygon", "coordinates": [[[127.03063207, 37.63547647], [127.03066764, 37.63547854], [127.03067058, 37.63544501], [127.03063579, 37.63544322], [127.03063207, 37.63547647]]]}, "properties": {"name": "수유역두산위브2단지", "status": "partial", "capacity": 2, "active": 1, "industry": "기타 간이", "vacancy_rate": 50.0, "vacancy_rate_lo": null, "vacancy_rate_hi": null, "stores": 1, "source": "stores+ledger", "capacity_method": "expos_units", "active_pip": 0, "licensed": 0, "com_floors": null, "occ_floors": null, "unknown_n": null, "id": "1130510200104110000-4", "pnu": "1130510200104110000", "floors": 0, "height": 0.0}}, {"type": "Feature", "geometry": {"type": "Polygon", "coordinates": [[[127.03008658, 37.63441425], [127.03005084, 37.63455013], [127.03014625, 37.63456166], [127.03016026, 37.63449875], [127.03022019, 37.63450756], [127.03023467, 37.63444134], [127.03013768, 37.63442884], [127.0301404, 37.63442028], [127.03008658, 37.63441425]]]}, "properties": {"name": "대호", "status": "high", "capacity": 3, "active": 1, "industry": "기타 간이", "vacancy_rate": 66.7, "vacancy_rate_lo": 66.7, "vacancy_rate_hi": 66.7, "stores": 5, "source": "stores+ledger", "capacity_method": "floor_ouln", "active_pip": 0, "licensed": 0, "com_floors": [1, 2, 3], "occ_floors": [1], "unknown_n": 0, "id": "1130510200104370017-2", "pnu": "1130510200104370017", "floors": 0, "height": 0.0}}, {"type": "Feature", "geometry": {"type": "Polygon", "coordinates": [[[127.03016536, 37.63450478], [127.03015382, 37.6345556], [127.03031617, 37.63457124], [127.0303492, 37.63443906], [127.03025786, 37.63435403], [127.03022722, 37.63451261], [127.03016536, 37.63450478]]]}, "properties": {"name": "대호", "status": "high", "capacity": 3, "active": 1, "industry": "기타 간이", "vacancy_rate": 66.7, "vacancy_rate_lo": 66.7, "vacancy_rate_hi": 66.7, "stores": 5, "source": "stores+ledger", "capacity_method": "floor_ouln", "active_pip": 0, "licensed": 0, "com_floors": [1, 2, 3], "occ_floors": [1], "unknown_n": 0, "id": "1130510200104370017-3", "pnu": "1130510200104370017", "floors": 4, "height": 11.6}}, {"type": "Feature", "geometry": {"type": "Polygon", "coordinates": [[[127.03022844, 37.6341933], [127.03028603, 37.63425581], [127.03035568, 37.63421237], [127.03029685, 37.63415085], [127.03022844, 37.6341933]]]}, "properties": {"name": "번동 526-19", "status": "empty", "capacity": 3, "active": 0, "industry": "", "vacancy_rate": 100.0, "source": "polygon_only", "capacity_method": "floor_approx", "active_pip": 0, "licensed": 0, "id": "1130510200105260019-1", "pnu": "1130510200105260019", "floors": 3, "height": 0.0}}, {"type": "Feature", "geometry": {"type": "Polygon", "coordinates": [[[127.02939705, 37.63492187], [127.02938609, 37.63500557], [127.02953145, 37.6350159], [127.02953664, 37.63495896], [127.0294911, 37.63495626], [127.02949414, 37.63492437], [127.02939705, 37.63492187]]]}, "properties": {"name": "번동 437-10", "status": "full", "capacity": 1, "active": 1, "industry": "유원지·오락", "vacancy_rate": 0.0, "vacancy_rate_lo": 0.0, "vacancy_rate_hi": 0.0, "stores": 2, "source": "stores+ledger", "capacity_method": "floor_ouln", "active_pip": 0, "licensed": 0, "com_floors": [1], "occ_floors": [1], "unknown_n": 0, "id": "1130510200104370010-1", "pnu": "1130510200104370010", "floors": 1, "height": 0.0}}, {"type": "Feature", "geometry": {"type": "Polygon", "coordinates": [[[127.03012784, 37.63503007], [127.03017701, 37.63503375], [127.03017746, 37.63502781], [127.03024759, 37.63503293], [127.03025696, 37.6349367], [127.03014797, 37.63493087], [127.03014583, 37.63496123], [127.03013495, 37.6349607], [127.03012784, 37.63503007]]]}, "properties": {"name": "번동 437-19", "status": "high", "capacity": 3, "active": 1, "industry": "의약·화장품 소매", "vacancy_rate": 66.7, "vacancy_rate_lo": 66.7, "vacancy_rate_hi": 66.7, "stores": 1, "source": "stores+ledger", "capacity_method": "floor_ouln", "active_pip": 0, "licensed": 0, "com_floors": [1, 2, 3], "occ_floors": [2], "unknown_n": 0, "id": "1130510200104370019-1", "pnu": "1130510200104370019", "floors": 5, "height": 15.0}}, {"type": "Feature", "geometry": {"type": "Polygon", "coordinates": [[[127.02979157, 37.63413242], [127.02978278, 37.63425576], [127.02988406, 37.63426295], [127.02988745, 37.63423114], [127.02998001, 37.63423895], [127.03002206, 37.63428246], [127.03011667, 37.63429289], [127.03014758, 37.63427062], [127.03001464, 37.63414443], [127.02979157, 37.63413242]]]}, "properties": {"name": "번동 437-83", "status": "empty", "capacity": 4, "active": 0, "industry": "", "vacancy_rate": 100.0, "source": "polygon_only", "capacity_method": "floor_approx", "active_pip": 0, "licensed": 0, "id": "1130510200104370083-1", "pnu": "1130510200104370083", "floors": 4, "height": 0.0}}, {"type": "Feature", "geometry": {"type": "Polygon", "coordinates": [[[127.02843182, 37.63530286], [127.02855452, 37.63531103], [127.02855621, 37.6352849], [127.02869115, 37.63529415], [127.02870063, 37.63520549], [127.02850802, 37.63518823], [127.02844052, 37.63523277], [127.02843182, 37.63530286]]]}, "properties": {"name": "해솔빌딩", "status": "partial", "capacity": 2, "active": 1, "industry": "기타 간이", "vacancy_rate": 50.0, "vacancy_rate_lo": 50.0, "vacancy_rate_hi": 50.0, "stores": 1, "source": "stores+ledger", "capacity_method": "floor_ouln", "active_pip": 0, "licensed": 0, "com_floors": [1, 3], "occ_floors": [1], "unknown_n": 0, "id": "1130510200104110008-1", "pnu": "1130510200104110008", "floors": 3, "height": 0.0}}, {"type": "Feature", "geometry": {"type": "Polygon", "coordinates": [[[127.03005499, 37.63530417], [127.03004325, 37.63541229], [127.03019938, 37.6354263], [127.03020096, 37.63541432], [127.03024662, 37.63541809], [127.03025068, 37.63537854], [127.03023573, 37.63537791], [127.03024113, 37.63532052], [127.03005499, 37.63530417]]]}, "properties": {"name": "일부", "status": "partial", "capacity": 4, "active": 2, "industry": "의약·화장품 소매", "vacancy_rate": 50.0, "vacancy_rate_lo": 50.0, "vacancy_rate_hi": 50.0, "stores": 3, "source": "stores+ledger", "capacity_method": "floor_ouln", "active_pip": 0, "licensed": 0, "com_floors": [1, 2, 3, 5], "occ_floors": [1, 5], "unknown_n": 0, "id": "1130510200104110103-1", "pnu": "1130510200104110103", "floors": 6, "height": 22.4}}, {"type": "Feature", "geometry": {"type": "Polygon", "coordinates": [[[127.0291512, 37.63521411], [127.02902454, 37.63520757], [127.02901823, 37.63531272], [127.02914128, 37.63532341], [127.0291512, 37.63521411]]]}, "properties": {"name": "번동 411-43", "status": "empty", "capacity": 1, "active": 0, "industry": "", "vacancy_rate": 100.0, "source": "polygon_only", "capacity_method": "floor_approx", "active_pip": 0, "licensed": 0, "id": "1130510200104110043-1", "pnu": "1130510200104110043", "floors": 1, "height": 0.0}}, {"type": "Feature", "geometry": {"type": "Polygon", "coordinates": [[[127.02880761, 37.63529196], [127.0290095, 37.63530642], [127.02901582, 37.63523064], [127.02881438, 37.63521564], [127.02880761, 37.63529196]]]}, "properties": {"name": "번동 411-7", "status": "full", "capacity": 1, "active": 1, "industry": "모터사이클 소매", "vacancy_rate": 0.0, "vacancy_rate_lo": 0.0, "vacancy_rate_hi": 0.0, "stores": 1, "source": "stores+ledger", "capacity_method": "floor_ouln", "active_pip": 0, "licensed": 0, "com_floors": [1], "occ_floors": [1], "unknown_n": 0, "id": "1130510200104110007-1", "pnu": "1130510200104110007", "floors": 1, "height": 4.6}}, {"type": "Feature", "geometry": {"type": "Polygon", "coordinates": [[[127.02907906, 37.63471652], [127.02905593, 37.63494006], [127.02937996, 37.63496332], [127.02940095, 37.63473852], [127.02907906, 37.63471652]]]}, "properties": {"name": "번동 437-11", "status": "empty", "capacity": 6, "active": 0, "industry": "", "vacancy_rate": 100.0, "source": "polygon_only", "capacity_method": "floor_approx", "active_pip": 0, "licensed": 0, "id": "1130510200104370011-1", "pnu": "1130510200104370011", "floors": 6, "height": 26.55}}, {"type": "Feature", "geometry": {"type": "Polygon", "coordinates": [[[127.02955487, 37.63492931], [127.02954709, 37.63501707], [127.02964781, 37.63502461], [127.02965402, 37.63496605], [127.02960836, 37.63496371], [127.02961163, 37.63493352], [127.02955487, 37.63492931]]]}, "properties": {"name": "번동 437-44", "status": "full", "capacity": 1, "active": 1, "industry": "자동차 부품 소매", "vacancy_rate": 0.0, "vacancy_rate_lo": 0.0, "vacancy_rate_hi": 100.0, "stores": 1, "source": "stores+ledger", "capacity_method": "floor_ouln", "active_pip": 0, "licensed": 0, "com_floors": [1], "occ_floors": [], "unknown_n": 1, "id": "1130510200104370044-1", "pnu": "1130510200104370044", "floors": 1, "height": 0.0}}, {"type": "Feature", "geometry": {"type": "Polygon", "coordinates": [[[127.02900957, 37.634953], [127.02901664, 37.63487091], [127.02900274, 37.63487019], [127.02900564, 37.63484508], [127.02889716, 37.63484334], [127.02889628, 37.6348373], [127.02885622, 37.63483401], [127.02884012, 37.63493862], [127.02900957, 37.634953]]]}, "properties": {"name": "번동 437-12", "status": "full", "capacity": 2, "active": 2, "industry": "자동차 수리·세차", "vacancy_rate": 0.0, "vacancy_rate_lo": 0.0, "vacancy_rate_hi": 50.0, "stores": 2, "source": "stores+ledger", "capacity_method": "floor_ouln", "active_pip": 0, "licensed": 0, "com_floors": [1, 2], "occ_floors": [1], "unknown_n": 1, "id": "1130510200104370012-3", "pnu": "1130510200104370012", "floors": 3, "height": 11.8}}, {"type": "Feature", "geometry": {"type": "Polygon", "coordinates": [[[127.02933041, 37.63541521], [127.02934029, 37.6353336], [127.02946433, 37.6353431], [127.02947302, 37.63527135], [127.02934558, 37.63526159], [127.02933875, 37.6353181], [127.02916169, 37.63530455], [127.02914999, 37.6354013], [127.02933041, 37.63541521]]]}, "properties": {"name": "번동 411-34", "status": "empty", "capacity": 2, "active": 0, "industry": "", "vacancy_rate": 100.0, "source": "polygon_only", "capacity_method": "floor_approx", "active_pip": 0, "licensed": 0, "id": "1130510200104110034-1", "pnu": "1130510200104110034", "floors": 2, "height": 9.9}}, {"type": "Feature", "geometry": {"type": "Polygon", "coordinates": [[[127.02906662, 37.63460882], [127.02907014, 37.63454571], [127.02894528, 37.63454091], [127.0289402, 37.63459875], [127.02906662, 37.63460882]]]}, "properties": {"name": "번동 437-12", "status": "full", "capacity": 2, "active": 2, "industry": "자동차 수리·세차", "vacancy_rate": 0.0, "vacancy_rate_lo": 0.0, "vacancy_rate_hi": 50.0, "stores": 2, "source": "stores+ledger", "capacity_method": "floor_ouln", "active_pip": 0, "licensed": 0, "com_floors": [1, 2], "occ_floors": [1], "unknown_n": 1, "id": "1130510200104370012-4", "pnu": "1130510200104370012", "floors": 1, "height": 4.5}}, {"type": "Feature", "geometry": {"type": "Polygon", "coordinates": [[[127.02773159, 37.63663468], [127.02786714, 37.63676106], [127.027971, 37.63669184], [127.0278307, 37.63656258], [127.02773159, 37.63663468]]]}, "properties": {"name": "일부", "status": "full", "capacity": 4, "active": 4, "industry": "기타 숙박", "vacancy_rate": 0.0, "vacancy_rate_lo": 0.0, "vacancy_rate_hi": 0.0, "stores": 14, "source": "stores+ledger", "capacity_method": "floor_ouln", "active_pip": 0, "licensed": 0, "com_floors": [1, 2, 3, 4], "occ_floors": [1, 2, 3, 4], "unknown_n": 0, "id": "1130510200104150019-1", "pnu": "1130510200104150019", "floors": 5, "height": 16.3}}, {"type": "Feature", "geometry": {"type": "Polygon", "coordinates": [[[127.02619206, 37.63709102], [127.026312, 37.63700027], [127.02626224, 37.63694856], [127.02613211, 37.63704139], [127.02619206, 37.63709102]]]}, "properties": {"name": "번동 445-58", "status": "full", "capacity": 1, "active": 1, "industry": "한식", "vacancy_rate": 0.0, "vacancy_rate_lo": 0.0, "vacancy_rate_hi": 0.0, "stores": 2, "source": "stores+ledger", "capacity_method": "floor_ouln", "active_pip": 0, "licensed": 0, "com_floors": [1], "occ_floors": [1], "unknown_n": 0, "id": "1130510200104450058-1", "pnu": "1130510200104450058", "floors": 3, "height": 9.6}}, {"type": "Feature", "geometry": {"type": "Polygon", "coordinates": [[[127.02650805, 37.63711582], [127.02661243, 37.63721869], [127.02666929, 37.63718066], [127.02655823, 37.63708184], [127.02650805, 37.63711582]]]}, "properties": {"name": "번동 445-2", "status": "full", "capacity": 2, "active": 2, "industry": "이용·미용", "vacancy_rate": 0.0, "vacancy_rate_lo": 0.0, "vacancy_rate_hi": 50.0, "stores": 2, "source": "stores+ledger", "capacity_method": "floor_ouln", "active_pip": 0, "licensed": 0, "com_floors": [1, 2], "occ_floors": [2], "unknown_n": 1, "id": "1130510200104450002-1", "pnu": "1130510200104450002", "floors": 4, "height": 12.6}}, {"type": "Feature", "geometry": {"type": "Polygon", "coordinates": [[[127.02563563, 37.63771066], [127.02568472, 37.63775895], [127.025774, 37.63776379], [127.02584999, 37.63770872], [127.02577734, 37.63764216], [127.02575469, 37.63766091], [127.02573373, 37.63764099], [127.02563563, 37.63771066]]]}, "properties": {"name": "번동 446-14", "status": "full", "capacity": 8, "active": 8, "industry": "의약·화장품 소매", "vacancy_rate": 0.0, "vacancy_rate_lo": null, "vacancy_rate_hi": null, "stores": 8, "source": "stores+ledger", "capacity_method": "expos_units", "active_pip": 0, "licensed": 0, "com_floors": null, "occ_floors": null, "unknown_n": null, "id": "1130510200104460014-1", "pnu": "1130510200104460014", "floors": 4, "height": 13.2}}, {"type": "Feature", "geometry": {"type": "Polygon", "coordinates": [[[127.0260692, 37.63729269], [127.02612541, 37.63734692], [127.02623245, 37.63726797], [127.02617771, 37.63721609], [127.0260692, 37.63729269]]]}, "properties": {"name": "번동 446-18", "status": "full", "capacity": 2, "active": 2, "industry": "이용·미용", "vacancy_rate": 0.0, "vacancy_rate_lo": 0.0, "vacancy_rate_hi": 0.0, "stores": 3, "source": "stores+ledger", "capacity_method": "floor_ouln", "active_pip": 0, "licensed": 0, "com_floors": [1, 2], "occ_floors": [1, 2], "unknown_n": 0, "id": "1130510200104460018-1", "pnu": "1130510200104460018", "floors": 4, "height": 12.4}}, {"type": "Feature", "geometry": {"type": "Polygon", "coordinates": [[[127.02716741, 37.63672879], [127.0272493, 37.63666912], [127.02721859, 37.63664021], [127.02713828, 37.63669978], [127.02716741, 37.63672879]]]}, "properties": {"name": "일부", "status": "full", "capacity": 1, "active": 1, "industry": "한식", "vacancy_rate": 0.0, "vacancy_rate_lo": 0.0, "vacancy_rate_hi": 0.0, "stores": 2, "source": "stores+ledger", "capacity_method": "floor_ouln", "active_pip": 0, "licensed": 0, "com_floors": [1], "occ_floors": [1], "unknown_n": 0, "id": "1130510200104450039-1", "pnu": "1130510200104450039", "floors": 0, "height": 0.0}}, {"type": "Feature", "geometry": {"type": "Polygon", "coordinates": [[[127.02601616, 37.63694996], [127.02609613, 37.63689409], [127.02603765, 37.63683635], [127.02599687, 37.63686249], [127.02601399, 37.63687843], [127.02597253, 37.63690899], [127.02601616, 37.63694996]]]}, "properties": {"name": "번동 445-51", "status": "full", "capacity": 1, "active": 1, "industry": "한식", "vacancy_rate": 0.0, "vacancy_rate_lo": 0.0, "vacancy_rate_hi": 0.0, "stores": 1, "source": "stores+ledger", "capacity_method": "floor_ouln", "active_pip": 0, "licensed": 0, "com_floors": [1], "occ_floors": [1], "unknown_n": 0, "id": "1130510200104450051-1", "pnu": "1130510200104450051", "floors": 1, "height": 0.0}}, {"type": "Feature", "geometry": {"type": "Polygon", "coordinates": [[[127.02551705, 37.63680745], [127.0256654, 37.63695004], [127.02566834, 37.63694887], [127.02576564, 37.63688227], [127.02560948, 37.63674382], [127.02551705, 37.63680745]]]}, "properties": {"name": "동아빌딩", "status": "partial", "capacity": 6, "active": 3, "industry": "한식", "vacancy_rate": 50.0, "vacancy_rate_lo": 50.0, "vacancy_rate_hi": 50.0, "stores": 1, "source": "stores+ledger", "capacity_method": "floor_ouln", "active_pip": 0, "licensed": 0, "com_floors": [1, 2, 3, 4, 5, 6], "occ_floors": [1, 5, 6], "unknown_n": 0, "id": "1130510200104460037-1", "pnu": "1130510200104460037", "floors": 8, "height": 26.1}}, {"type": "Feature", "geometry": {"type": "Polygon", "coordinates": [[[127.02715779, 37.6367478], [127.02708405, 37.63680071], [127.0271448, 37.63685592], [127.02722533, 37.63680004], [127.02715779, 37.6367478]]]}, "properties": {"name": "번동 445-38", "status": "full", "capacity": 2, "active": 2, "industry": "기타 교육", "vacancy_rate": 0.0, "vacancy_rate_lo": 0.0, "vacancy_rate_hi": 50.0, "stores": 2, "source": "stores+ledger", "capacity_method": "floor_ouln", "active_pip": 0, "licensed": 0, "com_floors": [1, 2], "occ_floors": [1], "unknown_n": 1, "id": "1130510200104450038-1", "pnu": "1130510200104450038", "floors": 4, "height": 13.3}}, {"type": "Feature", "geometry": {"type": "Polygon", "coordinates": [[[127.02584586, 37.63754492], [127.02575286, 37.63760712], [127.02586336, 37.63770908], [127.0259508, 37.63764347], [127.02584586, 37.63754492]]]}, "properties": {"name": "일부", "status": "full", "capacity": 3, "active": 3, "industry": "비알코올 ", "vacancy_rate": 0.0, "vacancy_rate_lo": 0.0, "vacancy_rate_hi": 33.3, "stores": 4, "source": "stores+ledger", "capacity_method": "floor_ouln", "active_pip": 0, "licensed": 0, "com_floors": [1, 2, 3], "occ_floors": [1, 3], "unknown_n": 1, "id": "1130510200104460046-1", "pnu": "1130510200104460046", "floors": 3, "height": 10.2}}, {"type": "Feature", "geometry": {"type": "Polygon", "coordinates": [[[127.02634733, 37.63725127], [127.02643833, 37.63733495], [127.02657097, 37.63724113], [127.0265738, 37.63722555], [127.02653243, 37.63718933], [127.02644578, 37.63724972], [127.0264026, 37.63720864], [127.02634733, 37.63725127]]]}, "properties": {"name": "전체", "status": "partial", "capacity": 4, "active": 3, "industry": "스포츠 서비스", "vacancy_rate": 25.0, "vacancy_rate_lo": 25.0, "vacancy_rate_hi": 50.0, "stores": 3, "source": "stores+ledger", "capacity_method": "floor_ouln", "active_pip": 0, "licensed": 0, "com_floors": [1, 2, 3, 4], "occ_floors": [1, 4], "unknown_n": 1, "id": "1130510200104450001-1", "pnu": "1130510200104450001", "floors": 5, "height": 17.4}}, {"type": "Feature", "geometry": {"type": "Polygon", "coordinates": [[[127.02663763, 37.63737212], [127.02671222, 37.63744535], [127.02687827, 37.63733396], [127.02680425, 37.6372582], [127.02663763, 37.63737212]]]}, "properties": {"name": "일부", "status": "full", "capacity": 1, "active": 1, "industry": "이용·미용", "vacancy_rate": 0.0, "vacancy_rate_lo": 0.0, "vacancy_rate_hi": 0.0, "stores": 4, "source": "stores+ledger", "capacity_method": "floor_ouln", "active_pip": 0, "licensed": 0, "com_floors": [1], "occ_floors": [1], "unknown_n": 0, "id": "1130510200104150014-1", "pnu": "1130510200104150014", "floors": 1, "height": 0.0}}, {"type": "Feature", "geometry": {"type": "Polygon", "coordinates": [[[127.02692398, 37.63686246], [127.02687981, 37.63689508], [127.02690338, 37.63691436], [127.02685491, 37.63695347], [127.0269169, 37.63701301], [127.02701941, 37.63694343], [127.02692398, 37.63686246]]]}, "properties": {"name": "번동 445-24", "status": "full", "capacity": 2, "active": 2, "industry": "기타 간이", "vacancy_rate": 0.0, "vacancy_rate_lo": 0.0, "vacancy_rate_hi": 0.0, "stores": 3, "source": "stores+ledger", "capacity_method": "floor_ouln", "active_pip": 0, "licensed": 0, "com_floors": [1, 2], "occ_floors": [1, 2], "unknown_n": 0, "id": "1130510200104450024-1", "pnu": "1130510200104450024", "floors": 2, "height": 0.0}}, {"type": "Feature", "geometry": {"type": "Polygon", "coordinates": [[[127.02668192, 37.63699703], [127.02664929, 37.63701713], [127.02666221, 37.63702767], [127.02661442, 37.63706498], [127.02666417, 37.6371084], [127.02665726, 37.63711245], [127.02670429, 37.63715641], [127.02679536, 37.63709314], [127.02668192, 37.63699703]]]}, "properties": {"name": "번동 445-62", "status": "full", "capacity": 2, "active": 2, "industry": "주점", "vacancy_rate": 0.0, "vacancy_rate_lo": 0.0, "vacancy_rate_hi": 0.0, "stores": 1, "source": "stores+ledger", "capacity_method": "floor_ouln", "active_pip": 0, "licensed": 0, "com_floors": [1, 2], "occ_floors": [1, 2], "unknown_n": 0, "id": "1130510200104450062-1", "pnu": "1130510200104450062", "floors": 3, "height": 10.1}}, {"type": "Feature", "geometry": {"type": "Polygon", "coordinates": [[[127.02616586, 37.63742707], [127.02613778, 37.63739881], [127.02611489, 37.6374135], [127.02608724, 37.63738468], [127.0259964, 37.63744263], [127.02611517, 37.63755235], [127.02636436, 37.63738372], [127.02630702, 37.6373322], [127.02616586, 37.63742707]]]}, "properties": {"name": "일부", "status": "full", "capacity": 2, "active": 2, "industry": "기타 간이", "vacancy_rate": 0.0, "vacancy_rate_lo": 0.0, "vacancy_rate_hi": 0.0, "stores": 11, "source": "stores+ledger", "capacity_method": "floor_ouln", "active_pip": 0, "licensed": 0, "com_floors": [1, 2], "occ_floors": [1, 2], "unknown_n": 0, "id": "1130510200104460001-1", "pnu": "1130510200104460001", "floors": 2, "height": 0.0}}, {"type": "Feature", "geometry": {"type": "Polygon", "coordinates": [[[127.02761175, 37.6367158], [127.02753077, 37.63677105], [127.02761248, 37.63684707], [127.0276929, 37.63679435], [127.02761175, 37.6367158]]]}, "properties": {"name": "번동 415-38", "status": "full", "capacity": 2, "active": 2, "industry": "한식", "vacancy_rate": 0.0, "vacancy_rate_lo": 0.0, "vacancy_rate_hi": 0.0, "stores": 2, "source": "stores+ledger", "capacity_method": "floor_ouln", "active_pip": 0, "licensed": 0, "com_floors": [1, 2], "occ_floors": [1, 2], "unknown_n": 0, "id": "1130510200104150038-1", "pnu": "1130510200104150038", "floors": 4, "height": 10.05}}, {"type": "Feature", "geometry": {"type": "Polygon", "coordinates": [[[127.02741027, 37.63568214], [127.02740067, 37.63576684], [127.02750728, 37.6357733], [127.02751111, 37.63569122], [127.02741027, 37.63568214]]]}, "properties": {"name": "번동 443-78", "status": "empty", "capacity": 4, "active": 0, "industry": "", "vacancy_rate": 100.0, "source": "polygon_only", "capacity_method": "floor_approx", "active_pip": 0, "licensed": 0, "id": "1130510200104430078-1", "pnu": "1130510200104430078", "floors": 4, "height": 10.3}}, {"type": "Feature", "geometry": {"type": "Polygon", "coordinates": [[[127.02767829, 37.63649351], [127.0277714, 37.63642889], [127.02772231, 37.63638584], [127.02763081, 37.63644911], [127.02767829, 37.63649351]]]}, "properties": {"name": "번동 444-2", "status": "partial", "capacity": 2, "active": 1, "industry": "기타 간이", "vacancy_rate": 50.0, "vacancy_rate_lo": 50.0, "vacancy_rate_hi": 50.0, "stores": 2, "source": "stores+ledger", "capacity_method": "floor_ouln", "active_pip": 0, "licensed": 0, "com_floors": [1, 2], "occ_floors": [1], "unknown_n": 0, "id": "1130510200104440002-1", "pnu": "1130510200104440002", "floors": 0, "height": 0.0}}, {"type": "Feature", "geometry": {"type": "Polygon", "coordinates": [[[127.0264799, 37.63780145], [127.02656761, 37.63774169], [127.02652855, 37.63770542], [127.02651998, 37.63771126], [127.0265075, 37.63769966], [127.02651605, 37.63769383], [127.02648948, 37.63766917], [127.02640176, 37.63772892], [127.0264799, 37.63780145]]]}, "properties": {"name": "번동 418-12", "status": "empty", "capacity": 1, "active": 0, "industry": "", "vacancy_rate": 100.0, "source": "polygon_only", "capacity_method": "floor_approx", "active_pip": 0, "licensed": 0, "id": "1130510200104180012-1", "pnu": "1130510200104180012", "floors": 1, "height": 6.9}}, {"type": "Feature", "geometry": {"type": "Polygon", "coordinates": [[[127.02740097, 37.63656574], [127.02730741, 37.63663271], [127.02737405, 37.63669837], [127.02747361, 37.63662645], [127.02740097, 37.63656574]]]}, "properties": {"name": "좌측", "status": "full", "capacity": 5, "active": 5, "industry": "이용·미용", "vacancy_rate": 0.0, "vacancy_rate_lo": null, "vacancy_rate_hi": null, "stores": 5, "source": "stores+ledger", "capacity_method": "expos_units", "active_pip": 0, "licensed": 0, "com_floors": null, "occ_floors": null, "unknown_n": null, "id": "1130510200104440001-1", "pnu": "1130510200104440001", "floors": 4, "height": 12.9}}, {"type": "Feature", "geometry": {"type": "Polygon", "coordinates": [[[127.02611941, 37.63704373], [127.02618421, 37.63700038], [127.02609251, 37.63691256], [127.02606216, 37.63693283], [127.02609786, 37.63696959], [127.02606546, 37.63699447], [127.02611941, 37.63704373]]]}, "properties": {"name": "번동 445-52", "status": "full", "capacity": 1, "active": 1, "industry": "기타 간이", "vacancy_rate": 0.0, "vacancy_rate_lo": 0.0, "vacancy_rate_hi": 0.0, "stores": 1, "source": "stores+ledger", "capacity_method": "floor_ouln", "active_pip": 0, "licensed": 0, "com_floors": [1], "occ_floors": [1], "unknown_n": 0, "id": "1130510200104450052-1", "pnu": "1130510200104450052", "floors": 1, "height": 0.0}}, {"type": "Feature", "geometry": {"type": "Polygon", "coordinates": [[[127.02593429, 37.63738111], [127.02599537, 37.63743831], [127.02610298, 37.63735909], [127.02604858, 37.63729972], [127.02593429, 37.63738111]]]}, "properties": {"name": "번동 446-19", "status": "empty", "capacity": 6, "active": 0, "industry": "", "vacancy_rate": 100.0, "source": "polygon_only", "capacity_method": "floor_approx", "active_pip": 0, "licensed": 0, "id": "1130510200104460019-1", "pnu": "1130510200104460019", "floors": 6, "height": 20.4}}, {"type": "Feature", "geometry": {"type": "Polygon", "coordinates": [[[127.0282747, 37.63625191], [127.02813606, 37.63634006], [127.02820384, 37.63640869], [127.02834146, 37.63631397], [127.0282747, 37.63625191]]]}, "properties": {"name": "번동 415-79", "status": "partial", "capacity": 3, "active": 2, "industry": "유원지·오락", "vacancy_rate": 33.3, "vacancy_rate_lo": 33.3, "vacancy_rate_hi": 66.7, "stores": 3, "source": "stores+ledger", "capacity_method": "floor_ouln", "active_pip": 0, "licensed": 0, "com_floors": [1, 2, 3], "occ_floors": [1], "unknown_n": 1, "id": "1130510200104150079-1", "pnu": "1130510200104150079", "floors": 4, "height": 11.4}}, {"type": "Feature", "geometry": {"type": "Polygon", "coordinates": [[[127.02842966, 37.63617582], [127.02840553, 37.63615736], [127.02840744, 37.63613177], [127.02830886, 37.63612612], [127.02830492, 37.63616018], [127.02836499, 37.63621539], [127.02842966, 37.63617582]]]}, "properties": {"name": "일부", "status": "full", "capacity": 1, "active": 1, "industry": "주점", "vacancy_rate": 0.0, "vacancy_rate_lo": 0.0, "vacancy_rate_hi": 0.0, "stores": 2, "source": "stores+ledger", "capacity_method": "floor_ouln", "active_pip": 0, "licensed": 0, "com_floors": [1], "occ_floors": [1], "unknown_n": 0, "id": "1130510200104140025-1", "pnu": "1130510200104140025", "floors": 3, "height": 0.0}}, {"type": "Feature", "geometry": {"type": "Polygon", "coordinates": [[[127.02621816, 37.63787064], [127.02618474, 37.63789668], [127.0262226, 37.63792938], [127.02626043, 37.63790343], [127.02621816, 37.63787064]]]}, "properties": {"name": "정준빌딩", "status": "full", "capacity": 5, "active": 5, "industry": "스포츠 서비스", "vacancy_rate": 0.0, "vacancy_rate_lo": 0.0, "vacancy_rate_hi": 40.0, "stores": 6, "source": "stores+ledger", "capacity_method": "floor_ouln", "active_pip": 0, "licensed": 0, "com_floors": [1, 2, 3, 4, 5], "occ_floors": [2, 3, 5], "unknown_n": 2, "id": "1130510200104180017-1", "pnu": "1130510200104180017", "floors": 0, "height": 0.0}}, {"type": "Feature", "geometry": {"type": "Polygon", "coordinates": [[[127.02626992, 37.63783342], [127.02623911, 37.63786153], [127.02627504, 37.6378945], [127.02630879, 37.63786882], [127.02626992, 37.63783342]]]}, "properties": {"name": "정준빌딩", "status": "full", "capacity": 5, "active": 5, "industry": "스포츠 서비스", "vacancy_rate": 0.0, "vacancy_rate_lo": 0.0, "vacancy_rate_hi": 40.0, "stores": 6, "source": "stores+ledger", "capacity_method": "floor_ouln", "active_pip": 0, "licensed": 0, "com_floors": [1, 2, 3, 4, 5], "occ_floors": [2, 3, 5], "unknown_n": 2, "id": "1130510200104180017-2", "pnu": "1130510200104180017", "floors": 0, "height": 0.0}}, {"type": "Feature", "geometry": {"type": "Polygon", "coordinates": [[[127.02682931, 37.63791014], [127.02685741, 37.63793221], [127.02685764, 37.63794582], [127.02687249, 37.63796807], [127.02689561, 37.63798464], [127.02692972, 37.63799887], [127.02700629, 37.63794218], [127.02690316, 37.63785292], [127.02682931, 37.63791014]]]}, "properties": {"name": "번동 415-1", "status": "partial", "capacity": 3, "active": 2, "industry": "종합 소매", "vacancy_rate": 33.3, "vacancy_rate_lo": 33.3, "vacancy_rate_hi": 33.3, "stores": 2, "source": "stores+ledger", "capacity_method": "floor_ouln", "active_pip": 0, "licensed": 0, "com_floors": [1, 2, 3], "occ_floors": [1, 3], "unknown_n": 0, "id": "1130510200104150001-1", "pnu": "1130510200104150001", "floors": 5, "height": 15.2}}, {"type": "Feature", "geometry": {"type": "Polygon", "coordinates": [[[127.02787061, 37.63794637], [127.02784626, 37.63792397], [127.02789351, 37.63789148], [127.02784912, 37.63785064], [127.02776959, 37.63790531], [127.02779627, 37.63792985], [127.02780737, 37.63792223], [127.0278139, 37.63792823], [127.0278028, 37.63793586], [127.02783834, 37.63796855], [127.02787061, 37.63794637]]]}, "properties": {"name": "번동 416-100", "status": "empty", "capacity": 6, "active": 0, "industry": "", "vacancy_rate": 100.0, "source": "polygon_only", "capacity_method": "floor_approx", "active_pip": 0, "licensed": 0, "id": "1130510200104160100-1", "pnu": "1130510200104160100", "floors": 6, "height": 19.4}}, {"type": "Feature", "geometry": {"type": "Polygon", "coordinates": [[[127.02821526, 37.63786819], [127.02814799, 37.63792254], [127.02822359, 37.63799226], [127.02827354, 37.6379554], [127.02827805, 37.63792615], [127.02821526, 37.63786819]]]}, "properties": {"name": "번동 416-79", "status": "full", "capacity": 1, "active": 1, "industry": "이용·미용", "vacancy_rate": 0.0, "vacancy_rate_lo": 0.0, "vacancy_rate_hi": 0.0, "stores": 1, "source": "stores+ledger", "capacity_method": "floor_ouln", "active_pip": 0, "licensed": 0, "com_floors": [1], "occ_floors": [1], "unknown_n": 0, "id": "1130510200104160079-1", "pnu": "1130510200104160079", "floors": 3, "height": 9.45}}, {"type": "Feature", "geometry": {"type": "Polygon", "coordinates": [[[127.02792678, 37.63659247], [127.02797594, 37.63655885], [127.02792279, 37.63650696], [127.02787227, 37.63654041], [127.02792678, 37.63659247]]]}, "properties": {"name": "번동 415-21", "status": "full", "capacity": 2, "active": 2, "industry": "기타 간이", "vacancy_rate": 0.0, "vacancy_rate_lo": 0.0, "vacancy_rate_hi": 0.0, "stores": 3, "source": "stores+ledger", "capacity_method": "floor_ouln", "active_pip": 0, "licensed": 0, "com_floors": [1, 2], "occ_floors": [1, 2], "unknown_n": 0, "id": "1130510200104150021-1", "pnu": "1130510200104150021", "floors": 4, "height": 12.4}}, {"type": "Feature", "geometry": {"type": "Polygon", "coordinates": [[[127.02782107, 37.63628427], [127.02787876, 37.63634318], [127.02797188, 37.63628657], [127.02795668, 37.63626964], [127.02791351, 37.63626271], [127.02790083, 37.63627308], [127.02788371, 37.63624974], [127.02782107, 37.63628427]]]}, "properties": {"name": "번동 444-3", "status": "full", "capacity": 1, "active": 1, "industry": "한식", "vacancy_rate": 0.0, "vacancy_rate_lo": 0.0, "vacancy_rate_hi": 0.0, "stores": 3, "source": "stores+ledger", "capacity_method": "floor_ouln", "active_pip": 0, "licensed": 0, "com_floors": [1], "occ_floors": [1], "unknown_n": 0, "id": "1130510200104440003-1", "pnu": "1130510200104440003", "floors": 2, "height": 6.9}}, {"type": "Feature", "geometry": {"type": "Polygon", "coordinates": [[[127.02799031, 37.63653829], [127.02807288, 37.63647879], [127.02806987, 37.63647615], [127.0280692, 37.63647663], [127.0280197, 37.63643319], [127.02802037, 37.6364327], [127.02801735, 37.63643006], [127.02793478, 37.63648955], [127.02793779, 37.6364922], [127.02793846, 37.63649172], [127.02798797, 37.63653517], [127.0279873, 37.63653565], [127.02799031, 37.63653829]]]}, "properties": {"name": "번동 415-67", "status": "partial", "capacity": 2, "active": 1, "industry": "한식", "vacancy_rate": 50.0, "vacancy_rate_lo": 50.0, "vacancy_rate_hi": 50.0, "stores": 1, "source": "stores+ledger", "capacity_method": "floor_ouln", "active_pip": 0, "licensed": 0, "com_floors": [1, 5], "occ_floors": [1], "unknown_n": 0, "id": "1130510200104150067-1", "pnu": "1130510200104150067", "floors": 5, "height": 14.9}}, {"type": "Feature", "geometry": {"type": "Polygon", "coordinates": [[[127.02564279, 37.63708061], [127.02583666, 37.63694829], [127.02577541, 37.63689154], [127.02565076, 37.63697663], [127.02556959, 37.63690142], [127.02550511, 37.63694543], [127.02558627, 37.63702063], [127.02558112, 37.63702416], [127.02564279, 37.63708061]]]}, "properties": {"name": "유경와이케이라이마", "status": "full", "capacity": 3, "active": 3, "industry": "이용·미용", "vacancy_rate": 0.0, "vacancy_rate_lo": null, "vacancy_rate_hi": null, "stores": 3, "source": "stores+ledger", "capacity_method": "expos_units", "active_pip": 0, "licensed": 0, "com_floors": null, "occ_floors": null, "unknown_n": null, "id": "1130510200104460036-1", "pnu": "1130510200104460036", "floors": 15, "height": 50.6}}, {"type": "Feature", "geometry": {"type": "Polygon", "coordinates": [[[127.02572817, 37.63763884], [127.02567162, 37.63758101], [127.02557126, 37.63764797], [127.02563246, 37.6377058], [127.02572817, 37.63763884]]]}, "properties": {"name": "번동 446-14", "status": "full", "capacity": 8, "active": 8, "industry": "의약·화장품 소매", "vacancy_rate": 0.0, "vacancy_rate_lo": null, "vacancy_rate_hi": null, "stores": 8, "source": "stores+ledger", "capacity_method": "expos_units", "active_pip": 0, "licensed": 0, "com_floors": null, "occ_floors": null, "unknown_n": null, "id": "1130510200104460014-2", "pnu": "1130510200104460014", "floors": 0, "height": 0.0}}, {"type": "Feature", "geometry": {"type": "Polygon", "coordinates": [[[127.026698, 37.63699099], [127.02680465, 37.63708828], [127.02688099, 37.63703437], [127.02677944, 37.63693529], [127.026698, 37.63699099]]]}, "properties": {"name": "번동 445-3", "status": "full", "capacity": 3, "active": 3, "industry": "이용·미용", "vacancy_rate": 0.0, "vacancy_rate_lo": 0.0, "vacancy_rate_hi": 33.3, "stores": 3, "source": "stores+ledger", "capacity_method": "floor_ouln", "active_pip": 0, "licensed": 0, "com_floors": [1, 2, 4], "occ_floors": [1, 2], "unknown_n": 1, "id": "1130510200104450003-1", "pnu": "1130510200104450003", "floors": 5, "height": 16.8}}, {"type": "Feature", "geometry": {"type": "Polygon", "coordinates": [[[127.02627468, 37.63717894], [127.02632908, 37.63722695], [127.02645628, 37.63713763], [127.02640562, 37.63708809], [127.02627468, 37.63717894]]]}, "properties": {"name": "번동 445-56", "status": "full", "capacity": 3, "active": 3, "industry": "한식", "vacancy_rate": 0.0, "vacancy_rate_lo": 0.0, "vacancy_rate_hi": 33.3, "stores": 2, "source": "stores+ledger", "capacity_method": "floor_ouln", "active_pip": 0, "licensed": 0, "com_floors": [1, 2, 5], "occ_floors": [2, 5], "unknown_n": 1, "id": "1130510200104450056-1", "pnu": "1130510200104450056", "floors": 5, "height": 14.4}}, {"type": "Feature", "geometry": {"type": "Polygon", "coordinates": [[[127.02623654, 37.63825842], [127.02642242, 37.63812728], [127.02638717, 37.63809621], [127.02636655, 37.63811081], [127.02613432, 37.63788534], [127.0261188, 37.63789517], [127.02603414, 37.63780923], [127.02593367, 37.6378716], [127.02591747, 37.63789684], [127.02591408, 37.63792342], [127.02591805, 37.63793864], [127.02592475, 37.63795855], [127.02594617, 37.63798666], [127.02623654, 37.63825842]]]}, "properties": {"name": "정준빌딩", "status": "full", "capacity": 5, "active": 5, "industry": "스포츠 서비스", "vacancy_rate": 0.0, "vacancy_rate_lo": 0.0, "vacancy_rate_hi": 40.0, "stores": 6, "source": "stores+ledger", "capacity_method": "floor_ouln", "active_pip": 0, "licensed": 0, "com_floors": [1, 2, 3, 4, 5], "occ_floors": [2, 3, 5], "unknown_n": 2, "id": "1130510200104180017-3", "pnu": "1130510200104180017", "floors": 5, "height": 24.3}}, {"type": "Feature", "geometry": {"type": "Polygon", "coordinates": [[[127.02614553, 37.63786173], [127.02623887, 37.63779423], [127.02615013, 37.63770803], [127.02605215, 37.63778049], [127.02614553, 37.63786173]]]}, "properties": {"name": "2~3층", "status": "partial", "capacity": 3, "active": 2, "industry": "중식", "vacancy_rate": 33.3, "vacancy_rate_lo": 33.3, "vacancy_rate_hi": 66.7, "stores": 4, "source": "stores+ledger", "capacity_method": "floor_ouln", "active_pip": 0, "licensed": 0, "com_floors": [1, 2, 3], "occ_floors": [1], "unknown_n": 1, "id": "1130510200104180023-1", "pnu": "1130510200104180023", "floors": 3, "height": 10.8}}, {"type": "Feature", "geometry": {"type": "Polygon", "coordinates": [[[127.02653514, 37.63779435], [127.02649651, 37.63782409], [127.02657222, 37.63789777], [127.02667054, 37.63783729], [127.02664164, 37.63780522], [127.02663258, 37.63781063], [127.02660209, 37.63778315], [127.02655905, 37.63781191], [127.02653514, 37.63779435]]]}, "properties": {"name": "번동 418-11", "status": "empty", "capacity": 2, "active": 0, "industry": "", "vacancy_rate": 100.0, "source": "polygon_only", "capacity_method": "floor_approx", "active_pip": 0, "licensed": 0, "id": "1130510200104180011-1", "pnu": "1130510200104180011", "floors": 2, "height": 0.0}}, {"type": "Feature", "geometry": {"type": "Polygon", "coordinates": [[[127.02676533, 37.63770095], [127.02671152, 37.63774024], [127.02676731, 37.63783231], [127.02684783, 37.6377749], [127.02676533, 37.63770095]]]}, "properties": {"name": "번동 415-4", "status": "full", "capacity": 1, "active": 1, "industry": "한식", "vacancy_rate": 0.0, "vacancy_rate_lo": 0.0, "vacancy_rate_hi": 100.0, "stores": 1, "source": "stores+ledger", "capacity_method": "floor_ouln", "active_pip": 0, "licensed": 0, "com_floors": [1], "occ_floors": [], "unknown_n": 1, "id": "1130510200104150004-1", "pnu": "1130510200104150004", "floors": 1, "height": 0.0}}, {"type": "Feature", "geometry": {"type": "Polygon", "coordinates": [[[127.02663826, 37.63786559], [127.02653247, 37.63794229], [127.02661657, 37.63801174], [127.02670979, 37.63794387], [127.02668337, 37.6379254], [127.02669481, 37.63791693], [127.02663826, 37.63786559]]]}, "properties": {"name": "동국빌딩", "status": "partial", "capacity": 5, "active": 4, "industry": "주점", "vacancy_rate": 20.0, "vacancy_rate_lo": 20.0, "vacancy_rate_hi": 40.0, "stores": 6, "source": "stores+ledger", "capacity_method": "floor_ouln", "active_pip": 0, "licensed": 0, "com_floors": [1, 2, 3, 4, 5], "occ_floors": [1, 2, 4], "unknown_n": 1, "id": "1130510200104180010-1", "pnu": "1130510200104180010", "floors": 5, "height": 17.4}}, {"type": "Feature", "geometry": {"type": "Polygon", "coordinates": [[[127.026573, 37.63627951], [127.02656781, 37.63632915], [127.02657462, 37.63632942], [127.0265727, 37.63635411], [127.02670265, 37.63636426], [127.0267101, 37.63629029], [127.026573, 37.63627951]]]}, "properties": {"name": "번동 444-7", "status": "empty", "capacity": 4, "active": 0, "industry": "", "vacancy_rate": 100.0, "source": "polygon_only", "capacity_method": "floor_approx", "active_pip": 0, "licensed": 0, "id": "1130510200104440007-1", "pnu": "1130510200104440007", "floors": 4, "height": 13.6}}, {"type": "Feature", "geometry": {"type": "Polygon", "coordinates": [[[127.0259635, 37.63765365], [127.02607417, 37.63757911], [127.02601591, 37.63752155], [127.02590105, 37.63759095], [127.0259635, 37.63765365]]]}, "properties": {"name": "번동 446-47", "status": "full", "capacity": 2, "active": 2, "industry": "시계·귀금속 소매", "vacancy_rate": 0.0, "vacancy_rate_lo": 0.0, "vacancy_rate_hi": 50.0, "stores": 2, "source": "stores+ledger", "capacity_method": "floor_ouln", "active_pip": 0, "licensed": 0, "com_floors": [1, 2], "occ_floors": [2], "unknown_n": 1, "id": "1130510200104460047-1", "pnu": "1130510200104460047", "floors": 2, "height": 0.0}}, {"type": "Feature", "geometry": {"type": "Polygon", "coordinates": [[[127.02638613, 37.63707494], [127.02633489, 37.63701927], [127.02620203, 37.63710778], [127.02625768, 37.63716444], [127.02638613, 37.63707494]]]}, "properties": {"name": "번동 445-57", "status": "full", "capacity": 2, "active": 2, "industry": "이용·미용", "vacancy_rate": 0.0, "vacancy_rate_lo": 0.0, "vacancy_rate_hi": 0.0, "stores": 4, "source": "stores+ledger", "capacity_method": "floor_ouln", "active_pip": 0, "licensed": 0, "com_floors": [1, 2], "occ_floors": [1, 2], "unknown_n": 0, "id": "1130510200104450057-1", "pnu": "1130510200104450057", "floors": 3, "height": 9.6}}, {"type": "Feature", "geometry": {"type": "Polygon", "coordinates": [[[127.02712889, 37.63671321], [127.02705356, 37.63676639], [127.0270828, 37.63679251], [127.02715835, 37.63673825], [127.02712889, 37.63671321]]]}, "properties": {"name": "번동 445-38", "status": "full", "capacity": 2, "active": 2, "industry": "기타 교육", "vacancy_rate": 0.0, "vacancy_rate_lo": 0.0, "vacancy_rate_hi": 50.0, "stores": 2, "source": "stores+ledger", "capacity_method": "floor_ouln", "active_pip": 0, "licensed": 0, "com_floors": [1, 2], "occ_floors": [1], "unknown_n": 1, "id": "1130510200104450038-2", "pnu": "1130510200104450038", "floors": 0, "height": 0.0}}, {"type": "Feature", "geometry": {"type": "Polygon", "coordinates": [[[127.02762299, 37.63644893], [127.02767589, 37.63641576], [127.02765447, 37.63639964], [127.02770633, 37.63636917], [127.02766463, 37.63633341], [127.02756552, 37.63639876], [127.02762299, 37.63644893]]]}, "properties": {"name": "번동 444-2", "status": "partial", "capacity": 2, "active": 1, "industry": "기타 간이", "vacancy_rate": 50.0, "vacancy_rate_lo": 50.0, "vacancy_rate_hi": 50.0, "stores": 2, "source": "stores+ledger", "capacity_method": "floor_ouln", "active_pip": 0, "licensed": 0, "com_floors": [1, 2], "occ_floors": [1], "unknown_n": 0, "id": "1130510200104440002-2", "pnu": "1130510200104440002", "floors": 2, "height": 0.0}}, {"type": "Feature", "geometry": {"type": "Polygon", "coordinates": [[[127.02760926, 37.63762309], [127.02759532, 37.63762256], [127.02751003, 37.63768348], [127.02756545, 37.63773627], [127.02765777, 37.63767174], [127.02760926, 37.63762309]]]}, "properties": {"name": "번동 416-90", "status": "empty", "capacity": 6, "active": 0, "industry": "", "vacancy_rate": 100.0, "source": "polygon_only", "capacity_method": "floor_approx", "active_pip": 0, "licensed": 0, "id": "1130510200104160090-1", "pnu": "1130510200104160090", "floors": 6, "height": 18.5}}, {"type": "Feature", "geometry": {"type": "Polygon", "coordinates": [[[127.02738827, 37.63776442], [127.02734998, 37.63779199], [127.02735984, 37.63780091], [127.02733877, 37.63781398], [127.02741482, 37.63787991], [127.02747361, 37.63783864], [127.02738827, 37.63776442]]]}, "properties": {"name": "다우빌라", "status": "full", "capacity": 1, "active": 1, "industry": "일반 숙박", "vacancy_rate": 0.0, "vacancy_rate_lo": null, "vacancy_rate_hi": null, "stores": 1, "source": "stores+ledger", "capacity_method": "expos_units", "active_pip": 0, "licensed": 0, "com_floors": null, "occ_floors": null, "unknown_n": null, "id": "1130510200104160105-1", "pnu": "1130510200104160105", "floors": 4, "height": 11.7}}, {"type": "Feature", "geometry": {"type": "Polygon", "coordinates": [[[127.02742894, 37.63684613], [127.02751847, 37.63693232], [127.02758349, 37.63688654], [127.02749146, 37.63680187], [127.02742894, 37.63684613]]]}, "properties": {"name": "번동 415-36", "status": "full", "capacity": 1, "active": 1, "industry": "한식", "vacancy_rate": 0.0, "vacancy_rate_lo": 0.0, "vacancy_rate_hi": 0.0, "stores": 1, "source": "stores+ledger", "capacity_method": "floor_ouln", "active_pip": 0, "licensed": 0, "com_floors": [1], "occ_floors": [1], "unknown_n": 0, "id": "1130510200104150036-1", "pnu": "1130510200104150036", "floors": 3, "height": 9.6}}, {"type": "Feature", "geometry": {"type": "Polygon", "coordinates": [[[127.02726075, 37.63667533], [127.02722518, 37.63669913], [127.02721804, 37.6366939], [127.02717013, 37.63672924], [127.02721444, 37.63676869], [127.02720504, 37.63677464], [127.02723337, 37.6367986], [127.02732365, 37.63673777], [127.02726075, 37.63667533]]]}, "properties": {"name": "일부", "status": "full", "capacity": 1, "active": 1, "industry": "한식", "vacancy_rate": 0.0, "vacancy_rate_lo": 0.0, "vacancy_rate_hi": 0.0, "stores": 2, "source": "stores+ledger", "capacity_method": "floor_ouln", "active_pip": 0, "licensed": 0, "com_floors": [1], "occ_floors": [1], "unknown_n": 0, "id": "1130510200104450039-2", "pnu": "1130510200104450039", "floors": 2, "height": 0.0}}, {"type": "Feature", "geometry": {"type": "Polygon", "coordinates": [[[127.02725008, 37.63787627], [127.02724952, 37.63789987], [127.02732625, 37.63796572], [127.02742593, 37.6378973], [127.02735147, 37.63783092], [127.02733323, 37.63784696], [127.02731385, 37.63782904], [127.02725008, 37.63787627]]]}, "properties": {"name": "명칭없음", "status": "full", "capacity": 1, "active": 1, "industry": "한식", "vacancy_rate": 0.0, "vacancy_rate_lo": null, "vacancy_rate_hi": null, "stores": 1, "source": "stores+ledger", "capacity_method": "expos_units", "active_pip": 0, "licensed": 0, "com_floors": null, "occ_floors": null, "unknown_n": null, "id": "1130510200104160132-1", "pnu": "1130510200104160132", "floors": 5, "height": 14.7}}, {"type": "Feature", "geometry": {"type": "Polygon", "coordinates": [[[127.02657826, 37.63598524], [127.02672197, 37.63599536], [127.02673049, 37.63591888], [127.02671465, 37.63591776], [127.02671345, 37.63592856], [127.02666705, 37.6359253], [127.02666825, 37.63591449], [127.02659018, 37.635909], [127.02658777, 37.63593059], [127.02658438, 37.63593035], [127.02657826, 37.63598524]]]}, "properties": {"name": "번동 444-79", "status": "empty", "capacity": 4, "active": 0, "industry": "", "vacancy_rate": 100.0, "source": "polygon_only", "capacity_method": "floor_approx", "active_pip": 0, "licensed": 0, "id": "1130510200104440079-1", "pnu": "1130510200104440079", "floors": 4, "height": 12.32}}, {"type": "Feature", "geometry": {"type": "Polygon", "coordinates": [[[127.02669875, 37.63767991], [127.02674965, 37.63764602], [127.0267584, 37.63765433], [127.02680886, 37.63762072], [127.0267156, 37.63753214], [127.02662033, 37.63759558], [127.02664073, 37.63761496], [127.02663463, 37.63761902], [127.02669875, 37.63767991]]]}, "properties": {"name": "금토토빌딩", "status": "partial", "capacity": 4, "active": 3, "industry": "이용·미용", "vacancy_rate": 25.0, "vacancy_rate_lo": 25.0, "vacancy_rate_hi": 50.0, "stores": 4, "source": "stores+ledger", "capacity_method": "floor_ouln", "active_pip": 0, "licensed": 0, "com_floors": [1, 2, 3, 4], "occ_floors": [1, 2], "unknown_n": 1, "id": "1130510200104150006-1", "pnu": "1130510200104150006", "floors": 6, "height": 23.0}}, {"type": "Feature", "geometry": {"type": "Polygon", "coordinates": [[[127.02654805, 37.63619598], [127.02669856, 37.63620938], [127.02671009, 37.63612744], [127.02656307, 37.63611434], [127.02655996, 37.63613644], [127.02655648, 37.63613613], [127.02654805, 37.63619598]]]}, "properties": {"name": "번동 444-77", "status": "empty", "capacity": 4, "active": 0, "industry": "", "vacancy_rate": 100.0, "source": "polygon_only", "capacity_method": "floor_approx", "active_pip": 0, "licensed": 0, "id": "1130510200104440077-1", "pnu": "1130510200104440077", "floors": 4, "height": 12.6}}, {"type": "Feature", "geometry": {"type": "Polygon", "coordinates": [[[127.02619747, 37.6376763], [127.02624632, 37.63772855], [127.02650005, 37.63755694], [127.02646479, 37.63749568], [127.02619747, 37.6376763]]]}, "properties": {"name": "번동 418-13", "status": "partial", "capacity": 5, "active": 4, "industry": "병원", "vacancy_rate": 20.0, "vacancy_rate_lo": 20.0, "vacancy_rate_hi": 60.0, "stores": 4, "source": "stores+ledger", "capacity_method": "floor_ouln", "active_pip": 0, "licensed": 0, "com_floors": [1, 2, 3, 4, 5], "occ_floors": [1, 3], "unknown_n": 2, "id": "1130510200104180013-1", "pnu": "1130510200104180013", "floors": 1, "height": 6.0}}, {"type": "Feature", "geometry": {"type": "Polygon", "coordinates": [[[127.02596313, 37.63687173], [127.0260214, 37.63683029], [127.02595707, 37.63677181], [127.02590409, 37.63680986], [127.02594809, 37.63685121], [127.02594374, 37.63685411], [127.02596313, 37.63687173]]]}, "properties": {"name": "번동 445-50", "status": "full", "capacity": 1, "active": 1, "industry": "세탁", "vacancy_rate": 0.0, "vacancy_rate_lo": 0.0, "vacancy_rate_hi": 0.0, "stores": 1, "source": "stores+ledger", "capacity_method": "floor_ouln", "active_pip": 0, "licensed": 0, "com_floors": [1], "occ_floors": [1], "unknown_n": 0, "id": "1130510200104450050-1", "pnu": "1130510200104450050", "floors": 6, "height": 16.3}}, {"type": "Feature", "geometry": {"type": "Polygon", "coordinates": [[[127.03086308, 37.6376876], [127.03078912, 37.63773718], [127.03085588, 37.63779906], [127.03090039, 37.63776787], [127.03086288, 37.63773599], [127.03089538, 37.63771553], [127.03086308, 37.6376876]]]}, "properties": {"name": "대원파크빌", "status": "partial", "capacity": 5, "active": 4, "industry": "비알코올 ", "vacancy_rate": 20.0, "vacancy_rate_lo": null, "vacancy_rate_hi": null, "stores": 4, "source": "stores+ledger", "capacity_method": "expos_units", "active_pip": 0, "licensed": 0, "com_floors": null, "occ_floors": null, "unknown_n": null, "id": "1130510200104600015-1", "pnu": "1130510200104600015", "floors": 1, "height": 0.0}}, {"type": "Feature", "geometry": {"type": "Polygon", "coordinates": [[[127.03036177, 37.63663286], [127.03043215, 37.63669997], [127.03052016, 37.63664265], [127.03044978, 37.63657734], [127.03036177, 37.63663286]]]}, "properties": {"name": "번동 412-85", "status": "full", "capacity": 2, "active": 2, "industry": "이용·미용", "vacancy_rate": 0.0, "vacancy_rate_lo": 0.0, "vacancy_rate_hi": 50.0, "stores": 1, "source": "stores+ledger", "capacity_method": "floor_ouln", "active_pip": 0, "licensed": 0, "com_floors": [1, 2], "occ_floors": [1], "unknown_n": 1, "id": "1130510200104120085-1", "pnu": "1130510200104120085", "floors": 4, "height": 10.6}}, {"type": "Feature", "geometry": {"type": "Polygon", "coordinates": [[[127.03026756, 37.63678804], [127.03037233, 37.63671026], [127.03031385, 37.63665801], [127.03020478, 37.63672796], [127.03026756, 37.63678804]]]}, "properties": {"name": "번동 412-97", "status": "full", "capacity": 1, "active": 1, "industry": "비알코올 ", "vacancy_rate": 0.0, "vacancy_rate_lo": 0.0, "vacancy_rate_hi": 0.0, "stores": 2, "source": "stores+ledger", "capacity_method": "floor_ouln", "active_pip": 0, "licensed": 0, "com_floors": [1], "occ_floors": [1], "unknown_n": 0, "id": "1130510200104120097-1", "pnu": "1130510200104120097", "floors": 2, "height": 0.0}}, {"type": "Feature", "geometry": {"type": "Polygon", "coordinates": [[[127.03098602, 37.6374153], [127.0308765, 37.63748413], [127.03095522, 37.63756016], [127.03101325, 37.63752053], [127.03097131, 37.63747774], [127.03099023, 37.63746323], [127.03100485, 37.63747683], [127.03103396, 37.63745565], [127.03098602, 37.6374153]]]}, "properties": {"name": "번동 460-84", "status": "full", "capacity": 1, "active": 1, "industry": "기타 간이", "vacancy_rate": 0.0, "vacancy_rate_lo": 0.0, "vacancy_rate_hi": 0.0, "stores": 1, "source": "stores+ledger", "capacity_method": "floor_ouln", "active_pip": 0, "licensed": 0, "com_floors": [1], "occ_floors": [1], "unknown_n": 0, "id": "1130510200104600084-1", "pnu": "1130510200104600084", "floors": 2, "height": 0.0}}, {"type": "Feature", "geometry": {"type": "Polygon", "coordinates": [[[127.03054149, 37.63727296], [127.03062955, 37.63735664], [127.03072957, 37.63728941], [127.03067063, 37.63723302], [127.03062, 37.63726952], [127.03059166, 37.63724016], [127.03054149, 37.63727296]]]}, "properties": {"name": "번동 412-65", "status": "empty", "capacity": 1, "active": 0, "industry": "", "vacancy_rate": 100.0, "source": "polygon_only", "capacity_method": "floor_approx", "active_pip": 0, "licensed": 0, "id": "1130510200104120065-1", "pnu": "1130510200104120065", "floors": 1, "height": 0.0}}, {"type": "Feature", "geometry": {"type": "Polygon", "coordinates": [[[127.0308533, 37.63752377], [127.03063025, 37.63766947], [127.03069939, 37.63773487], [127.03082579, 37.63764968], [127.030808, 37.63763716], [127.03090594, 37.63757383], [127.0308533, 37.63752377]]]}, "properties": {"name": "번동 460-86", "status": "empty", "capacity": 2, "active": 0, "industry": "", "vacancy_rate": 100.0, "source": "polygon_only", "capacity_method": "floor_approx", "active_pip": 0, "licensed": 0, "id": "1130510200104600086-1", "pnu": "1130510200104600086", "floors": 2, "height": 0.0}}, {"type": "Feature", "geometry": {"type": "Polygon", "coordinates": [[[127.0310358, 37.63616751], [127.03123707, 37.6363091], [127.03129064, 37.63625204], [127.03113617, 37.63613829], [127.03108655, 37.63613335], [127.0310358, 37.63616751]]]}, "properties": {"name": "번동 412-13", "status": "full", "capacity": 2, "active": 2, "industry": "의약·화장품 소매", "vacancy_rate": 0.0, "vacancy_rate_lo": 0.0, "vacancy_rate_hi": 0.0, "stores": 6, "source": "stores+ledger", "capacity_method": "floor_ouln", "active_pip": 0, "licensed": 0, "com_floors": [1, 3], "occ_floors": [1, 3], "unknown_n": 0, "id": "1130510200104120013-1", "pnu": "1130510200104120013", "floors": 3, "height": 0.0}}, {"type": "Feature", "geometry": {"type": "Polygon", "coordinates": [[[127.03095743, 37.63622393], [127.03096253, 37.63623736], [127.03101716, 37.63629302], [127.03109293, 37.63623957], [127.03103309, 37.63618211], [127.03095743, 37.63622393]]]}, "properties": {"name": "번동 412-46", "status": "full", "capacity": 1, "active": 1, "industry": "이용·미용", "vacancy_rate": 0.0, "vacancy_rate_lo": 0.0, "vacancy_rate_hi": 0.0, "stores": 2, "source": "stores+ledger", "capacity_method": "floor_ouln", "active_pip": 0, "licensed": 0, "com_floors": [1], "occ_floors": [1], "unknown_n": 0, "id": "1130510200104120046-1", "pnu": "1130510200104120046", "floors": 3, "height": 0.0}}, {"type": "Feature", "geometry": {"type": "Polygon", "coordinates": [[[127.03088378, 37.63703799], [127.03097807, 37.63712933], [127.03107628, 37.63706389], [127.03102142, 37.63701002], [127.03097385, 37.6370458], [127.03093701, 37.63700752], [127.03088378, 37.63703799]]]}, "properties": {"name": "번동 412-10", "status": "empty", "capacity": 2, "active": 0, "industry": "", "vacancy_rate": 100.0, "source": "polygon_only", "capacity_method": "floor_approx", "active_pip": 0, "licensed": 0, "id": "1130510200104120010-1", "pnu": "1130510200104120010", "floors": 2, "height": 7.9}}, {"type": "Feature", "geometry": {"type": "Polygon", "coordinates": [[[127.02868146, 37.63600467], [127.02868765, 37.63593646], [127.02858557, 37.63593099], [127.02857936, 37.63599505], [127.02868146, 37.63600467]]]}, "properties": {"name": "번동 414-32", "status": "full", "capacity": 1, "active": 1, "industry": "이용·미용", "vacancy_rate": 0.0, "vacancy_rate_lo": 0.0, "vacancy_rate_hi": 0.0, "stores": 2, "source": "stores+ledger", "capacity_method": "floor_ouln", "active_pip": 0, "licensed": 0, "com_floors": [1], "occ_floors": [1], "unknown_n": 0, "id": "1130510200104140032-1", "pnu": "1130510200104140032", "floors": 4, "height": 10.9}}, {"type": "Feature", "geometry": {"type": "Polygon", "coordinates": [[[127.02890757, 37.63684451], [127.02885974, 37.63679515], [127.02881884, 37.63679696], [127.0287254, 37.63686131], [127.02879011, 37.63692508], [127.02890757, 37.63684451]]]}, "properties": {"name": "번동 416-4", "status": "partial", "capacity": 2, "active": 1, "industry": "일식", "vacancy_rate": 50.0, "vacancy_rate_lo": 50.0, "vacancy_rate_hi": 50.0, "stores": 1, "source": "stores+ledger", "capacity_method": "floor_ouln", "active_pip": 0, "licensed": 0, "com_floors": [1, 2], "occ_floors": [1], "unknown_n": 0, "id": "1130510200104160004-1", "pnu": "1130510200104160004", "floors": 4, "height": 12.9}}, {"type": "Feature", "geometry": {"type": "Polygon", "coordinates": [[[127.02958024, 37.63746503], [127.02951352, 37.63751064], [127.02957291, 37.63756928], [127.02963872, 37.63752169], [127.02958024, 37.63746503]]]}, "properties": {"name": "번동 417-8", "status": "full", "capacity": 1, "active": 1, "industry": "이용·미용", "vacancy_rate": 0.0, "vacancy_rate_lo": 0.0, "vacancy_rate_hi": 100.0, "stores": 1, "source": "stores+ledger", "capacity_method": "floor_ouln", "active_pip": 0, "licensed": 0, "com_floors": [1], "occ_floors": [], "unknown_n": 1, "id": "1130510200104170008-1", "pnu": "1130510200104170008", "floors": 3, "height": 9.5}}, {"type": "Feature", "geometry": {"type": "Polygon", "coordinates": [[[127.02975045, 37.63585457], [127.02974357, 37.63593421], [127.02987646, 37.63594193], [127.02988425, 37.63586454], [127.02975045, 37.63585457]]]}, "properties": {"name": "번동 411-17", "status": "full", "capacity": 2, "active": 2, "industry": "일반 교육", "vacancy_rate": 0.0, "vacancy_rate_lo": 0.0, "vacancy_rate_hi": 0.0, "stores": 4, "source": "stores+ledger", "capacity_method": "floor_ouln", "active_pip": 0, "licensed": 0, "com_floors": [1, 2], "occ_floors": [1, 2], "unknown_n": 0, "id": "1130510200104110017-1", "pnu": "1130510200104110017", "floors": 4, "height": 12.55}}, {"type": "Feature", "geometry": {"type": "Polygon", "coordinates": [[[127.03006044, 37.63589828], [127.03005513, 37.63595459], [127.03019303, 37.63596618], [127.03020148, 37.63586589], [127.03015163, 37.6358633], [127.03014745, 37.63590195], [127.03006044, 37.63589828]]]}, "properties": {"name": "번동 411-95", "status": "empty", "capacity": 2, "active": 0, "industry": "", "vacancy_rate": 100.0, "source": "polygon_only", "capacity_method": "floor_approx", "active_pip": 0, "licensed": 0, "id": "1130510200104110095-1", "pnu": "1130510200104110095", "floors": 2, "height": 0.0}}, {"type": "Feature", "geometry": {"type": "Polygon", "coordinates": [[[127.02953303, 37.63613348], [127.02958867, 37.63618626], [127.0296649, 37.63613129], [127.02961571, 37.63608003], [127.02953303, 37.63613348]]]}, "properties": {"name": "번동 414-15", "status": "full", "capacity": 1, "active": 1, "industry": "세탁", "vacancy_rate": 0.0, "vacancy_rate_lo": 0.0, "vacancy_rate_hi": 100.0, "stores": 1, "source": "stores+ledger", "capacity_method": "floor_ouln", "active_pip": 0, "licensed": 0, "com_floors": [1], "occ_floors": [], "unknown_n": 1, "id": "1130510200104140015-1", "pnu": "1130510200104140015", "floors": 4, "height": 12.8}}, {"type": "Feature", "geometry": {"type": "Polygon", "coordinates": [[[127.02976036, 37.63627839], [127.02985788, 37.63621124], [127.02978943, 37.636139], [127.02968964, 37.63620624], [127.02976036, 37.63627839]]]}, "properties": {"name": "번동 413-23", "status": "full", "capacity": 2, "active": 2, "industry": "한식", "vacancy_rate": 0.0, "vacancy_rate_lo": 0.0, "vacancy_rate_hi": 0.0, "stores": 2, "source": "stores+ledger", "capacity_method": "floor_ouln", "active_pip": 0, "licensed": 0, "com_floors": [1, 2], "occ_floors": [1, 2], "unknown_n": 0, "id": "1130510200104130023-1", "pnu": "1130510200104130023", "floors": 4, "height": 12.5}}, {"type": "Feature", "geometry": {"type": "Polygon", "coordinates": [[[127.02949201, 37.6363845], [127.02940573, 37.63644653], [127.02958256, 37.6366122], [127.02967414, 37.63655429], [127.02949201, 37.6363845]]]}, "properties": {"name": "번동 413-5", "status": "full", "capacity": 2, "active": 2, "industry": "욕탕·신체관리", "vacancy_rate": 0.0, "vacancy_rate_lo": 0.0, "vacancy_rate_hi": 50.0, "stores": 2, "source": "stores+ledger", "capacity_method": "floor_ouln", "active_pip": 0, "licensed": 0, "com_floors": [1, 2], "occ_floors": [2], "unknown_n": 1, "id": "1130510200104130005-1", "pnu": "1130510200104130005", "floors": 4, "height": 12.9}}, {"type": "Feature", "geometry": {"type": "Polygon", "coordinates": [[[127.02967034, 37.63780783], [127.02979753, 37.63772356], [127.02973496, 37.6376606], [127.0297233, 37.63766952], [127.02970482, 37.63765187], [127.02959008, 37.6377283], [127.02967034, 37.63780783]]]}, "properties": {"name": "번동 417-93", "status": "empty", "capacity": 6, "active": 0, "industry": "", "vacancy_rate": 100.0, "source": "polygon_only", "capacity_method": "floor_approx", "active_pip": 0, "licensed": 0, "id": "1130510200104170093-1", "pnu": "1130510200104170093", "floors": 6, "height": 19.7}}, {"type": "Feature", "geometry": {"type": "Polygon", "coordinates": [[[127.02952669, 37.63717459], [127.02947255, 37.63721087], [127.02946548, 37.63725329], [127.02952431, 37.63730883], [127.02960888, 37.63725217], [127.02952669, 37.63717459]]]}, "properties": {"name": "번동 412-29", "status": "empty", "capacity": 5, "active": 0, "industry": "", "vacancy_rate": 100.0, "source": "polygon_only", "capacity_method": "floor_approx", "active_pip": 0, "licensed": 0, "id": "1130510200104120029-1", "pnu": "1130510200104120029", "floors": 5, "height": 15.4}}, {"type": "Feature", "geometry": {"type": "Polygon", "coordinates": [[[127.02950441, 37.63767119], [127.02931389, 37.63779874], [127.02944457, 37.63792511], [127.02958672, 37.63783065], [127.02956893, 37.6378166], [127.02961854, 37.63778316], [127.02950441, 37.63767119]]]}, "properties": {"name": "포르텔오피스텔", "status": "full", "capacity": 2, "active": 2, "industry": "기타 생활용품 소매", "vacancy_rate": 0.0, "vacancy_rate_lo": null, "vacancy_rate_hi": null, "stores": 2, "source": "stores+ledger", "capacity_method": "expos_units", "active_pip": 0, "licensed": 0, "com_floors": null, "occ_floors": null, "unknown_n": null, "id": "1130510200104170006-1", "pnu": "1130510200104170006", "floors": 12, "height": 49.95}}, {"type": "Feature", "geometry": {"type": "Polygon", "coordinates": [[[127.03127948, 37.6355737], [127.03115039, 37.6357287], [127.03127855, 37.63579462], [127.03140685, 37.63564169], [127.03127948, 37.6355737]]]}, "properties": {"name": "수유역두산위브2단지", "status": "partial", "capacity": 2, "active": 1, "industry": "기타 간이", "vacancy_rate": 50.0, "vacancy_rate_lo": null, "vacancy_rate_hi": null, "stores": 1, "source": "stores+ledger", "capacity_method": "expos_units", "active_pip": 0, "licensed": 0, "com_floors": null, "occ_floors": null, "unknown_n": null, "id": "1130510200104110000-5", "pnu": "1130510200104110000", "floors": 2, "height": 7.4}}, {"type": "Feature", "geometry": {"type": "Polygon", "coordinates": [[[127.02935224, 37.63622831], [127.02925608, 37.63628932], [127.02927455, 37.63630662], [127.02923649, 37.63633023], [127.02924206, 37.63633618], [127.02921384, 37.63635141], [127.02926384, 37.63640303], [127.02942649, 37.636301], [127.02935224, 37.63622831]]]}, "properties": {"name": "금강아트빌라", "status": "high", "capacity": 3, "active": 1, "industry": "한식", "vacancy_rate": 66.7, "vacancy_rate_lo": null, "vacancy_rate_hi": null, "stores": 1, "source": "stores+ledger", "capacity_method": "expos_units", "active_pip": 0, "licensed": 0, "com_floors": null, "occ_floors": null, "unknown_n": null, "id": "1130510200104140002-1", "pnu": "1130510200104140002", "floors": 5, "height": 13.3}}, {"type": "Feature", "geometry": {"type": "Polygon", "coordinates": [[[127.02931861, 37.63711308], [127.02937754, 37.63716875], [127.02941935, 37.63718027], [127.02948097, 37.63714088], [127.02938883, 37.63706009], [127.02931861, 37.63711308]]]}, "properties": {"name": "유어크로마", "status": "full", "capacity": 1, "active": 1, "industry": "이용·미용", "vacancy_rate": 0.0, "vacancy_rate_lo": 0.0, "vacancy_rate_hi": 0.0, "stores": 2, "source": "stores+ledger", "capacity_method": "floor_ouln", "active_pip": 0, "licensed": 0, "com_floors": [1], "occ_floors": [1], "unknown_n": 0, "id": "1130510200104130001-1", "pnu": "1130510200104130001", "floors": 3, "height": 9.7}}, {"type": "Feature", "geometry": {"type": "Polygon", "coordinates": [[[127.02915009, 37.63583472], [127.02914445, 37.63589238], [127.02927055, 37.635901], [127.02927733, 37.63584361], [127.02915009, 37.63583472]]]}, "properties": {"name": "번동 411-64", "status": "empty", "capacity": 3, "active": 0, "industry": "", "vacancy_rate": 100.0, "source": "polygon_only", "capacity_method": "floor_approx", "active_pip": 0, "licensed": 0, "id": "1130510200104110064-1", "pnu": "1130510200104110064", "floors": 3, "height": 0.0}}, {"type": "Feature", "geometry": {"type": "Polygon", "coordinates": [[[127.0301017, 37.6376077], [127.03003187, 37.63754042], [127.02988757, 37.63764047], [127.02995841, 37.63770459], [127.0301017, 37.6376077]]]}, "properties": {"name": "번동 412-1", "status": "empty", "capacity": 2, "active": 0, "industry": "", "vacancy_rate": 100.0, "source": "polygon_only", "capacity_method": "floor_approx", "active_pip": 0, "licensed": 0, "id": "1130510200104120001-1", "pnu": "1130510200104120001", "floors": 2, "height": 6.6}}, {"type": "Feature", "geometry": {"type": "Polygon", "coordinates": [[[127.03017636, 37.63677238], [127.03007159, 37.63684909], [127.03012905, 37.63690611], [127.03023461, 37.63683165], [127.03017636, 37.63677238]]]}, "properties": {"name": "번동 412-102", "status": "empty", "capacity": 2, "active": 0, "industry": "", "vacancy_rate": 100.0, "source": "polygon_only", "capacity_method": "floor_approx", "active_pip": 0, "licensed": 0, "id": "1130510200104120102-1", "pnu": "1130510200104120102", "floors": 2, "height": 7.3}}, {"type": "Feature", "geometry": {"type": "Polygon", "coordinates": [[[127.02993288, 37.63586379], [127.02992523, 37.63594515], [127.03004936, 37.6359545], [127.0300576, 37.63587458], [127.02993288, 37.63586379]]]}, "properties": {"name": "번동 411-82", "status": "full", "capacity": 1, "active": 1, "industry": "기타 간이", "vacancy_rate": 0.0, "vacancy_rate_lo": 0.0, "vacancy_rate_hi": 0.0, "stores": 2, "source": "stores+ledger", "capacity_method": "floor_ouln", "active_pip": 0, "licensed": 0, "com_floors": [1], "occ_floors": [1], "unknown_n": 0, "id": "1130510200104110082-1", "pnu": "1130510200104110082", "floors": 2, "height": 0.0}}, {"type": "Feature", "geometry": {"type": "Polygon", "coordinates": [[[127.02896443, 37.63765818], [127.02887087, 37.63772487], [127.02891133, 37.63776315], [127.02888052, 37.63778424], [127.02904633, 37.63794133], [127.02917093, 37.63785986], [127.02896443, 37.63765818]]]}, "properties": {"name": "번동 417-10", "status": "empty", "capacity": 3, "active": 0, "industry": "", "vacancy_rate": 100.0, "source": "polygon_only", "capacity_method": "floor_approx", "active_pip": 0, "licensed": 0, "id": "1130510200104170010-1", "pnu": "1130510200104170010", "floors": 3, "height": 9.0}}, {"type": "Feature", "geometry": {"type": "Polygon", "coordinates": [[[127.02969811, 37.63783648], [127.02975296, 37.63789296], [127.02990746, 37.63779093], [127.02984217, 37.63772797], [127.02978395, 37.63776357], [127.02979619, 37.63777582], [127.02969811, 37.63783648]]]}, "properties": {"name": "번동 417-7", "status": "empty", "capacity": 3, "active": 0, "industry": "", "vacancy_rate": 100.0, "source": "polygon_only", "capacity_method": "floor_approx", "active_pip": 0, "licensed": 0, "id": "1130510200104170007-1", "pnu": "1130510200104170007", "floors": 3, "height": 0.0}}, {"type": "Feature", "geometry": {"type": "Polygon", "coordinates": [[[127.02854276, 37.63626197], [127.02850199, 37.63622006], [127.02848051, 37.63621632], [127.02846787, 37.63622407], [127.02845561, 37.63621416], [127.02840738, 37.63625092], [127.02846729, 37.63630977], [127.02854276, 37.63626197]]]}, "properties": {"name": "우측", "status": "partial", "capacity": 2, "active": 1, "industry": "이용·미용", "vacancy_rate": 50.0, "vacancy_rate_lo": 50.0, "vacancy_rate_hi": 50.0, "stores": 3, "source": "stores+ledger", "capacity_method": "floor_ouln", "active_pip": 0, "licensed": 0, "com_floors": [1, 2], "occ_floors": [1], "unknown_n": 0, "id": "1130510200104140023-1", "pnu": "1130510200104140023", "floors": 4, "height": 12.7}}, {"type": "Feature", "geometry": {"type": "Polygon", "coordinates": [[[127.02850428, 37.63577658], [127.02850023, 37.63584533], [127.02861795, 37.63585224], [127.02862336, 37.63578205], [127.02850428, 37.63577658]]]}, "properties": {"name": "번동 411-53", "status": "full", "capacity": 1, "active": 1, "industry": "기타 간이", "vacancy_rate": 0.0, "vacancy_rate_lo": 0.0, "vacancy_rate_hi": 0.0, "stores": 1, "source": "stores+ledger", "capacity_method": "floor_ouln", "active_pip": 0, "licensed": 0, "com_floors": [1], "occ_floors": [1], "unknown_n": 0, "id": "1130510200104110053-1", "pnu": "1130510200104110053", "floors": 3, "height": 10.3}}, {"type": "Feature", "geometry": {"type": "Polygon", "coordinates": [[[127.02898248, 37.63793697], [127.02874555, 37.63771271], [127.02863775, 37.63778592], [127.02888922, 37.63801185], [127.02899005, 37.63794587], [127.02898158, 37.63793755], [127.02898248, 37.63793697]]]}, "properties": {"name": "번동 417-11", "status": "empty", "capacity": 5, "active": 0, "industry": "", "vacancy_rate": 100.0, "source": "polygon_only", "capacity_method": "floor_approx", "active_pip": 0, "licensed": 0, "id": "1130510200104170011-1", "pnu": "1130510200104170011", "floors": 5, "height": 22.75}}, {"type": "Feature", "geometry": {"type": "Polygon", "coordinates": [[[127.03129727, 37.63687113], [127.03129978, 37.63686933], [127.03124223, 37.63681886], [127.03118452, 37.63686026], [127.03119176, 37.63686664], [127.03114836, 37.63689832], [127.03119131, 37.63693619], [127.03121581, 37.63692013], [127.03122181, 37.63692541], [127.03129727, 37.63687113]]]}, "properties": {"name": "번동 412-11", "status": "partial", "capacity": 2, "active": 1, "industry": "이용·미용", "vacancy_rate": 50.0, "vacancy_rate_lo": 50.0, "vacancy_rate_hi": 50.0, "stores": 1, "source": "stores+ledger", "capacity_method": "floor_ouln", "active_pip": 0, "licensed": 0, "com_floors": [1, 2], "occ_floors": [2], "unknown_n": 0, "id": "1130510200104120011-1", "pnu": "1130510200104120011", "floors": 6, "height": 24.8}}, {"type": "Feature", "geometry": {"type": "Polygon", "coordinates": [[[127.03089148, 37.63784194], [127.03084851, 37.63780167], [127.0307827, 37.63784755], [127.03087022, 37.63793303], [127.03092005, 37.63790455], [127.03087142, 37.63785618], [127.03089148, 37.63784194]]]}, "properties": {"name": "번동 460-91", "status": "empty", "capacity": 1, "active": 0, "industry": "", "vacancy_rate": 100.0, "source": "polygon_only", "capacity_method": "floor_approx", "active_pip": 0, "licensed": 0, "id": "1130510200104600091-1", "pnu": "1130510200104600091", "floors": 1, "height": 0.0}}, {"type": "Feature", "geometry": {"type": "Polygon", "coordinates": [[[127.03068296, 37.63719581], [127.03074054, 37.63725075], [127.03091826, 37.6371379], [127.03086748, 37.63708107], [127.03068296, 37.63719581]]]}, "properties": {"name": "한일펌프", "status": "full", "capacity": 1, "active": 1, "industry": "기타 생활용품 소매", "vacancy_rate": 0.0, "vacancy_rate_lo": 0.0, "vacancy_rate_hi": 0.0, "stores": 1, "source": "stores+ledger", "capacity_method": "floor_ouln", "active_pip": 0, "licensed": 0, "com_floors": [1], "occ_floors": [1], "unknown_n": 0, "id": "1130510200104120008-1", "pnu": "1130510200104120008", "floors": 4, "height": 13.85}}, {"type": "Feature", "geometry": {"type": "Polygon", "coordinates": [[[127.030596, 37.63646738], [127.03067375, 37.63654593], [127.03075303, 37.63648977], [127.0306916, 37.63643113], [127.03065716, 37.63642592], [127.030596, 37.63646738]]]}, "properties": {"name": "번동 412-78", "status": "empty", "capacity": 3, "active": 0, "industry": "", "vacancy_rate": 100.0, "source": "polygon_only", "capacity_method": "floor_approx", "active_pip": 0, "licensed": 0, "id": "1130510200104120078-1", "pnu": "1130510200104120078", "floors": 3, "height": 0.0}}, {"type": "Feature", "geometry": {"type": "Polygon", "coordinates": [[[127.03090448, 37.6364173], [127.03101004, 37.63634654], [127.03091416, 37.63625305], [127.03080712, 37.63632551], [127.03090448, 37.6364173]]]}, "properties": {"name": "북서쪽첫번째", "status": "full", "capacity": 1, "active": 1, "industry": "이용·미용", "vacancy_rate": 0.0, "vacancy_rate_lo": 0.0, "vacancy_rate_hi": 0.0, "stores": 1, "source": "stores+ledger", "capacity_method": "floor_ouln", "active_pip": 0, "licensed": 0, "com_floors": [1], "occ_floors": [1], "unknown_n": 0, "id": "1130510200104120044-1", "pnu": "1130510200104120044", "floors": 2, "height": 6.2}}, {"type": "Feature", "geometry": {"type": "Polygon", "coordinates": [[[127.03108839, 37.63595081], [127.03110301, 37.63597765], [127.0311515, 37.6359607], [127.03113631, 37.63593584], [127.03108839, 37.63595081]]]}, "properties": {"name": "수유역두산위브2단지", "status": "partial", "capacity": 2, "active": 1, "industry": "기타 간이", "vacancy_rate": 50.0, "vacancy_rate_lo": null, "vacancy_rate_hi": null, "stores": 1, "source": "stores+ledger", "capacity_method": "expos_units", "active_pip": 0, "licensed": 0, "com_floors": null, "occ_floors": null, "unknown_n": null, "id": "1130510200104110000-6", "pnu": "1130510200104110000", "floors": 1, "height": 3.4}}, {"type": "Feature", "geometry": {"type": "Polygon", "coordinates": [[[127.03113082, 37.63689359], [127.03104394, 37.63694704], [127.03110696, 37.6370082], [127.03119383, 37.63695322], [127.03113082, 37.63689359]]]}, "properties": {"name": "번동 412-93", "status": "empty", "capacity": 2, "active": 0, "industry": "", "vacancy_rate": 100.0, "source": "polygon_only", "capacity_method": "floor_approx", "active_pip": 0, "licensed": 0, "id": "1130510200104120093-1", "pnu": "1130510200104120093", "floors": 2, "height": 0.0}}, {"type": "Feature", "geometry": {"type": "Polygon", "coordinates": [[[127.03104928, 37.63770988], [127.03101978, 37.63768448], [127.03099927, 37.63769591], [127.03099313, 37.6376906], [127.03096244, 37.63770911], [127.03094134, 37.63768514], [127.03089909, 37.63771068], [127.03095322, 37.63776825], [127.03104928, 37.63770988]]]}, "properties": {"name": "번동 460-88", "status": "empty", "capacity": 1, "active": 0, "industry": "", "vacancy_rate": 100.0, "source": "polygon_only", "capacity_method": "floor_approx", "active_pip": 0, "licensed": 0, "id": "1130510200104600088-1", "pnu": "1130510200104600088", "floors": 1, "height": 4.5}}, {"type": "Feature", "geometry": {"type": "Polygon", "coordinates": [[[127.03042573, 37.6373485], [127.03051073, 37.63743272], [127.03060067, 37.63737494], [127.03053969, 37.63731738], [127.03050197, 37.63734325], [127.03047738, 37.63731875], [127.03042573, 37.6373485]]]}, "properties": {"name": "좌측호", "status": "full", "capacity": 1, "active": 1, "industry": "한식", "vacancy_rate": 0.0, "vacancy_rate_lo": 0.0, "vacancy_rate_hi": 0.0, "stores": 1, "source": "stores+ledger", "capacity_method": "floor_ouln", "active_pip": 0, "licensed": 0, "com_floors": [1], "occ_floors": [1], "unknown_n": 0, "id": "1130510200104120067-1", "pnu": "1130510200104120067", "floors": 2, "height": 0.0}}, {"type": "Feature", "geometry": {"type": "Polygon", "coordinates": [[[127.02995569, 37.63602498], [127.02980572, 37.63612602], [127.03029932, 37.63658864], [127.03097856, 37.63613167], [127.03095294, 37.63608681], [127.02995569, 37.63602498]]]}, "properties": {"name": "강북북부시장", "status": "full", "capacity": 2, "active": 2, "industry": "철물·건설자재 소매", "vacancy_rate": 0.0, "vacancy_rate_lo": 0.0, "vacancy_rate_hi": 50.0, "stores": 14, "source": "stores+ledger", "capacity_method": "floor_ouln", "active_pip": 0, "licensed": 0, "com_floors": [1, 2], "occ_floors": [1], "unknown_n": 1, "id": "1130510200104130003-1", "pnu": "1130510200104130003", "floors": 2, "height": 0.0}}, {"type": "Feature", "geometry": {"type": "Polygon", "coordinates": [[[127.03107838, 37.63748222], [127.03112859, 37.63753257], [127.03123869, 37.63746622], [127.03125512, 37.63747866], [127.03134913, 37.63741637], [127.03128396, 37.63735431], [127.03107838, 37.63748222]]]}, "properties": {"name": "두산자동차공업", "status": "full", "capacity": 1, "active": 1, "industry": "자동차 수리·세차", "vacancy_rate": 0.0, "vacancy_rate_lo": 0.0, "vacancy_rate_hi": 100.0, "stores": 1, "source": "stores+ledger", "capacity_method": "floor_ouln", "active_pip": 0, "licensed": 0, "com_floors": [1], "occ_floors": [], "unknown_n": 1, "id": "1130510200104600014-1", "pnu": "1130510200104600014", "floors": 1, "height": 4.6}}, {"type": "Feature", "geometry": {"type": "Polygon", "coordinates": [[[127.03035784, 37.63785478], [127.03022305, 37.63794635], [127.03030137, 37.63802147], [127.0304365, 37.637929], [127.03035784, 37.63785478]]]}, "properties": {"name": "번동", "status": "full", "capacity": 4, "active": 4, "industry": "의약·화장품 소매", "vacancy_rate": 0.0, "vacancy_rate_lo": 0.0, "vacancy_rate_hi": 50.0, "stores": 5, "source": "stores+ledger", "capacity_method": "floor_ouln", "active_pip": 0, "licensed": 0, "com_floors": [1, 2, 4, 5], "occ_floors": [1, 5], "unknown_n": 2, "id": "1130510200104600017-1", "pnu": "1130510200104600017", "floors": 5, "height": 16.5}}, {"type": "Feature", "geometry": {"type": "Polygon", "coordinates": [[[127.02266641, 37.63837953], [127.02269319, 37.63812797], [127.02261263, 37.63812511], [127.0225958, 37.63830468], [127.02230927, 37.63828716], [127.02230543, 37.63835131], [127.02266641, 37.63837953]]]}, "properties": {"name": "수유동 10-3", "status": "empty", "capacity": 3, "active": 0, "industry": "", "vacancy_rate": 100.0, "source": "polygon_only", "capacity_method": "floor_approx", "active_pip": 0, "licensed": 0, "id": "1130510300100100003-1", "pnu": "1130510300100100003", "floors": 3, "height": 12.0}}, {"type": "Feature", "geometry": {"type": "Polygon", "coordinates": [[[127.02250366, 37.63856832], [127.02261005, 37.63857722], [127.02263503, 37.63839044], [127.02252603, 37.63838677], [127.02250366, 37.63856832]]]}, "properties": {"name": "수유동 10-40", "status": "full", "capacity": 1, "active": 1, "industry": "한식", "vacancy_rate": 0.0, "vacancy_rate_lo": 0.0, "vacancy_rate_hi": 0.0, "stores": 3, "source": "stores+ledger", "capacity_method": "floor_ouln", "active_pip": 0, "licensed": 0, "com_floors": [1], "occ_floors": [1], "unknown_n": 0, "id": "1130510300100100040-1", "pnu": "1130510300100100040", "floors": 4, "height": 0.0}}, {"type": "Feature", "geometry": {"type": "Polygon", "coordinates": [[[127.02190427, 37.63999253], [127.02190349, 37.64003037], [127.02192468, 37.64003153], [127.02192671, 37.63999333], [127.02190427, 37.63999253]]]}, "properties": {"name": "수유동 30-51", "status": "full", "capacity": 1, "active": 1, "industry": "이용·미용", "vacancy_rate": 0.0, "vacancy_rate_lo": 0.0, "vacancy_rate_hi": 0.0, "stores": 3, "source": "stores+ledger", "capacity_method": "floor_ouln", "active_pip": 0, "licensed": 0, "com_floors": [1], "occ_floors": [1], "unknown_n": 0, "id": "1130510300100300051-1", "pnu": "1130510300100300051", "floors": 0, "height": 0.0}}, {"type": "Feature", "geometry": {"type": "Polygon", "coordinates": [[[127.02250281, 37.63913302], [127.02250146, 37.63914639], [127.02249841, 37.63919937], [127.02257897, 37.63920521], [127.0225862, 37.63912304], [127.02259072, 37.63906916], [127.02243833, 37.63906081], [127.02243393, 37.63912722], [127.02250281, 37.63913302]]]}, "properties": {"name": "오른쪽", "status": "full", "capacity": 2, "active": 2, "industry": "이용·미용", "vacancy_rate": 0.0, "vacancy_rate_lo": 0.0, "vacancy_rate_hi": 0.0, "stores": 5, "source": "stores+ledger", "capacity_method": "floor_ouln", "active_pip": 0, "licensed": 0, "com_floors": [1, 2], "occ_floors": [1, 2], "unknown_n": 0, "id": "1130510300100300070-1", "pnu": "1130510300100300070", "floors": 3, "height": 0.0}}, {"type": "Feature", "geometry": {"type": "Polygon", "coordinates": [[[127.02189531, 37.63996253], [127.02189351, 37.63998694], [127.02192988, 37.63998964], [127.02193191, 37.63996468], [127.02189531, 37.63996253]]]}, "properties": {"name": "수유동 30-51", "status": "full", "capacity": 1, "active": 1, "industry": "이용·미용", "vacancy_rate": 0.0, "vacancy_rate_lo": 0.0, "vacancy_rate_hi": 0.0, "stores": 3, "source": "stores+ledger", "capacity_method": "floor_ouln", "active_pip": 0, "licensed": 0, "com_floors": [1], "occ_floors": [1], "unknown_n": 0, "id": "1130510300100300051-2", "pnu": "1130510300100300051", "floors": 0, "height": 0.0}}, {"type": "Feature", "geometry": {"type": "Polygon", "coordinates": [[[127.02017423, 37.63985904], [127.0201757, 37.63984166], [127.02012891, 37.63983905], [127.02012721, 37.63985707], [127.02017423, 37.63985904]]]}, "properties": {"name": "수유동 31-1", "status": "full", "capacity": 1, "active": 1, "industry": "이용·미용", "vacancy_rate": 0.0, "vacancy_rate_lo": 0.0, "vacancy_rate_hi": 0.0, "stores": 1, "source": "stores+ledger", "capacity_method": "floor_ouln", "active_pip": 0, "licensed": 0, "com_floors": [1], "occ_floors": [1], "unknown_n": 0, "id": "1130510300100310001-1", "pnu": "1130510300100310001", "floors": 0, "height": 0.0}}, {"type": "Feature", "geometry": {"type": "Polygon", "coordinates": [[[127.02241661, 37.63918885], [127.02244799, 37.63919028], [127.02245138, 37.63913766], [127.02242011, 37.63913677], [127.02241661, 37.63918885]]]}, "properties": {"name": "오른쪽", "status": "full", "capacity": 2, "active": 2, "industry": "이용·미용", "vacancy_rate": 0.0, "vacancy_rate_lo": 0.0, "vacancy_rate_hi": 0.0, "stores": 5, "source": "stores+ledger", "capacity_method": "floor_ouln", "active_pip": 0, "licensed": 0, "com_floors": [1, 2], "occ_floors": [1, 2], "unknown_n": 0, "id": "1130510300100300070-2", "pnu": "1130510300100300070", "floors": 0, "height": 0.0}}, {"type": "Feature", "geometry": {"type": "Polygon", "coordinates": [[[127.02248764, 37.63843606], [127.02250475, 37.63843696], [127.02251154, 37.6384065], [127.0225223, 37.63840695], [127.02252343, 37.63839217], [127.02249533, 37.63839056], [127.02248764, 37.63843606]]]}, "properties": {"name": "수유동 10-40", "status": "full", "capacity": 1, "active": 1, "industry": "한식", "vacancy_rate": 0.0, "vacancy_rate_lo": 0.0, "vacancy_rate_hi": 0.0, "stores": 3, "source": "stores+ledger", "capacity_method": "floor_ouln", "active_pip": 0, "licensed": 0, "com_floors": [1], "occ_floors": [1], "unknown_n": 0, "id": "1130510300100100040-2", "pnu": "1130510300100100040", "floors": 0, "height": 0.0}}, {"type": "Feature", "geometry": {"type": "Polygon", "coordinates": [[[127.02137837, 37.64014444], [127.02137509, 37.64017363], [127.02141588, 37.64017741], [127.02141916, 37.64014723], [127.02137837, 37.64014444]]]}, "properties": {"name": "수유중앙시장", "status": "full", "capacity": 3, "active": 3, "industry": "식료품 소매", "vacancy_rate": 0.0, "vacancy_rate_lo": 0.0, "vacancy_rate_hi": 33.3, "stores": 18, "source": "stores+ledger", "capacity_method": "floor_ouln", "active_pip": 0, "licensed": 0, "com_floors": [1, 2, 3], "occ_floors": [1, 2], "unknown_n": 1, "id": "1130510300100320002-1", "pnu": "1130510300100320002", "floors": 0, "height": 0.0}}, {"type": "Feature", "geometry": {"type": "Polygon", "coordinates": [[[127.02223894, 37.63992273], [127.02224322, 37.63980362], [127.02212243, 37.63979526], [127.02212198, 37.63980536], [127.02211621, 37.63980509], [127.02210797, 37.6399142], [127.02223894, 37.63992273]]]}, "properties": {"name": "수유동 30-28", "status": "empty", "capacity": 1, "active": 0, "industry": "", "vacancy_rate": 100.0, "source": "polygon_only", "capacity_method": "floor_approx", "active_pip": 0, "licensed": 0, "id": "1130510300100300028-1", "pnu": "1130510300100300028", "floors": 1, "height": 4.9}}, {"type": "Feature", "geometry": {"type": "Polygon", "coordinates": [[[127.02156365, 37.63870967], [127.02156828, 37.63864534], [127.02146744, 37.63863996], [127.02146314, 37.63866393], [127.02144966, 37.63866357], [127.02144616, 37.63870466], [127.02148854, 37.63870816], [127.02149023, 37.63870177], [127.02156365, 37.63870967]]]}, "properties": {"name": "어반트리", "status": "partial", "capacity": 2, "active": 1, "industry": "세탁", "vacancy_rate": 50.0, "vacancy_rate_lo": null, "vacancy_rate_hi": null, "stores": 1, "source": "stores+ledger", "capacity_method": "expos_units", "active_pip": 0, "licensed": 0, "com_floors": null, "occ_floors": null, "unknown_n": null, "id": "1130510300100230057-1", "pnu": "1130510300100230057", "floors": 2, "height": 6.5}}, {"type": "Feature", "geometry": {"type": "Polygon", "coordinates": [[[127.02060108, 37.63999763], [127.02060514, 37.6399324], [127.02050668, 37.6399252], [127.02050171, 37.63998962], [127.02060108, 37.63999763]]]}, "properties": {"name": "수유동 31-38", "status": "empty", "capacity": 3, "active": 0, "industry": "", "vacancy_rate": 100.0, "source": "polygon_only", "capacity_method": "floor_approx", "active_pip": 0, "licensed": 0, "id": "1130510300100310038-1", "pnu": "1130510300100310038", "floors": 3, "height": 9.7}}, {"type": "Feature", "geometry": {"type": "Polygon", "coordinates": [[[127.01986054, 37.64003001], [127.01973932, 37.64004399], [127.01973332, 37.64007823], [127.01989932, 37.64009163], [127.01990066, 37.64005298], [127.01986054, 37.64003001]]]}, "properties": {"name": "좌측호", "status": "full", "capacity": 1, "active": 1, "industry": "섬유·의복·신발 소매", "vacancy_rate": 0.0, "vacancy_rate_lo": 0.0, "vacancy_rate_hi": 0.0, "stores": 2, "source": "stores+ledger", "capacity_method": "floor_ouln", "active_pip": 0, "licensed": 0, "com_floors": [1], "occ_floors": [1], "unknown_n": 0, "id": "1130510300100350024-1", "pnu": "1130510300100350024", "floors": 3, "height": 9.8}}, {"type": "Feature", "geometry": {"type": "Polygon", "coordinates": [[[127.02250834, 37.63870004], [127.02263139, 37.63870966], [127.02263985, 37.63859451], [127.02251568, 37.63859066], [127.02250834, 37.63870004]]]}, "properties": {"name": "전체", "status": "partial", "capacity": 3, "active": 2, "industry": "주점", "vacancy_rate": 33.3, "vacancy_rate_lo": 33.3, "vacancy_rate_hi": 33.3, "stores": 2, "source": "stores+ledger", "capacity_method": "floor_ouln", "active_pip": 0, "licensed": 0, "com_floors": [1, 2, 4], "occ_floors": [1, 2], "unknown_n": 0, "id": "1130510300100100026-1", "pnu": "1130510300100100026", "floors": 4, "height": 0.0}}, {"type": "Feature", "geometry": {"type": "Polygon", "coordinates": [[[127.02244271, 37.63898629], [127.02259703, 37.63899212], [127.02261352, 37.63883553], [127.02254532, 37.63883383], [127.02253548, 37.63890861], [127.02245051, 37.63890764], [127.02244271, 37.63898629]]]}, "properties": {"name": "전면좌측코너", "status": "full", "capacity": 2, "active": 2, "industry": "한식", "vacancy_rate": 0.0, "vacancy_rate_lo": 0.0, "vacancy_rate_hi": 50.0, "stores": 4, "source": "stores+ledger", "capacity_method": "floor_ouln", "active_pip": 0, "licensed": 0, "com_floors": [1, 2], "occ_floors": [1], "unknown_n": 1, "id": "1130510300100100001-1", "pnu": "1130510300100100001", "floors": 2, "height": 0.0}}, {"type": "Feature", "geometry": {"type": "Polygon", "coordinates": [[[127.02238897, 37.63961916], [127.02237226, 37.6397771], [127.02250777, 37.6397887], [127.02251973, 37.63962877], [127.02238897, 37.63961916]]]}, "properties": {"name": "수유동 30-9", "status": "full", "capacity": 1, "active": 1, "industry": "한식", "vacancy_rate": 0.0, "vacancy_rate_lo": 0.0, "vacancy_rate_hi": 0.0, "stores": 1, "source": "stores+ledger", "capacity_method": "floor_ouln", "active_pip": 0, "licensed": 0, "com_floors": [1], "occ_floors": [1], "unknown_n": 0, "id": "1130510300100300009-1", "pnu": "1130510300100300009", "floors": 1, "height": 0.0}}, {"type": "Feature", "geometry": {"type": "Polygon", "coordinates": [[[127.02183512, 37.63911381], [127.02184383, 37.63905263], [127.02184145, 37.63905245], [127.02180847, 37.6390156], [127.02165325, 37.63900789], [127.02165044, 37.63908619], [127.02173904, 37.63909356], [127.0217395, 37.63910671], [127.02183512, 37.63911381]]]}, "properties": {"name": "지하", "status": "partial", "capacity": 2, "active": 1, "industry": "종합 소매", "vacancy_rate": 50.0, "vacancy_rate_lo": 50.0, "vacancy_rate_hi": 50.0, "stores": 1, "source": "stores+ledger", "capacity_method": "floor_ouln", "active_pip": 0, "licensed": 0, "com_floors": [1, 2], "occ_floors": [1], "unknown_n": 0, "id": "1130510300100290083-1", "pnu": "1130510300100290083", "floors": 3, "height": 10.7}}, {"type": "Feature", "geometry": {"type": "Polygon", "coordinates": [[[127.02181419, 37.63995957], [127.02181148, 37.63998768], [127.02189045, 37.63999235], [127.02189282, 37.63996298], [127.02181419, 37.63995957]]]}, "properties": {"name": "수유동 30-51", "status": "full", "capacity": 1, "active": 1, "industry": "이용·미용", "vacancy_rate": 0.0, "vacancy_rate_lo": 0.0, "vacancy_rate_hi": 0.0, "stores": 3, "source": "stores+ledger", "capacity_method": "floor_ouln", "active_pip": 0, "licensed": 0, "com_floors": [1], "occ_floors": [1], "unknown_n": 0, "id": "1130510300100300051-3", "pnu": "1130510300100300051", "floors": 0, "height": 0.0}}, {"type": "Feature", "geometry": {"type": "Polygon", "coordinates": [[[127.02024842, 37.63889939], [127.02014462, 37.63889292], [127.02010589, 37.63892077], [127.02010634, 37.63892662], [127.02018622, 37.6389322], [127.02018781, 37.63894616], [127.02024673, 37.63895093], [127.02024842, 37.63889939]]]}, "properties": {"name": "수유동 29-74", "status": "empty", "capacity": 4, "active": 0, "industry": "", "vacancy_rate": 100.0, "source": "polygon_only", "capacity_method": "floor_approx", "active_pip": 0, "licensed": 0, "id": "1130510300100290074-1", "pnu": "1130510300100290074", "floors": 4, "height": 0.0}}, {"type": "Feature", "geometry": {"type": "Polygon", "coordinates": [[[127.02209137, 37.63888215], [127.02209135, 37.63888216], [127.0220823, 37.63895297], [127.02221306, 37.63896354], [127.02222131, 37.638899], [127.02212216, 37.63889057], [127.02212292, 37.63888471], [127.02209137, 37.63888215]]]}, "properties": {"name": "수유동 10-32", "status": "full", "capacity": 2, "active": 2, "industry": "비알코올 ", "vacancy_rate": 0.0, "vacancy_rate_lo": 0.0, "vacancy_rate_hi": 0.0, "stores": 3, "source": "stores+ledger", "capacity_method": "floor_ouln", "active_pip": 0, "licensed": 0, "com_floors": [1, 2], "occ_floors": [1, 2], "unknown_n": 0, "id": "1130510300100100032-1", "pnu": "1130510300100100032", "floors": 5, "height": 16.6}}, {"type": "Feature", "geometry": {"type": "Polygon", "coordinates": [[[127.02254521, 37.63921243], [127.02242148, 37.6392056], [127.02241448, 37.63928669], [127.02239964, 37.63928742], [127.0223871, 37.639404], [127.02252963, 37.63941623], [127.02254521, 37.63921243]]]}, "properties": {"name": "동아빌딩", "status": "full", "capacity": 5, "active": 5, "industry": "한식", "vacancy_rate": 0.0, "vacancy_rate_lo": 0.0, "vacancy_rate_hi": 20.0, "stores": 6, "source": "stores+ledger", "capacity_method": "floor_ouln", "active_pip": 0, "licensed": 0, "com_floors": [1, 2, 3, 4, 5], "occ_floors": [1, 2, 4, 5], "unknown_n": 1, "id": "1130510300100300020-1", "pnu": "1130510300100300020", "floors": 5, "height": 23.0}}, {"type": "Feature", "geometry": {"type": "Polygon", "coordinates": [[[127.02101023, 37.64009036], [127.02096482, 37.6405623], [127.02132467, 37.64058693], [127.02138063, 37.64011804], [127.02101023, 37.64009036]]]}, "properties": {"name": "수유중앙시장", "status": "full", "capacity": 3, "active": 3, "industry": "식료품 소매", "vacancy_rate": 0.0, "vacancy_rate_lo": 0.0, "vacancy_rate_hi": 33.3, "stores": 18, "source": "stores+ledger", "capacity_method": "floor_ouln", "active_pip": 0, "licensed": 0, "com_floors": [1, 2, 3], "occ_floors": [1, 2], "unknown_n": 1, "id": "1130510300100320002-2", "pnu": "1130510300100320002", "floors": 3, "height": 0.0}}, {"type": "Feature", "geometry": {"type": "Polygon", "coordinates": [[[127.0207801, 37.64001048], [127.02090734, 37.6400228], [127.02091106, 37.63995847], [127.02082291, 37.63995092], [127.02082189, 37.63994551], [127.02078597, 37.63994363], [127.0207801, 37.64001048]]]}, "properties": {"name": "수유동 31-46", "status": "empty", "capacity": 2, "active": 0, "industry": "", "vacancy_rate": 100.0, "source": "polygon_only", "capacity_method": "floor_approx", "active_pip": 0, "licensed": 0, "id": "1130510300100310046-1", "pnu": "1130510300100310046", "floors": 2, "height": 0.0}}, {"type": "Feature", "geometry": {"type": "Polygon", "coordinates": [[[127.02001357, 37.6398642], [127.02000475, 37.63992989], [127.02003569, 37.63995862], [127.02014389, 37.63996942], [127.02015044, 37.63987058], [127.02001357, 37.6398642]]]}, "properties": {"name": "수유동 31-1", "status": "full", "capacity": 1, "active": 1, "industry": "이용·미용", "vacancy_rate": 0.0, "vacancy_rate_lo": 0.0, "vacancy_rate_hi": 0.0, "stores": 1, "source": "stores+ledger", "capacity_method": "floor_ouln", "active_pip": 0, "licensed": 0, "com_floors": [1], "occ_floors": [1], "unknown_n": 0, "id": "1130510300100310001-2", "pnu": "1130510300100310001", "floors": 4, "height": 12.4}}, {"type": "Feature", "geometry": {"type": "Polygon", "coordinates": [[[127.02099677, 37.64016469], [127.02100366, 37.64009072], [127.0208728, 37.64008182], [127.02085105, 37.64009381], [127.02084279, 37.64015256], [127.02099677, 37.64016469]]]}, "properties": {"name": "수유동 32-29", "status": "full", "capacity": 1, "active": 1, "industry": "종합 소매", "vacancy_rate": 0.0, "vacancy_rate_lo": 0.0, "vacancy_rate_hi": 0.0, "stores": 1, "source": "stores+ledger", "capacity_method": "floor_ouln", "active_pip": 0, "licensed": 0, "com_floors": [1], "occ_floors": [1], "unknown_n": 0, "id": "1130510300100320029-1", "pnu": "1130510300100320029", "floors": 3, "height": 9.5}}, {"type": "Feature", "geometry": {"type": "Polygon", "coordinates": [[[127.02034354, 37.6402377], [127.02046497, 37.64024728], [127.02046911, 37.64021411], [127.02049053, 37.6402158], [127.02049837, 37.64015304], [127.02059364, 37.64016056], [127.02060452, 37.64007342], [127.02036245, 37.64005431], [127.02034855, 37.64016566], [127.0203525, 37.64016597], [127.02034354, 37.6402377]]]}, "properties": {"name": "수유동 32-5", "status": "high", "capacity": 5, "active": 1, "industry": "", "vacancy_rate": 80.0, "source": "pip_only", "capacity_method": "floor_approx", "active_pip": 1, "licensed": 0, "id": "1130510300100320005-1", "pnu": "1130510300100320005", "floors": 5, "height": 17.2}}, {"type": "Feature", "geometry": {"type": "Polygon", "coordinates": [[[127.01988841, 37.63871169], [127.01988786, 37.63878665], [127.01999923, 37.63879384], [127.02003854, 37.63877455], [127.02004035, 37.63872896], [127.01995344, 37.6387233], [127.01995322, 37.63871113], [127.01988841, 37.63871169]]]}, "properties": {"name": "수유동 24-26", "status": "partial", "capacity": 3, "active": 2, "industry": "가전제품 수리", "vacancy_rate": 33.3, "vacancy_rate_lo": 33.3, "vacancy_rate_hi": 66.7, "stores": 2, "source": "stores+ledger", "capacity_method": "floor_ouln", "active_pip": 0, "licensed": 0, "com_floors": [1, 2, 3], "occ_floors": [2], "unknown_n": 1, "id": "1130510300100240026-1", "pnu": "1130510300100240026", "floors": 5, "height": 15.9}}, {"type": "Feature", "geometry": {"type": "Polygon", "coordinates": [[[127.0207321, 37.63893075], [127.02059772, 37.63892266], [127.02059411, 37.63898285], [127.02061915, 37.63898492], [127.02062074, 37.6389914], [127.02072713, 37.6389958], [127.0207321, 37.63893075]]]}, "properties": {"name": "수유동 29-68", "status": "full", "capacity": 1, "active": 1, "industry": "기타 간이", "vacancy_rate": 0.0, "vacancy_rate_lo": 0.0, "vacancy_rate_hi": 0.0, "stores": 2, "source": "stores+ledger", "capacity_method": "floor_ouln", "active_pip": 0, "licensed": 0, "com_floors": [1], "occ_floors": [1], "unknown_n": 0, "id": "1130510300100290068-1", "pnu": "1130510300100290068", "floors": 3, "height": 0.0}}, {"type": "Feature", "geometry": {"type": "Polygon", "coordinates": [[[127.02249151, 37.63887168], [127.02249174, 37.638887], [127.02251565, 37.63888762], [127.02251655, 37.6388724], [127.02249151, 37.63887168]]]}, "properties": {"name": "전면좌측코너", "status": "full", "capacity": 2, "active": 2, "industry": "한식", "vacancy_rate": 0.0, "vacancy_rate_lo": 0.0, "vacancy_rate_hi": 50.0, "stores": 4, "source": "stores+ledger", "capacity_method": "floor_ouln", "active_pip": 0, "licensed": 0, "com_floors": [1, 2], "occ_floors": [1], "unknown_n": 1, "id": "1130510300100100001-2", "pnu": "1130510300100100001", "floors": 0, "height": 0.0}}, {"type": "Feature", "geometry": {"type": "Polygon", "coordinates": [[[127.02245876, 37.63919253], [127.02249705, 37.63919352], [127.02249908, 37.63914062], [127.02246293, 37.63913829], [127.02245876, 37.63919253]]]}, "properties": {"name": "오른쪽", "status": "full", "capacity": 2, "active": 2, "industry": "이용·미용", "vacancy_rate": 0.0, "vacancy_rate_lo": 0.0, "vacancy_rate_hi": 0.0, "stores": 5, "source": "stores+ledger", "capacity_method": "floor_ouln", "active_pip": 0, "licensed": 0, "com_floors": [1, 2], "occ_floors": [1, 2], "unknown_n": 0, "id": "1130510300100300070-3", "pnu": "1130510300100300070", "floors": 0, "height": 0.0}}, {"type": "Feature", "geometry": {"type": "Polygon", "coordinates": [[[127.02164356, 37.63957749], [127.02151281, 37.63956706], [127.02150422, 37.63965851], [127.02163146, 37.63966903], [127.02164356, 37.63957749]]]}, "properties": {"name": "수유동 31-14", "status": "empty", "capacity": 3, "active": 0, "industry": "", "vacancy_rate": 100.0, "source": "polygon_only", "capacity_method": "floor_approx", "active_pip": 0, "licensed": 0, "id": "1130510300100310014-1", "pnu": "1130510300100310014", "floors": 3, "height": 9.1}}, {"type": "Feature", "geometry": {"type": "Polygon", "coordinates": [[[127.02226171, 37.63913436], [127.02227199, 37.6390539], [127.02217081, 37.63904762], [127.02216731, 37.63909285], [127.02217762, 37.63909465], [127.02217685, 37.6391287], [127.02226171, 37.63913436]]]}, "properties": {"name": "수유동 30-64", "status": "full", "capacity": 1, "active": 1, "industry": "섬유·의복·신발 소매", "vacancy_rate": 0.0, "vacancy_rate_lo": 0.0, "vacancy_rate_hi": 0.0, "stores": 4, "source": "stores+ledger", "capacity_method": "floor_ouln", "active_pip": 0, "licensed": 0, "com_floors": [1], "occ_floors": [1], "unknown_n": 0, "id": "1130510300100300064-1", "pnu": "1130510300100300064", "floors": 4, "height": 12.6}}, {"type": "Feature", "geometry": {"type": "Polygon", "coordinates": [[[127.02161964, 37.63951722], [127.02170042, 37.63952405], [127.02170076, 37.6395227], [127.02177078, 37.63952638], [127.02178039, 37.63945511], [127.02176657, 37.63945458], [127.02176577, 37.63944187], [127.02162596, 37.63943469], [127.02161964, 37.63951722]]]}, "properties": {"name": "수유동 29-19", "status": "empty", "capacity": 4, "active": 0, "industry": "", "vacancy_rate": 100.0, "source": "polygon_only", "capacity_method": "floor_approx", "active_pip": 0, "licensed": 0, "id": "1130510300100290019-1", "pnu": "1130510300100290019", "floors": 4, "height": 13.35}}, {"type": "Feature", "geometry": {"type": "Polygon", "coordinates": [[[127.02169267, 37.64013871], [127.02142437, 37.64012119], [127.02138553, 37.64059754], [127.0216374, 37.64061281], [127.02167671, 37.64058163], [127.02171794, 37.64017934], [127.02169267, 37.64013871]]]}, "properties": {"name": "수유중앙시장", "status": "full", "capacity": 3, "active": 3, "industry": "식료품 소매", "vacancy_rate": 0.0, "vacancy_rate_lo": 0.0, "vacancy_rate_hi": 33.3, "stores": 18, "source": "stores+ledger", "capacity_method": "floor_ouln", "active_pip": 0, "licensed": 0, "com_floors": [1, 2, 3], "occ_floors": [1, 2], "unknown_n": 1, "id": "1130510300100320002-3", "pnu": "1130510300100320002", "floors": 0, "height": 0.0}}, {"type": "Feature", "geometry": {"type": "Polygon", "coordinates": [[[127.02234688, 37.6394141], [127.0223357, 37.63956745], [127.02250294, 37.63958094], [127.02251762, 37.63942669], [127.02234688, 37.6394141]]]}, "properties": {"name": "수유동 30-19", "status": "empty", "capacity": 4, "active": 0, "industry": "", "vacancy_rate": 100.0, "source": "polygon_only", "capacity_method": "floor_approx", "active_pip": 0, "licensed": 0, "id": "1130510300100300019-1", "pnu": "1130510300100300019", "floors": 4, "height": 14.0}}, {"type": "Feature", "geometry": {"type": "Polygon", "coordinates": [[[127.02160462, 37.63892231], [127.02171396, 37.6389294], [127.02171915, 37.63886885], [127.02161322, 37.63886041], [127.02160462, 37.63892231]]]}, "properties": {"name": "전부", "status": "full", "capacity": 1, "active": 1, "industry": "유원지·오락", "vacancy_rate": 0.0, "vacancy_rate_lo": 0.0, "vacancy_rate_hi": 0.0, "stores": 3, "source": "stores+ledger", "capacity_method": "floor_ouln", "active_pip": 0, "licensed": 0, "com_floors": [1], "occ_floors": [1], "unknown_n": 0, "id": "1130510300100230061-1", "pnu": "1130510300100230061", "floors": 4, "height": 12.7}}, {"type": "Feature", "geometry": {"type": "Polygon", "coordinates": [[[127.02168704, 37.63911033], [127.02164093, 37.63910655], [127.02163844, 37.63913187], [127.02168603, 37.63913429], [127.02168704, 37.63911033]]]}, "properties": {"name": "지하", "status": "partial", "capacity": 2, "active": 1, "industry": "종합 소매", "vacancy_rate": 50.0, "vacancy_rate_lo": 50.0, "vacancy_rate_hi": 50.0, "stores": 1, "source": "stores+ledger", "capacity_method": "floor_ouln", "active_pip": 0, "licensed": 0, "com_floors": [1, 2], "occ_floors": [1], "unknown_n": 0, "id": "1130510300100290083-2", "pnu": "1130510300100290083", "floors": 0, "height": 0.0}}, {"type": "Feature", "geometry": {"type": "Polygon", "coordinates": [[[127.02181114, 37.63998876], [127.02180459, 37.64005615], [127.02182578, 37.64008318], [127.02192288, 37.64009046], [127.02192615, 37.64003334], [127.02190134, 37.64003217], [127.02190223, 37.63999334], [127.02181114, 37.63998876]]]}, "properties": {"name": "수유동 30-51", "status": "full", "capacity": 1, "active": 1, "industry": "이용·미용", "vacancy_rate": 0.0, "vacancy_rate_lo": 0.0, "vacancy_rate_hi": 0.0, "stores": 3, "source": "stores+ledger", "capacity_method": "floor_ouln", "active_pip": 0, "licensed": 0, "com_floors": [1], "occ_floors": [1], "unknown_n": 0, "id": "1130510300100300051-4", "pnu": "1130510300100300051", "floors": 3, "height": 0.0}}, {"type": "Feature", "geometry": {"type": "Polygon", "coordinates": [[[127.02087463, 37.63894172], [127.02081356, 37.63893885], [127.02077799, 37.63893786], [127.02077562, 37.63899778], [127.02086513, 37.63900118], [127.02086456, 37.63899398], [127.02087532, 37.63899425], [127.02087463, 37.63894172]]]}, "properties": {"name": "좌측", "status": "full", "capacity": 1, "active": 1, "industry": "이용·미용", "vacancy_rate": 0.0, "vacancy_rate_lo": 0.0, "vacancy_rate_hi": 0.0, "stores": 2, "source": "stores+ledger", "capacity_method": "floor_ouln", "active_pip": 0, "licensed": 0, "com_floors": [1], "occ_floors": [1], "unknown_n": 0, "id": "1130510300100290045-1", "pnu": "1130510300100290045", "floors": 3, "height": 9.0}}, {"type": "Feature", "geometry": {"type": "Polygon", "coordinates": [[[127.02009675, 37.6390606], [127.02008748, 37.63915665], [127.02023036, 37.63916509], [127.02023736, 37.63907022], [127.02009675, 37.6390606]]]}, "properties": {"name": "수유동 29-76", "status": "empty", "capacity": 4, "active": 0, "industry": "", "vacancy_rate": 100.0, "source": "polygon_only", "capacity_method": "floor_approx", "active_pip": 0, "licensed": 0, "id": "1130510300100290076-1", "pnu": "1130510300100290076", "floors": 4, "height": 12.4}}, {"type": "Feature", "geometry": {"type": "Polygon", "coordinates": [[[127.02039706, 37.63895767], [127.02040013, 37.63890828], [127.02026496, 37.63890164], [127.02025942, 37.63894958], [127.02039706, 37.63895767]]]}, "properties": {"name": "우측", "status": "partial", "capacity": 2, "active": 1, "industry": "한식", "vacancy_rate": 50.0, "vacancy_rate_lo": 50.0, "vacancy_rate_hi": 50.0, "stores": 2, "source": "stores+ledger", "capacity_method": "floor_ouln", "active_pip": 0, "licensed": 0, "com_floors": [1, 2], "occ_floors": [1], "unknown_n": 0, "id": "1130510300100290073-1", "pnu": "1130510300100290073", "floors": 4, "height": 12.1}}, {"type": "Feature", "geometry": {"type": "Polygon", "coordinates": [[[127.02231445, 37.63933383], [127.02231005, 37.63939203], [127.02238653, 37.63939635], [127.02239116, 37.63933787], [127.02231445, 37.63933383]]]}, "properties": {"name": "동아빌딩", "status": "full", "capacity": 5, "active": 5, "industry": "한식", "vacancy_rate": 0.0, "vacancy_rate_lo": 0.0, "vacancy_rate_hi": 20.0, "stores": 6, "source": "stores+ledger", "capacity_method": "floor_ouln", "active_pip": 0, "licensed": 0, "com_floors": [1, 2, 3, 4, 5], "occ_floors": [1, 2, 4, 5], "unknown_n": 1, "id": "1130510300100300020-2", "pnu": "1130510300100300020", "floors": 0, "height": 0.0}}, {"type": "Feature", "geometry": {"type": "Polygon", "coordinates": [[[127.02208749, 37.64003378], [127.02207719, 37.64011747], [127.02209755, 37.64011905], [127.02209656, 37.64012715], [127.02214409, 37.64013085], [127.02214309, 37.64013895], [127.02218836, 37.64014247], [127.02219378, 37.64009838], [127.02218247, 37.6400975], [127.02218435, 37.64008221], [127.02219567, 37.64008309], [127.02220066, 37.64004259], [127.02208749, 37.64003378]]]}, "properties": {"name": "세일빌딩", "status": "full", "capacity": 3, "active": 3, "industry": "한식", "vacancy_rate": 0.0, "vacancy_rate_lo": 0.0, "vacancy_rate_hi": 0.0, "stores": 4, "source": "stores+ledger", "capacity_method": "floor_ouln", "active_pip": 0, "licensed": 0, "com_floors": [1, 3, 4], "occ_floors": [1, 3, 4], "unknown_n": 0, "id": "1130510300100300007-1", "pnu": "1130510300100300007", "floors": 4, "height": 12.6}}, {"type": "Feature", "geometry": {"type": "Polygon", "coordinates": [[[127.02222183, 37.64013509], [127.02241874, 37.64015041], [127.02244388, 37.63994614], [127.02233977, 37.63993804], [127.02232791, 37.64003432], [127.02223512, 37.6400271], [127.02222183, 37.64013509]]]}, "properties": {"name": "세일빌딩", "status": "full", "capacity": 3, "active": 3, "industry": "한식", "vacancy_rate": 0.0, "vacancy_rate_lo": 0.0, "vacancy_rate_hi": 0.0, "stores": 4, "source": "stores+ledger", "capacity_method": "floor_ouln", "active_pip": 0, "licensed": 0, "com_floors": [1, 3, 4], "occ_floors": [1, 3, 4], "unknown_n": 0, "id": "1130510300100300007-2", "pnu": "1130510300100300007", "floors": 4, "height": 0.0}}, {"type": "Feature", "geometry": {"type": "Polygon", "coordinates": [[[127.02336169, 37.63948192], [127.02347122, 37.63948911], [127.02347909, 37.63941324], [127.02336956, 37.63940605], [127.02336169, 37.63948192]]]}, "properties": {"name": "전체", "status": "full", "capacity": 3, "active": 3, "industry": "이용·미용", "vacancy_rate": 0.0, "vacancy_rate_lo": 0.0, "vacancy_rate_hi": 0.0, "stores": 3, "source": "stores+ledger", "capacity_method": "floor_ouln", "active_pip": 0, "licensed": 0, "com_floors": [1, 2, 3], "occ_floors": [1, 2, 3], "unknown_n": 0, "id": "1130510300102210032-1", "pnu": "1130510300102210032", "floors": 4, "height": 12.55}}, {"type": "Feature", "geometry": {"type": "Polygon", "coordinates": [[[127.02503534, 37.63858636], [127.02510941, 37.63854049], [127.02500481, 37.63844645], [127.02500005, 37.63844933], [127.02493118, 37.63849089], [127.02491601, 37.6385218], [127.02491782, 37.63853216], [127.02492372, 37.63854081], [127.02492814, 37.63854459], [127.0249363, 37.63854954], [127.02495477, 37.63855639], [127.02496236, 37.63855801], [127.02496904, 37.63855882], [127.02497913, 37.63855863], [127.02499827, 37.63855439], [127.02500009, 37.63855601], [127.02503534, 37.63858636]]]}, "properties": {"name": "우측과", "status": "full", "capacity": 5, "active": 5, "industry": "주점", "vacancy_rate": 0.0, "vacancy_rate_lo": 0.0, "vacancy_rate_hi": 20.0, "stores": 7, "source": "stores+ledger", "capacity_method": "floor_ouln", "active_pip": 0, "licensed": 0, "com_floors": [1, 2, 3, 4, 5], "occ_floors": [1, 2, 4, 5], "unknown_n": 1, "id": "1130510300101910076-1", "pnu": "1130510300101910076", "floors": 6, "height": 20.1}}, {"type": "Feature", "geometry": {"type": "Polygon", "coordinates": [[[127.02457022, 37.63883955], [127.02447812, 37.63889634], [127.02449274, 37.63891029], [127.02458291, 37.63885423], [127.02457022, 37.63883955]]]}, "properties": {"name": "수유동 192-51", "status": "partial", "capacity": 2, "active": 1, "industry": "주점", "vacancy_rate": 50.0, "vacancy_rate_lo": 50.0, "vacancy_rate_hi": 50.0, "stores": 2, "source": "stores+ledger", "capacity_method": "floor_ouln", "active_pip": 0, "licensed": 0, "com_floors": [1, 2], "occ_floors": [2], "unknown_n": 0, "id": "1130510300101920051-1", "pnu": "1130510300101920051", "floors": 0, "height": 0.0}}, {"type": "Feature", "geometry": {"type": "Polygon", "coordinates": [[[127.0245336, 37.63843177], [127.02459105, 37.63845906], [127.02460555, 37.63844744], [127.02454027, 37.63839483], [127.0245336, 37.63843177]]]}, "properties": {"name": "수유동 229-1", "status": "partial", "capacity": 3, "active": 2, "industry": "주점", "vacancy_rate": 33.3, "vacancy_rate_lo": 33.3, "vacancy_rate_hi": 33.3, "stores": 2, "source": "stores+ledger", "capacity_method": "floor_ouln", "active_pip": 0, "licensed": 0, "com_floors": [1, 2, 3], "occ_floors": [1, 3], "unknown_n": 0, "id": "1130510300102290001-1", "pnu": "1130510300102290001", "floors": 0, "height": 0.0}}, {"type": "Feature", "geometry": {"type": "Polygon", "coordinates": [[[127.02445559, 37.63860721], [127.02452041, 37.63866414], [127.02453412, 37.63865459], [127.02446884, 37.63859748], [127.02445559, 37.63860721]]]}, "properties": {"name": "현대크리스탈", "status": "partial", "capacity": 39, "active": 23, "industry": "주점", "vacancy_rate": 41.0, "vacancy_rate_lo": null, "vacancy_rate_hi": null, "stores": 23, "source": "stores+ledger", "capacity_method": "expos_units", "active_pip": 0, "licensed": 0, "com_floors": null, "occ_floors": null, "unknown_n": null, "id": "1130510300102240015-1", "pnu": "1130510300102240015", "floors": 0, "height": 0.0}}, {"type": "Feature", "geometry": {"type": "Polygon", "coordinates": [[[127.02497195, 37.63910589], [127.02495292, 37.63911905], [127.02496369, 37.63912833], [127.0249886, 37.63911147], [127.02497195, 37.63910589]]]}, "properties": {"name": "명칭없음", "status": "partial", "capacity": 2, "active": 1, "industry": "일식", "vacancy_rate": 50.0, "vacancy_rate_lo": null, "vacancy_rate_hi": null, "stores": 1, "source": "stores+ledger", "capacity_method": "expos_units", "active_pip": 0, "licensed": 0, "com_floors": null, "occ_floors": null, "unknown_n": null, "id": "1130510300101920008-1", "pnu": "1130510300101920008", "floors": 0, "height": 0.0}}, {"type": "Feature", "geometry": {"type": "Polygon", "coordinates": [[[127.02457662, 37.63801362], [127.02457065, 37.63809859], [127.02460554, 37.6380775], [127.02458865, 37.63805795], [127.0246241, 37.63803316], [127.02459169, 37.63800254], [127.02457662, 37.63801362]]]}, "properties": {"name": "수유동 229-27", "status": "full", "capacity": 1, "active": 1, "industry": "주점", "vacancy_rate": 0.0, "vacancy_rate_lo": 0.0, "vacancy_rate_hi": 0.0, "stores": 1, "source": "stores+ledger", "capacity_method": "floor_ouln", "active_pip": 0, "licensed": 0, "com_floors": [1], "occ_floors": [1], "unknown_n": 0, "id": "1130510300102290027-1", "pnu": "1130510300102290027", "floors": 0, "height": 0.0}}, {"type": "Feature", "geometry": {"type": "Polygon", "coordinates": [[[127.02457792, 37.6391995], [127.0245446, 37.63917058], [127.0244516, 37.63923619], [127.02458739, 37.63936086], [127.02464108, 37.63932517], [127.02454043, 37.63923068], [127.02457792, 37.6391995]]]}, "properties": {"name": "수유동 192-26", "status": "empty", "capacity": 5, "active": 0, "industry": "", "vacancy_rate": 100.0, "source": "polygon_only", "capacity_method": "floor_approx", "active_pip": 0, "licensed": 0, "id": "1130510300101920026-1", "pnu": "1130510300101920026", "floors": 5, "height": 17.3}}, {"type": "Feature", "geometry": {"type": "Polygon", "coordinates": [[[127.02461368, 37.6387153], [127.02468305, 37.6387816], [127.02474975, 37.63873563], [127.0246881, 37.6386733], [127.02461368, 37.6387153]]]}, "properties": {"name": "수유동 192-52", "status": "full", "capacity": 2, "active": 2, "industry": "주점", "vacancy_rate": 0.0, "vacancy_rate_lo": 0.0, "vacancy_rate_hi": 0.0, "stores": 4, "source": "stores+ledger", "capacity_method": "floor_ouln", "active_pip": 0, "licensed": 0, "com_floors": [1, 2], "occ_floors": [1, 2], "unknown_n": 0, "id": "1130510300101920052-1", "pnu": "1130510300101920052", "floors": 3, "height": 9.4}}, {"type": "Feature", "geometry": {"type": "Polygon", "coordinates": [[[127.02451774, 37.63877433], [127.02443528, 37.63883112], [127.02443291, 37.63886301], [127.02447212, 37.63889742], [127.02457316, 37.63883351], [127.02451774, 37.63877433]]]}, "properties": {"name": "수유동 192-51", "status": "partial", "capacity": 2, "active": 1, "industry": "주점", "vacancy_rate": 50.0, "vacancy_rate_lo": 50.0, "vacancy_rate_hi": 50.0, "stores": 2, "source": "stores+ledger", "capacity_method": "floor_ouln", "active_pip": 0, "licensed": 0, "com_floors": [1, 2], "occ_floors": [2], "unknown_n": 0, "id": "1130510300101920051-2", "pnu": "1130510300101920051", "floors": 3, "height": 0.0}}, {"type": "Feature", "geometry": {"type": "Polygon", "coordinates": [[[127.0245951, 37.63872287], [127.02452487, 37.63876775], [127.02459367, 37.63883513], [127.02465824, 37.63878809], [127.0245951, 37.63872287]]]}, "properties": {"name": "수유동 192-50", "status": "full", "capacity": 2, "active": 2, "industry": "주점", "vacancy_rate": 0.0, "vacancy_rate_lo": 0.0, "vacancy_rate_hi": 0.0, "stores": 3, "source": "stores+ledger", "capacity_method": "floor_ouln", "active_pip": 0, "licensed": 0, "com_floors": [1, 2], "occ_floors": [1, 2], "unknown_n": 0, "id": "1130510300101920050-1", "pnu": "1130510300101920050", "floors": 2, "height": 0.0}}, {"type": "Feature", "geometry": {"type": "Polygon", "coordinates": [[[127.02471784, 37.63918072], [127.02463413, 37.63923823], [127.02469511, 37.63929777], [127.02478199, 37.63923954], [127.02471784, 37.63918072]]]}, "properties": {"name": "수유동 192-23", "status": "empty", "capacity": 2, "active": 0, "industry": "", "vacancy_rate": 100.0, "source": "polygon_only", "capacity_method": "floor_approx", "active_pip": 0, "licensed": 0, "id": "1130510300101920023-1", "pnu": "1130510300101920023", "floors": 2, "height": 6.1}}, {"type": "Feature", "geometry": {"type": "Polygon", "coordinates": [[[127.02479955, 37.639573], [127.02468808, 37.63964798], [127.02475994, 37.63971599], [127.02486381, 37.63963957], [127.02479955, 37.639573]]]}, "properties": {"name": "수유동 192-81", "status": "full", "capacity": 1, "active": 1, "industry": "한식", "vacancy_rate": 0.0, "vacancy_rate_lo": 0.0, "vacancy_rate_hi": 100.0, "stores": 1, "source": "stores+ledger", "capacity_method": "floor_ouln", "active_pip": 0, "licensed": 0, "com_floors": [1], "occ_floors": [], "unknown_n": 1, "id": "1130510300101920081-1", "pnu": "1130510300101920081", "floors": 1, "height": 0.0}}, {"type": "Feature", "geometry": {"type": "Polygon", "coordinates": [[[127.02459434, 37.63845924], [127.02473156, 37.63852391], [127.02475954, 37.63852264], [127.02482037, 37.63848217], [127.02474002, 37.6384111], [127.02470808, 37.63843372], [127.02466841, 37.63840148], [127.02459434, 37.63845924]]]}, "properties": {"name": "수유동 229-1", "status": "partial", "capacity": 3, "active": 2, "industry": "주점", "vacancy_rate": 33.3, "vacancy_rate_lo": 33.3, "vacancy_rate_hi": 33.3, "stores": 2, "source": "stores+ledger", "capacity_method": "floor_ouln", "active_pip": 0, "licensed": 0, "com_floors": [1, 2, 3], "occ_floors": [1, 3], "unknown_n": 0, "id": "1130510300102290001-2", "pnu": "1130510300102290001", "floors": 3, "height": 0.0}}, {"type": "Feature", "geometry": {"type": "Polygon", "coordinates": [[[127.02492075, 37.63810752], [127.024992, 37.63805272], [127.02491708, 37.6379858], [127.02484413, 37.63804311], [127.02492075, 37.63810752]]]}, "properties": {"name": "수유동 229-37", "status": "full", "capacity": 1, "active": 1, "industry": "주점", "vacancy_rate": 0.0, "vacancy_rate_lo": 0.0, "vacancy_rate_hi": 0.0, "stores": 1, "source": "stores+ledger", "capacity_method": "floor_ouln", "active_pip": 0, "licensed": 0, "com_floors": [1], "occ_floors": [1], "unknown_n": 0, "id": "1130510300102290037-1", "pnu": "1130510300102290037", "floors": 1, "height": 0.0}}, {"type": "Feature", "geometry": {"type": "Polygon", "coordinates": [[[127.02459161, 37.63842465], [127.02467769, 37.63836571], [127.02458975, 37.63828563], [127.02454682, 37.63831555], [127.02453744, 37.6383806], [127.02459161, 37.63842465]]]}, "properties": {"name": "수유동 229-20", "status": "full", "capacity": 1, "active": 1, "industry": "한식", "vacancy_rate": 0.0, "vacancy_rate_lo": 0.0, "vacancy_rate_hi": 0.0, "stores": 2, "source": "stores+ledger", "capacity_method": "floor_ouln", "active_pip": 0, "licensed": 0, "com_floors": [1], "occ_floors": [1], "unknown_n": 0, "id": "1130510300102290020-1", "pnu": "1130510300102290020", "floors": 1, "height": 0.0}}, {"type": "Feature", "geometry": {"type": "Polygon", "coordinates": [[[127.02451611, 37.63866351], [127.0244344, 37.63859199], [127.02439158, 37.63863146], [127.024464, 37.63870074], [127.02451611, 37.63866351]]]}, "properties": {"name": "현대크리스탈", "status": "partial", "capacity": 39, "active": 23, "industry": "주점", "vacancy_rate": 41.0, "vacancy_rate_lo": null, "vacancy_rate_hi": null, "stores": 23, "source": "stores+ledger", "capacity_method": "expos_units", "active_pip": 0, "licensed": 0, "com_floors": null, "occ_floors": null, "unknown_n": null, "id": "1130510300102240015-2", "pnu": "1130510300102240015", "floors": 0, "height": 0.0}}, {"type": "Feature", "geometry": {"type": "Polygon", "coordinates": [[[127.02486562, 37.63826061], [127.0247895, 37.63831613], [127.02490215, 37.63840882], [127.02497238, 37.63835429], [127.02486562, 37.63826061]]]}, "properties": {"name": "수유동 229-46", "status": "partial", "capacity": 4, "active": 2, "industry": "중식", "vacancy_rate": 50.0, "vacancy_rate_lo": 50.0, "vacancy_rate_hi": 50.0, "stores": 3, "source": "stores+ledger", "capacity_method": "floor_ouln", "active_pip": 0, "licensed": 0, "com_floors": [1, 2, 3, 4], "occ_floors": [1, 4], "unknown_n": 0, "id": "1130510300102290046-1", "pnu": "1130510300102290046", "floors": 5, "height": 15.5}}, {"type": "Feature", "geometry": {"type": "Polygon", "coordinates": [[[127.0244701, 37.63895463], [127.02445264, 37.63893841], [127.02436939, 37.63899862], [127.02438809, 37.63901393], [127.0244701, 37.63895463]]]}, "properties": {"name": "전체", "status": "full", "capacity": 2, "active": 2, "industry": "한식", "vacancy_rate": 0.0, "vacancy_rate_lo": 0.0, "vacancy_rate_hi": 0.0, "stores": 2, "source": "stores+ledger", "capacity_method": "floor_ouln", "active_pip": 0, "licensed": 0, "com_floors": [1, 2], "occ_floors": [1, 2], "unknown_n": 0, "id": "1130510300101920055-1", "pnu": "1130510300101920055", "floors": 0, "height": 0.0}}, {"type": "Feature", "geometry": {"type": "Polygon", "coordinates": [[[127.02557563, 37.6381718], [127.02539836, 37.63829474], [127.02543905, 37.63833293], [127.02561496, 37.63820954], [127.02557563, 37.6381718]]]}, "properties": {"name": "수유동 191-17", "status": "full", "capacity": 2, "active": 2, "industry": "의약·화장품 소매", "vacancy_rate": 0.0, "vacancy_rate_lo": 0.0, "vacancy_rate_hi": 0.0, "stores": 4, "source": "stores+ledger", "capacity_method": "floor_ouln", "active_pip": 0, "licensed": 0, "com_floors": [1, 2], "occ_floors": [1, 2], "unknown_n": 0, "id": "1130510300101910017-1", "pnu": "1130510300101910017", "floors": 2, "height": 0.0}}, {"type": "Feature", "geometry": {"type": "Polygon", "coordinates": [[[127.0253569, 37.63862883], [127.02542093, 37.63869125], [127.02552276, 37.63862303], [127.02547369, 37.63857817], [127.02541139, 37.63861963], [127.02539677, 37.63860512], [127.0253569, 37.63862883]]]}, "properties": {"name": "수유동 191-71", "status": "empty", "capacity": 2, "active": 0, "industry": "", "vacancy_rate": 100.0, "source": "polygon_only", "capacity_method": "floor_approx", "active_pip": 0, "licensed": 0, "id": "1130510300101910071-1", "pnu": "1130510300101910071", "floors": 2, "height": 0.0}}, {"type": "Feature", "geometry": {"type": "Polygon", "coordinates": [[[127.02550106, 37.63877836], [127.02540693, 37.63884667], [127.02546541, 37.63890721], [127.02556883, 37.63883709], [127.02550106, 37.63877836]]]}, "properties": {"name": "수유동 191-66", "status": "full", "capacity": 3, "active": 3, "industry": "주점", "vacancy_rate": 0.0, "vacancy_rate_lo": 0.0, "vacancy_rate_hi": 0.0, "stores": 5, "source": "stores+ledger", "capacity_method": "floor_ouln", "active_pip": 0, "licensed": 0, "com_floors": [1, 2, 3], "occ_floors": [1, 2, 3], "unknown_n": 0, "id": "1130510300101910066-1", "pnu": "1130510300101910066", "floors": 4, "height": 13.0}}, {"type": "Feature", "geometry": {"type": "Polygon", "coordinates": [[[127.02532125, 37.6387674], [127.02538359, 37.63882983], [127.02547126, 37.63876918], [127.02539997, 37.63869873], [127.02532125, 37.6387674]]]}, "properties": {"name": "수유동 191-59", "status": "full", "capacity": 6, "active": 6, "industry": "한식", "vacancy_rate": 0.0, "vacancy_rate_lo": null, "vacancy_rate_hi": null, "stores": 6, "source": "stores+ledger", "capacity_method": "expos_units", "active_pip": 0, "licensed": 0, "com_floors": null, "occ_floors": null, "unknown_n": null, "id": "1130510300101910059-1", "pnu": "1130510300101910059", "floors": 0, "height": 0.0}}, {"type": "Feature", "geometry": {"type": "Polygon", "coordinates": [[[127.02548779, 37.63838581], [127.02540941, 37.6384424], [127.02549237, 37.63852104], [127.02552612, 37.63849365], [127.02554788, 37.63851247], [127.02558764, 37.63848327], [127.02548779, 37.63838581]]]}, "properties": {"name": "모텔첫사랑", "status": "full", "capacity": 1, "active": 1, "industry": "일반 숙박", "vacancy_rate": 0.0, "vacancy_rate_lo": 0.0, "vacancy_rate_hi": 0.0, "stores": 2, "source": "stores+ledger", "capacity_method": "floor_ouln", "active_pip": 0, "licensed": 0, "com_floors": [1], "occ_floors": [1], "unknown_n": 0, "id": "1130510300101910022-1", "pnu": "1130510300101910022", "floors": 5, "height": 16.5}}, {"type": "Feature", "geometry": {"type": "Polygon", "coordinates": [[[127.02514753, 37.63864545], [127.02522754, 37.63871697], [127.02534568, 37.63863027], [127.02527043, 37.63855812], [127.02514753, 37.63864545]]]}, "properties": {"name": "우측", "status": "full", "capacity": 2, "active": 2, "industry": "주점", "vacancy_rate": 0.0, "vacancy_rate_lo": 0.0, "vacancy_rate_hi": 0.0, "stores": 4, "source": "stores+ledger", "capacity_method": "floor_ouln", "active_pip": 0, "licensed": 0, "com_floors": [1, 2], "occ_floors": [1, 2], "unknown_n": 0, "id": "1130510300101910078-1", "pnu": "1130510300101910078", "floors": 4, "height": 12.5}}, {"type": "Feature", "geometry": {"type": "Polygon", "coordinates": [[[127.02506447, 37.63859996], [127.02513801, 37.63864257], [127.02526714, 37.6385537], [127.02520525, 37.6384947], [127.02506447, 37.63859996]]]}, "properties": {"name": "수유동 191-77", "status": "full", "capacity": 4, "active": 4, "industry": "주점", "vacancy_rate": 0.0, "vacancy_rate_lo": 0.0, "vacancy_rate_hi": 25.0, "stores": 4, "source": "stores+ledger", "capacity_method": "floor_ouln", "active_pip": 0, "licensed": 0, "com_floors": [1, 2, 3, 4], "occ_floors": [2, 3, 4], "unknown_n": 1, "id": "1130510300101910077-1", "pnu": "1130510300101910077", "floors": 4, "height": 0.0}}, {"type": "Feature", "geometry": {"type": "Polygon", "coordinates": [[[127.0259753, 37.63964987], [127.02579204, 37.63947791], [127.02556741, 37.63962879], [127.02557716, 37.63963933], [127.02550126, 37.63968998], [127.02514867, 37.63936696], [127.02500731, 37.63946276], [127.02554735, 37.63996648], [127.02594461, 37.63969943], [127.0259454, 37.6396997], [127.02592886, 37.63968258], [127.0259753, 37.63964987]]]}, "properties": {"name": "수유동 192-59", "status": "empty", "capacity": 6, "active": 0, "industry": "", "vacancy_rate": 100.0, "source": "polygon_only", "capacity_method": "floor_approx", "active_pip": 0, "licensed": 0, "id": "1130510300101920059-1", "pnu": "1130510300101920059", "floors": 6, "height": 23.42}}, {"type": "Feature", "geometry": {"type": "Polygon", "coordinates": [[[127.02510507, 37.63909424], [127.02515529, 37.63913739], [127.02522676, 37.63908286], [127.02518164, 37.63903945], [127.02510507, 37.63909424]]]}, "properties": {"name": "태광빌딩", "status": "partial", "capacity": 7, "active": 6, "industry": "주점", "vacancy_rate": 14.3, "vacancy_rate_lo": 14.3, "vacancy_rate_hi": 28.6, "stores": 8, "source": "stores+ledger", "capacity_method": "floor_ouln", "active_pip": 0, "licensed": 0, "com_floors": [1, 2, 3, 4, 5, 6, 7], "occ_floors": [1, 2, 3, 4, 6], "unknown_n": 1, "id": "1130510300101920003-1", "pnu": "1130510300101920003", "floors": 0, "height": 0.0}}, {"type": "Feature", "geometry": {"type": "Polygon", "coordinates": [[[127.02526386, 37.63892716], [127.02522625, 37.63895213], [127.02522808, 37.63898222], [127.0252427, 37.63899311], [127.02518426, 37.63903575], [127.02528229, 37.63912232], [127.02531344, 37.63909653], [127.02533214, 37.63911293], [127.02540486, 37.63906453], [127.02540202, 37.6390457], [127.02526386, 37.63892716]]]}, "properties": {"name": "태광빌딩", "status": "partial", "capacity": 7, "active": 6, "industry": "주점", "vacancy_rate": 14.3, "vacancy_rate_lo": 14.3, "vacancy_rate_hi": 28.6, "stores": 8, "source": "stores+ledger", "capacity_method": "floor_ouln", "active_pip": 0, "licensed": 0, "com_floors": [1, 2, 3, 4, 5, 6, 7], "occ_floors": [1, 2, 3, 4, 6], "unknown_n": 1, "id": "1130510300101920003-2", "pnu": "1130510300101920003", "floors": 7, "height": 16.6}}, {"type": "Feature", "geometry": {"type": "Polygon", "coordinates": [[[127.02517469, 37.63821928], [127.02504231, 37.63809182], [127.02500006, 37.63812201], [127.02495838, 37.63815193], [127.02500009, 37.63819165], [127.02509052, 37.63827786], [127.02517469, 37.63821928]]]}, "properties": {"name": "전부", "status": "full", "capacity": 5, "active": 5, "industry": "주점", "vacancy_rate": 0.0, "vacancy_rate_lo": 0.0, "vacancy_rate_hi": 0.0, "stores": 7, "source": "stores+ledger", "capacity_method": "floor_ouln", "active_pip": 0, "licensed": 0, "com_floors": [1, 2, 3, 4, 5], "occ_floors": [1, 2, 3, 4, 5], "unknown_n": 0, "id": "1130510300102290035-1", "pnu": "1130510300102290035", "floors": 5, "height": 0.0}}, {"type": "Feature", "geometry": {"type": "Polygon", "coordinates": [[[127.02519791, 37.63920639], [127.02509387, 37.63912217], [127.02506, 37.63914263], [127.02503279, 37.63911903], [127.02501581, 37.63913381], [127.02500005, 37.6391185], [127.02499279, 37.63911138], [127.02495792, 37.63913617], [127.02500008, 37.63917535], [127.0251023, 37.63927029], [127.02519791, 37.63920639]]]}, "properties": {"name": "명칭없음", "status": "partial", "capacity": 2, "active": 1, "industry": "일식", "vacancy_rate": 50.0, "vacancy_rate_lo": null, "vacancy_rate_hi": null, "stores": 1, "source": "stores+ledger", "capacity_method": "expos_units", "active_pip": 0, "licensed": 0, "com_floors": null, "occ_floors": null, "unknown_n": null, "id": "1130510300101920008-2", "pnu": "1130510300101920008", "floors": 3, "height": 10.3}}, {"type": "Feature", "geometry": {"type": "Polygon", "coordinates": [[[127.02524503, 37.6400764], [127.02533255, 37.64015695], [127.02536112, 37.64013732], [127.02535663, 37.6401332], [127.02540252, 37.64010167], [127.02531949, 37.64002525], [127.02524503, 37.6400764]]]}, "properties": {"name": "수유동 192-93", "status": "full", "capacity": 1, "active": 1, "industry": "비알코올 ", "vacancy_rate": 0.0, "vacancy_rate_lo": 0.0, "vacancy_rate_hi": 0.0, "stores": 1, "source": "stores+ledger", "capacity_method": "floor_ouln", "active_pip": 0, "licensed": 0, "com_floors": [1], "occ_floors": [1], "unknown_n": 0, "id": "1130510300101920093-1", "pnu": "1130510300101920093", "floors": 4, "height": 11.5}}, {"type": "Feature", "geometry": {"type": "Polygon", "coordinates": [[[127.02459807, 37.63956003], [127.02461991, 37.63954513], [127.02462135, 37.63954647], [127.02469443, 37.63949662], [127.02466776, 37.6394719], [127.02465223, 37.6394825], [127.02464214, 37.63947315], [127.02465767, 37.63946255], [127.02462741, 37.6394345], [127.02456442, 37.63947747], [127.02457811, 37.63949016], [127.02456341, 37.63950019], [127.02456665, 37.63950319], [127.02454943, 37.63951494], [127.02459807, 37.63956003]]]}, "properties": {"name": "삼성타워", "status": "full", "capacity": 1, "active": 1, "industry": "비알코올 ", "vacancy_rate": 0.0, "vacancy_rate_lo": 0.0, "vacancy_rate_hi": 0.0, "stores": 2, "source": "stores+ledger", "capacity_method": "floor_ouln", "active_pip": 0, "licensed": 0, "com_floors": [1], "occ_floors": [1], "unknown_n": 0, "id": "1130510300101920013-1", "pnu": "1130510300101920013", "floors": 7, "height": 23.4}}, {"type": "Feature", "geometry": {"type": "Polygon", "coordinates": [[[127.02470491, 37.63810288], [127.02466571, 37.6381291], [127.02469291, 37.63815424], [127.0247312, 37.63812576], [127.02470491, 37.63810288]]]}, "properties": {"name": "수유동 229-26", "status": "full", "capacity": 1, "active": 1, "industry": "주점", "vacancy_rate": 0.0, "vacancy_rate_lo": 0.0, "vacancy_rate_hi": 100.0, "stores": 1, "source": "stores+ledger", "capacity_method": "floor_ouln", "active_pip": 0, "licensed": 0, "com_floors": [1], "occ_floors": [], "unknown_n": 1, "id": "1130510300102290026-1", "pnu": "1130510300102290026", "floors": 0, "height": 0.0}}, {"type": "Feature", "geometry": {"type": "Polygon", "coordinates": [[[127.02526739, 37.63829431], [127.02538265, 37.63840673], [127.02541572, 37.63838438], [127.02545956, 37.63835662], [127.02536833, 37.63826744], [127.02534499, 37.63828276], [127.02531768, 37.63826187], [127.02526739, 37.63829431]]]}, "properties": {"name": "수유동 191-20", "status": "partial", "capacity": 7, "active": 6, "industry": "주점", "vacancy_rate": 14.3, "vacancy_rate_lo": 14.3, "vacancy_rate_hi": 14.3, "stores": 5, "source": "stores+ledger", "capacity_method": "floor_ouln", "active_pip": 0, "licensed": 0, "com_floors": [1, 2, 3, 4, 5, 6, 7], "occ_floors": [1, 2, 4, 5, 6, 7], "unknown_n": 0, "id": "1130510300101910020-1", "pnu": "1130510300101910020", "floors": 7, "height": 22.5}}, {"type": "Feature", "geometry": {"type": "Polygon", "coordinates": [[[127.02470783, 37.63837597], [127.02482003, 37.63847515], [127.02489943, 37.63841737], [127.02480877, 37.6383427], [127.02478974, 37.63835839], [127.02476368, 37.63833632], [127.02470783, 37.63837597]]]}, "properties": {"name": "수유동 229-23", "status": "full", "capacity": 4, "active": 4, "industry": "유원지·오락", "vacancy_rate": 0.0, "vacancy_rate_lo": 0.0, "vacancy_rate_hi": 0.0, "stores": 5, "source": "stores+ledger", "capacity_method": "floor_ouln", "active_pip": 0, "licensed": 0, "com_floors": [1, 2, 3, 4], "occ_floors": [1, 2, 3, 4], "unknown_n": 0, "id": "1130510300102290023-1", "pnu": "1130510300102290023", "floors": 4, "height": 12.3}}, {"type": "Feature", "geometry": {"type": "Polygon", "coordinates": [[[127.02519353, 37.63832559], [127.02511356, 37.6383839], [127.02521215, 37.63846812], [127.0252868, 37.63841306], [127.02519353, 37.63832559]]]}, "properties": {"name": "수유동 191-74", "status": "full", "capacity": 5, "active": 5, "industry": "유원지·오락", "vacancy_rate": 0.0, "vacancy_rate_lo": 0.0, "vacancy_rate_hi": 40.0, "stores": 5, "source": "stores+ledger", "capacity_method": "floor_ouln", "active_pip": 0, "licensed": 0, "com_floors": [1, 2, 3, 4, 5], "occ_floors": [3, 4, 5], "unknown_n": 2, "id": "1130510300101910074-1", "pnu": "1130510300101910074", "floors": 5, "height": 15.6}}, {"type": "Feature", "geometry": {"type": "Polygon", "coordinates": [[[127.0252892, 37.63812808], [127.0252637, 37.63810817], [127.02527288, 37.63810015], [127.02516475, 37.63800323], [127.02508275, 37.63806244], [127.02521705, 37.63818566], [127.0252892, 37.63812808]]]}, "properties": {"name": "덕인빌딩", "status": "full", "capacity": 13, "active": 13, "industry": "주점", "vacancy_rate": 0.0, "vacancy_rate_lo": null, "vacancy_rate_hi": null, "stores": 13, "source": "stores+ledger", "capacity_method": "expos_units", "active_pip": 0, "licensed": 0, "com_floors": null, "occ_floors": null, "unknown_n": null, "id": "1130510300102290002-1", "pnu": "1130510300102290002", "floors": 6, "height": 17.8}}, {"type": "Feature", "geometry": {"type": "Polygon", "coordinates": [[[127.02559084, 37.63823937], [127.02549161, 37.63831147], [127.02563045, 37.63843993], [127.02573093, 37.63836926], [127.02559084, 37.63823937]]]}, "properties": {"name": "좌측", "status": "full", "capacity": 3, "active": 3, "industry": "주점", "vacancy_rate": 0.0, "vacancy_rate_lo": 0.0, "vacancy_rate_hi": 0.0, "stores": 6, "source": "stores+ledger", "capacity_method": "floor_ouln", "active_pip": 0, "licensed": 0, "com_floors": [1, 2, 3], "occ_floors": [1, 2, 3], "unknown_n": 0, "id": "1130510300101910016-1", "pnu": "1130510300101910016", "floors": 3, "height": 0.0}}, {"type": "Feature", "geometry": {"type": "Polygon", "coordinates": [[[127.02520843, 37.63848749], [127.02534284, 37.63861135], [127.02541613, 37.63856286], [127.02528431, 37.63843855], [127.02520843, 37.63848749]]]}, "properties": {"name": "수유동 191-72", "status": "empty", "capacity": 4, "active": 0, "industry": "", "vacancy_rate": 100.0, "source": "polygon_only", "capacity_method": "floor_approx", "active_pip": 0, "licensed": 0, "id": "1130510300101910072-1", "pnu": "1130510300101910072", "floors": 4, "height": 0.0}}, {"type": "Feature", "geometry": {"type": "Polygon", "coordinates": [[[127.02501546, 37.63844077], [127.02511157, 37.63853653], [127.02519743, 37.63847785], [127.02512455, 37.63840363], [127.02507471, 37.63843256], [127.02505748, 37.63841427], [127.02501546, 37.63844077]]]}, "properties": {"name": "수유동 191-75", "status": "full", "capacity": 5, "active": 5, "industry": "유원지·오락", "vacancy_rate": 0.0, "vacancy_rate_lo": 0.0, "vacancy_rate_hi": 0.0, "stores": 6, "source": "stores+ledger", "capacity_method": "floor_ouln", "active_pip": 0, "licensed": 0, "com_floors": [1, 2, 3, 4, 5], "occ_floors": [1, 2, 3, 4, 5], "unknown_n": 0, "id": "1130510300101910075-1", "pnu": "1130510300101910075", "floors": 5, "height": 16.1}}, {"type": "Feature", "geometry": {"type": "Polygon", "coordinates": [[[127.02530551, 37.63877389], [127.02540665, 37.63868873], [127.02534319, 37.63863378], [127.02523751, 37.63871498], [127.02530551, 37.63877389]]]}, "properties": {"name": "수유동 191-59", "status": "full", "capacity": 6, "active": 6, "industry": "한식", "vacancy_rate": 0.0, "vacancy_rate_lo": null, "vacancy_rate_hi": null, "stores": 6, "source": "stores+ledger", "capacity_method": "expos_units", "active_pip": 0, "licensed": 0, "com_floors": null, "occ_floors": null, "unknown_n": null, "id": "1130510300101910059-2", "pnu": "1130510300101910059", "floors": 2, "height": 0.0}}, {"type": "Feature", "geometry": {"type": "Polygon", "coordinates": [[[127.02516464, 37.63798404], [127.02528523, 37.63810276], [127.02532306, 37.63807562], [127.02534403, 37.63809328], [127.0254018, 37.63805552], [127.02536655, 37.63802084], [127.02535681, 37.63802642], [127.0252523, 37.63791924], [127.02516464, 37.63798404]]]}, "properties": {"name": "수유동 229-4", "status": "full", "capacity": 3, "active": 3, "industry": "의원", "vacancy_rate": 0.0, "vacancy_rate_lo": 0.0, "vacancy_rate_hi": 33.3, "stores": 2, "source": "stores+ledger", "capacity_method": "floor_ouln", "active_pip": 0, "licensed": 0, "com_floors": [1, 2, 4], "occ_floors": [1, 4], "unknown_n": 1, "id": "1130510300102290004-1", "pnu": "1130510300102290004", "floors": 4, "height": 0.0}}, {"type": "Feature", "geometry": {"type": "Polygon", "coordinates": [[[127.02548003, 37.63890846], [127.02576032, 37.63918303], [127.02585966, 37.63911841], [127.02579132, 37.6390522], [127.02575677, 37.63907076], [127.02568242, 37.63900447], [127.0256967, 37.63899356], [127.02567335, 37.63897032], [127.02556249, 37.6388525], [127.02548003, 37.63890846]]]}, "properties": {"name": "외", "status": "full", "capacity": 4, "active": 4, "industry": "주점", "vacancy_rate": 0.0, "vacancy_rate_lo": 0.0, "vacancy_rate_hi": 50.0, "stores": 13, "source": "stores+ledger+pip", "capacity_method": "floor_ouln", "active_pip": 7, "licensed": 0, "com_floors": [1, 2, 3, 4], "occ_floors": [1, 4], "unknown_n": 2, "id": "1130510300101910070-1", "pnu": "1130510300101910070", "floors": 4, "height": 12.5}}, {"type": "Feature", "geometry": {"type": "Polygon", "coordinates": [[[127.02551257, 37.63863826], [127.02542082, 37.638699], [127.02549993, 37.63876836], [127.02555735, 37.63872294], [127.02551587, 37.63868511], [127.0255417, 37.63866708], [127.02551257, 37.63863826]]]}, "properties": {"name": "전체", "status": "full", "capacity": 1, "active": 1, "industry": "일식", "vacancy_rate": 0.0, "vacancy_rate_lo": 0.0, "vacancy_rate_hi": 0.0, "stores": 1, "source": "stores+ledger", "capacity_method": "floor_ouln", "active_pip": 0, "licensed": 0, "com_floors": [1], "occ_floors": [1], "unknown_n": 0, "id": "1130510300101910064-1", "pnu": "1130510300101910064", "floors": 1, "height": 0.0}}, {"type": "Feature", "geometry": {"type": "Polygon", "coordinates": [[[127.02428093, 37.63978817], [127.02432341, 37.63975806], [127.02430221, 37.63973943], [127.02431127, 37.63973357], [127.02426062, 37.6396869], [127.02420738, 37.63972656], [127.02428093, 37.63978817]]]}, "properties": {"name": "수유동 222-59", "status": "partial", "capacity": 2, "active": 1, "industry": "서양식", "vacancy_rate": 50.0, "vacancy_rate_lo": 50.0, "vacancy_rate_hi": 50.0, "stores": 1, "source": "stores+ledger", "capacity_method": "floor_ouln", "active_pip": 0, "licensed": 0, "com_floors": [1, 2], "occ_floors": [2], "unknown_n": 0, "id": "1130510300102220059-1", "pnu": "1130510300102220059", "floors": 2, "height": 7.6}}, {"type": "Feature", "geometry": {"type": "Polygon", "coordinates": [[[127.02314216, 37.64021754], [127.02327846, 37.6402221], [127.02328184, 37.64014137], [127.02321827, 37.64014004], [127.02321533, 37.64015374], [127.02318349, 37.64015293], [127.02318168, 37.64015942], [127.02316843, 37.64015924], [127.02316707, 37.64017339], [127.02314464, 37.64017348], [127.02314216, 37.64021754]]]}, "properties": {"name": "수유동 221-16", "status": "empty", "capacity": 1, "active": 0, "industry": "", "vacancy_rate": 100.0, "source": "polygon_only", "capacity_method": "floor_approx", "active_pip": 0, "licensed": 0, "id": "1130510300102210016-1", "pnu": "1130510300102210016", "floors": 1, "height": 4.5}}, {"type": "Feature", "geometry": {"type": "Polygon", "coordinates": [[[127.02303122, 37.63796159], [127.02301924, 37.63807998], [127.02312722, 37.63808617], [127.02314282, 37.63796706], [127.02303122, 37.63796159]]]}, "properties": {"name": "전체", "status": "partial", "capacity": 3, "active": 2, "industry": "한식", "vacancy_rate": 33.3, "vacancy_rate_lo": 33.3, "vacancy_rate_hi": 66.7, "stores": 3, "source": "stores+ledger", "capacity_method": "floor_ouln", "active_pip": 0, "licensed": 0, "com_floors": [1, 2, 3], "occ_floors": [1], "unknown_n": 1, "id": "1130510300102230039-1", "pnu": "1130510300102230039", "floors": 4, "height": 0.0}}, {"type": "Feature", "geometry": {"type": "Polygon", "coordinates": [[[127.02424781, 37.63828605], [127.02441609, 37.63836855], [127.0244854, 37.63827592], [127.02432165, 37.63819432], [127.02424781, 37.63828605]]]}, "properties": {"name": "프리마베라빌딩", "status": "full", "capacity": 3, "active": 3, "industry": "주점", "vacancy_rate": 0.0, "vacancy_rate_lo": 0.0, "vacancy_rate_hi": 33.3, "stores": 4, "source": "stores+ledger", "capacity_method": "floor_ouln", "active_pip": 0, "licensed": 0, "com_floors": [1, 2, 3], "occ_floors": [1, 2], "unknown_n": 1, "id": "1130510300102290047-1", "pnu": "1130510300102290047", "floors": 4, "height": 0.0}}, {"type": "Feature", "geometry": {"type": "Polygon", "coordinates": [[[127.02390534, 37.63802555], [127.02389129, 37.63801195], [127.02386988, 37.63802512], [127.02388631, 37.63803962], [127.02390534, 37.63802555]]]}, "properties": {"name": "경남아너스빌", "status": "full", "capacity": 43, "active": 39, "industry": "한식", "vacancy_rate": 9.3, "vacancy_rate_lo": null, "vacancy_rate_hi": null, "stores": 39, "source": "stores+ledger", "capacity_method": "expos_units", "active_pip": 0, "licensed": 0, "com_floors": null, "occ_floors": null, "unknown_n": null, "id": "1130510300102290049-2", "pnu": "1130510300102290049", "floors": 0, "height": 0.0}}, {"type": "Feature", "geometry": {"type": "Polygon", "coordinates": [[[127.0245437, 37.63952566], [127.02451888, 37.63950323], [127.02446961, 37.63953324], [127.02449567, 37.63955738], [127.0245437, 37.63952566]]]}, "properties": {"name": "건물전체", "status": "partial", "capacity": 2, "active": 1, "industry": "일식", "vacancy_rate": 50.0, "vacancy_rate_lo": 50.0, "vacancy_rate_hi": 100.0, "stores": 1, "source": "stores+ledger", "capacity_method": "floor_ouln", "active_pip": 0, "licensed": 0, "com_floors": [1, 2], "occ_floors": [], "unknown_n": 1, "id": "1130510300101920014-1", "pnu": "1130510300101920014", "floors": 0, "height": 0.0}}, {"type": "Feature", "geometry": {"type": "Polygon", "coordinates": [[[127.02317105, 37.63802517], [127.02317455, 37.63799643], [127.02314068, 37.63799535], [127.0231357, 37.63802355], [127.02317105, 37.63802517]]]}, "properties": {"name": "전체", "status": "partial", "capacity": 3, "active": 2, "industry": "한식", "vacancy_rate": 33.3, "vacancy_rate_lo": 33.3, "vacancy_rate_hi": 66.7, "stores": 3, "source": "stores+ledger", "capacity_method": "floor_ouln", "active_pip": 0, "licensed": 0, "com_floors": [1, 2, 3], "occ_floors": [1], "unknown_n": 1, "id": "1130510300102230039-2", "pnu": "1130510300102230039", "floors": 0, "height": 0.0}}, {"type": "Feature", "geometry": {"type": "Polygon", "coordinates": [[[127.02465085, 37.63839265], [127.02459727, 37.63842996], [127.02461019, 37.63844212], [127.02466343, 37.63840427], [127.02465085, 37.63839265]]]}, "properties": {"name": "수유동 229-1", "status": "partial", "capacity": 3, "active": 2, "industry": "주점", "vacancy_rate": 33.3, "vacancy_rate_lo": 33.3, "vacancy_rate_hi": 33.3, "stores": 2, "source": "stores+ledger", "capacity_method": "floor_ouln", "active_pip": 0, "licensed": 0, "com_floors": [1, 2, 3], "occ_floors": [1, 3], "unknown_n": 0, "id": "1130510300102290001-3", "pnu": "1130510300102290001", "floors": 0, "height": 0.0}}, {"type": "Feature", "geometry": {"type": "Polygon", "coordinates": [[[127.02368264, 37.6392513], [127.02368468, 37.63922608], [127.02361239, 37.6392233], [127.02360911, 37.63924708], [127.02368264, 37.6392513]]]}, "properties": {"name": "전체", "status": "full", "capacity": 3, "active": 3, "industry": "한식", "vacancy_rate": 0.0, "vacancy_rate_lo": 0.0, "vacancy_rate_hi": 0.0, "stores": 6, "source": "stores+ledger", "capacity_method": "floor_ouln", "active_pip": 0, "licensed": 0, "com_floors": [1, 2, 3], "occ_floors": [1, 2, 3], "unknown_n": 0, "id": "1130510300102220066-1", "pnu": "1130510300102220066", "floors": 0, "height": 0.0}}, {"type": "Feature", "geometry": {"type": "Polygon", "coordinates": [[[127.0237852, 37.63896523], [127.02378384, 37.63897883], [127.02384412, 37.6389817], [127.02384525, 37.63896755], [127.0237852, 37.63896523]]]}, "properties": {"name": "수유동 224-19", "status": "full", "capacity": 2, "active": 2, "industry": "한식", "vacancy_rate": 0.0, "vacancy_rate_lo": 0.0, "vacancy_rate_hi": 0.0, "stores": 2, "source": "stores+ledger", "capacity_method": "floor_ouln", "active_pip": 0, "licensed": 0, "com_floors": [1, 2], "occ_floors": [1, 2], "unknown_n": 0, "id": "1130510300102240019-1", "pnu": "1130510300102240019", "floors": 0, "height": 0.0}}, {"type": "Feature", "geometry": {"type": "Polygon", "coordinates": [[[127.02466264, 37.63943121], [127.024739, 37.63938405], [127.02469105, 37.63934006], [127.02465208, 37.63936788], [127.02462873, 37.63934446], [127.02459668, 37.63936753], [127.02466264, 37.63943121]]]}, "properties": {"name": "수유동 192-29", "status": "empty", "capacity": 6, "active": 0, "industry": "", "vacancy_rate": 100.0, "source": "polygon_only", "capacity_method": "floor_approx", "active_pip": 0, "licensed": 0, "id": "1130510300101920029-1", "pnu": "1130510300101920029", "floors": 6, "height": 20.05}}, {"type": "Feature", "geometry": {"type": "Polygon", "coordinates": [[[127.02392045, 37.638885], [127.02386641, 37.63888213], [127.02386403, 37.63890258], [127.02380478, 37.63889935], [127.02380342, 37.63891477], [127.02378326, 37.63891414], [127.02378191, 37.63896315], [127.02391232, 37.63897096], [127.02392045, 37.638885]]]}, "properties": {"name": "수유동 224-20", "status": "empty", "capacity": 6, "active": 0, "industry": "", "vacancy_rate": 100.0, "source": "polygon_only", "capacity_method": "floor_approx", "active_pip": 0, "licensed": 0, "id": "1130510300102240020-1", "pnu": "1130510300102240020", "floors": 6, "height": 18.9}}, {"type": "Feature", "geometry": {"type": "Polygon", "coordinates": [[[127.02327781, 37.63883315], [127.02326876, 37.63891099], [127.02330389, 37.63891288], [127.02330445, 37.63890405], [127.02331963, 37.63890594], [127.02331851, 37.63892017], [127.02340189, 37.63892439], [127.02340969, 37.63884006], [127.02327781, 37.63883315]]]}, "properties": {"name": "수유동 223-33", "status": "high", "capacity": 3, "active": 1, "industry": "기타 교육", "vacancy_rate": 66.7, "vacancy_rate_lo": null, "vacancy_rate_hi": null, "stores": 1, "source": "stores+ledger", "capacity_method": "expos_units", "active_pip": 0, "licensed": 0, "com_floors": null, "occ_floors": null, "unknown_n": null, "id": "1130510300102230033-1", "pnu": "1130510300102230033", "floors": 8, "height": 24.1}}, {"type": "Feature", "geometry": {"type": "Polygon", "coordinates": [[[127.02427593, 37.63941282], [127.02434792, 37.63948415], [127.0244533, 37.63940982], [127.02440864, 37.63937036], [127.02436113, 37.63939974], [127.02433506, 37.63937154], [127.02427593, 37.63941282]]]}, "properties": {"name": "전부", "status": "full", "capacity": 1, "active": 1, "industry": "이용·미용", "vacancy_rate": 0.0, "vacancy_rate_lo": 0.0, "vacancy_rate_hi": 0.0, "stores": 2, "source": "stores+ledger", "capacity_method": "floor_ouln", "active_pip": 0, "licensed": 0, "com_floors": [1], "occ_floors": [1], "unknown_n": 0, "id": "1130510300101920041-1", "pnu": "1130510300101920041", "floors": 1, "height": 0.0}}, {"type": "Feature", "geometry": {"type": "Polygon", "coordinates": [[[127.02454932, 37.6390312], [127.02449356, 37.63897994], [127.02445051, 37.63901014], [127.02442955, 37.63899257], [127.02438503, 37.63901907], [127.02446164, 37.63909122], [127.02454932, 37.6390312]]]}, "properties": {"name": "수유동 192-54", "status": "full", "capacity": 1, "active": 1, "industry": "주점", "vacancy_rate": 0.0, "vacancy_rate_lo": 0.0, "vacancy_rate_hi": 0.0, "stores": 1, "source": "stores+ledger", "capacity_method": "floor_ouln", "active_pip": 0, "licensed": 0, "com_floors": [1], "occ_floors": [1], "unknown_n": 0, "id": "1130510300101920054-1", "pnu": "1130510300101920054", "floors": 1, "height": 0.0}}, {"type": "Feature", "geometry": {"type": "Polygon", "coordinates": [[[127.02483789, 37.63941438], [127.02487285, 37.63939109], [127.0248663, 37.63938487], [127.02488193, 37.63937445], [127.02485574, 37.63934959], [127.02486356, 37.63934438], [127.02483627, 37.63931848], [127.02477244, 37.63936102], [127.02482794, 37.63941369], [127.02483789, 37.63941438]]]}, "properties": {"name": "수유동 192-10", "status": "empty", "capacity": 2, "active": 0, "industry": "세탁", "vacancy_rate": 100.0, "vacancy_rate_lo": 100.0, "vacancy_rate_hi": 100.0, "stores": 1, "source": "stores+ledger", "capacity_method": "floor_ouln", "active_pip": 0, "licensed": 0, "com_floors": [1, 2], "occ_floors": [], "unknown_n": 0, "id": "1130510300101920010-1", "pnu": "1130510300101920010", "floors": 2, "height": 7.3}}, {"type": "Feature", "geometry": {"type": "Polygon", "coordinates": [[[127.02483461, 37.63867678], [127.02473454, 37.63863617], [127.02471868, 37.63863977], [127.0246813, 37.63866447], [127.02476098, 37.63873275], [127.02483461, 37.63867678]]]}, "properties": {"name": "수유동 192-4", "status": "partial", "capacity": 4, "active": 2, "industry": "주점", "vacancy_rate": 50.0, "vacancy_rate_lo": 50.0, "vacancy_rate_hi": 50.0, "stores": 3, "source": "stores+ledger", "capacity_method": "floor_ouln", "active_pip": 0, "licensed": 0, "com_floors": [1, 2, 3, 4], "occ_floors": [1, 3], "unknown_n": 0, "id": "1130510300101920004-1", "pnu": "1130510300101920004", "floors": 4, "height": 15.2}}, {"type": "Feature", "geometry": {"type": "Polygon", "coordinates": [[[127.02458596, 37.63815309], [127.02456356, 37.63825365], [127.02460584, 37.63828571], [127.02468602, 37.63822659], [127.02458596, 37.63815309]]]}, "properties": {"name": "수유동 229-21", "status": "empty", "capacity": 5, "active": 0, "industry": "", "vacancy_rate": 100.0, "source": "polygon_only", "capacity_method": "floor_approx", "active_pip": 0, "licensed": 0, "id": "1130510300102290021-1", "pnu": "1130510300102290021", "floors": 5, "height": 15.6}}, {"type": "Feature", "geometry": {"type": "Polygon", "coordinates": [[[127.02351578, 37.63827341], [127.02350561, 37.6383363], [127.02363046, 37.63834672], [127.02363203, 37.63829086], [127.02357776, 37.63828682], [127.02357697, 37.63827889], [127.02351578, 37.63827341]]]}, "properties": {"name": "수유동 223-13", "status": "full", "capacity": 1, "active": 1, "industry": "한식", "vacancy_rate": 0.0, "vacancy_rate_lo": 0.0, "vacancy_rate_hi": 0.0, "stores": 1, "source": "stores+ledger", "capacity_method": "floor_ouln", "active_pip": 0, "licensed": 0, "com_floors": [1], "occ_floors": [1], "unknown_n": 0, "id": "1130510300102230013-1", "pnu": "1130510300102230013", "floors": 2, "height": 7.8}}, {"type": "Feature", "geometry": {"type": "Polygon", "coordinates": [[[127.02440057, 37.638753], [127.02445596, 37.63871452], [127.02437505, 37.63864164], [127.02432022, 37.63868104], [127.02440057, 37.638753]]]}, "properties": {"name": "수유동 224-14", "status": "full", "capacity": 3, "active": 3, "industry": "주점", "vacancy_rate": 0.0, "vacancy_rate_lo": 0.0, "vacancy_rate_hi": 33.3, "stores": 4, "source": "stores+ledger", "capacity_method": "floor_ouln", "active_pip": 0, "licensed": 0, "com_floors": [1, 2, 4], "occ_floors": [1, 2], "unknown_n": 1, "id": "1130510300102240014-1", "pnu": "1130510300102240014", "floors": 4, "height": 10.2}}, {"type": "Feature", "geometry": {"type": "Polygon", "coordinates": [[[127.02411036, 37.63894885], [127.02416881, 37.63891135], [127.02408393, 37.63883145], [127.0240282, 37.63887309], [127.02411036, 37.63894885]]]}, "properties": {"name": "수유동 224-2", "status": "full", "capacity": 2, "active": 2, "industry": "주점", "vacancy_rate": 0.0, "vacancy_rate_lo": 0.0, "vacancy_rate_hi": 0.0, "stores": 2, "source": "stores+ledger", "capacity_method": "floor_ouln", "active_pip": 0, "licensed": 0, "com_floors": [1, 2], "occ_floors": [1, 2], "unknown_n": 0, "id": "1130510300102240002-1", "pnu": "1130510300102240002", "floors": 3, "height": 9.4}}, {"type": "Feature", "geometry": {"type": "Polygon", "coordinates": [[[127.02360982, 37.6393361], [127.02372686, 37.63934184], [127.02373238, 37.63925562], [127.02367494, 37.63925293], [127.0236737, 37.63926671], [127.02361614, 37.63926321], [127.02360982, 37.6393361]]]}, "properties": {"name": "수유동 222-67", "status": "empty", "capacity": 2, "active": 0, "industry": "", "vacancy_rate": 100.0, "source": "polygon_only", "capacity_method": "floor_approx", "active_pip": 0, "licensed": 0, "id": "1130510300102220067-1", "pnu": "1130510300102220067", "floors": 2, "height": 7.85}}, {"type": "Feature", "geometry": {"type": "Polygon", "coordinates": [[[127.02463849, 37.63802802], [127.02459352, 37.63805741], [127.02461811, 37.63808074], [127.02457201, 37.63810697], [127.02457145, 37.63811967], [127.02461542, 37.63815498], [127.02470604, 37.63809287], [127.02463849, 37.63802802]]]}, "properties": {"name": "수유동 229-27", "status": "full", "capacity": 1, "active": 1, "industry": "주점", "vacancy_rate": 0.0, "vacancy_rate_lo": 0.0, "vacancy_rate_hi": 0.0, "stores": 1, "source": "stores+ledger", "capacity_method": "floor_ouln", "active_pip": 0, "licensed": 0, "com_floors": [1], "occ_floors": [1], "unknown_n": 0, "id": "1130510300102290027-2", "pnu": "1130510300102290027", "floors": 1, "height": 0.0}}, {"type": "Feature", "geometry": {"type": "Polygon", "coordinates": [[[127.02453728, 37.63963792], [127.02461476, 37.63958385], [127.02454857, 37.63952557], [127.02446078, 37.63958136], [127.02451383, 37.63963594], [127.02453728, 37.63963792]]]}, "properties": {"name": "건물전체", "status": "partial", "capacity": 2, "active": 1, "industry": "일식", "vacancy_rate": 50.0, "vacancy_rate_lo": 50.0, "vacancy_rate_hi": 100.0, "stores": 1, "source": "stores+ledger", "capacity_method": "floor_ouln", "active_pip": 0, "licensed": 0, "com_floors": [1, 2], "occ_floors": [], "unknown_n": 1, "id": "1130510300101920014-2", "pnu": "1130510300101920014", "floors": 2, "height": 6.8}}, {"type": "Feature", "geometry": {"type": "Polygon", "coordinates": [[[127.02401335, 37.63887426], [127.02408784, 37.63882067], [127.02405552, 37.63878759], [127.02403452, 37.63879984], [127.02397434, 37.63874552], [127.02393855, 37.63877013], [127.0239372, 37.63880562], [127.02401335, 37.63887426]]]}, "properties": {"name": "수유동 224-6", "status": "full", "capacity": 1, "active": 1, "industry": "한식", "vacancy_rate": 0.0, "vacancy_rate_lo": 0.0, "vacancy_rate_hi": 0.0, "stores": 1, "source": "stores+ledger", "capacity_method": "floor_ouln", "active_pip": 0, "licensed": 0, "com_floors": [1], "occ_floors": [1], "unknown_n": 0, "id": "1130510300102240006-1", "pnu": "1130510300102240006", "floors": 1, "height": 0.0}}, {"type": "Feature", "geometry": {"type": "Polygon", "coordinates": [[[127.0241408, 37.63950358], [127.02421177, 37.63956926], [127.02429702, 37.63951286], [127.02425217, 37.63947229], [127.02421592, 37.63949617], [127.02418553, 37.63946834], [127.0241408, 37.63950358]]]}, "properties": {"name": "수유동 222-52", "status": "full", "capacity": 1, "active": 1, "industry": "한식", "vacancy_rate": 0.0, "vacancy_rate_lo": 0.0, "vacancy_rate_hi": 0.0, "stores": 1, "source": "stores+ledger", "capacity_method": "floor_ouln", "active_pip": 0, "licensed": 0, "com_floors": [1], "occ_floors": [1], "unknown_n": 0, "id": "1130510300102220052-1", "pnu": "1130510300102220052", "floors": 1, "height": 0.0}}, {"type": "Feature", "geometry": {"type": "Polygon", "coordinates": [[[127.02300863, 37.63930054], [127.02302625, 37.63910782], [127.02290082, 37.63910217], [127.02288025, 37.63926182], [127.0228875, 37.6392638], [127.02288615, 37.63928876], [127.02300863, 37.63930054]]]}, "properties": {"name": "중앙", "status": "full", "capacity": 3, "active": 3, "industry": "주점", "vacancy_rate": 0.0, "vacancy_rate_lo": 0.0, "vacancy_rate_hi": 0.0, "stores": 6, "source": "stores+ledger", "capacity_method": "floor_ouln", "active_pip": 0, "licensed": 0, "com_floors": [1, 2, 3], "occ_floors": [1, 2, 3], "unknown_n": 0, "id": "1130510300102210021-1", "pnu": "1130510300102210021", "floors": 3, "height": 0.0}}, {"type": "Feature", "geometry": {"type": "Polygon", "coordinates": [[[127.02431415, 37.63881826], [127.0243718, 37.63877536], [127.02423365, 37.63863645], [127.02417101, 37.63867413], [127.02431415, 37.63881826]]]}, "properties": {"name": "수유동 224-13", "status": "full", "capacity": 3, "active": 3, "industry": "주점", "vacancy_rate": 0.0, "vacancy_rate_lo": 0.0, "vacancy_rate_hi": 0.0, "stores": 4, "source": "stores+ledger", "capacity_method": "floor_ouln", "active_pip": 0, "licensed": 0, "com_floors": [1, 2, 3], "occ_floors": [1, 2, 3], "unknown_n": 0, "id": "1130510300102240013-1", "pnu": "1130510300102240013", "floors": 3, "height": 9.9}}, {"type": "Feature", "geometry": {"type": "Polygon", "coordinates": [[[127.02445117, 37.63893716], [127.02438057, 37.63887329], [127.02429754, 37.63892863], [127.02437007, 37.63899285], [127.02445117, 37.63893716]]]}, "properties": {"name": "전체", "status": "full", "capacity": 2, "active": 2, "industry": "한식", "vacancy_rate": 0.0, "vacancy_rate_lo": 0.0, "vacancy_rate_hi": 0.0, "stores": 2, "source": "stores+ledger", "capacity_method": "floor_ouln", "active_pip": 0, "licensed": 0, "com_floors": [1, 2], "occ_floors": [1, 2], "unknown_n": 0, "id": "1130510300101920055-2", "pnu": "1130510300101920055", "floors": 3, "height": 9.7}}, {"type": "Feature", "geometry": {"type": "Polygon", "coordinates": [[[127.02369622, 37.63850718], [127.02368956, 37.63857124], [127.02381499, 37.63857464], [127.02381994, 37.63849094], [127.02376352, 37.63848968], [127.02376206, 37.63850824], [127.02369622, 37.63850718]]]}, "properties": {"name": "수유동 224-26", "status": "partial", "capacity": 2, "active": 1, "industry": "비알코올 ", "vacancy_rate": 50.0, "vacancy_rate_lo": 50.0, "vacancy_rate_hi": 50.0, "stores": 1, "source": "stores+ledger", "capacity_method": "floor_ouln", "active_pip": 0, "licensed": 0, "com_floors": [1, 2], "occ_floors": [2], "unknown_n": 0, "id": "1130510300102240026-1", "pnu": "1130510300102240026", "floors": 2, "height": 0.0}}, {"type": "Feature", "geometry": {"type": "Polygon", "coordinates": [[[127.02491691, 37.63813058], [127.02486152, 37.6381697], [127.02489404, 37.63819537], [127.02494898, 37.63815707], [127.02491691, 37.63813058]]]}, "properties": {"name": "전체", "status": "partial", "capacity": 5, "active": 4, "industry": "유원지·오락", "vacancy_rate": 20.0, "vacancy_rate_lo": 20.0, "vacancy_rate_hi": 20.0, "stores": 5, "source": "stores+ledger", "capacity_method": "floor_ouln", "active_pip": 0, "licensed": 0, "com_floors": [1, 2, 3, 4, 5], "occ_floors": [1, 3, 4, 5], "unknown_n": 0, "id": "1130510300102290033-1", "pnu": "1130510300102290033", "floors": 0, "height": 0.0}}, {"type": "Feature", "geometry": {"type": "Polygon", "coordinates": [[[127.02403967, 37.63872459], [127.02410669, 37.63879379], [127.02419629, 37.63873845], [127.02412512, 37.63867125], [127.02403967, 37.63872459]]]}, "properties": {"name": "수유동 224-12", "status": "full", "capacity": 2, "active": 2, "industry": "주점", "vacancy_rate": 0.0, "vacancy_rate_lo": 0.0, "vacancy_rate_hi": 100.0, "stores": 2, "source": "stores+ledger", "capacity_method": "floor_ouln", "active_pip": 0, "licensed": 0, "com_floors": [1, 2], "occ_floors": [], "unknown_n": 2, "id": "1130510300102240012-1", "pnu": "1130510300102240012", "floors": 2, "height": 6.65}}, {"type": "Feature", "geometry": {"type": "Polygon", "coordinates": [[[127.02485476, 37.63930674], [127.0248084, 37.63926305], [127.0247623, 37.63929722], [127.02474098, 37.63927568], [127.02470017, 37.63930553], [127.02476615, 37.63936638], [127.02485476, 37.63930674]]]}, "properties": {"name": "수유동 192-22", "status": "full", "capacity": 1, "active": 1, "industry": "한식", "vacancy_rate": 0.0, "vacancy_rate_lo": 0.0, "vacancy_rate_hi": 0.0, "stores": 1, "source": "stores+ledger", "capacity_method": "floor_ouln", "active_pip": 0, "licensed": 0, "com_floors": [1], "occ_floors": [1], "unknown_n": 0, "id": "1130510300101920022-1", "pnu": "1130510300101920022", "floors": 1, "height": 4.5}}, {"type": "Feature", "geometry": {"type": "Polygon", "coordinates": [[[127.02368964, 37.63954124], [127.02363231, 37.6395381], [127.0236313, 37.63955332], [127.02358858, 37.63955081], [127.02358677, 37.63957], [127.02356978, 37.63956901], [127.02356564, 37.6396102], [127.02368173, 37.63961881], [127.02368964, 37.63954124]]]}, "properties": {"name": "수유동 222-45", "status": "partial", "capacity": 2, "active": 1, "industry": "서양식", "vacancy_rate": 50.0, "vacancy_rate_lo": 50.0, "vacancy_rate_hi": 50.0, "stores": 1, "source": "stores+ledger", "capacity_method": "floor_ouln", "active_pip": 0, "licensed": 0, "com_floors": [1, 2], "occ_floors": [2], "unknown_n": 0, "id": "1130510300102220045-1", "pnu": "1130510300102220045", "floors": 2, "height": 0.0}}, {"type": "Feature", "geometry": {"type": "Polygon", "coordinates": [[[127.02389877, 37.63908773], [127.0240092, 37.63901401], [127.0239454, 37.63896203], [127.02390881, 37.63898168], [127.02389775, 37.63908693], [127.02389877, 37.63908773]]]}, "properties": {"name": "전체", "status": "full", "capacity": 3, "active": 3, "industry": "주점", "vacancy_rate": 0.0, "vacancy_rate_lo": 0.0, "vacancy_rate_hi": 0.0, "stores": 4, "source": "stores+ledger", "capacity_method": "floor_ouln", "active_pip": 0, "licensed": 0, "com_floors": [1, 2, 3], "occ_floors": [1, 2, 3], "unknown_n": 0, "id": "1130510300102240001-1", "pnu": "1130510300102240001", "floors": 4, "height": 11.2}}, {"type": "Feature", "geometry": {"type": "Polygon", "coordinates": [[[127.02303557, 37.63883671], [127.02301229, 37.63902466], [127.02323073, 37.63904146], [127.02325311, 37.63885766], [127.02317392, 37.6388529], [127.02317437, 37.63884479], [127.02303557, 37.63883671]]]}, "properties": {"name": "두온오피스텔", "status": "full", "capacity": 12, "active": 12, "industry": "종합 소매", "vacancy_rate": 0.0, "vacancy_rate_lo": null, "vacancy_rate_hi": null, "stores": 12, "source": "stores+ledger", "capacity_method": "expos_units", "active_pip": 0, "licensed": 0, "com_floors": null, "occ_floors": null, "unknown_n": null, "id": "1130510300102230001-1", "pnu": "1130510300102230001", "floors": 10, "height": 33.2}}, {"type": "Feature", "geometry": {"type": "Polygon", "coordinates": [[[127.02359091, 37.63937223], [127.02358345, 37.63944287], [127.02369086, 37.63945078], [127.02369741, 37.63938023], [127.02359091, 37.63937223]]]}, "properties": {"name": "수유동 222-73", "status": "partial", "capacity": 2, "active": 1, "industry": "주점", "vacancy_rate": 50.0, "vacancy_rate_lo": 50.0, "vacancy_rate_hi": 50.0, "stores": 1, "source": "stores+ledger", "capacity_method": "floor_ouln", "active_pip": 0, "licensed": 0, "com_floors": [1, 2], "occ_floors": [2], "unknown_n": 0, "id": "1130510300102220073-1", "pnu": "1130510300102220073", "floors": 2, "height": 7.8}}, {"type": "Feature", "geometry": {"type": "Polygon", "coordinates": [[[127.02367521, 37.63868494], [127.02370286, 37.63868539], [127.0237041, 37.63866845], [127.02367725, 37.63866692], [127.02367521, 37.63868494]]]}, "properties": {"name": "수유동 224-28", "status": "partial", "capacity": 2, "active": 1, "industry": "한식", "vacancy_rate": 50.0, "vacancy_rate_lo": 50.0, "vacancy_rate_hi": 100.0, "stores": 1, "source": "stores+ledger", "capacity_method": "floor_ouln", "active_pip": 0, "licensed": 0, "com_floors": [1, 2], "occ_floors": [], "unknown_n": 1, "id": "1130510300102240028-1", "pnu": "1130510300102240028", "floors": 0, "height": 0.0}}, {"type": "Feature", "geometry": {"type": "Polygon", "coordinates": [[[127.0247863, 37.63924387], [127.02474439, 37.63927326], [127.02476581, 37.63929163], [127.02480557, 37.63926089], [127.0247863, 37.63924387]]]}, "properties": {"name": "수유동 192-22", "status": "full", "capacity": 1, "active": 1, "industry": "한식", "vacancy_rate": 0.0, "vacancy_rate_lo": 0.0, "vacancy_rate_hi": 0.0, "stores": 1, "source": "stores+ledger", "capacity_method": "floor_ouln", "active_pip": 0, "licensed": 0, "com_floors": [1], "occ_floors": [1], "unknown_n": 0, "id": "1130510300101920022-2", "pnu": "1130510300101920022", "floors": 0, "height": 0.0}}, {"type": "Feature", "geometry": {"type": "Polygon", "coordinates": [[[127.02477853, 37.63914455], [127.02483858, 37.63919854], [127.02492684, 37.63913646], [127.02488984, 37.63910319], [127.0248788, 37.63911095], [127.02485651, 37.6390909], [127.02484463, 37.63909927], [127.02484387, 37.63909859], [127.02477853, 37.63914455]]]}, "properties": {"name": "지층", "status": "full", "capacity": 2, "active": 2, "industry": "서양식", "vacancy_rate": 0.0, "vacancy_rate_lo": 0.0, "vacancy_rate_hi": 0.0, "stores": 2, "source": "stores+ledger", "capacity_method": "floor_ouln", "active_pip": 0, "licensed": 0, "com_floors": [1, 2], "occ_floors": [1, 2], "unknown_n": 0, "id": "1130510300101920016-1", "pnu": "1130510300101920016", "floors": 8, "height": 26.7}}, {"type": "Feature", "geometry": {"type": "Polygon", "coordinates": [[[127.02500005, 37.63807993], [127.02498521, 37.63807048], [127.02492778, 37.63811373], [127.02496189, 37.63814499], [127.02500006, 37.63811417], [127.02502385, 37.63809506], [127.02500005, 37.63807993]]]}, "properties": {"name": "전부", "status": "full", "capacity": 5, "active": 5, "industry": "주점", "vacancy_rate": 0.0, "vacancy_rate_lo": 0.0, "vacancy_rate_hi": 0.0, "stores": 7, "source": "stores+ledger", "capacity_method": "floor_ouln", "active_pip": 0, "licensed": 0, "com_floors": [1, 2, 3, 4, 5], "occ_floors": [1, 2, 3, 4, 5], "unknown_n": 0, "id": "1130510300102290035-2", "pnu": "1130510300102290035", "floors": 0, "height": 0.0}}, {"type": "Feature", "geometry": {"type": "Polygon", "coordinates": [[[127.02509369, 37.63927642], [127.02502241, 37.6392131], [127.02500009, 37.63922824], [127.02490721, 37.63929123], [127.02497668, 37.63935249], [127.02500013, 37.63933726], [127.02509369, 37.63927642]]]}, "properties": {"name": "에이플러스", "status": "full", "capacity": 2, "active": 2, "industry": "한식", "vacancy_rate": 0.0, "vacancy_rate_lo": 0.0, "vacancy_rate_hi": 0.0, "stores": 3, "source": "stores+ledger", "capacity_method": "floor_ouln", "active_pip": 0, "licensed": 0, "com_floors": [1, 2], "occ_floors": [1, 2], "unknown_n": 0, "id": "1130510300101920020-1", "pnu": "1130510300101920020", "floors": 2, "height": 7.8}}, {"type": "Feature", "geometry": {"type": "Polygon", "coordinates": [[[127.02500009, 37.63820337], [127.02495442, 37.63816022], [127.02488928, 37.63820294], [127.02500012, 37.63830743], [127.02501485, 37.6383213], [127.02507885, 37.63827768], [127.02500009, 37.63820337]]]}, "properties": {"name": "전체", "status": "partial", "capacity": 5, "active": 4, "industry": "유원지·오락", "vacancy_rate": 20.0, "vacancy_rate_lo": 20.0, "vacancy_rate_hi": 20.0, "stores": 5, "source": "stores+ledger", "capacity_method": "floor_ouln", "active_pip": 0, "licensed": 0, "com_floors": [1, 2, 3, 4, 5], "occ_floors": [1, 3, 4, 5], "unknown_n": 0, "id": "1130510300102290033-2", "pnu": "1130510300102290033", "floors": 5, "height": 15.1}}, {"type": "Feature", "geometry": {"type": "Polygon", "coordinates": [[[127.02500007, 37.63918868], [127.02495509, 37.63914581], [127.02483637, 37.63923088], [127.02489463, 37.63928331], [127.02500009, 37.63920824], [127.02501187, 37.63919985], [127.02500007, 37.63918868]]]}, "properties": {"name": "수유동 192-19", "status": "full", "capacity": 1, "active": 1, "industry": "한식", "vacancy_rate": 0.0, "vacancy_rate_lo": 0.0, "vacancy_rate_hi": 0.0, "stores": 2, "source": "stores+ledger", "capacity_method": "floor_ouln", "active_pip": 0, "licensed": 0, "com_floors": [1], "occ_floors": [1], "unknown_n": 0, "id": "1130510300101920019-1", "pnu": "1130510300101920019", "floors": 2, "height": 0.0}}, {"type": "Feature", "geometry": {"type": "Polygon", "coordinates": [[[127.02351187, 37.63853155], [127.02359605, 37.6385381], [127.02360147, 37.6384941], [127.02355989, 37.63849087], [127.02356029, 37.63848749], [127.02352534, 37.63848477], [127.02352351, 37.63849961], [127.02351587, 37.63849902], [127.02351187, 37.63853155]]]}, "properties": {"name": "원경빌딩", "status": "partial", "capacity": 3, "active": 2, "industry": "이용·미용", "vacancy_rate": 33.3, "vacancy_rate_lo": 33.3, "vacancy_rate_hi": 33.3, "stores": 2, "source": "stores+ledger", "capacity_method": "floor_ouln", "active_pip": 0, "licensed": 0, "com_floors": [1, 2, 6], "occ_floors": [1, 2], "unknown_n": 0, "id": "1130510300102230005-1", "pnu": "1130510300102230005", "floors": 6, "height": 17.0}}, {"type": "Feature", "geometry": {"type": "Polygon", "coordinates": [[[127.02336264, 37.63912135], [127.02324968, 37.63911354], [127.02323815, 37.63923338], [127.0232982, 37.63923661], [127.02329933, 37.63922705], [127.02334896, 37.6392311], [127.02336264, 37.63912135]]]}, "properties": {"name": "외", "status": "full", "capacity": 2, "active": 2, "industry": "주점", "vacancy_rate": 0.0, "vacancy_rate_lo": 0.0, "vacancy_rate_hi": 0.0, "stores": 3, "source": "stores+ledger", "capacity_method": "floor_ouln", "active_pip": 0, "licensed": 0, "com_floors": [1, 2], "occ_floors": [1, 2], "unknown_n": 0, "id": "1130510300102210022-1", "pnu": "1130510300102210022", "floors": 4, "height": 13.2}}, {"type": "Feature", "geometry": {"type": "Polygon", "coordinates": [[[127.02303834, 37.63933793], [127.02316886, 37.63934574], [127.02317189, 37.63929204], [127.02304227, 37.63928576], [127.02303834, 37.63933793]]]}, "properties": {"name": "계봉빌딩", "status": "partial", "capacity": 5, "active": 4, "industry": "유원지·오락", "vacancy_rate": 20.0, "vacancy_rate_lo": null, "vacancy_rate_hi": null, "stores": 4, "source": "stores+ledger", "capacity_method": "expos_units", "active_pip": 0, "licensed": 0, "com_floors": null, "occ_floors": null, "unknown_n": null, "id": "1130510300102210025-1", "pnu": "1130510300102210025", "floors": 0, "height": 0.0}}, {"type": "Feature", "geometry": {"type": "Polygon", "coordinates": [[[127.02317956, 37.63834497], [127.02317243, 37.63842014], [127.02329733, 37.63842763], [127.02330446, 37.63835247], [127.02317956, 37.63834497]]]}, "properties": {"name": "수유동 223-25", "status": "empty", "capacity": 6, "active": 0, "industry": "", "vacancy_rate": 100.0, "source": "polygon_only", "capacity_method": "floor_approx", "active_pip": 0, "licensed": 0, "id": "1130510300102230025-1", "pnu": "1130510300102230025", "floors": 6, "height": 20.4}}, {"type": "Feature", "geometry": {"type": "Polygon", "coordinates": [[[127.02472717, 37.63823875], [127.02471085, 37.63825118], [127.02474236, 37.63827812], [127.02476105, 37.63826586], [127.02480749, 37.63823079], [127.02478619, 37.63821098], [127.02476635, 37.63819197], [127.02472002, 37.63822604], [127.02472717, 37.63823875]]]}, "properties": {"name": "수유동 229-26", "status": "full", "capacity": 1, "active": 1, "industry": "주점", "vacancy_rate": 0.0, "vacancy_rate_lo": 0.0, "vacancy_rate_hi": 100.0, "stores": 1, "source": "stores+ledger", "capacity_method": "floor_ouln", "active_pip": 0, "licensed": 0, "com_floors": [1], "occ_floors": [], "unknown_n": 1, "id": "1130510300102290026-2", "pnu": "1130510300102290026", "floors": 1, "height": 4.1}}, {"type": "Feature", "geometry": {"type": "Polygon", "coordinates": [[[127.0247389, 37.6381235], [127.02469213, 37.63815875], [127.02466515, 37.63813217], [127.02461974, 37.63816156], [127.02469159, 37.6382311], [127.02478198, 37.63816908], [127.0247389, 37.6381235]]]}, "properties": {"name": "수유동 229-26", "status": "full", "capacity": 1, "active": 1, "industry": "주점", "vacancy_rate": 0.0, "vacancy_rate_lo": 0.0, "vacancy_rate_hi": 100.0, "stores": 1, "source": "stores+ledger", "capacity_method": "floor_ouln", "active_pip": 0, "licensed": 0, "com_floors": [1], "occ_floors": [], "unknown_n": 1, "id": "1130510300102290026-3", "pnu": "1130510300102290026", "floors": 1, "height": 6.5}}, {"type": "Feature", "geometry": {"type": "Polygon", "coordinates": [[[127.0242005, 37.63898392], [127.02420103, 37.63898568], [127.02431107, 37.6390897], [127.02438457, 37.63904093], [127.02427292, 37.63893548], [127.0242005, 37.63898392]]]}, "properties": {"name": "수임빌딩", "status": "partial", "capacity": 5, "active": 3, "industry": "주점", "vacancy_rate": 40.0, "vacancy_rate_lo": 40.0, "vacancy_rate_hi": 40.0, "stores": 6, "source": "stores+ledger", "capacity_method": "floor_ouln", "active_pip": 0, "licensed": 0, "com_floors": [1, 2, 3, 4, 5], "occ_floors": [1, 4, 5], "unknown_n": 0, "id": "1130510300101920056-1", "pnu": "1130510300101920056", "floors": 5, "height": 18.7}}, {"type": "Feature", "geometry": {"type": "Polygon", "coordinates": [[[127.02447341, 37.63860067], [127.02452647, 37.63865111], [127.0246003, 37.63859982], [127.02459509, 37.63856053], [127.02453319, 37.6385287], [127.02447444, 37.63856924], [127.02449316, 37.63858536], [127.02447289, 37.63860026], [127.02447341, 37.63860067]]]}, "properties": {"name": "일부", "status": "full", "capacity": 3, "active": 3, "industry": "주점", "vacancy_rate": 0.0, "vacancy_rate_lo": 0.0, "vacancy_rate_hi": 0.0, "stores": 6, "source": "stores+ledger", "capacity_method": "floor_ouln", "active_pip": 0, "licensed": 0, "com_floors": [1, 2, 3], "occ_floors": [1, 2, 3], "unknown_n": 0, "id": "1130510300102240016-1", "pnu": "1130510300102240016", "floors": 4, "height": 11.9}}, {"type": "Feature", "geometry": {"type": "Polygon", "coordinates": [[[127.02466125, 37.63943785], [127.02465773, 37.63943766], [127.02471889, 37.63949351], [127.02477114, 37.63945618], [127.02471071, 37.63940098], [127.02466125, 37.63943785]]]}, "properties": {"name": "안나빌딩", "status": "partial", "capacity": 4, "active": 3, "industry": "이용·미용", "vacancy_rate": 25.0, "vacancy_rate_lo": 25.0, "vacancy_rate_hi": 50.0, "stores": 3, "source": "stores+ledger", "capacity_method": "floor_ouln", "active_pip": 0, "licensed": 0, "com_floors": [1, 2, 3, 7], "occ_floors": [2, 3], "unknown_n": 1, "id": "1130510300101920030-1", "pnu": "1130510300101920030", "floors": 7, "height": 21.9}}, {"type": "Feature", "geometry": {"type": "Polygon", "coordinates": [[[127.02310276, 37.63970159], [127.02313544, 37.63970432], [127.0231339, 37.63971597], [127.02316544, 37.6397186], [127.02317207, 37.63966842], [127.02319799, 37.63967058], [127.02320449, 37.6396213], [127.02311435, 37.63961377], [127.02310276, 37.63970159]]]}, "properties": {"name": "수유동 221-36", "status": "full", "capacity": 3, "active": 3, "industry": "이용·미용", "vacancy_rate": 0.0, "vacancy_rate_lo": 0.0, "vacancy_rate_hi": 33.3, "stores": 4, "source": "stores+ledger", "capacity_method": "floor_ouln", "active_pip": 0, "licensed": 0, "com_floors": [1, 2, 3], "occ_floors": [2, 3], "unknown_n": 1, "id": "1130510300102210036-1", "pnu": "1130510300102210036", "floors": 5, "height": 16.1}}, {"type": "Feature", "geometry": {"type": "Polygon", "coordinates": [[[127.02398809, 37.6385064], [127.0243005, 37.63865779], [127.02432768, 37.63861291], [127.02438207, 37.63864209], [127.02446078, 37.63853747], [127.02410065, 37.63836249], [127.02398809, 37.6385064]]]}, "properties": {"name": "현대크리스탈", "status": "partial", "capacity": 39, "active": 23, "industry": "주점", "vacancy_rate": 41.0, "vacancy_rate_lo": null, "vacancy_rate_hi": null, "stores": 23, "source": "stores+ledger", "capacity_method": "expos_units", "active_pip": 0, "licensed": 0, "com_floors": null, "occ_floors": null, "unknown_n": null, "id": "1130510300102240015-3", "pnu": "1130510300102240015", "floors": 8, "height": 32.18}}, {"type": "Feature", "geometry": {"type": "Polygon", "coordinates": [[[127.02320973, 37.63929113], [127.02321864, 37.63912779], [127.02309604, 37.63911907], [127.02309446, 37.63912952], [127.02306138, 37.63912781], [127.02304783, 37.63928288], [127.02320973, 37.63929113]]]}, "properties": {"name": "계봉빌딩", "status": "partial", "capacity": 5, "active": 4, "industry": "유원지·오락", "vacancy_rate": 20.0, "vacancy_rate_lo": null, "vacancy_rate_hi": null, "stores": 4, "source": "stores+ledger", "capacity_method": "expos_units", "active_pip": 0, "licensed": 0, "com_floors": null, "occ_floors": null, "unknown_n": null, "id": "1130510300102210025-2", "pnu": "1130510300102210025", "floors": 5, "height": 17.6}}, {"type": "Feature", "geometry": {"type": "Polygon", "coordinates": [[[127.02506166, 37.63905136], [127.02518343, 37.63895025], [127.02519485, 37.63887276], [127.02501137, 37.63873855], [127.02500004, 37.63873459], [127.02484809, 37.63868173], [127.0247013, 37.63881033], [127.02483592, 37.63890248], [127.02481667, 37.63892464], [127.02491367, 37.6389831], [127.02492738, 37.63896769], [127.02500013, 37.63901966], [127.0250101, 37.63902687], [127.02502279, 37.63901858], [127.02506166, 37.63905136]]]}, "properties": {"name": "영남빌딩", "status": "partial", "capacity": 20, "active": 12, "industry": "한식", "vacancy_rate": 40.0, "vacancy_rate_lo": null, "vacancy_rate_hi": null, "stores": 12, "source": "stores+ledger", "capacity_method": "expos_units", "active_pip": 0, "licensed": 0, "com_floors": null, "occ_floors": null, "unknown_n": null, "id": "1130510300101920061-1", "pnu": "1130510300101920061", "floors": 10, "height": 32.4}}, {"type": "Feature", "geometry": {"type": "Polygon", "coordinates": [[[127.02352141, 37.63809327], [127.02365851, 37.63810721], [127.02366633, 37.63805861], [127.0236505, 37.638057], [127.02365404, 37.63803375], [127.02362344, 37.63803064], [127.02362728, 37.63800753], [127.02359049, 37.63796438], [127.02354289, 37.63795955], [127.02352141, 37.63809327]]]}, "properties": {"name": "레전드빌", "status": "full", "capacity": 1, "active": 1, "industry": "한식", "vacancy_rate": 0.0, "vacancy_rate_lo": null, "vacancy_rate_hi": null, "stores": 1, "source": "stores+ledger", "capacity_method": "expos_units", "active_pip": 0, "licensed": 0, "com_floors": null, "occ_floors": null, "unknown_n": null, "id": "1130510300102230016-1", "pnu": "1130510300102230016", "floors": 5, "height": 13.9}}, {"type": "Feature", "geometry": {"type": "Polygon", "coordinates": [[[127.02475643, 37.6397178], [127.02468775, 37.63965528], [127.02463394, 37.63969692], [127.02462046, 37.63968521], [127.02458387, 37.63970891], [127.02466139, 37.63978214], [127.02475643, 37.6397178]]]}, "properties": {"name": "수유동 192-71", "status": "full", "capacity": 1, "active": 1, "industry": "한식", "vacancy_rate": 0.0, "vacancy_rate_lo": 0.0, "vacancy_rate_hi": 0.0, "stores": 1, "source": "stores+ledger", "capacity_method": "floor_ouln", "active_pip": 0, "licensed": 0, "com_floors": [1], "occ_floors": [1], "unknown_n": 0, "id": "1130510300101920071-1", "pnu": "1130510300101920071", "floors": 2, "height": 8.1}}, {"type": "Feature", "geometry": {"type": "Polygon", "coordinates": [[[127.02317181, 37.63937124], [127.02317182, 37.63941178], [127.02315868, 37.63941224], [127.02315179, 37.639479], [127.02320221, 37.63948241], [127.02321181, 37.63937357], [127.02317181, 37.63937124]]]}, "properties": {"name": "수유동 221-20", "status": "high", "capacity": 3, "active": 1, "industry": "기타 간이", "vacancy_rate": 66.7, "vacancy_rate_lo": 66.7, "vacancy_rate_hi": 66.7, "stores": 1, "source": "stores+ledger", "capacity_method": "floor_ouln", "active_pip": 0, "licensed": 0, "com_floors": [1, 2, 3], "occ_floors": [1], "unknown_n": 0, "id": "1130510300102210020-1", "pnu": "1130510300102210020", "floors": 0, "height": 0.0}}, {"type": "Feature", "geometry": {"type": "Polygon", "coordinates": [[[127.02397366, 37.63874228], [127.02403384, 37.63879642], [127.02405094, 37.63878263], [127.02398986, 37.63872849], [127.02397366, 37.63874228]]]}, "properties": {"name": "수유동 224-6", "status": "full", "capacity": 1, "active": 1, "industry": "한식", "vacancy_rate": 0.0, "vacancy_rate_lo": 0.0, "vacancy_rate_hi": 0.0, "stores": 1, "source": "stores+ledger", "capacity_method": "floor_ouln", "active_pip": 0, "licensed": 0, "com_floors": [1], "occ_floors": [1], "unknown_n": 0, "id": "1130510300102240006-2", "pnu": "1130510300102240006", "floors": 0, "height": 0.0}}, {"type": "Feature", "geometry": {"type": "Polygon", "coordinates": [[[127.02311518, 37.63834845], [127.02312901, 37.63834773], [127.02313217, 37.63831709], [127.02311585, 37.63831602], [127.02311518, 37.63834845]]]}, "properties": {"name": "수유동 223-42", "status": "partial", "capacity": 3, "active": 2, "industry": "주점", "vacancy_rate": 33.3, "vacancy_rate_lo": 33.3, "vacancy_rate_hi": 66.7, "stores": 1, "source": "stores+ledger", "capacity_method": "floor_ouln", "active_pip": 0, "licensed": 0, "com_floors": [1, 2, 3], "occ_floors": [3], "unknown_n": 1, "id": "1130510300102230042-1", "pnu": "1130510300102230042", "floors": 0, "height": 0.0}}, {"type": "Feature", "geometry": {"type": "Polygon", "coordinates": [[[127.02385148, 37.63896872], [127.02385012, 37.6389825], [127.02390519, 37.63898474], [127.02390609, 37.63897132], [127.02385148, 37.63896872]]]}, "properties": {"name": "수유동 224-19", "status": "full", "capacity": 2, "active": 2, "industry": "한식", "vacancy_rate": 0.0, "vacancy_rate_lo": 0.0, "vacancy_rate_hi": 0.0, "stores": 2, "source": "stores+ledger", "capacity_method": "floor_ouln", "active_pip": 0, "licensed": 0, "com_floors": [1, 2], "occ_floors": [1, 2], "unknown_n": 0, "id": "1130510300102240019-2", "pnu": "1130510300102240019", "floors": 0, "height": 0.0}}, {"type": "Feature", "geometry": {"type": "Polygon", "coordinates": [[[127.02392703, 37.63889158], [127.02391753, 37.63897627], [127.02397179, 37.63893338], [127.02392703, 37.63889158]]]}, "properties": {"name": "수유동 224-5", "status": "full", "capacity": 2, "active": 2, "industry": "섬유·의복·신발 소매", "vacancy_rate": 0.0, "vacancy_rate_lo": 0.0, "vacancy_rate_hi": 0.0, "stores": 3, "source": "stores+ledger", "capacity_method": "floor_ouln", "active_pip": 0, "licensed": 0, "com_floors": [1, 2], "occ_floors": [1, 2], "unknown_n": 0, "id": "1130510300102240005-1", "pnu": "1130510300102240005", "floors": 0, "height": 0.0}}, {"type": "Feature", "geometry": {"type": "Polygon", "coordinates": [[[127.02403947, 37.63870019], [127.02405398, 37.63871478], [127.02410971, 37.63867846], [127.024096, 37.63866432], [127.02403947, 37.63870019]]]}, "properties": {"name": "수유동 224-12", "status": "full", "capacity": 2, "active": 2, "industry": "주점", "vacancy_rate": 0.0, "vacancy_rate_lo": 0.0, "vacancy_rate_hi": 100.0, "stores": 2, "source": "stores+ledger", "capacity_method": "floor_ouln", "active_pip": 0, "licensed": 0, "com_floors": [1, 2], "occ_floors": [], "unknown_n": 2, "id": "1130510300102240012-2", "pnu": "1130510300102240012", "floors": 0, "height": 0.0}}, {"type": "Feature", "geometry": {"type": "Polygon", "coordinates": [[[127.02321285, 37.63945025], [127.02320867, 37.63948539], [127.02323937, 37.639487], [127.02324299, 37.63945096], [127.02321285, 37.63945025]]]}, "properties": {"name": "수유동 221-28", "status": "full", "capacity": 1, "active": 1, "industry": "한식", "vacancy_rate": 0.0, "vacancy_rate_lo": 0.0, "vacancy_rate_hi": 0.0, "stores": 1, "source": "stores+ledger", "capacity_method": "floor_ouln", "active_pip": 0, "licensed": 0, "com_floors": [1], "occ_floors": [1], "unknown_n": 0, "id": "1130510300102210028-1", "pnu": "1130510300102210028", "floors": 0, "height": 0.0}}, {"type": "Feature", "geometry": {"type": "Polygon", "coordinates": [[[127.02340502, 37.63913531], [127.02338706, 37.63930992], [127.02351441, 37.63931909], [127.02354315, 37.63917132], [127.02350631, 37.63913673], [127.02340502, 37.63913531]]]}, "properties": {"name": "일부", "status": "full", "capacity": 5, "active": 5, "industry": "한식", "vacancy_rate": 0.0, "vacancy_rate_lo": 0.0, "vacancy_rate_hi": 0.0, "stores": 6, "source": "stores+ledger", "capacity_method": "floor_ouln", "active_pip": 0, "licensed": 0, "com_floors": [1, 2, 3, 4, 5], "occ_floors": [1, 2, 3, 4, 5], "unknown_n": 0, "id": "1130510300102210023-1", "pnu": "1130510300102210023", "floors": 5, "height": 16.3}}, {"type": "Feature", "geometry": {"type": "Polygon", "coordinates": [[[127.02342533, 37.63851417], [127.0234303, 37.63845678], [127.0233298, 37.63845076], [127.02332245, 37.63850563], [127.02342533, 37.63851417]]]}, "properties": {"name": "수유동 223-24", "status": "empty", "capacity": 6, "active": 0, "industry": "", "vacancy_rate": 100.0, "source": "polygon_only", "capacity_method": "floor_approx", "active_pip": 0, "licensed": 0, "id": "1130510300102230024-1", "pnu": "1130510300102230024", "floors": 6, "height": 20.1}}, {"type": "Feature", "geometry": {"type": "Polygon", "coordinates": [[[127.0231644, 37.63808689], [127.02317085, 37.63803517], [127.02313844, 37.63803327], [127.02313372, 37.63808494], [127.0231644, 37.63808689]]]}, "properties": {"name": "전체", "status": "partial", "capacity": 3, "active": 2, "industry": "한식", "vacancy_rate": 33.3, "vacancy_rate_lo": 33.3, "vacancy_rate_hi": 66.7, "stores": 3, "source": "stores+ledger", "capacity_method": "floor_ouln", "active_pip": 0, "licensed": 0, "com_floors": [1, 2, 3], "occ_floors": [1], "unknown_n": 1, "id": "1130510300102230039-3", "pnu": "1130510300102230039", "floors": 0, "height": 0.0}}, {"type": "Feature", "geometry": {"type": "Polygon", "coordinates": [[[127.02316753, 37.63982966], [127.02329375, 37.63983675], [127.02329984, 37.63974999], [127.02324942, 37.63974864], [127.02324591, 37.63977018], [127.02318938, 37.63976812], [127.02318813, 37.6397856], [127.02317182, 37.63978497], [127.02316753, 37.63982966]]]}, "properties": {"name": "수유동 221-43", "status": "empty", "capacity": 2, "active": 0, "industry": "", "vacancy_rate": 100.0, "source": "polygon_only", "capacity_method": "floor_approx", "active_pip": 0, "licensed": 0, "id": "1130510300102210043-1", "pnu": "1130510300102210043", "floors": 2, "height": 7.5}}, {"type": "Feature", "geometry": {"type": "Polygon", "coordinates": [[[127.02322718, 37.63845844], [127.02297242, 37.63843987], [127.02295019, 37.63863277], [127.02307317, 37.63864174], [127.02307358, 37.63863815], [127.02309953, 37.63864004], [127.02309911, 37.63864363], [127.02311379, 37.63864469], [127.02311503, 37.63863393], [127.023106, 37.63863327], [127.02310724, 37.6386225], [127.02311626, 37.63862317], [127.02311967, 37.63859355], [127.02315465, 37.6385961], [127.02316357, 37.63851876], [127.02321975, 37.63852286], [127.02322718, 37.63845844]]]}, "properties": {"name": "예도팔라티움", "status": "full", "capacity": 4, "active": 4, "industry": "비알코올 ", "vacancy_rate": 0.0, "vacancy_rate_lo": null, "vacancy_rate_hi": null, "stores": 4, "source": "stores+ledger", "capacity_method": "expos_units", "active_pip": 0, "licensed": 0, "com_floors": null, "occ_floors": null, "unknown_n": null, "id": "1130510300102230007-1", "pnu": "1130510300102230007", "floors": 15, "height": 59.9}}, {"type": "Feature", "geometry": {"type": "Polygon", "coordinates": [[[127.02299631, 37.63829838], [127.02298615, 37.63840479], [127.02310954, 37.63841044], [127.0231163, 37.63830683], [127.02307257, 37.63830728], [127.02307212, 37.63830269], [127.02299631, 37.63829838]]]}, "properties": {"name": "수유동 223-42", "status": "partial", "capacity": 3, "active": 2, "industry": "주점", "vacancy_rate": 33.3, "vacancy_rate_lo": 33.3, "vacancy_rate_hi": 66.7, "stores": 1, "source": "stores+ledger", "capacity_method": "floor_ouln", "active_pip": 0, "licensed": 0, "com_floors": [1, 2, 3], "occ_floors": [3], "unknown_n": 1, "id": "1130510300102230042-2", "pnu": "1130510300102230042", "floors": 3, "height": 0.0}}, {"type": "Feature", "geometry": {"type": "Polygon", "coordinates": [[[127.02327807, 37.6400538], [127.0232679, 37.64013588], [127.0234204, 37.64014468], [127.02342254, 37.64010125], [127.02340487, 37.64009982], [127.02340203, 37.64007765], [127.02333575, 37.64007217], [127.02333699, 37.6400555], [127.02327807, 37.6400538]]]}, "properties": {"name": "수유동 221-18", "status": "partial", "capacity": 2, "active": 1, "industry": "비알코올 ", "vacancy_rate": 50.0, "vacancy_rate_lo": 50.0, "vacancy_rate_hi": 50.0, "stores": 1, "source": "stores+ledger", "capacity_method": "floor_ouln", "active_pip": 0, "licensed": 0, "com_floors": [1, 2], "occ_floors": [2], "unknown_n": 0, "id": "1130510300102210018-1", "pnu": "1130510300102210018", "floors": 2, "height": 0.0}}, {"type": "Feature", "geometry": {"type": "Polygon", "coordinates": [[[127.02299833, 37.63970833], [127.02309781, 37.63971425], [127.02310866, 37.63961668], [127.02300431, 37.63961129], [127.02299833, 37.63970833]]]}, "properties": {"name": "수유동 221-37", "status": "empty", "capacity": 2, "active": 0, "industry": "", "vacancy_rate": 100.0, "source": "polygon_only", "capacity_method": "floor_approx", "active_pip": 0, "licensed": 0, "id": "1130510300102210037-1", "pnu": "1130510300102210037", "floors": 2, "height": 7.15}}, {"type": "Feature", "geometry": {"type": "Polygon", "coordinates": [[[127.02282779, 37.63959763], [127.02281331, 37.6397072], [127.02298485, 37.63971689], [127.02298835, 37.63964886], [127.02295334, 37.63964833], [127.02295152, 37.63962436], [127.02287753, 37.63962158], [127.02287741, 37.63960086], [127.02282779, 37.63959763]]]}, "properties": {"name": "수유동 221-38", "status": "empty", "capacity": 2, "active": 0, "industry": "", "vacancy_rate": 100.0, "source": "polygon_only", "capacity_method": "floor_approx", "active_pip": 0, "licensed": 0, "id": "1130510300102210038-1", "pnu": "1130510300102210038", "floors": 2, "height": 0.0}}, {"type": "Feature", "geometry": {"type": "Polygon", "coordinates": [[[127.02396077, 37.63883643], [127.02392544, 37.63888257], [127.02404297, 37.63898913], [127.02409892, 37.63894759], [127.02396077, 37.63883643]]]}, "properties": {"name": "수유동 224-5", "status": "full", "capacity": 2, "active": 2, "industry": "섬유·의복·신발 소매", "vacancy_rate": 0.0, "vacancy_rate_lo": 0.0, "vacancy_rate_hi": 0.0, "stores": 3, "source": "stores+ledger", "capacity_method": "floor_ouln", "active_pip": 0, "licensed": 0, "com_floors": [1, 2], "occ_floors": [1, 2], "unknown_n": 0, "id": "1130510300102240005-2", "pnu": "1130510300102240005", "floors": 3, "height": 9.5}}, {"type": "Feature", "geometry": {"type": "Polygon", "coordinates": [[[127.02377645, 37.63922651], [127.02378277, 37.63915272], [127.02365926, 37.63914247], [127.02361419, 37.63917113], [127.02361046, 37.63921591], [127.02377645, 37.63922651]]]}, "properties": {"name": "전체", "status": "full", "capacity": 3, "active": 3, "industry": "한식", "vacancy_rate": 0.0, "vacancy_rate_lo": 0.0, "vacancy_rate_hi": 0.0, "stores": 6, "source": "stores+ledger", "capacity_method": "floor_ouln", "active_pip": 0, "licensed": 0, "com_floors": [1, 2, 3], "occ_floors": [1, 2, 3], "unknown_n": 0, "id": "1130510300102220066-2", "pnu": "1130510300102220066", "floors": 3, "height": 0.0}}, {"type": "Feature", "geometry": {"type": "Polygon", "coordinates": [[[127.02364878, 37.63896399], [127.02364122, 37.63903742], [127.02367884, 37.63906886], [127.0237441, 37.6390747], [127.02375325, 37.63897136], [127.02364878, 37.63896399]]]}, "properties": {"name": "수유동 224-31", "status": "partial", "capacity": 3, "active": 2, "industry": "유원지·오락", "vacancy_rate": 33.3, "vacancy_rate_lo": 33.3, "vacancy_rate_hi": 33.3, "stores": 4, "source": "stores+ledger", "capacity_method": "floor_ouln", "active_pip": 0, "licensed": 0, "com_floors": [1, 2, 3], "occ_floors": [2, 3], "unknown_n": 0, "id": "1130510300102240031-1", "pnu": "1130510300102240031", "floors": 4, "height": 13.6}}, {"type": "Feature", "geometry": {"type": "Polygon", "coordinates": [[[127.02302017, 37.63813376], [127.02301374, 37.63824612], [127.02311582, 37.63825024], [127.02311672, 37.63822348], [127.02312771, 37.63822366], [127.02313358, 37.63813591], [127.02302017, 37.63813376]]]}, "properties": {"name": "수유동 223-41", "status": "full", "capacity": 2, "active": 2, "industry": "자동차 수리·세차", "vacancy_rate": 0.0, "vacancy_rate_lo": 0.0, "vacancy_rate_hi": 100.0, "stores": 2, "source": "stores+ledger", "capacity_method": "floor_ouln", "active_pip": 0, "licensed": 0, "com_floors": [1, 2], "occ_floors": [], "unknown_n": 2, "id": "1130510300102230041-1", "pnu": "1130510300102230041", "floors": 3, "height": 0.0}}, {"type": "Feature", "geometry": {"type": "Polygon", "coordinates": [[[127.02315178, 37.63946134], [127.023158, 37.63940845], [127.02316956, 37.63940836], [127.02317045, 37.63936466], [127.02301862, 37.63935622], [127.02301141, 37.63946137], [127.023094, 37.6394664], [127.02309434, 37.63945558], [127.02315178, 37.63946134]]]}, "properties": {"name": "수유동 221-20", "status": "high", "capacity": 3, "active": 1, "industry": "기타 간이", "vacancy_rate": 66.7, "vacancy_rate_lo": 66.7, "vacancy_rate_hi": 66.7, "stores": 1, "source": "stores+ledger", "capacity_method": "floor_ouln", "active_pip": 0, "licensed": 0, "com_floors": [1, 2, 3], "occ_floors": [1], "unknown_n": 0, "id": "1130510300102210020-2", "pnu": "1130510300102210020", "floors": 3, "height": 8.5}}, {"type": "Feature", "geometry": {"type": "Polygon", "coordinates": [[[127.0236872, 37.63859115], [127.02367883, 37.63865998], [127.02380754, 37.63866798], [127.02381386, 37.63858689], [127.0237588, 37.63858519], [127.02375869, 37.6385933], [127.0236872, 37.63859115]]]}, "properties": {"name": "수유동 224-27", "status": "full", "capacity": 1, "active": 1, "industry": "한식", "vacancy_rate": 0.0, "vacancy_rate_lo": 0.0, "vacancy_rate_hi": 0.0, "stores": 1, "source": "stores+ledger", "capacity_method": "floor_ouln", "active_pip": 0, "licensed": 0, "com_floors": [1], "occ_floors": [1], "unknown_n": 0, "id": "1130510300102240027-1", "pnu": "1130510300102240027", "floors": 2, "height": 0.0}}, {"type": "Feature", "geometry": {"type": "Polygon", "coordinates": [[[127.02367533, 37.63869026], [127.02366832, 37.6387482], [127.02379726, 37.63875817], [127.02380414, 37.63867312], [127.02374092, 37.63867033], [127.02374014, 37.63869592], [127.02367533, 37.63869026]]]}, "properties": {"name": "수유동 224-28", "status": "partial", "capacity": 2, "active": 1, "industry": "한식", "vacancy_rate": 50.0, "vacancy_rate_lo": 50.0, "vacancy_rate_hi": 100.0, "stores": 1, "source": "stores+ledger", "capacity_method": "floor_ouln", "active_pip": 0, "licensed": 0, "com_floors": [1, 2], "occ_floors": [], "unknown_n": 1, "id": "1130510300102240028-2", "pnu": "1130510300102240028", "floors": 2, "height": 0.0}}, {"type": "Feature", "geometry": {"type": "Polygon", "coordinates": [[[127.02416444, 37.63885398], [127.02420234, 37.63889126], [127.02429965, 37.63882979], [127.02426236, 37.63879088], [127.02416444, 37.63885398]]]}, "properties": {"name": "수유동 224-12", "status": "full", "capacity": 2, "active": 2, "industry": "주점", "vacancy_rate": 0.0, "vacancy_rate_lo": 0.0, "vacancy_rate_hi": 100.0, "stores": 2, "source": "stores+ledger", "capacity_method": "floor_ouln", "active_pip": 0, "licensed": 0, "com_floors": [1, 2], "occ_floors": [], "unknown_n": 2, "id": "1130510300102240012-3", "pnu": "1130510300102240012", "floors": 0, "height": 0.0}}, {"type": "Feature", "geometry": {"type": "Polygon", "coordinates": [[[127.02420196, 37.63873926], [127.02410949, 37.6387972], [127.02415964, 37.63884805], [127.02421286, 37.6388162], [127.02419291, 37.63879494], [127.02422859, 37.63877088], [127.02420196, 37.63873926]]]}, "properties": {"name": "수유동 224-12", "status": "full", "capacity": 2, "active": 2, "industry": "주점", "vacancy_rate": 0.0, "vacancy_rate_lo": 0.0, "vacancy_rate_hi": 100.0, "stores": 2, "source": "stores+ledger", "capacity_method": "floor_ouln", "active_pip": 0, "licensed": 0, "com_floors": [1, 2], "occ_floors": [], "unknown_n": 2, "id": "1130510300102240012-4", "pnu": "1130510300102240012", "floors": 1, "height": 3.0}}, {"type": "Feature", "geometry": {"type": "Polygon", "coordinates": [[[127.02317573, 37.63885155], [127.02325549, 37.63885595], [127.0232625, 37.63878801], [127.02318353, 37.63878172], [127.02317573, 37.63885155]]]}, "properties": {"name": "두온오피스텔", "status": "full", "capacity": 12, "active": 12, "industry": "종합 소매", "vacancy_rate": 0.0, "vacancy_rate_lo": null, "vacancy_rate_hi": null, "stores": 12, "source": "stores+ledger", "capacity_method": "expos_units", "active_pip": 0, "licensed": 0, "com_floors": null, "occ_floors": null, "unknown_n": null, "id": "1130510300102230001-2", "pnu": "1130510300102230001", "floors": 0, "height": 0.0}}, {"type": "Feature", "geometry": {"type": "Polygon", "coordinates": [[[127.02327665, 37.63877125], [127.02328659, 37.6386862], [127.02305376, 37.63866984], [127.02305365, 37.63869372], [127.02307529, 37.63869614], [127.02307201, 37.63872696], [127.02303859, 37.63872588], [127.02303713, 37.63875922], [127.02309446, 37.63876335], [127.02309525, 37.63875822], [127.02327665, 37.63877125]]]}, "properties": {"name": "수유동 223-8", "status": "empty", "capacity": 3, "active": 0, "industry": "", "vacancy_rate": 100.0, "source": "polygon_only", "capacity_method": "floor_approx", "active_pip": 0, "licensed": 0, "id": "1130510300102230008-1", "pnu": "1130510300102230008", "floors": 3, "height": 0.0}}, {"type": "Feature", "geometry": {"type": "Polygon", "coordinates": [[[127.02332974, 37.63933202], [127.02327241, 37.63932941], [127.02327285, 37.6393114], [127.02322039, 37.63930987], [127.023216, 37.63939078], [127.02334857, 37.63939679], [127.02334901, 37.63935696], [127.02332997, 37.63935544], [127.02332974, 37.63933202]]]}, "properties": {"name": "수유동 221-28", "status": "full", "capacity": 1, "active": 1, "industry": "한식", "vacancy_rate": 0.0, "vacancy_rate_lo": 0.0, "vacancy_rate_hi": 0.0, "stores": 1, "source": "stores+ledger", "capacity_method": "floor_ouln", "active_pip": 0, "licensed": 0, "com_floors": [1], "occ_floors": [1], "unknown_n": 0, "id": "1130510300102210028-2", "pnu": "1130510300102210028", "floors": 1, "height": 0.0}}, {"type": "Feature", "geometry": {"type": "Polygon", "coordinates": [[[127.02370018, 37.63847753], [127.02369645, 37.63850573], [127.02374392, 37.6385078], [127.02374686, 37.63847825], [127.02370018, 37.63847753]]]}, "properties": {"name": "수유동 224-26", "status": "partial", "capacity": 2, "active": 1, "industry": "비알코올 ", "vacancy_rate": 50.0, "vacancy_rate_lo": 50.0, "vacancy_rate_hi": 50.0, "stores": 1, "source": "stores+ledger", "capacity_method": "floor_ouln", "active_pip": 0, "licensed": 0, "com_floors": [1, 2], "occ_floors": [2], "unknown_n": 0, "id": "1130510300102240026-2", "pnu": "1130510300102240026", "floors": 0, "height": 0.0}}, {"type": "Feature", "geometry": {"type": "Polygon", "coordinates": [[[127.02403523, 37.6385327], [127.02395822, 37.63863912], [127.02403992, 37.63867911], [127.02411942, 37.63857494], [127.02403523, 37.6385327]]]}, "properties": {"name": "현대크리스탈", "status": "partial", "capacity": 39, "active": 23, "industry": "주점", "vacancy_rate": 41.0, "vacancy_rate_lo": null, "vacancy_rate_hi": null, "stores": 23, "source": "stores+ledger", "capacity_method": "expos_units", "active_pip": 0, "licensed": 0, "com_floors": null, "occ_floors": null, "unknown_n": null, "id": "1130510300102240015-4", "pnu": "1130510300102240015", "floors": 0, "height": 0.0}}, {"type": "Feature", "geometry": {"type": "Polygon", "coordinates": [[[127.02333846, 37.63930858], [127.02334511, 37.63923317], [127.02330262, 37.63923039], [127.02330183, 37.63924119], [127.02325266, 37.63923869], [127.02324611, 37.63930167], [127.02333846, 37.63930858]]]}, "properties": {"name": "외", "status": "full", "capacity": 2, "active": 2, "industry": "주점", "vacancy_rate": 0.0, "vacancy_rate_lo": 0.0, "vacancy_rate_hi": 0.0, "stores": 3, "source": "stores+ledger", "capacity_method": "floor_ouln", "active_pip": 0, "licensed": 0, "com_floors": [1, 2], "occ_floors": [1, 2], "unknown_n": 0, "id": "1130510300102210022-2", "pnu": "1130510300102210022", "floors": 0, "height": 0.0}}, {"type": "Feature", "geometry": {"type": "Polygon", "coordinates": [[[127.02344604, 37.63885925], [127.02341924, 37.63904872], [127.02350419, 37.63905631], [127.02351902, 37.63904609], [127.02354422, 37.63886804], [127.02344604, 37.63885925]]]}, "properties": {"name": "준빌딩", "status": "full", "capacity": 2, "active": 2, "industry": "주점", "vacancy_rate": 0.0, "vacancy_rate_lo": 0.0, "vacancy_rate_hi": 50.0, "stores": 2, "source": "stores+ledger", "capacity_method": "floor_ouln", "active_pip": 0, "licensed": 0, "com_floors": [1, 2], "occ_floors": [2], "unknown_n": 1, "id": "1130510300102230009-1", "pnu": "1130510300102230009", "floors": 5, "height": 17.75}}, {"type": "Feature", "geometry": {"type": "Polygon", "coordinates": [[[127.02429929, 37.63963631], [127.02436554, 37.63959172], [127.02432692, 37.63955544], [127.02429603, 37.63955339], [127.02424651, 37.63958672], [127.02429929, 37.63963631]]]}, "properties": {"name": "수유동 222-57", "status": "full", "capacity": 3, "active": 3, "industry": "서양식", "vacancy_rate": 0.0, "vacancy_rate_lo": 0.0, "vacancy_rate_hi": 0.0, "stores": 3, "source": "stores+ledger", "capacity_method": "floor_ouln", "active_pip": 0, "licensed": 0, "com_floors": [1, 2, 3], "occ_floors": [1, 2, 3], "unknown_n": 0, "id": "1130510300102220057-1", "pnu": "1130510300102220057", "floors": 3, "height": 10.2}}, {"type": "Feature", "geometry": {"type": "Polygon", "coordinates": [[[127.02428391, 37.63920405], [127.02428218, 37.63920521], [127.02434064, 37.63926029], [127.02441184, 37.63921003], [127.02436653, 37.63916595], [127.02434016, 37.63918161], [127.02433066, 37.63917267], [127.02428391, 37.63920405]]]}, "properties": {"name": "전체", "status": "full", "capacity": 5, "active": 5, "industry": "이용·미용", "vacancy_rate": 0.0, "vacancy_rate_lo": 0.0, "vacancy_rate_hi": 0.0, "stores": 5, "source": "stores+ledger", "capacity_method": "floor_ouln", "active_pip": 0, "licensed": 0, "com_floors": [2, 3, 4, 5, 6], "occ_floors": [2, 3, 4, 5, 6], "unknown_n": 0, "id": "1130510300101920033-1", "pnu": "1130510300101920033", "floors": 7, "height": 19.7}}, {"type": "Feature", "geometry": {"type": "Polygon", "coordinates": [[[127.02345101, 37.63865694], [127.02344608, 37.63870161], [127.02345011, 37.63870189], [127.02344824, 37.63871875], [127.02347174, 37.63872039], [127.02347089, 37.63872814], [127.02356546, 37.63873472], [127.0235738, 37.63865906], [127.02347922, 37.63865247], [127.02347852, 37.63865885], [127.02345101, 37.63865694]]]}, "properties": {"name": "센트럴빌딩", "status": "full", "capacity": 2, "active": 2, "industry": "이용·미용", "vacancy_rate": 0.0, "vacancy_rate_lo": 0.0, "vacancy_rate_hi": 50.0, "stores": 3, "source": "stores+ledger", "capacity_method": "floor_ouln", "active_pip": 0, "licensed": 0, "com_floors": [1, 4], "occ_floors": [4], "unknown_n": 1, "id": "1130510300102230027-1", "pnu": "1130510300102230027", "floors": 5, "height": 15.21}}, {"type": "Feature", "geometry": {"type": "Polygon", "coordinates": [[[127.02353387, 37.63982574], [127.02366761, 37.63983508], [127.02367341, 37.63978258], [127.023661, 37.63978171], [127.02366298, 37.63976376], [127.02356196, 37.6397567], [127.0235598, 37.63975824], [127.02353976, 37.63977239], [127.02353387, 37.63982574]]]}, "properties": {"name": "수유동 222-78", "status": "full", "capacity": 3, "active": 3, "industry": "비알코올 ", "vacancy_rate": 0.0, "vacancy_rate_lo": 0.0, "vacancy_rate_hi": 0.0, "stores": 3, "source": "stores+ledger", "capacity_method": "floor_ouln", "active_pip": 0, "licensed": 0, "com_floors": [1, 2, 3], "occ_floors": [1, 2, 3], "unknown_n": 0, "id": "1130510300102220078-1", "pnu": "1130510300102220078", "floors": 4, "height": 13.3}}, {"type": "Feature", "geometry": {"type": "Polygon", "coordinates": [[[127.0233263, 37.63958898], [127.02332753, 37.63953357], [127.02331677, 37.63953249], [127.02331291, 37.63951924], [127.02326873, 37.63951673], [127.02326612, 37.63950204], [127.0232072, 37.63950268], [127.02320881, 37.63958377], [127.0233263, 37.63958898]]]}, "properties": {"name": "수유동 221-34", "status": "empty", "capacity": 2, "active": 0, "industry": "", "vacancy_rate": 100.0, "source": "polygon_only", "capacity_method": "floor_approx", "active_pip": 0, "licensed": 0, "id": "1130510300102210034-1", "pnu": "1130510300102210034", "floors": 2, "height": 0.0}}, {"type": "Feature", "geometry": {"type": "Polygon", "coordinates": [[[127.02377719, 37.63908497], [127.02389265, 37.63909179], [127.02390088, 37.63898628], [127.02378509, 37.63897991], [127.02377719, 37.63908497]]]}, "properties": {"name": "수유동 224-19", "status": "full", "capacity": 2, "active": 2, "industry": "한식", "vacancy_rate": 0.0, "vacancy_rate_lo": 0.0, "vacancy_rate_hi": 0.0, "stores": 2, "source": "stores+ledger", "capacity_method": "floor_ouln", "active_pip": 0, "licensed": 0, "com_floors": [1, 2], "occ_floors": [1, 2], "unknown_n": 0, "id": "1130510300102240019-3", "pnu": "1130510300102240019", "floors": 2, "height": 0.0}}, {"type": "Feature", "geometry": {"type": "Polygon", "coordinates": [[[127.02298829, 37.63945975], [127.02299437, 37.63935496], [127.02287382, 37.63934967], [127.02285983, 37.63954239], [127.02294844, 37.63954571], [127.02295396, 37.63946075], [127.02298829, 37.63945975]]]}, "properties": {"name": "중앙우측", "status": "full", "capacity": 1, "active": 1, "industry": "주점", "vacancy_rate": 0.0, "vacancy_rate_lo": 0.0, "vacancy_rate_hi": 0.0, "stores": 4, "source": "stores+ledger", "capacity_method": "floor_ouln", "active_pip": 0, "licensed": 0, "com_floors": [1], "occ_floors": [1], "unknown_n": 0, "id": "1130510300102210055-1", "pnu": "1130510300102210055", "floors": 3, "height": 11.5}}, {"type": "Feature", "geometry": {"type": "Polygon", "coordinates": [[[127.02394877, 37.63919711], [127.02390774, 37.63915828], [127.02379331, 37.63915137], [127.02379184, 37.63915128], [127.02378529, 37.63922669], [127.02392623, 37.63923594], [127.02394877, 37.63919711]]]}, "properties": {"name": "우측", "status": "full", "capacity": 2, "active": 2, "industry": "기타 간이", "vacancy_rate": 0.0, "vacancy_rate_lo": 0.0, "vacancy_rate_hi": 0.0, "stores": 5, "source": "stores+ledger", "capacity_method": "floor_ouln", "active_pip": 0, "licensed": 0, "com_floors": [1, 2], "occ_floors": [1, 2], "unknown_n": 0, "id": "1130510300102220065-1", "pnu": "1130510300102220065", "floors": 3, "height": 0.0}}, {"type": "Feature", "geometry": {"type": "Polygon", "coordinates": [[[127.02233423, 37.64086749], [127.02234496, 37.64086819], [127.02234518, 37.64086612], [127.02233445, 37.64086543], [127.02233441, 37.64086579], [127.02232086, 37.64086491], [127.022321, 37.64086356], [127.02218999, 37.64085506], [127.02218318, 37.64092152], [127.02222045, 37.64092394], [127.02221755, 37.64095222], [127.02221981, 37.64095236], [127.02225933, 37.64095493], [127.02225804, 37.6409675], [127.02232354, 37.64097175], [127.02232335, 37.64094461], [127.02231756, 37.64094425], [127.02231452, 37.64093021], [127.02232477, 37.64093087], [127.02234325, 37.64087621], [127.02233341, 37.64087557], [127.02233423, 37.64086749]]]}, "properties": {"name": "수유동 39-47", "status": "full", "capacity": 1, "active": 1, "industry": "한식", "vacancy_rate": 0.0, "vacancy_rate_lo": 0.0, "vacancy_rate_hi": 0.0, "stores": 1, "source": "stores+ledger", "capacity_method": "floor_ouln", "active_pip": 0, "licensed": 0, "com_floors": [1], "occ_floors": [1], "unknown_n": 0, "id": "1130510300100390047-1", "pnu": "1130510300100390047", "floors": 5, "height": 21.05}}, {"type": "Feature", "geometry": {"type": "Polygon", "coordinates": [[[127.02196524, 37.6408349], [127.02196516, 37.64083562], [127.02196823, 37.6408116], [127.02199725, 37.64081369], [127.02201049, 37.6406974], [127.02187635, 37.64068845], [127.02185941, 37.64082725], [127.02196524, 37.6408349]]]}, "properties": {"name": "스마트빌", "status": "full", "capacity": 1, "active": 1, "industry": "한식", "vacancy_rate": 0.0, "vacancy_rate_lo": null, "vacancy_rate_hi": null, "stores": 1, "source": "stores+ledger", "capacity_method": "expos_units", "active_pip": 0, "licensed": 0, "com_floors": null, "occ_floors": null, "unknown_n": null, "id": "1130510300100390031-1", "pnu": "1130510300100390031", "floors": 6, "height": 18.9}}, {"type": "Feature", "geometry": {"type": "Polygon", "coordinates": [[[127.02218499, 37.64097861], [127.02218138, 37.64102825], [127.02221355, 37.64102942], [127.02221627, 37.64101004], [127.02222828, 37.64101022], [127.02223212, 37.64098175], [127.02218499, 37.64097861]]]}, "properties": {"name": "수유동 39-46", "status": "full", "capacity": 1, "active": 1, "industry": "섬유·의복·신발 소매", "vacancy_rate": 0.0, "vacancy_rate_lo": 0.0, "vacancy_rate_hi": 0.0, "stores": 2, "source": "stores+ledger", "capacity_method": "floor_ouln", "active_pip": 0, "licensed": 0, "com_floors": [1], "occ_floors": [1], "unknown_n": 0, "id": "1130510300100390046-1", "pnu": "1130510300100390046", "floors": 0, "height": 0.0}}, {"type": "Feature", "geometry": {"type": "Polygon", "coordinates": [[[127.02161913, 37.64169517], [127.02161789, 37.64171706], [127.02163727, 37.64171769], [127.02163783, 37.64169562], [127.02161913, 37.64169517]]]}, "properties": {"name": "송림빌딩", "status": "partial", "capacity": 6, "active": 3, "industry": "서양식", "vacancy_rate": 50.0, "vacancy_rate_lo": 50.0, "vacancy_rate_hi": 66.7, "stores": 5, "source": "stores+ledger", "capacity_method": "floor_ouln", "active_pip": 0, "licensed": 0, "com_floors": [1, 2, 3, 4, 5, 6], "occ_floors": [1, 3], "unknown_n": 1, "id": "1130510300100390019-1", "pnu": "1130510300100390019", "floors": 0, "height": 0.0}}, {"type": "Feature", "geometry": {"type": "Polygon", "coordinates": [[[127.0216162, 37.64172292], [127.02161564, 37.64175058], [127.02163331, 37.6417513], [127.02163523, 37.64172166], [127.0216162, 37.64172292]]]}, "properties": {"name": "송림빌딩", "status": "partial", "capacity": 6, "active": 3, "industry": "서양식", "vacancy_rate": 50.0, "vacancy_rate_lo": 50.0, "vacancy_rate_hi": 66.7, "stores": 5, "source": "stores+ledger", "capacity_method": "floor_ouln", "active_pip": 0, "licensed": 0, "com_floors": [1, 2, 3, 4, 5, 6], "occ_floors": [1, 3], "unknown_n": 1, "id": "1130510300100390019-2", "pnu": "1130510300100390019", "floors": 0, "height": 0.0}}, {"type": "Feature", "geometry": {"type": "Polygon", "coordinates": [[[127.01999844, 37.64087628], [127.02002314, 37.64087826], [127.02002574, 37.64084826], [127.02000126, 37.64084673], [127.01999844, 37.64087628]]]}, "properties": {"name": "수유동 37-37", "status": "full", "capacity": 1, "active": 1, "industry": "한식", "vacancy_rate": 0.0, "vacancy_rate_lo": 0.0, "vacancy_rate_hi": 0.0, "stores": 1, "source": "stores+ledger", "capacity_method": "floor_ouln", "active_pip": 0, "licensed": 0, "com_floors": [1], "occ_floors": [1], "unknown_n": 0, "id": "1130510300100370037-1", "pnu": "1130510300100370037", "floors": 0, "height": 0.0}}, {"type": "Feature", "geometry": {"type": "Polygon", "coordinates": [[[127.02236294, 37.64081026], [127.02238547, 37.64081143], [127.02239089, 37.64072638], [127.02237219, 37.64072287], [127.02236294, 37.64081026]]]}, "properties": {"name": "일부", "status": "full", "capacity": 3, "active": 3, "industry": "한식", "vacancy_rate": 0.0, "vacancy_rate_lo": 0.0, "vacancy_rate_hi": 0.0, "stores": 9, "source": "stores+ledger", "capacity_method": "floor_ouln", "active_pip": 0, "licensed": 0, "com_floors": [1, 2, 3], "occ_floors": [1, 2, 3], "unknown_n": 0, "id": "1130510300100390030-1", "pnu": "1130510300100390030", "floors": 0, "height": 0.0}}, {"type": "Feature", "geometry": {"type": "Polygon", "coordinates": [[[127.02133531, 37.6405262], [127.0213326, 37.64056179], [127.02138709, 37.64056528], [127.02138935, 37.64052933], [127.02133531, 37.6405262]]]}, "properties": {"name": "수유중앙시장", "status": "full", "capacity": 3, "active": 3, "industry": "식료품 소매", "vacancy_rate": 0.0, "vacancy_rate_lo": 0.0, "vacancy_rate_hi": 33.3, "stores": 18, "source": "stores+ledger", "capacity_method": "floor_ouln", "active_pip": 0, "licensed": 0, "com_floors": [1, 2, 3], "occ_floors": [1, 2], "unknown_n": 1, "id": "1130510300100320002-4", "pnu": "1130510300100320002", "floors": 0, "height": 0.0}}, {"type": "Feature", "geometry": {"type": "Polygon", "coordinates": [[[127.02271072, 37.64228053], [127.02271414, 37.64221663], [127.02255529, 37.64220873], [127.02254716, 37.64232181], [127.02275464, 37.64233312], [127.0227562, 37.64228195], [127.02271072, 37.64228053]]]}, "properties": {"name": "민스빌", "status": "partial", "capacity": 2, "active": 1, "industry": "비알코올 ", "vacancy_rate": 50.0, "vacancy_rate_lo": 50.0, "vacancy_rate_hi": 50.0, "stores": 1, "source": "stores+ledger", "capacity_method": "floor_ouln", "active_pip": 0, "licensed": 0, "com_floors": [1, 2], "occ_floors": [1], "unknown_n": 0, "id": "1130510300101880004-1", "pnu": "1130510300101880004", "floors": 6, "height": 22.1}}, {"type": "Feature", "geometry": {"type": "Polygon", "coordinates": [[[127.0201743, 37.64134386], [127.02021905, 37.64135386], [127.02023559, 37.64131836], [127.02022777, 37.64130764], [127.02019966, 37.64130016], [127.02018834, 37.64130737], [127.0201743, 37.64134386]]]}, "properties": {"name": "수유벽산1차", "status": "high", "capacity": 10, "active": 2, "industry": "섬유·의복·신발 소매", "vacancy_rate": 80.0, "vacancy_rate_lo": null, "vacancy_rate_hi": null, "stores": 2, "source": "stores+ledger", "capacity_method": "expos_units", "active_pip": 0, "licensed": 0, "com_floors": null, "occ_floors": null, "unknown_n": null, "id": "1130510300102050000-1", "pnu": "1130510300102050000", "floors": 1, "height": 0.0}}, {"type": "Feature", "geometry": {"type": "Polygon", "coordinates": [[[127.0226205, 37.64165904], [127.02272519, 37.64166641], [127.02274485, 37.6414616], [127.0226414, 37.6414573], [127.0226205, 37.64165904]]]}, "properties": {"name": "수유동 220-57", "status": "empty", "capacity": 4, "active": 0, "industry": "", "vacancy_rate": 100.0, "source": "polygon_only", "capacity_method": "floor_approx", "active_pip": 0, "licensed": 0, "id": "1130510300102200057-1", "pnu": "1130510300102200057", "floors": 4, "height": 0.0}}, {"type": "Feature", "geometry": {"type": "Polygon", "coordinates": [[[127.01999073, 37.64126641], [127.01999648, 37.64119217], [127.01986368, 37.64118507], [127.01985091, 37.64129941], [127.01993035, 37.6413048], [127.01993668, 37.64126281], [127.01999073, 37.64126641]]]}, "properties": {"name": "수유동 186-2", "status": "full", "capacity": 1, "active": 1, "industry": "한식", "vacancy_rate": 0.0, "vacancy_rate_lo": 0.0, "vacancy_rate_hi": 0.0, "stores": 1, "source": "stores+ledger", "capacity_method": "floor_ouln", "active_pip": 0, "licensed": 0, "com_floors": [1], "occ_floors": [1], "unknown_n": 0, "id": "1130510300101860002-1", "pnu": "1130510300101860002", "floors": 2, "height": 0.0}}, {"type": "Feature", "geometry": {"type": "Polygon", "coordinates": [[[127.02266335, 37.64099896], [127.0226568, 37.64107258], [127.02272037, 37.6410768], [127.02272331, 37.6410558], [127.02279435, 37.6410594], [127.0227966, 37.64100831], [127.02266335, 37.64099896]]]}, "properties": {"name": "수유동 220-33", "status": "full", "capacity": 1, "active": 1, "industry": "가전·통신 소매", "vacancy_rate": 0.0, "vacancy_rate_lo": 0.0, "vacancy_rate_hi": 0.0, "stores": 1, "source": "stores+ledger", "capacity_method": "floor_ouln", "active_pip": 0, "licensed": 0, "com_floors": [1], "occ_floors": [1], "unknown_n": 0, "id": "1130510300102200033-1", "pnu": "1130510300102200033", "floors": 2, "height": 0.0}}, {"type": "Feature", "geometry": {"type": "Polygon", "coordinates": [[[127.02118219, 37.64074687], [127.02118793, 37.64063867], [127.02111598, 37.64063724], [127.02110613, 37.64064814], [127.02110152, 37.6407377], [127.02115353, 37.64074228], [127.02115319, 37.64074508], [127.02118219, 37.64074687]]]}, "properties": {"name": "수유동 38-32", "status": "empty", "capacity": 3, "active": 0, "industry": "", "vacancy_rate": 100.0, "source": "polygon_only", "capacity_method": "floor_approx", "active_pip": 0, "licensed": 0, "id": "1130510300100380032-1", "pnu": "1130510300100380032", "floors": 3, "height": 0.0}}, {"type": "Feature", "geometry": {"type": "Polygon", "coordinates": [[[127.0204109, 37.64100802], [127.02037024, 37.64108317], [127.02048152, 37.64112027], [127.02050054, 37.64109324], [127.0205351, 37.64110369], [127.02055537, 37.64105945], [127.02052557, 37.64105206], [127.02052988, 37.64104206], [127.0204109, 37.64100802]]]}, "properties": {"name": "동", "status": "full", "capacity": 1, "active": 1, "industry": "이용·미용", "vacancy_rate": 0.0, "vacancy_rate_lo": 0.0, "vacancy_rate_hi": 0.0, "stores": 2, "source": "stores+ledger", "capacity_method": "floor_ouln", "active_pip": 0, "licensed": 0, "com_floors": [1], "occ_floors": [1], "unknown_n": 0, "id": "1130510300100370043-1", "pnu": "1130510300100370043", "floors": 2, "height": 0.0}}, {"type": "Feature", "geometry": {"type": "Polygon", "coordinates": [[[127.02128756, 37.64075343], [127.02133844, 37.64075685], [127.02133923, 37.64074901], [127.02136461, 37.64074973], [127.02137365, 37.64065629], [127.02129897, 37.64065027], [127.02128756, 37.64075343]]]}, "properties": {"name": "수유동 38-19", "status": "full", "capacity": 1, "active": 1, "industry": "식료품 소매", "vacancy_rate": 0.0, "vacancy_rate_lo": 0.0, "vacancy_rate_hi": 0.0, "stores": 1, "source": "stores+ledger", "capacity_method": "floor_ouln", "active_pip": 0, "licensed": 0, "com_floors": [1], "occ_floors": [1], "unknown_n": 0, "id": "1130510300100380019-1", "pnu": "1130510300100380019", "floors": 2, "height": 0.0}}, {"type": "Feature", "geometry": {"type": "Polygon", "coordinates": [[[127.02082836, 37.64120329], [127.02088397, 37.6411539], [127.02088375, 37.64114534], [127.02072999, 37.64113384], [127.02072535, 37.64114195], [127.02082836, 37.64120329]]]}, "properties": {"name": "수유동 37-50", "status": "partial", "capacity": 2, "active": 1, "industry": "자동차 수리·세차", "vacancy_rate": 50.0, "vacancy_rate_lo": 50.0, "vacancy_rate_hi": 50.0, "stores": 1, "source": "stores+ledger", "capacity_method": "floor_ouln", "active_pip": 0, "licensed": 0, "com_floors": [1, 2], "occ_floors": [1], "unknown_n": 0, "id": "1130510300100370050-1", "pnu": "1130510300100370050", "floors": 1, "height": 0.0}}, {"type": "Feature", "geometry": {"type": "Polygon", "coordinates": [[[127.02229568, 37.64173595], [127.02230494, 37.64162377], [127.02222483, 37.64162073], [127.02221409, 37.64171281], [127.02222418, 37.64171479], [127.02222396, 37.64172992], [127.02229568, 37.64173595]]]}, "properties": {"name": "좌측", "status": "full", "capacity": 1, "active": 1, "industry": "섬유·의복·신발 소매", "vacancy_rate": 0.0, "vacancy_rate_lo": 0.0, "vacancy_rate_hi": 0.0, "stores": 2, "source": "stores+ledger", "capacity_method": "floor_ouln", "active_pip": 0, "licensed": 0, "com_floors": [1], "occ_floors": [1], "unknown_n": 0, "id": "1130510300100390008-1", "pnu": "1130510300100390008", "floors": 0, "height": 0.0}}, {"type": "Feature", "geometry": {"type": "Polygon", "coordinates": [[[127.02170252, 37.64245613], [127.02174875, 37.6424909], [127.02184946, 37.6424106], [127.02178327, 37.64235494], [127.021734, 37.64238936], [127.02175757, 37.64241251], [127.02170252, 37.64245613]]]}, "properties": {"name": "수유동 233", "status": "empty", "capacity": 2, "active": 0, "industry": "", "vacancy_rate": 100.0, "source": "polygon_only", "capacity_method": "floor_approx", "active_pip": 0, "licensed": 0, "id": "1130510300102330000-1", "pnu": "1130510300102330000", "floors": 2, "height": 8.0}}, {"type": "Feature", "geometry": {"type": "Polygon", "coordinates": [[[127.02160998, 37.64179212], [127.02159811, 37.64189456], [127.02168515, 37.64196113], [127.02177464, 37.6418875], [127.02173486, 37.64185174], [127.02174447, 37.64178389], [127.02166901, 37.64178211], [127.02166867, 37.64179238], [127.02160998, 37.64179212]]]}, "properties": {"name": "송림빌딩", "status": "partial", "capacity": 6, "active": 3, "industry": "서양식", "vacancy_rate": 50.0, "vacancy_rate_lo": 50.0, "vacancy_rate_hi": 66.7, "stores": 5, "source": "stores+ledger", "capacity_method": "floor_ouln", "active_pip": 0, "licensed": 0, "com_floors": [1, 2, 3, 4, 5, 6], "occ_floors": [1, 3], "unknown_n": 1, "id": "1130510300100390019-3", "pnu": "1130510300100390019", "floors": 6, "height": 21.095}}, {"type": "Feature", "geometry": {"type": "Polygon", "coordinates": [[[127.02276593, 37.64172215], [127.02260531, 37.64171261], [127.02258218, 37.64193943], [127.02274183, 37.64195219], [127.02276593, 37.64172215]]]}, "properties": {"name": "우림빌딩", "status": "partial", "capacity": 5, "active": 3, "industry": "스포츠 서비스", "vacancy_rate": 40.0, "vacancy_rate_lo": 40.0, "vacancy_rate_hi": 40.0, "stores": 3, "source": "stores+ledger", "capacity_method": "floor_ouln", "active_pip": 0, "licensed": 0, "com_floors": [1, 2, 3, 4, 5], "occ_floors": [3, 4, 5], "unknown_n": 0, "id": "1130510300101880026-1", "pnu": "1130510300101880026", "floors": 5, "height": 23.1}}, {"type": "Feature", "geometry": {"type": "Polygon", "coordinates": [[[127.02005547, 37.64062498], [127.02006056, 37.64055101], [127.01997376, 37.64054554], [127.01992731, 37.64056852], [127.01992358, 37.64061817], [127.02005547, 37.64062498]]]}, "properties": {"name": "수유동 37-41", "status": "full", "capacity": 1, "active": 1, "industry": "의약·화장품 소매", "vacancy_rate": 0.0, "vacancy_rate_lo": 0.0, "vacancy_rate_hi": 100.0, "stores": 1, "source": "stores+ledger", "capacity_method": "floor_ouln", "active_pip": 0, "licensed": 0, "com_floors": [1], "occ_floors": [], "unknown_n": 1, "id": "1130510300100370041-1", "pnu": "1130510300100370041", "floors": 3, "height": 9.5}}, {"type": "Feature", "geometry": {"type": "Polygon", "coordinates": [[[127.02264423, 37.64143775], [127.02275583, 37.64144628], [127.02275651, 37.64144286], [127.02276818, 37.64144295], [127.02277236, 37.64138339], [127.0226467, 37.64137792], [127.02264423, 37.64143775]]]}, "properties": {"name": "수유동 220-36", "status": "empty", "capacity": 4, "active": 0, "industry": "", "vacancy_rate": 100.0, "source": "polygon_only", "capacity_method": "floor_approx", "active_pip": 0, "licensed": 0, "id": "1130510300102200036-1", "pnu": "1130510300102200036", "floors": 4, "height": 11.3}}, {"type": "Feature", "geometry": {"type": "Polygon", "coordinates": [[[127.02187551, 37.64199092], [127.02187731, 37.64196353], [127.02185941, 37.64195425], [127.02178454, 37.64203517], [127.02180675, 37.64204607], [127.02187551, 37.64199092]]]}, "properties": {"name": "수유동 39-1", "status": "full", "capacity": 1, "active": 1, "industry": "한식", "vacancy_rate": 0.0, "vacancy_rate_lo": 0.0, "vacancy_rate_hi": 0.0, "stores": 1, "source": "stores+ledger", "capacity_method": "floor_ouln", "active_pip": 0, "licensed": 0, "com_floors": [1], "occ_floors": [1], "unknown_n": 0, "id": "1130510300100390001-1", "pnu": "1130510300100390001", "floors": 1, "height": 3.9}}, {"type": "Feature", "geometry": {"type": "Polygon", "coordinates": [[[127.02226158, 37.6417373], [127.02210725, 37.64172571], [127.02209459, 37.6418242], [127.02224778, 37.64183696], [127.02226158, 37.6417373]]]}, "properties": {"name": "수유동 39-7", "status": "high", "capacity": 4, "active": 1, "industry": "일식", "vacancy_rate": 75.0, "vacancy_rate_lo": 75.0, "vacancy_rate_hi": 75.0, "stores": 1, "source": "stores+ledger", "capacity_method": "floor_ouln", "active_pip": 0, "licensed": 0, "com_floors": [1, 2, 3, 4], "occ_floors": [1], "unknown_n": 0, "id": "1130510300100390007-1", "pnu": "1130510300100390007", "floors": 5, "height": 18.2}}, {"type": "Feature", "geometry": {"type": "Polygon", "coordinates": [[[127.02093091, 37.64206452], [127.02102906, 37.64214135], [127.02108989, 37.64209521], [127.02098529, 37.64201558], [127.02093091, 37.64206452]]]}, "properties": {"name": "수유동 219-2", "status": "empty", "capacity": 4, "active": 0, "industry": "", "vacancy_rate": 100.0, "source": "polygon_only", "capacity_method": "floor_approx", "active_pip": 0, "licensed": 0, "id": "1130510300102190002-1", "pnu": "1130510300102190002", "floors": 4, "height": 12.0}}, {"type": "Feature", "geometry": {"type": "Polygon", "coordinates": [[[127.02066174, 37.6414236], [127.02059185, 37.64148399], [127.02066904, 37.64154307], [127.02074561, 37.641479], [127.02066174, 37.6414236]]]}, "properties": {"name": "수유동 186-9", "status": "partial", "capacity": 2, "active": 1, "industry": "이용·미용", "vacancy_rate": 50.0, "vacancy_rate_lo": 50.0, "vacancy_rate_hi": 100.0, "stores": 1, "source": "stores+ledger", "capacity_method": "floor_ouln", "active_pip": 0, "licensed": 0, "com_floors": [1, 3], "occ_floors": [], "unknown_n": 1, "id": "1130510300101860009-1", "pnu": "1130510300101860009", "floors": 5, "height": 15.6}}, {"type": "Feature", "geometry": {"type": "Polygon", "coordinates": [[[127.02120403, 37.64184968], [127.02113267, 37.64190825], [127.02117811, 37.64194626], [127.02118468, 37.64194194], [127.02123806, 37.64197878], [127.02130659, 37.64192714], [127.02120403, 37.64184968]]]}, "properties": {"name": "수유동 219-4", "status": "high", "capacity": 3, "active": 1, "industry": "한식", "vacancy_rate": 66.7, "vacancy_rate_lo": 66.7, "vacancy_rate_hi": 66.7, "stores": 1, "source": "stores+ledger", "capacity_method": "floor_ouln", "active_pip": 0, "licensed": 0, "com_floors": [1, 2, 3], "occ_floors": [1], "unknown_n": 0, "id": "1130510300102190004-1", "pnu": "1130510300102190004", "floors": 4, "height": 0.0}}, {"type": "Feature", "geometry": {"type": "Polygon", "coordinates": [[[127.02214339, 37.64149082], [127.02223647, 37.64149762], [127.02223605, 37.64150121], [127.02226482, 37.64150331], [127.02226945, 37.64146655], [127.02227584, 37.64146702], [127.02228356, 37.64140017], [127.02215492, 37.64139101], [127.02214339, 37.64149082]]]}, "properties": {"name": "수유동 39-10", "status": "empty", "capacity": 5, "active": 0, "industry": "", "vacancy_rate": 100.0, "source": "polygon_only", "capacity_method": "floor_approx", "active_pip": 0, "licensed": 0, "id": "1130510300100390010-1", "pnu": "1130510300100390010", "floors": 5, "height": 17.7}}, {"type": "Feature", "geometry": {"type": "Polygon", "coordinates": [[[127.0201946, 37.64103582], [127.02030439, 37.64104642], [127.02031231, 37.64097542], [127.02020455, 37.64096383], [127.0201946, 37.64103582]]]}, "properties": {"name": "수유동 37-1", "status": "full", "capacity": 3, "active": 3, "industry": "세탁", "vacancy_rate": 0.0, "vacancy_rate_lo": 0.0, "vacancy_rate_hi": 33.3, "stores": 2, "source": "stores+ledger", "capacity_method": "floor_ouln", "active_pip": 0, "licensed": 0, "com_floors": [1, 2, 3], "occ_floors": [1, 2], "unknown_n": 1, "id": "1130510300100370001-1", "pnu": "1130510300100370001", "floors": 4, "height": 13.5}}, {"type": "Feature", "geometry": {"type": "Polygon", "coordinates": [[[127.0222183, 37.6421124], [127.02208233, 37.64210386], [127.02207566, 37.64217693], [127.02217755, 37.64226287], [127.02220485, 37.64226512], [127.0222183, 37.6421124]]]}, "properties": {"name": "수유동 39-3", "status": "full", "capacity": 2, "active": 2, "industry": "애완동물·용품 소매", "vacancy_rate": 0.0, "vacancy_rate_lo": 0.0, "vacancy_rate_hi": 50.0, "stores": 2, "source": "stores+ledger", "capacity_method": "floor_ouln", "active_pip": 0, "licensed": 0, "com_floors": [1, 2], "occ_floors": [2], "unknown_n": 1, "id": "1130510300100390003-1", "pnu": "1130510300100390003", "floors": 3, "height": 0.0}}, {"type": "Feature", "geometry": {"type": "Polygon", "coordinates": [[[127.02177502, 37.64202706], [127.02185329, 37.64195263], [127.02177249, 37.64189642], [127.02169308, 37.64197095], [127.02169467, 37.64197959], [127.02169818, 37.64198347], [127.02177502, 37.64202706]]]}, "properties": {"name": "수유동 39-63", "status": "empty", "capacity": 3, "active": 0, "industry": "", "vacancy_rate": 100.0, "source": "polygon_only", "capacity_method": "floor_approx", "active_pip": 0, "licensed": 0, "id": "1130510300100390063-1", "pnu": "1130510300100390063", "floors": 3, "height": 10.1}}, {"type": "Feature", "geometry": {"type": "Polygon", "coordinates": [[[127.01986903, 37.64040626], [127.01973024, 37.64039547], [127.01972176, 37.64047107], [127.01983007, 37.64048024], [127.01986213, 37.64046141], [127.01986903, 37.64040626]]]}, "properties": {"name": "일부", "status": "full", "capacity": 2, "active": 2, "industry": "철물·건설자재 소매", "vacancy_rate": 0.0, "vacancy_rate_lo": 0.0, "vacancy_rate_hi": 0.0, "stores": 3, "source": "stores+ledger", "capacity_method": "floor_ouln", "active_pip": 0, "licensed": 0, "com_floors": [1, 2], "occ_floors": [1, 2], "unknown_n": 0, "id": "1130510300100350001-1", "pnu": "1130510300100350001", "floors": 4, "height": 12.9}}, {"type": "Feature", "geometry": {"type": "Polygon", "coordinates": [[[127.02231476, 37.6403423], [127.02229779, 37.6404625], [127.02241858, 37.64047284], [127.02243092, 37.64046364], [127.02244506, 37.64035228], [127.02231476, 37.6403423]]]}, "properties": {"name": "수유동 30-42", "status": "full", "capacity": 3, "active": 3, "industry": "한식", "vacancy_rate": 0.0, "vacancy_rate_lo": 0.0, "vacancy_rate_hi": 33.3, "stores": 4, "source": "stores+ledger", "capacity_method": "floor_ouln", "active_pip": 0, "licensed": 0, "com_floors": [1, 2, 3], "occ_floors": [1, 2], "unknown_n": 1, "id": "1130510300100300042-1", "pnu": "1130510300100300042", "floors": 3, "height": 0.0}}, {"type": "Feature", "geometry": {"type": "Polygon", "coordinates": [[[127.02030666, 37.64104147], [127.020318, 37.64104228], [127.02032568, 37.64097542], [127.02031559, 37.64097443], [127.02030666, 37.64104147]]]}, "properties": {"name": "수유동 37-1", "status": "full", "capacity": 3, "active": 3, "industry": "세탁", "vacancy_rate": 0.0, "vacancy_rate_lo": 0.0, "vacancy_rate_hi": 33.3, "stores": 2, "source": "stores+ledger", "capacity_method": "floor_ouln", "active_pip": 0, "licensed": 0, "com_floors": [1, 2, 3], "occ_floors": [1, 2], "unknown_n": 1, "id": "1130510300100370001-2", "pnu": "1130510300100370001", "floors": 0, "height": 0.0}}, {"type": "Feature", "geometry": {"type": "Polygon", "coordinates": [[[127.02052081, 37.64103918], [127.02052817, 37.64102278], [127.02046199, 37.64100189], [127.02045328, 37.64101901], [127.02052081, 37.64103918]]]}, "properties": {"name": "동", "status": "full", "capacity": 1, "active": 1, "industry": "이용·미용", "vacancy_rate": 0.0, "vacancy_rate_lo": 0.0, "vacancy_rate_hi": 0.0, "stores": 2, "source": "stores+ledger", "capacity_method": "floor_ouln", "active_pip": 0, "licensed": 0, "com_floors": [1], "occ_floors": [1], "unknown_n": 0, "id": "1130510300100370043-2", "pnu": "1130510300100370043", "floors": 0, "height": 0.0}}, {"type": "Feature", "geometry": {"type": "Polygon", "coordinates": [[[127.02004925, 37.64065419], [127.02005174, 37.6406285], [127.01992925, 37.64062257], [127.01992711, 37.64064682], [127.02004925, 37.64065419]]]}, "properties": {"name": "수유동 37-41", "status": "full", "capacity": 1, "active": 1, "industry": "의약·화장품 소매", "vacancy_rate": 0.0, "vacancy_rate_lo": 0.0, "vacancy_rate_hi": 100.0, "stores": 1, "source": "stores+ledger", "capacity_method": "floor_ouln", "active_pip": 0, "licensed": 0, "com_floors": [1], "occ_floors": [], "unknown_n": 1, "id": "1130510300100370041-2", "pnu": "1130510300100370041", "floors": 0, "height": 0.0}}, {"type": "Feature", "geometry": {"type": "Polygon", "coordinates": [[[127.02081509, 37.64155242], [127.0207231, 37.64162766], [127.02074962, 37.64164694], [127.02084228, 37.64157088], [127.02081509, 37.64155242]]]}, "properties": {"name": "전부", "status": "full", "capacity": 2, "active": 2, "industry": "한식", "vacancy_rate": 0.0, "vacancy_rate_lo": 0.0, "vacancy_rate_hi": 0.0, "stores": 3, "source": "stores+ledger", "capacity_method": "floor_ouln", "active_pip": 0, "licensed": 0, "com_floors": [1, 2], "occ_floors": [1, 2], "unknown_n": 0, "id": "1130510300101860005-1", "pnu": "1130510300101860005", "floors": 0, "height": 0.0}}, {"type": "Feature", "geometry": {"type": "Polygon", "coordinates": [[[127.02075643, 37.64166586], [127.02092313, 37.64178918], [127.02095077, 37.64176611], [127.0207869, 37.64164198], [127.02075643, 37.64166586]]]}, "properties": {"name": "전부", "status": "full", "capacity": 2, "active": 2, "industry": "한식", "vacancy_rate": 0.0, "vacancy_rate_lo": 0.0, "vacancy_rate_hi": 0.0, "stores": 3, "source": "stores+ledger", "capacity_method": "floor_ouln", "active_pip": 0, "licensed": 0, "com_floors": [1, 2], "occ_floors": [1, 2], "unknown_n": 0, "id": "1130510300101860005-2", "pnu": "1130510300101860005", "floors": 0, "height": 0.0}}, {"type": "Feature", "geometry": {"type": "Polygon", "coordinates": [[[127.02137057, 37.64021337], [127.02136673, 37.64024607], [127.02141375, 37.64024814], [127.02141635, 37.64021696], [127.02137057, 37.64021337]]]}, "properties": {"name": "수유중앙시장", "status": "full", "capacity": 3, "active": 3, "industry": "식료품 소매", "vacancy_rate": 0.0, "vacancy_rate_lo": 0.0, "vacancy_rate_hi": 33.3, "stores": 18, "source": "stores+ledger", "capacity_method": "floor_ouln", "active_pip": 0, "licensed": 0, "com_floors": [1, 2, 3], "occ_floors": [1, 2], "unknown_n": 1, "id": "1130510300100320002-5", "pnu": "1130510300100320002", "floors": 0, "height": 0.0}}, {"type": "Feature", "geometry": {"type": "Polygon", "coordinates": [[[127.0214133, 37.6402521], [127.0213656, 37.64024895], [127.02135655, 37.64032257], [127.02140731, 37.64032661], [127.0214133, 37.6402521]]]}, "properties": {"name": "수유중앙시장", "status": "full", "capacity": 3, "active": 3, "industry": "식료품 소매", "vacancy_rate": 0.0, "vacancy_rate_lo": 0.0, "vacancy_rate_hi": 33.3, "stores": 18, "source": "stores+ledger", "capacity_method": "floor_ouln", "active_pip": 0, "licensed": 0, "com_floors": [1, 2, 3], "occ_floors": [1, 2], "unknown_n": 1, "id": "1130510300100320002-6", "pnu": "1130510300100320002", "floors": 0, "height": 0.0}}, {"type": "Feature", "geometry": {"type": "Polygon", "coordinates": [[[127.02135011, 37.640376], [127.02134231, 37.64044735], [127.021395, 37.6404523], [127.02140155, 37.64038013], [127.02135011, 37.640376]]]}, "properties": {"name": "수유중앙시장", "status": "full", "capacity": 3, "active": 3, "industry": "식료품 소매", "vacancy_rate": 0.0, "vacancy_rate_lo": 0.0, "vacancy_rate_hi": 33.3, "stores": 18, "source": "stores+ledger", "capacity_method": "floor_ouln", "active_pip": 0, "licensed": 0, "com_floors": [1, 2, 3], "occ_floors": [1, 2], "unknown_n": 1, "id": "1130510300100320002-7", "pnu": "1130510300100320002", "floors": 0, "height": 0.0}}, {"type": "Feature", "geometry": {"type": "Polygon", "coordinates": [[[127.0213422, 37.64045285], [127.02133949, 37.64048366], [127.02139172, 37.64048825], [127.02139477, 37.640455], [127.0213422, 37.64045285]]]}, "properties": {"name": "수유중앙시장", "status": "full", "capacity": 3, "active": 3, "industry": "식료품 소매", "vacancy_rate": 0.0, "vacancy_rate_lo": 0.0, "vacancy_rate_hi": 33.3, "stores": 18, "source": "stores+ledger", "capacity_method": "floor_ouln", "active_pip": 0, "licensed": 0, "com_floors": [1, 2, 3], "occ_floors": [1, 2], "unknown_n": 1, "id": "1130510300100320002-8", "pnu": "1130510300100320002", "floors": 0, "height": 0.0}}, {"type": "Feature", "geometry": {"type": "Polygon", "coordinates": [[[127.02139297, 37.64049032], [127.0213379, 37.64048718], [127.0213353, 37.64052242], [127.02139048, 37.64052681], [127.02139297, 37.64049032]]]}, "properties": {"name": "수유중앙시장", "status": "full", "capacity": 3, "active": 3, "industry": "식료품 소매", "vacancy_rate": 0.0, "vacancy_rate_lo": 0.0, "vacancy_rate_hi": 33.3, "stores": 18, "source": "stores+ledger", "capacity_method": "floor_ouln", "active_pip": 0, "licensed": 0, "com_floors": [1, 2, 3], "occ_floors": [1, 2], "unknown_n": 1, "id": "1130510300100320002-9", "pnu": "1130510300100320002", "floors": 0, "height": 0.0}}, {"type": "Feature", "geometry": {"type": "Polygon", "coordinates": [[[127.0213335, 37.6405662], [127.02133181, 37.64058836], [127.02138336, 37.64059196], [127.02138404, 37.64056989], [127.0213335, 37.6405662]]]}, "properties": {"name": "수유중앙시장", "status": "full", "capacity": 3, "active": 3, "industry": "식료품 소매", "vacancy_rate": 0.0, "vacancy_rate_lo": 0.0, "vacancy_rate_hi": 33.3, "stores": 18, "source": "stores+ledger", "capacity_method": "floor_ouln", "active_pip": 0, "licensed": 0, "com_floors": [1, 2, 3], "occ_floors": [1, 2], "unknown_n": 1, "id": "1130510300100320002-10", "pnu": "1130510300100320002", "floors": 0, "height": 0.0}}, {"type": "Feature", "geometry": {"type": "Polygon", "coordinates": [[[127.0198171, 37.64152322], [127.01981791, 37.64162521], [127.01989485, 37.64162664], [127.01989632, 37.64163736], [127.01995592, 37.64163843], [127.01995705, 37.64162483], [127.02013279, 37.64163065], [127.02013358, 37.64163516], [127.02017822, 37.64163668], [127.02017948, 37.64163073], [127.02027793, 37.64163441], [127.02026557, 37.64200408], [127.02039406, 37.64200857], [127.02040869, 37.64164196], [127.02032235, 37.64163882], [127.02032179, 37.64162693], [127.02027793, 37.64162693], [127.02027971, 37.64153107], [127.0198171, 37.64152322]]]}, "properties": {"name": "수유벽산1차", "status": "high", "capacity": 10, "active": 2, "industry": "섬유·의복·신발 소매", "vacancy_rate": 80.0, "vacancy_rate_lo": null, "vacancy_rate_hi": null, "stores": 2, "source": "stores+ledger", "capacity_method": "expos_units", "active_pip": 0, "licensed": 0, "com_floors": null, "occ_floors": null, "unknown_n": null, "id": "1130510300102050000-2", "pnu": "1130510300102050000", "floors": 12, "height": 40.4}}, {"type": "Feature", "geometry": {"type": "Polygon", "coordinates": [[[127.02007508, 37.64063301], [127.02019088, 37.64064145], [127.02019878, 37.64055512], [127.02007324, 37.64054804], [127.02006941, 37.64059525], [127.02007687, 37.64059579], [127.02007508, 37.64063301]]]}, "properties": {"name": "수유동 37-32", "status": "empty", "capacity": 2, "active": 0, "industry": "", "vacancy_rate": 100.0, "source": "polygon_only", "capacity_method": "floor_approx", "active_pip": 0, "licensed": 0, "id": "1130510300100370032-1", "pnu": "1130510300100370032", "floors": 2, "height": 0.0}}, {"type": "Feature", "geometry": {"type": "Polygon", "coordinates": [[[127.0202984, 37.64064296], [127.02029535, 37.64067117], [127.02036118, 37.64067341], [127.02036468, 37.64064683], [127.02036818, 37.64057502], [127.02027606, 37.64056693], [127.0202414, 37.64058648], [127.02024005, 37.64063955], [127.0202984, 37.64064296]]]}, "properties": {"name": "수유동 37-30", "status": "full", "capacity": 1, "active": 1, "industry": "기타 간이", "vacancy_rate": 0.0, "vacancy_rate_lo": 0.0, "vacancy_rate_hi": 0.0, "stores": 2, "source": "stores+ledger", "capacity_method": "floor_ouln", "active_pip": 0, "licensed": 0, "com_floors": [1], "occ_floors": [1], "unknown_n": 0, "id": "1130510300100370030-1", "pnu": "1130510300100370030", "floors": 2, "height": 5.7}}, {"type": "Feature", "geometry": {"type": "Polygon", "coordinates": [[[127.02119682, 37.64078363], [127.02127851, 37.64078731], [127.02128594, 37.64064054], [127.02120311, 37.64063731], [127.02119682, 37.64078363]]]}, "properties": {"name": "수유동 38-31", "status": "full", "capacity": 1, "active": 1, "industry": "식료품 소매", "vacancy_rate": 0.0, "vacancy_rate_lo": 0.0, "vacancy_rate_hi": 100.0, "stores": 1, "source": "stores+ledger", "capacity_method": "floor_ouln", "active_pip": 0, "licensed": 0, "com_floors": [1], "occ_floors": [], "unknown_n": 1, "id": "1130510300100380031-1", "pnu": "1130510300100380031", "floors": 2, "height": 7.1}}, {"type": "Feature", "geometry": {"type": "Polygon", "coordinates": [[[127.02101995, 37.64075348], [127.02103169, 37.64064284], [127.02098613, 37.64061167], [127.02090116, 37.64060943], [127.02089359, 37.64069358], [127.02095522, 37.64069772], [127.02095025, 37.64074691], [127.02101995, 37.64075348]]]}, "properties": {"name": "우측", "status": "full", "capacity": 1, "active": 1, "industry": "식료품 소매", "vacancy_rate": 0.0, "vacancy_rate_lo": 0.0, "vacancy_rate_hi": 0.0, "stores": 3, "source": "stores+ledger", "capacity_method": "floor_ouln", "active_pip": 0, "licensed": 0, "com_floors": [1], "occ_floors": [1], "unknown_n": 0, "id": "1130510300100370012-1", "pnu": "1130510300100370012", "floors": 2, "height": 0.0}}, {"type": "Feature", "geometry": {"type": "Polygon", "coordinates": [[[127.0198959, 37.64088504], [127.01987565, 37.6409983], [127.02001241, 37.64100818], [127.02002382, 37.64089124], [127.0198959, 37.64088504]]]}, "properties": {"name": "수유동 37-37", "status": "full", "capacity": 1, "active": 1, "industry": "한식", "vacancy_rate": 0.0, "vacancy_rate_lo": 0.0, "vacancy_rate_hi": 0.0, "stores": 1, "source": "stores+ledger", "capacity_method": "floor_ouln", "active_pip": 0, "licensed": 0, "com_floors": [1], "occ_floors": [1], "unknown_n": 0, "id": "1130510300100370037-2", "pnu": "1130510300100370037", "floors": 4, "height": 13.4}}, {"type": "Feature", "geometry": {"type": "Polygon", "coordinates": [[[127.02103833, 37.6417051], [127.02087537, 37.64156872], [127.02079585, 37.64163558], [127.02096221, 37.64176899], [127.02103833, 37.6417051]]]}, "properties": {"name": "전부", "status": "full", "capacity": 2, "active": 2, "industry": "한식", "vacancy_rate": 0.0, "vacancy_rate_lo": 0.0, "vacancy_rate_hi": 0.0, "stores": 3, "source": "stores+ledger", "capacity_method": "floor_ouln", "active_pip": 0, "licensed": 0, "com_floors": [1, 2], "occ_floors": [1, 2], "unknown_n": 0, "id": "1130510300101860005-3", "pnu": "1130510300101860005", "floors": 3, "height": 0.0}}, {"type": "Feature", "geometry": {"type": "Polygon", "coordinates": [[[127.02044205, 37.64140446], [127.02050684, 37.64134425], [127.02046162, 37.64131768], [127.02045313, 37.64132382], [127.02040633, 37.64129778], [127.02034958, 37.64135321], [127.02041836, 37.64139842], [127.02042493, 37.64139401], [127.02044205, 37.64140446]]]}, "properties": {"name": "수유동 220-19", "status": "full", "capacity": 2, "active": 2, "industry": "종합 소매", "vacancy_rate": 0.0, "vacancy_rate_lo": 0.0, "vacancy_rate_hi": 0.0, "stores": 2, "source": "stores+ledger", "capacity_method": "floor_ouln", "active_pip": 0, "licensed": 0, "com_floors": [1, 2], "occ_floors": [1, 2], "unknown_n": 0, "id": "1130510300102200019-1", "pnu": "1130510300102200019", "floors": 4, "height": 12.9}}, {"type": "Feature", "geometry": {"type": "Polygon", "coordinates": [[[127.02082709, 37.64154007], [127.0207506, 37.64148513], [127.02067153, 37.64154649], [127.02074984, 37.64160432], [127.02082709, 37.64154007]]]}, "properties": {"name": "수유동 186-8", "status": "full", "capacity": 1, "active": 1, "industry": "자동차 수리·세차", "vacancy_rate": 0.0, "vacancy_rate_lo": 0.0, "vacancy_rate_hi": 100.0, "stores": 1, "source": "stores+ledger", "capacity_method": "floor_ouln", "active_pip": 0, "licensed": 0, "com_floors": [1], "occ_floors": [], "unknown_n": 1, "id": "1130510300101860008-1", "pnu": "1130510300101860008", "floors": 5, "height": 15.6}}, {"type": "Feature", "geometry": {"type": "Polygon", "coordinates": [[[127.01993466, 37.64135985], [127.02004536, 37.64137046], [127.02004932, 37.64134659], [127.02006587, 37.64134721], [127.02007345, 37.64130739], [127.01999855, 37.64130344], [127.01993964, 37.64131669], [127.01993466, 37.64135985]]]}, "properties": {"name": "수유동 211-1", "status": "high", "capacity": 3, "active": 1, "industry": "이용·미용", "vacancy_rate": 66.7, "vacancy_rate_lo": 66.7, "vacancy_rate_hi": 66.7, "stores": 1, "source": "stores+ledger", "capacity_method": "floor_ouln", "active_pip": 0, "licensed": 0, "com_floors": [1, 2, 3], "occ_floors": [1], "unknown_n": 0, "id": "1130510300102110001-1", "pnu": "1130510300102110001", "floors": 3, "height": 10.3}}, {"type": "Feature", "geometry": {"type": "Polygon", "coordinates": [[[127.01996224, 37.64024938], [127.01995784, 37.64030975], [127.02008315, 37.64031612], [127.02008461, 37.64025558], [127.01996224, 37.64024938]]]}, "properties": {"name": "수유동 32-11", "status": "empty", "capacity": 4, "active": 0, "industry": "", "vacancy_rate": 100.0, "source": "polygon_only", "capacity_method": "floor_approx", "active_pip": 0, "licensed": 0, "id": "1130510300100320011-1", "pnu": "1130510300100320011", "floors": 4, "height": 12.2}}, {"type": "Feature", "geometry": {"type": "Polygon", "coordinates": [[[127.01969052, 37.64059712], [127.0198505, 37.64060836], [127.01985389, 37.64057187], [127.01982442, 37.64053763], [127.01970251, 37.64052819], [127.01969052, 37.64059712]]]}, "properties": {"name": "서측첫번째점포", "status": "full", "capacity": 1, "active": 1, "industry": "한식", "vacancy_rate": 0.0, "vacancy_rate_lo": 0.0, "vacancy_rate_hi": 0.0, "stores": 4, "source": "stores+ledger", "capacity_method": "floor_ouln", "active_pip": 0, "licensed": 0, "com_floors": [1], "occ_floors": [1], "unknown_n": 0, "id": "1130510300100360004-1", "pnu": "1130510300100360004", "floors": 3, "height": 0.0}}, {"type": "Feature", "geometry": {"type": "Polygon", "coordinates": [[[127.02118136, 37.64104915], [127.02107882, 37.64104196], [127.0210639, 37.64115324], [127.02108361, 37.64115431], [127.02108192, 37.64117756], [127.02116554, 37.64118556], [127.02118136, 37.64104915]]]}, "properties": {"name": "수유동 38-22", "status": "full", "capacity": 1, "active": 1, "industry": "식료품 소매", "vacancy_rate": 0.0, "vacancy_rate_lo": 0.0, "vacancy_rate_hi": 0.0, "stores": 3, "source": "stores+ledger", "capacity_method": "floor_ouln", "active_pip": 0, "licensed": 0, "com_floors": [1], "occ_floors": [1], "unknown_n": 0, "id": "1130510300100380022-1", "pnu": "1130510300100380022", "floors": 4, "height": 12.3}}, {"type": "Feature", "geometry": {"type": "Polygon", "coordinates": [[[127.02081074, 37.64044116], [127.02080502, 37.6404772], [127.02095382, 37.64048705], [127.02096087, 37.64041558], [127.02091401, 37.64041331], [127.02091115, 37.64044311], [127.02081074, 37.64044116]]]}, "properties": {"name": "수유동 32-25", "status": "partial", "capacity": 2, "active": 1, "industry": "기타 간이", "vacancy_rate": 50.0, "vacancy_rate_lo": 50.0, "vacancy_rate_hi": 50.0, "stores": 1, "source": "stores+ledger", "capacity_method": "floor_ouln", "active_pip": 0, "licensed": 0, "com_floors": [1, 2], "occ_floors": [1], "unknown_n": 0, "id": "1130510300100320025-1", "pnu": "1130510300100320025", "floors": 0, "height": 0.0}}, {"type": "Feature", "geometry": {"type": "Polygon", "coordinates": [[[127.01998145, 37.64128267], [127.02005129, 37.64129059], [127.02006564, 37.64119713], [127.01999531, 37.64119235], [127.01998145, 37.64128267]]]}, "properties": {"name": "수유동 186-15", "status": "full", "capacity": 2, "active": 2, "industry": "기타 간이", "vacancy_rate": 0.0, "vacancy_rate_lo": 0.0, "vacancy_rate_hi": 0.0, "stores": 2, "source": "stores+ledger", "capacity_method": "floor_ouln", "active_pip": 0, "licensed": 0, "com_floors": [1, 2], "occ_floors": [1, 2], "unknown_n": 0, "id": "1130510300101860015-1", "pnu": "1130510300101860015", "floors": 2, "height": 7.2}}, {"type": "Feature", "geometry": {"type": "Polygon", "coordinates": [[[127.02051535, 37.64041849], [127.02050228, 37.64052506], [127.02061889, 37.64053511], [127.02062726, 37.64044389], [127.02063188, 37.64040013], [127.0205935, 37.64039754], [127.02058986, 37.64042352], [127.02051681, 37.64041859], [127.02051535, 37.64041849]]]}, "properties": {"name": "일부", "status": "full", "capacity": 1, "active": 1, "industry": "기타 가정용품 수리", "vacancy_rate": 0.0, "vacancy_rate_lo": 0.0, "vacancy_rate_hi": 0.0, "stores": 3, "source": "stores+ledger", "capacity_method": "floor_ouln", "active_pip": 0, "licensed": 0, "com_floors": [1], "occ_floors": [1], "unknown_n": 0, "id": "1130510300100320020-1", "pnu": "1130510300100320020", "floors": 2, "height": 6.0}}, {"type": "Feature", "geometry": {"type": "Polygon", "coordinates": [[[127.02059591, 37.64140948], [127.02051035, 37.64134922], [127.0204561, 37.64140599], [127.02053293, 37.64146201], [127.02059591, 37.64140948]]]}, "properties": {"name": "일부우측", "status": "partial", "capacity": 3, "active": 2, "industry": "일반 교육", "vacancy_rate": 33.3, "vacancy_rate_lo": 33.3, "vacancy_rate_hi": 33.3, "stores": 3, "source": "stores+ledger", "capacity_method": "floor_ouln", "active_pip": 0, "licensed": 0, "com_floors": [1, 2, 3], "occ_floors": [1, 2], "unknown_n": 0, "id": "1130510300102200018-1", "pnu": "1130510300102200018", "floors": 5, "height": 0.0}}, {"type": "Feature", "geometry": {"type": "Polygon", "coordinates": [[[127.02065659, 37.64119476], [127.02071016, 37.64113303], [127.02059639, 37.64107593], [127.02054791, 37.64113369], [127.02065659, 37.64119476]]]}, "properties": {"name": "수유동 37-50", "status": "partial", "capacity": 2, "active": 1, "industry": "자동차 수리·세차", "vacancy_rate": 50.0, "vacancy_rate_lo": 50.0, "vacancy_rate_hi": 50.0, "stores": 1, "source": "stores+ledger", "capacity_method": "floor_ouln", "active_pip": 0, "licensed": 0, "com_floors": [1, 2], "occ_floors": [1], "unknown_n": 0, "id": "1130510300100370050-2", "pnu": "1130510300100370050", "floors": 3, "height": 12.2}}, {"type": "Feature", "geometry": {"type": "Polygon", "coordinates": [[[127.01913999, 37.64197698], [127.01914058, 37.64208482], [127.01918127, 37.64208635], [127.01918173, 37.64209194], [127.01925832, 37.64209328], [127.01925855, 37.64209733], [127.01930897, 37.64209822], [127.0193084, 37.64209183], [127.01938647, 37.64209281], [127.01938658, 37.6420883], [127.01947632, 37.64209117], [127.01947632, 37.64209802], [127.0195383, 37.64209891], [127.01953852, 37.64209187], [127.01956197, 37.64209295], [127.01956311, 37.64210503], [127.01960639, 37.64210584], [127.01960696, 37.64209267], [127.01963041, 37.64209312], [127.01963109, 37.6421006], [127.01968174, 37.64210149], [127.01968151, 37.64209627], [127.01975437, 37.6420986], [127.01975482, 37.64210391], [127.01983447, 37.64210552], [127.0198347, 37.64209976], [127.01985702, 37.64210056], [127.01985748, 37.64211237], [127.01990676, 37.64211344], [127.01990653, 37.64210524], [127.02003128, 37.64211036], [127.02002357, 37.6425058], [127.02006912, 37.64250633], [127.02006946, 37.6424875], [127.02015489, 37.64248911], [127.02016555, 37.64210844], [127.02009394, 37.64210629], [127.0200928, 37.64206368], [127.02003127, 37.64206242], [127.02003318, 37.64199575], [127.01913999, 37.64197698]]]}, "properties": {"name": "수유벽산1차", "status": "high", "capacity": 10, "active": 2, "industry": "섬유·의복·신발 소매", "vacancy_rate": 80.0, "vacancy_rate_lo": null, "vacancy_rate_hi": null, "stores": 2, "source": "stores+ledger", "capacity_method": "expos_units", "active_pip": 0, "licensed": 0, "com_floors": null, "occ_floors": null, "unknown_n": null, "id": "1130510300102050000-3", "pnu": "1130510300102050000", "floors": 15, "height": 40.4}}, {"type": "Feature", "geometry": {"type": "Polygon", "coordinates": [[[127.02055768, 37.64160995], [127.0205487, 37.64195908], [127.02063844, 37.64196231], [127.02064092, 37.64190501], [127.02070913, 37.64190842], [127.02071047, 37.64185959], [127.02077721, 37.64186119], [127.0207816, 37.64172974], [127.02071701, 37.64172786], [127.02071632, 37.64167101], [127.0206463, 37.64166993], [127.02064628, 37.6416102], [127.02055768, 37.64160995]]]}, "properties": {"name": "수유벽산1차", "status": "high", "capacity": 10, "active": 2, "industry": "섬유·의복·신발 소매", "vacancy_rate": 80.0, "vacancy_rate_lo": null, "vacancy_rate_hi": null, "stores": 2, "source": "stores+ledger", "capacity_method": "expos_units", "active_pip": 0, "licensed": 0, "com_floors": null, "occ_floors": null, "unknown_n": null, "id": "1130510300102050000-4", "pnu": "1130510300102050000", "floors": 3, "height": 10.5}}, {"type": "Feature", "geometry": {"type": "Polygon", "coordinates": [[[127.02110759, 37.64136785], [127.02103167, 37.64135291], [127.02102421, 37.64143318], [127.02111623, 37.64149831], [127.02117253, 37.64145172], [127.02110703, 37.64139839], [127.02110759, 37.64136785]]]}, "properties": {"name": "수유동 38-1", "status": "empty", "capacity": 2, "active": 0, "industry": "", "vacancy_rate": 100.0, "source": "polygon_only", "capacity_method": "floor_approx", "active_pip": 0, "licensed": 0, "id": "1130510300100380001-1", "pnu": "1130510300100380001", "floors": 2, "height": 6.0}}, {"type": "Feature", "geometry": {"type": "Polygon", "coordinates": [[[127.02088858, 37.64061493], [127.02081346, 37.64061098], [127.02080216, 37.64070973], [127.02088034, 37.64071485], [127.02088858, 37.64061493]]]}, "properties": {"name": "수유동 37-42", "status": "empty", "capacity": 4, "active": 0, "industry": "", "vacancy_rate": 100.0, "source": "polygon_only", "capacity_method": "floor_approx", "active_pip": 0, "licensed": 0, "id": "1130510300100370042-1", "pnu": "1130510300100370042", "floors": 4, "height": 12.4}}, {"type": "Feature", "geometry": {"type": "Polygon", "coordinates": [[[127.02277423, 37.64119067], [127.02266975, 37.64118547], [127.02266378, 37.64127791], [127.02276621, 37.64128456], [127.02277423, 37.64119067]]]}, "properties": {"name": "수유동 220-34", "status": "partial", "capacity": 2, "active": 1, "industry": "섬유·의복·신발 소매", "vacancy_rate": 50.0, "vacancy_rate_lo": 50.0, "vacancy_rate_hi": 100.0, "stores": 2, "source": "stores+ledger", "capacity_method": "floor_ouln", "active_pip": 0, "licensed": 0, "com_floors": [1, 2], "occ_floors": [], "unknown_n": 1, "id": "1130510300102200034-1", "pnu": "1130510300102200034", "floors": 3, "height": 0.0}}, {"type": "Feature", "geometry": {"type": "Polygon", "coordinates": [[[127.02258062, 37.64202853], [127.02274106, 37.64203923], [127.02274897, 37.64195625], [127.02258864, 37.64194447], [127.02258062, 37.64202853]]]}, "properties": {"name": "수유동 188-27", "status": "empty", "capacity": 3, "active": 0, "industry": "", "vacancy_rate": 100.0, "source": "polygon_only", "capacity_method": "floor_approx", "active_pip": 0, "licensed": 0, "id": "1130510300101880027-1", "pnu": "1130510300101880027", "floors": 3, "height": 10.9}}, {"type": "Feature", "geometry": {"type": "Polygon", "coordinates": [[[127.02080024, 37.64048768], [127.02079452, 37.64055053], [127.02095734, 37.64056131], [127.02096197, 37.64049968], [127.02080024, 37.64048768]]]}, "properties": {"name": "수유동 32-25", "status": "partial", "capacity": 2, "active": 1, "industry": "기타 간이", "vacancy_rate": 50.0, "vacancy_rate_lo": 50.0, "vacancy_rate_hi": 50.0, "stores": 1, "source": "stores+ledger", "capacity_method": "floor_ouln", "active_pip": 0, "licensed": 0, "com_floors": [1, 2], "occ_floors": [1], "unknown_n": 0, "id": "1130510300100320025-2", "pnu": "1130510300100320025", "floors": 2, "height": 0.0}}, {"type": "Feature", "geometry": {"type": "Polygon", "coordinates": [[[127.02136989, 37.64020904], [127.02141385, 37.64021111], [127.02141804, 37.64018173], [127.02137351, 37.64017877], [127.02136989, 37.64020904]]]}, "properties": {"name": "수유중앙시장", "status": "full", "capacity": 3, "active": 3, "industry": "식료품 소매", "vacancy_rate": 0.0, "vacancy_rate_lo": 0.0, "vacancy_rate_hi": 33.3, "stores": 18, "source": "stores+ledger", "capacity_method": "floor_ouln", "active_pip": 0, "licensed": 0, "com_floors": [1, 2, 3], "occ_floors": [1, 2], "unknown_n": 1, "id": "1130510300100320002-11", "pnu": "1130510300100320002", "floors": 0, "height": 0.0}}, {"type": "Feature", "geometry": {"type": "Polygon", "coordinates": [[[127.02088611, 37.64069782], [127.02088046, 37.6407471], [127.02094776, 37.64075196], [127.02095364, 37.64070051], [127.02088611, 37.64069782]]]}, "properties": {"name": "우측", "status": "full", "capacity": 1, "active": 1, "industry": "식료품 소매", "vacancy_rate": 0.0, "vacancy_rate_lo": 0.0, "vacancy_rate_hi": 0.0, "stores": 3, "source": "stores+ledger", "capacity_method": "floor_ouln", "active_pip": 0, "licensed": 0, "com_floors": [1], "occ_floors": [1], "unknown_n": 0, "id": "1130510300100370012-2", "pnu": "1130510300100370012", "floors": 0, "height": 0.0}}, {"type": "Feature", "geometry": {"type": "Polygon", "coordinates": [[[127.02124358, 37.64147423], [127.02126939, 37.64147616], [127.02128095, 37.64140448], [127.0211673, 37.64139378], [127.0211664, 37.64140685], [127.02124358, 37.64147423]]]}, "properties": {"name": "수유동 38-30", "status": "empty", "capacity": 1, "active": 0, "industry": "", "vacancy_rate": 100.0, "source": "polygon_only", "capacity_method": "floor_approx", "active_pip": 0, "licensed": 0, "id": "1130510300100380030-1", "pnu": "1130510300100380030", "floors": 1, "height": 3.0}}, {"type": "Feature", "geometry": {"type": "Polygon", "coordinates": [[[127.02037312, 37.64045537], [127.02036555, 37.64052069], [127.02048929, 37.64053292], [127.02049594, 37.64046373], [127.02037312, 37.64045537]]]}, "properties": {"name": "수유동 32-18", "status": "empty", "capacity": 2, "active": 0, "industry": "", "vacancy_rate": 100.0, "source": "polygon_only", "capacity_method": "floor_approx", "active_pip": 0, "licensed": 0, "id": "1130510300100320018-1", "pnu": "1130510300100320018", "floors": 2, "height": 0.0}}, {"type": "Feature", "geometry": {"type": "Polygon", "coordinates": [[[127.02128678, 37.64078605], [127.02132224, 37.6407883], [127.02132348, 37.64075721], [127.0212887, 37.64075488], [127.02128678, 37.64078605]]]}, "properties": {"name": "수유동 38-19", "status": "full", "capacity": 1, "active": 1, "industry": "식료품 소매", "vacancy_rate": 0.0, "vacancy_rate_lo": 0.0, "vacancy_rate_hi": 0.0, "stores": 1, "source": "stores+ledger", "capacity_method": "floor_ouln", "active_pip": 0, "licensed": 0, "com_floors": [1], "occ_floors": [1], "unknown_n": 0, "id": "1130510300100380019-2", "pnu": "1130510300100380019", "floors": 0, "height": 0.0}}, {"type": "Feature", "geometry": {"type": "Polygon", "coordinates": [[[127.0224151, 37.64060123], [127.02242254, 37.64048203], [127.0223566, 37.64047934], [127.02234463, 37.64059728], [127.0224151, 37.64060123]]]}, "properties": {"name": "수유동 30-25", "status": "full", "capacity": 2, "active": 2, "industry": "한식", "vacancy_rate": 0.0, "vacancy_rate_lo": 0.0, "vacancy_rate_hi": 50.0, "stores": 5, "source": "stores+ledger", "capacity_method": "floor_ouln", "active_pip": 0, "licensed": 0, "com_floors": [1, 2], "occ_floors": [1], "unknown_n": 1, "id": "1130510300100300025-1", "pnu": "1130510300100300025", "floors": 0, "height": 0.0}}, {"type": "Feature", "geometry": {"type": "Polygon", "coordinates": [[[127.02099509, 37.64101224], [127.02100785, 37.64086872], [127.0209316, 37.64086486], [127.02092764, 37.64090098], [127.0209222, 37.6409008], [127.02091293, 37.64098127], [127.02092325, 37.64098279], [127.02092121, 37.6410083], [127.02099509, 37.64101224]]]}, "properties": {"name": "일부", "status": "full", "capacity": 1, "active": 1, "industry": "기타 개인", "vacancy_rate": 0.0, "vacancy_rate_lo": 0.0, "vacancy_rate_hi": 0.0, "stores": 2, "source": "stores+ledger", "capacity_method": "floor_ouln", "active_pip": 0, "licensed": 0, "com_floors": [1], "occ_floors": [1], "unknown_n": 0, "id": "1130510300100370006-1", "pnu": "1130510300100370006", "floors": 3, "height": 9.8}}, {"type": "Feature", "geometry": {"type": "Polygon", "coordinates": [[[127.02139215, 37.64079135], [127.02151033, 37.64080052], [127.02150762, 37.64083944], [127.02163237, 37.64084869], [127.02164728, 37.64070832], [127.02164706, 37.64070075], [127.0216432, 37.64069345], [127.02163833, 37.64068723], [127.02140764, 37.64066251], [127.02139215, 37.64079135]]]}, "properties": {"name": "수유빌딩", "status": "partial", "capacity": 4, "active": 2, "industry": "식료품 소매", "vacancy_rate": 50.0, "vacancy_rate_lo": 50.0, "vacancy_rate_hi": 75.0, "stores": 3, "source": "stores+ledger", "capacity_method": "floor_ouln", "active_pip": 0, "licensed": 0, "com_floors": [1, 2, 3, 4], "occ_floors": [1], "unknown_n": 1, "id": "1130510300100380018-1", "pnu": "1130510300100380018", "floors": 4, "height": 14.1}}, {"type": "Feature", "geometry": {"type": "Polygon", "coordinates": [[[127.0221714, 37.64064686], [127.02217738, 37.64054415], [127.02204413, 37.64053895], [127.02203396, 37.64063716], [127.0221714, 37.64064686]]]}, "properties": {"name": "중간", "status": "full", "capacity": 1, "active": 1, "industry": "이용·미용", "vacancy_rate": 0.0, "vacancy_rate_lo": 0.0, "vacancy_rate_hi": 0.0, "stores": 3, "source": "stores+ledger", "capacity_method": "floor_ouln", "active_pip": 0, "licensed": 0, "com_floors": [1], "occ_floors": [1], "unknown_n": 0, "id": "1130510300100300001-1", "pnu": "1130510300100300001", "floors": 2, "height": 0.0}}, {"type": "Feature", "geometry": {"type": "Polygon", "coordinates": [[[127.02220537, 37.64172794], [127.02221294, 37.64162911], [127.02219356, 37.64162893], [127.02219368, 37.64164307], [127.02216377, 37.64164128], [127.02216354, 37.64162272], [127.02210586, 37.64162084], [127.02209716, 37.64169986], [127.02212459, 37.64172381], [127.02220537, 37.64172794]]]}, "properties": {"name": "좌측", "status": "full", "capacity": 1, "active": 1, "industry": "섬유·의복·신발 소매", "vacancy_rate": 0.0, "vacancy_rate_lo": 0.0, "vacancy_rate_hi": 0.0, "stores": 2, "source": "stores+ledger", "capacity_method": "floor_ouln", "active_pip": 0, "licensed": 0, "com_floors": [1], "occ_floors": [1], "unknown_n": 0, "id": "1130510300100390008-2", "pnu": "1130510300100390008", "floors": 2, "height": 0.0}}, {"type": "Feature", "geometry": {"type": "Polygon", "coordinates": [[[127.02211477, 37.64070958], [127.02210833, 37.64079698], [127.02225711, 37.64080911], [127.02225509, 37.64085038], [127.02235627, 37.64085874], [127.0223714, 37.64072485], [127.02211477, 37.64070958]]]}, "properties": {"name": "일부", "status": "full", "capacity": 3, "active": 3, "industry": "한식", "vacancy_rate": 0.0, "vacancy_rate_lo": 0.0, "vacancy_rate_hi": 0.0, "stores": 9, "source": "stores+ledger", "capacity_method": "floor_ouln", "active_pip": 0, "licensed": 0, "com_floors": [1, 2, 3], "occ_floors": [1, 2, 3], "unknown_n": 0, "id": "1130510300100390030-2", "pnu": "1130510300100390030", "floors": 3, "height": 0.0}}, {"type": "Feature", "geometry": {"type": "Polygon", "coordinates": [[[127.02230834, 37.64049151], [127.02230552, 37.64053728], [127.02228739, 37.64053683], [127.02228411, 37.64055818], [127.02221987, 37.64055702], [127.0222175, 37.64058486], [127.02234111, 37.64058863], [127.02235173, 37.64049249], [127.02230834, 37.64049151]]]}, "properties": {"name": "수유동 30-25", "status": "full", "capacity": 2, "active": 2, "industry": "한식", "vacancy_rate": 0.0, "vacancy_rate_lo": 0.0, "vacancy_rate_hi": 50.0, "stores": 5, "source": "stores+ledger", "capacity_method": "floor_ouln", "active_pip": 0, "licensed": 0, "com_floors": [1, 2], "occ_floors": [1], "unknown_n": 1, "id": "1130510300100300025-2", "pnu": "1130510300100300025", "floors": 0, "height": 0.0}}, {"type": "Feature", "geometry": {"type": "Polygon", "coordinates": [[[127.02241013, 37.64066493], [127.02241419, 37.64060555], [127.02234236, 37.64060133], [127.02234168, 37.64059106], [127.02224469, 37.64058657], [127.02220549, 37.64060171], [127.02220483, 37.64064757], [127.02229264, 37.64065342], [127.02229207, 37.64065891], [127.02241013, 37.64066493]]]}, "properties": {"name": "수유동 30-25", "status": "full", "capacity": 2, "active": 2, "industry": "한식", "vacancy_rate": 0.0, "vacancy_rate_lo": 0.0, "vacancy_rate_hi": 50.0, "stores": 5, "source": "stores+ledger", "capacity_method": "floor_ouln", "active_pip": 0, "licensed": 0, "com_floors": [1, 2], "occ_floors": [1], "unknown_n": 1, "id": "1130510300100300025-3", "pnu": "1130510300100300025", "floors": 2, "height": 7.8}}, {"type": "Feature", "geometry": {"type": "Polygon", "coordinates": [[[127.02186892, 37.64076837], [127.02187275, 37.64069116], [127.0217812, 37.64068433], [127.02173781, 37.64070316], [127.02173534, 37.64077759], [127.02181148, 37.64078208], [127.02181091, 37.64076505], [127.02186892, 37.64076837]]]}, "properties": {"name": "수유동 39-54", "status": "partial", "capacity": 2, "active": 1, "industry": "기타 간이", "vacancy_rate": 50.0, "vacancy_rate_lo": 50.0, "vacancy_rate_hi": 50.0, "stores": 2, "source": "stores+ledger", "capacity_method": "floor_ouln", "active_pip": 0, "licensed": 0, "com_floors": [1, 2], "occ_floors": [1], "unknown_n": 0, "id": "1130510300100390054-1", "pnu": "1130510300100390054", "floors": 3, "height": 0.0}}, {"type": "Feature", "geometry": {"type": "Polygon", "coordinates": [[[127.02134283, 37.64095032], [127.02158083, 37.64096688], [127.0215907, 37.64087723], [127.0213527, 37.64086067], [127.02134283, 37.64095032]]]}, "properties": {"name": "수유동 38-17", "status": "empty", "capacity": 4, "active": 0, "industry": "", "vacancy_rate": 100.0, "source": "polygon_only", "capacity_method": "floor_approx", "active_pip": 0, "licensed": 0, "id": "1130510300100380017-1", "pnu": "1130510300100380017", "floors": 4, "height": 12.6}}, {"type": "Feature", "geometry": {"type": "Polygon", "coordinates": [[[127.02224733, 37.64184119], [127.02209844, 37.64183023], [127.02208669, 37.6419352], [127.02223625, 37.64194959], [127.02224733, 37.64184119]]]}, "properties": {"name": "태현빌딩", "status": "partial", "capacity": 3, "active": 2, "industry": "한식", "vacancy_rate": 33.3, "vacancy_rate_lo": 33.3, "vacancy_rate_hi": 33.3, "stores": 1, "source": "stores+ledger", "capacity_method": "floor_ouln", "active_pip": 0, "licensed": 0, "com_floors": [1, 3, 5], "occ_floors": [1, 5], "unknown_n": 0, "id": "1130510300100390006-1", "pnu": "1130510300100390006", "floors": 5, "height": 18.3}}, {"type": "Feature", "geometry": {"type": "Polygon", "coordinates": [[[127.02232439, 37.64111409], [127.02220961, 37.64110969], [127.02219109, 37.64134359], [127.02221783, 37.64134476], [127.02221738, 37.64135287], [127.02222871, 37.64135304], [127.02222837, 37.64135926], [127.02230644, 37.64136058], [127.02232439, 37.64111409]]]}, "properties": {"name": "수유동 39-29", "status": "empty", "capacity": 4, "active": 0, "industry": "", "vacancy_rate": 100.0, "source": "polygon_only", "capacity_method": "floor_approx", "active_pip": 0, "licensed": 0, "id": "1130510300100390029-1", "pnu": "1130510300100390029", "floors": 4, "height": 12.3}}, {"type": "Feature", "geometry": {"type": "Polygon", "coordinates": [[[127.02221028, 37.64108924], [127.02233333, 37.64109976], [127.02234486, 37.64098966], [127.02223518, 37.64098517], [127.02223179, 37.64101211], [127.02221944, 37.64101239], [127.02221028, 37.64108924]]]}, "properties": {"name": "수유동 39-46", "status": "full", "capacity": 1, "active": 1, "industry": "섬유·의복·신발 소매", "vacancy_rate": 0.0, "vacancy_rate_lo": 0.0, "vacancy_rate_hi": 0.0, "stores": 2, "source": "stores+ledger", "capacity_method": "floor_ouln", "active_pip": 0, "licensed": 0, "com_floors": [1], "occ_floors": [1], "unknown_n": 0, "id": "1130510300100390046-2", "pnu": "1130510300100390046", "floors": 4, "height": 14.1}}, {"type": "Feature", "geometry": {"type": "Polygon", "coordinates": [[[127.02210699, 37.64159354], [127.02227434, 37.64160297], [127.02227795, 37.64153323], [127.02220498, 37.64152955], [127.02220362, 37.64151558], [127.02212464, 37.64151236], [127.02212294, 37.64151893], [127.02210946, 37.64151957], [127.02210699, 37.64159354]]]}, "properties": {"name": "수유동 39-9", "status": "full", "capacity": 1, "active": 1, "industry": "자동차 수리·세차", "vacancy_rate": 0.0, "vacancy_rate_lo": 0.0, "vacancy_rate_hi": 100.0, "stores": 1, "source": "stores+ledger", "capacity_method": "floor_ouln", "active_pip": 0, "licensed": 0, "com_floors": [1], "occ_floors": [], "unknown_n": 1, "id": "1130510300100390009-1", "pnu": "1130510300100390009", "floors": 2, "height": 0.0}}, {"type": "Feature", "geometry": {"type": "Polygon", "coordinates": [[[127.02339785, 37.64155717], [127.02344815, 37.64152022], [127.02346013, 37.641432], [127.02337186, 37.6414255], [127.02335844, 37.64154448], [127.02339785, 37.64155717]]]}, "properties": {"name": "수유동 194-1", "status": "full", "capacity": 1, "active": 1, "industry": "비알코올 ", "vacancy_rate": 0.0, "vacancy_rate_lo": 0.0, "vacancy_rate_hi": 0.0, "stores": 3, "source": "stores+ledger", "capacity_method": "floor_ouln", "active_pip": 0, "licensed": 0, "com_floors": [1], "occ_floors": [1], "unknown_n": 0, "id": "1130510300101940001-1", "pnu": "1130510300101940001", "floors": 3, "height": 0.0}}, {"type": "Feature", "geometry": {"type": "Polygon", "coordinates": [[[127.02300776, 37.64237142], [127.02283384, 37.64249303], [127.02292878, 37.6425789], [127.02310271, 37.64245729], [127.02300776, 37.64237142]]]}, "properties": {"name": "수유동 188-2", "status": "full", "capacity": 2, "active": 2, "industry": "비알코올 ", "vacancy_rate": 0.0, "vacancy_rate_lo": 0.0, "vacancy_rate_hi": 100.0, "stores": 2, "source": "stores+ledger", "capacity_method": "floor_ouln", "active_pip": 0, "licensed": 0, "com_floors": [1, 2], "occ_floors": [], "unknown_n": 2, "id": "1130510300101880002-1", "pnu": "1130510300101880002", "floors": 2, "height": 10.6}}, {"type": "Feature", "geometry": {"type": "Polygon", "coordinates": [[[127.02282569, 37.64091577], [127.02270684, 37.64090643], [127.02270108, 37.64099166], [127.02281869, 37.64100155], [127.02282569, 37.64091577]]]}, "properties": {"name": "수유동 220-32", "status": "full", "capacity": 2, "active": 2, "industry": "주점", "vacancy_rate": 0.0, "vacancy_rate_lo": 0.0, "vacancy_rate_hi": 0.0, "stores": 1, "source": "stores+ledger", "capacity_method": "floor_ouln", "active_pip": 0, "licensed": 0, "com_floors": [1, 2], "occ_floors": [1, 2], "unknown_n": 0, "id": "1130510300102200032-1", "pnu": "1130510300102200032", "floors": 3, "height": 7.1}}, {"type": "Feature", "geometry": {"type": "Polygon", "coordinates": [[[127.02319834, 37.64050215], [127.02319495, 37.64054837], [127.02321478, 37.64054927], [127.02321873, 37.64050305], [127.02319834, 37.64050215]]]}, "properties": {"name": "일부호", "status": "full", "capacity": 2, "active": 2, "industry": "기타 교육", "vacancy_rate": 0.0, "vacancy_rate_lo": 0.0, "vacancy_rate_hi": 50.0, "stores": 3, "source": "stores+ledger", "capacity_method": "floor_ouln", "active_pip": 0, "licensed": 0, "com_floors": [1, 2], "occ_floors": [2], "unknown_n": 1, "id": "1130510300102210008-1", "pnu": "1130510300102210008", "floors": 0, "height": 0.0}}, {"type": "Feature", "geometry": {"type": "Polygon", "coordinates": [[[127.023064, 37.64065084], [127.02305688, 37.64071742], [127.0231439, 37.64072524], [127.02314401, 37.64071839], [127.02320973, 37.64072334], [127.0232139, 37.64064297], [127.02308564, 37.64063533], [127.023064, 37.64065084]]]}, "properties": {"name": "일부", "status": "full", "capacity": 2, "active": 2, "industry": "동남아시아", "vacancy_rate": 0.0, "vacancy_rate_lo": 0.0, "vacancy_rate_hi": 50.0, "stores": 1, "source": "stores+ledger", "capacity_method": "floor_ouln", "active_pip": 0, "licensed": 0, "com_floors": [1, 2], "occ_floors": [1], "unknown_n": 1, "id": "1130510300102200048-1", "pnu": "1130510300102200048", "floors": 4, "height": 13.4}}, {"type": "Feature", "geometry": {"type": "Polygon", "coordinates": [[[127.02372597, 37.64118247], [127.02377479, 37.64114165], [127.02375552, 37.64112615], [127.02380752, 37.64109037], [127.02378213, 37.6410656], [127.02367746, 37.64114554], [127.02372597, 37.64118247]]]}, "properties": {"name": "수유동 194-15", "status": "high", "capacity": 3, "active": 1, "industry": "일반 숙박", "vacancy_rate": 66.7, "vacancy_rate_lo": 66.7, "vacancy_rate_hi": 100.0, "stores": 1, "source": "stores+ledger", "capacity_method": "floor_ouln", "active_pip": 0, "licensed": 0, "com_floors": [1, 2, 3], "occ_floors": [], "unknown_n": 1, "id": "1130510300101940015-1", "pnu": "1130510300101940015", "floors": 0, "height": 0.0}}, {"type": "Feature", "geometry": {"type": "Polygon", "coordinates": [[[127.02422843, 37.64071358], [127.02402357, 37.64070209], [127.0240055, 37.64085103], [127.02408254, 37.64085714], [127.02408503, 37.64083416], [127.02421771, 37.64084522], [127.02422843, 37.64071358]]]}, "properties": {"name": "제", "status": "full", "capacity": 3, "active": 3, "industry": "한식", "vacancy_rate": 0.0, "vacancy_rate_lo": 0.0, "vacancy_rate_hi": 0.0, "stores": 4, "source": "stores+ledger", "capacity_method": "floor_ouln", "active_pip": 0, "licensed": 0, "com_floors": [1, 2, 3], "occ_floors": [1, 2, 3], "unknown_n": 0, "id": "1130510300101940037-1", "pnu": "1130510300101940037", "floors": 4, "height": 0.0}}, {"type": "Feature", "geometry": {"type": "Polygon", "coordinates": [[[127.02353925, 37.64047478], [127.02347433, 37.64047164], [127.02346653, 37.6405421], [127.02349849, 37.64057714], [127.0235641, 37.6405828], [127.02357166, 37.64049919], [127.0235396, 37.64049721], [127.02353925, 37.64047478]]]}, "properties": {"name": "우측호실전체", "status": "full", "capacity": 1, "active": 1, "industry": "일식", "vacancy_rate": 0.0, "vacancy_rate_lo": 0.0, "vacancy_rate_hi": 0.0, "stores": 1, "source": "stores+ledger", "capacity_method": "floor_ouln", "active_pip": 0, "licensed": 0, "com_floors": [1], "occ_floors": [1], "unknown_n": 0, "id": "1130510300102220001-1", "pnu": "1130510300102220001", "floors": 3, "height": 0.0}}, {"type": "Feature", "geometry": {"type": "Polygon", "coordinates": [[[127.0237322, 37.64118832], [127.02381052, 37.6412566], [127.02389864, 37.64119351], [127.02390068, 37.64116954], [127.02382475, 37.64111406], [127.0237322, 37.64118832]]]}, "properties": {"name": "수유동 194-15", "status": "high", "capacity": 3, "active": 1, "industry": "일반 숙박", "vacancy_rate": 66.7, "vacancy_rate_lo": 66.7, "vacancy_rate_hi": 100.0, "stores": 1, "source": "stores+ledger", "capacity_method": "floor_ouln", "active_pip": 0, "licensed": 0, "com_floors": [1, 2, 3], "occ_floors": [], "unknown_n": 1, "id": "1130510300101940015-2", "pnu": "1130510300101940015", "floors": 3, "height": 0.0}}, {"type": "Feature", "geometry": {"type": "Polygon", "coordinates": [[[127.02317065, 37.6422088], [127.02320805, 37.64224293], [127.02325824, 37.64220644], [127.02321993, 37.64216977], [127.02317065, 37.6422088]]]}, "properties": {"name": "현광빌딩", "status": "full", "capacity": 3, "active": 3, "industry": "컴퓨터 수리", "vacancy_rate": 0.0, "vacancy_rate_lo": 0.0, "vacancy_rate_hi": 0.0, "stores": 15, "source": "stores+ledger", "capacity_method": "floor_ouln", "active_pip": 0, "licensed": 0, "com_floors": [1, 2, 3], "occ_floors": [1, 2, 3], "unknown_n": 0, "id": "1130510300101880006-1", "pnu": "1130510300101880006", "floors": 0, "height": 0.0}}, {"type": "Feature", "geometry": {"type": "Polygon", "coordinates": [[[127.02350236, 37.64204223], [127.02327919, 37.64219724], [127.023377, 37.64228327], [127.02359858, 37.64212483], [127.02350236, 37.64204223]]]}, "properties": {"name": "대광빌딩", "status": "partial", "capacity": 5, "active": 4, "industry": "한식", "vacancy_rate": 20.0, "vacancy_rate_lo": 20.0, "vacancy_rate_hi": 60.0, "stores": 6, "source": "stores+ledger", "capacity_method": "floor_ouln", "active_pip": 0, "licensed": 0, "com_floors": [1, 2, 3, 4, 5], "occ_floors": [1, 2], "unknown_n": 2, "id": "1130510300101880007-1", "pnu": "1130510300101880007", "floors": 5, "height": 0.0}}, {"type": "Feature", "geometry": {"type": "Polygon", "coordinates": [[[127.02423051, 37.64153095], [127.02413524, 37.6415972], [127.02414737, 37.6416062], [127.02419268, 37.64157195], [127.02420378, 37.64158114], [127.02424615, 37.64154618], [127.02423051, 37.64153095]]]}, "properties": {"name": "길", "status": "full", "capacity": 2, "active": 2, "industry": "주점", "vacancy_rate": 0.0, "vacancy_rate_lo": 0.0, "vacancy_rate_hi": 0.0, "stores": 7, "source": "stores+ledger", "capacity_method": "floor_ouln", "active_pip": 0, "licensed": 0, "com_floors": [1, 2], "occ_floors": [1, 2], "unknown_n": 0, "id": "1130510300101890006-1", "pnu": "1130510300101890006", "floors": 0, "height": 0.0}}, {"type": "Feature", "geometry": {"type": "Polygon", "coordinates": [[[127.02413127, 37.64159945], [127.02410511, 37.64161766], [127.02414047, 37.64164693], [127.02421183, 37.64159195], [127.02419313, 37.64157502], [127.02414771, 37.64161025], [127.02413127, 37.64159945]]]}, "properties": {"name": "길", "status": "full", "capacity": 2, "active": 2, "industry": "주점", "vacancy_rate": 0.0, "vacancy_rate_lo": 0.0, "vacancy_rate_hi": 0.0, "stores": 7, "source": "stores+ledger", "capacity_method": "floor_ouln", "active_pip": 0, "licensed": 0, "com_floors": [1, 2], "occ_floors": [1, 2], "unknown_n": 0, "id": "1130510300101890006-2", "pnu": "1130510300101890006", "floors": 0, "height": 0.0}}, {"type": "Feature", "geometry": {"type": "Polygon", "coordinates": [[[127.02345226, 37.64201755], [127.0233979, 37.64205892], [127.02341852, 37.64207712], [127.02347346, 37.64203656], [127.02345226, 37.64201755]]]}, "properties": {"name": "대광빌딩", "status": "partial", "capacity": 5, "active": 4, "industry": "한식", "vacancy_rate": 20.0, "vacancy_rate_lo": 20.0, "vacancy_rate_hi": 60.0, "stores": 6, "source": "stores+ledger", "capacity_method": "floor_ouln", "active_pip": 0, "licensed": 0, "com_floors": [1, 2, 3, 4, 5], "occ_floors": [1, 2], "unknown_n": 2, "id": "1130510300101880007-2", "pnu": "1130510300101880007", "floors": 0, "height": 0.0}}, {"type": "Feature", "geometry": {"type": "Polygon", "coordinates": [[[127.02436903, 37.64208476], [127.02434479, 37.64210432], [127.02435624, 37.64211459], [127.02438172, 37.64209729], [127.02436903, 37.64208476]]]}, "properties": {"name": "일부", "status": "full", "capacity": 1, "active": 1, "industry": "유원지·오락", "vacancy_rate": 0.0, "vacancy_rate_lo": 0.0, "vacancy_rate_hi": 0.0, "stores": 3, "source": "stores+ledger", "capacity_method": "floor_ouln", "active_pip": 0, "licensed": 0, "com_floors": [1], "occ_floors": [1], "unknown_n": 0, "id": "1130510300101780028-1", "pnu": "1130510300101780028", "floors": 0, "height": 0.0}}, {"type": "Feature", "geometry": {"type": "Polygon", "coordinates": [[[127.02422426, 37.64218102], [127.02420092, 37.64219769], [127.0242135, 37.64221264], [127.02423865, 37.64219588], [127.02422426, 37.64218102]]]}, "properties": {"name": "수유동 178-27", "status": "high", "capacity": 3, "active": 1, "industry": "기타 간이", "vacancy_rate": 66.7, "vacancy_rate_lo": 66.7, "vacancy_rate_hi": 66.7, "stores": 2, "source": "stores+ledger", "capacity_method": "floor_ouln", "active_pip": 0, "licensed": 0, "com_floors": [1, 2, 3], "occ_floors": [1], "unknown_n": 0, "id": "1130510300101780027-1", "pnu": "1130510300101780027", "floors": 0, "height": 0.0}}, {"type": "Feature", "geometry": {"type": "Polygon", "coordinates": [[[127.02398915, 37.64218349], [127.02400876, 37.64220043], [127.02410108, 37.64213041], [127.02408272, 37.64211599], [127.02398915, 37.64218349]]]}, "properties": {"name": "동보빌딩", "status": "full", "capacity": 3, "active": 3, "industry": "한식", "vacancy_rate": 0.0, "vacancy_rate_lo": 0.0, "vacancy_rate_hi": 33.3, "stores": 3, "source": "stores+ledger", "capacity_method": "floor_ouln", "active_pip": 0, "licensed": 0, "com_floors": [1, 2, 3], "occ_floors": [1, 2], "unknown_n": 1, "id": "1130510300101780002-1", "pnu": "1130510300101780002", "floors": 0, "height": 0.0}}, {"type": "Feature", "geometry": {"type": "Polygon", "coordinates": [[[127.02420802, 37.64205867], [127.02412011, 37.64212112], [127.02420319, 37.64219174], [127.02428747, 37.64213424], [127.02420802, 37.64205867]]]}, "properties": {"name": "수유동 178-27", "status": "high", "capacity": 3, "active": 1, "industry": "기타 간이", "vacancy_rate": 66.7, "vacancy_rate_lo": 66.7, "vacancy_rate_hi": 66.7, "stores": 2, "source": "stores+ledger", "capacity_method": "floor_ouln", "active_pip": 0, "licensed": 0, "com_floors": [1, 2, 3], "occ_floors": [1], "unknown_n": 0, "id": "1130510300101780027-2", "pnu": "1130510300101780027", "floors": 3, "height": 0.0}}, {"type": "Feature", "geometry": {"type": "Polygon", "coordinates": [[[127.02486712, 37.64207114], [127.02478386, 37.64213053], [127.02484801, 37.64219053], [127.02479658, 37.64222757], [127.02485257, 37.64227657], [127.02496358, 37.64220177], [127.0249723, 37.64216221], [127.02486712, 37.64207114]]]}, "properties": {"name": "세창해피텔", "status": "full", "capacity": 1, "active": 1, "industry": "도서관·사적지", "vacancy_rate": 0.0, "vacancy_rate_lo": 0.0, "vacancy_rate_hi": 0.0, "stores": 3, "source": "stores+ledger", "capacity_method": "floor_ouln", "active_pip": 0, "licensed": 0, "com_floors": [1], "occ_floors": [1], "unknown_n": 0, "id": "1130510300101780010-1", "pnu": "1130510300101780010", "floors": 5, "height": 13.8}}, {"type": "Feature", "geometry": {"type": "Polygon", "coordinates": [[[127.02400524, 37.64251074], [127.02379204, 37.64232031], [127.02367944, 37.64239899], [127.0238932, 37.64258878], [127.02400524, 37.64251074]]]}, "properties": {"name": "일부", "status": "full", "capacity": 1, "active": 1, "industry": "한식", "vacancy_rate": 0.0, "vacancy_rate_lo": 0.0, "vacancy_rate_hi": 0.0, "stores": 3, "source": "stores+ledger", "capacity_method": "floor_ouln", "active_pip": 0, "licensed": 0, "com_floors": [1], "occ_floors": [1], "unknown_n": 0, "id": "1130510300101820042-1", "pnu": "1130510300101820042", "floors": 1, "height": 0.0}}, {"type": "Feature", "geometry": {"type": "Polygon", "coordinates": [[[127.02463545, 37.64187081], [127.02456179, 37.64180442], [127.02434271, 37.64196089], [127.02441615, 37.64202646], [127.02463545, 37.64187081]]]}, "properties": {"name": "수유동 178-34", "status": "full", "capacity": 1, "active": 1, "industry": "한식", "vacancy_rate": 0.0, "vacancy_rate_lo": 0.0, "vacancy_rate_hi": 0.0, "stores": 2, "source": "stores+ledger", "capacity_method": "floor_ouln", "active_pip": 0, "licensed": 0, "com_floors": [1], "occ_floors": [1], "unknown_n": 0, "id": "1130510300101780034-1", "pnu": "1130510300101780034", "floors": 1, "height": 5.0}}, {"type": "Feature", "geometry": {"type": "Polygon", "coordinates": [[[127.02412476, 37.64174478], [127.02405663, 37.64168137], [127.02395377, 37.6417541], [127.02402417, 37.64181283], [127.02412476, 37.64174478]]]}, "properties": {"name": "수유동 189-3", "status": "full", "capacity": 2, "active": 2, "industry": "주점", "vacancy_rate": 0.0, "vacancy_rate_lo": 0.0, "vacancy_rate_hi": 0.0, "stores": 3, "source": "stores+ledger", "capacity_method": "floor_ouln", "active_pip": 0, "licensed": 0, "com_floors": [1, 2], "occ_floors": [1, 2], "unknown_n": 0, "id": "1130510300101890003-1", "pnu": "1130510300101890003", "floors": 3, "height": 0.0}}, {"type": "Feature", "geometry": {"type": "Polygon", "coordinates": [[[127.02356251, 37.64200276], [127.02365476, 37.64208167], [127.02376713, 37.64199577], [127.0236768, 37.64191659], [127.02356251, 37.64200276]]]}, "properties": {"name": "수유동 189-1", "status": "partial", "capacity": 5, "active": 4, "industry": "종합 소매", "vacancy_rate": 20.0, "vacancy_rate_lo": 20.0, "vacancy_rate_hi": 60.0, "stores": 4, "source": "stores+ledger", "capacity_method": "floor_ouln", "active_pip": 0, "licensed": 0, "com_floors": [1, 2, 3, 4, 5], "occ_floors": [3, 5], "unknown_n": 2, "id": "1130510300101890001-1", "pnu": "1130510300101890001", "floors": 7, "height": 26.1}}, {"type": "Feature", "geometry": {"type": "Polygon", "coordinates": [[[127.02308753, 37.64234108], [127.0231783, 37.64241801], [127.02335684, 37.64229147], [127.02326538, 37.64221355], [127.02323751, 37.64223446], [127.02323456, 37.64223356], [127.02308753, 37.64234108]]]}, "properties": {"name": "현광빌딩", "status": "full", "capacity": 3, "active": 3, "industry": "컴퓨터 수리", "vacancy_rate": 0.0, "vacancy_rate_lo": 0.0, "vacancy_rate_hi": 0.0, "stores": 15, "source": "stores+ledger", "capacity_method": "floor_ouln", "active_pip": 0, "licensed": 0, "com_floors": [1, 2, 3], "occ_floors": [1, 2, 3], "unknown_n": 0, "id": "1130510300101880006-2", "pnu": "1130510300101880006", "floors": 3, "height": 0.0}}, {"type": "Feature", "geometry": {"type": "Polygon", "coordinates": [[[127.02310237, 37.64161434], [127.0231631, 37.64161622], [127.023164, 37.641591], [127.02310497, 37.64158884], [127.02310237, 37.64161434]]]}, "properties": {"name": "제일빌딩", "status": "full", "capacity": 2, "active": 2, "industry": "섬유·의복·신발 소매", "vacancy_rate": 0.0, "vacancy_rate_lo": 0.0, "vacancy_rate_hi": 0.0, "stores": 2, "source": "stores+ledger", "capacity_method": "floor_ouln", "active_pip": 0, "licensed": 0, "com_floors": [1, 2], "occ_floors": [1, 2], "unknown_n": 0, "id": "1130510300102200070-1", "pnu": "1130510300102200070", "floors": 0, "height": 0.0}}, {"type": "Feature", "geometry": {"type": "Polygon", "coordinates": [[[127.02419662, 37.64220256], [127.02411037, 37.64213239], [127.02387396, 37.64230821], [127.0239907, 37.64240767], [127.02407991, 37.64234466], [127.02403826, 37.64231124], [127.02419662, 37.64220256]]]}, "properties": {"name": "동보빌딩", "status": "full", "capacity": 3, "active": 3, "industry": "한식", "vacancy_rate": 0.0, "vacancy_rate_lo": 0.0, "vacancy_rate_hi": 33.3, "stores": 3, "source": "stores+ledger", "capacity_method": "floor_ouln", "active_pip": 0, "licensed": 0, "com_floors": [1, 2, 3], "occ_floors": [1, 2], "unknown_n": 1, "id": "1130510300101780002-2", "pnu": "1130510300101780002", "floors": 3, "height": 9.4}}, {"type": "Feature", "geometry": {"type": "Polygon", "coordinates": [[[127.02500003, 37.64175883], [127.02499346, 37.64175315], [127.02494849, 37.64178668], [127.02498316, 37.64181307], [127.02500004, 37.64179946], [127.02502451, 37.64177982], [127.02500003, 37.64175883]]]}, "properties": {"name": "흥부네빌딩", "status": "full", "capacity": 3, "active": 3, "industry": "의약·화장품 소매", "vacancy_rate": 0.0, "vacancy_rate_lo": 0.0, "vacancy_rate_hi": 0.0, "stores": 6, "source": "stores+ledger", "capacity_method": "floor_ouln", "active_pip": 0, "licensed": 0, "com_floors": [1, 2, 4], "occ_floors": [1, 2, 4], "unknown_n": 0, "id": "1130510300101780045-1", "pnu": "1130510300101780045", "floors": 0, "height": 0.0}}, {"type": "Feature", "geometry": {"type": "Polygon", "coordinates": [[[127.02447681, 37.64207233], [127.02468104, 37.64192818], [127.02463769, 37.64188934], [127.02443345, 37.64203349], [127.02447681, 37.64207233]]]}, "properties": {"name": "청솔하이빌", "status": "full", "capacity": 1, "active": 1, "industry": "한식", "vacancy_rate": 0.0, "vacancy_rate_lo": null, "vacancy_rate_hi": null, "stores": 1, "source": "stores+ledger", "capacity_method": "expos_units", "active_pip": 0, "licensed": 0, "com_floors": null, "occ_floors": null, "unknown_n": null, "id": "1130510300101780032-1", "pnu": "1130510300101780032", "floors": 5, "height": 14.8}}, {"type": "Feature", "geometry": {"type": "Polygon", "coordinates": [[[127.02530222, 37.64254059], [127.0260062, 37.64203623], [127.02600068, 37.64203108], [127.02592948, 37.64196749], [127.02594261, 37.64196051], [127.02576307, 37.64179689], [127.02575187, 37.64180247], [127.02574926, 37.64179707], [127.02540917, 37.64204044], [127.02541713, 37.64204746], [127.02504406, 37.64231382], [127.0250836, 37.64235293], [127.02507146, 37.64236161], [127.02512171, 37.64240735], [127.02511415, 37.64241724], [127.02516794, 37.64246705], [127.02517993, 37.64245744], [127.02523449, 37.642507], [127.02524662, 37.64249832], [127.02526105, 37.64251108], [127.02526501, 37.6425077], [127.02530222, 37.64254059]]]}, "properties": {"name": "칸타빌수유팰리스", "status": "partial", "capacity": 9, "active": 7, "industry": "세탁", "vacancy_rate": 22.2, "vacancy_rate_lo": null, "vacancy_rate_hi": null, "stores": 7, "source": "stores+ledger+pip", "capacity_method": "expos_units", "active_pip": 2, "licensed": 0, "com_floors": null, "occ_floors": null, "unknown_n": null, "id": "1130510300107410000-1", "pnu": "1130510300107410000", "floors": 15, "height": 45.55}}, {"type": "Feature", "geometry": {"type": "Polygon", "coordinates": [[[127.02554404, 37.6415359], [127.02547222, 37.64159196], [127.02557378, 37.64168393], [127.02552903, 37.64171737], [127.02558367, 37.6417688], [127.02567156, 37.64170544], [127.02567688, 37.64165814], [127.02554404, 37.6415359]]]}, "properties": {"name": "태림빌딩", "status": "full", "capacity": 2, "active": 2, "industry": "주점", "vacancy_rate": 0.0, "vacancy_rate_lo": 0.0, "vacancy_rate_hi": 0.0, "stores": 7, "source": "stores+ledger", "capacity_method": "floor_ouln", "active_pip": 0, "licensed": 0, "com_floors": [1, 2], "occ_floors": [1, 2], "unknown_n": 0, "id": "1130510300101780016-1", "pnu": "1130510300101780016", "floors": 4, "height": 12.4}}, {"type": "Feature", "geometry": {"type": "Polygon", "coordinates": [[[127.0251548, 37.64188181], [127.02512646, 37.64185324], [127.02507808, 37.64188754], [127.02508908, 37.64189658], [127.02506653, 37.64191379], [127.02508564, 37.64193132], [127.0251548, 37.64188181]]]}, "properties": {"name": "흥부네빌딩", "status": "full", "capacity": 3, "active": 3, "industry": "의약·화장품 소매", "vacancy_rate": 0.0, "vacancy_rate_lo": 0.0, "vacancy_rate_hi": 0.0, "stores": 6, "source": "stores+ledger", "capacity_method": "floor_ouln", "active_pip": 0, "licensed": 0, "com_floors": [1, 2, 4], "occ_floors": [1, 2, 4], "unknown_n": 0, "id": "1130510300101780045-2", "pnu": "1130510300101780045", "floors": 0, "height": 0.0}}, {"type": "Feature", "geometry": {"type": "Polygon", "coordinates": [[[127.02511851, 37.64197198], [127.02519886, 37.64204206], [127.02527827, 37.64198411], [127.0251935, 37.64190979], [127.02511851, 37.64197198]]]}, "properties": {"name": "수유동 178-40", "status": "full", "capacity": 1, "active": 1, "industry": "세탁", "vacancy_rate": 0.0, "vacancy_rate_lo": 0.0, "vacancy_rate_hi": 0.0, "stores": 1, "source": "stores+ledger", "capacity_method": "floor_ouln", "active_pip": 0, "licensed": 0, "com_floors": [1], "occ_floors": [1], "unknown_n": 0, "id": "1130510300101780040-1", "pnu": "1130510300101780040", "floors": 2, "height": 0.0}}, {"type": "Feature", "geometry": {"type": "Polygon", "coordinates": [[[127.02527878, 37.64147488], [127.02513575, 37.64135318], [127.02500005, 37.64145115], [127.02495508, 37.64148431], [127.02500007, 37.64152367], [127.02509482, 37.64160646], [127.02527878, 37.64147488]]]}, "properties": {"name": "수유동 178-18", "status": "full", "capacity": 2, "active": 2, "industry": "한식", "vacancy_rate": 0.0, "vacancy_rate_lo": 0.0, "vacancy_rate_hi": 0.0, "stores": 4, "source": "stores+ledger", "capacity_method": "floor_ouln", "active_pip": 0, "licensed": 0, "com_floors": [1, 2], "occ_floors": [1, 2], "unknown_n": 0, "id": "1130510300101780018-1", "pnu": "1130510300101780018", "floors": 2, "height": 0.0}}, {"type": "Feature", "geometry": {"type": "Polygon", "coordinates": [[[127.0247489, 37.64127974], [127.02466911, 37.64120588], [127.02459548, 37.64125897], [127.02467425, 37.6413321], [127.0247489, 37.64127974]]]}, "properties": {"name": "수유동 189-30", "status": "full", "capacity": 1, "active": 1, "industry": "중고 상품 소매", "vacancy_rate": 0.0, "vacancy_rate_lo": 0.0, "vacancy_rate_hi": 0.0, "stores": 1, "source": "stores+ledger", "capacity_method": "floor_ouln", "active_pip": 0, "licensed": 0, "com_floors": [1], "occ_floors": [1], "unknown_n": 0, "id": "1130510300101890030-1", "pnu": "1130510300101890030", "floors": 1, "height": 3.6}}, {"type": "Feature", "geometry": {"type": "Polygon", "coordinates": [[[127.02447666, 37.64135828], [127.02443735, 37.64138703], [127.02444959, 37.64139946], [127.02449105, 37.64137044], [127.02447666, 37.64135828]]]}, "properties": {"name": "수유동 189-54", "status": "high", "capacity": 3, "active": 1, "industry": "한식", "vacancy_rate": 66.7, "vacancy_rate_lo": 66.7, "vacancy_rate_hi": 100.0, "stores": 1, "source": "stores+ledger", "capacity_method": "floor_ouln", "active_pip": 0, "licensed": 0, "com_floors": [1, 2, 3], "occ_floors": [], "unknown_n": 1, "id": "1130510300101890054-1", "pnu": "1130510300101890054", "floors": 0, "height": 0.0}}, {"type": "Feature", "geometry": {"type": "Polygon", "coordinates": [[[127.02481524, 37.64109611], [127.02473719, 37.64115631], [127.02481834, 37.64122711], [127.02489684, 37.64116619], [127.02481524, 37.64109611]]]}, "properties": {"name": "수유동 189-33", "status": "partial", "capacity": 2, "active": 1, "industry": "유원지·오락", "vacancy_rate": 50.0, "vacancy_rate_lo": 50.0, "vacancy_rate_hi": 50.0, "stores": 2, "source": "stores+ledger", "capacity_method": "floor_ouln", "active_pip": 0, "licensed": 0, "com_floors": [1, 2], "occ_floors": [1], "unknown_n": 0, "id": "1130510300101890033-1", "pnu": "1130510300101890033", "floors": 4, "height": 9.0}}, {"type": "Feature", "geometry": {"type": "Polygon", "coordinates": [[[127.02493591, 37.64043178], [127.02488174, 37.64038431], [127.02481061, 37.6404401], [127.02487815, 37.64049883], [127.0249315, 37.64046233], [127.02493591, 37.64043178]]]}, "properties": {"name": "일부", "status": "partial", "capacity": 2, "active": 1, "industry": "일식", "vacancy_rate": 50.0, "vacancy_rate_lo": 50.0, "vacancy_rate_hi": 50.0, "stores": 1, "source": "stores+ledger", "capacity_method": "floor_ouln", "active_pip": 0, "licensed": 0, "com_floors": [1, 2], "occ_floors": [1], "unknown_n": 0, "id": "1130510300101930015-1", "pnu": "1130510300101930015", "floors": 4, "height": 0.0}}, {"type": "Feature", "geometry": {"type": "Polygon", "coordinates": [[[127.02522282, 37.6408514], [127.02514546, 37.64090782], [127.02521584, 37.6409688], [127.02529422, 37.64091238], [127.02522282, 37.6408514]]]}, "properties": {"name": "수유동 190-3", "status": "full", "capacity": 2, "active": 2, "industry": "섬유·의복·신발 소매", "vacancy_rate": 0.0, "vacancy_rate_lo": 0.0, "vacancy_rate_hi": 50.0, "stores": 2, "source": "stores+ledger", "capacity_method": "floor_ouln", "active_pip": 0, "licensed": 0, "com_floors": [1, 2], "occ_floors": [1], "unknown_n": 1, "id": "1130510300101900003-1", "pnu": "1130510300101900003", "floors": 4, "height": 14.0}}, {"type": "Feature", "geometry": {"type": "Polygon", "coordinates": [[[127.02534544, 37.64024816], [127.0254344, 37.64032338], [127.02550962, 37.64026984], [127.02545805, 37.64022472], [127.0254235, 37.64024995], [127.02538667, 37.64021924], [127.02534544, 37.64024816]]]}, "properties": {"name": "수유동 190-63", "status": "full", "capacity": 1, "active": 1, "industry": "주점", "vacancy_rate": 0.0, "vacancy_rate_lo": 0.0, "vacancy_rate_hi": 0.0, "stores": 1, "source": "stores+ledger", "capacity_method": "floor_ouln", "active_pip": 0, "licensed": 0, "com_floors": [1], "occ_floors": [1], "unknown_n": 0, "id": "1130510300101900063-1", "pnu": "1130510300101900063", "floors": 1, "height": 0.0}}, {"type": "Feature", "geometry": {"type": "Polygon", "coordinates": [[[127.02519106, 37.64040624], [127.02502987, 37.64052565], [127.02509708, 37.64058393], [127.0251568, 37.64063518], [127.02522386, 37.64058534], [127.02522794, 37.64058895], [127.02525343, 37.64057236], [127.02524788, 37.64056768], [127.02531527, 37.64051613], [127.02525339, 37.64046307], [127.02520534, 37.64041777], [127.02519106, 37.64040624]]]}, "properties": {"name": "포엠빌아파트", "status": "partial", "capacity": 2, "active": 1, "industry": "일식", "vacancy_rate": 50.0, "vacancy_rate_lo": null, "vacancy_rate_hi": null, "stores": 1, "source": "stores+ledger", "capacity_method": "expos_units", "active_pip": 0, "licensed": 0, "com_floors": null, "occ_floors": null, "unknown_n": null, "id": "1130510300101900018-1", "pnu": "1130510300101900018", "floors": 11, "height": 31.3}}, {"type": "Feature", "geometry": {"type": "Polygon", "coordinates": [[[127.02517179, 37.64037525], [127.02526302, 37.64045235], [127.0253345, 37.64039774], [127.0252844, 37.64035603], [127.02524658, 37.6403211], [127.02520622, 37.64034875], [127.02517179, 37.64037525]]]}, "properties": {"name": "탑시티빌", "status": "full", "capacity": 1, "active": 1, "industry": "동남아시아", "vacancy_rate": 0.0, "vacancy_rate_lo": 0.0, "vacancy_rate_hi": 0.0, "stores": 1, "source": "stores+ledger", "capacity_method": "floor_ouln", "active_pip": 0, "licensed": 0, "com_floors": [1], "occ_floors": [1], "unknown_n": 0, "id": "1130510300101900067-1", "pnu": "1130510300101900067", "floors": 5, "height": 16.35}}, {"type": "Feature", "geometry": {"type": "Polygon", "coordinates": [[[127.02550662, 37.64113281], [127.02536423, 37.6412315], [127.02554093, 37.64138994], [127.02563042, 37.64132848], [127.02553227, 37.64124029], [127.02559005, 37.64120028], [127.02550662, 37.64113281]]]}, "properties": {"name": "일부", "status": "full", "capacity": 4, "active": 4, "industry": "한식", "vacancy_rate": 0.0, "vacancy_rate_lo": 0.0, "vacancy_rate_hi": 25.0, "stores": 9, "source": "stores+ledger", "capacity_method": "floor_ouln", "active_pip": 0, "licensed": 0, "com_floors": [1, 2, 3, 4], "occ_floors": [1, 2, 3], "unknown_n": 1, "id": "1130510300101770015-1", "pnu": "1130510300101770015", "floors": 4, "height": 0.0}}, {"type": "Feature", "geometry": {"type": "Polygon", "coordinates": [[[127.02507418, 37.64089126], [127.02502942, 37.64084604], [127.02500008, 37.64086578], [127.0249465, 37.64090192], [127.02499512, 37.64094714], [127.0250001, 37.64094363], [127.02507418, 37.64089126]]]}, "properties": {"name": "수유동 190-22", "status": "empty", "capacity": 1, "active": 0, "industry": "", "vacancy_rate": 100.0, "source": "polygon_only", "capacity_method": "floor_approx", "active_pip": 0, "licensed": 0, "id": "1130510300101900022-1", "pnu": "1130510300101900022", "floors": 1, "height": 0.0}}, {"type": "Feature", "geometry": {"type": "Polygon", "coordinates": [[[127.02503246, 37.64083884], [127.02502001, 37.64082838], [127.02500007, 37.64084407], [127.02497933, 37.64086038], [127.02499056, 37.64086939], [127.02500008, 37.64086245], [127.02503246, 37.64083884]]]}, "properties": {"name": "수유동 190-76", "status": "full", "capacity": 1, "active": 1, "industry": "주점", "vacancy_rate": 0.0, "vacancy_rate_lo": 0.0, "vacancy_rate_hi": 0.0, "stores": 1, "source": "stores+ledger", "capacity_method": "floor_ouln", "active_pip": 0, "licensed": 0, "com_floors": [1], "occ_floors": [1], "unknown_n": 0, "id": "1130510300101900076-1", "pnu": "1130510300101900076", "floors": 0, "height": 0.0}}, {"type": "Feature", "geometry": {"type": "Polygon", "coordinates": [[[127.02507827, 37.64057501], [127.02503021, 37.64053168], [127.02500008, 37.6405534], [127.02499192, 37.64055926], [127.02500008, 37.64056656], [127.0250393, 37.64060169], [127.02507827, 37.64057501]]]}, "properties": {"name": "포엠빌아파트", "status": "partial", "capacity": 2, "active": 1, "industry": "일식", "vacancy_rate": 50.0, "vacancy_rate_lo": null, "vacancy_rate_hi": null, "stores": 1, "source": "stores+ledger", "capacity_method": "expos_units", "active_pip": 0, "licensed": 0, "com_floors": null, "occ_floors": null, "unknown_n": null, "id": "1130510300101900018-2", "pnu": "1130510300101900018", "floors": 0, "height": 0.0}}, {"type": "Feature", "geometry": {"type": "Polygon", "coordinates": [[[127.02295122, 37.64232687], [127.02289435, 37.64237175], [127.02290636, 37.64238256], [127.02296754, 37.64233894], [127.02295122, 37.64232687]]]}, "properties": {"name": "수유동 188-2", "status": "full", "capacity": 2, "active": 2, "industry": "비알코올 ", "vacancy_rate": 0.0, "vacancy_rate_lo": 0.0, "vacancy_rate_hi": 100.0, "stores": 2, "source": "stores+ledger", "capacity_method": "floor_ouln", "active_pip": 0, "licensed": 0, "com_floors": [1, 2], "occ_floors": [], "unknown_n": 2, "id": "1130510300101880002-2", "pnu": "1130510300101880002", "floors": 0, "height": 0.0}}, {"type": "Feature", "geometry": {"type": "Polygon", "coordinates": [[[127.02339268, 37.64205757], [127.02334533, 37.64208632], [127.02337367, 37.64211262], [127.02341807, 37.64208054], [127.02339268, 37.64205757]]]}, "properties": {"name": "대광빌딩", "status": "partial", "capacity": 5, "active": 4, "industry": "한식", "vacancy_rate": 20.0, "vacancy_rate_lo": 20.0, "vacancy_rate_hi": 60.0, "stores": 6, "source": "stores+ledger", "capacity_method": "floor_ouln", "active_pip": 0, "licensed": 0, "com_floors": [1, 2, 3, 4, 5], "occ_floors": [1, 2], "unknown_n": 2, "id": "1130510300101880007-3", "pnu": "1130510300101880007", "floors": 0, "height": 0.0}}, {"type": "Feature", "geometry": {"type": "Polygon", "coordinates": [[[127.02424454, 37.64219318], [127.02429461, 37.64215767], [127.0242809, 37.64214362], [127.02422902, 37.64217822], [127.02424454, 37.64219318]]]}, "properties": {"name": "수유동 178-27", "status": "high", "capacity": 3, "active": 1, "industry": "기타 간이", "vacancy_rate": 66.7, "vacancy_rate_lo": 66.7, "vacancy_rate_hi": 66.7, "stores": 2, "source": "stores+ledger", "capacity_method": "floor_ouln", "active_pip": 0, "licensed": 0, "com_floors": [1, 2, 3], "occ_floors": [1], "unknown_n": 0, "id": "1130510300101780027-3", "pnu": "1130510300101780027", "floors": 0, "height": 0.0}}, {"type": "Feature", "geometry": {"type": "Polygon", "coordinates": [[[127.02329097, 37.64217922], [127.02325539, 37.64214886], [127.02323704, 37.64216238], [127.02327432, 37.64219472], [127.02329097, 37.64217922]]]}, "properties": {"name": "대광빌딩", "status": "partial", "capacity": 5, "active": 4, "industry": "한식", "vacancy_rate": 20.0, "vacancy_rate_lo": 20.0, "vacancy_rate_hi": 60.0, "stores": 6, "source": "stores+ledger", "capacity_method": "floor_ouln", "active_pip": 0, "licensed": 0, "com_floors": [1, 2, 3, 4, 5], "occ_floors": [1, 2], "unknown_n": 2, "id": "1130510300101880007-4", "pnu": "1130510300101880007", "floors": 0, "height": 0.0}}, {"type": "Feature", "geometry": {"type": "Polygon", "coordinates": [[[127.02415067, 37.64232627], [127.02409546, 37.642277], [127.02404257, 37.64231196], [127.0240989, 37.64235853], [127.02415067, 37.64232627]]]}, "properties": {"name": "동보빌딩", "status": "full", "capacity": 3, "active": 3, "industry": "한식", "vacancy_rate": 0.0, "vacancy_rate_lo": 0.0, "vacancy_rate_hi": 33.3, "stores": 3, "source": "stores+ledger", "capacity_method": "floor_ouln", "active_pip": 0, "licensed": 0, "com_floors": [1, 2, 3], "occ_floors": [1, 2], "unknown_n": 1, "id": "1130510300101780002-3", "pnu": "1130510300101780002", "floors": 0, "height": 0.0}}, {"type": "Feature", "geometry": {"type": "Polygon", "coordinates": [[[127.02411341, 37.64241133], [127.02404862, 37.64246107], [127.02411923, 37.64251944], [127.02435972, 37.64234677], [127.02427426, 37.64226984], [127.02424548, 37.64229562], [127.02428119, 37.6423276], [127.02413755, 37.64243114], [127.02411341, 37.64241133]]]}, "properties": {"name": "동보빌딩", "status": "full", "capacity": 3, "active": 3, "industry": "한식", "vacancy_rate": 0.0, "vacancy_rate_lo": 0.0, "vacancy_rate_hi": 33.3, "stores": 3, "source": "stores+ledger", "capacity_method": "floor_ouln", "active_pip": 0, "licensed": 0, "com_floors": [1, 2, 3], "occ_floors": [1, 2], "unknown_n": 1, "id": "1130510300101780002-4", "pnu": "1130510300101780002", "floors": 0, "height": 0.0}}, {"type": "Feature", "geometry": {"type": "Polygon", "coordinates": [[[127.02289295, 37.64225183], [127.0228142, 37.64224617], [127.02281002, 37.64229671], [127.02288787, 37.64230175], [127.02289295, 37.64225183]]]}, "properties": {"name": "민스빌", "status": "partial", "capacity": 2, "active": 1, "industry": "비알코올 ", "vacancy_rate": 50.0, "vacancy_rate_lo": 50.0, "vacancy_rate_hi": 50.0, "stores": 1, "source": "stores+ledger", "capacity_method": "floor_ouln", "active_pip": 0, "licensed": 0, "com_floors": [1, 2], "occ_floors": [1], "unknown_n": 0, "id": "1130510300101880004-2", "pnu": "1130510300101880004", "floors": 0, "height": 0.0}}, {"type": "Feature", "geometry": {"type": "Polygon", "coordinates": [[[127.02424155, 37.64202406], [127.02433493, 37.64210703], [127.02441411, 37.64204195], [127.0243273, 37.64196575], [127.02424155, 37.64202406]]]}, "properties": {"name": "일부", "status": "full", "capacity": 1, "active": 1, "industry": "유원지·오락", "vacancy_rate": 0.0, "vacancy_rate_lo": 0.0, "vacancy_rate_hi": 0.0, "stores": 3, "source": "stores+ledger", "capacity_method": "floor_ouln", "active_pip": 0, "licensed": 0, "com_floors": [1], "occ_floors": [1], "unknown_n": 0, "id": "1130510300101780028-2", "pnu": "1130510300101780028", "floors": 2, "height": 0.0}}, {"type": "Feature", "geometry": {"type": "Polygon", "coordinates": [[[127.0237728, 37.64199595], [127.02389469, 37.64191097], [127.02379018, 37.64182116], [127.02367407, 37.64190605], [127.0237728, 37.64199595]]]}, "properties": {"name": "태양빌딩", "status": "full", "capacity": 4, "active": 4, "industry": "도서관·사적지", "vacancy_rate": 0.0, "vacancy_rate_lo": 0.0, "vacancy_rate_hi": 0.0, "stores": 6, "source": "stores+ledger", "capacity_method": "floor_ouln", "active_pip": 0, "licensed": 0, "com_floors": [1, 2, 3, 4], "occ_floors": [1, 2, 3, 4], "unknown_n": 0, "id": "1130510300101890049-1", "pnu": "1130510300101890049", "floors": 6, "height": 26.3}}, {"type": "Feature", "geometry": {"type": "Polygon", "coordinates": [[[127.02427719, 37.64152914], [127.02420684, 37.64158123], [127.02421568, 37.6415888], [127.02428557, 37.64153473], [127.02427719, 37.64152914]]]}, "properties": {"name": "길", "status": "full", "capacity": 2, "active": 2, "industry": "주점", "vacancy_rate": 0.0, "vacancy_rate_lo": 0.0, "vacancy_rate_hi": 0.0, "stores": 7, "source": "stores+ledger", "capacity_method": "floor_ouln", "active_pip": 0, "licensed": 0, "com_floors": [1, 2], "occ_floors": [1, 2], "unknown_n": 0, "id": "1130510300101890006-3", "pnu": "1130510300101890006", "floors": 0, "height": 0.0}}, {"type": "Feature", "geometry": {"type": "Polygon", "coordinates": [[[127.02336925, 37.64178503], [127.02338467, 37.64179962], [127.02342024, 37.64177475], [127.02340403, 37.64176133], [127.02336925, 37.64178503]]]}, "properties": {"name": "수유동 189-13", "status": "full", "capacity": 1, "active": 1, "industry": "중고 상품 소매", "vacancy_rate": 0.0, "vacancy_rate_lo": 0.0, "vacancy_rate_hi": 0.0, "stores": 1, "source": "stores+ledger", "capacity_method": "floor_ouln", "active_pip": 0, "licensed": 0, "com_floors": [1], "occ_floors": [1], "unknown_n": 0, "id": "1130510300101890013-1", "pnu": "1130510300101890013", "floors": 0, "height": 0.0}}, {"type": "Feature", "geometry": {"type": "Polygon", "coordinates": [[[127.02337009, 37.64074608], [127.02337649, 37.64065528], [127.02323192, 37.64064864], [127.02322424, 37.64073676], [127.02337009, 37.64074608]]]}, "properties": {"name": "수유동 220-47", "status": "partial", "capacity": 2, "active": 1, "industry": "기타 간이", "vacancy_rate": 50.0, "vacancy_rate_lo": 50.0, "vacancy_rate_hi": 50.0, "stores": 2, "source": "stores+ledger", "capacity_method": "floor_ouln", "active_pip": 0, "licensed": 0, "com_floors": [1, 2], "occ_floors": [1], "unknown_n": 0, "id": "1130510300102200047-1", "pnu": "1130510300102200047", "floors": 4, "height": 0.0}}, {"type": "Feature", "geometry": {"type": "Polygon", "coordinates": [[[127.02340695, 37.64025064], [127.02333614, 37.64024624], [127.02333387, 37.64022993], [127.02328277, 37.64022589], [127.0232709, 37.64031473], [127.02340245, 37.64032218], [127.02340695, 37.64025064]]]}, "properties": {"name": "수유동 221-14", "status": "full", "capacity": 1, "active": 1, "industry": "일식", "vacancy_rate": 0.0, "vacancy_rate_lo": 0.0, "vacancy_rate_hi": 0.0, "stores": 3, "source": "stores+ledger", "capacity_method": "floor_ouln", "active_pip": 0, "licensed": 0, "com_floors": [1], "occ_floors": [1], "unknown_n": 0, "id": "1130510300102210014-1", "pnu": "1130510300102210014", "floors": 2, "height": 0.0}}, {"type": "Feature", "geometry": {"type": "Polygon", "coordinates": [[[127.02358729, 37.64047684], [127.02357758, 37.64057901], [127.02376804, 37.64059402], [127.02377605, 37.64048744], [127.02358729, 37.64047684]]]}, "properties": {"name": "동방플러스빌", "status": "full", "capacity": 2, "active": 2, "industry": "한식", "vacancy_rate": 0.0, "vacancy_rate_lo": null, "vacancy_rate_hi": null, "stores": 2, "source": "stores+ledger", "capacity_method": "expos_units", "active_pip": 0, "licensed": 0, "com_floors": null, "occ_floors": null, "unknown_n": null, "id": "1130510300102220015-1", "pnu": "1130510300102220015", "floors": 5, "height": 14.6}}, {"type": "Feature", "geometry": {"type": "Polygon", "coordinates": [[[127.02311296, 37.64034305], [127.02310958, 37.64038918], [127.02325223, 37.64039988], [127.02325957, 37.64031554], [127.02320178, 37.64031141], [127.02319748, 37.64033781], [127.02315001, 37.64033512], [127.02314786, 37.64034458], [127.02311296, 37.64034305]]]}, "properties": {"name": "수유동 221-12", "status": "empty", "capacity": 1, "active": 0, "industry": "", "vacancy_rate": 100.0, "source": "polygon_only", "capacity_method": "floor_approx", "active_pip": 0, "licensed": 0, "id": "1130510300102210012-1", "pnu": "1130510300102210012", "floors": 1, "height": 4.5}}, {"type": "Feature", "geometry": {"type": "Polygon", "coordinates": [[[127.02313051, 37.64030476], [127.02326308, 37.6403132], [127.02326996, 37.64022751], [127.02322702, 37.64022671], [127.02322363, 37.64025266], [127.02315044, 37.64024934], [127.02314885, 37.6402607], [127.02313741, 37.64026043], [127.02313051, 37.64030476]]]}, "properties": {"name": "수유동 221-13", "status": "empty", "capacity": 1, "active": 0, "industry": "", "vacancy_rate": 100.0, "source": "polygon_only", "capacity_method": "floor_approx", "active_pip": 0, "licensed": 0, "id": "1130510300102210013-1", "pnu": "1130510300102210013", "floors": 1, "height": 4.5}}, {"type": "Feature", "geometry": {"type": "Polygon", "coordinates": [[[127.02400181, 37.64069228], [127.02386052, 37.64068311], [127.02385682, 37.64074997], [127.02396525, 37.64076103], [127.02396626, 37.64074535], [127.02399697, 37.64074733], [127.02400181, 37.64069228]]]}, "properties": {"name": "좌측", "status": "partial", "capacity": 2, "active": 1, "industry": "이용·미용", "vacancy_rate": 50.0, "vacancy_rate_lo": 50.0, "vacancy_rate_hi": 50.0, "stores": 2, "source": "stores+ledger", "capacity_method": "floor_ouln", "active_pip": 0, "licensed": 0, "com_floors": [1, 2], "occ_floors": [1], "unknown_n": 0, "id": "1130510300101940029-1", "pnu": "1130510300101940029", "floors": 4, "height": 0.0}}, {"type": "Feature", "geometry": {"type": "Polygon", "coordinates": [[[127.02309798, 37.64168606], [127.0231987, 37.64169091], [127.02326452, 37.6416535], [127.02326314, 37.64158999], [127.02318485, 37.64158901], [127.02318407, 37.64161901], [127.02310158, 37.64161578], [127.02309798, 37.64168606]]]}, "properties": {"name": "제일빌딩", "status": "full", "capacity": 2, "active": 2, "industry": "섬유·의복·신발 소매", "vacancy_rate": 0.0, "vacancy_rate_lo": 0.0, "vacancy_rate_hi": 0.0, "stores": 2, "source": "stores+ledger", "capacity_method": "floor_ouln", "active_pip": 0, "licensed": 0, "com_floors": [1, 2], "occ_floors": [1, 2], "unknown_n": 0, "id": "1130510300102200070-2", "pnu": "1130510300102200070", "floors": 3, "height": 0.0}}, {"type": "Feature", "geometry": {"type": "Polygon", "coordinates": [[[127.02335166, 37.64166727], [127.02328675, 37.64171044], [127.02328132, 37.64175297], [127.02332733, 37.64179233], [127.02337683, 37.64175313], [127.02339383, 37.64176574], [127.02343167, 37.64173862], [127.02335166, 37.64166727]]]}, "properties": {"name": "수유동 189-13", "status": "full", "capacity": 1, "active": 1, "industry": "중고 상품 소매", "vacancy_rate": 0.0, "vacancy_rate_lo": 0.0, "vacancy_rate_hi": 0.0, "stores": 1, "source": "stores+ledger", "capacity_method": "floor_ouln", "active_pip": 0, "licensed": 0, "com_floors": [1], "occ_floors": [1], "unknown_n": 0, "id": "1130510300101890013-2", "pnu": "1130510300101890013", "floors": 2, "height": 0.0}}, {"type": "Feature", "geometry": {"type": "Polygon", "coordinates": [[[127.02283847, 37.64082387], [127.02284039, 37.64078955], [127.0227596, 37.64078226], [127.02275903, 37.64076073], [127.02268889, 37.6407566], [127.02268653, 37.64081282], [127.02283847, 37.64082387]]]}, "properties": {"name": "오성빌딩", "status": "full", "capacity": 2, "active": 2, "industry": "일반 숙박", "vacancy_rate": 0.0, "vacancy_rate_lo": 0.0, "vacancy_rate_hi": 0.0, "stores": 4, "source": "stores+ledger", "capacity_method": "floor_ouln", "active_pip": 0, "licensed": 0, "com_floors": [1, 2], "occ_floors": [1, 2], "unknown_n": 0, "id": "1130510300102200030-1", "pnu": "1130510300102200030", "floors": 0, "height": 0.0}}, {"type": "Feature", "geometry": {"type": "Polygon", "coordinates": [[[127.02421392, 37.64170962], [127.02437555, 37.64159255], [127.02429973, 37.64152481], [127.02414035, 37.64164937], [127.02421392, 37.64170962]]]}, "properties": {"name": "길", "status": "full", "capacity": 2, "active": 2, "industry": "주점", "vacancy_rate": 0.0, "vacancy_rate_lo": 0.0, "vacancy_rate_hi": 0.0, "stores": 7, "source": "stores+ledger", "capacity_method": "floor_ouln", "active_pip": 0, "licensed": 0, "com_floors": [1, 2], "occ_floors": [1, 2], "unknown_n": 0, "id": "1130510300101890006-4", "pnu": "1130510300101890006", "floors": 3, "height": 0.0}}, {"type": "Feature", "geometry": {"type": "Polygon", "coordinates": [[[127.02282447, 37.64061241], [127.02271456, 37.64060117], [127.02269149, 37.64072749], [127.02282621, 37.64073369], [127.02282824, 37.64070404], [127.02281963, 37.64070315], [127.02282447, 37.64061241]]]}, "properties": {"name": "수유동 220-29", "status": "partial", "capacity": 2, "active": 1, "industry": "종합 소매", "vacancy_rate": 50.0, "vacancy_rate_lo": 50.0, "vacancy_rate_hi": 50.0, "stores": 3, "source": "stores+ledger", "capacity_method": "floor_ouln", "active_pip": 0, "licensed": 0, "com_floors": [1, 2], "occ_floors": [1], "unknown_n": 0, "id": "1130510300102200029-1", "pnu": "1130510300102200029", "floors": 4, "height": 0.0}}, {"type": "Feature", "geometry": {"type": "Polygon", "coordinates": [[[127.02338744, 37.64050473], [127.02325226, 37.64049394], [127.02324582, 37.64055043], [127.02335391, 37.64055843], [127.0233555, 37.64054348], [127.02338541, 37.64054455], [127.02338744, 37.64050473]]]}, "properties": {"name": "일부호", "status": "full", "capacity": 2, "active": 2, "industry": "기타 교육", "vacancy_rate": 0.0, "vacancy_rate_lo": 0.0, "vacancy_rate_hi": 50.0, "stores": 3, "source": "stores+ledger", "capacity_method": "floor_ouln", "active_pip": 0, "licensed": 0, "com_floors": [1, 2], "occ_floors": [2], "unknown_n": 1, "id": "1130510300102210008-2", "pnu": "1130510300102210008", "floors": 4, "height": 11.5}}, {"type": "Feature", "geometry": {"type": "Polygon", "coordinates": [[[127.02379894, 37.6404659], [127.02378639, 37.64058267], [127.02388066, 37.64059157], [127.02389264, 37.64047552], [127.02379894, 37.6404659]]]}, "properties": {"name": "오른쪽", "status": "partial", "capacity": 2, "active": 1, "industry": "한식", "vacancy_rate": 50.0, "vacancy_rate_lo": 50.0, "vacancy_rate_hi": 50.0, "stores": 2, "source": "stores+ledger", "capacity_method": "floor_ouln", "active_pip": 0, "licensed": 0, "com_floors": [1, 2], "occ_floors": [1], "unknown_n": 0, "id": "1130510300102220002-1", "pnu": "1130510300102220002", "floors": 4, "height": 13.6}}, {"type": "Feature", "geometry": {"type": "Polygon", "coordinates": [[[127.02282893, 37.64075504], [127.02283029, 37.64073656], [127.02278814, 37.64073595], [127.02278656, 37.64075478], [127.02282893, 37.64075504]]]}, "properties": {"name": "수유동 220-29", "status": "partial", "capacity": 2, "active": 1, "industry": "종합 소매", "vacancy_rate": 50.0, "vacancy_rate_lo": 50.0, "vacancy_rate_hi": 50.0, "stores": 3, "source": "stores+ledger", "capacity_method": "floor_ouln", "active_pip": 0, "licensed": 0, "com_floors": [1, 2], "occ_floors": [1], "unknown_n": 0, "id": "1130510300102200029-2", "pnu": "1130510300102200029", "floors": 0, "height": 0.0}}, {"type": "Feature", "geometry": {"type": "Polygon", "coordinates": [[[127.02277548, 37.64118797], [127.02278326, 37.64109724], [127.02268253, 37.64109446], [127.02267632, 37.64117961], [127.02277548, 37.64118797]]]}, "properties": {"name": "수유동 220-37", "status": "empty", "capacity": 4, "active": 0, "industry": "", "vacancy_rate": 100.0, "source": "polygon_only", "capacity_method": "floor_approx", "active_pip": 0, "licensed": 0, "id": "1130510300102200037-1", "pnu": "1130510300102200037", "floors": 4, "height": 11.4}}, {"type": "Feature", "geometry": {"type": "Polygon", "coordinates": [[[127.0247885, 37.64108764], [127.02471872, 37.64114018], [127.02473572, 37.64115505], [127.0248047, 37.64110161], [127.0247885, 37.64108764]]]}, "properties": {"name": "수유동 189-33", "status": "partial", "capacity": 2, "active": 1, "industry": "유원지·오락", "vacancy_rate": 50.0, "vacancy_rate_lo": 50.0, "vacancy_rate_hi": 50.0, "stores": 2, "source": "stores+ledger", "capacity_method": "floor_ouln", "active_pip": 0, "licensed": 0, "com_floors": [1, 2], "occ_floors": [1], "unknown_n": 0, "id": "1130510300101890033-2", "pnu": "1130510300101890033", "floors": 0, "height": 0.0}}, {"type": "Feature", "geometry": {"type": "Polygon", "coordinates": [[[127.02460818, 37.64127698], [127.02454214, 37.64132177], [127.02459144, 37.6413642], [127.02465397, 37.64132301], [127.02460818, 37.64127698]]]}, "properties": {"name": "수유동 189-30", "status": "full", "capacity": 1, "active": 1, "industry": "중고 상품 소매", "vacancy_rate": 0.0, "vacancy_rate_lo": 0.0, "vacancy_rate_hi": 0.0, "stores": 1, "source": "stores+ledger", "capacity_method": "floor_ouln", "active_pip": 0, "licensed": 0, "com_floors": [1], "occ_floors": [1], "unknown_n": 0, "id": "1130510300101890030-2", "pnu": "1130510300101890030", "floors": 1, "height": 4.0}}, {"type": "Feature", "geometry": {"type": "Polygon", "coordinates": [[[127.02480183, 37.64063166], [127.02473024, 37.64068348], [127.0247239, 37.6407215], [127.02479179, 37.64077996], [127.02487154, 37.640723], [127.02482858, 37.64068742], [127.02484625, 37.64067363], [127.02480183, 37.64063166]]]}, "properties": {"name": "수유동 190-19", "status": "full", "capacity": 1, "active": 1, "industry": "섬유·의복·신발 소매", "vacancy_rate": 0.0, "vacancy_rate_lo": 0.0, "vacancy_rate_hi": 0.0, "stores": 3, "source": "stores+ledger", "capacity_method": "floor_ouln", "active_pip": 0, "licensed": 0, "com_floors": [1], "occ_floors": [1], "unknown_n": 0, "id": "1130510300101900019-1", "pnu": "1130510300101900019", "floors": 3, "height": 0.0}}, {"type": "Feature", "geometry": {"type": "Polygon", "coordinates": [[[127.02451394, 37.64136277], [127.02443929, 37.64141712], [127.0245159, 37.64148882], [127.02459033, 37.64143484], [127.02451394, 37.64136277]]]}, "properties": {"name": "수유동 189-54", "status": "high", "capacity": 3, "active": 1, "industry": "한식", "vacancy_rate": 66.7, "vacancy_rate_lo": 66.7, "vacancy_rate_hi": 100.0, "stores": 1, "source": "stores+ledger", "capacity_method": "floor_ouln", "active_pip": 0, "licensed": 0, "com_floors": [1, 2, 3], "occ_floors": [], "unknown_n": 1, "id": "1130510300101890054-2", "pnu": "1130510300101890054", "floors": 3, "height": 10.4}}, {"type": "Feature", "geometry": {"type": "Polygon", "coordinates": [[[127.02482243, 37.64125225], [127.0247202, 37.64115928], [127.02469233, 37.64117974], [127.02470389, 37.64118794], [127.02467886, 37.64120605], [127.02477293, 37.64128847], [127.02482243, 37.64125225]]]}, "properties": {"name": "수유동 189-32", "status": "full", "capacity": 1, "active": 1, "industry": "비알코올 ", "vacancy_rate": 0.0, "vacancy_rate_lo": 0.0, "vacancy_rate_hi": 0.0, "stores": 1, "source": "stores+ledger", "capacity_method": "floor_ouln", "active_pip": 0, "licensed": 0, "com_floors": [1], "occ_floors": [1], "unknown_n": 0, "id": "1130510300101890032-1", "pnu": "1130510300101890032", "floors": 1, "height": 4.2}}, {"type": "Feature", "geometry": {"type": "Polygon", "coordinates": [[[127.02486806, 37.64083752], [127.02496242, 37.64077632], [127.02489827, 37.64071813], [127.02482838, 37.64076608], [127.02482329, 37.64078554], [127.02482182, 37.64079554], [127.02486806, 37.64083752]]]}, "properties": {"name": "전체", "status": "full", "capacity": 2, "active": 2, "industry": "섬유·의복·신발 소매", "vacancy_rate": 0.0, "vacancy_rate_lo": 0.0, "vacancy_rate_hi": 0.0, "stores": 3, "source": "stores+ledger", "capacity_method": "floor_ouln", "active_pip": 0, "licensed": 0, "com_floors": [1, 2], "occ_floors": [1, 2], "unknown_n": 0, "id": "1130510300101900020-1", "pnu": "1130510300101900020", "floors": 2, "height": 0.0}}, {"type": "Feature", "geometry": {"type": "Polygon", "coordinates": [[[127.02438287, 37.64072057], [127.02437281, 37.64080194], [127.02440839, 37.64082914], [127.02449856, 37.64076317], [127.02448405, 37.64073263], [127.02438287, 37.64072057]]]}, "properties": {"name": "수유동 194-41", "status": "full", "capacity": 1, "active": 1, "industry": "종합 소매", "vacancy_rate": 0.0, "vacancy_rate_lo": 0.0, "vacancy_rate_hi": 0.0, "stores": 1, "source": "stores+ledger", "capacity_method": "floor_ouln", "active_pip": 0, "licensed": 0, "com_floors": [1], "occ_floors": [1], "unknown_n": 0, "id": "1130510300101940041-1", "pnu": "1130510300101940041", "floors": 2, "height": 0.0}}, {"type": "Feature", "geometry": {"type": "Polygon", "coordinates": [[[127.02471646, 37.6408198], [127.02465483, 37.64086504], [127.02468169, 37.64088774], [127.02467161, 37.64089675], [127.02472556, 37.64094566], [127.02479943, 37.64088889], [127.02471646, 37.6408198]]]}, "properties": {"name": "수유동 189-36", "status": "partial", "capacity": 3, "active": 2, "industry": "이용·미용", "vacancy_rate": 33.3, "vacancy_rate_lo": 33.3, "vacancy_rate_hi": 33.3, "stores": 2, "source": "stores+ledger", "capacity_method": "floor_ouln", "active_pip": 0, "licensed": 0, "com_floors": [1, 2, 3], "occ_floors": [1, 3], "unknown_n": 0, "id": "1130510300101890036-1", "pnu": "1130510300101890036", "floors": 3, "height": 9.7}}, {"type": "Feature", "geometry": {"type": "Polygon", "coordinates": [[[127.02467891, 37.64137346], [127.02464423, 37.64134104], [127.02459461, 37.64137258], [127.02453795, 37.64132133], [127.02455505, 37.64130952], [127.02454134, 37.64129466], [127.02449433, 37.64132827], [127.02457695, 37.64139916], [127.02460721, 37.64142519], [127.02467891, 37.64137346]]]}, "properties": {"name": "수유동 189-30", "status": "full", "capacity": 1, "active": 1, "industry": "중고 상품 소매", "vacancy_rate": 0.0, "vacancy_rate_lo": 0.0, "vacancy_rate_hi": 0.0, "stores": 1, "source": "stores+ledger", "capacity_method": "floor_ouln", "active_pip": 0, "licensed": 0, "com_floors": [1], "occ_floors": [1], "unknown_n": 0, "id": "1130510300101890030-3", "pnu": "1130510300101890030", "floors": 1, "height": 4.0}}, {"type": "Feature", "geometry": {"type": "Polygon", "coordinates": [[[127.0243073, 37.64145949], [127.02440783, 37.64154641], [127.02449811, 37.64148234], [127.024436, 37.64142009], [127.02442218, 37.6414319], [127.02439351, 37.64140109], [127.0243073, 37.64145949]]]}, "properties": {"name": "대원빌딩", "status": "partial", "capacity": 3, "active": 2, "industry": "주점", "vacancy_rate": 33.3, "vacancy_rate_lo": 33.3, "vacancy_rate_hi": 33.3, "stores": 2, "source": "stores+ledger", "capacity_method": "floor_ouln", "active_pip": 0, "licensed": 0, "com_floors": [1, 2, 4], "occ_floors": [1, 4], "unknown_n": 0, "id": "1130510300101890027-1", "pnu": "1130510300101890027", "floors": 5, "height": 16.5}}, {"type": "Feature", "geometry": {"type": "Polygon", "coordinates": [[[127.02462511, 37.64175918], [127.02478922, 37.64190502], [127.02486534, 37.64184743], [127.02479043, 37.64178591], [127.02494222, 37.6416873], [127.02484611, 37.64159949], [127.02462511, 37.64175918]]]}, "properties": {"name": "흥부네빌딩", "status": "full", "capacity": 3, "active": 3, "industry": "의약·화장품 소매", "vacancy_rate": 0.0, "vacancy_rate_lo": 0.0, "vacancy_rate_hi": 0.0, "stores": 6, "source": "stores+ledger", "capacity_method": "floor_ouln", "active_pip": 0, "licensed": 0, "com_floors": [1, 2, 4], "occ_floors": [1, 2, 4], "unknown_n": 0, "id": "1130510300101780045-3", "pnu": "1130510300101780045", "floors": 5, "height": 18.0}}, {"type": "Feature", "geometry": {"type": "Polygon", "coordinates": [[[127.02470672, 37.640474], [127.02478401, 37.6405494], [127.02485708, 37.64049982], [127.02478794, 37.64042713], [127.02470672, 37.640474]]]}, "properties": {"name": "수유동 193-7", "status": "partial", "capacity": 2, "active": 1, "industry": "주점", "vacancy_rate": 50.0, "vacancy_rate_lo": 50.0, "vacancy_rate_hi": 50.0, "stores": 1, "source": "stores+ledger", "capacity_method": "floor_ouln", "active_pip": 0, "licensed": 0, "com_floors": [1, 2], "occ_floors": [1], "unknown_n": 0, "id": "1130510300101930007-1", "pnu": "1130510300101930007", "floors": 4, "height": 0.0}}, {"type": "Feature", "geometry": {"type": "Polygon", "coordinates": [[[127.02541131, 37.64071478], [127.02534063, 37.6407666], [127.02539197, 37.64081632], [127.02546911, 37.64076008], [127.02541131, 37.64071478]]]}, "properties": {"name": "수유동 190-30", "status": "partial", "capacity": 2, "active": 1, "industry": "유원지·오락", "vacancy_rate": 50.0, "vacancy_rate_lo": 50.0, "vacancy_rate_hi": 50.0, "stores": 2, "source": "stores+ledger", "capacity_method": "floor_ouln", "active_pip": 0, "licensed": 0, "com_floors": [1, 2], "occ_floors": [1], "unknown_n": 0, "id": "1130510300101900030-1", "pnu": "1130510300101900030", "floors": 2, "height": 7.9}}, {"type": "Feature", "geometry": {"type": "Polygon", "coordinates": [[[127.02502503, 37.64096254], [127.0251191, 37.64103928], [127.0252087, 37.640967], [127.02514886, 37.64091304], [127.02512756, 37.64092837], [127.02509798, 37.64090432], [127.02502503, 37.64096254]]]}, "properties": {"name": "수유동 190-1", "status": "full", "capacity": 3, "active": 3, "industry": "주점", "vacancy_rate": 0.0, "vacancy_rate_lo": 0.0, "vacancy_rate_hi": 0.0, "stores": 5, "source": "stores+ledger", "capacity_method": "floor_ouln", "active_pip": 0, "licensed": 0, "com_floors": [1, 2, 3], "occ_floors": [1, 2, 3], "unknown_n": 0, "id": "1130510300101900001-1", "pnu": "1130510300101900001", "floors": 4, "height": 0.0}}, {"type": "Feature", "geometry": {"type": "Polygon", "coordinates": [[[127.02522318, 37.6415749], [127.02531323, 37.64150902], [127.02528207, 37.64147947], [127.02519065, 37.6415449], [127.02522318, 37.6415749]]]}, "properties": {"name": "수유동 178-18", "status": "full", "capacity": 2, "active": 2, "industry": "한식", "vacancy_rate": 0.0, "vacancy_rate_lo": 0.0, "vacancy_rate_hi": 0.0, "stores": 4, "source": "stores+ledger", "capacity_method": "floor_ouln", "active_pip": 0, "licensed": 0, "com_floors": [1, 2], "occ_floors": [1, 2], "unknown_n": 0, "id": "1130510300101780018-2", "pnu": "1130510300101780018", "floors": 1, "height": 0.0}}, {"type": "Feature", "geometry": {"type": "Polygon", "coordinates": [[[127.02500007, 37.6415289], [127.02497253, 37.64150476], [127.02484872, 37.64159722], [127.02500002, 37.6417336], [127.02501498, 37.64174711], [127.02514366, 37.64165456], [127.02500007, 37.6415289]]]}, "properties": {"name": "삼창빌딩", "status": "partial", "capacity": 4, "active": 3, "industry": "일식", "vacancy_rate": 25.0, "vacancy_rate_lo": 25.0, "vacancy_rate_hi": 50.0, "stores": 2, "source": "stores+ledger", "capacity_method": "floor_ouln", "active_pip": 0, "licensed": 0, "com_floors": [1, 2, 3, 4], "occ_floors": [1, 3], "unknown_n": 1, "id": "1130510300101780019-1", "pnu": "1130510300101780019", "floors": 5, "height": 17.5}}, {"type": "Feature", "geometry": {"type": "Polygon", "coordinates": [[[127.02500005, 37.64082235], [127.02495585, 37.6407829], [127.02487215, 37.64084166], [127.02493062, 37.64089165], [127.02500007, 37.64084037], [127.02501117, 37.64083225], [127.02500005, 37.64082235]]]}, "properties": {"name": "수유동 190-76", "status": "full", "capacity": 1, "active": 1, "industry": "주점", "vacancy_rate": 0.0, "vacancy_rate_lo": 0.0, "vacancy_rate_hi": 0.0, "stores": 1, "source": "stores+ledger", "capacity_method": "floor_ouln", "active_pip": 0, "licensed": 0, "com_floors": [1], "occ_floors": [1], "unknown_n": 0, "id": "1130510300101900076-2", "pnu": "1130510300101900076", "floors": 3, "height": 0.0}}, {"type": "Feature", "geometry": {"type": "Polygon", "coordinates": [[[127.02510833, 37.64034192], [127.02500168, 37.64024689], [127.02500009, 37.64024797], [127.02495002, 37.64028186], [127.02498403, 37.64031321], [127.024942, 37.64034196], [127.0249547, 37.64035087], [127.02494779, 37.64035583], [127.02498711, 37.6403942], [127.02500003, 37.64039537], [127.0250338, 37.64039852], [127.02510833, 37.64034192]]]}, "properties": {"name": "일부", "status": "full", "capacity": 1, "active": 1, "industry": "한식", "vacancy_rate": 0.0, "vacancy_rate_lo": 0.0, "vacancy_rate_hi": 0.0, "stores": 2, "source": "stores+ledger", "capacity_method": "floor_ouln", "active_pip": 0, "licensed": 0, "com_floors": [1], "occ_floors": [1], "unknown_n": 0, "id": "1130510300101920001-1", "pnu": "1130510300101920001", "floors": 2, "height": 0.0}}, {"type": "Feature", "geometry": {"type": "Polygon", "coordinates": [[[127.02500002, 37.64104895], [127.02496829, 37.64102211], [127.02495458, 37.64103463], [127.02492693, 37.64101698], [127.02485455, 37.64107502], [127.02487257, 37.64109033], [127.02485898, 37.64110682], [127.0249263, 37.64116537], [127.02500004, 37.64111094], [127.02503923, 37.64108201], [127.02500002, 37.64104895]]]}, "properties": {"name": "수유동 189-35", "status": "full", "capacity": 5, "active": 5, "industry": "의원", "vacancy_rate": 0.0, "vacancy_rate_lo": 0.0, "vacancy_rate_hi": 40.0, "stores": 8, "source": "stores+ledger", "capacity_method": "floor_ouln", "active_pip": 0, "licensed": 0, "com_floors": [1, 2, 3, 4, 5], "occ_floors": [1, 2, 5], "unknown_n": 2, "id": "1130510300101890035-1", "pnu": "1130510300101890035", "floors": 6, "height": 19.0}}, {"type": "Feature", "geometry": {"type": "Polygon", "coordinates": [[[127.0246239, 37.64086036], [127.02469017, 37.64080214], [127.02465514, 37.64076467], [127.02462602, 37.64076323], [127.02456191, 37.64080821], [127.0246239, 37.64086036]]]}, "properties": {"name": "수유동 189-37", "status": "empty", "capacity": 4, "active": 0, "industry": "", "vacancy_rate": 100.0, "source": "polygon_only", "capacity_method": "floor_approx", "active_pip": 0, "licensed": 0, "id": "1130510300101890037-1", "pnu": "1130510300101890037", "floors": 4, "height": 12.4}}, {"type": "Feature", "geometry": {"type": "Polygon", "coordinates": [[[127.02520298, 37.64079086], [127.02531948, 37.64088832], [127.02538994, 37.64084047], [127.02528022, 37.64074066], [127.02520298, 37.64079086]]]}, "properties": {"name": "지", "status": "partial", "capacity": 3, "active": 2, "industry": "주점", "vacancy_rate": 33.3, "vacancy_rate_lo": 33.3, "vacancy_rate_hi": 33.3, "stores": 3, "source": "stores+ledger", "capacity_method": "floor_ouln", "active_pip": 0, "licensed": 0, "com_floors": [1, 2, 3], "occ_floors": [1, 2], "unknown_n": 0, "id": "1130510300101900028-1", "pnu": "1130510300101900028", "floors": 4, "height": 12.6}}, {"type": "Feature", "geometry": {"type": "Polygon", "coordinates": [[[127.03036879, 37.64138474], [127.03032462, 37.6414372], [127.03046403, 37.6415114], [127.03048419, 37.64148607], [127.03046843, 37.64147815], [127.03050286, 37.64143715], [127.03050364, 37.64143507], [127.03050286, 37.64142625], [127.03049946, 37.64142102], [127.03049277, 37.64141481], [127.03042419, 37.64137473], [127.03036879, 37.64138474]]]}, "properties": {"name": "주영샹그릴라", "status": "partial", "capacity": 2, "active": 1, "industry": "비알코올 ", "vacancy_rate": 50.0, "vacancy_rate_lo": null, "vacancy_rate_hi": null, "stores": 1, "source": "stores+ledger", "capacity_method": "expos_units", "active_pip": 0, "licensed": 0, "com_floors": null, "occ_floors": null, "unknown_n": null, "id": "1130510200104660032-1", "pnu": "1130510200104660032", "floors": 5, "height": 13.35}}, {"type": "Feature", "geometry": {"type": "Polygon", "coordinates": [[[127.03081988, 37.64117587], [127.03066739, 37.64120177], [127.03068849, 37.64127384], [127.03083907, 37.6412484], [127.03081988, 37.64117587]]]}, "properties": {"name": "번동 467-14", "status": "empty", "capacity": 3, "active": 0, "industry": "", "vacancy_rate": 100.0, "source": "polygon_only", "capacity_method": "floor_approx", "active_pip": 0, "licensed": 0, "id": "1130510200104670014-1", "pnu": "1130510200104670014", "floors": 3, "height": 0.0}}, {"type": "Feature", "geometry": {"type": "Polygon", "coordinates": [[[127.03094719, 37.64241604], [127.03099103, 37.64238855], [127.03098547, 37.64238377], [127.03100903, 37.64236584], [127.03097412, 37.64233359], [127.03098092, 37.64232909], [127.03092798, 37.64228081], [127.03085593, 37.64232741], [127.03094719, 37.64241604]]]}, "properties": {"name": "번동 465-72", "status": "full", "capacity": 1, "active": 1, "industry": "섬유·의복·신발 소매", "vacancy_rate": 0.0, "vacancy_rate_lo": 0.0, "vacancy_rate_hi": 0.0, "stores": 1, "source": "stores+ledger", "capacity_method": "floor_ouln", "active_pip": 0, "licensed": 0, "com_floors": [2], "occ_floors": [2], "unknown_n": 0, "id": "1130510200104650072-1", "pnu": "1130510200104650072", "floors": 3, "height": 10.05}}, {"type": "Feature", "geometry": {"type": "Polygon", "coordinates": [[[127.03077503, 37.64232329], [127.03066516, 37.64239927], [127.03078532, 37.64251294], [127.03089565, 37.64243958], [127.03077503, 37.64232329]]]}, "properties": {"name": "번동 465-1", "status": "empty", "capacity": 4, "active": 0, "industry": "", "vacancy_rate": 100.0, "source": "polygon_only", "capacity_method": "floor_approx", "active_pip": 0, "licensed": 0, "id": "1130510200104650001-1", "pnu": "1130510200104650001", "floors": 4, "height": 13.6}}, {"type": "Feature", "geometry": {"type": "Polygon", "coordinates": [[[127.03123044, 37.64218591], [127.03131445, 37.64213005], [127.03131208, 37.64210527], [127.03125294, 37.64207523], [127.0311712, 37.64212958], [127.03123044, 37.64218591]]]}, "properties": {"name": "번동 465-84", "status": "full", "capacity": 2, "active": 2, "industry": "비알코올 ", "vacancy_rate": 0.0, "vacancy_rate_lo": 0.0, "vacancy_rate_hi": 0.0, "stores": 1, "source": "stores+ledger", "capacity_method": "floor_ouln", "active_pip": 0, "licensed": 0, "com_floors": [1, 3], "occ_floors": [1, 3], "unknown_n": 0, "id": "1130510200104650084-1", "pnu": "1130510200104650084", "floors": 8, "height": 24.4}}, {"type": "Feature", "geometry": {"type": "Polygon", "coordinates": [[[127.0307558, 37.64211264], [127.03052665, 37.64227109], [127.03065179, 37.64238333], [127.0307808, 37.64229869], [127.03082569, 37.64234364], [127.03092752, 37.64227612], [127.0307558, 37.64211264]]]}, "properties": {"name": "번동 465-2", "status": "empty", "capacity": 5, "active": 0, "industry": "", "vacancy_rate": 100.0, "source": "polygon_only", "capacity_method": "floor_approx", "active_pip": 0, "licensed": 0, "id": "1130510200104650002-1", "pnu": "1130510200104650002", "floors": 5, "height": 20.3}}, {"type": "Feature", "geometry": {"type": "Polygon", "coordinates": [[[127.03034346, 37.64178335], [127.03026723, 37.64183716], [127.03043069, 37.64198929], [127.03031639, 37.6420678], [127.03038123, 37.64213319], [127.03057765, 37.64200025], [127.03034346, 37.64178335]]]}, "properties": {"name": "번동 465-3", "status": "empty", "capacity": 2, "active": 0, "industry": "", "vacancy_rate": 100.0, "source": "polygon_only", "capacity_method": "floor_approx", "active_pip": 0, "licensed": 0, "id": "1130510200104650003-1", "pnu": "1130510200104650003", "floors": 2, "height": 9.2}}, {"type": "Feature", "geometry": {"type": "Polygon", "coordinates": [[[127.02637115, 37.64185241], [127.02630995, 37.64179693], [127.02627993, 37.64181838], [127.02629523, 37.64183226], [127.02626499, 37.6418528], [127.02630851, 37.64189676], [127.02637115, 37.64185241]]]}, "properties": {"name": "주차장", "status": "high", "capacity": 15, "active": 4, "industry": "가전·통신 소매", "vacancy_rate": 73.3, "vacancy_rate_lo": null, "vacancy_rate_hi": null, "stores": 4, "source": "stores+ledger", "capacity_method": "expos_units", "active_pip": 0, "licensed": 0, "com_floors": null, "occ_floors": null, "unknown_n": null, "id": "1130510300101760001-1", "pnu": "1130510300101760001", "floors": 0, "height": 0.0}}, {"type": "Feature", "geometry": {"type": "Polygon", "coordinates": [[[127.02651898, 37.64174751], [127.02657358, 37.64170596], [127.0265049, 37.64164408], [127.02644633, 37.64168445], [127.02651898, 37.64174751]]]}, "properties": {"name": "수유동 176-4", "status": "partial", "capacity": 2, "active": 1, "industry": "이용·미용", "vacancy_rate": 50.0, "vacancy_rate_lo": 50.0, "vacancy_rate_hi": 100.0, "stores": 1, "source": "stores+ledger", "capacity_method": "floor_ouln", "active_pip": 0, "licensed": 0, "com_floors": [1, 2], "occ_floors": [], "unknown_n": 1, "id": "1130510300101760004-1", "pnu": "1130510300101760004", "floors": 2, "height": 0.0}}, {"type": "Feature", "geometry": {"type": "Polygon", "coordinates": [[[127.02633855, 37.6419328], [127.02622359, 37.64201616], [127.02622213, 37.64206662], [127.02629115, 37.64212904], [127.02639559, 37.64205604], [127.0263846, 37.64204829], [127.02642901, 37.64201846], [127.02633855, 37.6419328]]]}, "properties": {"name": "일부", "status": "full", "capacity": 2, "active": 2, "industry": "기타 간이", "vacancy_rate": 0.0, "vacancy_rate_lo": 0.0, "vacancy_rate_hi": 50.0, "stores": 4, "source": "stores+ledger", "capacity_method": "floor_ouln", "active_pip": 0, "licensed": 0, "com_floors": [1, 2], "occ_floors": [1], "unknown_n": 1, "id": "1130510300101750061-1", "pnu": "1130510300101750061", "floors": 3, "height": 0.0}}, {"type": "Feature", "geometry": {"type": "Polygon", "coordinates": [[[127.0263067, 37.64189793], [127.0262642, 37.64185929], [127.02617131, 37.6419249], [127.02612915, 37.64188617], [127.02607829, 37.64192357], [127.02614652, 37.64198122], [127.02618878, 37.6419822], [127.0263067, 37.64189793]]]}, "properties": {"name": "주차장", "status": "high", "capacity": 15, "active": 4, "industry": "가전·통신 소매", "vacancy_rate": 73.3, "vacancy_rate_lo": null, "vacancy_rate_hi": null, "stores": 4, "source": "stores+ledger", "capacity_method": "expos_units", "active_pip": 0, "licensed": 0, "com_floors": null, "occ_floors": null, "unknown_n": null, "id": "1130510300101760001-2", "pnu": "1130510300101760001", "floors": 0, "height": 0.0}}, {"type": "Feature", "geometry": {"type": "Polygon", "coordinates": [[[127.02646135, 37.64216243], [127.02639281, 37.64221686], [127.02653018, 37.64234342], [127.02656123, 37.642349], [127.02669059, 37.64225626], [127.02662916, 37.64219744], [127.02656131, 37.64224548], [127.02646135, 37.64216243]]]}, "properties": {"name": "수유동 175-52", "status": "full", "capacity": 2, "active": 2, "industry": "기타 간이", "vacancy_rate": 0.0, "vacancy_rate_lo": 0.0, "vacancy_rate_hi": 50.0, "stores": 6, "source": "stores+ledger", "capacity_method": "floor_ouln", "active_pip": 0, "licensed": 0, "com_floors": [1, 3], "occ_floors": [1], "unknown_n": 1, "id": "1130510300101750052-1", "pnu": "1130510300101750052", "floors": 4, "height": 12.6}}, {"type": "Feature", "geometry": {"type": "Polygon", "coordinates": [[[127.0261478, 37.64144684], [127.0261025, 37.64147839], [127.02617186, 37.64151486], [127.02619893, 37.64149891], [127.0261478, 37.64144684]]]}, "properties": {"name": "수유동 176-49", "status": "empty", "capacity": 3, "active": 0, "industry": "", "vacancy_rate": 100.0, "source": "polygon_only", "capacity_method": "floor_approx", "active_pip": 0, "licensed": 0, "id": "1130510300101760049-1", "pnu": "1130510300101760049", "floors": 3, "height": 9.1}}, {"type": "Feature", "geometry": {"type": "Polygon", "coordinates": [[[127.0261746, 37.64191914], [127.02626612, 37.64184839], [127.02619891, 37.64178885], [127.02616028, 37.64181598], [127.02618987, 37.64184282], [127.02613561, 37.64188437], [127.0261746, 37.64191914]]]}, "properties": {"name": "주차장", "status": "high", "capacity": 15, "active": 4, "industry": "가전·통신 소매", "vacancy_rate": 73.3, "vacancy_rate_lo": null, "vacancy_rate_hi": null, "stores": 4, "source": "stores+ledger", "capacity_method": "expos_units", "active_pip": 0, "licensed": 0, "com_floors": null, "occ_floors": null, "unknown_n": null, "id": "1130510300101760001-3", "pnu": "1130510300101760001", "floors": 0, "height": 0.0}}, {"type": "Feature", "geometry": {"type": "Polygon", "coordinates": [[[127.0256771, 37.64242704], [127.02573865, 37.6424871], [127.02586249, 37.64240685], [127.02580093, 37.64234679], [127.02567749, 37.64242678], [127.0256771, 37.64242704]]]}, "properties": {"name": "도담빌", "status": "high", "capacity": 4, "active": 1, "industry": "이용·미용", "vacancy_rate": 75.0, "vacancy_rate_lo": null, "vacancy_rate_hi": null, "stores": 1, "source": "stores+ledger", "capacity_method": "expos_units", "active_pip": 0, "licensed": 0, "com_floors": null, "occ_floors": null, "unknown_n": null, "id": "1130510300101800057-1", "pnu": "1130510300101800057", "floors": 3, "height": 8.6}}, {"type": "Feature", "geometry": {"type": "Polygon", "coordinates": [[[127.02840945, 37.63936304], [127.02835211, 37.63931208], [127.02830068, 37.63934866], [127.02831428, 37.63936075], [127.02830492, 37.63936742], [127.02829132, 37.63935533], [127.02823904, 37.63939252], [127.02829487, 37.63944214], [127.028343, 37.6394079], [127.02834452, 37.63940924], [127.02840945, 37.63936304]]]}, "properties": {"name": "번동 463-75", "status": "empty", "capacity": 7, "active": 0, "industry": "", "vacancy_rate": 100.0, "source": "polygon_only", "capacity_method": "floor_approx", "active_pip": 0, "licensed": 0, "id": "1130510200104630075-1", "pnu": "1130510200104630075", "floors": 7, "height": 22.9}}, {"type": "Feature", "geometry": {"type": "Polygon", "coordinates": [[[127.02824921, 37.63805541], [127.02832436, 37.63812684], [127.02837929, 37.63809034], [127.02830177, 37.6380144], [127.02824921, 37.63805541]]]}, "properties": {"name": "번동 417-82", "status": "full", "capacity": 1, "active": 1, "industry": "종합 소매", "vacancy_rate": 0.0, "vacancy_rate_lo": 0.0, "vacancy_rate_hi": 0.0, "stores": 1, "source": "stores+ledger", "capacity_method": "floor_ouln", "active_pip": 0, "licensed": 0, "com_floors": [1], "occ_floors": [1], "unknown_n": 0, "id": "1130510200104170082-1", "pnu": "1130510200104170082", "floors": 4, "height": 11.7}}, {"type": "Feature", "geometry": {"type": "Polygon", "coordinates": [[[127.02777122, 37.63837346], [127.02772905, 37.63840063], [127.02775124, 37.63842241], [127.02776688, 37.63841232], [127.02777146, 37.63841682], [127.02775582, 37.6384269], [127.02779279, 37.6384632], [127.02786017, 37.6384198], [127.02781897, 37.63837935], [127.02779376, 37.6383956], [127.02777122, 37.63837346]]]}, "properties": {"name": "번동 417-1", "status": "empty", "capacity": 6, "active": 0, "industry": "", "vacancy_rate": 100.0, "source": "polygon_only", "capacity_method": "floor_approx", "active_pip": 0, "licensed": 0, "id": "1130510200104170001-1", "pnu": "1130510200104170001", "floors": 6, "height": 17.5}}, {"type": "Feature", "geometry": {"type": "Polygon", "coordinates": [[[127.02838996, 37.63806858], [127.02845422, 37.63802706], [127.02838462, 37.63795919], [127.02832052, 37.63800061], [127.02838996, 37.63806858]]]}, "properties": {"name": "번동 417-76", "status": "empty", "capacity": 5, "active": 0, "industry": "", "vacancy_rate": 100.0, "source": "polygon_only", "capacity_method": "floor_approx", "active_pip": 0, "licensed": 0, "id": "1130510200104170076-1", "pnu": "1130510200104170076", "floors": 5, "height": 16.6}}, {"type": "Feature", "geometry": {"type": "Polygon", "coordinates": [[[127.03014166, 37.63979574], [127.02998194, 37.63990417], [127.0300384, 37.63995713], [127.03020038, 37.63984969], [127.03014166, 37.63979574]]]}, "properties": {"name": "일부", "status": "full", "capacity": 2, "active": 2, "industry": "이용·미용", "vacancy_rate": 0.0, "vacancy_rate_lo": 0.0, "vacancy_rate_hi": 50.0, "stores": 7, "source": "stores+ledger", "capacity_method": "floor_ouln", "active_pip": 0, "licensed": 0, "com_floors": [1, 2], "occ_floors": [1], "unknown_n": 1, "id": "1130510200104620018-1", "pnu": "1130510200104620018", "floors": 0, "height": 0.0}}, {"type": "Feature", "geometry": {"type": "Polygon", "coordinates": [[[127.03045721, 37.641192], [127.03046937, 37.64129156], [127.03058414, 37.64128279], [127.03060124, 37.64126918], [127.03059135, 37.64118053], [127.03045721, 37.641192]]]}, "properties": {"name": "번동 467-21", "status": "empty", "capacity": 4, "active": 0, "industry": "", "vacancy_rate": 100.0, "source": "polygon_only", "capacity_method": "floor_approx", "active_pip": 0, "licensed": 0, "id": "1130510200104670021-1", "pnu": "1130510200104670021", "floors": 4, "height": 11.15}}, {"type": "Feature", "geometry": {"type": "Polygon", "coordinates": [[[127.02919899, 37.63978111], [127.02916862, 37.63974777], [127.02915842, 37.63975734], [127.02911694, 37.63972077], [127.0290679, 37.63975592], [127.02907322, 37.63977763], [127.02906315, 37.63978853], [127.02908106, 37.63980655], [127.02911642, 37.63983852], [127.02919899, 37.63978111]]]}, "properties": {"name": "우측", "status": "full", "capacity": 1, "active": 1, "industry": "이용·미용", "vacancy_rate": 0.0, "vacancy_rate_lo": 0.0, "vacancy_rate_hi": 0.0, "stores": 2, "source": "stores+ledger", "capacity_method": "floor_ouln", "active_pip": 0, "licensed": 0, "com_floors": [1], "occ_floors": [1], "unknown_n": 0, "id": "1130510200104620025-1", "pnu": "1130510200104620025", "floors": 2, "height": 0.0}}, {"type": "Feature", "geometry": {"type": "Polygon", "coordinates": [[[127.02901772, 37.64069971], [127.02908641, 37.64076222], [127.02915313, 37.64071823], [127.02908875, 37.64065077], [127.02901772, 37.64069971]]]}, "properties": {"name": "번동 463-38", "status": "full", "capacity": 2, "active": 2, "industry": "기타 간이", "vacancy_rate": 0.0, "vacancy_rate_lo": 0.0, "vacancy_rate_hi": 50.0, "stores": 1, "source": "stores+ledger", "capacity_method": "floor_ouln", "active_pip": 0, "licensed": 0, "com_floors": [1, 4], "occ_floors": [1], "unknown_n": 1, "id": "1130510200104630038-1", "pnu": "1130510200104630038", "floors": 4, "height": 12.3}}, {"type": "Feature", "geometry": {"type": "Polygon", "coordinates": [[[127.02993285, 37.64008141], [127.0300063, 37.64014761], [127.03010382, 37.64008344], [127.03002913, 37.64001309], [127.02993285, 37.64008141]]]}, "properties": {"name": "일부", "status": "full", "capacity": 1, "active": 1, "industry": "세탁", "vacancy_rate": 0.0, "vacancy_rate_lo": 0.0, "vacancy_rate_hi": 0.0, "stores": 2, "source": "stores+ledger", "capacity_method": "floor_ouln", "active_pip": 0, "licensed": 0, "com_floors": [1], "occ_floors": [1], "unknown_n": 0, "id": "1130510200104620106-1", "pnu": "1130510200104620106", "floors": 3, "height": 0.0}}, {"type": "Feature", "geometry": {"type": "Polygon", "coordinates": [[[127.03010269, 37.64008091], [127.0301361, 37.64005721], [127.03006391, 37.6399911], [127.03003287, 37.64001291], [127.03010269, 37.64008091]]]}, "properties": {"name": "일부", "status": "full", "capacity": 2, "active": 2, "industry": "이용·미용", "vacancy_rate": 0.0, "vacancy_rate_lo": 0.0, "vacancy_rate_hi": 50.0, "stores": 7, "source": "stores+ledger", "capacity_method": "floor_ouln", "active_pip": 0, "licensed": 0, "com_floors": [1, 2], "occ_floors": [1], "unknown_n": 1, "id": "1130510200104620018-2", "pnu": "1130510200104620018", "floors": 0, "height": 0.0}}, {"type": "Feature", "geometry": {"type": "Polygon", "coordinates": [[[127.03012779, 37.63994701], [127.03010138, 37.63991936], [127.03003829, 37.63996154], [127.03006798, 37.6399883], [127.03012779, 37.63994701]]]}, "properties": {"name": "일부", "status": "full", "capacity": 2, "active": 2, "industry": "이용·미용", "vacancy_rate": 0.0, "vacancy_rate_lo": 0.0, "vacancy_rate_hi": 50.0, "stores": 7, "source": "stores+ledger", "capacity_method": "floor_ouln", "active_pip": 0, "licensed": 0, "com_floors": [1, 2], "occ_floors": [1], "unknown_n": 1, "id": "1130510200104620018-3", "pnu": "1130510200104620018", "floors": 0, "height": 0.0}}, {"type": "Feature", "geometry": {"type": "Polygon", "coordinates": [[[127.02982812, 37.64139497], [127.02989772, 37.64149839], [127.03007069, 37.64138591], [127.03007227, 37.64135788], [127.02997427, 37.64139106], [127.02982812, 37.64139497]]]}, "properties": {"name": "일부", "status": "full", "capacity": 2, "active": 2, "industry": "기타 간이", "vacancy_rate": 0.0, "vacancy_rate_lo": 0.0, "vacancy_rate_hi": 50.0, "stores": 4, "source": "stores+ledger", "capacity_method": "floor_ouln", "active_pip": 0, "licensed": 0, "com_floors": [1, 2], "occ_floors": [1], "unknown_n": 1, "id": "1130510200104640016-1", "pnu": "1130510200104640016", "floors": 2, "height": 0.0}}, {"type": "Feature", "geometry": {"type": "Polygon", "coordinates": [[[127.02937144, 37.64095198], [127.02933659, 37.64108228], [127.0294328, 37.64110243], [127.02945373, 37.64102647], [127.02943141, 37.64102287], [127.02944521, 37.64096557], [127.02937144, 37.64095198]]]}, "properties": {"name": "번동 464-6", "status": "partial", "capacity": 3, "active": 2, "industry": "한식", "vacancy_rate": 33.3, "vacancy_rate_lo": 33.3, "vacancy_rate_hi": 33.3, "stores": 4, "source": "stores+ledger", "capacity_method": "floor_ouln", "active_pip": 0, "licensed": 0, "com_floors": [1, 2, 3], "occ_floors": [1, 2], "unknown_n": 0, "id": "1130510200104640006-1", "pnu": "1130510200104640006", "floors": 4, "height": 13.5}}, {"type": "Feature", "geometry": {"type": "Polygon", "coordinates": [[[127.02898904, 37.64167896], [127.02902435, 37.64171371], [127.02911304, 37.64165171], [127.02907615, 37.64161665], [127.02898904, 37.64167896]]]}, "properties": {"name": "뷰티의상실앞", "status": "full", "capacity": 3, "active": 3, "industry": "섬유·의복·신발 소매", "vacancy_rate": 0.0, "vacancy_rate_lo": 0.0, "vacancy_rate_hi": 0.0, "stores": 10, "source": "stores+ledger", "capacity_method": "floor_ouln", "active_pip": 0, "licensed": 0, "com_floors": [1, 2, 3], "occ_floors": [1, 2, 3], "unknown_n": 0, "id": "1130510300101730014-1", "pnu": "1130510300101730014", "floors": 0, "height": 0.0}}, {"type": "Feature", "geometry": {"type": "Polygon", "coordinates": [[[127.02940336, 37.64174656], [127.02929467, 37.6416409], [127.02886377, 37.64194337], [127.02890628, 37.64199021], [127.02889574, 37.64199824], [127.02894879, 37.6420494], [127.02940336, 37.64174656]]]}, "properties": {"name": "도현빌딩", "status": "partial", "capacity": 2, "active": 1, "industry": "한식", "vacancy_rate": 50.0, "vacancy_rate_lo": 50.0, "vacancy_rate_hi": 50.0, "stores": 9, "source": "stores+ledger", "capacity_method": "floor_ouln", "active_pip": 0, "licensed": 0, "com_floors": [1, 2], "occ_floors": [1], "unknown_n": 0, "id": "1130510300101680005-1", "pnu": "1130510300101680005", "floors": 2, "height": 0.0}}, {"type": "Feature", "geometry": {"type": "Polygon", "coordinates": [[[127.02996117, 37.64005392], [127.02988499, 37.63998069], [127.02983086, 37.64001791], [127.02990986, 37.64009348], [127.02996117, 37.64005392]]]}, "properties": {"name": "일부", "status": "full", "capacity": 1, "active": 1, "industry": "세탁", "vacancy_rate": 0.0, "vacancy_rate_lo": 0.0, "vacancy_rate_hi": 0.0, "stores": 2, "source": "stores+ledger", "capacity_method": "floor_ouln", "active_pip": 0, "licensed": 0, "com_floors": [1], "occ_floors": [1], "unknown_n": 0, "id": "1130510200104620106-2", "pnu": "1130510200104620106", "floors": 0, "height": 0.0}}, {"type": "Feature", "geometry": {"type": "Polygon", "coordinates": [[[127.02886219, 37.64137025], [127.02884044, 37.64138612], [127.02889043, 37.64143504], [127.02899317, 37.64136311], [127.0289102, 37.64128744], [127.02883476, 37.64134134], [127.02886219, 37.64137025]]]}, "properties": {"name": "수유동 173-19", "status": "full", "capacity": 2, "active": 2, "industry": "시계·귀금속 소매", "vacancy_rate": 0.0, "vacancy_rate_lo": 0.0, "vacancy_rate_hi": 0.0, "stores": 6, "source": "stores+ledger", "capacity_method": "floor_ouln", "active_pip": 0, "licensed": 0, "com_floors": [1, 2], "occ_floors": [1, 2], "unknown_n": 0, "id": "1130510300101730019-1", "pnu": "1130510300101730019", "floors": 2, "height": 8.05}}, {"type": "Feature", "geometry": {"type": "Polygon", "coordinates": [[[127.02939115, 37.64087196], [127.029433, 37.64075339], [127.02941917, 37.64074159], [127.0295262, 37.64065706], [127.02946681, 37.64060445], [127.02926396, 37.64074397], [127.02926694, 37.64076108], [127.02939115, 37.64087196]]]}, "properties": {"name": "우측호", "status": "full", "capacity": 2, "active": 2, "industry": "안경·정밀기기 소매", "vacancy_rate": 0.0, "vacancy_rate_lo": 0.0, "vacancy_rate_hi": 50.0, "stores": 7, "source": "stores+ledger", "capacity_method": "floor_ouln", "active_pip": 0, "licensed": 0, "com_floors": [1, 2], "occ_floors": [1], "unknown_n": 1, "id": "1130510200104640015-1", "pnu": "1130510200104640015", "floors": 3, "height": 0.0}}, {"type": "Feature", "geometry": {"type": "Polygon", "coordinates": [[[127.02898679, 37.64167778], [127.02907345, 37.64161519], [127.02901789, 37.64156141], [127.02892707, 37.64162537], [127.02898679, 37.64167778]]]}, "properties": {"name": "뷰티의상실앞", "status": "full", "capacity": 3, "active": 3, "industry": "섬유·의복·신발 소매", "vacancy_rate": 0.0, "vacancy_rate_lo": 0.0, "vacancy_rate_hi": 0.0, "stores": 10, "source": "stores+ledger", "capacity_method": "floor_ouln", "active_pip": 0, "licensed": 0, "com_floors": [1, 2, 3], "occ_floors": [1, 2, 3], "unknown_n": 0, "id": "1130510300101730014-2", "pnu": "1130510300101730014", "floors": 0, "height": 0.0}}, {"type": "Feature", "geometry": {"type": "Polygon", "coordinates": [[[127.03052462, 37.64144912], [127.03064845, 37.64142999], [127.03062394, 37.64133432], [127.03050134, 37.64135471], [127.03052462, 37.64144912]]]}, "properties": {"name": "좌측", "status": "high", "capacity": 3, "active": 1, "industry": "기타 가정용품 수리", "vacancy_rate": 66.7, "vacancy_rate_lo": 66.7, "vacancy_rate_hi": 66.7, "stores": 2, "source": "stores+ledger", "capacity_method": "floor_ouln", "active_pip": 0, "licensed": 0, "com_floors": [1, 2, 3], "occ_floors": [1], "unknown_n": 0, "id": "1130510200104660031-1", "pnu": "1130510200104660031", "floors": 3, "height": 0.0}}, {"type": "Feature", "geometry": {"type": "Polygon", "coordinates": [[[127.03010481, 37.64086756], [127.03006445, 37.64078423], [127.0299421, 37.64082345], [127.02992296, 37.64085526], [127.02993952, 37.64088941], [127.03006698, 37.64088027], [127.03010481, 37.64086756]]]}, "properties": {"name": "번동 467-36", "status": "full", "capacity": 1, "active": 1, "industry": "주점", "vacancy_rate": 0.0, "vacancy_rate_lo": 0.0, "vacancy_rate_hi": 0.0, "stores": 3, "source": "stores+ledger", "capacity_method": "floor_ouln", "active_pip": 0, "licensed": 0, "com_floors": [1], "occ_floors": [1], "unknown_n": 0, "id": "1130510200104670036-1", "pnu": "1130510200104670036", "floors": 2, "height": 0.0}}, {"type": "Feature", "geometry": {"type": "Polygon", "coordinates": [[[127.0288183, 37.64153119], [127.02891226, 37.64161955], [127.0290355, 37.64153581], [127.02899946, 37.64150249], [127.02896423, 37.64152764], [127.02890177, 37.64147125], [127.0288183, 37.64153119]]]}, "properties": {"name": "일부", "status": "full", "capacity": 2, "active": 2, "industry": "섬유·의복·신발 소매", "vacancy_rate": 0.0, "vacancy_rate_lo": 0.0, "vacancy_rate_hi": 0.0, "stores": 4, "source": "stores+ledger", "capacity_method": "floor_ouln", "active_pip": 0, "licensed": 0, "com_floors": [1, 2], "occ_floors": [1, 2], "unknown_n": 0, "id": "1130510300101730015-1", "pnu": "1130510300101730015", "floors": 0, "height": 0.0}}, {"type": "Feature", "geometry": {"type": "Polygon", "coordinates": [[[127.02905666, 37.64058707], [127.0291683, 37.64068904], [127.0292315, 37.64064109], [127.02912621, 37.6405439], [127.02905666, 37.64058707]]]}, "properties": {"name": "번동 463-35", "status": "full", "capacity": 1, "active": 1, "industry": "유원지·오락", "vacancy_rate": 0.0, "vacancy_rate_lo": 0.0, "vacancy_rate_hi": 0.0, "stores": 2, "source": "stores+ledger", "capacity_method": "floor_ouln", "active_pip": 0, "licensed": 0, "com_floors": [1], "occ_floors": [1], "unknown_n": 0, "id": "1130510200104630035-1", "pnu": "1130510200104630035", "floors": 4, "height": 12.15}}, {"type": "Feature", "geometry": {"type": "Polygon", "coordinates": [[[127.0290292, 37.64138454], [127.02890619, 37.64146819], [127.02896729, 37.64152294], [127.02899855, 37.64149547], [127.02903947, 37.6415323], [127.02912102, 37.64147336], [127.0290292, 37.64138454]]]}, "properties": {"name": "일부", "status": "full", "capacity": 2, "active": 2, "industry": "섬유·의복·신발 소매", "vacancy_rate": 0.0, "vacancy_rate_lo": 0.0, "vacancy_rate_hi": 0.0, "stores": 4, "source": "stores+ledger", "capacity_method": "floor_ouln", "active_pip": 0, "licensed": 0, "com_floors": [1, 2], "occ_floors": [1, 2], "unknown_n": 0, "id": "1130510300101730015-2", "pnu": "1130510300101730015", "floors": 2, "height": 7.4}}, {"type": "Feature", "geometry": {"type": "Polygon", "coordinates": [[[127.02979853, 37.64079826], [127.02965987, 37.64084172], [127.02968767, 37.64090364], [127.02984601, 37.6409218], [127.02985353, 37.64091898], [127.02979853, 37.64079826]]]}, "properties": {"name": "상가", "status": "partial", "capacity": 2, "active": 1, "industry": "주점", "vacancy_rate": 50.0, "vacancy_rate_lo": 50.0, "vacancy_rate_hi": 50.0, "stores": 2, "source": "stores+ledger", "capacity_method": "floor_ouln", "active_pip": 0, "licensed": 0, "com_floors": [1, 2], "occ_floors": [1], "unknown_n": 0, "id": "1130510200104640013-1", "pnu": "1130510200104640013", "floors": 3, "height": 0.0}}, {"type": "Feature", "geometry": {"type": "Polygon", "coordinates": [[[127.03032715, 37.63981011], [127.030069, 37.6399883], [127.03013939, 37.64005351], [127.03039628, 37.63987586], [127.03032715, 37.63981011]]]}, "properties": {"name": "일부", "status": "full", "capacity": 2, "active": 2, "industry": "이용·미용", "vacancy_rate": 0.0, "vacancy_rate_lo": 0.0, "vacancy_rate_hi": 50.0, "stores": 7, "source": "stores+ledger", "capacity_method": "floor_ouln", "active_pip": 0, "licensed": 0, "com_floors": [1, 2], "occ_floors": [1], "unknown_n": 1, "id": "1130510200104620018-4", "pnu": "1130510200104620018", "floors": 3, "height": 11.0}}, {"type": "Feature", "geometry": {"type": "Polygon", "coordinates": [[[127.03122461, 37.64117405], [127.03122324, 37.64114675], [127.03123117, 37.64114702], [127.03123384, 37.64106323], [127.0311185, 37.64106011], [127.03111683, 37.64109245], [127.03110662, 37.64109218], [127.03110519, 37.64116976], [127.03122461, 37.64117405]]]}, "properties": {"name": "라움빌", "status": "full", "capacity": 1, "active": 1, "industry": "이용·미용", "vacancy_rate": 0.0, "vacancy_rate_lo": null, "vacancy_rate_hi": null, "stores": 1, "source": "stores+ledger", "capacity_method": "expos_units", "active_pip": 0, "licensed": 0, "com_floors": null, "occ_floors": null, "unknown_n": null, "id": "1130510200104670001-1", "pnu": "1130510200104670001", "floors": 5, "height": 15.05}}, {"type": "Feature", "geometry": {"type": "Polygon", "coordinates": [[[127.02994475, 37.64064478], [127.02992523, 37.64057631], [127.02979335, 37.64057824], [127.02983066, 37.64067725], [127.02994475, 37.64064478]]]}, "properties": {"name": "번동 468-2", "status": "full", "capacity": 1, "active": 1, "industry": "주점", "vacancy_rate": 0.0, "vacancy_rate_lo": 0.0, "vacancy_rate_hi": 0.0, "stores": 3, "source": "stores+ledger", "capacity_method": "floor_ouln", "active_pip": 0, "licensed": 0, "com_floors": [1], "occ_floors": [1], "unknown_n": 0, "id": "1130510200104680002-1", "pnu": "1130510200104680002", "floors": 1, "height": 0.0}}, {"type": "Feature", "geometry": {"type": "Polygon", "coordinates": [[[127.02893497, 37.64058107], [127.02881717, 37.64066624], [127.02892235, 37.64076722], [127.02899133, 37.6407181], [127.02896968, 37.64069999], [127.02899358, 37.64068485], [127.02900785, 37.64064502], [127.02893497, 37.64058107]]]}, "properties": {"name": "전체", "status": "full", "capacity": 3, "active": 3, "industry": "한식", "vacancy_rate": 0.0, "vacancy_rate_lo": 0.0, "vacancy_rate_hi": 0.0, "stores": 4, "source": "stores+ledger", "capacity_method": "floor_ouln", "active_pip": 0, "licensed": 0, "com_floors": [1, 2, 3], "occ_floors": [1, 2, 3], "unknown_n": 0, "id": "1130510200104630041-1", "pnu": "1130510200104630041", "floors": 5, "height": 17.5}}, {"type": "Feature", "geometry": {"type": "Polygon", "coordinates": [[[127.02996772, 37.64173548], [127.03018152, 37.64160271], [127.03020168, 37.64162179], [127.03026002, 37.64158373], [127.03024023, 37.64156554], [127.03024977, 37.64155771], [127.03022594, 37.64153409], [127.0301493, 37.64158297], [127.03006771, 37.64150651], [127.02986636, 37.64163635], [127.02996772, 37.64173548]]]}, "properties": {"name": "세오빌딩", "status": "partial", "capacity": 5, "active": 3, "industry": "가구 소매", "vacancy_rate": 40.0, "vacancy_rate_lo": 40.0, "vacancy_rate_hi": 40.0, "stores": 4, "source": "stores+ledger", "capacity_method": "floor_ouln", "active_pip": 0, "licensed": 0, "com_floors": [1, 2, 3, 4, 5], "occ_floors": [1, 3, 5], "unknown_n": 0, "id": "1130510200104650087-1", "pnu": "1130510200104650087", "floors": 5, "height": 24.65}}, {"type": "Feature", "geometry": {"type": "Polygon", "coordinates": [[[127.02800706, 37.64220144], [127.02798847, 37.6421784], [127.02786295, 37.64223905], [127.02781129, 37.64226312], [127.02787387, 37.64234563], [127.02795349, 37.64230456], [127.02805172, 37.64225666], [127.02800706, 37.64220144]]]}, "properties": {"name": "북한산그랑빌", "status": "full", "capacity": 1, "active": 1, "industry": "한식", "vacancy_rate": 0.0, "vacancy_rate_lo": null, "vacancy_rate_hi": null, "stores": 1, "source": "stores+ledger", "capacity_method": "expos_units", "active_pip": 0, "licensed": 0, "com_floors": null, "occ_floors": null, "unknown_n": null, "id": "1130510300101720158-1", "pnu": "1130510300101720158", "floors": 5, "height": 13.5}}, {"type": "Feature", "geometry": {"type": "Polygon", "coordinates": [[[127.02805909, 37.64225197], [127.02813023, 37.6422161], [127.02806086, 37.64213079], [127.02799209, 37.6421654], [127.02805909, 37.64225197]]]}, "properties": {"name": "수유동 172-162", "status": "partial", "capacity": 2, "active": 1, "industry": "섬유·의복·신발 소매", "vacancy_rate": 50.0, "vacancy_rate_lo": 50.0, "vacancy_rate_hi": 50.0, "stores": 1, "source": "stores+ledger", "capacity_method": "floor_ouln", "active_pip": 0, "licensed": 0, "com_floors": [1, 2], "occ_floors": [2], "unknown_n": 0, "id": "1130510300101720162-1", "pnu": "1130510300101720162", "floors": 3, "height": 9.8}}, {"type": "Feature", "geometry": {"type": "Polygon", "coordinates": [[[127.02774186, 37.6423208], [127.02766788, 37.64235361], [127.02771685, 37.64241216], [127.02778346, 37.64237989], [127.02774186, 37.6423208]]]}, "properties": {"name": "좌측", "status": "full", "capacity": 1, "active": 1, "industry": "의약·화장품 소매", "vacancy_rate": 0.0, "vacancy_rate_lo": 0.0, "vacancy_rate_hi": 0.0, "stores": 2, "source": "stores+ledger", "capacity_method": "floor_ouln", "active_pip": 0, "licensed": 0, "com_floors": [1], "occ_floors": [1], "unknown_n": 0, "id": "1130510300101720154-1", "pnu": "1130510300101720154", "floors": 3, "height": 8.3}}, {"type": "Feature", "geometry": {"type": "Polygon", "coordinates": [[[127.02888798, 37.64212266], [127.02878436, 37.6419897], [127.0287532, 37.64198556], [127.02867504, 37.64202712], [127.02878149, 37.6421717], [127.02888798, 37.64212266]]]}, "properties": {"name": "은경빌딩", "status": "full", "capacity": 2, "active": 2, "industry": "한식", "vacancy_rate": 0.0, "vacancy_rate_lo": 0.0, "vacancy_rate_hi": 50.0, "stores": 4, "source": "stores+ledger", "capacity_method": "floor_ouln", "active_pip": 0, "licensed": 0, "com_floors": [1, 2], "occ_floors": [1], "unknown_n": 1, "id": "1130510300101690002-1", "pnu": "1130510300101690002", "floors": 2, "height": 7.5}}, {"type": "Feature", "geometry": {"type": "Polygon", "coordinates": [[[127.0278977, 37.64241455], [127.02799199, 37.64246904], [127.0280502, 37.64241046], [127.0280179, 37.64239164], [127.02802595, 37.64238344], [127.02799489, 37.64236651], [127.0278977, 37.64241455]]]}, "properties": {"name": "수유동 169-18", "status": "empty", "capacity": 1, "active": 0, "industry": "", "vacancy_rate": 100.0, "source": "polygon_only", "capacity_method": "floor_approx", "active_pip": 0, "licensed": 0, "id": "1130510300101690018-1", "pnu": "1130510300101690018", "floors": 1, "height": 0.0}}, {"type": "Feature", "geometry": {"type": "Polygon", "coordinates": [[[127.0290434, 37.64233273], [127.02896749, 37.64235663], [127.02897804, 37.64237383], [127.02889386, 37.6424071], [127.02893106, 37.64248458], [127.02910575, 37.64241453], [127.0290434, 37.64233273]]]}, "properties": {"name": "수유동 169-53", "status": "empty", "capacity": 2, "active": 0, "industry": "", "vacancy_rate": 100.0, "source": "polygon_only", "capacity_method": "floor_approx", "active_pip": 0, "licensed": 0, "id": "1130510300101690053-1", "pnu": "1130510300101690053", "floors": 2, "height": 0.0}}, {"type": "Feature", "geometry": {"type": "Polygon", "coordinates": [[[127.03111178, 37.64204804], [127.03118885, 37.64211929], [127.03127856, 37.64205304], [127.03121849, 37.64200359], [127.03118065, 37.64199676], [127.03111178, 37.64204804]]]}, "properties": {"name": "번동 465-83", "status": "full", "capacity": 1, "active": 1, "industry": "자동차 수리·세차", "vacancy_rate": 0.0, "vacancy_rate_lo": 0.0, "vacancy_rate_hi": 100.0, "stores": 1, "source": "stores+ledger", "capacity_method": "floor_ouln", "active_pip": 0, "licensed": 0, "com_floors": [1], "occ_floors": [], "unknown_n": 1, "id": "1130510200104650083-1", "pnu": "1130510200104650083", "floors": 2, "height": 7.7}}, {"type": "Feature", "geometry": {"type": "Polygon", "coordinates": [[[127.02920345, 37.64219908], [127.02910093, 37.64226767], [127.02915863, 37.64234487], [127.02926896, 37.64226781], [127.02920345, 37.64219908]]]}, "properties": {"name": "수유동 168-53", "status": "empty", "capacity": 4, "active": 0, "industry": "", "vacancy_rate": 100.0, "source": "polygon_only", "capacity_method": "floor_approx", "active_pip": 0, "licensed": 0, "id": "1130510300101680053-1", "pnu": "1130510300101680053", "floors": 4, "height": 11.7}}, {"type": "Feature", "geometry": {"type": "Polygon", "coordinates": [[[127.0282076, 37.64226834], [127.02835868, 37.64236744], [127.0284263, 37.64230226], [127.0283959, 37.64224468], [127.02834361, 37.64221036], [127.02832515, 37.64222816], [127.02831087, 37.64221879], [127.02829041, 37.64223851], [127.02828145, 37.64223263], [127.0282076, 37.64226834]]]}, "properties": {"name": "행루즈", "status": "full", "capacity": 1, "active": 1, "industry": "이용·미용", "vacancy_rate": 0.0, "vacancy_rate_lo": null, "vacancy_rate_hi": null, "stores": 1, "source": "stores+ledger", "capacity_method": "expos_units", "active_pip": 0, "licensed": 0, "com_floors": null, "occ_floors": null, "unknown_n": null, "id": "1130510300101690004-1", "pnu": "1130510300101690004", "floors": 5, "height": 14.85}}, {"type": "Feature", "geometry": {"type": "Polygon", "coordinates": [[[127.0297707, 37.64258441], [127.03002821, 37.64241126], [127.03000855, 37.64239277], [127.03001019, 37.64239167], [127.02984203, 37.64223354], [127.02957693, 37.64241179], [127.02973999, 37.64256512], [127.02974594, 37.64256113], [127.0297707, 37.64258441]]]}, "properties": {"name": "수유동 168-12", "status": "empty", "capacity": 10, "active": 0, "industry": "", "vacancy_rate": 100.0, "source": "polygon_only", "capacity_method": "floor_approx", "active_pip": 0, "licensed": 0, "id": "1130510300101680012-1", "pnu": "1130510300101680012", "floors": 10, "height": 49.2}}, {"type": "Feature", "geometry": {"type": "Polygon", "coordinates": [[[127.02808227, 37.64234703], [127.02808276, 37.64234953], [127.02821013, 37.64242423], [127.02827817, 37.64235173], [127.02817849, 37.6422876], [127.02815292, 37.64231176], [127.02814149, 37.64230479], [127.02811601, 37.64232899], [127.02810502, 37.64232296], [127.02808227, 37.64234703]]]}, "properties": {"name": "드림하이빌", "status": "high", "capacity": 3, "active": 1, "industry": "세탁", "vacancy_rate": 66.7, "vacancy_rate_lo": null, "vacancy_rate_hi": null, "stores": 1, "source": "stores+ledger", "capacity_method": "expos_units", "active_pip": 0, "licensed": 0, "com_floors": null, "occ_floors": null, "unknown_n": null, "id": "1130510300101690005-1", "pnu": "1130510300101690005", "floors": 5, "height": 14.65}}, {"type": "Feature", "geometry": {"type": "Polygon", "coordinates": [[[127.02902739, 37.6421075], [127.02907194, 37.64214975], [127.02915069, 37.64209724], [127.02904424, 37.64199632], [127.02897765, 37.64204072], [127.02903954, 37.6420994], [127.02902739, 37.6421075]]]}, "properties": {"name": "수유동 168-6", "status": "empty", "capacity": 9, "active": 0, "industry": "", "vacancy_rate": 100.0, "source": "polygon_only", "capacity_method": "floor_approx", "active_pip": 0, "licensed": 0, "id": "1130510300101680006-1", "pnu": "1130510300101680006", "floors": 9, "height": 28.7}}, {"type": "Feature", "geometry": {"type": "Polygon", "coordinates": [[[127.03104445, 37.63927717], [127.03098782, 37.63932025], [127.03108937, 37.63940996], [127.03114385, 37.63936697], [127.03104445, 37.63927717]]]}, "properties": {"name": "우측", "status": "full", "capacity": 1, "active": 1, "industry": "이용·미용", "vacancy_rate": 0.0, "vacancy_rate_lo": 0.0, "vacancy_rate_hi": 0.0, "stores": 1, "source": "stores+ledger", "capacity_method": "floor_ouln", "active_pip": 0, "licensed": 0, "com_floors": [1], "occ_floors": [1], "unknown_n": 0, "id": "1130510200104620002-1", "pnu": "1130510200104620002", "floors": 4, "height": 11.1}}, {"type": "Feature", "geometry": {"type": "Polygon", "coordinates": [[[127.02946601, 37.63854228], [127.02926824, 37.63867468], [127.02934712, 37.63874629], [127.02954444, 37.63861902], [127.02946601, 37.63854228]]]}, "properties": {"name": "주차장입구쪽", "status": "full", "capacity": 1, "active": 1, "industry": "자동차 수리·세차", "vacancy_rate": 0.0, "vacancy_rate_lo": 0.0, "vacancy_rate_hi": 0.0, "stores": 2, "source": "stores+ledger", "capacity_method": "floor_ouln", "active_pip": 0, "licensed": 0, "com_floors": [1], "occ_floors": [1], "unknown_n": 0, "id": "1130510200104610064-1", "pnu": "1130510200104610064", "floors": 0, "height": 0.0}}, {"type": "Feature", "geometry": {"type": "Polygon", "coordinates": [[[127.02856189, 37.63918103], [127.02853958, 37.63919941], [127.02852983, 37.63919095], [127.02847717, 37.63923718], [127.02862655, 37.63937049], [127.02864908, 37.63935165], [127.02865872, 37.63935931], [127.0287097, 37.63931677], [127.02856189, 37.63918103]]]}, "properties": {"name": "명칭없음", "status": "partial", "capacity": 2, "active": 1, "industry": "일식", "vacancy_rate": 50.0, "vacancy_rate_lo": null, "vacancy_rate_hi": null, "stores": 1, "source": "stores+ledger", "capacity_method": "expos_units", "active_pip": 0, "licensed": 0, "com_floors": null, "occ_floors": null, "unknown_n": null, "id": "1130510200104610062-1", "pnu": "1130510200104610062", "floors": 4, "height": 12.8}}, {"type": "Feature", "geometry": {"type": "Polygon", "coordinates": [[[127.02882632, 37.63941702], [127.02876806, 37.63935974], [127.02868434, 37.63941201], [127.02868504, 37.63943571], [127.02872992, 37.63948147], [127.02882632, 37.63941702]]]}, "properties": {"name": "진하우스", "status": "full", "capacity": 3, "active": 3, "industry": "도서관·사적지", "vacancy_rate": 0.0, "vacancy_rate_lo": 0.0, "vacancy_rate_hi": 0.0, "stores": 4, "source": "stores+ledger", "capacity_method": "floor_ouln", "active_pip": 0, "licensed": 0, "com_floors": [1, 4, 5], "occ_floors": [1, 4, 5], "unknown_n": 0, "id": "1130510200104610080-1", "pnu": "1130510200104610080", "floors": 5, "height": 0.0}}, {"type": "Feature", "geometry": {"type": "Polygon", "coordinates": [[[127.02925969, 37.63857125], [127.02920024, 37.63860946], [127.02926212, 37.63867441], [127.02932385, 37.6386361], [127.02925969, 37.63857125]]]}, "properties": {"name": "주차장입구쪽", "status": "full", "capacity": 1, "active": 1, "industry": "자동차 수리·세차", "vacancy_rate": 0.0, "vacancy_rate_lo": 0.0, "vacancy_rate_hi": 0.0, "stores": 2, "source": "stores+ledger", "capacity_method": "floor_ouln", "active_pip": 0, "licensed": 0, "com_floors": [1], "occ_floors": [1], "unknown_n": 0, "id": "1130510200104610064-2", "pnu": "1130510200104610064", "floors": 0, "height": 0.0}}, {"type": "Feature", "geometry": {"type": "Polygon", "coordinates": [[[127.02887855, 37.63941881], [127.02884015, 37.63944486], [127.02885749, 37.63946035], [127.02881535, 37.6394919], [127.02882737, 37.639501], [127.02880959, 37.63951731], [127.02885005, 37.63955352], [127.0289512, 37.63948565], [127.02887855, 37.63941881]]]}, "properties": {"name": "번동 461-79", "status": "full", "capacity": 1, "active": 1, "industry": "세탁", "vacancy_rate": 0.0, "vacancy_rate_lo": 0.0, "vacancy_rate_hi": 0.0, "stores": 1, "source": "stores+ledger", "capacity_method": "floor_ouln", "active_pip": 0, "licensed": 0, "com_floors": [1], "occ_floors": [1], "unknown_n": 0, "id": "1130510200104610079-1", "pnu": "1130510200104610079", "floors": 5, "height": 15.5}}, {"type": "Feature", "geometry": {"type": "Polygon", "coordinates": [[[127.02868612, 37.63901054], [127.02863761, 37.6389637], [127.02836961, 37.63914098], [127.02841324, 37.63918314], [127.02868612, 37.63901054]]]}, "properties": {"name": "코림플라워", "status": "full", "capacity": 2, "active": 2, "industry": "한식", "vacancy_rate": 0.0, "vacancy_rate_lo": 0.0, "vacancy_rate_hi": 0.0, "stores": 5, "source": "stores+ledger", "capacity_method": "floor_ouln", "active_pip": 0, "licensed": 0, "com_floors": [1, 2], "occ_floors": [1, 2], "unknown_n": 0, "id": "1130510200104610098-1", "pnu": "1130510200104610098", "floors": 2, "height": 0.0}}, {"type": "Feature", "geometry": {"type": "Polygon", "coordinates": [[[127.02792018, 37.63860185], [127.02785652, 37.63864457], [127.02786751, 37.63865267], [127.02784508, 37.63866818], [127.0278852, 37.63870466], [127.02782981, 37.63874729], [127.02789609, 37.63880753], [127.02803861, 37.63871012], [127.02792018, 37.63860185]]]}, "properties": {"name": "외", "status": "full", "capacity": 2, "active": 2, "industry": "이용·미용", "vacancy_rate": 0.0, "vacancy_rate_lo": 0.0, "vacancy_rate_hi": 100.0, "stores": 3, "source": "stores+ledger", "capacity_method": "floor_ouln", "active_pip": 0, "licensed": 0, "com_floors": [1, 2], "occ_floors": [], "unknown_n": 2, "id": "1130510200104170024-1", "pnu": "1130510200104170024", "floors": 5, "height": 15.3}}, {"type": "Feature", "geometry": {"type": "Polygon", "coordinates": [[[127.02804486, 37.63874742], [127.02793725, 37.63881844], [127.02798847, 37.63886365], [127.02808827, 37.63879534], [127.02804486, 37.63874742]]]}, "properties": {"name": "번동 417-31", "status": "full", "capacity": 1, "active": 1, "industry": "주점", "vacancy_rate": 0.0, "vacancy_rate_lo": 0.0, "vacancy_rate_hi": 0.0, "stores": 1, "source": "stores+ledger", "capacity_method": "floor_ouln", "active_pip": 0, "licensed": 0, "com_floors": [1], "occ_floors": [1], "unknown_n": 0, "id": "1130510200104170031-1", "pnu": "1130510200104170031", "floors": 3, "height": 9.3}}, {"type": "Feature", "geometry": {"type": "Polygon", "coordinates": [[[127.02895692, 37.63873314], [127.02888941, 37.63877686], [127.02899753, 37.63887918], [127.02908452, 37.63882285], [127.02905619, 37.63879276], [127.02901756, 37.63881539], [127.02898866, 37.63878783], [127.02900463, 37.63877701], [127.02895692, 37.63873314]]]}, "properties": {"name": "오른쪽", "status": "full", "capacity": 1, "active": 1, "industry": "담배 소매", "vacancy_rate": 0.0, "vacancy_rate_lo": 0.0, "vacancy_rate_hi": 0.0, "stores": 1, "source": "stores+ledger", "capacity_method": "floor_ouln", "active_pip": 0, "licensed": 0, "com_floors": [1], "occ_floors": [1], "unknown_n": 0, "id": "1130510200104610090-1", "pnu": "1130510200104610090", "floors": 1, "height": 0.0}}, {"type": "Feature", "geometry": {"type": "Polygon", "coordinates": [[[127.02835415, 37.63871059], [127.02825402, 37.63878016], [127.02831284, 37.63883421], [127.02841444, 37.63876526], [127.02835415, 37.63871059]]]}, "properties": {"name": "일부", "status": "full", "capacity": 3, "active": 3, "industry": "이용·미용", "vacancy_rate": 0.0, "vacancy_rate_lo": 0.0, "vacancy_rate_hi": 0.0, "stores": 6, "source": "stores+ledger", "capacity_method": "floor_ouln", "active_pip": 0, "licensed": 0, "com_floors": [1, 2, 3], "occ_floors": [1, 2, 3], "unknown_n": 0, "id": "1130510200104170099-1", "pnu": "1130510200104170099", "floors": 3, "height": 0.0}}, {"type": "Feature", "geometry": {"type": "Polygon", "coordinates": [[[127.02764647, 37.63898231], [127.02771594, 37.63905158], [127.02778164, 37.63900642], [127.02771534, 37.63894121], [127.02764647, 37.63898231]]]}, "properties": {"name": "일부", "status": "full", "capacity": 1, "active": 1, "industry": "일반 숙박", "vacancy_rate": 0.0, "vacancy_rate_lo": 0.0, "vacancy_rate_hi": 0.0, "stores": 6, "source": "stores+ledger", "capacity_method": "floor_ouln", "active_pip": 0, "licensed": 0, "com_floors": [1], "occ_floors": [1], "unknown_n": 0, "id": "1130510200104180002-1", "pnu": "1130510200104180002", "floors": 0, "height": 0.0}}, {"type": "Feature", "geometry": {"type": "Polygon", "coordinates": [[[127.02889474, 37.63878992], [127.02878985, 37.63885914], [127.0288379, 37.63890877], [127.02894427, 37.63884045], [127.02889474, 37.63878992]]]}, "properties": {"name": "경성고기꾼", "status": "full", "capacity": 1, "active": 1, "industry": "한식", "vacancy_rate": 0.0, "vacancy_rate_lo": 0.0, "vacancy_rate_hi": 0.0, "stores": 7, "source": "stores+ledger", "capacity_method": "floor_ouln", "active_pip": 0, "licensed": 0, "com_floors": [1], "occ_floors": [1], "unknown_n": 0, "id": "1130510200104610127-1", "pnu": "1130510200104610127", "floors": 0, "height": 0.0}}, {"type": "Feature", "geometry": {"type": "Polygon", "coordinates": [[[127.02940139, 37.63847895], [127.02926592, 37.63856647], [127.02931909, 37.63861655], [127.02941978, 37.6385476], [127.02943475, 37.63856265], [127.02947031, 37.63853759], [127.02940139, 37.63847895]]]}, "properties": {"name": "주차장입구쪽", "status": "full", "capacity": 1, "active": 1, "industry": "자동차 수리·세차", "vacancy_rate": 0.0, "vacancy_rate_lo": 0.0, "vacancy_rate_hi": 0.0, "stores": 2, "source": "stores+ledger", "capacity_method": "floor_ouln", "active_pip": 0, "licensed": 0, "com_floors": [1], "occ_floors": [1], "unknown_n": 0, "id": "1130510200104610064-3", "pnu": "1130510200104610064", "floors": 2, "height": 8.5}}, {"type": "Feature", "geometry": {"type": "Polygon", "coordinates": [[[127.02711236, 37.63823634], [127.02718093, 37.63818921], [127.02719257, 37.63819669], [127.02721966, 37.63817732], [127.02714305, 37.63810682], [127.02704603, 37.63817296], [127.02711352, 37.63823553], [127.02711236, 37.63823634]]]}, "properties": {"name": "번동1", "status": "partial", "capacity": 4, "active": 3, "industry": "한식", "vacancy_rate": 25.0, "vacancy_rate_lo": 25.0, "vacancy_rate_hi": 25.0, "stores": 1, "source": "stores+ledger", "capacity_method": "floor_ouln", "active_pip": 0, "licensed": 0, "com_floors": [1, 2, 3, 4], "occ_floors": [1, 3, 4], "unknown_n": 0, "id": "1130510200104160122-1", "pnu": "1130510200104160122", "floors": 6, "height": 20.7}}, {"type": "Feature", "geometry": {"type": "Polygon", "coordinates": [[[127.02608333, 37.63916277], [127.02615994, 37.63923375], [127.02627425, 37.63916093], [127.02621337, 37.6390994], [127.02617927, 37.63909526], [127.02608333, 37.63916277]]]}, "properties": {"name": "수유동 191-26", "status": "full", "capacity": 3, "active": 3, "industry": "통신장비 수리", "vacancy_rate": 0.0, "vacancy_rate_lo": 0.0, "vacancy_rate_hi": 0.0, "stores": 2, "source": "stores+ledger", "capacity_method": "floor_ouln", "active_pip": 0, "licensed": 0, "com_floors": [1, 2, 3], "occ_floors": [1, 2, 3], "unknown_n": 0, "id": "1130510300101910026-1", "pnu": "1130510300101910026", "floors": 4, "height": 0.0}}, {"type": "Feature", "geometry": {"type": "Polygon", "coordinates": [[[127.02618585, 37.63943107], [127.02610067, 37.63948929], [127.02616334, 37.63954784], [127.02624773, 37.63949124], [127.02618585, 37.63943107]]]}, "properties": {"name": "일부", "status": "full", "capacity": 2, "active": 2, "industry": "주점", "vacancy_rate": 0.0, "vacancy_rate_lo": 0.0, "vacancy_rate_hi": 0.0, "stores": 3, "source": "stores+ledger", "capacity_method": "floor_ouln", "active_pip": 0, "licensed": 0, "com_floors": [1, 2], "occ_floors": [1, 2], "unknown_n": 0, "id": "1130510300101910056-1", "pnu": "1130510300101910056", "floors": 2, "height": 0.0}}, {"type": "Feature", "geometry": {"type": "Polygon", "coordinates": [[[127.0262548, 37.63963368], [127.02633976, 37.63957176], [127.02629658, 37.63953484], [127.0262899, 37.63954105], [127.02624162, 37.63949845], [127.02616527, 37.63955009], [127.0262548, 37.63963368]]]}, "properties": {"name": "수유동 191-57", "status": "full", "capacity": 3, "active": 3, "industry": "비알코올 ", "vacancy_rate": 0.0, "vacancy_rate_lo": 0.0, "vacancy_rate_hi": 33.3, "stores": 4, "source": "stores+ledger", "capacity_method": "floor_ouln", "active_pip": 0, "licensed": 0, "com_floors": [1, 2, 3], "occ_floors": [1, 3], "unknown_n": 1, "id": "1130510300101910057-1", "pnu": "1130510300101910057", "floors": 4, "height": 0.0}}, {"type": "Feature", "geometry": {"type": "Polygon", "coordinates": [[[127.02614994, 37.63878624], [127.02607812, 37.63883112], [127.0260907, 37.63884364], [127.02603803, 37.63888005], [127.0261151, 37.63895121], [127.02623754, 37.63886703], [127.02614994, 37.63878624]]]}, "properties": {"name": "전체", "status": "full", "capacity": 4, "active": 4, "industry": "동남아시아", "vacancy_rate": 0.0, "vacancy_rate_lo": 0.0, "vacancy_rate_hi": 25.0, "stores": 3, "source": "stores+ledger", "capacity_method": "floor_ouln", "active_pip": 0, "licensed": 0, "com_floors": [1, 2, 3, 4], "occ_floors": [1, 2, 3], "unknown_n": 1, "id": "1130510300101910012-1", "pnu": "1130510300101910012", "floors": 4, "height": 13.3}}, {"type": "Feature", "geometry": {"type": "Polygon", "coordinates": [[[127.02590599, 37.63877124], [127.02587586, 37.63879215], [127.0258907, 37.63880431], [127.02582853, 37.6388465], [127.02601043, 37.63901556], [127.02610116, 37.63895248], [127.02590599, 37.63877124]]]}, "properties": {"name": "윤성빌딩", "status": "partial", "capacity": 5, "active": 4, "industry": "오락용품 소매", "vacancy_rate": 20.0, "vacancy_rate_lo": 20.0, "vacancy_rate_hi": 80.0, "stores": 4, "source": "stores+ledger", "capacity_method": "floor_ouln", "active_pip": 0, "licensed": 0, "com_floors": [1, 2, 3, 5, 6], "occ_floors": [3], "unknown_n": 3, "id": "1130510300101910025-1", "pnu": "1130510300101910025", "floors": 10, "height": 34.95}}, {"type": "Feature", "geometry": {"type": "Polygon", "coordinates": [[[127.02608639, 37.63947605], [127.02614993, 37.63942369], [127.02608669, 37.63937009], [127.02602292, 37.63941984], [127.02608639, 37.63947605]]]}, "properties": {"name": "뒤쪽호", "status": "full", "capacity": 1, "active": 1, "industry": "한식", "vacancy_rate": 0.0, "vacancy_rate_lo": 0.0, "vacancy_rate_hi": 0.0, "stores": 3, "source": "stores+ledger", "capacity_method": "floor_ouln", "active_pip": 0, "licensed": 0, "com_floors": [1], "occ_floors": [1], "unknown_n": 0, "id": "1130510300101910054-1", "pnu": "1130510300101910054", "floors": 2, "height": 0.0}}, {"type": "Feature", "geometry": {"type": "Polygon", "coordinates": [[[127.02634655, 37.63796567], [127.02638736, 37.63801251], [127.02634794, 37.63804144], [127.02636597, 37.63805648], [127.02645408, 37.63799655], [127.02638484, 37.63793845], [127.02634655, 37.63796567]]]}, "properties": {"name": "정준빌딩", "status": "full", "capacity": 5, "active": 5, "industry": "스포츠 서비스", "vacancy_rate": 0.0, "vacancy_rate_lo": 0.0, "vacancy_rate_hi": 40.0, "stores": 6, "source": "stores+ledger", "capacity_method": "floor_ouln", "active_pip": 0, "licensed": 0, "com_floors": [1, 2, 3, 4, 5], "occ_floors": [2, 3, 5], "unknown_n": 2, "id": "1130510200104180017-4", "pnu": "1130510200104180017", "floors": 0, "height": 0.0}}, {"type": "Feature", "geometry": {"type": "Polygon", "coordinates": [[[127.02587362, 37.63853825], [127.02572017, 37.63839746], [127.02561415, 37.63847318], [127.02576987, 37.63861351], [127.02587362, 37.63853825]]]}, "properties": {"name": "야산빌딩", "status": "full", "capacity": 4, "active": 4, "industry": "의약·화장품 소매", "vacancy_rate": 0.0, "vacancy_rate_lo": 0.0, "vacancy_rate_hi": 0.0, "stores": 9, "source": "stores+ledger", "capacity_method": "floor_ouln", "active_pip": 0, "licensed": 0, "com_floors": [1, 2, 3, 4], "occ_floors": [1, 2, 3, 4], "unknown_n": 0, "id": "1130510300101910015-1", "pnu": "1130510300101910015", "floors": 5, "height": 17.3}}, {"type": "Feature", "geometry": {"type": "Polygon", "coordinates": [[[127.02647678, 37.63904907], [127.02634177, 37.63914127], [127.02637819, 37.639176], [127.02639639, 37.63916541], [127.02644648, 37.63921522], [127.02654627, 37.63914573], [127.02652905, 37.63912961], [127.02654989, 37.63911357], [127.02647678, 37.63904907]]]}, "properties": {"name": "상목빌딩", "status": "high", "capacity": 7, "active": 2, "industry": "주점", "vacancy_rate": 71.4, "vacancy_rate_lo": 71.4, "vacancy_rate_hi": 71.4, "stores": 3, "source": "stores+ledger", "capacity_method": "floor_ouln", "active_pip": 0, "licensed": 0, "com_floors": [1, 2, 3, 4, 5, 6, 7], "occ_floors": [3, 7], "unknown_n": 0, "id": "1130510300101910006-1", "pnu": "1130510300101910006", "floors": 7, "height": 24.3}}, {"type": "Feature", "geometry": {"type": "Polygon", "coordinates": [[[127.02660495, 37.63945439], [127.02650507, 37.63957875], [127.02660775, 37.63964054], [127.02669031, 37.63955574], [127.02670481, 37.63956276], [127.02672836, 37.63952924], [127.02660495, 37.63945439]]]}, "properties": {"name": "몽모텔", "status": "full", "capacity": 1, "active": 1, "industry": "주점", "vacancy_rate": 0.0, "vacancy_rate_lo": 0.0, "vacancy_rate_hi": 0.0, "stores": 2, "source": "stores+ledger", "capacity_method": "floor_ouln", "active_pip": 0, "licensed": 0, "com_floors": [1], "occ_floors": [1], "unknown_n": 0, "id": "1130510300101910030-1", "pnu": "1130510300101910030", "floors": 5, "height": 15.0}}, {"type": "Feature", "geometry": {"type": "Polygon", "coordinates": [[[127.02601434, 37.63920234], [127.02604925, 37.63923648], [127.02600383, 37.63927154], [127.02608691, 37.63934549], [127.02615476, 37.639298], [127.02615395, 37.63924591], [127.0260754, 37.63916287], [127.02601434, 37.63920234]]]}, "properties": {"name": "상가", "status": "partial", "capacity": 5, "active": 3, "industry": "한식", "vacancy_rate": 40.0, "vacancy_rate_lo": null, "vacancy_rate_hi": null, "stores": 3, "source": "stores+ledger", "capacity_method": "expos_units", "active_pip": 0, "licensed": 0, "com_floors": null, "occ_floors": null, "unknown_n": null, "id": "1130510300101910038-1", "pnu": "1130510300101910038", "floors": 1, "height": 0.0}}, {"type": "Feature", "geometry": {"type": "Polygon", "coordinates": [[[127.02705933, 37.63800839], [127.02697721, 37.63805877], [127.02697303, 37.6380977], [127.02701553, 37.63813715], [127.02711929, 37.63806964], [127.02705933, 37.63800839]]]}, "properties": {"name": "더퍼스트짐", "status": "full", "capacity": 3, "active": 3, "industry": "한식", "vacancy_rate": 0.0, "vacancy_rate_lo": 0.0, "vacancy_rate_hi": 0.0, "stores": 2, "source": "stores+ledger", "capacity_method": "floor_ouln", "active_pip": 0, "licensed": 0, "com_floors": [1, 2, 3], "occ_floors": [1, 2, 3], "unknown_n": 0, "id": "1130510200104160123-1", "pnu": "1130510200104160123", "floors": 5, "height": 15.2}}, {"type": "Feature", "geometry": {"type": "Polygon", "coordinates": [[[127.02560339, 37.63885186], [127.02572139, 37.63896617], [127.02577576, 37.63892787], [127.02565595, 37.63881887], [127.02560339, 37.63885186]]]}, "properties": {"name": "수유동 191-61", "status": "full", "capacity": 1, "active": 1, "industry": "비알코올 ", "vacancy_rate": 0.0, "vacancy_rate_lo": 0.0, "vacancy_rate_hi": 0.0, "stores": 2, "source": "stores+ledger", "capacity_method": "floor_ouln", "active_pip": 0, "licensed": 0, "com_floors": [1], "occ_floors": [1], "unknown_n": 0, "id": "1130510300101910061-1", "pnu": "1130510300101910061", "floors": 6, "height": 20.1}}, {"type": "Feature", "geometry": {"type": "Polygon", "coordinates": [[[127.02737455, 37.63868424], [127.02739098, 37.63869603], [127.02743255, 37.63866656], [127.02741646, 37.63865359], [127.02737455, 37.63868424]]]}, "properties": {"name": "효성네오인텔리안", "status": "full", "capacity": 18, "active": 18, "industry": "이용·미용", "vacancy_rate": 0.0, "vacancy_rate_lo": null, "vacancy_rate_hi": null, "stores": 18, "source": "stores+ledger", "capacity_method": "expos_units", "active_pip": 0, "licensed": 0, "com_floors": null, "occ_floors": null, "unknown_n": null, "id": "1130510200104180003-1", "pnu": "1130510200104180003", "floors": 0, "height": 0.0}}, {"type": "Feature", "geometry": {"type": "Polygon", "coordinates": [[[127.02742894, 37.6387172], [127.02736994, 37.63875559], [127.02742423, 37.63880748], [127.02748743, 37.63876169], [127.02742894, 37.6387172]]]}, "properties": {"name": "번동 418-25", "status": "high", "capacity": 6, "active": 2, "industry": "오락용품 소매", "vacancy_rate": 66.7, "vacancy_rate_lo": 66.7, "vacancy_rate_hi": 100.0, "stores": 2, "source": "stores+ledger", "capacity_method": "floor_ouln", "active_pip": 0, "licensed": 0, "com_floors": [1, 2, 3, 4, 5, 6], "occ_floors": [], "unknown_n": 2, "id": "1130510200104180025-1", "pnu": "1130510200104180025", "floors": 0, "height": 0.0}}, {"type": "Feature", "geometry": {"type": "Polygon", "coordinates": [[[127.02760731, 37.63848966], [127.02752541, 37.63855113], [127.02765712, 37.63866228], [127.02773777, 37.63860883], [127.02760731, 37.63848966]]]}, "properties": {"name": "전체", "status": "full", "capacity": 3, "active": 3, "industry": "유원지·오락", "vacancy_rate": 0.0, "vacancy_rate_lo": 0.0, "vacancy_rate_hi": 0.0, "stores": 5, "source": "stores+ledger", "capacity_method": "floor_ouln", "active_pip": 0, "licensed": 0, "com_floors": [1, 2, 3], "occ_floors": [1, 2, 3], "unknown_n": 0, "id": "1130510200104170018-1", "pnu": "1130510200104170018", "floors": 4, "height": 13.6}}, {"type": "Feature", "geometry": {"type": "Polygon", "coordinates": [[[127.02635378, 37.63940135], [127.02642358, 37.63944279], [127.0264593, 37.63940428], [127.02645277, 37.639399], [127.02645956, 37.63939177], [127.02647062, 37.63939694], [127.02649831, 37.63937084], [127.02641451, 37.63931951], [127.02635005, 37.63938502], [127.0263624, 37.63939171], [127.02635463, 37.63940045], [127.02635378, 37.63940135]]]}, "properties": {"name": "크라운빌", "status": "full", "capacity": 2, "active": 2, "industry": "이용·미용", "vacancy_rate": 0.0, "vacancy_rate_lo": null, "vacancy_rate_hi": null, "stores": 2, "source": "stores+ledger", "capacity_method": "expos_units", "active_pip": 0, "licensed": 0, "com_floors": null, "occ_floors": null, "unknown_n": null, "id": "1130510300101910028-1", "pnu": "1130510300101910028", "floors": 10, "height": 29.4}}, {"type": "Feature", "geometry": {"type": "Polygon", "coordinates": [[[127.0265188, 37.63961668], [127.026454, 37.63966417], [127.02653142, 37.63973705], [127.02645665, 37.63978852], [127.02663527, 37.63995227], [127.02681096, 37.63983276], [127.02668765, 37.63971863], [127.02670691, 37.63970313], [127.02665534, 37.63965638], [127.02660063, 37.63969523], [127.0265188, 37.63961668]]]}, "properties": {"name": "우성빌딩", "status": "full", "capacity": 4, "active": 4, "industry": "의원", "vacancy_rate": 0.0, "vacancy_rate_lo": 0.0, "vacancy_rate_hi": 0.0, "stores": 5, "source": "stores+ledger", "capacity_method": "floor_ouln", "active_pip": 0, "licensed": 0, "com_floors": [1, 2, 4, 8], "occ_floors": [1, 2, 4, 8], "unknown_n": 0, "id": "1130510300101910035-1", "pnu": "1130510300101910035", "floors": 10, "height": 38.0}}, {"type": "Feature", "geometry": {"type": "Polygon", "coordinates": [[[127.02659921, 37.63857674], [127.02669158, 37.63866151], [127.02684438, 37.63856102], [127.02675757, 37.63847553], [127.02659921, 37.63857674]]]}, "properties": {"name": "삼주빌딩", "status": "partial", "capacity": 8, "active": 7, "industry": "비알코올 ", "vacancy_rate": 12.5, "vacancy_rate_lo": 12.5, "vacancy_rate_hi": 37.5, "stores": 7, "source": "stores+ledger", "capacity_method": "floor_ouln", "active_pip": 0, "licensed": 0, "com_floors": [1, 2, 3, 4, 5, 6, 7, 8], "occ_floors": [1, 2, 4, 5, 6], "unknown_n": 2, "id": "1130510200104180009-1", "pnu": "1130510200104180009", "floors": 8, "height": 24.7}}, {"type": "Feature", "geometry": {"type": "Polygon", "coordinates": [[[127.02774848, 37.63911914], [127.02756533, 37.63893476], [127.02723468, 37.63915513], [127.02741944, 37.63933519], [127.02742952, 37.63933167], [127.02743111, 37.6393414], [127.02743292, 37.6393487], [127.02743712, 37.63935636], [127.02744573, 37.63936321], [127.02745582, 37.63936879], [127.02747417, 37.63937113], [127.02749377, 37.63936878], [127.02751609, 37.6393549], [127.02752277, 37.63934047], [127.02752242, 37.63932364], [127.02751573, 37.63931128], [127.02750178, 37.63929895], [127.02747969, 37.63929454], [127.02774848, 37.63911914]]]}, "properties": {"name": "코스타타워", "status": "partial", "capacity": 20, "active": 12, "industry": "의원", "vacancy_rate": 40.0, "vacancy_rate_lo": null, "vacancy_rate_hi": null, "stores": 12, "source": "stores+ledger", "capacity_method": "expos_units", "active_pip": 0, "licensed": 0, "com_floors": null, "occ_floors": null, "unknown_n": null, "id": "1130510200104180001-1", "pnu": "1130510200104180001", "floors": 14, "height": 54.45}}, {"type": "Feature", "geometry": {"type": "Polygon", "coordinates": [[[127.03114629, 37.63867249], [127.03095916, 37.63848568], [127.03087171, 37.63854201], [127.03105635, 37.63872531], [127.03114629, 37.63867249]]]}, "properties": {"name": "번동 459-63", "status": "high", "capacity": 6, "active": 1, "industry": "", "vacancy_rate": 83.3, "source": "pip_only", "capacity_method": "floor_approx", "active_pip": 1, "licensed": 0, "id": "1130510200104590063-1", "pnu": "1130510200104590063", "floors": 6, "height": 16.7}}, {"type": "Feature", "geometry": {"type": "Polygon", "coordinates": [[[127.02622409, 37.64215599], [127.02616889, 37.64210384], [127.02611212, 37.64209853], [127.02597868, 37.64219469], [127.02598435, 37.64220145], [127.02597268, 37.64221001], [127.02604375, 37.64227658], [127.02622409, 37.64215599]]]}, "properties": {"name": "수유동 180-53", "status": "empty", "capacity": 2, "active": 0, "industry": "", "vacancy_rate": 100.0, "source": "polygon_only", "capacity_method": "floor_approx", "active_pip": 0, "licensed": 0, "id": "1130510300101800053-1", "pnu": "1130510300101800053", "floors": 2, "height": 6.3}}, {"type": "Feature", "geometry": {"type": "Polygon", "coordinates": [[[127.02642879, 37.64204513], [127.02629976, 37.64213237], [127.02636436, 37.64218389], [127.02648772, 37.64209278], [127.02642879, 37.64204513]]]}, "properties": {"name": "수유동 175-56", "status": "partial", "capacity": 2, "active": 1, "industry": "식료품 소매", "vacancy_rate": 50.0, "vacancy_rate_lo": 50.0, "vacancy_rate_hi": 50.0, "stores": 1, "source": "stores+ledger", "capacity_method": "floor_ouln", "active_pip": 0, "licensed": 0, "com_floors": [1, 2], "occ_floors": [1], "unknown_n": 0, "id": "1130510300101750056-1", "pnu": "1130510300101750056", "floors": 4, "height": 12.5}}, {"type": "Feature", "geometry": {"type": "Polygon", "coordinates": [[[127.02650757, 37.64215818], [127.02654815, 37.64219611], [127.02659425, 37.64216276], [127.02656036, 37.64212655], [127.02650757, 37.64215818]]]}, "properties": {"name": "수유동 175-52", "status": "full", "capacity": 2, "active": 2, "industry": "기타 간이", "vacancy_rate": 0.0, "vacancy_rate_lo": 0.0, "vacancy_rate_hi": 50.0, "stores": 6, "source": "stores+ledger", "capacity_method": "floor_ouln", "active_pip": 0, "licensed": 0, "com_floors": [1, 3], "occ_floors": [1], "unknown_n": 1, "id": "1130510300101750052-2", "pnu": "1130510300101750052", "floors": 0, "height": 0.0}}, {"type": "Feature", "geometry": {"type": "Polygon", "coordinates": [[[127.02584133, 37.64230826], [127.02590623, 37.64236606], [127.02602539, 37.64228144], [127.02596048, 37.64222365], [127.02584133, 37.64230826]]]}, "properties": {"name": "도담빌", "status": "full", "capacity": 4, "active": 4, "industry": "주점", "vacancy_rate": 0.0, "vacancy_rate_lo": null, "vacancy_rate_hi": null, "stores": 4, "source": "stores+ledger", "capacity_method": "expos_units", "active_pip": 0, "licensed": 0, "com_floors": null, "occ_floors": null, "unknown_n": null, "id": "1130510300101800060-1", "pnu": "1130510300101800060", "floors": 3, "height": 8.6}}, {"type": "Feature", "geometry": {"type": "Polygon", "coordinates": [[[127.02553983, 37.64010066], [127.02555261, 37.64011212], [127.02552889, 37.64012886], [127.02559133, 37.64018478], [127.02561505, 37.64016804], [127.02561866, 37.64017151], [127.02566456, 37.6401391], [127.02558557, 37.64006836], [127.02553983, 37.64010066]]]}, "properties": {"name": "단독초이스빌딩", "status": "partial", "capacity": 6, "active": 4, "industry": "이용·미용", "vacancy_rate": 33.3, "vacancy_rate_lo": 33.3, "vacancy_rate_hi": 33.3, "stores": 4, "source": "stores+ledger", "capacity_method": "floor_ouln", "active_pip": 0, "licensed": 0, "com_floors": [1, 2, 3, 4, 7, 8], "occ_floors": [1, 2, 3, 4], "unknown_n": 0, "id": "1130510300101900058-1", "pnu": "1130510300101900058", "floors": 8, "height": 25.7}}, {"type": "Feature", "geometry": {"type": "Polygon", "coordinates": [[[127.0287084, 37.64143273], [127.0286332, 37.64135527], [127.02849172, 37.64145189], [127.0285595, 37.64153364], [127.02862311, 37.64161845], [127.02878508, 37.64150966], [127.0287084, 37.64143273]]]}, "properties": {"name": "수유동 173-13", "status": "empty", "capacity": 8, "active": 0, "industry": "", "vacancy_rate": 100.0, "source": "polygon_only", "capacity_method": "floor_approx", "active_pip": 0, "licensed": 0, "id": "1130510300101730013-1", "pnu": "1130510300101730013", "floors": 8, "height": 24.4}}, {"type": "Feature", "geometry": {"type": "Polygon", "coordinates": [[[127.02583134, 37.64103204], [127.02574652, 37.64096398], [127.02565137, 37.64103386], [127.02573347, 37.64110364], [127.02583134, 37.64103204]]]}, "properties": {"name": "수유동 177-39", "status": "full", "capacity": 1, "active": 1, "industry": "한식", "vacancy_rate": 0.0, "vacancy_rate_lo": 0.0, "vacancy_rate_hi": 100.0, "stores": 1, "source": "stores+ledger", "capacity_method": "floor_ouln", "active_pip": 0, "licensed": 0, "com_floors": [1], "occ_floors": [], "unknown_n": 1, "id": "1130510300101770039-1", "pnu": "1130510300101770039", "floors": 2, "height": 0.0}}, {"type": "Feature", "geometry": {"type": "Polygon", "coordinates": [[[127.02564124, 37.64051885], [127.02572897, 37.64059541], [127.02580487, 37.64053719], [127.02572269, 37.64046639], [127.02564124, 37.64051885]]]}, "properties": {"name": "수유동 190-5", "status": "full", "capacity": 3, "active": 3, "industry": "주점", "vacancy_rate": 0.0, "vacancy_rate_lo": 0.0, "vacancy_rate_hi": 0.0, "stores": 4, "source": "stores+ledger", "capacity_method": "floor_ouln", "active_pip": 0, "licensed": 0, "com_floors": [1, 2, 3], "occ_floors": [1, 2, 3], "unknown_n": 0, "id": "1130510300101900005-1", "pnu": "1130510300101900005", "floors": 4, "height": 13.2}}, {"type": "Feature", "geometry": {"type": "Polygon", "coordinates": [[[127.02651626, 37.64174958], [127.02644565, 37.6416886], [127.02641405, 37.64171086], [127.02648352, 37.64177238], [127.02651626, 37.64174958]]]}, "properties": {"name": "수유동 176-4", "status": "partial", "capacity": 2, "active": 1, "industry": "이용·미용", "vacancy_rate": 50.0, "vacancy_rate_lo": 50.0, "vacancy_rate_hi": 100.0, "stores": 1, "source": "stores+ledger", "capacity_method": "floor_ouln", "active_pip": 0, "licensed": 0, "com_floors": [1, 2], "occ_floors": [], "unknown_n": 1, "id": "1130510300101760004-2", "pnu": "1130510300101760004", "floors": 0, "height": 0.0}}, {"type": "Feature", "geometry": {"type": "Polygon", "coordinates": [[[127.02655147, 37.64039188], [127.02663523, 37.64046403], [127.02684807, 37.64031333], [127.02676703, 37.64023794], [127.02655147, 37.64039188]]]}, "properties": {"name": "보화빌딩", "status": "full", "capacity": 4, "active": 4, "industry": "기타 간이", "vacancy_rate": 0.0, "vacancy_rate_lo": 0.0, "vacancy_rate_hi": 25.0, "stores": 7, "source": "stores+ledger", "capacity_method": "floor_ouln", "active_pip": 0, "licensed": 0, "com_floors": [1, 2, 3, 4], "occ_floors": [1, 2, 3], "unknown_n": 1, "id": "1130510300101770048-1", "pnu": "1130510300101770048", "floors": 4, "height": 0.0}}, {"type": "Feature", "geometry": {"type": "Polygon", "coordinates": [[[127.02631184, 37.64073566], [127.02620021, 37.64063811], [127.02606768, 37.64073617], [127.02612446, 37.64078823], [127.02621825, 37.64072181], [127.02626812, 37.64076613], [127.02631184, 37.64073566]]]}, "properties": {"name": "일부", "status": "full", "capacity": 3, "active": 3, "industry": "유원지·오락", "vacancy_rate": 0.0, "vacancy_rate_lo": 0.0, "vacancy_rate_hi": 0.0, "stores": 3, "source": "stores+ledger", "capacity_method": "floor_ouln", "active_pip": 0, "licensed": 0, "com_floors": [1, 2, 3], "occ_floors": [1, 2, 3], "unknown_n": 0, "id": "1130510300101770050-1", "pnu": "1130510300101770050", "floors": 3, "height": 0.0}}, {"type": "Feature", "geometry": {"type": "Polygon", "coordinates": [[[127.02561848, 37.6401963], [127.02567285, 37.64015566], [127.02565177, 37.64013827], [127.02560046, 37.64017423], [127.02561848, 37.6401963]]]}, "properties": {"name": "단독초이스빌딩", "status": "partial", "capacity": 6, "active": 4, "industry": "이용·미용", "vacancy_rate": 33.3, "vacancy_rate_lo": 33.3, "vacancy_rate_hi": 33.3, "stores": 4, "source": "stores+ledger", "capacity_method": "floor_ouln", "active_pip": 0, "licensed": 0, "com_floors": [1, 2, 3, 4, 7, 8], "occ_floors": [1, 2, 3, 4], "unknown_n": 0, "id": "1130510300101900058-2", "pnu": "1130510300101900058", "floors": 0, "height": 0.0}}, {"type": "Feature", "geometry": {"type": "Polygon", "coordinates": [[[127.02696331, 37.640642], [127.02689659, 37.64069508], [127.02698454, 37.64077056], [127.02704899, 37.64072361], [127.02696331, 37.640642]]]}, "properties": {"name": "수유동 177-22", "status": "empty", "capacity": 1, "active": 0, "industry": "유원지·오락", "vacancy_rate": 100.0, "vacancy_rate_lo": 100.0, "vacancy_rate_hi": 100.0, "stores": 1, "source": "stores+ledger", "capacity_method": "floor_ouln", "active_pip": 0, "licensed": 0, "com_floors": [1], "occ_floors": [], "unknown_n": 0, "id": "1130510300101770022-1", "pnu": "1130510300101770022", "floors": 3, "height": 9.9}}, {"type": "Feature", "geometry": {"type": "Polygon", "coordinates": [[[127.02711992, 37.64043581], [127.02734217, 37.64028836], [127.02726861, 37.64020945], [127.02704772, 37.64036339], [127.02711992, 37.64043581]]]}, "properties": {"name": "천지빌딩", "status": "partial", "capacity": 4, "active": 3, "industry": "한식", "vacancy_rate": 25.0, "vacancy_rate_lo": 25.0, "vacancy_rate_hi": 25.0, "stores": 11, "source": "stores+ledger", "capacity_method": "floor_ouln", "active_pip": 0, "licensed": 0, "com_floors": [1, 2, 3, 4], "occ_floors": [1, 3, 4], "unknown_n": 0, "id": "1130510300101740017-1", "pnu": "1130510300101740017", "floors": 0, "height": 0.0}}, {"type": "Feature", "geometry": {"type": "Polygon", "coordinates": [[[127.02578483, 37.64093399], [127.02583175, 37.64097993], [127.0258535, 37.64096669], [127.02591925, 37.64102559], [127.02601439, 37.64096133], [127.02590026, 37.64085531], [127.02578483, 37.64093399]]]}, "properties": {"name": "수유동 177-18", "status": "full", "capacity": 2, "active": 2, "industry": "한식", "vacancy_rate": 0.0, "vacancy_rate_lo": 0.0, "vacancy_rate_hi": 50.0, "stores": 5, "source": "stores+ledger", "capacity_method": "floor_ouln", "active_pip": 0, "licensed": 0, "com_floors": [1, 2], "occ_floors": [1], "unknown_n": 1, "id": "1130510300101770018-1", "pnu": "1130510300101770018", "floors": 4, "height": 0.0}}, {"type": "Feature", "geometry": {"type": "Polygon", "coordinates": [[[127.02619359, 37.64178858], [127.02615267, 37.64175192], [127.02602546, 37.64183943], [127.02601992, 37.6418743], [127.02607546, 37.64192195], [127.02613515, 37.64187878], [127.02610886, 37.64185401], [127.02619359, 37.64178858]]]}, "properties": {"name": "주차장", "status": "high", "capacity": 15, "active": 4, "industry": "가전·통신 소매", "vacancy_rate": 73.3, "vacancy_rate_lo": null, "vacancy_rate_hi": null, "stores": 4, "source": "stores+ledger", "capacity_method": "expos_units", "active_pip": 0, "licensed": 0, "com_floors": null, "occ_floors": null, "unknown_n": null, "id": "1130510300101760001-4", "pnu": "1130510300101760001", "floors": 1, "height": 0.0}}, {"type": "Feature", "geometry": {"type": "Polygon", "coordinates": [[[127.02712549, 37.64078476], [127.02706534, 37.64082514], [127.02704766, 37.64081028], [127.02700065, 37.64083975], [127.02707885, 37.64090929], [127.0271859, 37.64083871], [127.02712549, 37.64078476]]]}, "properties": {"name": "수유동 176-70", "status": "full", "capacity": 1, "active": 1, "industry": "한식", "vacancy_rate": 0.0, "vacancy_rate_lo": 0.0, "vacancy_rate_hi": 0.0, "stores": 1, "source": "stores+ledger", "capacity_method": "floor_ouln", "active_pip": 0, "licensed": 0, "com_floors": [1], "occ_floors": [1], "unknown_n": 0, "id": "1130510300101760070-1", "pnu": "1130510300101760070", "floors": 1, "height": 0.0}}, {"type": "Feature", "geometry": {"type": "Polygon", "coordinates": [[[127.02604377, 37.640745], [127.02591917, 37.64083738], [127.02598513, 37.6408962], [127.02611461, 37.64080202], [127.02604377, 37.640745]]]}, "properties": {"name": "수유동 177-40", "status": "full", "capacity": 3, "active": 3, "industry": "유원지·오락", "vacancy_rate": 0.0, "vacancy_rate_lo": 0.0, "vacancy_rate_hi": 0.0, "stores": 6, "source": "stores+ledger", "capacity_method": "floor_ouln", "active_pip": 0, "licensed": 0, "com_floors": [1, 2, 3], "occ_floors": [1, 2, 3], "unknown_n": 0, "id": "1130510300101770040-1", "pnu": "1130510300101770040", "floors": 3, "height": 0.0}}, {"type": "Feature", "geometry": {"type": "Polygon", "coordinates": [[[127.02564702, 37.64053056], [127.0255461, 37.6406069], [127.02561887, 37.6406705], [127.02571878, 37.64059974], [127.02564702, 37.64053056]]]}, "properties": {"name": "수유동 190-38", "status": "high", "capacity": 3, "active": 1, "industry": "이용·미용", "vacancy_rate": 66.7, "vacancy_rate_lo": 66.7, "vacancy_rate_hi": 66.7, "stores": 2, "source": "stores+ledger", "capacity_method": "floor_ouln", "active_pip": 0, "licensed": 0, "com_floors": [1, 2, 3], "occ_floors": [1], "unknown_n": 0, "id": "1130510300101900038-1", "pnu": "1130510300101900038", "floors": 4, "height": 12.0}}, {"type": "Feature", "geometry": {"type": "Polygon", "coordinates": [[[127.02709888, 37.64054105], [127.02700544, 37.64060873], [127.02709407, 37.64069025], [127.02717359, 37.64063428], [127.02717642, 37.64061329], [127.02709888, 37.64054105]]]}, "properties": {"name": "외", "status": "full", "capacity": 2, "active": 2, "industry": "유원지·오락", "vacancy_rate": 0.0, "vacancy_rate_lo": 0.0, "vacancy_rate_hi": 0.0, "stores": 3, "source": "stores+ledger", "capacity_method": "floor_ouln", "active_pip": 0, "licensed": 0, "com_floors": [1, 2], "occ_floors": [1, 2], "unknown_n": 0, "id": "1130510300101770001-1", "pnu": "1130510300101770001", "floors": 4, "height": 13.0}}, {"type": "Feature", "geometry": {"type": "Polygon", "coordinates": [[[127.0259524, 37.6402693], [127.02607254, 37.64038262], [127.0261515, 37.64032719], [127.0260386, 37.64021117], [127.0259524, 37.6402693]]]}, "properties": {"name": "수유동 190-45", "status": "full", "capacity": 2, "active": 2, "industry": "유원지·오락", "vacancy_rate": 0.0, "vacancy_rate_lo": 0.0, "vacancy_rate_hi": 0.0, "stores": 4, "source": "stores+ledger", "capacity_method": "floor_ouln", "active_pip": 0, "licensed": 0, "com_floors": [1, 2], "occ_floors": [1, 2], "unknown_n": 0, "id": "1130510300101900045-1", "pnu": "1130510300101900045", "floors": 3, "height": 0.0}}, {"type": "Feature", "geometry": {"type": "Polygon", "coordinates": [[[127.02780912, 37.64070135], [127.02772383, 37.64076399], [127.02782097, 37.64085254], [127.02790818, 37.6407916], [127.02780912, 37.64070135]]]}, "properties": {"name": "수유동 174-21", "status": "empty", "capacity": 6, "active": 0, "industry": "", "vacancy_rate": 100.0, "source": "polygon_only", "capacity_method": "floor_approx", "active_pip": 0, "licensed": 0, "id": "1130510300101740021-1", "pnu": "1130510300101740021", "floors": 6, "height": 16.85}}, {"type": "Feature", "geometry": {"type": "Polygon", "coordinates": [[[127.02835206, 37.64126262], [127.02844812, 37.6411998], [127.02839472, 37.64114134], [127.02829641, 37.64121263], [127.02835206, 37.64126262]]]}, "properties": {"name": "우측", "status": "partial", "capacity": 3, "active": 2, "industry": "한식", "vacancy_rate": 33.3, "vacancy_rate_lo": 33.3, "vacancy_rate_hi": 66.7, "stores": 5, "source": "stores+ledger", "capacity_method": "floor_ouln", "active_pip": 0, "licensed": 0, "com_floors": [1, 2, 3], "occ_floors": [1], "unknown_n": 1, "id": "1130510300101730007-1", "pnu": "1130510300101730007", "floors": 0, "height": 0.0}}, {"type": "Feature", "geometry": {"type": "Polygon", "coordinates": [[[127.0286657, 37.64130877], [127.02878736, 37.64122891], [127.02870122, 37.64114109], [127.02856993, 37.64123635], [127.02861187, 37.64127878], [127.02862671, 37.64126761], [127.0286657, 37.64130877]]]}, "properties": {"name": "수유동 173-3", "status": "empty", "capacity": 3, "active": 0, "industry": "", "vacancy_rate": 100.0, "source": "polygon_only", "capacity_method": "floor_approx", "active_pip": 0, "licensed": 0, "id": "1130510300101730003-1", "pnu": "1130510300101730003", "floors": 3, "height": 11.5}}, {"type": "Feature", "geometry": {"type": "Polygon", "coordinates": [[[127.02733532, 37.64076444], [127.02725319, 37.64081707], [127.02726736, 37.64083104], [127.02724425, 37.64084591], [127.02730183, 37.64089725], [127.02738724, 37.64083984], [127.02739357, 37.64081957], [127.02733532, 37.64076444]]]}, "properties": {"name": "수유동 176-72", "status": "full", "capacity": 2, "active": 2, "industry": "종합 소매", "vacancy_rate": 0.0, "vacancy_rate_lo": 0.0, "vacancy_rate_hi": 50.0, "stores": 3, "source": "stores+ledger", "capacity_method": "floor_ouln", "active_pip": 0, "licensed": 0, "com_floors": [1, 2], "occ_floors": [2], "unknown_n": 1, "id": "1130510300101760072-1", "pnu": "1130510300101760072", "floors": 3, "height": 0.0}}, {"type": "Feature", "geometry": {"type": "Polygon", "coordinates": [[[127.02750352, 37.64091928], [127.0274541, 37.64087532], [127.02742396, 37.64087434], [127.02735305, 37.64092634], [127.02741472, 37.64097903], [127.02750352, 37.64091928]]]}, "properties": {"name": "전체", "status": "full", "capacity": 2, "active": 2, "industry": "유원지·오락", "vacancy_rate": 0.0, "vacancy_rate_lo": 0.0, "vacancy_rate_hi": 0.0, "stores": 4, "source": "stores+ledger", "capacity_method": "floor_ouln", "active_pip": 0, "licensed": 0, "com_floors": [1, 2], "occ_floors": [1, 2], "unknown_n": 0, "id": "1130510300101760057-1", "pnu": "1130510300101760057", "floors": 4, "height": 10.4}}, {"type": "Feature", "geometry": {"type": "Polygon", "coordinates": [[[127.0278583, 37.63977494], [127.02804157, 37.63995059], [127.02814159, 37.63988011], [127.02802995, 37.63979004], [127.02805612, 37.63977057], [127.02797531, 37.63969148], [127.0278583, 37.63977494]]]}, "properties": {"name": "우측", "status": "full", "capacity": 2, "active": 2, "industry": "섬유·의복·신발 소매", "vacancy_rate": 0.0, "vacancy_rate_lo": 0.0, "vacancy_rate_hi": 50.0, "stores": 11, "source": "stores+ledger+pip", "capacity_method": "floor_ouln", "active_pip": 5, "licensed": 0, "com_floors": [1, 4], "occ_floors": [1], "unknown_n": 1, "id": "1130510200104630053-1", "pnu": "1130510200104630053", "floors": 4, "height": 0.0}}, {"type": "Feature", "geometry": {"type": "Polygon", "coordinates": [[[127.02853654, 37.64164514], [127.02839065, 37.64171861], [127.02844721, 37.64179698], [127.02859006, 37.64172675], [127.02853654, 37.64164514]]]}, "properties": {"name": "중앙", "status": "full", "capacity": 1, "active": 1, "industry": "중식", "vacancy_rate": 0.0, "vacancy_rate_lo": 0.0, "vacancy_rate_hi": 0.0, "stores": 6, "source": "stores+ledger", "capacity_method": "floor_ouln", "active_pip": 0, "licensed": 0, "com_floors": [1], "occ_floors": [1], "unknown_n": 0, "id": "1130510300101720173-1", "pnu": "1130510300101720173", "floors": 4, "height": 0.0}}, {"type": "Feature", "geometry": {"type": "Polygon", "coordinates": [[[127.02777257, 37.64111978], [127.02767007, 37.64122305], [127.02774883, 37.64127673], [127.02784952, 37.6411703], [127.02777257, 37.64111978]]]}, "properties": {"name": "수유동 175-2", "status": "full", "capacity": 2, "active": 2, "industry": "한식", "vacancy_rate": 0.0, "vacancy_rate_lo": 0.0, "vacancy_rate_hi": 50.0, "stores": 2, "source": "stores+ledger", "capacity_method": "floor_ouln", "active_pip": 0, "licensed": 0, "com_floors": [1, 2], "occ_floors": [2], "unknown_n": 1, "id": "1130510300101750002-1", "pnu": "1130510300101750002", "floors": 2, "height": 7.7}}, {"type": "Feature", "geometry": {"type": "Polygon", "coordinates": [[[127.02761075, 37.64167203], [127.02754993, 37.64173998], [127.02767822, 37.64180824], [127.02772692, 37.64175138], [127.02766346, 37.6417204], [127.02767399, 37.64170561], [127.02761075, 37.64167203]]]}, "properties": {"name": "수유동 172-230", "status": "full", "capacity": 1, "active": 1, "industry": "이용·미용", "vacancy_rate": 0.0, "vacancy_rate_lo": 0.0, "vacancy_rate_hi": 0.0, "stores": 1, "source": "stores+ledger", "capacity_method": "floor_ouln", "active_pip": 0, "licensed": 0, "com_floors": [1], "occ_floors": [1], "unknown_n": 0, "id": "1130510300101720230-1", "pnu": "1130510300101720230", "floors": 2, "height": 0.0}}, {"type": "Feature", "geometry": {"type": "Polygon", "coordinates": [[[127.02749905, 37.64137481], [127.02768004, 37.64153379], [127.02776397, 37.64143503], [127.02771579, 37.64138585], [127.02770119, 37.64139892], [127.02763612, 37.64133974], [127.02764609, 37.64132757], [127.02760483, 37.64129109], [127.02749905, 37.64137481]]]}, "properties": {"name": "수유동 175-6", "status": "full", "capacity": 2, "active": 2, "industry": "한식", "vacancy_rate": 0.0, "vacancy_rate_lo": 0.0, "vacancy_rate_hi": 50.0, "stores": 2, "source": "stores+ledger", "capacity_method": "floor_ouln", "active_pip": 0, "licensed": 0, "com_floors": [1, 2], "occ_floors": [1], "unknown_n": 1, "id": "1130510300101750006-1", "pnu": "1130510300101750006", "floors": 2, "height": 0.0}}, {"type": "Feature", "geometry": {"type": "Polygon", "coordinates": [[[127.02871091, 37.64160428], [127.02874696, 37.64163959], [127.02879306, 37.64160832], [127.02875815, 37.64157238], [127.02871091, 37.64160428]]]}, "properties": {"name": "일부", "status": "full", "capacity": 2, "active": 2, "industry": "주점", "vacancy_rate": 0.0, "vacancy_rate_lo": 0.0, "vacancy_rate_hi": 0.0, "stores": 6, "source": "stores+ledger", "capacity_method": "floor_ouln", "active_pip": 0, "licensed": 0, "com_floors": [1, 2], "occ_floors": [1, 2], "unknown_n": 0, "id": "1130510300101730001-1", "pnu": "1130510300101730001", "floors": 0, "height": 0.0}}, {"type": "Feature", "geometry": {"type": "Polygon", "coordinates": [[[127.02715178, 37.64080557], [127.02718375, 37.64083646], [127.02721524, 37.64081528], [127.02718407, 37.64078375], [127.02715178, 37.64080557]]]}, "properties": {"name": "수유동 176-71", "status": "full", "capacity": 2, "active": 2, "industry": "한식", "vacancy_rate": 0.0, "vacancy_rate_lo": 0.0, "vacancy_rate_hi": 50.0, "stores": 3, "source": "stores+ledger", "capacity_method": "floor_ouln", "active_pip": 0, "licensed": 0, "com_floors": [1, 2], "occ_floors": [2], "unknown_n": 1, "id": "1130510300101760071-1", "pnu": "1130510300101760071", "floors": 0, "height": 0.0}}, {"type": "Feature", "geometry": {"type": "Polygon", "coordinates": [[[127.027705, 37.64160479], [127.02763908, 37.64168175], [127.02773768, 37.64173569], [127.02780427, 37.64165756], [127.027705, 37.64160479]]]}, "properties": {"name": "수유동 172-219", "status": "partial", "capacity": 2, "active": 1, "industry": "한식", "vacancy_rate": 50.0, "vacancy_rate_lo": 50.0, "vacancy_rate_hi": 50.0, "stores": 1, "source": "stores+ledger", "capacity_method": "floor_ouln", "active_pip": 0, "licensed": 0, "com_floors": [1, 2], "occ_floors": [1], "unknown_n": 0, "id": "1130510300101720219-1", "pnu": "1130510300101720219", "floors": 3, "height": 0.0}}, {"type": "Feature", "geometry": {"type": "Polygon", "coordinates": [[[127.02807735, 37.64088783], [127.0281148, 37.64092534], [127.02835086, 37.64076088], [127.02830803, 37.64072011], [127.02807735, 37.64088783]]]}, "properties": {"name": "수유동 174-44", "status": "full", "capacity": 1, "active": 1, "industry": "한식", "vacancy_rate": 0.0, "vacancy_rate_lo": 0.0, "vacancy_rate_hi": 0.0, "stores": 1, "source": "stores+ledger", "capacity_method": "floor_ouln", "active_pip": 0, "licensed": 0, "com_floors": [1], "occ_floors": [1], "unknown_n": 0, "id": "1130510300101740044-1", "pnu": "1130510300101740044", "floors": 1, "height": 0.0}}, {"type": "Feature", "geometry": {"type": "Polygon", "coordinates": [[[127.02711784, 37.63998415], [127.02716748, 37.64002802], [127.02724394, 37.6399752], [127.02725176, 37.63998349], [127.02727395, 37.63996988], [127.0273006, 37.63999374], [127.02735078, 37.63995634], [127.02736098, 37.639964], [127.02741274, 37.63993128], [127.02735857, 37.63987678], [127.02728763, 37.6398668], [127.02711784, 37.63998415]]]}, "properties": {"name": "구봉빌딩", "status": "full", "capacity": 4, "active": 4, "industry": "유원지·오락", "vacancy_rate": 0.0, "vacancy_rate_lo": 0.0, "vacancy_rate_hi": 0.0, "stores": 6, "source": "stores+ledger", "capacity_method": "floor_ouln", "active_pip": 0, "licensed": 0, "com_floors": [1, 2, 3, 4], "occ_floors": [1, 2, 3, 4], "unknown_n": 0, "id": "1130510300101740014-1", "pnu": "1130510300101740014", "floors": 4, "height": 0.0}}, {"type": "Feature", "geometry": {"type": "Polygon", "coordinates": [[[127.02761599, 37.64021225], [127.02769698, 37.64015475], [127.02766354, 37.64012619], [127.02758188, 37.64018514], [127.02761599, 37.64021225]]]}, "properties": {"name": "수유동 174-11", "status": "empty", "capacity": 1, "active": 0, "industry": "", "vacancy_rate": 100.0, "source": "polygon_only", "capacity_method": "floor_approx", "active_pip": 0, "licensed": 0, "id": "1130510300101740011-1", "pnu": "1130510300101740011", "floors": 1, "height": 0.0}}, {"type": "Feature", "geometry": {"type": "Polygon", "coordinates": [[[127.02873843, 37.64041966], [127.02865535, 37.64033769], [127.02860835, 37.64036761], [127.02869335, 37.64044877], [127.02873843, 37.64041966]]]}, "properties": {"name": "우측", "status": "full", "capacity": 2, "active": 2, "industry": "의약·화장품 소매", "vacancy_rate": 0.0, "vacancy_rate_lo": 0.0, "vacancy_rate_hi": 0.0, "stores": 7, "source": "stores+ledger", "capacity_method": "floor_ouln", "active_pip": 0, "licensed": 0, "com_floors": [1, 2], "occ_floors": [1, 2], "unknown_n": 0, "id": "1130510200104630043-1", "pnu": "1130510200104630043", "floors": 0, "height": 0.0}}, {"type": "Feature", "geometry": {"type": "Polygon", "coordinates": [[[127.02783548, 37.64056547], [127.02798783, 37.64046038], [127.02786814, 37.64035049], [127.0277193, 37.64045405], [127.02783548, 37.64056547]]]}, "properties": {"name": "조이너스", "status": "full", "capacity": 3, "active": 3, "industry": "섬유·의복·신발 소매", "vacancy_rate": 0.0, "vacancy_rate_lo": 0.0, "vacancy_rate_hi": 0.0, "stores": 9, "source": "stores+ledger", "capacity_method": "floor_ouln", "active_pip": 0, "licensed": 0, "com_floors": [1, 2, 3], "occ_floors": [1, 2, 3], "unknown_n": 0, "id": "1130510300101740007-1", "pnu": "1130510300101740007", "floors": 4, "height": 0.0}}, {"type": "Feature", "geometry": {"type": "Polygon", "coordinates": [[[127.02877245, 37.64136803], [127.02890634, 37.64127888], [127.02885511, 37.64122421], [127.02871284, 37.64131489], [127.02877245, 37.64136803]]]}, "properties": {"name": "수유동 173-2", "status": "full", "capacity": 3, "active": 3, "industry": "유원지·오락", "vacancy_rate": 0.0, "vacancy_rate_lo": 0.0, "vacancy_rate_hi": 0.0, "stores": 3, "source": "stores+ledger", "capacity_method": "floor_ouln", "active_pip": 0, "licensed": 0, "com_floors": [1, 2, 3], "occ_floors": [1, 2, 3], "unknown_n": 0, "id": "1130510300101730002-1", "pnu": "1130510300101730002", "floors": 3, "height": 0.0}}, {"type": "Feature", "geometry": {"type": "Polygon", "coordinates": [[[127.02815411, 37.6414194], [127.02821024, 37.64137431], [127.0281869, 37.64136051], [127.02813367, 37.64140477], [127.02815411, 37.6414194]]]}, "properties": {"name": "수유동 172-245", "status": "empty", "capacity": 2, "active": 0, "industry": "", "vacancy_rate": 100.0, "source": "polygon_only", "capacity_method": "floor_approx", "active_pip": 0, "licensed": 0, "id": "1130510300101720245-1", "pnu": "1130510300101720245", "floors": 2, "height": 0.0}}, {"type": "Feature", "geometry": {"type": "Polygon", "coordinates": [[[127.02771794, 37.64044585], [127.02788139, 37.64033337], [127.02780533, 37.64025969], [127.02764484, 37.64037595], [127.02771794, 37.64044585]]]}, "properties": {"name": "삼현빌딩", "status": "partial", "capacity": 4, "active": 3, "industry": "컴퓨터 수리", "vacancy_rate": 25.0, "vacancy_rate_lo": 25.0, "vacancy_rate_hi": 25.0, "stores": 16, "source": "stores+ledger", "capacity_method": "floor_ouln", "active_pip": 0, "licensed": 0, "com_floors": [1, 2, 3, 4], "occ_floors": [2, 3, 4], "unknown_n": 0, "id": "1130510300101740009-1", "pnu": "1130510300101740009", "floors": 4, "height": 13.9}}, {"type": "Feature", "geometry": {"type": "Polygon", "coordinates": [[[127.02884508, 37.64136242], [127.02882264, 37.64134269], [127.02870347, 37.64141859], [127.02872954, 37.6414458], [127.02884508, 37.64136242]]]}, "properties": {"name": "수유동 173-19", "status": "full", "capacity": 2, "active": 2, "industry": "시계·귀금속 소매", "vacancy_rate": 0.0, "vacancy_rate_lo": 0.0, "vacancy_rate_hi": 0.0, "stores": 6, "source": "stores+ledger", "capacity_method": "floor_ouln", "active_pip": 0, "licensed": 0, "com_floors": [1, 2], "occ_floors": [1, 2], "unknown_n": 0, "id": "1130510300101730019-2", "pnu": "1130510300101730019", "floors": 0, "height": 0.0}}, {"type": "Feature", "geometry": {"type": "Polygon", "coordinates": [[[127.02772213, 37.64076579], [127.0276083, 37.64084925], [127.02769263, 37.64092293], [127.02780647, 37.64084172], [127.02772213, 37.64076579]]]}, "properties": {"name": "수유동 174-40", "status": "partial", "capacity": 2, "active": 1, "industry": "유원지·오락", "vacancy_rate": 50.0, "vacancy_rate_lo": 50.0, "vacancy_rate_hi": 50.0, "stores": 2, "source": "stores+ledger", "capacity_method": "floor_ouln", "active_pip": 0, "licensed": 0, "com_floors": [1, 2], "occ_floors": [1], "unknown_n": 0, "id": "1130510300101740040-1", "pnu": "1130510300101740040", "floors": 3, "height": 0.0}}, {"type": "Feature", "geometry": {"type": "Polygon", "coordinates": [[[127.02730395, 37.64047262], [127.02722709, 37.64039335], [127.02713942, 37.64045581], [127.02721876, 37.64052886], [127.02730395, 37.64047262]]]}, "properties": {"name": "수유동 174-29", "status": "partial", "capacity": 3, "active": 2, "industry": "주점", "vacancy_rate": 33.3, "vacancy_rate_lo": 33.3, "vacancy_rate_hi": 33.3, "stores": 3, "source": "stores+ledger", "capacity_method": "floor_ouln", "active_pip": 0, "licensed": 0, "com_floors": [1, 2, 3], "occ_floors": [1, 2], "unknown_n": 0, "id": "1130510300101740029-1", "pnu": "1130510300101740029", "floors": 3, "height": 0.0}}, {"type": "Feature", "geometry": {"type": "Polygon", "coordinates": [[[127.028602, 37.64037293], [127.02851252, 37.64043305], [127.02869206, 37.64060149], [127.02878177, 37.64053885], [127.028602, 37.64037293]]]}, "properties": {"name": "우측", "status": "full", "capacity": 2, "active": 2, "industry": "의약·화장품 소매", "vacancy_rate": 0.0, "vacancy_rate_lo": 0.0, "vacancy_rate_hi": 0.0, "stores": 7, "source": "stores+ledger", "capacity_method": "floor_ouln", "active_pip": 0, "licensed": 0, "com_floors": [1, 2], "occ_floors": [1, 2], "unknown_n": 0, "id": "1130510200104630043-2", "pnu": "1130510200104630043", "floors": 2, "height": 0.0}}, {"type": "Feature", "geometry": {"type": "Polygon", "coordinates": [[[127.02770778, 37.6411743], [127.02776294, 37.64111636], [127.02766072, 37.64105565], [127.02763251, 37.64105692], [127.02755015, 37.64110136], [127.02763288, 37.64115026], [127.02764568, 37.64113846], [127.02770778, 37.6411743]]]}, "properties": {"name": "수유동 175-64", "status": "full", "capacity": 2, "active": 2, "industry": "한식", "vacancy_rate": 0.0, "vacancy_rate_lo": 0.0, "vacancy_rate_hi": 0.0, "stores": 2, "source": "stores+ledger", "capacity_method": "floor_ouln", "active_pip": 0, "licensed": 0, "com_floors": [1, 2], "occ_floors": [1, 2], "unknown_n": 0, "id": "1130510300101750064-1", "pnu": "1130510300101750064", "floors": 3, "height": 0.0}}, {"type": "Feature", "geometry": {"type": "Polygon", "coordinates": [[[127.0281918, 37.64114499], [127.02811579, 37.64119997], [127.02812363, 37.64124456], [127.02824342, 37.64130725], [127.02831433, 37.64125227], [127.0281918, 37.64114499]]]}, "properties": {"name": "일부", "status": "full", "capacity": 3, "active": 3, "industry": "스포츠 서비스", "vacancy_rate": 0.0, "vacancy_rate_lo": 0.0, "vacancy_rate_hi": 0.0, "stores": 6, "source": "stores+ledger", "capacity_method": "floor_ouln", "active_pip": 0, "licensed": 0, "com_floors": [1, 2, 3], "occ_floors": [1, 2, 3], "unknown_n": 0, "id": "1130510300101730010-1", "pnu": "1130510300101730010", "floors": 5, "height": 15.3}}, {"type": "Feature", "geometry": {"type": "Polygon", "coordinates": [[[127.02862214, 37.64174963], [127.0284342, 37.64184293], [127.02848544, 37.64191482], [127.02867134, 37.64181971], [127.02862214, 37.64174963]]]}, "properties": {"name": "수유동 172-170", "status": "full", "capacity": 1, "active": 1, "industry": "종합 소매", "vacancy_rate": 0.0, "vacancy_rate_lo": 0.0, "vacancy_rate_hi": 100.0, "stores": 1, "source": "stores+ledger", "capacity_method": "floor_ouln", "active_pip": 0, "licensed": 0, "com_floors": [1], "occ_floors": [], "unknown_n": 1, "id": "1130510300101720170-1", "pnu": "1130510300101720170", "floors": 1, "height": 0.0}}, {"type": "Feature", "geometry": {"type": "Polygon", "coordinates": [[[127.02726221, 37.64069283], [127.02721531, 37.64068878], [127.02714734, 37.64074232], [127.02723257, 37.64081672], [127.02732285, 37.6407493], [127.02726221, 37.64069283]]]}, "properties": {"name": "수유동 176-71", "status": "full", "capacity": 2, "active": 2, "industry": "한식", "vacancy_rate": 0.0, "vacancy_rate_lo": 0.0, "vacancy_rate_hi": 50.0, "stores": 3, "source": "stores+ledger", "capacity_method": "floor_ouln", "active_pip": 0, "licensed": 0, "com_floors": [1, 2], "occ_floors": [2], "unknown_n": 1, "id": "1130510300101760071-2", "pnu": "1130510300101760071", "floors": 3, "height": 0.0}}, {"type": "Feature", "geometry": {"type": "Polygon", "coordinates": [[[127.02615076, 37.64174625], [127.02624765, 37.64183206], [127.02629061, 37.64180133], [127.02619361, 37.64171559], [127.02615076, 37.64174625]]]}, "properties": {"name": "수유동 176-2", "status": "empty", "capacity": 1, "active": 0, "industry": "", "vacancy_rate": 100.0, "source": "polygon_only", "capacity_method": "floor_approx", "active_pip": 0, "licensed": 0, "id": "1130510300101760002-1", "pnu": "1130510300101760002", "floors": 1, "height": 4.9}}, {"type": "Feature", "geometry": {"type": "Polygon", "coordinates": [[[127.02773117, 37.64158802], [127.0278548, 37.64165287], [127.02793204, 37.6415587], [127.02780875, 37.64149205], [127.02773117, 37.64158802]]]}, "properties": {"name": "수유동 172-208", "status": "empty", "capacity": 1, "active": 0, "industry": "유원지·오락", "vacancy_rate": 100.0, "vacancy_rate_lo": 100.0, "vacancy_rate_hi": 100.0, "stores": 1, "source": "stores+ledger", "capacity_method": "floor_ouln", "active_pip": 0, "licensed": 0, "com_floors": [1], "occ_floors": [], "unknown_n": 0, "id": "1130510300101720208-1", "pnu": "1130510300101720208", "floors": 3, "height": 10.1}}, {"type": "Feature", "geometry": {"type": "Polygon", "coordinates": [[[127.02848888, 37.64142302], [127.02859143, 37.64134521], [127.02851235, 37.64128044], [127.02840895, 37.64136028], [127.02848888, 37.64142302]]]}, "properties": {"name": "수유동 173-11", "status": "full", "capacity": 2, "active": 2, "industry": "욕탕·신체관리", "vacancy_rate": 0.0, "vacancy_rate_lo": 0.0, "vacancy_rate_hi": 50.0, "stores": 1, "source": "stores+ledger", "capacity_method": "floor_ouln", "active_pip": 0, "licensed": 0, "com_floors": [1, 2], "occ_floors": [2], "unknown_n": 1, "id": "1130510300101730011-1", "pnu": "1130510300101730011", "floors": 7, "height": 21.4}}, {"type": "Feature", "geometry": {"type": "Polygon", "coordinates": [[[127.02741797, 37.639931], [127.0272789, 37.64002348], [127.02735199, 37.6400946], [127.02749104, 37.64000423], [127.02741797, 37.639931]]]}, "properties": {"name": "스타빌딩", "status": "partial", "capacity": 6, "active": 4, "industry": "의원", "vacancy_rate": 33.3, "vacancy_rate_lo": 33.3, "vacancy_rate_hi": 50.0, "stores": 5, "source": "stores+ledger", "capacity_method": "floor_ouln", "active_pip": 0, "licensed": 0, "com_floors": [1, 2, 3, 4, 5, 6], "occ_floors": [4, 5, 6], "unknown_n": 1, "id": "1130510300101740013-1", "pnu": "1130510300101740013", "floors": 6, "height": 24.0}}, {"type": "Feature", "geometry": {"type": "Polygon", "coordinates": [[[127.02811651, 37.64092743], [127.02823021, 37.64103356], [127.02824977, 37.64103533], [127.02847711, 37.64087346], [127.02835901, 37.64076168], [127.02811651, 37.64092743]]]}, "properties": {"name": "SD빌딩", "status": "full", "capacity": 3, "active": 3, "industry": "섬유·의복·신발 소매", "vacancy_rate": 0.0, "vacancy_rate_lo": 0.0, "vacancy_rate_hi": 0.0, "stores": 9, "source": "stores+ledger", "capacity_method": "floor_ouln", "active_pip": 0, "licensed": 0, "com_floors": [1, 2, 3], "occ_floors": [1, 2, 3], "unknown_n": 0, "id": "1130510300101740001-1", "pnu": "1130510300101740001", "floors": 3, "height": 0.0}}, {"type": "Feature", "geometry": {"type": "Polygon", "coordinates": [[[127.02591811, 37.64166349], [127.02593793, 37.64164664], [127.02590301, 37.64161754], [127.0258423, 37.64165585], [127.02583291, 37.6416891], [127.02595656, 37.64180178], [127.02598206, 37.64181367], [127.02605546, 37.64176536], [127.02597443, 37.64169555], [127.02595381, 37.64170114], [127.02591811, 37.64166349]]]}, "properties": {"name": "나", "status": "full", "capacity": 2, "active": 2, "industry": "한식", "vacancy_rate": 0.0, "vacancy_rate_lo": 0.0, "vacancy_rate_hi": 50.0, "stores": 6, "source": "stores+ledger", "capacity_method": "floor_ouln", "active_pip": 0, "licensed": 0, "com_floors": [1, 2], "occ_floors": [1], "unknown_n": 1, "id": "1130510300101760025-1", "pnu": "1130510300101760025", "floors": 3, "height": 0.0}}, {"type": "Feature", "geometry": {"type": "Polygon", "coordinates": [[[127.02612865, 37.64014573], [127.02623825, 37.64024491], [127.02641756, 37.64011044], [127.0263057, 37.64001091], [127.02612865, 37.64014573]]]}, "properties": {"name": "아가엄마산부인과", "status": "high", "capacity": 5, "active": 2, "industry": "식료품 소매", "vacancy_rate": 60.0, "vacancy_rate_lo": 60.0, "vacancy_rate_hi": 80.0, "stores": 2, "source": "stores+ledger", "capacity_method": "floor_ouln", "active_pip": 0, "licensed": 0, "com_floors": [1, 2, 3, 4, 5], "occ_floors": [1], "unknown_n": 1, "id": "1130510300101900008-1", "pnu": "1130510300101900008", "floors": 5, "height": 20.4}}, {"type": "Feature", "geometry": {"type": "Polygon", "coordinates": [[[127.02602259, 37.63977654], [127.02613673, 37.63988247], [127.02622179, 37.63982289], [127.02610732, 37.63972174], [127.02602259, 37.63977654]]]}, "properties": {"name": "일부", "status": "full", "capacity": 3, "active": 3, "industry": "한식", "vacancy_rate": 0.0, "vacancy_rate_lo": 0.0, "vacancy_rate_hi": 0.0, "stores": 3, "source": "stores+ledger", "capacity_method": "floor_ouln", "active_pip": 0, "licensed": 0, "com_floors": [2, 3, 4], "occ_floors": [2, 3, 4], "unknown_n": 0, "id": "1130510300101900049-1", "pnu": "1130510300101900049", "floors": 4, "height": 0.0}}, {"type": "Feature", "geometry": {"type": "Polygon", "coordinates": [[[127.02564187, 37.64102764], [127.02552509, 37.64110875], [127.02560692, 37.64117946], [127.02571441, 37.6410961], [127.02564187, 37.64102764]]]}, "properties": {"name": "수유동 177-17", "status": "full", "capacity": 3, "active": 3, "industry": "이용·미용", "vacancy_rate": 0.0, "vacancy_rate_lo": 0.0, "vacancy_rate_hi": 33.3, "stores": 6, "source": "stores+ledger", "capacity_method": "floor_ouln", "active_pip": 0, "licensed": 0, "com_floors": [1, 2, 3], "occ_floors": [2, 3], "unknown_n": 1, "id": "1130510300101770017-1", "pnu": "1130510300101770017", "floors": 3, "height": 0.0}}, {"type": "Feature", "geometry": {"type": "Polygon", "coordinates": [[[127.02837292, 37.64146694], [127.02825017, 37.64139228], [127.02819682, 37.64143583], [127.0282694, 37.64152392], [127.02837292, 37.64146694]]]}, "properties": {"name": "수유동 172-176", "status": "full", "capacity": 1, "active": 1, "industry": "이용·미용", "vacancy_rate": 0.0, "vacancy_rate_lo": 0.0, "vacancy_rate_hi": 0.0, "stores": 1, "source": "stores+ledger", "capacity_method": "floor_ouln", "active_pip": 0, "licensed": 0, "com_floors": [1], "occ_floors": [1], "unknown_n": 0, "id": "1130510300101720176-1", "pnu": "1130510300101720176", "floors": 4, "height": 10.6}}, {"type": "Feature", "geometry": {"type": "Polygon", "coordinates": [[[127.02920466, 37.64240901], [127.02932462, 37.64232132], [127.02927973, 37.64228015], [127.02916668, 37.64235631], [127.02920466, 37.64240901]]]}, "properties": {"name": "수유동 168-8", "status": "empty", "capacity": 1, "active": 0, "industry": "", "vacancy_rate": 100.0, "source": "polygon_only", "capacity_method": "floor_approx", "active_pip": 0, "licensed": 0, "id": "1130510300101680008-1", "pnu": "1130510300101680008", "floors": 1, "height": 0.0}}, {"type": "Feature", "geometry": {"type": "Polygon", "coordinates": [[[127.02911804, 37.64196557], [127.02926199, 37.6420969], [127.0294839, 37.6419516], [127.02946134, 37.64193007], [127.02947629, 37.64191889], [127.02936589, 37.64181756], [127.02935695, 37.64182378], [127.02934266, 37.64181225], [127.02911804, 37.64196557]]]}, "properties": {"name": "수유동 168-4", "status": "empty", "capacity": 3, "active": 0, "industry": "", "vacancy_rate": 100.0, "source": "polygon_only", "capacity_method": "floor_approx", "active_pip": 0, "licensed": 0, "id": "1130510300101680004-1", "pnu": "1130510300101680004", "floors": 3, "height": 0.0}}, {"type": "Feature", "geometry": {"type": "Polygon", "coordinates": [[[127.02881006, 37.64162219], [127.02882208, 37.6416366], [127.02884451, 37.64162218], [127.02885017, 37.64162948], [127.02886966, 37.64161686], [127.02889561, 37.64163803], [127.02891249, 37.64162361], [127.02886545, 37.64158298], [127.02881006, 37.64162219]]]}, "properties": {"name": "일부", "status": "full", "capacity": 2, "active": 2, "industry": "주점", "vacancy_rate": 0.0, "vacancy_rate_lo": 0.0, "vacancy_rate_hi": 0.0, "stores": 6, "source": "stores+ledger", "capacity_method": "floor_ouln", "active_pip": 0, "licensed": 0, "com_floors": [1, 2], "occ_floors": [1, 2], "unknown_n": 0, "id": "1130510300101730001-2", "pnu": "1130510300101730001", "floors": 0, "height": 0.0}}, {"type": "Feature", "geometry": {"type": "Polygon", "coordinates": [[[127.0301152, 37.64189044], [127.03017229, 37.64185106], [127.03015767, 37.6418389], [127.03019154, 37.64181555], [127.03009599, 37.6417198], [127.03005736, 37.64174306], [127.03004126, 37.64172964], [127.02998712, 37.64176596], [127.0301152, 37.64189044]]]}, "properties": {"name": "번동 465-4", "status": "empty", "capacity": 9, "active": 0, "industry": "", "vacancy_rate": 100.0, "source": "polygon_only", "capacity_method": "floor_approx", "active_pip": 0, "licensed": 0, "id": "1130510200104650004-1", "pnu": "1130510200104650004", "floors": 9, "height": 26.85}}, {"type": "Feature", "geometry": {"type": "Polygon", "coordinates": [[[127.02873909, 37.64213081], [127.02866768, 37.64203523], [127.02853026, 37.64210185], [127.02860384, 37.64220202], [127.02873909, 37.64213081]]]}, "properties": {"name": "수인빌딩", "status": "full", "capacity": 2, "active": 2, "industry": "한식", "vacancy_rate": 0.0, "vacancy_rate_lo": 0.0, "vacancy_rate_hi": 0.0, "stores": 7, "source": "stores+ledger", "capacity_method": "floor_ouln", "active_pip": 0, "licensed": 0, "com_floors": [1, 2], "occ_floors": [1, 2], "unknown_n": 0, "id": "1130510300101690003-1", "pnu": "1130510300101690003", "floors": 4, "height": 12.3}}, {"type": "Feature", "geometry": {"type": "Polygon", "coordinates": [[[127.03014725, 37.64156491], [127.03023945, 37.64149218], [127.03016045, 37.64144517], [127.03012431, 37.64144842], [127.03006246, 37.64148862], [127.03014725, 37.64156491]]]}, "properties": {"name": "번동 465-93", "status": "full", "capacity": 1, "active": 1, "industry": "한식", "vacancy_rate": 0.0, "vacancy_rate_lo": 0.0, "vacancy_rate_hi": 0.0, "stores": 2, "source": "stores+ledger", "capacity_method": "floor_ouln", "active_pip": 0, "licensed": 0, "com_floors": [1], "occ_floors": [1], "unknown_n": 0, "id": "1130510200104650093-1", "pnu": "1130510200104650093", "floors": 2, "height": 0.0}}, {"type": "Feature", "geometry": {"type": "Polygon", "coordinates": [[[127.02840106, 37.64168463], [127.02851944, 37.64162964], [127.02846819, 37.64155055], [127.02834811, 37.64160355], [127.02840106, 37.64168463]]]}, "properties": {"name": "수유동 172-174", "status": "partial", "capacity": 2, "active": 1, "industry": "유원지·오락", "vacancy_rate": 50.0, "vacancy_rate_lo": 50.0, "vacancy_rate_hi": 50.0, "stores": 3, "source": "stores+ledger", "capacity_method": "floor_ouln", "active_pip": 0, "licensed": 0, "com_floors": [1, 2], "occ_floors": [1], "unknown_n": 0, "id": "1130510300101720174-1", "pnu": "1130510300101720174", "floors": 4, "height": 12.3}}, {"type": "Feature", "geometry": {"type": "Polygon", "coordinates": [[[127.02870733, 37.6417242], [127.02881268, 37.64165075], [127.02878412, 37.64162454], [127.02874809, 37.64164905], [127.02870571, 37.64161221], [127.02864567, 37.64165322], [127.02870733, 37.6417242]]]}, "properties": {"name": "일부", "status": "full", "capacity": 2, "active": 2, "industry": "주점", "vacancy_rate": 0.0, "vacancy_rate_lo": 0.0, "vacancy_rate_hi": 0.0, "stores": 6, "source": "stores+ledger", "capacity_method": "floor_ouln", "active_pip": 0, "licensed": 0, "com_floors": [1, 2], "occ_floors": [1, 2], "unknown_n": 0, "id": "1130510300101730001-3", "pnu": "1130510300101730001", "floors": 0, "height": 0.0}}, {"type": "Feature", "geometry": {"type": "Polygon", "coordinates": [[[127.02873963, 37.64145426], [127.02878962, 37.64149903], [127.02888374, 37.64143387], [127.02883602, 37.64138856], [127.02873963, 37.64145426]]]}, "properties": {"name": "수유동 173-19", "status": "full", "capacity": 2, "active": 2, "industry": "시계·귀금속 소매", "vacancy_rate": 0.0, "vacancy_rate_lo": 0.0, "vacancy_rate_hi": 0.0, "stores": 6, "source": "stores+ledger", "capacity_method": "floor_ouln", "active_pip": 0, "licensed": 0, "com_floors": [1, 2], "occ_floors": [1, 2], "unknown_n": 0, "id": "1130510300101730019-3", "pnu": "1130510300101730019", "floors": 0, "height": 0.0}}, {"type": "Feature", "geometry": {"type": "Polygon", "coordinates": [[[127.02756011, 37.6412623], [127.02746629, 37.64117573], [127.0273715, 37.64123902], [127.02747057, 37.64132544], [127.02756011, 37.6412623]]]}, "properties": {"name": "삼성빌딩", "status": "full", "capacity": 1, "active": 1, "industry": "유원지·오락", "vacancy_rate": 0.0, "vacancy_rate_lo": 0.0, "vacancy_rate_hi": 0.0, "stores": 2, "source": "stores+ledger", "capacity_method": "floor_ouln", "active_pip": 0, "licensed": 0, "com_floors": [1], "occ_floors": [1], "unknown_n": 0, "id": "1130510300101750007-1", "pnu": "1130510300101750007", "floors": 4, "height": 13.0}}, {"type": "Feature", "geometry": {"type": "Polygon", "coordinates": [[[127.02871187, 37.64173186], [127.02878351, 37.64183293], [127.02882975, 37.64184788], [127.02899626, 37.64174053], [127.02887159, 37.64162307], [127.02871187, 37.64173186]]]}, "properties": {"name": "일부", "status": "full", "capacity": 2, "active": 2, "industry": "주점", "vacancy_rate": 0.0, "vacancy_rate_lo": 0.0, "vacancy_rate_hi": 0.0, "stores": 6, "source": "stores+ledger", "capacity_method": "floor_ouln", "active_pip": 0, "licensed": 0, "com_floors": [1, 2], "occ_floors": [1, 2], "unknown_n": 0, "id": "1130510300101730001-4", "pnu": "1130510300101730001", "floors": 3, "height": 0.0}}, {"type": "Feature", "geometry": {"type": "Polygon", "coordinates": [[[127.0287575, 37.64137831], [127.02870627, 37.64132786], [127.02865382, 37.64136445], [127.02870086, 37.64141589], [127.0287575, 37.64137831]]]}, "properties": {"name": "수유동 173-2", "status": "full", "capacity": 3, "active": 3, "industry": "유원지·오락", "vacancy_rate": 0.0, "vacancy_rate_lo": 0.0, "vacancy_rate_hi": 0.0, "stores": 3, "source": "stores+ledger", "capacity_method": "floor_ouln", "active_pip": 0, "licensed": 0, "com_floors": [1, 2, 3], "occ_floors": [1, 2, 3], "unknown_n": 0, "id": "1130510300101730002-2", "pnu": "1130510300101730002", "floors": 0, "height": 0.0}}, {"type": "Feature", "geometry": {"type": "Polygon", "coordinates": [[[127.02923958, 37.64157982], [127.02913303, 37.64147524], [127.02901568, 37.64155726], [127.0291229, 37.64165941], [127.02923958, 37.64157982]]]}, "properties": {"name": "뷰티의상실앞", "status": "full", "capacity": 3, "active": 3, "industry": "섬유·의복·신발 소매", "vacancy_rate": 0.0, "vacancy_rate_lo": 0.0, "vacancy_rate_hi": 0.0, "stores": 10, "source": "stores+ledger", "capacity_method": "floor_ouln", "active_pip": 0, "licensed": 0, "com_floors": [1, 2, 3], "occ_floors": [1, 2, 3], "unknown_n": 0, "id": "1130510300101730014-3", "pnu": "1130510300101730014", "floors": 3, "height": 0.0}}, {"type": "Feature", "geometry": {"type": "Polygon", "coordinates": [[[127.02907442, 37.64217378], [127.0291331, 37.64222848], [127.02922689, 37.64216487], [127.02919836, 37.64213827], [127.02918112, 37.64214996], [127.02917083, 37.64214036], [127.02915875, 37.64214855], [127.02913891, 37.64213004], [127.02907442, 37.64217378]]]}, "properties": {"name": "수유동 168-18", "status": "empty", "capacity": 9, "active": 0, "industry": "", "vacancy_rate": 100.0, "source": "polygon_only", "capacity_method": "floor_approx", "active_pip": 0, "licensed": 0, "id": "1130510300101680018-1", "pnu": "1130510300101680018", "floors": 9, "height": 24.55}}, {"type": "Feature", "geometry": {"type": "Polygon", "coordinates": [[[127.02764348, 37.64122567], [127.02759048, 37.64127003], [127.02763313, 37.64130235], [127.02763, 37.64130497], [127.02764889, 37.64131924], [127.02770509, 37.64127222], [127.02764348, 37.64122567]]]}, "properties": {"name": "수유동 175-4", "status": "empty", "capacity": 3, "active": 0, "industry": "", "vacancy_rate": 100.0, "source": "polygon_only", "capacity_method": "floor_approx", "active_pip": 0, "licensed": 0, "id": "1130510300101750004-1", "pnu": "1130510300101750004", "floors": 3, "height": 9.8}}, {"type": "Feature", "geometry": {"type": "Polygon", "coordinates": [[[127.02952719, 37.63997933], [127.0293856, 37.64008064], [127.02967689, 37.64034861], [127.02970567, 37.64035184], [127.02984182, 37.64025505], [127.02952719, 37.63997933]]]}, "properties": {"name": "좌측면좌측끝", "status": "full", "capacity": 2, "active": 2, "industry": "기타 간이", "vacancy_rate": 0.0, "vacancy_rate_lo": 0.0, "vacancy_rate_hi": 50.0, "stores": 5, "source": "stores+ledger", "capacity_method": "floor_ouln", "active_pip": 0, "licensed": 0, "com_floors": [1, 2], "occ_floors": [1], "unknown_n": 1, "id": "1130510200104620021-1", "pnu": "1130510200104620021", "floors": 2, "height": 0.0}}, {"type": "Feature", "geometry": {"type": "Polygon", "coordinates": [[[127.02995114, 37.63993643], [127.03003174, 37.64001002], [127.03006039, 37.63999074], [127.02998048, 37.63991787], [127.02995114, 37.63993643]]]}, "properties": {"name": "일부", "status": "full", "capacity": 2, "active": 2, "industry": "이용·미용", "vacancy_rate": 0.0, "vacancy_rate_lo": 0.0, "vacancy_rate_hi": 50.0, "stores": 7, "source": "stores+ledger", "capacity_method": "floor_ouln", "active_pip": 0, "licensed": 0, "com_floors": [1, 2], "occ_floors": [1], "unknown_n": 1, "id": "1130510200104620018-5", "pnu": "1130510200104620018", "floors": 0, "height": 0.0}}, {"type": "Feature", "geometry": {"type": "Polygon", "coordinates": [[[127.02956141, 37.64113763], [127.02968027, 37.64115409], [127.02970889, 37.6409547], [127.02959091, 37.64094688], [127.02956141, 37.64113763]]]}, "properties": {"name": "번동 464-4", "status": "empty", "capacity": 6, "active": 0, "industry": "", "vacancy_rate": 100.0, "source": "polygon_only", "capacity_method": "floor_approx", "active_pip": 0, "licensed": 0, "id": "1130510200104640004-1", "pnu": "1130510200104640004", "floors": 6, "height": 17.6}}, {"type": "Feature", "geometry": {"type": "Polygon", "coordinates": [[[127.02857616, 37.63976432], [127.02863317, 37.63981656], [127.02872798, 37.63974942], [127.0286738, 37.6396969], [127.02857616, 37.63976432]]]}, "properties": {"name": "번동 463-14", "status": "empty", "capacity": 5, "active": 0, "industry": "", "vacancy_rate": 100.0, "source": "polygon_only", "capacity_method": "floor_approx", "active_pip": 0, "licensed": 0, "id": "1130510200104630014-1", "pnu": "1130510200104630014", "floors": 5, "height": 16.2}}, {"type": "Feature", "geometry": {"type": "Polygon", "coordinates": [[[127.02934366, 37.64089649], [127.02928189, 37.64083911], [127.0292376, 37.64087012], [127.02930085, 37.64092947], [127.02934366, 37.64089649]]]}, "properties": {"name": "번동빌딩", "status": "full", "capacity": 4, "active": 4, "industry": "의원", "vacancy_rate": 0.0, "vacancy_rate_lo": 0.0, "vacancy_rate_hi": 50.0, "stores": 6, "source": "stores+ledger", "capacity_method": "floor_ouln", "active_pip": 0, "licensed": 0, "com_floors": [1, 2, 3, 4], "occ_floors": [1, 3], "unknown_n": 2, "id": "1130510200104640007-1", "pnu": "1130510200104640007", "floors": 0, "height": 0.0}}, {"type": "Feature", "geometry": {"type": "Polygon", "coordinates": [[[127.02890503, 37.64080245], [127.02896056, 37.64085325], [127.02906738, 37.64077844], [127.02901479, 37.64072791], [127.02890503, 37.64080245]]]}, "properties": {"name": "번동 463-40", "status": "full", "capacity": 2, "active": 2, "industry": "기타 간이", "vacancy_rate": 0.0, "vacancy_rate_lo": 0.0, "vacancy_rate_hi": 50.0, "stores": 3, "source": "stores+ledger", "capacity_method": "floor_ouln", "active_pip": 0, "licensed": 0, "com_floors": [1, 2], "occ_floors": [2], "unknown_n": 1, "id": "1130510200104630040-1", "pnu": "1130510200104630040", "floors": 2, "height": 0.0}}, {"type": "Feature", "geometry": {"type": "Polygon", "coordinates": [[[127.02955223, 37.64113691], [127.02958365, 37.64093049], [127.02945809, 37.64092471], [127.02945388, 37.64111945], [127.02955223, 37.64113691]]]}, "properties": {"name": "번동 464-5", "status": "empty", "capacity": 6, "active": 0, "industry": "", "vacancy_rate": 100.0, "source": "polygon_only", "capacity_method": "floor_approx", "active_pip": 0, "licensed": 0, "id": "1130510200104640005-1", "pnu": "1130510200104640005", "floors": 6, "height": 15.95}}, {"type": "Feature", "geometry": {"type": "Polygon", "coordinates": [[[127.03067179, 37.63976433], [127.03058434, 37.639825], [127.03065892, 37.63989282], [127.03074501, 37.63983216], [127.03067179, 37.63976433]]]}, "properties": {"name": "서측", "status": "full", "capacity": 1, "active": 1, "industry": "종합 소매", "vacancy_rate": 0.0, "vacancy_rate_lo": 0.0, "vacancy_rate_hi": 0.0, "stores": 1, "source": "stores+ledger", "capacity_method": "floor_ouln", "active_pip": 0, "licensed": 0, "com_floors": [1], "occ_floors": [1], "unknown_n": 0, "id": "1130510200104680051-1", "pnu": "1130510200104680051", "floors": 3, "height": 9.7}}, {"type": "Feature", "geometry": {"type": "Polygon", "coordinates": [[[127.03005939, 37.64089361], [127.0299428, 37.64089337], [127.02998408, 37.64098256], [127.03000221, 37.64099129], [127.03008922, 37.64097351], [127.03005939, 37.64089361]]]}, "properties": {"name": "좌측", "status": "full", "capacity": 1, "active": 1, "industry": "주점", "vacancy_rate": 0.0, "vacancy_rate_lo": 0.0, "vacancy_rate_hi": 0.0, "stores": 2, "source": "stores+ledger", "capacity_method": "floor_ouln", "active_pip": 0, "licensed": 0, "com_floors": [1], "occ_floors": [1], "unknown_n": 0, "id": "1130510200104670035-1", "pnu": "1130510200104670035", "floors": 2, "height": 0.0}}, {"type": "Feature", "geometry": {"type": "Polygon", "coordinates": [[[127.02894346, 37.6405653], [127.02885426, 37.64048523], [127.02879865, 37.64052362], [127.02888852, 37.64060415], [127.02894346, 37.6405653]]]}, "properties": {"name": "번동 463-42", "status": "full", "capacity": 1, "active": 1, "industry": "기타 간이", "vacancy_rate": 0.0, "vacancy_rate_lo": 0.0, "vacancy_rate_hi": 0.0, "stores": 2, "source": "stores+ledger", "capacity_method": "floor_ouln", "active_pip": 0, "licensed": 0, "com_floors": [1], "occ_floors": [1], "unknown_n": 0, "id": "1130510200104630042-1", "pnu": "1130510200104630042", "floors": 0, "height": 0.0}}, {"type": "Feature", "geometry": {"type": "Polygon", "coordinates": [[[127.02878633, 37.63886076], [127.02864305, 37.63895405], [127.02869949, 37.63901017], [127.0288387, 37.63891643], [127.02878633, 37.63886076]]]}, "properties": {"name": "경성고기꾼", "status": "full", "capacity": 1, "active": 1, "industry": "한식", "vacancy_rate": 0.0, "vacancy_rate_lo": 0.0, "vacancy_rate_hi": 0.0, "stores": 7, "source": "stores+ledger", "capacity_method": "floor_ouln", "active_pip": 0, "licensed": 0, "com_floors": [1], "occ_floors": [1], "unknown_n": 0, "id": "1130510200104610127-2", "pnu": "1130510200104610127", "floors": 2, "height": 0.0}}, {"type": "Feature", "geometry": {"type": "Polygon", "coordinates": [[[127.02902375, 37.63868961], [127.02896167, 37.63872999], [127.02902016, 37.63878647], [127.02904247, 37.63877024], [127.02908894, 37.63881564], [127.02912915, 37.63878887], [127.02902375, 37.63868961]]]}, "properties": {"name": "오른쪽", "status": "full", "capacity": 1, "active": 1, "industry": "담배 소매", "vacancy_rate": 0.0, "vacancy_rate_lo": 0.0, "vacancy_rate_hi": 0.0, "stores": 1, "source": "stores+ledger", "capacity_method": "floor_ouln", "active_pip": 0, "licensed": 0, "com_floors": [1], "occ_floors": [1], "unknown_n": 0, "id": "1130510200104610090-2", "pnu": "1130510200104610090", "floors": 0, "height": 0.0}}, {"type": "Feature", "geometry": {"type": "Polygon", "coordinates": [[[127.0296806, 37.63855817], [127.0296101, 37.63848728], [127.02949661, 37.63856344], [127.02956756, 37.63863136], [127.0296806, 37.63855817]]]}, "properties": {"name": "번동 461-113", "status": "empty", "capacity": 2, "active": 0, "industry": "", "vacancy_rate": 100.0, "source": "polygon_only", "capacity_method": "floor_approx", "active_pip": 0, "licensed": 0, "id": "1130510200104610113-1", "pnu": "1130510200104610113", "floors": 2, "height": 0.0}}, {"type": "Feature", "geometry": {"type": "Polygon", "coordinates": [[[127.02997915, 37.64118855], [127.02989773, 37.64121109], [127.02990133, 37.64121785], [127.02986835, 37.64122652], [127.02988177, 37.64126072], [127.02985719, 37.64126883], [127.02988996, 37.64135153], [127.03003611, 37.64131302], [127.02997915, 37.64118855]]]}, "properties": {"name": "일부", "status": "partial", "capacity": 2, "active": 1, "industry": "한식", "vacancy_rate": 50.0, "vacancy_rate_lo": 50.0, "vacancy_rate_hi": 50.0, "stores": 4, "source": "stores+ledger", "capacity_method": "floor_ouln", "active_pip": 0, "licensed": 0, "com_floors": [1, 2], "occ_floors": [1], "unknown_n": 0, "id": "1130510200104640017-1", "pnu": "1130510200104640017", "floors": 3, "height": 10.2}}, {"type": "Feature", "geometry": {"type": "Polygon", "coordinates": [[[127.0294752, 37.64059814], [127.02957426, 37.64068741], [127.02969784, 37.64059016], [127.02967412, 37.6405116], [127.02962256, 37.64049729], [127.0294752, 37.64059814]]]}, "properties": {"name": "일부", "status": "full", "capacity": 2, "active": 2, "industry": "주점", "vacancy_rate": 0.0, "vacancy_rate_lo": 0.0, "vacancy_rate_hi": 50.0, "stores": 4, "source": "stores+ledger", "capacity_method": "floor_ouln", "active_pip": 0, "licensed": 0, "com_floors": [1, 2], "occ_floors": [1], "unknown_n": 1, "id": "1130510200104640014-1", "pnu": "1130510200104640014", "floors": 3, "height": 9.9}}, {"type": "Feature", "geometry": {"type": "Polygon", "coordinates": [[[127.02880363, 37.64050758], [127.02872802, 37.64043318], [127.02869618, 37.64045202], [127.02877655, 37.64052642], [127.02880363, 37.64050758]]]}, "properties": {"name": "우측", "status": "full", "capacity": 2, "active": 2, "industry": "의약·화장품 소매", "vacancy_rate": 0.0, "vacancy_rate_lo": 0.0, "vacancy_rate_hi": 0.0, "stores": 7, "source": "stores+ledger", "capacity_method": "floor_ouln", "active_pip": 0, "licensed": 0, "com_floors": [1, 2], "occ_floors": [1, 2], "unknown_n": 0, "id": "1130510200104630043-3", "pnu": "1130510200104630043", "floors": 0, "height": 0.0}}, {"type": "Feature", "geometry": {"type": "Polygon", "coordinates": [[[127.03030998, 37.63827448], [127.03038745, 37.63822184], [127.03028317, 37.63811987], [127.03021396, 37.63816818], [127.03022746, 37.63817719], [127.03021829, 37.63818701], [127.03030998, 37.63827448]]]}, "properties": {"name": "일부", "status": "full", "capacity": 1, "active": 1, "industry": "이용·미용", "vacancy_rate": 0.0, "vacancy_rate_lo": 0.0, "vacancy_rate_hi": 0.0, "stores": 3, "source": "stores+ledger", "capacity_method": "floor_ouln", "active_pip": 0, "licensed": 0, "com_floors": [1], "occ_floors": [1], "unknown_n": 0, "id": "1130510200104610067-1", "pnu": "1130510200104610067", "floors": 4, "height": 12.0}}, {"type": "Feature", "geometry": {"type": "Polygon", "coordinates": [[[127.02919672, 37.63860992], [127.02907473, 37.63869428], [127.02913265, 37.63875283], [127.02925668, 37.63867352], [127.02919672, 37.63860992]]]}, "properties": {"name": "쌍용빌딩", "status": "full", "capacity": 1, "active": 1, "industry": "모터사이클 수리", "vacancy_rate": 0.0, "vacancy_rate_lo": 0.0, "vacancy_rate_hi": 0.0, "stores": 2, "source": "stores+ledger", "capacity_method": "floor_ouln", "active_pip": 0, "licensed": 0, "com_floors": [1], "occ_floors": [1], "unknown_n": 0, "id": "1130510200104610091-1", "pnu": "1130510200104610091", "floors": 5, "height": 16.3}}, {"type": "Feature", "geometry": {"type": "Polygon", "coordinates": [[[127.02984441, 37.6402054], [127.02994568, 37.64013997], [127.02983041, 37.64003512], [127.02973809, 37.64009821], [127.02984441, 37.6402054]]]}, "properties": {"name": "명칭없음", "status": "full", "capacity": 2, "active": 2, "industry": "한식", "vacancy_rate": 0.0, "vacancy_rate_lo": null, "vacancy_rate_hi": null, "stores": 2, "source": "stores+ledger", "capacity_method": "expos_units", "active_pip": 0, "licensed": 0, "com_floors": null, "occ_floors": null, "unknown_n": null, "id": "1130510200104620110-1", "pnu": "1130510200104620110", "floors": 5, "height": 15.2}}, {"type": "Feature", "geometry": {"type": "Polygon", "coordinates": [[[127.02878676, 37.64054561], [127.02870271, 37.64060545], [127.0287842, 37.6406794], [127.02886224, 37.64061983], [127.02878676, 37.64054561]]]}, "properties": {"name": "번동 463-42", "status": "full", "capacity": 1, "active": 1, "industry": "기타 간이", "vacancy_rate": 0.0, "vacancy_rate_lo": 0.0, "vacancy_rate_hi": 0.0, "stores": 2, "source": "stores+ledger", "capacity_method": "floor_ouln", "active_pip": 0, "licensed": 0, "com_floors": [1], "occ_floors": [1], "unknown_n": 0, "id": "1130510200104630042-2", "pnu": "1130510200104630042", "floors": 1, "height": 0.0}}, {"type": "Feature", "geometry": {"type": "Polygon", "coordinates": [[[127.02977568, 37.64113865], [127.02984748, 37.64114571], [127.02989858, 37.64113111], [127.02982792, 37.64098686], [127.0297412, 37.64097831], [127.02971715, 37.64113289], [127.02977568, 37.64113865]]]}, "properties": {"name": "드림타워", "status": "full", "capacity": 3, "active": 3, "industry": "한식", "vacancy_rate": 0.0, "vacancy_rate_lo": null, "vacancy_rate_hi": null, "stores": 3, "source": "stores+ledger", "capacity_method": "expos_units", "active_pip": 0, "licensed": 0, "com_floors": null, "occ_floors": null, "unknown_n": null, "id": "1130510200104640003-1", "pnu": "1130510200104640003", "floors": 10, "height": 29.6}}, {"type": "Feature", "geometry": {"type": "Polygon", "coordinates": [[[127.030929, 37.63895507], [127.03095049, 37.63894039], [127.03095787, 37.63894723], [127.03098538, 37.63892845], [127.03097799, 37.63892161], [127.03099948, 37.63890694], [127.03099911, 37.63890659], [127.03101974, 37.63889251], [127.0309952, 37.63886978], [127.03101755, 37.63885451], [127.03098783, 37.638827], [127.03096634, 37.63884168], [127.03095897, 37.63883484], [127.03094435, 37.63884483], [127.03095173, 37.63885165], [127.03093197, 37.63886516], [127.03092458, 37.63885833], [127.03089708, 37.63887711], [127.03090445, 37.63888394], [127.03087437, 37.63890449], [127.030929, 37.63895507]]]}, "properties": {"name": "번동 462-92", "status": "empty", "capacity": 4, "active": 0, "industry": "", "vacancy_rate": 100.0, "source": "polygon_only", "capacity_method": "floor_approx", "active_pip": 0, "licensed": 0, "id": "1130510200104620092-1", "pnu": "1130510200104620092", "floors": 4, "height": 12.9}}, {"type": "Feature", "geometry": {"type": "Polygon", "coordinates": [[[127.02962827, 37.63832465], [127.02940694, 37.63846769], [127.02947031, 37.63852813], [127.02968596, 37.63838807], [127.02962827, 37.63832465]]]}, "properties": {"name": "일부", "status": "full", "capacity": 2, "active": 2, "industry": "주점", "vacancy_rate": 0.0, "vacancy_rate_lo": 0.0, "vacancy_rate_hi": 0.0, "stores": 4, "source": "stores+ledger", "capacity_method": "floor_ouln", "active_pip": 0, "licensed": 0, "com_floors": [1, 2], "occ_floors": [1, 2], "unknown_n": 0, "id": "1130510200104610114-1", "pnu": "1130510200104610114", "floors": 3, "height": 9.6}}, {"type": "Feature", "geometry": {"type": "Polygon", "coordinates": [[[127.02911527, 37.64095475], [127.02927168, 37.6411014], [127.02932367, 37.64106796], [127.0293317, 37.64101507], [127.02934801, 37.64101732], [127.02936069, 37.64098983], [127.02923432, 37.64087075], [127.02911527, 37.64095475]]]}, "properties": {"name": "번동빌딩", "status": "full", "capacity": 4, "active": 4, "industry": "의원", "vacancy_rate": 0.0, "vacancy_rate_lo": 0.0, "vacancy_rate_hi": 50.0, "stores": 6, "source": "stores+ledger", "capacity_method": "floor_ouln", "active_pip": 0, "licensed": 0, "com_floors": [1, 2, 3, 4], "occ_floors": [1, 3], "unknown_n": 2, "id": "1130510200104640007-2", "pnu": "1130510200104640007", "floors": 4, "height": 0.0}}, {"type": "Feature", "geometry": {"type": "Polygon", "coordinates": [[[127.0294787, 37.63797853], [127.02928433, 37.63810976], [127.02933998, 37.63816642], [127.02954138, 37.63803356], [127.0294787, 37.63797853]]]}, "properties": {"name": "좌측", "status": "full", "capacity": 2, "active": 2, "industry": "한식", "vacancy_rate": 0.0, "vacancy_rate_lo": 0.0, "vacancy_rate_hi": 0.0, "stores": 6, "source": "stores+ledger", "capacity_method": "floor_ouln", "active_pip": 0, "licensed": 0, "com_floors": [1, 3], "occ_floors": [1, 3], "unknown_n": 0, "id": "1130510200104170005-1", "pnu": "1130510200104170005", "floors": 4, "height": 11.2}}, {"type": "Feature", "geometry": {"type": "Polygon", "coordinates": [[[127.02846157, 37.641127], [127.02851689, 37.64117861], [127.02852357, 37.64117384], [127.02857163, 37.64121392], [127.02868263, 37.64113226], [127.02866722, 37.64111695], [127.02867775, 37.64110839], [127.02862811, 37.64106065], [127.02862177, 37.64106687], [127.02860226, 37.64104893], [127.02857564, 37.64104688], [127.02846157, 37.641127]]]}, "properties": {"name": "재영빌딩", "status": "partial", "capacity": 6, "active": 5, "industry": "의원", "vacancy_rate": 16.7, "vacancy_rate_lo": 16.7, "vacancy_rate_hi": 16.7, "stores": 7, "source": "stores+ledger", "capacity_method": "floor_ouln", "active_pip": 0, "licensed": 0, "com_floors": [1, 2, 3, 4, 5, 6], "occ_floors": [1, 2, 3, 4, 6], "unknown_n": 0, "id": "1130510300101730004-1", "pnu": "1130510300101730004", "floors": 6, "height": 19.6}}, {"type": "Feature", "geometry": {"type": "Polygon", "coordinates": [[[127.02735345, 37.63828114], [127.02725286, 37.63834676], [127.02730942, 37.63840062], [127.02741, 37.63833149], [127.02735345, 37.63828114]]]}, "properties": {"name": "송현빌딩", "status": "full", "capacity": 4, "active": 4, "industry": "이용·미용", "vacancy_rate": 0.0, "vacancy_rate_lo": 0.0, "vacancy_rate_hi": 0.0, "stores": 7, "source": "stores+ledger", "capacity_method": "floor_ouln", "active_pip": 0, "licensed": 0, "com_floors": [1, 2, 4, 5], "occ_floors": [1, 2, 4, 5], "unknown_n": 0, "id": "1130510200104160120-1", "pnu": "1130510200104160120", "floors": 5, "height": 15.2}}, {"type": "Feature", "geometry": {"type": "Polygon", "coordinates": [[[127.02573827, 37.63866947], [127.02576376, 37.63865145], [127.02566391, 37.6385566], [127.02564217, 37.63857254], [127.02573827, 37.63866947]]]}, "properties": {"name": "수유동 191-24", "status": "high", "capacity": 3, "active": 1, "industry": "기타 보건", "vacancy_rate": 66.7, "vacancy_rate_lo": 66.7, "vacancy_rate_hi": 100.0, "stores": 1, "source": "stores+ledger", "capacity_method": "floor_ouln", "active_pip": 0, "licensed": 0, "com_floors": [1, 5, 6], "occ_floors": [], "unknown_n": 1, "id": "1130510300101910024-1", "pnu": "1130510300101910024", "floors": 6, "height": 18.2}}, {"type": "Feature", "geometry": {"type": "Polygon", "coordinates": [[[127.02828953, 37.63919803], [127.02797791, 37.63939921], [127.02804909, 37.63946082], [127.02828062, 37.63931128], [127.02829433, 37.63932535], [127.02836807, 37.63927478], [127.02828953, 37.63919803]]]}, "properties": {"name": "일부", "status": "full", "capacity": 2, "active": 2, "industry": "이용·미용", "vacancy_rate": 0.0, "vacancy_rate_lo": 0.0, "vacancy_rate_hi": 0.0, "stores": 8, "source": "stores+ledger", "capacity_method": "floor_ouln", "active_pip": 0, "licensed": 0, "com_floors": [1, 2], "occ_floors": [1, 2], "unknown_n": 0, "id": "1130510200104630033-1", "pnu": "1130510200104630033", "floors": 2, "height": 9.0}}, {"type": "Feature", "geometry": {"type": "Polygon", "coordinates": [[[127.02640606, 37.63963697], [127.02634055, 37.63957861], [127.02626319, 37.6396371], [127.02632994, 37.63969827], [127.02640606, 37.63963697]]]}, "properties": {"name": "일부", "status": "full", "capacity": 3, "active": 3, "industry": "주점", "vacancy_rate": 0.0, "vacancy_rate_lo": 0.0, "vacancy_rate_hi": 0.0, "stores": 4, "source": "stores+ledger", "capacity_method": "floor_ouln", "active_pip": 0, "licensed": 0, "com_floors": [1, 2, 3], "occ_floors": [1, 2, 3], "unknown_n": 0, "id": "1130510300101910058-1", "pnu": "1130510300101910058", "floors": 3, "height": 0.0}}, {"type": "Feature", "geometry": {"type": "Polygon", "coordinates": [[[127.02682728, 37.64016252], [127.02702789, 37.64035654], [127.02726147, 37.64019765], [127.02705031, 37.64000678], [127.02682728, 37.64016252]]]}, "properties": {"name": "천지빌딩", "status": "partial", "capacity": 4, "active": 3, "industry": "한식", "vacancy_rate": 25.0, "vacancy_rate_lo": 25.0, "vacancy_rate_hi": 25.0, "stores": 11, "source": "stores+ledger", "capacity_method": "floor_ouln", "active_pip": 0, "licensed": 0, "com_floors": [1, 2, 3, 4], "occ_floors": [1, 3, 4], "unknown_n": 0, "id": "1130510300101740017-2", "pnu": "1130510300101740017", "floors": 4, "height": 15.45}}, {"type": "Feature", "geometry": {"type": "Polygon", "coordinates": [[[127.02735328, 37.63845114], [127.0273532, 37.63845119], [127.02739303, 37.63848813], [127.02745624, 37.63844503], [127.02741643, 37.63840809], [127.02735328, 37.63845114]]]}, "properties": {"name": "번동 416-19", "status": "partial", "capacity": 5, "active": 4, "industry": "이용·미용", "vacancy_rate": 20.0, "vacancy_rate_lo": 20.0, "vacancy_rate_hi": 20.0, "stores": 5, "source": "stores+ledger", "capacity_method": "floor_ouln", "active_pip": 0, "licensed": 0, "com_floors": [1, 2, 3, 4, 7], "occ_floors": [1, 2, 3, 4], "unknown_n": 0, "id": "1130510200104160019-1", "pnu": "1130510200104160019", "floors": 7, "height": 26.7}}, {"type": "Feature", "geometry": {"type": "Polygon", "coordinates": [[[127.02709979, 37.63833138], [127.02704527, 37.6382786], [127.02692667, 37.63835666], [127.02698709, 37.63840871], [127.02709979, 37.63833138]]]}, "properties": {"name": "번동 418-5", "status": "full", "capacity": 1, "active": 1, "industry": "일반 숙박", "vacancy_rate": 0.0, "vacancy_rate_lo": 0.0, "vacancy_rate_hi": 100.0, "stores": 1, "source": "stores+ledger", "capacity_method": "floor_ouln", "active_pip": 0, "licensed": 0, "com_floors": [10], "occ_floors": [], "unknown_n": 1, "id": "1130510200104180005-1", "pnu": "1130510200104180005", "floors": 0, "height": 0.0}}, {"type": "Feature", "geometry": {"type": "Polygon", "coordinates": [[[127.02589984, 37.6389946], [127.02581058, 37.63904841], [127.02587575, 37.6391111], [127.02596127, 37.63905369], [127.02589984, 37.6389946]]]}, "properties": {"name": "수유동 191-43", "status": "full", "capacity": 2, "active": 2, "industry": "비알코올 ", "vacancy_rate": 0.0, "vacancy_rate_lo": 0.0, "vacancy_rate_hi": 0.0, "stores": 2, "source": "stores+ledger", "capacity_method": "floor_ouln", "active_pip": 0, "licensed": 0, "com_floors": [1, 2], "occ_floors": [1, 2], "unknown_n": 0, "id": "1130510300101910043-1", "pnu": "1130510300101910043", "floors": 4, "height": 0.0}}, {"type": "Feature", "geometry": {"type": "Polygon", "coordinates": [[[127.02579436, 37.63867442], [127.02572492, 37.63872227], [127.02577762, 37.63876838], [127.0258457, 37.63872116], [127.02579436, 37.63867442]]]}, "properties": {"name": "윤성빌딩", "status": "partial", "capacity": 5, "active": 4, "industry": "오락용품 소매", "vacancy_rate": 20.0, "vacancy_rate_lo": 20.0, "vacancy_rate_hi": 80.0, "stores": 4, "source": "stores+ledger", "capacity_method": "floor_ouln", "active_pip": 0, "licensed": 0, "com_floors": [1, 2, 3, 5, 6], "occ_floors": [3], "unknown_n": 3, "id": "1130510300101910025-2", "pnu": "1130510300101910025", "floors": 0, "height": 0.0}}, {"type": "Feature", "geometry": {"type": "Polygon", "coordinates": [[[127.02626401, 37.63936725], [127.02630005, 37.63940139], [127.02627309, 37.63941852], [127.02628397, 37.63942734], [127.02626856, 37.63943853], [127.02629746, 37.63946708], [127.02636463, 37.63941642], [127.02628723, 37.63935013], [127.02626401, 37.63936725]]]}, "properties": {"name": "수유동 191-52", "status": "full", "capacity": 1, "active": 1, "industry": "한식", "vacancy_rate": 0.0, "vacancy_rate_lo": 0.0, "vacancy_rate_hi": 0.0, "stores": 1, "source": "stores+ledger", "capacity_method": "floor_ouln", "active_pip": 0, "licensed": 0, "com_floors": [1], "occ_floors": [1], "unknown_n": 0, "id": "1130510300101910052-1", "pnu": "1130510300101910052", "floors": 1, "height": 0.0}}, {"type": "Feature", "geometry": {"type": "Polygon", "coordinates": [[[127.02623851, 37.63904921], [127.02629438, 37.63910263], [127.02638365, 37.63904747], [127.02641221, 37.63907431], [127.02648527, 37.63903006], [127.0263997, 37.63894728], [127.02623851, 37.63904921]]]}, "properties": {"name": "수유동 191-45", "status": "partial", "capacity": 3, "active": 2, "industry": "기타 간이", "vacancy_rate": 33.3, "vacancy_rate_lo": 33.3, "vacancy_rate_hi": 33.3, "stores": 5, "source": "stores+ledger", "capacity_method": "floor_ouln", "active_pip": 0, "licensed": 0, "com_floors": [1, 2, 3], "occ_floors": [1, 3], "unknown_n": 0, "id": "1130510300101910045-1", "pnu": "1130510300101910045", "floors": 3, "height": 0.0}}, {"type": "Feature", "geometry": {"type": "Polygon", "coordinates": [[[127.02632447, 37.64054726], [127.02621584, 37.64063027], [127.02629042, 37.640699], [127.02631806, 37.64067799], [127.02632758, 37.64068592], [127.02641661, 37.64062256], [127.02632447, 37.64054726]]]}, "properties": {"name": "수유동상가", "status": "full", "capacity": 3, "active": 3, "industry": "이용·미용", "vacancy_rate": 0.0, "vacancy_rate_lo": 0.0, "vacancy_rate_hi": 33.3, "stores": 4, "source": "stores+ledger", "capacity_method": "floor_ouln", "active_pip": 0, "licensed": 0, "com_floors": [1, 2, 3], "occ_floors": [2, 3], "unknown_n": 1, "id": "1130510300101770042-1", "pnu": "1130510300101770042", "floors": 3, "height": 9.1}}, {"type": "Feature", "geometry": {"type": "Polygon", "coordinates": [[[127.02667082, 37.63923391], [127.02659017, 37.63928952], [127.02677604, 37.63946499], [127.02685363, 37.63941145], [127.02667082, 37.63923391]]]}, "properties": {"name": "좌", "status": "full", "capacity": 3, "active": 3, "industry": "주점", "vacancy_rate": 0.0, "vacancy_rate_lo": 0.0, "vacancy_rate_hi": 33.3, "stores": 9, "source": "stores+ledger", "capacity_method": "floor_ouln", "active_pip": 0, "licensed": 0, "com_floors": [1, 2, 3], "occ_floors": [2, 3], "unknown_n": 1, "id": "1130510300101910002-1", "pnu": "1130510300101910002", "floors": 3, "height": 10.2}}, {"type": "Feature", "geometry": {"type": "Polygon", "coordinates": [[[127.0262043, 37.64003931], [127.02623264, 37.64006498], [127.02630071, 37.64001262], [127.02627555, 37.63998893], [127.0262043, 37.64003931]]]}, "properties": {"name": "아가엄마산부인과", "status": "high", "capacity": 5, "active": 2, "industry": "식료품 소매", "vacancy_rate": 60.0, "vacancy_rate_lo": 60.0, "vacancy_rate_hi": 80.0, "stores": 2, "source": "stores+ledger", "capacity_method": "floor_ouln", "active_pip": 0, "licensed": 0, "com_floors": [1, 2, 3, 4, 5], "occ_floors": [1], "unknown_n": 1, "id": "1130510300101900008-2", "pnu": "1130510300101900008", "floors": 0, "height": 0.0}}, {"type": "Feature", "geometry": {"type": "Polygon", "coordinates": [[[127.02653797, 37.63938323], [127.02642517, 37.63952417], [127.02649905, 37.63956226], [127.02661582, 37.63942502], [127.02653797, 37.63938323]]]}, "properties": {"name": "수유동 191-29", "status": "full", "capacity": 1, "active": 1, "industry": "주점", "vacancy_rate": 0.0, "vacancy_rate_lo": 0.0, "vacancy_rate_hi": 0.0, "stores": 4, "source": "stores+ledger", "capacity_method": "floor_ouln", "active_pip": 0, "licensed": 0, "com_floors": [1], "occ_floors": [1], "unknown_n": 0, "id": "1130510300101910029-1", "pnu": "1130510300101910029", "floors": 3, "height": 0.0}}, {"type": "Feature", "geometry": {"type": "Polygon", "coordinates": [[[127.02665688, 37.63922725], [127.02657936, 37.63915744], [127.02647062, 37.63922657], [127.0265546, 37.63930115], [127.02665688, 37.63922725]]]}, "properties": {"name": "수유동 191-44", "status": "full", "capacity": 1, "active": 1, "industry": "의원", "vacancy_rate": 0.0, "vacancy_rate_lo": 0.0, "vacancy_rate_hi": 0.0, "stores": 5, "source": "stores+ledger", "capacity_method": "floor_ouln", "active_pip": 0, "licensed": 0, "com_floors": [1], "occ_floors": [1], "unknown_n": 0, "id": "1130510300101910044-1", "pnu": "1130510300101910044", "floors": 3, "height": 0.0}}, {"type": "Feature", "geometry": {"type": "Polygon", "coordinates": [[[127.02690536, 37.6405035], [127.02693187, 37.64052803], [127.02694071, 37.64052117], [127.02700622, 37.64058639], [127.02707827, 37.640537], [127.0270064, 37.64045845], [127.02698011, 37.64045449], [127.02690536, 37.6405035]]]}, "properties": {"name": "수유동 177-20", "status": "partial", "capacity": 3, "active": 2, "industry": "유원지·오락", "vacancy_rate": 33.3, "vacancy_rate_lo": 33.3, "vacancy_rate_hi": 33.3, "stores": 2, "source": "stores+ledger", "capacity_method": "floor_ouln", "active_pip": 0, "licensed": 0, "com_floors": [1, 2, 3], "occ_floors": [2, 3], "unknown_n": 0, "id": "1130510300101770020-1", "pnu": "1130510300101770020", "floors": 3, "height": 0.0}}, {"type": "Feature", "geometry": {"type": "Polygon", "coordinates": [[[127.02679174, 37.64059554], [127.02687062, 37.64066607], [127.02696205, 37.64059982], [127.02688768, 37.64052669], [127.02679174, 37.64059554]]]}, "properties": {"name": "수유동 177-23", "status": "full", "capacity": 1, "active": 1, "industry": "유원지·오락", "vacancy_rate": 0.0, "vacancy_rate_lo": 0.0, "vacancy_rate_hi": 0.0, "stores": 3, "source": "stores+ledger", "capacity_method": "floor_ouln", "active_pip": 0, "licensed": 0, "com_floors": [1], "occ_floors": [1], "unknown_n": 0, "id": "1130510300101770023-1", "pnu": "1130510300101770023", "floors": 3, "height": 0.0}}, {"type": "Feature", "geometry": {"type": "Polygon", "coordinates": [[[127.02695243, 37.64098212], [127.02706287, 37.64090245], [127.02699227, 37.64083957], [127.02688069, 37.64091807], [127.02695243, 37.64098212]]]}, "properties": {"name": "수유동 176-65", "status": "full", "capacity": 1, "active": 1, "industry": "한식", "vacancy_rate": 0.0, "vacancy_rate_lo": 0.0, "vacancy_rate_hi": 0.0, "stores": 1, "source": "stores+ledger", "capacity_method": "floor_ouln", "active_pip": 0, "licensed": 0, "com_floors": [1], "occ_floors": [1], "unknown_n": 0, "id": "1130510300101760065-1", "pnu": "1130510300101760065", "floors": 3, "height": 9.3}}, {"type": "Feature", "geometry": {"type": "Polygon", "coordinates": [[[127.02677265, 37.6407397], [127.02684696, 37.64068932], [127.02676852, 37.64060681], [127.02668992, 37.64066097], [127.02677265, 37.6407397]]]}, "properties": {"name": "수유동 177-24", "status": "full", "capacity": 2, "active": 2, "industry": "유원지·오락", "vacancy_rate": 0.0, "vacancy_rate_lo": 0.0, "vacancy_rate_hi": 50.0, "stores": 3, "source": "stores+ledger", "capacity_method": "floor_ouln", "active_pip": 0, "licensed": 0, "com_floors": [1, 2], "occ_floors": [2], "unknown_n": 1, "id": "1130510300101770024-1", "pnu": "1130510300101770024", "floors": 3, "height": 0.0}}, {"type": "Feature", "geometry": {"type": "Polygon", "coordinates": [[[127.02642409, 37.64061859], [127.02651788, 37.64054677], [127.02642868, 37.64047209], [127.02633738, 37.6405396], [127.02642409, 37.64061859]]]}, "properties": {"name": "수유동 177-19", "status": "full", "capacity": 3, "active": 3, "industry": "유원지·오락", "vacancy_rate": 0.0, "vacancy_rate_lo": 0.0, "vacancy_rate_hi": 0.0, "stores": 5, "source": "stores+ledger", "capacity_method": "floor_ouln", "active_pip": 0, "licensed": 0, "com_floors": [1, 2, 3], "occ_floors": [1, 2, 3], "unknown_n": 0, "id": "1130510300101770019-1", "pnu": "1130510300101770019", "floors": 3, "height": 0.0}}, {"type": "Feature", "geometry": {"type": "Polygon", "coordinates": [[[127.02668116, 37.64060737], [127.0267421, 37.64055807], [127.02664656, 37.64047655], [127.02658494, 37.64052098], [127.02668116, 37.64060737]]]}, "properties": {"name": "수유동 177-45", "status": "full", "capacity": 1, "active": 1, "industry": "한식", "vacancy_rate": 0.0, "vacancy_rate_lo": 0.0, "vacancy_rate_hi": 0.0, "stores": 1, "source": "stores+ledger", "capacity_method": "floor_ouln", "active_pip": 0, "licensed": 0, "com_floors": [1], "occ_floors": [1], "unknown_n": 0, "id": "1130510300101770045-1", "pnu": "1130510300101770045", "floors": 3, "height": 10.2}}, {"type": "Feature", "geometry": {"type": "Polygon", "coordinates": [[[127.02663385, 37.63851178], [127.02680705, 37.63839416], [127.02650614, 37.63811799], [127.02631516, 37.63824858], [127.0265501, 37.63846035], [127.02656426, 37.63844746], [127.02663385, 37.63851178]]]}, "properties": {"name": "교보생명빌딩", "status": "full", "capacity": 1, "active": 1, "industry": "의원", "vacancy_rate": 0.0, "vacancy_rate_lo": 0.0, "vacancy_rate_hi": 0.0, "stores": 1, "source": "stores+ledger", "capacity_method": "floor_ouln", "active_pip": 0, "licensed": 0, "com_floors": [1], "occ_floors": [1], "unknown_n": 0, "id": "1130510200104180006-1", "pnu": "1130510200104180006", "floors": 10, "height": 42.66}}, {"type": "Feature", "geometry": {"type": "Polygon", "coordinates": [[[127.02691557, 37.63835837], [127.02676311, 37.63846535], [127.02686024, 37.63855858], [127.02702358, 37.63844853], [127.02691557, 37.63835837]]]}, "properties": {"name": "번동 418-5", "status": "full", "capacity": 1, "active": 1, "industry": "일반 숙박", "vacancy_rate": 0.0, "vacancy_rate_lo": 0.0, "vacancy_rate_hi": 100.0, "stores": 1, "source": "stores+ledger", "capacity_method": "floor_ouln", "active_pip": 0, "licensed": 0, "com_floors": [10], "occ_floors": [], "unknown_n": 1, "id": "1130510200104180005-2", "pnu": "1130510200104180005", "floors": 10, "height": 33.4}}, {"type": "Feature", "geometry": {"type": "Polygon", "coordinates": [[[127.02612701, 37.63932693], [127.02608091, 37.63935847], [127.02614891, 37.63942179], [127.02619014, 37.63938872], [127.02612701, 37.63932693]]]}, "properties": {"name": "뒤쪽호", "status": "full", "capacity": 1, "active": 1, "industry": "한식", "vacancy_rate": 0.0, "vacancy_rate_lo": 0.0, "vacancy_rate_hi": 0.0, "stores": 3, "source": "stores+ledger", "capacity_method": "floor_ouln", "active_pip": 0, "licensed": 0, "com_floors": [1], "occ_floors": [1], "unknown_n": 0, "id": "1130510300101910054-2", "pnu": "1130510300101910054", "floors": 0, "height": 0.0}}, {"type": "Feature", "geometry": {"type": "Polygon", "coordinates": [[[127.02601329, 37.63941317], [127.02608737, 37.63935135], [127.02599829, 37.6392737], [127.0260454, 37.63923721], [127.0260097, 37.63920244], [127.02589971, 37.639274], [127.02589961, 37.63931076], [127.02601329, 37.63941317]]]}, "properties": {"name": "상가", "status": "partial", "capacity": 5, "active": 3, "industry": "한식", "vacancy_rate": 40.0, "vacancy_rate_lo": null, "vacancy_rate_hi": null, "stores": 3, "source": "stores+ledger", "capacity_method": "expos_units", "active_pip": 0, "licensed": 0, "com_floors": null, "occ_floors": null, "unknown_n": null, "id": "1130510300101910038-2", "pnu": "1130510300101910038", "floors": 4, "height": 0.0}}, {"type": "Feature", "geometry": {"type": "Polygon", "coordinates": [[[127.02604556, 37.63869904], [127.0258879, 37.63854888], [127.0257761, 37.63862315], [127.02593318, 37.63877367], [127.02604556, 37.63869904]]]}, "properties": {"name": "수유동 191-14", "status": "full", "capacity": 1, "active": 1, "industry": "의원", "vacancy_rate": 0.0, "vacancy_rate_lo": 0.0, "vacancy_rate_hi": 0.0, "stores": 7, "source": "stores+ledger", "capacity_method": "floor_ouln", "active_pip": 0, "licensed": 0, "com_floors": [1], "occ_floors": [1], "unknown_n": 0, "id": "1130510300101910014-1", "pnu": "1130510300101910014", "floors": 3, "height": 11.0}}, {"type": "Feature", "geometry": {"type": "Polygon", "coordinates": [[[127.02558536, 37.64143705], [127.02564509, 37.64148885], [127.02566651, 37.64150948], [127.02572462, 37.64146766], [127.02569946, 37.64144757], [127.02563747, 37.64139425], [127.02558536, 37.64143705]]]}, "properties": {"name": "수유동 177-8", "status": "partial", "capacity": 3, "active": 2, "industry": "유원지·오락", "vacancy_rate": 33.3, "vacancy_rate_lo": 33.3, "vacancy_rate_hi": 66.7, "stores": 2, "source": "stores+ledger", "capacity_method": "floor_ouln", "active_pip": 0, "licensed": 0, "com_floors": [1, 2, 3], "occ_floors": [1], "unknown_n": 1, "id": "1130510300101770008-1", "pnu": "1130510300101770008", "floors": 6, "height": 15.7}}, {"type": "Feature", "geometry": {"type": "Polygon", "coordinates": [[[127.0261254, 37.63990238], [127.02615997, 37.63993589], [127.02622929, 37.63988371], [127.02619665, 37.63985308], [127.0261254, 37.63990238]]]}, "properties": {"name": "일부", "status": "full", "capacity": 3, "active": 3, "industry": "한식", "vacancy_rate": 0.0, "vacancy_rate_lo": 0.0, "vacancy_rate_hi": 0.0, "stores": 3, "source": "stores+ledger", "capacity_method": "floor_ouln", "active_pip": 0, "licensed": 0, "com_floors": [2, 3, 4], "occ_floors": [2, 3, 4], "unknown_n": 0, "id": "1130510300101900049-2", "pnu": "1130510300101900049", "floors": 0, "height": 0.0}}, {"type": "Feature", "geometry": {"type": "Polygon", "coordinates": [[[127.02612996, 37.63932422], [127.02619717, 37.63938547], [127.02623432, 37.63935428], [127.0262155, 37.63933807], [127.0262189, 37.6393342], [127.02620349, 37.63931834], [127.02622297, 37.63930068], [127.0261952, 37.63927681], [127.02612996, 37.63932422]]]}, "properties": {"name": "수유동 191-53", "status": "empty", "capacity": 1, "active": 0, "industry": "", "vacancy_rate": 100.0, "source": "polygon_only", "capacity_method": "floor_approx", "active_pip": 0, "licensed": 0, "id": "1130510300101910053-1", "pnu": "1130510300101910053", "floors": 1, "height": 0.0}}, {"type": "Feature", "geometry": {"type": "Polygon", "coordinates": [[[127.02787128, 37.64058006], [127.02797477, 37.64068725], [127.02812463, 37.64059046], [127.02804302, 37.64050695], [127.02803385, 37.64051452], [127.02800438, 37.64048606], [127.02787128, 37.64058006]]]}, "properties": {"name": "수유동 174-5", "status": "partial", "capacity": 3, "active": 2, "industry": "섬유·의복·신발 소매", "vacancy_rate": 33.3, "vacancy_rate_lo": 33.3, "vacancy_rate_hi": 33.3, "stores": 2, "source": "stores+ledger", "capacity_method": "floor_ouln", "active_pip": 0, "licensed": 0, "com_floors": [1, 3, 4], "occ_floors": [1, 4], "unknown_n": 0, "id": "1130510300101740005-1", "pnu": "1130510300101740005", "floors": 4, "height": 14.1}}, {"type": "Feature", "geometry": {"type": "Polygon", "coordinates": [[[127.0284347, 37.63956812], [127.02850832, 37.63951684], [127.02844722, 37.63945892], [127.02837247, 37.63950931], [127.0284347, 37.63956812]]]}, "properties": {"name": "번동 463-27", "status": "empty", "capacity": 1, "active": 0, "industry": "", "vacancy_rate": 100.0, "source": "polygon_only", "capacity_method": "floor_approx", "active_pip": 0, "licensed": 0, "id": "1130510200104630027-1", "pnu": "1130510200104630027", "floors": 1, "height": 0.0}}, {"type": "Feature", "geometry": {"type": "Polygon", "coordinates": [[[127.02741146, 37.64065537], [127.02748023, 37.64060841], [127.02739462, 37.64052912], [127.02746854, 37.64047865], [127.02741171, 37.64042601], [127.0273481, 37.64046944], [127.02733776, 37.64045987], [127.0273008, 37.64048511], [127.02732812, 37.6405104], [127.02731264, 37.64052096], [127.02729787, 37.64050729], [127.02727123, 37.64052549], [127.02741146, 37.64065537]]]}, "properties": {"name": "일부및", "status": "full", "capacity": 2, "active": 2, "industry": "일반 숙박", "vacancy_rate": 0.0, "vacancy_rate_lo": 0.0, "vacancy_rate_hi": 50.0, "stores": 2, "source": "stores+ledger", "capacity_method": "floor_ouln", "active_pip": 0, "licensed": 0, "com_floors": [1, 2], "occ_floors": [1], "unknown_n": 1, "id": "1130510300101740032-1", "pnu": "1130510300101740032", "floors": 10, "height": 29.95}}, {"type": "Feature", "geometry": {"type": "Polygon", "coordinates": [[[127.02644024, 37.64047218], [127.02651923, 37.64053568], [127.02662344, 37.64046259], [127.02654298, 37.64039684], [127.02644024, 37.64047218]]]}, "properties": {"name": "수유동 177-49", "status": "full", "capacity": 3, "active": 3, "industry": "중식", "vacancy_rate": 0.0, "vacancy_rate_lo": 0.0, "vacancy_rate_hi": 0.0, "stores": 4, "source": "stores+ledger", "capacity_method": "floor_ouln", "active_pip": 0, "licensed": 0, "com_floors": [1, 2, 3], "occ_floors": [1, 2, 3], "unknown_n": 0, "id": "1130510300101770049-1", "pnu": "1130510300101770049", "floors": 4, "height": 0.0}}, {"type": "Feature", "geometry": {"type": "Polygon", "coordinates": [[[127.02718941, 37.64084295], [127.02726682, 37.64091987], [127.02729299, 37.64090158], [127.02722204, 37.64082645], [127.02718941, 37.64084295]]]}, "properties": {"name": "수유동 176-72", "status": "full", "capacity": 2, "active": 2, "industry": "종합 소매", "vacancy_rate": 0.0, "vacancy_rate_lo": 0.0, "vacancy_rate_hi": 50.0, "stores": 3, "source": "stores+ledger", "capacity_method": "floor_ouln", "active_pip": 0, "licensed": 0, "com_floors": [1, 2], "occ_floors": [2], "unknown_n": 1, "id": "1130510300101760072-2", "pnu": "1130510300101760072", "floors": 0, "height": 0.0}}, {"type": "Feature", "geometry": {"type": "Polygon", "coordinates": [[[127.02755101, 37.63880087], [127.02749675, 37.63883837], [127.02754945, 37.6388907], [127.02760756, 37.63884951], [127.02755101, 37.63880087]]]}, "properties": {"name": "번동 418-25", "status": "high", "capacity": 6, "active": 2, "industry": "오락용품 소매", "vacancy_rate": 66.7, "vacancy_rate_lo": 66.7, "vacancy_rate_hi": 100.0, "stores": 2, "source": "stores+ledger", "capacity_method": "floor_ouln", "active_pip": 0, "licensed": 0, "com_floors": [1, 2, 3, 4, 5, 6], "occ_floors": [], "unknown_n": 2, "id": "1130510200104180025-2", "pnu": "1130510200104180025", "floors": 0, "height": 0.0}}, {"type": "Feature", "geometry": {"type": "Polygon", "coordinates": [[[127.02841467, 37.64115197], [127.02862162, 37.64100704], [127.02851961, 37.64091427], [127.02832048, 37.64105586], [127.02841467, 37.64115197]]]}, "properties": {"name": "수유동 173-6", "status": "full", "capacity": 2, "active": 2, "industry": "유원지·오락", "vacancy_rate": 0.0, "vacancy_rate_lo": 0.0, "vacancy_rate_hi": 0.0, "stores": 5, "source": "stores+ledger", "capacity_method": "floor_ouln", "active_pip": 0, "licensed": 0, "com_floors": [1, 2], "occ_floors": [1, 2], "unknown_n": 0, "id": "1130510300101730006-1", "pnu": "1130510300101730006", "floors": 2, "height": 0.0}}, {"type": "Feature", "geometry": {"type": "Polygon", "coordinates": [[[127.02773203, 37.63905581], [127.0278363, 37.63915237], [127.02802514, 37.63902781], [127.02791848, 37.63892441], [127.02773203, 37.63905581]]]}, "properties": {"name": "일부", "status": "full", "capacity": 1, "active": 1, "industry": "일반 숙박", "vacancy_rate": 0.0, "vacancy_rate_lo": 0.0, "vacancy_rate_hi": 0.0, "stores": 6, "source": "stores+ledger", "capacity_method": "floor_ouln", "active_pip": 0, "licensed": 0, "com_floors": [1], "occ_floors": [1], "unknown_n": 0, "id": "1130510200104180002-2", "pnu": "1130510200104180002", "floors": 4, "height": 0.0}}, {"type": "Feature", "geometry": {"type": "Polygon", "coordinates": [[[127.02781584, 37.63862945], [127.027714, 37.6387005], [127.02775923, 37.6387383], [127.02784656, 37.63867529], [127.02784066, 37.63867008], [127.02784871, 37.63866224], [127.02781584, 37.63862945]]]}, "properties": {"name": "번동 417-25", "status": "full", "capacity": 2, "active": 2, "industry": "이용·미용", "vacancy_rate": 0.0, "vacancy_rate_lo": 0.0, "vacancy_rate_hi": 50.0, "stores": 2, "source": "stores+ledger", "capacity_method": "floor_ouln", "active_pip": 0, "licensed": 0, "com_floors": [1, 2], "occ_floors": [1], "unknown_n": 1, "id": "1130510200104170025-1", "pnu": "1130510200104170025", "floors": 4, "height": 12.5}}, {"type": "Feature", "geometry": {"type": "Polygon", "coordinates": [[[127.0276164, 37.64071212], [127.02749848, 37.64079819], [127.02755821, 37.64085476], [127.02768044, 37.64076382], [127.0276164, 37.64071212]]]}, "properties": {"name": "전체", "status": "full", "capacity": 3, "active": 3, "industry": "유원지·오락", "vacancy_rate": 0.0, "vacancy_rate_lo": 0.0, "vacancy_rate_hi": 0.0, "stores": 3, "source": "stores+ledger", "capacity_method": "floor_ouln", "active_pip": 0, "licensed": 0, "com_floors": [1, 2, 3], "occ_floors": [1, 2, 3], "unknown_n": 0, "id": "1130510300101740037-1", "pnu": "1130510300101740037", "floors": 3, "height": 8.1}}, {"type": "Feature", "geometry": {"type": "Polygon", "coordinates": [[[127.02793373, 37.64122335], [127.02786391, 37.64117769], [127.02779369, 37.64125014], [127.02787801, 37.64130797], [127.02793543, 37.64124633], [127.02793373, 37.64122335]]]}, "properties": {"name": "한창빌딩", "status": "full", "capacity": 2, "active": 2, "industry": "한식", "vacancy_rate": 0.0, "vacancy_rate_lo": 0.0, "vacancy_rate_hi": 0.0, "stores": 2, "source": "stores+ledger", "capacity_method": "floor_ouln", "active_pip": 0, "licensed": 0, "com_floors": [1, 2], "occ_floors": [1, 2], "unknown_n": 0, "id": "1130510300101750001-1", "pnu": "1130510300101750001", "floors": 4, "height": 11.4}}, {"type": "Feature", "geometry": {"type": "Polygon", "coordinates": [[[127.02778076, 37.64089129], [127.02785591, 37.64095992], [127.02786939, 37.64095136], [127.02787993, 37.64096379], [127.02790983, 37.6409473], [127.02782471, 37.64086281], [127.02778076, 37.64089129]]]}, "properties": {"name": "일부", "status": "full", "capacity": 2, "active": 2, "industry": "한식", "vacancy_rate": 0.0, "vacancy_rate_lo": 0.0, "vacancy_rate_hi": 0.0, "stores": 5, "source": "stores+ledger", "capacity_method": "floor_ouln", "active_pip": 0, "licensed": 0, "com_floors": [1, 2], "occ_floors": [1, 2], "unknown_n": 0, "id": "1130510300101740022-1", "pnu": "1130510300101740022", "floors": 0, "height": 0.0}}, {"type": "Feature", "geometry": {"type": "Polygon", "coordinates": [[[127.02733341, 37.6401484], [127.02730796, 37.64012414], [127.02727944, 37.64014778], [127.02730433, 37.64017125], [127.02733341, 37.6401484]]]}, "properties": {"name": "스타빌딩", "status": "partial", "capacity": 6, "active": 4, "industry": "의원", "vacancy_rate": 33.3, "vacancy_rate_lo": 33.3, "vacancy_rate_hi": 50.0, "stores": 5, "source": "stores+ledger", "capacity_method": "floor_ouln", "active_pip": 0, "licensed": 0, "com_floors": [1, 2, 3, 4, 5, 6], "occ_floors": [4, 5, 6], "unknown_n": 1, "id": "1130510300101740013-2", "pnu": "1130510300101740013", "floors": 0, "height": 0.0}}, {"type": "Feature", "geometry": {"type": "Polygon", "coordinates": [[[127.02710906, 37.64076549], [127.02714544, 37.64080088], [127.02717727, 37.64077907], [127.02714055, 37.64074314], [127.02710906, 37.64076549]]]}, "properties": {"name": "수유동 176-71", "status": "full", "capacity": 2, "active": 2, "industry": "한식", "vacancy_rate": 0.0, "vacancy_rate_lo": 0.0, "vacancy_rate_hi": 50.0, "stores": 3, "source": "stores+ledger", "capacity_method": "floor_ouln", "active_pip": 0, "licensed": 0, "com_floors": [1, 2], "occ_floors": [2], "unknown_n": 1, "id": "1130510300101760071-3", "pnu": "1130510300101760071", "floors": 0, "height": 0.0}}, {"type": "Feature", "geometry": {"type": "Polygon", "coordinates": [[[127.02744496, 37.64067828], [127.02751603, 37.64074052], [127.02760891, 37.64067518], [127.02754431, 37.64061159], [127.02744496, 37.64067828]]]}, "properties": {"name": "수유동 174-35", "status": "full", "capacity": 2, "active": 2, "industry": "주점", "vacancy_rate": 0.0, "vacancy_rate_lo": 0.0, "vacancy_rate_hi": 0.0, "stores": 3, "source": "stores+ledger", "capacity_method": "floor_ouln", "active_pip": 0, "licensed": 0, "com_floors": [1, 2], "occ_floors": [1, 2], "unknown_n": 0, "id": "1130510300101740035-1", "pnu": "1130510300101740035", "floors": 4, "height": 13.3}}, {"type": "Feature", "geometry": {"type": "Polygon", "coordinates": [[[127.02831708, 37.64105739], [127.02819894, 37.64114049], [127.02827908, 37.6412166], [127.02839145, 37.64113522], [127.02831708, 37.64105739]]]}, "properties": {"name": "우측", "status": "partial", "capacity": 3, "active": 2, "industry": "한식", "vacancy_rate": 33.3, "vacancy_rate_lo": 33.3, "vacancy_rate_hi": 66.7, "stores": 5, "source": "stores+ledger", "capacity_method": "floor_ouln", "active_pip": 0, "licensed": 0, "com_floors": [1, 2, 3], "occ_floors": [1], "unknown_n": 1, "id": "1130510300101730007-2", "pnu": "1130510300101730007", "floors": 3, "height": 0.0}}, {"type": "Feature", "geometry": {"type": "Polygon", "coordinates": [[[127.02743466, 37.64097543], [127.02750311, 37.64104136], [127.02754242, 37.64101964], [127.0275458, 37.64096243], [127.02751133, 37.6409273], [127.02743466, 37.64097543]]]}, "properties": {"name": "수유동 176-56", "status": "full", "capacity": 2, "active": 2, "industry": "한식", "vacancy_rate": 0.0, "vacancy_rate_lo": 0.0, "vacancy_rate_hi": 50.0, "stores": 2, "source": "stores+ledger", "capacity_method": "floor_ouln", "active_pip": 0, "licensed": 0, "com_floors": [1, 2], "occ_floors": [1], "unknown_n": 1, "id": "1130510300101760056-1", "pnu": "1130510300101760056", "floors": 4, "height": 12.7}}, {"type": "Feature", "geometry": {"type": "Polygon", "coordinates": [[[127.02752478, 37.64020695], [127.02756647, 37.64018073], [127.02745188, 37.64007119], [127.02741291, 37.64009769], [127.02752478, 37.64020695]]]}, "properties": {"name": "수유동 174-12", "status": "high", "capacity": 4, "active": 1, "industry": "한식", "vacancy_rate": 75.0, "vacancy_rate_lo": 75.0, "vacancy_rate_hi": 100.0, "stores": 1, "source": "stores+ledger", "capacity_method": "floor_ouln", "active_pip": 0, "licensed": 0, "com_floors": [1, 2, 3, 4], "occ_floors": [], "unknown_n": 1, "id": "1130510300101740012-1", "pnu": "1130510300101740012", "floors": 0, "height": 0.0}}, {"type": "Feature", "geometry": {"type": "Polygon", "coordinates": [[[127.02825583, 37.63999217], [127.02815349, 37.63989849], [127.02806049, 37.63995401], [127.02808735, 37.63997662], [127.02808067, 37.6399814], [127.02813892, 37.64003445], [127.02814821, 37.64002967], [127.02817167, 37.64005237], [127.02825583, 37.63999217]]]}, "properties": {"name": "번동 463-48", "status": "full", "capacity": 1, "active": 1, "industry": "한식", "vacancy_rate": 0.0, "vacancy_rate_lo": 0.0, "vacancy_rate_hi": 0.0, "stores": 2, "source": "stores+ledger", "capacity_method": "floor_ouln", "active_pip": 0, "licensed": 0, "com_floors": [1], "occ_floors": [1], "unknown_n": 0, "id": "1130510200104630048-1", "pnu": "1130510200104630048", "floors": 1, "height": 4.7}}, {"type": "Feature", "geometry": {"type": "Polygon", "coordinates": [[[127.02773689, 37.63841421], [127.02766678, 37.63845965], [127.02773285, 37.63851775], [127.02780116, 37.63847231], [127.02773689, 37.63841421]]]}, "properties": {"name": "번동 417-16", "status": "partial", "capacity": 2, "active": 1, "industry": "한식", "vacancy_rate": 50.0, "vacancy_rate_lo": 50.0, "vacancy_rate_hi": 50.0, "stores": 1, "source": "stores+ledger", "capacity_method": "floor_ouln", "active_pip": 0, "licensed": 0, "com_floors": [1, 2], "occ_floors": [1], "unknown_n": 0, "id": "1130510200104170016-1", "pnu": "1130510200104170016", "floors": 3, "height": 10.8}}, {"type": "Feature", "geometry": {"type": "Polygon", "coordinates": [[[127.02774803, 37.63819419], [127.02782012, 37.63827211], [127.02791311, 37.63820956], [127.02782807, 37.63813668], [127.02774803, 37.63819419]]]}, "properties": {"name": "우측상가", "status": "partial", "capacity": 2, "active": 1, "industry": "세탁", "vacancy_rate": 50.0, "vacancy_rate_lo": 50.0, "vacancy_rate_hi": 50.0, "stores": 2, "source": "stores+ledger", "capacity_method": "floor_ouln", "active_pip": 0, "licensed": 0, "com_floors": [1, 2], "occ_floors": [1], "unknown_n": 0, "id": "1130510200104160095-1", "pnu": "1130510200104160095", "floors": 3, "height": 0.0}}, {"type": "Feature", "geometry": {"type": "Polygon", "coordinates": [[[127.0277726, 37.64088796], [127.0276753, 37.64096474], [127.02779758, 37.64103697], [127.0278703, 37.64097542], [127.0277726, 37.64088796]]]}, "properties": {"name": "일부", "status": "full", "capacity": 2, "active": 2, "industry": "한식", "vacancy_rate": 0.0, "vacancy_rate_lo": 0.0, "vacancy_rate_hi": 0.0, "stores": 5, "source": "stores+ledger", "capacity_method": "floor_ouln", "active_pip": 0, "licensed": 0, "com_floors": [1, 2], "occ_floors": [1, 2], "unknown_n": 0, "id": "1130510300101740022-2", "pnu": "1130510300101740022", "floors": 3, "height": 0.0}}, {"type": "Feature", "geometry": {"type": "Polygon", "coordinates": [[[127.02804037, 37.63886851], [127.02813104, 37.63895048], [127.0283023, 37.63883908], [127.02823759, 37.63878323], [127.0281344, 37.63885362], [127.02810289, 37.6388229], [127.02804037, 37.63886851]]]}, "properties": {"name": "번동 417-32", "status": "full", "capacity": 3, "active": 3, "industry": "한식", "vacancy_rate": 0.0, "vacancy_rate_lo": 0.0, "vacancy_rate_hi": 33.3, "stores": 8, "source": "stores+ledger", "capacity_method": "floor_ouln", "active_pip": 0, "licensed": 0, "com_floors": [1, 2, 3], "occ_floors": [1, 2], "unknown_n": 1, "id": "1130510200104170032-1", "pnu": "1130510200104170032", "floors": 3, "height": 12.1}}, {"type": "Feature", "geometry": {"type": "Polygon", "coordinates": [[[127.02828116, 37.64072412], [127.02818164, 37.64063567], [127.02804651, 37.64072382], [127.02814149, 37.64081335], [127.02828116, 37.64072412]]]}, "properties": {"name": "하늘빌딩", "status": "full", "capacity": 7, "active": 7, "industry": "의원", "vacancy_rate": 0.0, "vacancy_rate_lo": null, "vacancy_rate_hi": null, "stores": 7, "source": "stores+ledger", "capacity_method": "expos_units", "active_pip": 0, "licensed": 0, "com_floors": null, "occ_floors": null, "unknown_n": null, "id": "1130510300101740002-1", "pnu": "1130510300101740002", "floors": 6, "height": 22.3}}, {"type": "Feature", "geometry": {"type": "Polygon", "coordinates": [[[127.02803152, 37.63973337], [127.0280877, 37.63969308], [127.02804191, 37.63964705], [127.0279812, 37.63968545], [127.02803152, 37.63973337]]]}, "properties": {"name": "우측", "status": "full", "capacity": 2, "active": 2, "industry": "섬유·의복·신발 소매", "vacancy_rate": 0.0, "vacancy_rate_lo": 0.0, "vacancy_rate_hi": 50.0, "stores": 11, "source": "stores+ledger+pip", "capacity_method": "floor_ouln", "active_pip": 5, "licensed": 0, "com_floors": [1, 4], "occ_floors": [1], "unknown_n": 1, "id": "1130510200104630053-2", "pnu": "1130510200104630053", "floors": 0, "height": 0.0}}, {"type": "Feature", "geometry": {"type": "Polygon", "coordinates": [[[127.02745301, 37.64005416], [127.02758119, 37.64017973], [127.02766989, 37.64011998], [127.02754136, 37.6399908], [127.02745301, 37.64005416]]]}, "properties": {"name": "수유동 174-12", "status": "high", "capacity": 4, "active": 1, "industry": "한식", "vacancy_rate": 75.0, "vacancy_rate_lo": 75.0, "vacancy_rate_hi": 100.0, "stores": 1, "source": "stores+ledger", "capacity_method": "floor_ouln", "active_pip": 0, "licensed": 0, "com_floors": [1, 2, 3, 4], "occ_floors": [], "unknown_n": 1, "id": "1130510300101740012-2", "pnu": "1130510300101740012", "floors": 4, "height": 13.1}}, {"type": "Feature", "geometry": {"type": "Polygon", "coordinates": [[[127.02774043, 37.63860966], [127.027813, 37.6385614], [127.02778974, 37.63853928], [127.02779887, 37.63853321], [127.02776398, 37.63850004], [127.02769879, 37.6385434], [127.0277097, 37.63855376], [127.02769318, 37.63856474], [127.02774043, 37.63860966]]]}, "properties": {"name": "번동 417-20", "status": "empty", "capacity": 7, "active": 0, "industry": "", "vacancy_rate": 100.0, "source": "polygon_only", "capacity_method": "floor_approx", "active_pip": 0, "licensed": 0, "id": "1130510200104170020-1", "pnu": "1130510200104170020", "floors": 7, "height": 22.0}}, {"type": "Feature", "geometry": {"type": "Polygon", "coordinates": [[[127.02601578, 37.63886134], [127.02612281, 37.63878897], [127.02604061, 37.6387121], [127.02593358, 37.63878447], [127.02601578, 37.63886134]]]}, "properties": {"name": "수유동 191-13", "status": "partial", "capacity": 3, "active": 2, "industry": "의원", "vacancy_rate": 33.3, "vacancy_rate_lo": 33.3, "vacancy_rate_hi": 33.3, "stores": 3, "source": "stores+ledger", "capacity_method": "floor_ouln", "active_pip": 0, "licensed": 0, "com_floors": [1, 2, 3], "occ_floors": [1, 3], "unknown_n": 0, "id": "1130510300101910013-1", "pnu": "1130510300101910013", "floors": 4, "height": 0.0}}, {"type": "Feature", "geometry": {"type": "Polygon", "coordinates": [[[127.02841564, 37.63973214], [127.02864163, 37.63957617], [127.028574, 37.6395142], [127.02835579, 37.63966479], [127.02839187, 37.63969784], [127.02838408, 37.63970322], [127.02841564, 37.63973214]]]}, "properties": {"name": "번동 463-19", "status": "high", "capacity": 7, "active": 1, "industry": "", "vacancy_rate": 85.7, "source": "pip_only", "capacity_method": "floor_approx", "active_pip": 1, "licensed": 0, "id": "1130510200104630019-1", "pnu": "1130510200104630019", "floors": 7, "height": 23.1}}, {"type": "Feature", "geometry": {"type": "Polygon", "coordinates": [[[127.0274604, 37.64115026], [127.02756876, 37.64124682], [127.02762948, 37.64120373], [127.02752112, 37.64110717], [127.0274604, 37.64115026]]]}, "properties": {"name": "수유동 175-3", "status": "full", "capacity": 1, "active": 1, "industry": "한식", "vacancy_rate": 0.0, "vacancy_rate_lo": 0.0, "vacancy_rate_hi": 100.0, "stores": 1, "source": "stores+ledger", "capacity_method": "floor_ouln", "active_pip": 0, "licensed": 0, "com_floors": [1], "occ_floors": [], "unknown_n": 1, "id": "1130510300101750003-1", "pnu": "1130510300101750003", "floors": 4, "height": 11.8}}, {"type": "Feature", "geometry": {"type": "Polygon", "coordinates": [[[127.02795053, 37.63862813], [127.02802309, 37.63858147], [127.02796192, 37.63852131], [127.0279141, 37.63855205], [127.02792732, 37.63856505], [127.02790257, 37.63858097], [127.02795053, 37.63862813]]]}, "properties": {"name": "번동 417-23", "status": "empty", "capacity": 6, "active": 0, "industry": "", "vacancy_rate": 100.0, "source": "polygon_only", "capacity_method": "floor_approx", "active_pip": 0, "licensed": 0, "id": "1130510200104170023-1", "pnu": "1130510200104170023", "floors": 6, "height": 18.3}}, {"type": "Feature", "geometry": {"type": "Polygon", "coordinates": [[[127.02763556, 37.6406671], [127.02764981, 37.64067993], [127.0276425, 37.64068627], [127.02769476, 37.64072921], [127.02771071, 37.64072213], [127.02772217, 37.6407355], [127.02776183, 37.64070702], [127.02768214, 37.64063587], [127.02763556, 37.6406671]]]}, "properties": {"name": "수유동 174-39", "status": "empty", "capacity": 9, "active": 0, "industry": "", "vacancy_rate": 100.0, "source": "polygon_only", "capacity_method": "floor_approx", "active_pip": 0, "licensed": 0, "id": "1130510300101740039-1", "pnu": "1130510300101740039", "floors": 9, "height": 25.0}}, {"type": "Feature", "geometry": {"type": "Polygon", "coordinates": [[[127.02797439, 37.64098737], [127.0280236, 37.64095207], [127.02795655, 37.64089286], [127.02790717, 37.64093003], [127.02797298, 37.64098815], [127.02797439, 37.64098737]]]}, "properties": {"name": "수유동 174-43", "status": "empty", "capacity": 8, "active": 0, "industry": "", "vacancy_rate": 100.0, "source": "polygon_only", "capacity_method": "floor_approx", "active_pip": 0, "licensed": 0, "id": "1130510300101740043-1", "pnu": "1130510300101740043", "floors": 8, "height": 20.3}}, {"type": "Feature", "geometry": {"type": "Polygon", "coordinates": [[[127.02746957, 37.64107282], [127.02740426, 37.64100736], [127.02734576, 37.64105169], [127.02735586, 37.64105988], [127.02733456, 37.64107308], [127.0273831, 37.64111903], [127.02746957, 37.64107282]]]}, "properties": {"name": "전체", "status": "full", "capacity": 1, "active": 1, "industry": "유원지·오락", "vacancy_rate": 0.0, "vacancy_rate_lo": 0.0, "vacancy_rate_hi": 0.0, "stores": 2, "source": "stores+ledger", "capacity_method": "floor_ouln", "active_pip": 0, "licensed": 0, "com_floors": [1], "occ_floors": [1], "unknown_n": 0, "id": "1130510300101760055-1", "pnu": "1130510300101760055", "floors": 3, "height": 9.2}}, {"type": "Feature", "geometry": {"type": "Polygon", "coordinates": [[[127.02844573, 37.63808885], [127.02846317, 37.63810544], [127.02844491, 37.63811757], [127.0284628, 37.63813458], [127.02847148, 37.6381288], [127.02850201, 37.63815783], [127.02855903, 37.63811991], [127.0284881, 37.63805245], [127.02845107, 37.63807708], [127.02845616, 37.63808192], [127.02844573, 37.63808885]]]}, "properties": {"name": "번동 417-75", "status": "empty", "capacity": 8, "active": 0, "industry": "", "vacancy_rate": 100.0, "source": "polygon_only", "capacity_method": "floor_approx", "active_pip": 0, "licensed": 0, "id": "1130510200104170075-1", "pnu": "1130510200104170075", "floors": 8, "height": 23.4}}, {"type": "Feature", "geometry": {"type": "Polygon", "coordinates": [[[127.02571859, 37.64041837], [127.0258368, 37.64052385], [127.02598226, 37.6404221], [127.02597669, 37.64041391], [127.02599731, 37.64039795], [127.02600741, 37.64040534], [127.0260355, 37.64038849], [127.02592442, 37.64028571], [127.02585917, 37.640335], [127.02584671, 37.64032347], [127.02571859, 37.64041837]]]}, "properties": {"name": "외", "status": "full", "capacity": 2, "active": 2, "industry": "기타 숙박", "vacancy_rate": 0.0, "vacancy_rate_lo": 0.0, "vacancy_rate_hi": 0.0, "stores": 2, "source": "stores+ledger", "capacity_method": "floor_ouln", "active_pip": 0, "licensed": 0, "com_floors": [1, 3], "occ_floors": [1, 3], "unknown_n": 0, "id": "1130510300101900006-1", "pnu": "1130510300101900006", "floors": 4, "height": 17.8}}, {"type": "Feature", "geometry": {"type": "Polygon", "coordinates": [[[127.0271363, 37.63842445], [127.0268282, 37.63862778], [127.0269106, 37.63871056], [127.02696033, 37.63868046], [127.02700011, 37.63872235], [127.02694698, 37.6387547], [127.02692114, 37.63873264], [127.02683313, 37.63879068], [127.02699872, 37.63894336], [127.02723636, 37.63878446], [127.02715068, 37.63870231], [127.02711352, 37.63872908], [127.02710196, 37.63871701], [127.02713187, 37.6386979], [127.02712847, 37.63869403], [127.02721761, 37.63864039], [127.02722657, 37.63864859], [127.02731345, 37.63859325], [127.0271363, 37.63842445]]]}, "properties": {"name": "효성네오인텔리안", "status": "full", "capacity": 18, "active": 18, "industry": "이용·미용", "vacancy_rate": 0.0, "vacancy_rate_lo": null, "vacancy_rate_hi": null, "stores": 18, "source": "stores+ledger", "capacity_method": "expos_units", "active_pip": 0, "licensed": 0, "com_floors": null, "occ_floors": null, "unknown_n": null, "id": "1130510200104180003-2", "pnu": "1130510200104180003", "floors": 17, "height": 60.0}}, {"type": "Feature", "geometry": {"type": "Polygon", "coordinates": [[[127.02726049, 37.63908367], [127.02751819, 37.63891639], [127.02737142, 37.63877298], [127.02710964, 37.63894288], [127.02726049, 37.63908367]]]}, "properties": {"name": "번동 418-25", "status": "high", "capacity": 6, "active": 2, "industry": "오락용품 소매", "vacancy_rate": 66.7, "vacancy_rate_lo": 66.7, "vacancy_rate_hi": 100.0, "stores": 2, "source": "stores+ledger", "capacity_method": "floor_ouln", "active_pip": 0, "licensed": 0, "com_floors": [1, 2, 3, 4, 5, 6], "occ_floors": [], "unknown_n": 2, "id": "1130510200104180025-3", "pnu": "1130510200104180025", "floors": 6, "height": 31.2}}, {"type": "Feature", "geometry": {"type": "Polygon", "coordinates": [[[127.02626316, 37.63986244], [127.0261969, 37.63991183], [127.02643751, 37.64012549], [127.02650796, 37.64007493], [127.02626316, 37.63986244]]]}, "properties": {"name": "일부", "status": "full", "capacity": 2, "active": 2, "industry": "기타 교육", "vacancy_rate": 0.0, "vacancy_rate_lo": 0.0, "vacancy_rate_hi": 0.0, "stores": 1, "source": "stores+ledger", "capacity_method": "floor_ouln", "active_pip": 0, "licensed": 0, "com_floors": [1, 3], "occ_floors": [1, 3], "unknown_n": 0, "id": "1130510300101900009-1", "pnu": "1130510300101900009", "floors": 3, "height": 0.0}}, {"type": "Feature", "geometry": {"type": "Polygon", "coordinates": [[[127.02560155, 37.64006089], [127.02571126, 37.64015664], [127.02581253, 37.64008292], [127.02570621, 37.63998645], [127.02560155, 37.64006089]]]}, "properties": {"name": "수유동 190-14", "status": "partial", "capacity": 3, "active": 2, "industry": "한식", "vacancy_rate": 33.3, "vacancy_rate_lo": 33.3, "vacancy_rate_hi": 33.3, "stores": 3, "source": "stores+ledger", "capacity_method": "floor_ouln", "active_pip": 0, "licensed": 0, "com_floors": [1, 2, 3], "occ_floors": [1, 3], "unknown_n": 0, "id": "1130510300101900014-1", "pnu": "1130510300101900014", "floors": 3, "height": 0.0}}, {"type": "Feature", "geometry": {"type": "Polygon", "coordinates": [[[127.02843362, 37.63873469], [127.02853341, 37.63866946], [127.02847872, 37.63861656], [127.02845596, 37.63863144], [127.0284646, 37.63863979], [127.02838759, 37.63869014], [127.02843362, 37.63873469]]]}, "properties": {"name": "전체", "status": "partial", "capacity": 5, "active": 3, "industry": "주점", "vacancy_rate": 40.0, "vacancy_rate_lo": 40.0, "vacancy_rate_hi": 40.0, "stores": 3, "source": "stores+ledger", "capacity_method": "floor_ouln", "active_pip": 0, "licensed": 0, "com_floors": [1, 2, 3, 4, 5], "occ_floors": [1, 2, 3], "unknown_n": 0, "id": "1130510200104170002-1", "pnu": "1130510200104170002", "floors": 5, "height": 16.2}}, {"type": "Feature", "geometry": {"type": "Polygon", "coordinates": [[[127.0282188, 37.63823373], [127.02816296, 37.63827266], [127.028233, 37.63833761], [127.0282885, 37.63829975], [127.0282188, 37.63823373]]]}, "properties": {"name": "번동 417-90", "status": "empty", "capacity": 6, "active": 0, "industry": "", "vacancy_rate": 100.0, "source": "polygon_only", "capacity_method": "floor_approx", "active_pip": 0, "licensed": 0, "id": "1130510200104170090-1", "pnu": "1130510200104170090", "floors": 6, "height": 20.1}}]}