path,scope,layer,artifact,bytes,sha256,git_tracked,git_modified_from_head,git_ignored_when_untracked,cloud_access,selection_policy,selected_for_current_rebuild,collection_directory_label,declared_built_at,observation_status,historical_gold_input_verified
data/bronze/anam/2026-08-08/bldg_polygons.geojson,anam,bronze,bldg_polygons.geojson,3934191,5af10a80631e7a0d76c7b7615618b4b4a400f0ebc5ccadd8d9721aa0c80f2515,False,,True,not_checked,latest_lexical_day,True,2026-08-08,,not_extracted,False
data/bronze/anam/2026-07-26/stores_raw.json,anam,bronze,stores_raw.json,2349577,b9a8bd0bb783926160b6d3ef29ddcfed391e3a05166d889c538bae27d93dd2aa,False,,True,not_checked,latest_lexical_day,True,2026-07-26,,not_extracted,False
data/bronze/anam/2026-08-08/licensing_biz.json,anam,bronze,licensing_biz.json,5050157,3b83792058fabeea53b4e8c1e9d1dd2fbfbd9e80aee910c8d6d46c1bdc5850d8,False,,True,not_checked,latest_lexical_day,False,2026-08-08,,not_extracted,False
data/bronze/anam/2026-08-23/licensing_biz.json,anam,bronze,licensing_biz.json,9446669,825db4e1c19a357c7419eeed3e872b9e0cf9e3240f0d0bed06a71be089c1b7ad,False,,True,not_checked,latest_lexical_day,True,2026-08-23,,not_extracted,False
data/bronze/anam/2026-08-15/bldg_ledger_raw.json,anam,bronze,bldg_ledger_raw.json,3116050,5f30b7a1ca0714d73d1ea338bc8d0ea7d43abbe26a7eccec9b14d2184edc0d9f,False,,True,not_checked,all_snapshots_merge_evidence,True,2026-08-15,,not_extracted,False
data/bronze/anam/2026-08-16/bldg_ledger_raw.json,anam,bronze,bldg_ledger_raw.json,3116050,5f30b7a1ca0714d73d1ea338bc8d0ea7d43abbe26a7eccec9b14d2184edc0d9f,False,,True,not_checked,all_snapshots_merge_evidence,True,2026-08-16,,not_extracted,False
data/bronze/anam/2026-08-15/bldg_flr_raw.json,anam,bronze,bldg_flr_raw.json,1138426,ffdf9169c6ce3c61a662c9dc2f99b31b4d0f48b1a7669414caab16e2c68f27a1,False,,True,not_checked,all_snapshots_merge_evidence,True,2026-08-15,,not_extracted,False
data/bronze/anam/2026-08-16/bldg_flr_raw.json,anam,bronze,bldg_flr_raw.json,19589,c6ef97584ffbae5d65a9dd0c9f37804fc31d4b617472359cefdbbd617186ed45,False,,True,not_checked,all_snapshots_merge_evidence,True,2026-08-16,,not_extracted,False
data/bronze/anam/2026-08-19/bldg_flr_raw.json,anam,bronze,bldg_flr_raw.json,9823,3fd6ed71b0fb43b0ea0a121683cf84942767ee2eac31f8749de5135d5e4acf81,False,,True,not_checked,all_snapshots_merge_evidence,True,2026-08-19,,not_extracted,False
data/silver/anam/building_attrs.json,anam,silver,building_attrs.json,158033,1ba6a86fe24902a0f9f5a11c81bedcb435c05bcf3bb2b5f39a1b580c8be643e2,False,,True,not_checked,fixed_path,True,,,not_extracted,False
data/silver/anam/expos_units.json,anam,silver,expos_units.json,11096,dcbe9d3cf90e62d820272dc68b6c7c38347d68446f3bc7d73f4ba4bb40a6a347,False,,True,not_checked,fixed_path,True,,,not_extracted,False
data/gold/anam/building_vacancy.json,anam,gold,building_vacancy.json,134085,d046b44ab1a44251cd662161165ba0bebb3dab45101fae80f9498d19c5214466,False,,True,not_checked,fixed_path,True,,,not_extracted,False
data/gold/anam/page_building_master.geojson,anam,gold,page_building_master.geojson,607054,0433202cad91a84c8532af4c744f0e735e9f8299b4463405e98a98cc09b8e6f6,True,False,,not_checked,fixed_path,True,,,not_extracted,False
data/gold/anam/coverage.json,anam,gold,coverage.json,1656,72745b050b09b35a17383320d202fcbd17a8d99908257014714f1d86de8fb1aa,True,False,,not_checked,fixed_path,True,,2026-09-04T23:29:11,not_extracted,False
data/gold/anam/calibration.json,anam,gold,calibration.json,3772,82babad69f5c3efa54d81ea39d259f0abfd847db22bf7024818284cb83934b0f,True,False,,not_checked,fixed_path,True,,,not_extracted,False
data/gold/anam/vacant_units.json,anam,gold,vacant_units.json,2069,be84d0bab999e767e04981d2fe79131b72281966d120f63b5f59a56a99f180ed,True,False,,not_checked,fixed_path,True,,2026-08-25T04:59:43+00:00,not_extracted,False
data/bronze/apgujeong-rodeo/2026-07-25/bldg_polygons.geojson,apgujeong-rodeo,bronze,bldg_polygons.geojson,1640996,4d96743494be21bfe3e089eb95e3d2258791d4850fbf1e1a7aa262d0d2fd7c53,False,,True,not_checked,latest_lexical_day,True,2026-07-25,,not_extracted,False
data/bronze/apgujeong-rodeo/2026-07-25/stores_raw.json,apgujeong-rodeo,bronze,stores_raw.json,5507368,06527ce9e93e698e80ae43a6b475a102456a07de7e4ee6cf59a3f85397c56581,False,,True,not_checked,latest_lexical_day,True,2026-07-25,,not_extracted,False
data/bronze/apgujeong-rodeo/2026-07-25/licensing_biz.json,apgujeong-rodeo,bronze,licensing_biz.json,15762595,725b64c13ee27a5eda77a440b076f36a2db744c149f524eb0e1516ede52c39a3,False,,True,not_checked,latest_lexical_day,False,2026-07-25,,not_extracted,False
data/bronze/apgujeong-rodeo/2026-08-23/licensing_biz.json,apgujeong-rodeo,bronze,licensing_biz.json,27738500,00e9d645dbfc83023ba36760614e145615454e3a408c64292a0b307897f70e72,False,,True,not_checked,latest_lexical_day,True,2026-08-23,,not_extracted,False
data/bronze/apgujeong-rodeo/2026-07-25/bldg_ledger_raw.json,apgujeong-rodeo,bronze,bldg_ledger_raw.json,739,05bf845457e2363de79fc656cbb16f632b8b096858da8481794920d4ea5c79df,False,,True,not_checked,all_snapshots_merge_evidence,True,2026-07-25,,not_extracted,False
data/bronze/apgujeong-rodeo/2026-07-26/bldg_ledger_raw.json,apgujeong-rodeo,bronze,bldg_ledger_raw.json,30000520,1089d24da1b256c17a9134239c68922808044e7c6cf983ff7f45e8fc406f28e7,False,,True,not_checked,all_snapshots_merge_evidence,True,2026-07-26,,not_extracted,False
data/bronze/apgujeong-rodeo/2026-07-27/bldg_ledger_raw.json,apgujeong-rodeo,bronze,bldg_ledger_raw.json,30000520,1089d24da1b256c17a9134239c68922808044e7c6cf983ff7f45e8fc406f28e7,False,,True,not_checked,all_snapshots_merge_evidence,True,2026-07-27,,not_extracted,False
data/bronze/apgujeong-rodeo/2026-07-26/bldg_flr_raw.json,apgujeong-rodeo,bronze,bldg_flr_raw.json,8120316,474a4b2994370446d3cd69e21447f7477a61ed350ddfd06a020653f355fe7e5c,False,,True,not_checked,all_snapshots_merge_evidence,True,2026-07-26,,not_extracted,False
data/bronze/apgujeong-rodeo/2026-08-19/bldg_flr_raw.json,apgujeong-rodeo,bronze,bldg_flr_raw.json,36359,8d0fa23df32ae17ef0427c84198df18b91133275bcadb4e04e5ec3f0e85a6515,False,,True,not_checked,all_snapshots_merge_evidence,True,2026-08-19,,not_extracted,False
data/silver/apgujeong-rodeo/building_attrs.json,apgujeong-rodeo,silver,building_attrs.json,340593,ec2fdd87b8fe74ccf9d1e1fec861353fe8f1880718479c8db28946590be6df2e,False,,True,not_checked,fixed_path,True,,,not_extracted,False
data/silver/apgujeong-rodeo/expos_units.json,apgujeong-rodeo,silver,expos_units.json,92275,cd8a1778681c20cecc0eee0be0ac52cc65ea6b9da490e4a3fa470422ccceab31,False,,True,not_checked,fixed_path,True,,,not_extracted,False
data/gold/apgujeong-rodeo/building_vacancy.json,apgujeong-rodeo,gold,building_vacancy.json,697114,112f9ffeade05c444c3516f8e372e5fd480ff137d793948f71444f00bc14e45f,False,,True,not_checked,fixed_path,True,,,not_extracted,False
data/gold/apgujeong-rodeo/page_building_master.geojson,apgujeong-rodeo,gold,page_building_master.geojson,605645,079d1c40dec03caee282864c4af31d5a672301ae6110687ada75c0e9924a9581,True,False,,not_checked,fixed_path,True,,,not_extracted,False
data/gold/apgujeong-rodeo/coverage.json,apgujeong-rodeo,gold,coverage.json,1699,f25d584e4f6e2c7073fb4d711c7ff305fdc1ba700d649c15556001eacd60d56c,True,False,,not_checked,fixed_path,True,,2026-09-04T23:26:39,not_extracted,False
data/gold/apgujeong-rodeo/calibration.json,apgujeong-rodeo,gold,calibration.json,3776,18d948a2e232a329ef8e2376fc1bc137fca8a156745e75a1bf20dc97aa0aedbe,True,False,,not_checked,fixed_path,True,,,not_extracted,False
data/gold/apgujeong-rodeo/vacant_units.json,apgujeong-rodeo,gold,vacant_units.json,12229,f04da84f93a78b76ecea4e5987002dd83b5c3c745f3bc7e729b70dc2a9aea303,True,False,,not_checked,fixed_path,True,,2026-08-25T04:59:36+00:00,not_extracted,False
data/bronze/banpo/2026-08-08/bldg_polygons.geojson,banpo,bronze,bldg_polygons.geojson,693050,7783b31b139299b557926ffddce18d35b572c86e26677cfa99fa7689955c2178,False,,True,not_checked,latest_lexical_day,True,2026-08-08,,not_extracted,False
data/bronze/banpo/2026-07-26/stores_raw.json,banpo,bronze,stores_raw.json,4212308,b6eaee7caea8b534e8c9e71b9f30de9157d009c3f96846ac34301627a222d0df,False,,True,not_checked,latest_lexical_day,True,2026-07-26,,not_extracted,False
data/bronze/banpo/2026-08-08/licensing_biz.json,banpo,bronze,licensing_biz.json,6413257,77921bd483ffc68ca59c2579398f4e3e3fc53dd4a9e0d727e45d3d45f187cf31,False,,True,not_checked,latest_lexical_day,False,2026-08-08,,not_extracted,False
data/bronze/banpo/2026-08-23/licensing_biz.json,banpo,bronze,licensing_biz.json,12499343,dec440e6916e7229e2ae90dc9475c34e135d413fcf8100b435154e32f4c7001f,False,,True,not_checked,latest_lexical_day,True,2026-08-23,,not_extracted,False
data/bronze/banpo/2026-08-08/bldg_ledger_raw.json,banpo,bronze,bldg_ledger_raw.json,65262133,a51cc31a606c786ebd1bf39e28f095cbec27f150ff2d9912161acf556ce57c54,False,,True,not_checked,all_snapshots_merge_evidence,True,2026-08-08,,not_extracted,False
data/bronze/banpo/2026-08-08/bldg_flr_raw.json,banpo,bronze,bldg_flr_raw.json,976898,d1e12d0dbf16dbd23d549bfcfb4d4d6fe12cee490ed85a048cf5768af1209a59,False,,True,not_checked,all_snapshots_merge_evidence,True,2026-08-08,,not_extracted,False
data/silver/banpo/building_attrs.json,banpo,silver,building_attrs.json,40998,b24117feae79be1c17813190e00dc5c7b0c76ea89b07db42dde63a2b72fa9c9b,False,,True,not_checked,fixed_path,True,,,not_extracted,False
data/silver/banpo/expos_units.json,banpo,silver,expos_units.json,553926,748b61470e68e1407a3ec870e2bfbe03be2a13648665e2632955b5a56b7f21aa,False,,True,not_checked,fixed_path,True,,,not_extracted,False
data/gold/banpo/building_vacancy.json,banpo,gold,building_vacancy.json,85292,4132b814301818a750bd63264ca0db95f7c1711bc4f06da486ba8acfb8824218,False,,True,not_checked,fixed_path,True,,,not_extracted,False
data/gold/banpo/page_building_master.geojson,banpo,gold,page_building_master.geojson,126589,63d8928117d51c9aacf30f0b613f327ffff1b89b533dae187a10df6f51bdcd31,True,False,,not_checked,fixed_path,True,,,not_extracted,False
data/gold/banpo/coverage.json,banpo,gold,coverage.json,1685,cd7b7e0f8412017f31c904c8f8a2a6927b9c4ad3554032aa1fa0b0910ecc6f86,True,False,,not_checked,fixed_path,True,,2026-09-04T23:28:21,not_extracted,False
data/gold/banpo/calibration.json,banpo,gold,calibration.json,3828,98a5fef02ceb3073987da22994e242440b0bb791877689b04e76704803ca7630,True,False,,not_checked,fixed_path,True,,,not_extracted,False
data/gold/banpo/vacant_units.json,banpo,gold,vacant_units.json,5991,95e0d4f32dcefdde5f3b030971c6afd4855b2c74379916699475ad29b0eab10e,True,False,,not_checked,fixed_path,True,,2026-08-25T04:59:41+00:00,not_extracted,False
data/bronze/bulgwang/2026-08-30/bldg_polygons.geojson,bulgwang,bronze,bldg_polygons.geojson,4043663,19b70d3dcc21668a1c1feeadbeaa0b487c8dd5c4cb9876ffb30428559ce282a5,False,,True,not_checked,latest_lexical_day,True,2026-08-30,,not_extracted,False
data/bronze/bulgwang/2026-08-30/stores_raw.json,bulgwang,bronze,stores_raw.json,2530945,609e7fb57f9df771ffc78504f22e4c20ec198e8a21bbb760e3f0ddfe6134861d,False,,True,not_checked,latest_lexical_day,True,2026-08-30,,not_extracted,False
data/bronze/bulgwang/2026-08-31/bldg_ledger_raw.json,bulgwang,bronze,bldg_ledger_raw.json,11465968,ed35e12cffa667dbf1d6066de11f609ed86d13d0ae89fb58186d4e9fe5360581,False,,True,not_checked,all_snapshots_merge_evidence,True,2026-08-31,,not_extracted,False
data/bronze/bulgwang/2026-08-31/bldg_flr_raw.json,bulgwang,bronze,bldg_flr_raw.json,2266260,79b8a1fa37913bc8e51cf54847b94ac5067138fa77fe7c68e334acaa608adf09,False,,True,not_checked,all_snapshots_merge_evidence,True,2026-08-31,,not_extracted,False
data/silver/bulgwang/building_attrs.json,bulgwang,silver,building_attrs.json,160558,78627d2d4e015efc6de060b36160c3a0eea232f21f0a8ce46af8888930c7d43e,False,,True,not_checked,fixed_path,True,,,not_extracted,False
data/gold/bulgwang/building_vacancy.json,bulgwang,gold,building_vacancy.json,361456,fdcbad03e0ca47e2f1dd14deaf6345fac15a07af8fb20ab6e8ecb7cefbee1ef8,False,,True,not_checked,fixed_path,True,,,not_extracted,False
data/gold/bulgwang/page_building_master.geojson,bulgwang,gold,page_building_master.geojson,434836,f83c4483477968f7abd1785d5dbfb87d28d2a7805ee28737ed5431c0d98de140,True,False,,not_checked,fixed_path,True,,,not_extracted,False
data/gold/bulgwang/coverage.json,bulgwang,gold,coverage.json,1683,45df633984f2d2e2cc26abcdd07291aa2e321ced60fbf4e40a4170ee24c56eea,True,False,,not_checked,fixed_path,True,,2026-09-04T23:30:23,not_extracted,False
data/gold/bulgwang/calibration.json,bulgwang,gold,calibration.json,3976,8381d30c8fd0b0cbb28297e3a70d81f338a967df82f02714788b42b37375d405,True,False,,not_checked,fixed_path,True,,,not_extracted,False
data/gold/bulgwang/vacant_units.json,bulgwang,gold,vacant_units.json,10449,7a7b830cbe8e58e0f278f8a1c8f497906b8e55919f3ee120956b7a54c50ecc01,True,False,,not_checked,fixed_path,True,,2026-08-31T14:03:26+00:00,not_extracted,False
data/bronze/cheongdam/2026-08-08/bldg_polygons.geojson,cheongdam,bronze,bldg_polygons.geojson,2147433,ea992ac45e9a8a08f539123c139371ccd0272b4012df75e58dded81e1be2eba0,False,,True,not_checked,latest_lexical_day,True,2026-08-08,,not_extracted,False
data/bronze/cheongdam/2026-07-26/stores_raw.json,cheongdam,bronze,stores_raw.json,4023109,db56a4d2f46794f34b335ac2a570758fc600187120009f9e4915bb1b30f53224,False,,True,not_checked,latest_lexical_day,True,2026-07-26,,not_extracted,False
data/bronze/cheongdam/2026-08-08/licensing_biz.json,cheongdam,bronze,licensing_biz.json,4204557,ea052bd5170d73ff11abca5525ccb84530f01fa419fe39ea1c0fadc6ed59fcf4,False,,True,not_checked,latest_lexical_day,False,2026-08-08,,not_extracted,False
data/bronze/cheongdam/2026-08-23/licensing_biz.json,cheongdam,bronze,licensing_biz.json,8543479,d2d7c0559c59f5b8d9d820fd65f88c1b018106bc552d9634cd17d098af8980ca,False,,True,not_checked,latest_lexical_day,True,2026-08-23,,not_extracted,False
data/bronze/cheongdam/2026-08-15/bldg_ledger_raw.json,cheongdam,bronze,bldg_ledger_raw.json,2,44136fa355b3678a1146ad16f7e8649e94fb4fc21fe77e8310c060f61caaff8a,False,,True,not_checked,all_snapshots_merge_evidence,True,2026-08-15,,not_extracted,False
data/bronze/cheongdam/2026-08-16/bldg_ledger_raw.json,cheongdam,bronze,bldg_ledger_raw.json,16043278,54691fce190ef6cec440cb22219d4007100674feed241c56da74695197f94428,False,,True,not_checked,all_snapshots_merge_evidence,True,2026-08-16,,not_extracted,False
data/bronze/cheongdam/2026-08-16/bldg_flr_raw.json,cheongdam,bronze,bldg_flr_raw.json,6215219,bbcd5d7ac3dfdfee5d7f63ef80e3af0d3096cd38e892ef370bab6d49b5e8dc20,False,,True,not_checked,all_snapshots_merge_evidence,True,2026-08-16,,not_extracted,False
data/bronze/cheongdam/2026-08-19/bldg_flr_raw.json,cheongdam,bronze,bldg_flr_raw.json,82786,821ac64e3299b12bfdc9cdf632b0bbd1184b4961dae169b5fd780223287bab53,False,,True,not_checked,all_snapshots_merge_evidence,True,2026-08-19,,not_extracted,False
data/silver/cheongdam/building_attrs.json,cheongdam,silver,building_attrs.json,259842,56c04812d88daf0a569256295ad16bee897df59cb5d6531d0d55533abf647fbe,False,,True,not_checked,fixed_path,True,,,not_extracted,False
data/silver/cheongdam/expos_units.json,cheongdam,silver,expos_units.json,59433,a36b30a45a54d5e2d69132cec05fe898a16abb02aed1be8a0c184fb972f4def5,False,,True,not_checked,fixed_path,True,,,not_extracted,False
data/gold/cheongdam/building_vacancy.json,cheongdam,gold,building_vacancy.json,526424,e14c1d00daa375b9bc6ce38391812a3ddb92eb926f159551d7ea22027981acbc,False,,True,not_checked,fixed_path,True,,,not_extracted,False
data/gold/cheongdam/page_building_master.geojson,cheongdam,gold,page_building_master.geojson,513229,8b5f810870e591c95e28e90a9c1434d1d9f17e38258b0c1d8d8cf98b67ab2ee4,True,False,,not_checked,fixed_path,True,,,not_extracted,False
data/gold/cheongdam/coverage.json,cheongdam,gold,coverage.json,1668,ab75fe744671401ec58c9029b74b976d33ae981be1f4baa932cdd15ec0ba72fe,True,False,,not_checked,fixed_path,True,,2026-09-04T23:29:14,not_extracted,False
data/gold/cheongdam/calibration.json,cheongdam,gold,calibration.json,3973,88885d4e4bd34b23d2df1052de456da1a4b6e353c002aea50d7e21b459c7b1f7,True,False,,not_checked,fixed_path,True,,,not_extracted,False
data/gold/cheongdam/vacant_units.json,cheongdam,gold,vacant_units.json,11501,1f81c4842281cfbbe252bc93c373262bcfcadef7a60d54987eaba6eae0cca7c1,True,False,,not_checked,fixed_path,True,,2026-08-25T04:59:43+00:00,not_extracted,False
data/bronze/cheongnyangni/2026-08-08/bldg_polygons.geojson,cheongnyangni,bronze,bldg_polygons.geojson,7579505,8facec715d240f14c961a3aaf7da2ce375d4803735c37e572e3571a2caf9085a,False,,True,not_checked,latest_lexical_day,True,2026-08-08,,not_extracted,False
data/bronze/cheongnyangni/2026-07-26/stores_raw.json,cheongnyangni,bronze,stores_raw.json,5264051,e4e14f79db64d15315e58622e7f841ba2e2d052e28e4f81bb4caeda63c805b50,False,,True,not_checked,latest_lexical_day,True,2026-07-26,,not_extracted,False
data/bronze/cheongnyangni/2026-08-08/licensing_biz.json,cheongnyangni,bronze,licensing_biz.json,7202579,542b2d3b82fca92ba2b749e6c496a59f982260aef28ce18f4f61d5a4b259d6e1,False,,True,not_checked,latest_lexical_day,False,2026-08-08,,not_extracted,False
data/bronze/cheongnyangni/2026-08-23/licensing_biz.json,cheongnyangni,bronze,licensing_biz.json,13642846,bea18f8ba447258eecb8b8a80bc77bedeab975f2847c2378a47937fc4da901ac,False,,True,not_checked,latest_lexical_day,True,2026-08-23,,not_extracted,False
data/bronze/cheongnyangni/2026-08-15/bldg_ledger_raw.json,cheongnyangni,bronze,bldg_ledger_raw.json,16978004,7defa5f6f595eec46ce7012d77fe271a5abf78ae374a5ecf20ee8e70b89ae4b7,False,,True,not_checked,all_snapshots_merge_evidence,True,2026-08-15,,not_extracted,False
data/bronze/cheongnyangni/2026-08-15/bldg_flr_raw.json,cheongnyangni,bronze,bldg_flr_raw.json,3757134,5a10247caa1f6f73dda59705276c72afc47cc9a6615ff91ba269e252d858781e,False,,True,not_checked,all_snapshots_merge_evidence,True,2026-08-15,,not_extracted,False
data/bronze/cheongnyangni/2026-08-19/bldg_flr_raw.json,cheongnyangni,bronze,bldg_flr_raw.json,114258,2897fe95fc5e95c489a6bcd7f482430157eac2ee417debeaa3dfac1a1a31e520,False,,True,not_checked,all_snapshots_merge_evidence,True,2026-08-19,,not_extracted,False
data/silver/cheongnyangni/building_attrs.json,cheongnyangni,silver,building_attrs.json,421857,e9a6be82928cf77927cf3558bce2593a827c078fda70a411875fde79336c1cd2,False,,True,not_checked,fixed_path,True,,,not_extracted,False
data/silver/cheongnyangni/expos_units.json,cheongnyangni,silver,expos_units.json,118983,4190b30d9ea327862e660c11896115d91402a79edccd84bbe21fe53404d94580,False,,True,not_checked,fixed_path,True,,,not_extracted,False
data/gold/cheongnyangni/building_vacancy.json,cheongnyangni,gold,building_vacancy.json,905852,02f1d7f5f850c23ca2a6ed83a6b10f5ed85ca82ffbe61962269a869424515d85,False,,True,not_checked,fixed_path,True,,,not_extracted,False
data/gold/cheongnyangni/page_building_master.geojson,cheongnyangni,gold,page_building_master.geojson,1351360,a334991318e2b548dbc4420ebf3dbd21526ead78e7cec09506067eeff6d02845,True,False,,not_checked,fixed_path,True,,,not_extracted,False
data/gold/cheongnyangni/coverage.json,cheongnyangni,gold,coverage.json,1714,c9732429841597ff100b23d9350cbb1288ca9a6a8cec1ff1743b0c3cb9db68b4,True,False,,not_checked,fixed_path,True,,2026-09-04T23:28:44,not_extracted,False
data/gold/cheongnyangni/calibration.json,cheongnyangni,gold,calibration.json,3975,6f7b1e1ae4a08f569ec66e1213edaf04941c0704724096bb1ead9dcef814c4f6,True,False,,not_checked,fixed_path,True,,,not_extracted,False
data/gold/cheongnyangni/vacant_units.json,cheongnyangni,gold,vacant_units.json,11238,f548392f4b486c3bb7cfd1af059e83a161e6e292f628a765ba16e38fa2d339ab,True,False,,not_checked,fixed_path,True,,2026-08-25T04:59:42+00:00,not_extracted,False
data/bronze/cheonho/2026-08-30/bldg_polygons.geojson,cheonho,bronze,bldg_polygons.geojson,3968182,64917c2d918c865fa15269a22d66cd1490bffbd5d5172217bd65b639bd102265,False,,True,not_checked,latest_lexical_day,True,2026-08-30,,not_extracted,False
data/bronze/cheonho/2026-08-30/stores_raw.json,cheonho,bronze,stores_raw.json,4328354,7547c12794f4bae8bb025e74f347ef2972b05e95d09ac7fcadb93d7e3bd2e6c7,False,,True,not_checked,latest_lexical_day,True,2026-08-30,,not_extracted,False
data/bronze/cheonho/2026-09-01/bldg_ledger_raw.json,cheonho,bronze,bldg_ledger_raw.json,20377099,430c789483e815552906777da97d0d79e1337e4bc9d7bab09b69064e3b343905,False,,True,not_checked,all_snapshots_merge_evidence,True,2026-09-01,,not_extracted,False
data/bronze/cheonho/2026-09-01/bldg_flr_raw.json,cheonho,bronze,bldg_flr_raw.json,3307999,b92ccb2fcaf6802a84c9dbed618a7d82ff5532c8d45f00028ffe72c25e138d80,False,,True,not_checked,all_snapshots_merge_evidence,True,2026-09-01,,not_extracted,False
data/silver/cheonho/building_attrs.json,cheonho,silver,building_attrs.json,257392,29ca76558afb6e1eed4d0040d84b035d1b74195f81c859d13850d1ed4954e4ad,False,,True,not_checked,fixed_path,True,,,not_extracted,False
data/gold/cheonho/building_vacancy.json,cheonho,gold,building_vacancy.json,591402,65fdf0f7cce1db9ff1e00c8ab2a3a7bce614edb8c2bb05ae18f7b347c5b647d0,False,,True,not_checked,fixed_path,True,,,not_extracted,False
data/gold/cheonho/page_building_master.geojson,cheonho,gold,page_building_master.geojson,451680,405c0b6f97cc8cf0b9be7990371d20625a28a1045e220278730ab5db97accd2e,True,False,,not_checked,fixed_path,True,,,not_extracted,False
data/gold/cheonho/coverage.json,cheonho,gold,coverage.json,1682,f3240cc4a50c331443b00d1119296252ac5801be659d6cfc5ae8074706bfab27,True,False,,not_checked,fixed_path,True,,2026-09-04T23:30:31,not_extracted,False
data/gold/cheonho/calibration.json,cheonho,gold,calibration.json,3967,8bba83a849b3c99341cc0738f82faf5a4cfd82128d0caa654ad6aa321f446854,True,False,,not_checked,fixed_path,True,,,not_extracted,False
data/gold/cheonho/vacant_units.json,cheonho,gold,vacant_units.json,10960,1c8f4aa67fa808cf0e6c85949eae39d2b325d19062502cc14c909b4c34a75386,True,False,,not_checked,fixed_path,True,,2026-09-01T13:30:59+00:00,not_extracted,False
data/bronze/chungmuro/2026-08-08/bldg_polygons.geojson,chungmuro,bronze,bldg_polygons.geojson,5031469,6326b53b75c3e6910ee4a89cd0c47a4048b8f746ac008890d3e262f4bce22140,False,,True,not_checked,latest_lexical_day,True,2026-08-08,,not_extracted,False
data/bronze/chungmuro/2026-07-26/stores_raw.json,chungmuro,bronze,stores_raw.json,7928442,7855ceb0e9cc6f1475105e1c2dcdc5614308475c14f6aa0f0ce964053e838d95,False,,True,not_checked,latest_lexical_day,True,2026-07-26,,not_extracted,False
data/bronze/chungmuro/2026-08-08/licensing_biz.json,chungmuro,bronze,licensing_biz.json,6718546,1cd380de0d328ac2eead94f24f783df570361828b1e114f83ab71fb0a9392287,False,,True,not_checked,latest_lexical_day,False,2026-08-08,,not_extracted,False
data/bronze/chungmuro/2026-08-23/licensing_biz.json,chungmuro,bronze,licensing_biz.json,11720669,f26c7336bbe40ca4143133769944ca94a33fc54967f37ba9811b5772959773fa,False,,True,not_checked,latest_lexical_day,True,2026-08-23,,not_extracted,False
data/bronze/chungmuro/2026-08-15/bldg_ledger_raw.json,chungmuro,bronze,bldg_ledger_raw.json,2,44136fa355b3678a1146ad16f7e8649e94fb4fc21fe77e8310c060f61caaff8a,False,,True,not_checked,all_snapshots_merge_evidence,True,2026-08-15,,not_extracted,False
data/bronze/chungmuro/2026-08-16/bldg_ledger_raw.json,chungmuro,bronze,bldg_ledger_raw.json,18114939,5de5ed3f937cee8514beb452c7b27d537faae05d1af8106b2ac5c5066eff650f,False,,True,not_checked,all_snapshots_merge_evidence,True,2026-08-16,,not_extracted,False
data/bronze/chungmuro/2026-08-17/bldg_ledger_raw.json,chungmuro,bronze,bldg_ledger_raw.json,20213767,ba1fbd406c61f606d8631c9e673f9b4e2246bece0ba0eee384fff3470739f620,False,,True,not_checked,all_snapshots_merge_evidence,True,2026-08-17,,not_extracted,False
data/bronze/chungmuro/2026-08-16/bldg_flr_raw.json,chungmuro,bronze,bldg_flr_raw.json,6996074,f639b3206c4b62baefdb50a929ceeb59655f7ce09cd9d7de403a6d064f4c248c,False,,True,not_checked,all_snapshots_merge_evidence,True,2026-08-16,,not_extracted,False
data/bronze/chungmuro/2026-08-17/bldg_flr_raw.json,chungmuro,bronze,bldg_flr_raw.json,1555785,f49ba5b7ebfe83b9676a27c0a390089f9cf8b42c11b9d8c3e2abce282803f4d8,False,,True,not_checked,all_snapshots_merge_evidence,True,2026-08-17,,not_extracted,False
data/bronze/chungmuro/2026-08-19/bldg_flr_raw.json,chungmuro,bronze,bldg_flr_raw.json,207545,953158d83384fa5c18d0856f6f0bc48368657991682fb7b0bd51eb13ea078749,False,,True,not_checked,all_snapshots_merge_evidence,True,2026-08-19,,not_extracted,False
data/silver/chungmuro/building_attrs.json,chungmuro,silver,building_attrs.json,532541,3071da7ffff47ec1c77161d561848370aa4c12094cf2e45ac5278d4eb8ad8b05,False,,True,not_checked,fixed_path,True,,,not_extracted,False
data/silver/chungmuro/expos_units.json,chungmuro,silver,expos_units.json,129580,5df608c642fb62918ff393a2b5fa2532b892cfdfc690310a42bc1571ca93f4aa,False,,True,not_checked,fixed_path,True,,,not_extracted,False
data/gold/chungmuro/building_vacancy.json,chungmuro,gold,building_vacancy.json,1013726,57fc750dcd0710772d1d90c9ac6647c360c7a0f9af583b21c992dd4885106b24,False,,True,not_checked,fixed_path,True,,,not_extracted,False
data/gold/chungmuro/page_building_master.geojson,chungmuro,gold,page_building_master.geojson,1401030,ac3a9c3dc4c020bddc83c6eb0bf696eae7586627bc0caf7c3d4f67ecf3af1a15,True,False,,not_checked,fixed_path,True,,,not_extracted,False
data/gold/chungmuro/coverage.json,chungmuro,gold,coverage.json,1693,fc3add1cbcdf0198aab925cf98becf23fd139959994fbbbb267dd4ae06fbc031,True,False,,not_checked,fixed_path,True,,2026-09-04T23:30:04,not_extracted,False
data/gold/chungmuro/calibration.json,chungmuro,gold,calibration.json,3980,ea5806715bcdcb754f5c972e5d53423bdd4aee07f7fc3a37dd85f8a1a0d1a6a0,True,False,,not_checked,fixed_path,True,,,not_extracted,False
data/gold/chungmuro/vacant_units.json,chungmuro,gold,vacant_units.json,11244,f34e3c7fa3b162d43fe24f3ef96ff9bb246c34cd1c284c1b0b3cc3d84b63d068,True,False,,not_checked,fixed_path,True,,2026-08-25T04:59:46+00:00,not_extracted,False
data/bronze/cityhall/2026-08-08/bldg_polygons.geojson,cityhall,bronze,bldg_polygons.geojson,1421079,c0784ef05d00a4c0e9ca9446fb4d59372975ca3934c60e8da2ddebb78468010b,False,,True,not_checked,latest_lexical_day,True,2026-08-08,,not_extracted,False
data/bronze/cityhall/2026-07-26/stores_raw.json,cityhall,bronze,stores_raw.json,8693656,974903f72e242b031b7584f30573f4c8d4412c5c842ec81479010d0c3eebd6f0,False,,True,not_checked,latest_lexical_day,True,2026-07-26,,not_extracted,False
data/bronze/cityhall/2026-08-08/licensing_biz.json,cityhall,bronze,licensing_biz.json,7449421,29153b35d39dc0e4616888229feedd35b2ab3361afaef43cc9f7e9df63733966,False,,True,not_checked,latest_lexical_day,False,2026-08-08,,not_extracted,False
data/bronze/cityhall/2026-08-23/licensing_biz.json,cityhall,bronze,licensing_biz.json,13016238,26c74f67cf02ff7028f008fa936ca78d44bddad1803b8fb465aeee2b2dfe2c80,False,,True,not_checked,latest_lexical_day,True,2026-08-23,,not_extracted,False
data/bronze/cityhall/2026-08-15/bldg_ledger_raw.json,cityhall,bronze,bldg_ledger_raw.json,2,44136fa355b3678a1146ad16f7e8649e94fb4fc21fe77e8310c060f61caaff8a,False,,True,not_checked,all_snapshots_merge_evidence,True,2026-08-15,,not_extracted,False
data/bronze/cityhall/2026-08-16/bldg_ledger_raw.json,cityhall,bronze,bldg_ledger_raw.json,15276876,fe514720f09992da7b47cbb8a823f2e11a4b250d2d5e094624e990f1a6ec842e,False,,True,not_checked,all_snapshots_merge_evidence,True,2026-08-16,,not_extracted,False
data/bronze/cityhall/2026-08-16/bldg_flr_raw.json,cityhall,bronze,bldg_flr_raw.json,7216056,4651847fd8bbdd4a02f72c24f7a99f2c581e561c0a79003ffb7e1489229c5a01,False,,True,not_checked,all_snapshots_merge_evidence,True,2026-08-16,,not_extracted,False
data/bronze/cityhall/2026-08-19/bldg_flr_raw.json,cityhall,bronze,bldg_flr_raw.json,51370,cf6a9d8e9d76c62597bad5ff820f5dcfd78492c4d35bcd3f7b7a6194e8d9a83f,False,,True,not_checked,all_snapshots_merge_evidence,True,2026-08-19,,not_extracted,False
data/silver/cityhall/building_attrs.json,cityhall,silver,building_attrs.json,304679,1153e990f04d68daabdcf076afb19ddd4149766ddd58048a629d411ed4cfa69b,False,,True,not_checked,fixed_path,True,,,not_extracted,False
data/silver/cityhall/expos_units.json,cityhall,silver,expos_units.json,201072,910ba49a13a324901cfa106e27c2a1aabee9b9d81a6600bfa1735cf6e0c3a388,False,,True,not_checked,fixed_path,True,,,not_extracted,False
data/gold/cityhall/building_vacancy.json,cityhall,gold,building_vacancy.json,667500,fc889e643c34306ec7b793bd7ddf09d680f73fe7d4fdf6915a1bde3a915cc828,False,,True,not_checked,fixed_path,True,,,not_extracted,False
data/gold/cityhall/page_building_master.geojson,cityhall,gold,page_building_master.geojson,488464,e4351fe428a36da4e184f473ea81fa2b3273c024e3e287d8d218f7009fc3de94,True,False,,not_checked,fixed_path,True,,,not_extracted,False
data/gold/cityhall/coverage.json,cityhall,gold,coverage.json,1683,1084a192f6eef47bf1d78da4c1e623c6648c7272554d51c44e05a14cc7292f9d,True,False,,not_checked,fixed_path,True,,2026-09-04T23:29:48,not_extracted,False
data/gold/cityhall/calibration.json,cityhall,gold,calibration.json,3974,06cf184744f70d7320b7642b39382cb8e4911e8c237a87b37470365d9bcf417d,True,False,,not_checked,fixed_path,True,,,not_extracted,False
data/gold/cityhall/vacant_units.json,cityhall,gold,vacant_units.json,8843,84cc666f7425fff03cf57b9425184eda16b3e4148bbc8b13ec7c5e3a5b035be3,True,False,,not_checked,fixed_path,True,,2026-08-25T04:59:45+00:00,not_extracted,False
data/bronze/dangsan/2026-08-08/bldg_polygons.geojson,dangsan,bronze,bldg_polygons.geojson,714374,d75f476603680eac9223e1cda72be6798c6cf0d24f3fb7b5f5455623f75db2f5,False,,True,not_checked,latest_lexical_day,True,2026-08-08,,not_extracted,False
data/bronze/dangsan/2026-07-26/stores_raw.json,dangsan,bronze,stores_raw.json,1625335,0f31db62ec9217cbf942fc5601dc6adf62f383720bc6847a2657ea0c58e20842,False,,True,not_checked,latest_lexical_day,True,2026-07-26,,not_extracted,False
data/bronze/dangsan/2026-08-08/licensing_biz.json,dangsan,bronze,licensing_biz.json,1830689,ed64cb1aceb599b5652f9c44a6743b618afd923257a14a7b135c4c048a661420,False,,True,not_checked,latest_lexical_day,False,2026-08-08,,not_extracted,False
data/bronze/dangsan/2026-08-23/licensing_biz.json,dangsan,bronze,licensing_biz.json,3389292,d3c5a9b9325b53833b7b6c87ffa690dcd67a63c0a8b2278f5a01c1699fe51b65,False,,True,not_checked,latest_lexical_day,True,2026-08-23,,not_extracted,False
data/bronze/dangsan/2026-08-08/bldg_ledger_raw.json,dangsan,bronze,bldg_ledger_raw.json,71685441,c881de1cdeb4237f264bcaa96e485ad06610f5f02687d5ad85702aa600f35142,False,,True,not_checked,all_snapshots_merge_evidence,True,2026-08-08,,not_extracted,False
data/bronze/dangsan/2026-08-08/bldg_flr_raw.json,dangsan,bronze,bldg_flr_raw.json,1359210,2d2d738fd75183ee83fb505cd233c25b4c28346836fd26ca2951b4fe47fa01d7,False,,True,not_checked,all_snapshots_merge_evidence,True,2026-08-08,,not_extracted,False
data/bronze/dangsan/2026-08-17/bldg_flr_raw.json,dangsan,bronze,bldg_flr_raw.json,95562,17c7cb0db0fc03ce9e5b1b42ea2f7123a6f0c7be8e2ee121be3d11c00132dcfb,False,,True,not_checked,all_snapshots_merge_evidence,True,2026-08-17,,not_extracted,False
data/bronze/dangsan/2026-08-19/bldg_flr_raw.json,dangsan,bronze,bldg_flr_raw.json,54463,dd2bd920018cc32d55314e44dd3d06493259ef6a9dc5c1bf004ed355bac4fc82,False,,True,not_checked,all_snapshots_merge_evidence,True,2026-08-19,,not_extracted,False
data/silver/dangsan/building_attrs.json,dangsan,silver,building_attrs.json,76340,402953a34f46000279d0c213e07e7bab4689a3df8abff8a832d30a452ddfa0f4,False,,True,not_checked,fixed_path,True,,,not_extracted,False
data/silver/dangsan/expos_units.json,dangsan,silver,expos_units.json,115458,c7976221dee927f8fae2fb5b000d9ba679b998e6a396062d86b7068555b87457,False,,True,not_checked,fixed_path,True,,,not_extracted,False
data/gold/dangsan/building_vacancy.json,dangsan,gold,building_vacancy.json,155653,da3eb4545d82ab82ae218ce3bd7fa4589ef7ee8713aafe38312547a3f8c5a434,False,,True,not_checked,fixed_path,True,,,not_extracted,False
data/gold/dangsan/page_building_master.geojson,dangsan,gold,page_building_master.geojson,179449,7fe57be0498e527c5d2c80b36f0c56ff2ee273bbd2f6438b436650fd3e517964,True,False,,not_checked,fixed_path,True,,,not_extracted,False
data/gold/dangsan/coverage.json,dangsan,gold,coverage.json,1646,eb3ade2349454dfbaaf13188fbbfcce30e795de86e4eece1b8a9dc66c74bb45c,True,False,,not_checked,fixed_path,True,,2026-09-04T23:30:20,not_extracted,False
data/gold/dangsan/calibration.json,dangsan,gold,calibration.json,3912,2e267abf588d2e4bec30f19375ffe9740bc9e6066f60eaade1faeec336e70532,True,False,,not_checked,fixed_path,True,,,not_extracted,False
data/gold/dangsan/vacant_units.json,dangsan,gold,vacant_units.json,5807,230dabb8a02b56b97db2d1854a7fbbc0246bb2f2e055b3996b6c61c17f476ae4,True,False,,not_checked,fixed_path,True,,2026-08-25T04:59:46+00:00,not_extracted,False
data/bronze/doksan/2026-08-30/bldg_polygons.geojson,doksan,bronze,bldg_polygons.geojson,1294389,761973cf92a2a474df0dc64fc199e6074da4721d41ce3ce1da6becab4d554cdd,False,,True,not_checked,latest_lexical_day,True,2026-08-30,,not_extracted,False
data/bronze/doksan/2026-08-30/stores_raw.json,doksan,bronze,stores_raw.json,2414946,888b25ae4273a8bac3050f7a293793e7cff63354bfe7954ee4069f82d7a877a1,False,,True,not_checked,latest_lexical_day,True,2026-08-30,,not_extracted,False
data/bronze/doksan/2026-09-01/bldg_ledger_raw.json,doksan,bronze,bldg_ledger_raw.json,24102914,e0cf99b77a7599969691efb740ecec6de018509430648db18a0f238da2f9f2c5,False,,True,not_checked,all_snapshots_merge_evidence,True,2026-09-01,,not_extracted,False
data/bronze/doksan/2026-09-01/bldg_flr_raw.json,doksan,bronze,bldg_flr_raw.json,1146442,36e8a928ea4c08aa056b158ea3b8c86e04ca595a42e6e6163b8032680ec426c5,False,,True,not_checked,all_snapshots_merge_evidence,True,2026-09-01,,not_extracted,False
data/silver/doksan/building_attrs.json,doksan,silver,building_attrs.json,58852,e80a95b732524a5d9280f1c454325860887dfcf69e921c0c9f304ee02cfdc776,False,,True,not_checked,fixed_path,True,,,not_extracted,False
data/gold/doksan/building_vacancy.json,doksan,gold,building_vacancy.json,123859,c31face0d88fe8b74ab5d64530ee01c56b28da1980fcb56da7d3b64d04e5d861,False,,True,not_checked,fixed_path,True,,,not_extracted,False
data/gold/doksan/page_building_master.geojson,doksan,gold,page_building_master.geojson,168712,88cd0298f859f32868ad0dfa7ec3270b90a95fd5d93314ebba8b0d3d22b2ffbf,True,False,,not_checked,fixed_path,True,,,not_extracted,False
data/gold/doksan/coverage.json,doksan,gold,coverage.json,1639,df88aa8f64182277880b72ed4b064e5b7f70ff4baa2cab126c29363d1c9a3728,True,False,,not_checked,fixed_path,True,,2026-09-04T23:30:29,not_extracted,False
data/gold/doksan/calibration.json,doksan,gold,calibration.json,3972,300efdcdfc70a9b186bb7825ce25f97e15755fb5cd0c83dace19bba2038794e5,True,False,,not_checked,fixed_path,True,,,not_extracted,False
data/gold/doksan/vacant_units.json,doksan,gold,vacant_units.json,5466,a8af141d4483f2cd7de82c5c496260973a1213de4534e06f28add2be05e5c1ac,True,False,,not_checked,fixed_path,True,,2026-09-01T13:24:20+00:00,not_extracted,False
data/bronze/dongdaemun/2026-08-08/bldg_polygons.geojson,dongdaemun,bronze,bldg_polygons.geojson,8701282,7aa5880fa52532a7aa2d49bfac9b946f30a4fe54fec7e387c11cc7b525bcb700,False,,True,not_checked,latest_lexical_day,True,2026-08-08,,not_extracted,False
data/bronze/dongdaemun/2026-07-26/stores_raw.json,dongdaemun,bronze,stores_raw.json,9912795,6f7eb7a9fa690c71d75ed563795372c5832fae358a5fe5cb5f484b17c654182a,False,,True,not_checked,latest_lexical_day,True,2026-07-26,,not_extracted,False
data/bronze/dongdaemun/2026-08-08/licensing_biz.json,dongdaemun,bronze,licensing_biz.json,9279563,382f9255c0f3a1a369701705be3a5c8ef2de9fe8b422a2fa2dbb3ed83d87d32d,False,,True,not_checked,latest_lexical_day,False,2026-08-08,,not_extracted,False
data/bronze/dongdaemun/2026-08-23/licensing_biz.json,dongdaemun,bronze,licensing_biz.json,16396502,a2b9e985e965f2eaf4e4b35870322333e4e7f4c2117aaa8221722ccd4b52914c,False,,True,not_checked,latest_lexical_day,True,2026-08-23,,not_extracted,False
data/bronze/dongdaemun/2026-08-09/bldg_ledger_raw.json,dongdaemun,bronze,bldg_ledger_raw.json,187163479,abf72bd8daf1a2f755c616a0d3702551ea4387e885f3666554da3131bff23d42,False,,True,not_checked,all_snapshots_merge_evidence,True,2026-08-09,,not_extracted,False
data/bronze/dongdaemun/2026-08-10/bldg_ledger_raw.json,dongdaemun,bronze,bldg_ledger_raw.json,193648684,a408bd86672bfd27b979b714a6d1078e6421cf5aa5e4820da834d5a018fc5a67,False,,True,not_checked,all_snapshots_merge_evidence,True,2026-08-10,,not_extracted,False
data/bronze/dongdaemun/2026-08-10/bldg_flr_raw.json,dongdaemun,bronze,bldg_flr_raw.json,3049646,28e406604db6333b33f82d6c92d3dbded7abd9ac51bbd898078cba875d3d6c92,False,,True,not_checked,all_snapshots_merge_evidence,True,2026-08-10,,not_extracted,False
data/bronze/dongdaemun/2026-08-17/bldg_flr_raw.json,dongdaemun,bronze,bldg_flr_raw.json,8301666,c94b9a49b24db91264b3da9b7aa24a21311a1910810b0eed2a9ae63a7cfe02e8,False,,True,not_checked,all_snapshots_merge_evidence,True,2026-08-17,,not_extracted,False
data/bronze/dongdaemun/2026-08-19/bldg_flr_raw.json,dongdaemun,bronze,bldg_flr_raw.json,296848,6a10c368711324fa4f0181fe49772ae91946c6ed2fb0fec664e7845462683821,False,,True,not_checked,all_snapshots_merge_evidence,True,2026-08-19,,not_extracted,False
data/silver/dongdaemun/building_attrs.json,dongdaemun,silver,building_attrs.json,771205,aaafc7591527d0c0d6d59348f8faffa6678ae7164ff32b4e7324e2c1a8e33c7d,False,,True,not_checked,fixed_path,True,,,not_extracted,False
data/silver/dongdaemun/expos_units.json,dongdaemun,silver,expos_units.json,2386114,db00cf3ad870e48f03faf1bdd9acbd2573ac7e82754ab096b5950454672341f2,False,,True,not_checked,fixed_path,True,,,not_extracted,False
data/gold/dongdaemun/building_vacancy.json,dongdaemun,gold,building_vacancy.json,1646596,dc99f13e42765b2ded43b7b5b9d1dca3cd76f8c03e94c42332de6b9614b9db6d,False,,True,not_checked,fixed_path,True,,,not_extracted,False
data/gold/dongdaemun/page_building_master.geojson,dongdaemun,gold,page_building_master.geojson,1942678,46d02eb0e911e79144ce2314856dbc3887abe1f5e549c46762ec4aef2ed8d23e,True,False,,not_checked,fixed_path,True,,,not_extracted,False
data/gold/dongdaemun/coverage.json,dongdaemun,gold,coverage.json,1707,eeeef8f681b55fe3b5d77600ecb9e9c1887a2bad769c2581cc3f9716ecf19307,True,False,,not_checked,fixed_path,True,,2026-09-04T23:28:03,not_extracted,False
data/gold/dongdaemun/calibration.json,dongdaemun,gold,calibration.json,3984,82b06b767653c2bd2fd799ea82c7a6f3bd205ee32dc46a4bb4340b3d2db8fb71,True,False,,not_checked,fixed_path,True,,,not_extracted,False
data/gold/dongdaemun/vacant_units.json,dongdaemun,gold,vacant_units.json,11671,c62d27388d67e840b2679fc4f19639239ea39859b51d6b7facb0cbb1cd826796,True,False,,not_checked,fixed_path,True,,2026-08-25T04:59:40+00:00,not_extracted,False
data/bronze/dosan/2026-08-08/bldg_polygons.geojson,dosan,bronze,bldg_polygons.geojson,2505175,49912fd6b61c03ded3241d6458058709915af19bbbd6fd02a3b37f1065b61b76,False,,True,not_checked,latest_lexical_day,True,2026-08-08,,not_extracted,False
data/bronze/dosan/2026-07-26/stores_raw.json,dosan,bronze,stores_raw.json,8266192,f61e10a2c288e71ed18f94fa233d59d74e856a2af89849bc02dd5c7377aa033c,False,,True,not_checked,latest_lexical_day,True,2026-07-26,,not_extracted,False
data/bronze/dosan/2026-08-08/licensing_biz.json,dosan,bronze,licensing_biz.json,14060655,26b359cd1120feed9a3db75b1f3fed5bcfdcc4a73df32ab761addc9bdd3acbd8,False,,True,not_checked,latest_lexical_day,False,2026-08-08,,not_extracted,False
data/bronze/dosan/2026-08-23/licensing_biz.json,dosan,bronze,licensing_biz.json,23932291,124c387ab10010ef1748a41fb55a36093033966d5575a5a1af85a59985936b26,False,,True,not_checked,latest_lexical_day,True,2026-08-23,,not_extracted,False
data/bronze/dosan/2026-08-15/bldg_ledger_raw.json,dosan,bronze,bldg_ledger_raw.json,2,44136fa355b3678a1146ad16f7e8649e94fb4fc21fe77e8310c060f61caaff8a,False,,True,not_checked,all_snapshots_merge_evidence,True,2026-08-15,,not_extracted,False
data/bronze/dosan/2026-08-16/bldg_ledger_raw.json,dosan,bronze,bldg_ledger_raw.json,15535938,3e2c6b259719315d604a06c021f7a5f2765de512b6921468929b585a334e970d,False,,True,not_checked,all_snapshots_merge_evidence,True,2026-08-16,,not_extracted,False
data/bronze/dosan/2026-08-16/bldg_flr_raw.json,dosan,bronze,bldg_flr_raw.json,11372937,7c07bf4e9f33c4e810057ab49784d597ecffafe7230ff6f24e460509450dbc52,False,,True,not_checked,all_snapshots_merge_evidence,True,2026-08-16,,not_extracted,False
data/bronze/dosan/2026-08-19/bldg_flr_raw.json,dosan,bronze,bldg_flr_raw.json,120348,4701b86037fe4f799b152e47b524b3057ffc1b80b024b7d998421a20d6f716f8,False,,True,not_checked,all_snapshots_merge_evidence,True,2026-08-19,,not_extracted,False
data/silver/dosan/building_attrs.json,dosan,silver,building_attrs.json,495715,eb009a645470e19d2350e6e4d1ba59b07d1d3131114178369b32132698fc8041,False,,True,not_checked,fixed_path,True,,,not_extracted,False
data/silver/dosan/expos_units.json,dosan,silver,expos_units.json,133094,0bb8b4e34861a130fe1ea9af1673487ea74230e6cec7bfdc2ad514df1093dbef,False,,True,not_checked,fixed_path,True,,,not_extracted,False
data/gold/dosan/building_vacancy.json,dosan,gold,building_vacancy.json,1006443,f3fb11580db9c399a685a1718355861f80290036b2876b7abd9dcccd59a96be8,False,,True,not_checked,fixed_path,True,,,not_extracted,False
data/gold/dosan/page_building_master.geojson,dosan,gold,page_building_master.geojson,843442,0d85fb1998b80bca006a836b98f6e0e3e8cb18d265d6b0d86e09e93945a53794,True,False,,not_checked,fixed_path,True,,,not_extracted,False
data/gold/dosan/coverage.json,dosan,gold,coverage.json,1687,322a3bcdc446b77cc6708198f14b47d47287409c080c3ad34af23bea673b7346,True,False,,not_checked,fixed_path,True,,2026-09-04T23:29:21,not_extracted,False
data/gold/dosan/calibration.json,dosan,gold,calibration.json,3914,0d452e2f7d0d73260ebe64be79cd64b63b3c5df2d1303d3f35aab688cb94b6f9,True,False,,not_checked,fixed_path,True,,,not_extracted,False
data/gold/dosan/vacant_units.json,dosan,gold,vacant_units.json,12382,87590324b0f7e9b655b5cdba68a17f06a4ac5352bc8f262274c072bb895e47cc,True,False,,not_checked,fixed_path,True,,2026-08-25T04:59:43+00:00,not_extracted,False
data/bronze/euljiro/2026-07-25/bldg_polygons.geojson,euljiro,bronze,bldg_polygons.geojson,4281929,596250d5323b43a9921d52e0e572888f3d9f839b1a81c1ba3176b0628b0d50fa,False,,True,not_checked,latest_lexical_day,True,2026-07-25,,not_extracted,False
data/bronze/euljiro/2026-07-25/stores_raw.json,euljiro,bronze,stores_raw.json,9809533,e5df84dd1f13b5186d92c12405d3532cd62e81c048a79fb53af082b3bd81b78b,False,,True,not_checked,latest_lexical_day,True,2026-07-25,,not_extracted,False
data/bronze/euljiro/2026-07-25/licensing_biz.json,euljiro,bronze,licensing_biz.json,7284370,94fe3379a7eed89d9e012b21528518703e4a1e95cbe0b39693d5cd41624484fe,False,,True,not_checked,latest_lexical_day,False,2026-07-25,,not_extracted,False
data/bronze/euljiro/2026-08-23/licensing_biz.json,euljiro,bronze,licensing_biz.json,11326347,cdc9d05cb36ba2b2fa4b149f454266addfee49c7a13e20abece01d15235e1ae7,False,,True,not_checked,latest_lexical_day,True,2026-08-23,,not_extracted,False
data/bronze/euljiro/2026-07-25/bldg_ledger_raw.json,euljiro,bronze,bldg_ledger_raw.json,739,6bc0da39289dbff1aece65d9c6dcbe297f871f033f581fe62f1613f7e88c547f,False,,True,not_checked,all_snapshots_merge_evidence,True,2026-07-25,,not_extracted,False
data/bronze/euljiro/2026-07-27/bldg_ledger_raw.json,euljiro,bronze,bldg_ledger_raw.json,89480691,c9621526346a400490417605b8643f76eb7422deac89c3ed7dd8a5dd3d854135,False,,True,not_checked,all_snapshots_merge_evidence,True,2026-07-27,,not_extracted,False
data/bronze/euljiro/2026-07-28/bldg_flr_raw.json,euljiro,bronze,bldg_flr_raw.json,10195260,823c7960f68eb361deca1f6020f9a0022e36ae565471bbb41416d75fe172d7eb,False,,True,not_checked,all_snapshots_merge_evidence,True,2026-07-28,,not_extracted,False
data/bronze/euljiro/2026-08-19/bldg_flr_raw.json,euljiro,bronze,bldg_flr_raw.json,30956,a76d5c1a72a2b953345a55ecee17f81c20f3f4716649a9fdbaa9911547e9a96d,False,,True,not_checked,all_snapshots_merge_evidence,True,2026-08-19,,not_extracted,False
data/silver/euljiro/building_attrs.json,euljiro,silver,building_attrs.json,596457,6bdd133131faccd6f78753230f26f78e5cfa43e63a4a10e831284e0144a536d3,False,,True,not_checked,fixed_path,True,,,not_extracted,False
data/silver/euljiro/expos_units.json,euljiro,silver,expos_units.json,610697,8a47530ae9d1e0407bc0cd761bcc4ea896988b6a73c6bc2d8b6c6f2923324261,False,,True,not_checked,fixed_path,True,,,not_extracted,False
data/gold/euljiro/building_vacancy.json,euljiro,gold,building_vacancy.json,1196216,a4484366c145903fb03dd8361418677e2f9b4edc4589975f29d7ec6d93f6fd6c,False,,True,not_checked,fixed_path,True,,,not_extracted,False
data/gold/euljiro/page_building_master.geojson,euljiro,gold,page_building_master.geojson,1308374,44b967986b4b557276e01aa71f57567e5ad519f506192a4251b136236a66f267,True,False,,not_checked,fixed_path,True,,,not_extracted,False
data/gold/euljiro/coverage.json,euljiro,gold,coverage.json,1702,5190c378d723a92e06ebb8f3ea03742c883835e09b07106744adb548b3a5c143,True,False,,not_checked,fixed_path,True,,2026-09-04T23:27:09,not_extracted,False
data/gold/euljiro/calibration.json,euljiro,gold,calibration.json,3986,d53de4b3b81abe7761ad12230e4a811e82b42b021dff5b8ddcaf5246eb416b90,True,False,,not_checked,fixed_path,True,,,not_extracted,False
data/gold/euljiro/vacant_units.json,euljiro,gold,vacant_units.json,12184,778e784c3b449b5882706a50a7595c0ca777d751edf29a0c025d4dc4f5368146,True,False,,not_checked,fixed_path,True,,2026-08-25T04:59:38+00:00,not_extracted,False
data/bronze/gangnam/2026-08-08/bldg_polygons.geojson,gangnam,bronze,bldg_polygons.geojson,2667524,0ba93e66e9e71d8a339437a09de807d8bb2a22163da66fa1defb835fb01b9a53,False,,True,not_checked,latest_lexical_day,True,2026-08-08,,not_extracted,False
data/bronze/gangnam/2026-07-26/stores_raw.json,gangnam,bronze,stores_raw.json,14328595,2ed058729229b6ed28dc2fe83656ec10a5f88e5b1b7dc198902bb76ea420709c,False,,True,not_checked,latest_lexical_day,True,2026-07-26,,not_extracted,False
data/bronze/gangnam/2026-08-08/licensing_biz.json,gangnam,bronze,licensing_biz.json,26197540,5dfbef42a91355b1b821a775957931dea96023e850a671556490b1bdc88e88e5,False,,True,not_checked,latest_lexical_day,False,2026-08-08,,not_extracted,False
data/bronze/gangnam/2026-08-23/licensing_biz.json,gangnam,bronze,licensing_biz.json,44272563,57f820fe072f9fc39d8b9c7bfe9c1fe399dd34ad6568b7e0ef2f7a35c3e64d1e,False,,True,not_checked,latest_lexical_day,True,2026-08-23,,not_extracted,False
data/bronze/gangnam/2026-08-09/bldg_ledger_raw.json,gangnam,bronze,bldg_ledger_raw.json,162540626,cd8b62b4e624f6c819555e337d8deee1f54764fe104010c0ea5249b074c74b6e,False,,True,not_checked,all_snapshots_merge_evidence,True,2026-08-09,,not_extracted,False
data/bronze/gangnam/2026-08-15/bldg_flr_raw.json,gangnam,bronze,bldg_flr_raw.json,10788130,c4278753e01db024e8032f6d022c2aab5a48a42d30fda5b8eeeae2cd9145dd98,False,,True,not_checked,all_snapshots_merge_evidence,True,2026-08-15,,not_extracted,False
data/bronze/gangnam/2026-08-19/bldg_flr_raw.json,gangnam,bronze,bldg_flr_raw.json,119962,5ab4349705d5e069872db6c543f2d0bfb6238fa4f054f14c114c2775b0b15eb7,False,,True,not_checked,all_snapshots_merge_evidence,True,2026-08-19,,not_extracted,False
data/silver/gangnam/building_attrs.json,gangnam,silver,building_attrs.json,404848,10905496389026b532b13fdf5edbf5a26ef0da1487213ec15532746d0d138ddc,False,,True,not_checked,fixed_path,True,,,not_extracted,False
data/silver/gangnam/expos_units.json,gangnam,silver,expos_units.json,494150,48b00a9a944b296b52ff59104c9b4cfa76ab77a8caba1cf5dacc84b3241dd02b,False,,True,not_checked,fixed_path,True,,,not_extracted,False
data/gold/gangnam/building_vacancy.json,gangnam,gold,building_vacancy.json,811030,eb3691af8571339b033b30f1c31aa5057c8a4ad7230eac8e9abafdb636309091,False,,True,not_checked,fixed_path,True,,,not_extracted,False
data/gold/gangnam/page_building_master.geojson,gangnam,gold,page_building_master.geojson,759666,951a8f7abf7da1f7be0f3ecf8741b25096ac487e9b432c273a7a98bb88802192,True,False,,not_checked,fixed_path,True,,,not_extracted,False
data/gold/gangnam/coverage.json,gangnam,gold,coverage.json,1673,214c181a6f051b08aafe9406c13183ef9592ac8bb0eec8ecdb62bac71ecfe08c,True,False,,not_checked,fixed_path,True,,2026-09-04T23:27:35,not_extracted,False
data/gold/gangnam/calibration.json,gangnam,gold,calibration.json,3914,5a63430692c80e7ccf3ff2235a97639c51d8b9954e98cfcbaadee45ab26f3672,True,False,,not_checked,fixed_path,True,,,not_extracted,False
data/gold/gangnam/vacant_units.json,gangnam,gold,vacant_units.json,11418,61ef970289bcc2e380a0b2a09c92e040a2ec4e2460e0d89de397ebc6e65e3496,True,False,,not_checked,fixed_path,True,,2026-08-25T04:59:39+00:00,not_extracted,False
data/bronze/garak/2026-08-08/bldg_polygons.geojson,garak,bronze,bldg_polygons.geojson,485938,e797ad927c192d3d7431f676c4a1b5711bcd54199506bd23d5f8960b10ad6e5c,False,,True,not_checked,latest_lexical_day,True,2026-08-08,,not_extracted,False
data/bronze/garak/2026-07-26/stores_raw.json,garak,bronze,stores_raw.json,1262590,83486d0dd2e01d0c0ab3c64f4e6bda96480892657d6fb28a2d5b11473d02dc15,False,,True,not_checked,latest_lexical_day,True,2026-07-26,,not_extracted,False
data/bronze/garak/2026-08-08/licensing_biz.json,garak,bronze,licensing_biz.json,7841105,4d21021150423274cffcd01a44f500cfc54adef5184a74011f911f1be1feffa6,False,,True,not_checked,latest_lexical_day,False,2026-08-08,,not_extracted,False
data/bronze/garak/2026-08-23/licensing_biz.json,garak,bronze,licensing_biz.json,15140094,e36d63148c14498057ee6f9e6912ec04994215133e6431b4472a6ee477a7a842,False,,True,not_checked,latest_lexical_day,True,2026-08-23,,not_extracted,False
data/bronze/garak/2026-08-08/bldg_ledger_raw.json,garak,bronze,bldg_ledger_raw.json,56855929,1b35eeb4a99833505a7a7c443e787fc9d4e80ac7f1b15ad2aaaad3012f583aac,False,,True,not_checked,all_snapshots_merge_evidence,True,2026-08-08,,not_extracted,False
data/bronze/garak/2026-08-08/bldg_flr_raw.json,garak,bronze,bldg_flr_raw.json,859080,238e75bda55cf373b6c825074a417738610c63376f26690aea54de4003cde25d,False,,True,not_checked,all_snapshots_merge_evidence,True,2026-08-08,,not_extracted,False
data/silver/garak/building_attrs.json,garak,silver,building_attrs.json,20697,a8c8714ad0e9d63f00352b1f2332060e75e4df493db9f978bad112cd463dd784,False,,True,not_checked,fixed_path,True,,,not_extracted,False
data/silver/garak/expos_units.json,garak,silver,expos_units.json,55994,c45f5a3259e69ccb5f7c9747e78871d7fc6d21dbedc51eaf5511e2530774e055,False,,True,not_checked,fixed_path,True,,,not_extracted,False
data/gold/garak/building_vacancy.json,garak,gold,building_vacancy.json,48565,7dd41d85b281cd3d0a02bb2ffce8156c2e000efc023f3c7e287f91ec7ae4a9d8,False,,True,not_checked,fixed_path,True,,,not_extracted,False
data/gold/garak/page_building_master.geojson,garak,gold,page_building_master.geojson,243559,455d4d9ea8396fb5abf0213eb72fc11e98761f0d16b69fe7c9e04b0f19d68ad6,True,False,,not_checked,fixed_path,True,,,not_extracted,False
data/gold/garak/coverage.json,garak,gold,coverage.json,1617,1dcaffe8808527fe43636a6e0c17be5ba09e84000e15839b31f28cf6bb827399,True,False,,not_checked,fixed_path,True,,2026-09-04T23:29:52,not_extracted,False
data/gold/garak/calibration.json,garak,gold,calibration.json,3836,dda0e3db95bc43351d32ed63563acdb1a346388172d95f1b13aab26a6390489c,True,False,,not_checked,fixed_path,True,,,not_extracted,False
data/gold/garak/vacant_units.json,garak,gold,vacant_units.json,2049,30da3bdc9703d1d219851d40be7d78be92631e4f6a039130a3ff267313dc9391,True,False,,not_checked,fixed_path,True,,2026-08-25T04:59:45+00:00,not_extracted,False
data/bronze/garosugil/2026-07-07/bldg_polygons.geojson,garosugil,bronze,bldg_polygons.geojson,1903649,8bd5f7ea04d50aa153c1153c893bd22a67d5aad9b4676a021e2a890493c58f33,False,,True,not_checked,latest_lexical_day,True,2026-07-07,,not_extracted,False
data/bronze/garosugil/2026-07-08/stores_raw.json,garosugil,bronze,stores_raw.json,3574387,7d09081e9611cca2997e21e5b71ec2d594e8c724edee1aab7af4a8a1c7f56fb0,False,,True,not_checked,latest_lexical_day,False,2026-07-08,,not_extracted,False
data/bronze/garosugil/2026-07-19/stores_raw.json,garosugil,bronze,stores_raw.json,6423760,a1113c7f5399dbeeac36d9cd915c0177781a76ad0205021948292a0682edcb0e,False,,True,not_checked,latest_lexical_day,True,2026-07-19,,not_extracted,False
data/bronze/garosugil/2026-07-19/licensing_biz.json,garosugil,bronze,licensing_biz.json,15187655,0e7f04d6724c227bc50c6e1e20ac02e6191951dc5eeac4abab5dddd894ba528e,False,,True,not_checked,latest_lexical_day,False,2026-07-19,,not_extracted,False
data/bronze/garosugil/2026-08-23/licensing_biz.json,garosugil,bronze,licensing_biz.json,27097282,60d7af264886352a7baf40b8d880d2fa63498be9f1c612114fff17732cfc7815,False,,True,not_checked,latest_lexical_day,True,2026-08-23,,not_extracted,False
data/bronze/garosugil/2026-07-08/bldg_ledger_raw.json,garosugil,bronze,bldg_ledger_raw.json,7899276,6e93b9cfdeb2adca3c029a05b72e17533644dfb935fc9e6634805c2a57e1780b,False,,True,not_checked,all_snapshots_merge_evidence,True,2026-07-08,,not_extracted,False
data/bronze/garosugil/2026-07-27/bldg_ledger_raw.json,garosugil,bronze,bldg_ledger_raw.json,33137427,fdf6ca7bd21476cc115fb5676b97a8a8a1938084b760389ef0954381c02ddebb,False,,True,not_checked,all_snapshots_merge_evidence,True,2026-07-27,,not_extracted,False
data/bronze/garosugil/2026-07-19/bldg_flr_raw.json,garosugil,bronze,bldg_flr_raw.json,621892,88dd0a044cf7587b8ca07fd088e6699138e698b1cda314e8f56843db42b9c531,False,,True,not_checked,all_snapshots_merge_evidence,True,2026-07-19,,not_extracted,False
data/bronze/garosugil/2026-07-26/bldg_flr_raw.json,garosugil,bronze,bldg_flr_raw.json,4788297,0d2821a728d71b79f2d6121efdaea5809953c000d47384d7e20ada4c32ee7808,False,,True,not_checked,all_snapshots_merge_evidence,True,2026-07-26,,not_extracted,False
data/bronze/garosugil/2026-07-28/bldg_flr_raw.json,garosugil,bronze,bldg_flr_raw.json,8206992,bcaa766c0aee7c365159d8d15875abe65ce25e062f56ef027363df3bd3015242,False,,True,not_checked,all_snapshots_merge_evidence,True,2026-07-28,,not_extracted,False
data/silver/garosugil/building_attrs.json,garosugil,silver,building_attrs.json,372338,ccc9fe59dd6e9a80c17f31c4387075aacf2b9585085cfbab0ba70bc3a2604209,False,,True,not_checked,fixed_path,True,,,not_extracted,False
data/silver/garosugil/expos_units.json,garosugil,silver,expos_units.json,112614,122a59f6ff1f0fd55db155798550e7951efccf2da85f00fe0dbe2bdd92447296,False,,True,not_checked,fixed_path,True,,,not_extracted,False
data/gold/garosugil/building_vacancy.json,garosugil,gold,building_vacancy.json,751466,c09719476e9806e577a0791b5cd8c694a2bea70a8c8f0dbb608507e2becd98cc,True,False,,not_checked,fixed_path,True,,,not_extracted,False
data/gold/garosugil/page_building_master.geojson,garosugil,gold,page_building_master.geojson,623953,4fbf8cd259f6967361a892e413a6df5f3d850a0b8c39ed4a17445e237b96b8d0,True,False,,not_checked,fixed_path,True,,,not_extracted,False
data/gold/garosugil/coverage.json,garosugil,gold,coverage.json,1698,bf4d6389d24de311a51d3e391ce94f8a77335908335249e3ba14f11b60974d02,True,False,,not_checked,fixed_path,True,,2026-09-04T23:26:34,not_extracted,False
data/gold/garosugil/calibration.json,garosugil,gold,calibration.json,3976,9016776a19cafbe3cfdf074e3e36d0b56aeeb8cf9d65923bee01dd8d2d3b2b4b,True,False,,not_checked,fixed_path,True,,,not_extracted,False
data/gold/garosugil/vacant_units.json,garosugil,gold,vacant_units.json,10786,11f4f60bff59f63c3bf3ab213876f0eef6467ab59305993ad549f4dfc5e2d485,True,False,,not_checked,fixed_path,True,,2026-08-25T04:59:36+00:00,not_extracted,False
data/bronze/gongdeok/2026-08-08/bldg_polygons.geojson,gongdeok,bronze,bldg_polygons.geojson,1360716,9709c6435b4536af5039c612fb5e9124f014eaa041fdbc086af316db08685af8,False,,True,not_checked,latest_lexical_day,True,2026-08-08,,not_extracted,False
data/bronze/gongdeok/2026-07-26/stores_raw.json,gongdeok,bronze,stores_raw.json,3926130,24f11af7aec78dd24711fb22f4e5da8c33cf58253eb4007fa8d6821fcf65d332,False,,True,not_checked,latest_lexical_day,True,2026-07-26,,not_extracted,False
data/bronze/gongdeok/2026-08-08/licensing_biz.json,gongdeok,bronze,licensing_biz.json,4365577,12b811448d86e104afe2acbc9cbc20440eb632c61cdd468506c99690dce39fef,False,,True,not_checked,latest_lexical_day,False,2026-08-08,,not_extracted,False
data/bronze/gongdeok/2026-08-23/licensing_biz.json,gongdeok,bronze,licensing_biz.json,7702002,61a0f5a427acdf0488076e7a4100f2c2a2cd7c9b2140a9bcd6bd44fb6f411e53,False,,True,not_checked,latest_lexical_day,True,2026-08-23,,not_extracted,False
data/bronze/gongdeok/2026-08-08/bldg_ledger_raw.json,gongdeok,bronze,bldg_ledger_raw.json,161324398,26a7cec004b4df35a5240da4057a2293de4646909083d010e5509ccfdb02127f,False,,True,not_checked,all_snapshots_merge_evidence,True,2026-08-08,,not_extracted,False
data/bronze/gongdeok/2026-08-08/bldg_flr_raw.json,gongdeok,bronze,bldg_flr_raw.json,1989066,54a09325b307a376ad9e899ee41a72b22a91127ea2754b4007ed6f9a92cb263f,False,,True,not_checked,all_snapshots_merge_evidence,True,2026-08-08,,not_extracted,False
data/bronze/gongdeok/2026-08-19/bldg_flr_raw.json,gongdeok,bronze,bldg_flr_raw.json,30802,81132bda8e326f66bef0012497c03453dd3bb00488d302d2793a27d8ec92da1e,False,,True,not_checked,all_snapshots_merge_evidence,True,2026-08-19,,not_extracted,False
data/silver/gongdeok/building_attrs.json,gongdeok,silver,building_attrs.json,136989,48a43ff94ef13fbb8c6a06d8cf3c4799f3617995ea01afabd3da5c6789b1010d,False,,True,not_checked,fixed_path,True,,,not_extracted,False
data/silver/gongdeok/expos_units.json,gongdeok,silver,expos_units.json,258693,6111bfea8582e7fbcd9eecb66578b25dbfc6f37fafbef337f530d68839625aad,False,,True,not_checked,fixed_path,True,,,not_extracted,False
data/gold/gongdeok/building_vacancy.json,gongdeok,gold,building_vacancy.json,295058,46604e79c956ee28dfb1ce29898c3855f1c04f91baaeed0a9edc1410de7021f2,False,,True,not_checked,fixed_path,True,,,not_extracted,False
data/gold/gongdeok/page_building_master.geojson,gongdeok,gold,page_building_master.geojson,322973,9debbb2c0b34d1f3b08ae77b985e6b901f506a447a316bc4a1a69ebc7285d65d,True,False,,not_checked,fixed_path,True,,,not_extracted,False
data/gold/gongdeok/coverage.json,gongdeok,gold,coverage.json,1680,53002aeda53da24a962d6e53ac82f69270468d9f4f1e84e7cc9e74a2c7cc3c69,True,False,,not_checked,fixed_path,True,,2026-09-04T23:29:55,not_extracted,False
data/gold/gongdeok/calibration.json,gongdeok,gold,calibration.json,3970,d41d0718308f119837dd687e7743980557548a1b9442e5d2f51e92e1a04e81b4,True,False,,not_checked,fixed_path,True,,,not_extracted,False
data/gold/gongdeok/vacant_units.json,gongdeok,gold,vacant_units.json,3492,1b3e1568756cd526de88133d6de77b82940249f43ea0daf851ff59b9ae4927b4,True,False,,not_checked,fixed_path,True,,2026-08-25T04:59:45+00:00,not_extracted,False
data/bronze/gunja/2026-08-08/bldg_polygons.geojson,gunja,bronze,bldg_polygons.geojson,3128463,c993255306d7a4896d12e21cb3d27abef334f0360597fec4d5092a7c5d32a686,False,,True,not_checked,latest_lexical_day,True,2026-08-08,,not_extracted,False
data/bronze/gunja/2026-07-26/stores_raw.json,gunja,bronze,stores_raw.json,2825726,455527fba234dba910440a5d5c3ebfc6df73bbada92a61b934c6d21947f28f25,False,,True,not_checked,latest_lexical_day,True,2026-07-26,,not_extracted,False
data/bronze/gunja/2026-08-08/licensing_biz.json,gunja,bronze,licensing_biz.json,3909263,1531d04d5f470089b02af24feec79fa6c0534da4b56f2c2f3d379c55281bf202,False,,True,not_checked,latest_lexical_day,False,2026-08-08,,not_extracted,False
data/bronze/gunja/2026-08-23/licensing_biz.json,gunja,bronze,licensing_biz.json,7136431,5f468d3631a6fb38b33f16da5778f8c636e4f81c8f20fb2a109c3aed469e25a3,False,,True,not_checked,latest_lexical_day,True,2026-08-23,,not_extracted,False
data/bronze/gunja/2026-08-15/bldg_ledger_raw.json,gunja,bronze,bldg_ledger_raw.json,2,44136fa355b3678a1146ad16f7e8649e94fb4fc21fe77e8310c060f61caaff8a,False,,True,not_checked,all_snapshots_merge_evidence,True,2026-08-15,,not_extracted,False
data/bronze/gunja/2026-08-16/bldg_ledger_raw.json,gunja,bronze,bldg_ledger_raw.json,8902041,3a37c9ae07789f7e87ad2754a14442a3ab5728512e731d3bfc23e66969a1baac,False,,True,not_checked,all_snapshots_merge_evidence,True,2026-08-16,,not_extracted,False
data/bronze/gunja/2026-08-16/bldg_flr_raw.json,gunja,bronze,bldg_flr_raw.json,2870654,7c5985e4bce8b4047a4dd74738799b7a25c09adf06d76068b3fc8efdc93e9c5b,False,,True,not_checked,all_snapshots_merge_evidence,True,2026-08-16,,not_extracted,False
data/bronze/gunja/2026-08-19/bldg_flr_raw.json,gunja,bronze,bldg_flr_raw.json,10587,116ee1ec2ef82cd0fc9d9e70508f7d1d2fce3df9838662249d8d2205a1e156bd,False,,True,not_checked,all_snapshots_merge_evidence,True,2026-08-19,,not_extracted,False
data/silver/gunja/building_attrs.json,gunja,silver,building_attrs.json,238395,d6964ebe57069e804dba8571b62c0829480e5706de10bedcffa30a7d551f6d31,False,,True,not_checked,fixed_path,True,,,not_extracted,False
data/silver/gunja/expos_units.json,gunja,silver,expos_units.json,31051,46e52dbb688d9054d0c75200b17585515abea90045386bdba493288283c9aeaf,False,,True,not_checked,fixed_path,True,,,not_extracted,False
data/gold/gunja/building_vacancy.json,gunja,gold,building_vacancy.json,475544,095a48bf5d758ec9a78d1d5d563ff998c5d355c07753a0347e95013e2f3eb0aa,False,,True,not_checked,fixed_path,True,,,not_extracted,False
data/gold/gunja/page_building_master.geojson,gunja,gold,page_building_master.geojson,311364,e7b683409775f647d35ed35148e719db3cf4019528e8eb75f077a10ffd5c5f8c,True,False,,not_checked,fixed_path,True,,,not_extracted,False
data/gold/gunja/coverage.json,gunja,gold,coverage.json,1677,0259ac75fc559ec3fd61497bed78f82d139c03fba5e85b64afc916730f91a168,True,False,,not_checked,fixed_path,True,,2026-09-04T23:29:58,not_extracted,False
data/gold/gunja/calibration.json,gunja,gold,calibration.json,3965,d18e0dfb92f8c9a7fdc81231c30d0b184c0321a2a3c7ccef93ce26ca6e59828c,True,False,,not_checked,fixed_path,True,,,not_extracted,False
data/gold/gunja/vacant_units.json,gunja,gold,vacant_units.json,10498,c0b82633b23cc3c4376ef702fcbdd2373e93bd28b1aa904adbe6c192127e0ee1,True,False,,not_checked,fixed_path,True,,2026-08-25T04:59:45+00:00,not_extracted,False
data/bronze/gwangjang/2026-08-08/bldg_polygons.geojson,gwangjang,bronze,bldg_polygons.geojson,3827869,44240f71b3a6f72219df22b54dbd59335c1ade2c0f14a58072451fbe1c5e5605,False,,True,not_checked,latest_lexical_day,True,2026-08-08,,not_extracted,False
data/bronze/gwangjang/2026-07-26/stores_raw.json,gwangjang,bronze,stores_raw.json,5226944,e35ac0755fd56c309e9ecb8299d11f01621c6f5a6e701bb558a182112034e319,False,,True,not_checked,latest_lexical_day,True,2026-07-26,,not_extracted,False
data/bronze/gwangjang/2026-08-08/licensing_biz.json,gwangjang,bronze,licensing_biz.json,4311876,62911c9b6a862814ece34328a65a2a0fc08696b244477df0706213872c32f017,False,,True,not_checked,latest_lexical_day,False,2026-08-08,,not_extracted,False
data/bronze/gwangjang/2026-08-23/licensing_biz.json,gwangjang,bronze,licensing_biz.json,7285928,7882d73a54598613ac2027bad767d7013ebd105fb11aac8ffa7bfc8f519c8d0f,False,,True,not_checked,latest_lexical_day,True,2026-08-23,,not_extracted,False
data/bronze/gwangjang/2026-08-09/bldg_ledger_raw.json,gwangjang,bronze,bldg_ledger_raw.json,61651808,1b0e8ab4c791379f5226f588f57d1503b237ba7143998347e8fdd7b25c22a162,False,,True,not_checked,all_snapshots_merge_evidence,True,2026-08-09,,not_extracted,False
data/bronze/gwangjang/2026-08-15/bldg_flr_raw.json,gwangjang,bronze,bldg_flr_raw.json,6084490,b6dfda6f2e5cbb2fda12562388f078270a5320543ea27a1f4d6c9726c2048610,False,,True,not_checked,all_snapshots_merge_evidence,True,2026-08-15,,not_extracted,False
data/bronze/gwangjang/2026-08-19/bldg_flr_raw.json,gwangjang,bronze,bldg_flr_raw.json,140906,8d05244af7dd96dbea27ecf6c6befe710bc9b542e50af8b9f21b7fe5beba1de3,False,,True,not_checked,all_snapshots_merge_evidence,True,2026-08-19,,not_extracted,False
data/silver/gwangjang/building_attrs.json,gwangjang,silver,building_attrs.json,419923,cba77418b49f2e5b5d01d9b3c80b3f85e95525b32863cb6aa384c5fe13a1cad3,False,,True,not_checked,fixed_path,True,,,not_extracted,False
data/silver/gwangjang/expos_units.json,gwangjang,silver,expos_units.json,798739,d9c0031356d8603d48c6c05e660052201b32b5a16f34273f21bb10cdbfc9fc99,False,,True,not_checked,fixed_path,True,,,not_extracted,False
data/gold/gwangjang/building_vacancy.json,gwangjang,gold,building_vacancy.json,888143,bd45c780c77513d298072f47807cc398be441e04705d2e0d839102e761e4dbb1,False,,True,not_checked,fixed_path,True,,,not_extracted,False
data/gold/gwangjang/page_building_master.geojson,gwangjang,gold,page_building_master.geojson,1131111,f438c5f6578ba2f53c72556131439cd818b733e8ffe4d580cd68022fcd61da88,True,False,,not_checked,fixed_path,True,,,not_extracted,False
data/gold/gwangjang/coverage.json,gwangjang,gold,coverage.json,1708,edce1163638bfcaf6e1bd32f5f9466d0db625a63a3a4c64607ae0c4b9361143d,True,False,,not_checked,fixed_path,True,,2026-09-04T23:27:47,not_extracted,False
data/gold/gwangjang/calibration.json,gwangjang,gold,calibration.json,3908,489803a1a467d561b763781892f6b2d5e5ab4639547a6e4509467242f80a16ca,True,False,,not_checked,fixed_path,True,,,not_extracted,False
data/gold/gwangjang/vacant_units.json,gwangjang,gold,vacant_units.json,11582,782215ec4a7132f6bc1cdd377316210120e44a5d45f66ee61634ae3557916705,True,False,,not_checked,fixed_path,True,,2026-08-25T04:59:40+00:00,not_extracted,False
data/bronze/hannam/2026-07-25/bldg_polygons.geojson,hannam,bronze,bldg_polygons.geojson,4416879,30294f59685372dbf20e08e22ccc3ac4fc8b896aa66f26c6d1ff2387c18ca192,False,,True,not_checked,latest_lexical_day,True,2026-07-25,,not_extracted,False
data/bronze/hannam/2026-07-25/stores_raw.json,hannam,bronze,stores_raw.json,3103131,ee9906b978b646bfec3bf54e00c36ca4a5aaefe7c466d9876ca42bbf8f130f65,False,,True,not_checked,latest_lexical_day,True,2026-07-25,,not_extracted,False
data/bronze/hannam/2026-07-25/licensing_biz.json,hannam,bronze,licensing_biz.json,4041017,dc7dbf1a59c831c7f870c768c51fb38cedf91cb905439fdbed006a3b199a181f,False,,True,not_checked,latest_lexical_day,False,2026-07-25,,not_extracted,False
data/bronze/hannam/2026-08-23/licensing_biz.json,hannam,bronze,licensing_biz.json,5926377,2b7f04b38c7801095c190304e3a1a850203bedda33848964ef981e08662bd424,False,,True,not_checked,latest_lexical_day,True,2026-08-23,,not_extracted,False
data/bronze/hannam/2026-07-25/bldg_ledger_raw.json,hannam,bronze,bldg_ledger_raw.json,9220096,293a64f142c83d104f0d373c29ce41dfa7e9bb85362b581e3429eb48f1339fb7,False,,True,not_checked,all_snapshots_merge_evidence,True,2026-07-25,,not_extracted,False
data/bronze/hannam/2026-07-27/bldg_ledger_raw.json,hannam,bronze,bldg_ledger_raw.json,9220096,293a64f142c83d104f0d373c29ce41dfa7e9bb85362b581e3429eb48f1339fb7,False,,True,not_checked,all_snapshots_merge_evidence,True,2026-07-27,,not_extracted,False
data/bronze/hannam/2026-07-26/bldg_flr_raw.json,hannam,bronze,bldg_flr_raw.json,3483284,5daaf253dd14bb8cc18d85555a0b7c07209f38b6956c7cd73f99e290472e3c01,False,,True,not_checked,all_snapshots_merge_evidence,True,2026-07-26,,not_extracted,False
data/bronze/hannam/2026-08-19/bldg_flr_raw.json,hannam,bronze,bldg_flr_raw.json,45792,012e49dc762d6549e11d61170eaa52751a51c44d30bd33d2116d82997a0b211a,False,,True,not_checked,all_snapshots_merge_evidence,True,2026-08-19,,not_extracted,False
data/silver/hannam/building_attrs.json,hannam,silver,building_attrs.json,255476,8eefe2b997150cd413f613bd358b8f6a4e7769bfa50eb43c219939288b4f865f,False,,True,not_checked,fixed_path,True,,,not_extracted,False
data/silver/hannam/expos_units.json,hannam,silver,expos_units.json,35169,2a0f788e9217a21e7239d5d82713bac798dfd9637fd18d7fdb972530e46effe7,False,,True,not_checked,fixed_path,True,,,not_extracted,False
data/gold/hannam/building_vacancy.json,hannam,gold,building_vacancy.json,516550,750a8581fb60ae794cfd70d56385036a4c71210b645d4f7a524834e0c2cbc0cd,False,,True,not_checked,fixed_path,True,,,not_extracted,False
data/gold/hannam/page_building_master.geojson,hannam,gold,page_building_master.geojson,500202,82d379989af62c42b04e3b879522e8608e87e8ddcd3b0c93765fd8ab03d4722a,True,False,,not_checked,fixed_path,True,,,not_extracted,False
data/gold/hannam/coverage.json,hannam,gold,coverage.json,1697,35150b8f3f507cfb0b36b27312ce656b8fd2b008e04b87aef57fe921e18c80fe,True,False,,not_checked,fixed_path,True,,2026-09-04T23:27:20,not_extracted,False
data/gold/hannam/calibration.json,hannam,gold,calibration.json,3974,ea05fd1b92effec33bf103ad8fc78ca46592fc8d43a8b0499136fbde64e16f27,True,False,,not_checked,fixed_path,True,,,not_extracted,False
data/gold/hannam/vacant_units.json,hannam,gold,vacant_units.json,11338,0e4827751e6fe73889dac822846a20a5615226c9995b1712ab0a3fb8efd15825,True,False,,not_checked,fixed_path,True,,2026-08-25T04:59:39+00:00,not_extracted,False
data/bronze/hapjeong/2026-08-08/bldg_polygons.geojson,hapjeong,bronze,bldg_polygons.geojson,1033621,2424830c86d72080d8ed512e252da5689ccbad510e44c8ea9757ff31bce56368,False,,True,not_checked,latest_lexical_day,True,2026-08-08,,not_extracted,False
data/bronze/hapjeong/2026-07-26/stores_raw.json,hapjeong,bronze,stores_raw.json,2993030,4f36488c06c46991a956be6a5934d69eed6b505b4d0c5dcf855948221d3751c8,False,,True,not_checked,latest_lexical_day,True,2026-07-26,,not_extracted,False
data/bronze/hapjeong/2026-08-08/licensing_biz.json,hapjeong,bronze,licensing_biz.json,7836314,59ecbe291000abea7bf66ce8fb6d3ba03a7b61f575bd6f2325a653273c502cda,False,,True,not_checked,latest_lexical_day,False,2026-08-08,,not_extracted,False
data/bronze/hapjeong/2026-08-23/licensing_biz.json,hapjeong,bronze,licensing_biz.json,11921885,9c20fe01641fa6b47b7eecd9ddffdf087e3aa0bd45d557db4c88ccc189115d4f,False,,True,not_checked,latest_lexical_day,True,2026-08-23,,not_extracted,False
data/bronze/hapjeong/2026-08-09/bldg_ledger_raw.json,hapjeong,bronze,bldg_ledger_raw.json,34677960,8025853eefadbe83541af900c6f38dd9fa303105b2bf2f8fc980bce9201a5abc,False,,True,not_checked,all_snapshots_merge_evidence,True,2026-08-09,,not_extracted,False
data/bronze/hapjeong/2026-08-15/bldg_flr_raw.json,hapjeong,bronze,bldg_flr_raw.json,2646337,61d78ebdd525698bf0a1b42d69aa1942c668caf24dfc7967a726bfe523c3a564,False,,True,not_checked,all_snapshots_merge_evidence,True,2026-08-15,,not_extracted,False
data/bronze/hapjeong/2026-08-19/bldg_flr_raw.json,hapjeong,bronze,bldg_flr_raw.json,56397,063f6e83e716dc56efa9cfcae26181b30d2666c19f8b2253e8b3fe4f15d45049,False,,True,not_checked,all_snapshots_merge_evidence,True,2026-08-19,,not_extracted,False
data/silver/hapjeong/building_attrs.json,hapjeong,silver,building_attrs.json,188351,be1f5c5fc096f94b8d6c449095988169fefc098e21ba427a804d5b9fe0c779a9,False,,True,not_checked,fixed_path,True,,,not_extracted,False
data/silver/hapjeong/expos_units.json,hapjeong,silver,expos_units.json,101047,b52c75a7e666f0f7667e9226f30b8d219bc682321f1f37b5fa47510260ab6563,False,,True,not_checked,fixed_path,True,,,not_extracted,False
data/gold/hapjeong/building_vacancy.json,hapjeong,gold,building_vacancy.json,391099,597928ead99cc8f6b70f835944180745c009b772e20d456a9dfa298400bb9b2e,False,,True,not_checked,fixed_path,True,,,not_extracted,False
data/gold/hapjeong/page_building_master.geojson,hapjeong,gold,page_building_master.geojson,210048,894b97d415cb6bbe9287b9037d3ee4d80c47efa56525c387a79320dd4a3bca7c,True,False,,not_checked,fixed_path,True,,,not_extracted,False
data/gold/hapjeong/coverage.json,hapjeong,gold,coverage.json,1676,ce1695fccaa083864c4d9bd0933538a59984927c3884fb5c096b62c55fbab54f,True,False,,not_checked,fixed_path,True,,2026-09-04T23:27:37,not_extracted,False
data/gold/hapjeong/calibration.json,hapjeong,gold,calibration.json,3977,0e211f50f9ae6852b6779767ff7765fdd3ce59264dfee20ab1de26d06892ef77,True,False,,not_checked,fixed_path,True,,,not_extracted,False
data/gold/hapjeong/vacant_units.json,hapjeong,gold,vacant_units.json,5141,0dd08808f084f627a775120679edeb7f52d893aaa782ea2c5d671c0a36ed7052,True,False,,not_checked,fixed_path,True,,2026-08-25T04:59:39+00:00,not_extracted,False
data/bronze/hongdae/2026-07-25/bldg_polygons.geojson,hongdae,bronze,bldg_polygons.geojson,3368425,ca8272c6ad118e22d56081ba2dba2c0e2aa0d964d850c187e3afa5bb2eede630,False,,True,not_checked,latest_lexical_day,True,2026-07-25,,not_extracted,False
data/bronze/hongdae/2026-07-25/stores_raw.json,hongdae,bronze,stores_raw.json,9430568,54af68a0eb6c1aafa55972cb6887946a19096977896615fc991b5159a6d9dc6a,False,,True,not_checked,latest_lexical_day,True,2026-07-25,,not_extracted,False
data/bronze/hongdae/2026-07-25/licensing_biz.json,hongdae,bronze,licensing_biz.json,13227927,916bc9154c0187e1d9b4d236fcd77b25233b14f811a4a114a3844cf34a04d54b,False,,True,not_checked,latest_lexical_day,False,2026-07-25,,not_extracted,False
data/bronze/hongdae/2026-08-23/licensing_biz.json,hongdae,bronze,licensing_biz.json,21140319,8709d400062983464784609df8584ec131fd62a7053afc194a678f8cfde79ccf,False,,True,not_checked,latest_lexical_day,True,2026-08-23,,not_extracted,False
data/bronze/hongdae/2026-07-25/bldg_ledger_raw.json,hongdae,bronze,bldg_ledger_raw.json,739,d1dc097a28b2a7915d644f92ccc23e7dd717bfbbb4c864816370df7b0c9984a2,False,,True,not_checked,all_snapshots_merge_evidence,True,2026-07-25,,not_extracted,False
data/bronze/hongdae/2026-07-27/bldg_ledger_raw.json,hongdae,bronze,bldg_ledger_raw.json,40464776,c61cddca26d67bf6a18e2f5361cf6fc8a4a85a022cab1a44188272764a088122,False,,True,not_checked,all_snapshots_merge_evidence,True,2026-07-27,,not_extracted,False
data/bronze/hongdae/2026-07-28/bldg_flr_raw.json,hongdae,bronze,bldg_flr_raw.json,10247410,32769d82874330941fc47c9c3c3c02afe26ba5a3fd5eaecc0f1ff5761945db04,False,,True,not_checked,all_snapshots_merge_evidence,True,2026-07-28,,not_extracted,False
data/bronze/hongdae/2026-08-19/bldg_flr_raw.json,hongdae,bronze,bldg_flr_raw.json,53987,d5083bcbc7421287b70e962ced0a39a21200b98016a8b840e9db1cc35d8776c2,False,,True,not_checked,all_snapshots_merge_evidence,True,2026-08-19,,not_extracted,False
data/silver/hongdae/building_attrs.json,hongdae,silver,building_attrs.json,623642,79262e35b4b7cfe66a88d00c3b600eac3cd5ec1346f6d2e201d186232d77cf20,False,,True,not_checked,fixed_path,True,,,not_extracted,False
data/silver/hongdae/expos_units.json,hongdae,silver,expos_units.json,281591,c6247e47cf3de4886a3687cabfba9861bf9edc6c2afa6d3d7b872b4e96631faa,False,,True,not_checked,fixed_path,True,,,not_extracted,False
data/gold/hongdae/building_vacancy.json,hongdae,gold,building_vacancy.json,1295639,73ca402a7e3f604c604a36065b923b66d86885f51f9d6d85517131df5a96db9c,False,,True,not_checked,fixed_path,True,,,not_extracted,False
data/gold/hongdae/page_building_master.geojson,hongdae,gold,page_building_master.geojson,972609,9c4f38b2809a485f1f6cf710960f5f1d48b321e9b8eaf44a452dab69eb94ba24,True,False,,not_checked,fixed_path,True,,,not_extracted,False
data/gold/hongdae/coverage.json,hongdae,gold,coverage.json,1687,b8fc1fe7213433fef4db8a613ebc08c79092a0e880612c93e903e7c4723ecda2,True,False,,not_checked,fixed_path,True,,2026-09-04T23:26:46,not_extracted,False
data/gold/hongdae/calibration.json,hongdae,gold,calibration.json,3984,bf3dd5d87c2a00704f6124e6f390cc4438c633a0271a5d8e1671ea9c9efd6663,True,False,,not_checked,fixed_path,True,,,not_extracted,False
data/gold/hongdae/vacant_units.json,hongdae,gold,vacant_units.json,10983,9ed45c4881ed9e6f0ff9f0da12aeed3ad5b212722bc97edff9aaf61fee3c7398,True,False,,not_checked,fixed_path,True,,2026-08-25T04:59:36+00:00,not_extracted,False
data/bronze/hwagok/2026-08-30/bldg_polygons.geojson,hwagok,bronze,bldg_polygons.geojson,4219468,6e14e05a518e297e28193dcad1640e683fa9e0857b46b1dc743db8811704b674,False,,True,not_checked,latest_lexical_day,True,2026-08-30,,not_extracted,False
data/bronze/hwagok/2026-08-30/stores_raw.json,hwagok,bronze,stores_raw.json,2988706,b4296dc40bba2b47f9fff297c88bc8db7ce338d0db29bdfb974a24a832a47b79,False,,True,not_checked,latest_lexical_day,True,2026-08-30,,not_extracted,False
data/bronze/hwagok/2026-08-31/bldg_ledger_raw.json,hwagok,bronze,bldg_ledger_raw.json,15511683,2ab2c5f893ea3a52df4a268dbb4d680510f6410ad8e7cc178827496956dd25c6,False,,True,not_checked,all_snapshots_merge_evidence,True,2026-08-31,,not_extracted,False
data/bronze/hwagok/2026-08-31/bldg_flr_raw.json,hwagok,bronze,bldg_flr_raw.json,2608300,53a1a11afc7366cc1191ae62ecac1f63df37607244119f420c2c7fb949259dda,False,,True,not_checked,all_snapshots_merge_evidence,True,2026-08-31,,not_extracted,False
data/silver/hwagok/building_attrs.json,hwagok,silver,building_attrs.json,213748,446b8f4dd015f841fffb06026ea3bdd7b2e84e57d9a3071fd53b20a4b6300ab7,False,,True,not_checked,fixed_path,True,,,not_extracted,False
data/gold/hwagok/building_vacancy.json,hwagok,gold,building_vacancy.json,482425,c11d7ee98877dae05fb0c500e471bfb854e9ae5a87e7b2e059bd58f623cd1354,False,,True,not_checked,fixed_path,True,,,not_extracted,False
data/gold/hwagok/page_building_master.geojson,hwagok,gold,page_building_master.geojson,395475,70f95b349f46d2c427f357a0e3c63dc9ee49326ef34e3ef946a7ddfed321999d,True,False,,not_checked,fixed_path,True,,,not_extracted,False
data/gold/hwagok/coverage.json,hwagok,gold,coverage.json,1680,33e6efee1bed1ec52abc5b0303b8c776777f4d26177e7d9f34bb92790e9acf83,True,False,,not_checked,fixed_path,True,,2026-09-04T23:30:25,not_extracted,False
data/gold/hwagok/calibration.json,hwagok,gold,calibration.json,3970,f7c9d43e0b7ecab88b171763f9d469ecb3fbfd671218fa14c026c96954e9af6c,True,False,,not_checked,fixed_path,True,,,not_extracted,False
data/gold/hwagok/vacant_units.json,hwagok,gold,vacant_units.json,10556,7b3f92c194d92f4fad8947b460b12c8b46d8691ce77731153deaa8f3f4b14c4e,True,False,,not_checked,fixed_path,True,,2026-08-31T14:52:22+00:00,not_extracted,False
data/bronze/hyehwa/2026-08-08/bldg_polygons.geojson,hyehwa,bronze,bldg_polygons.geojson,3516543,dbb33928ab48725ee380c6fc44dde6d357de4615cc04389958679aacf47172aa,False,,True,not_checked,latest_lexical_day,True,2026-08-08,,not_extracted,False
data/bronze/hyehwa/2026-07-26/stores_raw.json,hyehwa,bronze,stores_raw.json,2654622,0e83fbab4f234b7dea7ed886816dffd6b3c763c8aeb2df8e318988ec9caba553,False,,True,not_checked,latest_lexical_day,True,2026-07-26,,not_extracted,False
data/bronze/hyehwa/2026-08-08/licensing_biz.json,hyehwa,bronze,licensing_biz.json,2561350,71b6e79640e612630556b150cd2e3139fdd337604e18d0f28b8f74c12d9eb43b,False,,True,not_checked,latest_lexical_day,False,2026-08-08,,not_extracted,False
data/bronze/hyehwa/2026-08-23/licensing_biz.json,hyehwa,bronze,licensing_biz.json,3616384,4f20fdf7542ba0fc196886a076e20f64effe812c2d1c15710da55e0f981076f1,False,,True,not_checked,latest_lexical_day,True,2026-08-23,,not_extracted,False
data/bronze/hyehwa/2026-08-15/bldg_ledger_raw.json,hyehwa,bronze,bldg_ledger_raw.json,2,44136fa355b3678a1146ad16f7e8649e94fb4fc21fe77e8310c060f61caaff8a,False,,True,not_checked,all_snapshots_merge_evidence,True,2026-08-15,,not_extracted,False
data/bronze/hyehwa/2026-08-16/bldg_ledger_raw.json,hyehwa,bronze,bldg_ledger_raw.json,2,44136fa355b3678a1146ad16f7e8649e94fb4fc21fe77e8310c060f61caaff8a,False,,True,not_checked,all_snapshots_merge_evidence,True,2026-08-16,,not_extracted,False
data/bronze/hyehwa/2026-08-17/bldg_ledger_raw.json,hyehwa,bronze,bldg_ledger_raw.json,5855530,97c533ee38c453513a38492a4994c412982c7758da859185d464dc5f013b88ca,False,,True,not_checked,all_snapshots_merge_evidence,True,2026-08-17,,not_extracted,False
data/bronze/hyehwa/2026-08-17/bldg_flr_raw.json,hyehwa,bronze,bldg_flr_raw.json,3223859,ec2c19050df35ead7e2b9b7dcccf9dc07493505c328aa218a92c0e4ce1f2c583,False,,True,not_checked,all_snapshots_merge_evidence,True,2026-08-17,,not_extracted,False
data/bronze/hyehwa/2026-08-19/bldg_flr_raw.json,hyehwa,bronze,bldg_flr_raw.json,38301,bfc8d5cad3ac6bf4c2124016a2100e48237fe5f9c122d96924cceff64f389347,False,,True,not_checked,all_snapshots_merge_evidence,True,2026-08-19,,not_extracted,False
data/silver/hyehwa/building_attrs.json,hyehwa,silver,building_attrs.json,270403,4cd918dce22c8874d3388615d284b4aaf4431e8807129971dc2999e7ac132c84,False,,True,not_checked,fixed_path,True,,,not_extracted,False
data/silver/hyehwa/expos_units.json,hyehwa,silver,expos_units.json,55142,665763221a54c53d0b5b0cb2eb8964f74185c8dad2f4f03ba49ff9eca65200db,False,,True,not_checked,fixed_path,True,,,not_extracted,False
data/gold/hyehwa/building_vacancy.json,hyehwa,gold,building_vacancy.json,539190,8f9a329ecb18dfb75a6b9d5ad5cf16c8b50f53960b40668618a4e27d4fa237cb,False,,True,not_checked,fixed_path,True,,,not_extracted,False
data/gold/hyehwa/page_building_master.geojson,hyehwa,gold,page_building_master.geojson,601804,b86912540e15713a3f2b2ad9c721861a0fbb1bf2d30ab810b04ffc92829aab68,True,False,,not_checked,fixed_path,True,,,not_extracted,False
data/gold/hyehwa/coverage.json,hyehwa,gold,coverage.json,1694,e93c141521d4001830fb6518c17ab75ef7434afa80cb585ca44e7f151e85926a,True,False,,not_checked,fixed_path,True,,2026-09-04T23:30:19,not_extracted,False
data/gold/hyehwa/calibration.json,hyehwa,gold,calibration.json,3836,806d6f073aa971d757b7fee97c353d9c650dcb6ee8086781fa52bb03f4dd3d68,True,False,,not_checked,fixed_path,True,,,not_extracted,False
data/gold/hyehwa/vacant_units.json,hyehwa,gold,vacant_units.json,10677,e8cf1239cdde024ca14c93c81d5682b538d01d6092d09d392e80bf6d20d3915c,True,False,,not_checked,fixed_path,True,,2026-08-25T04:59:46+00:00,not_extracted,False
data/bronze/ikseon/2026-07-25/bldg_polygons.geojson,ikseon,bronze,bldg_polygons.geojson,3327842,9a6cf7bdaf5f43bcfc95c53da805bf7afb4d789034b1f6554eb8e04cbfe5a0aa,False,,True,not_checked,latest_lexical_day,True,2026-07-25,,not_extracted,False
data/bronze/ikseon/2026-07-25/stores_raw.json,ikseon,bronze,stores_raw.json,7043872,4895d5c503f1bdb31914b47022b9cf605a964bb9680e5dfbb88187968833b824,False,,True,not_checked,latest_lexical_day,True,2026-07-25,,not_extracted,False
data/bronze/ikseon/2026-07-25/licensing_biz.json,ikseon,bronze,licensing_biz.json,4463642,2ff47df7cb10b731609de570cb174546cbf4da6dfa1aaeb118a4860615a48ad4,False,,True,not_checked,latest_lexical_day,False,2026-07-25,,not_extracted,False
data/bronze/ikseon/2026-08-23/licensing_biz.json,ikseon,bronze,licensing_biz.json,6517997,25aaf09f89148c7305fb684e1c5cda4d5abb8231331fa641e16de6f77a0b7133,False,,True,not_checked,latest_lexical_day,True,2026-08-23,,not_extracted,False
data/bronze/ikseon/2026-07-25/bldg_ledger_raw.json,ikseon,bronze,bldg_ledger_raw.json,739,a4c659c7382b8b56de65ae80940f97434aecb29085abe19dca81451c0c4f036a,False,,True,not_checked,all_snapshots_merge_evidence,True,2026-07-25,,not_extracted,False
data/bronze/ikseon/2026-07-26/bldg_ledger_raw.json,ikseon,bronze,bldg_ledger_raw.json,40274758,5c7d1cb2ced01f2abca400bd64c3751007d070ae6db8e9f2813dd297bd263cfd,False,,True,not_checked,all_snapshots_merge_evidence,True,2026-07-26,,not_extracted,False
data/bronze/ikseon/2026-07-27/bldg_ledger_raw.json,ikseon,bronze,bldg_ledger_raw.json,40274758,5c7d1cb2ced01f2abca400bd64c3751007d070ae6db8e9f2813dd297bd263cfd,False,,True,not_checked,all_snapshots_merge_evidence,True,2026-07-27,,not_extracted,False
data/bronze/ikseon/2026-07-26/bldg_flr_raw.json,ikseon,bronze,bldg_flr_raw.json,7889351,9900e761da49bb591434d210c2bf89ddc1ecd221e2c1b2e6d71b8c5872238ea2,False,,True,not_checked,all_snapshots_merge_evidence,True,2026-07-26,,not_extracted,False
data/bronze/ikseon/2026-08-19/bldg_flr_raw.json,ikseon,bronze,bldg_flr_raw.json,38797,ebd7130f6b696d4a584bfde8267d49103fcb8e064e0ebd69cc2450b2b5b43f3c,False,,True,not_checked,all_snapshots_merge_evidence,True,2026-08-19,,not_extracted,False
data/silver/ikseon/building_attrs.json,ikseon,silver,building_attrs.json,547338,c4b3cb15b21c7e8e48ddea21a23e435bdfec6394a2414e1b77e762892ceba7dc,False,,True,not_checked,fixed_path,True,,,not_extracted,False
data/silver/ikseon/expos_units.json,ikseon,silver,expos_units.json,435997,c4102a6952d334f48a2a6adbba7b090f09967e23c59e5983fd2605da2e800c15,False,,True,not_checked,fixed_path,True,,,not_extracted,False
data/gold/ikseon/building_vacancy.json,ikseon,gold,building_vacancy.json,1166109,de53c6034148fadd12fd8c648e7d440aecf86404d6061a10c172539d3faf3df4,False,,True,not_checked,fixed_path,True,,,not_extracted,False
data/gold/ikseon/page_building_master.geojson,ikseon,gold,page_building_master.geojson,1211860,84637aa6042483c57f9b3a9a446ddd856ee813e1126c351a5fcd4ff8c77fa9cc,True,False,,not_checked,fixed_path,True,,,not_extracted,False
data/gold/ikseon/coverage.json,ikseon,gold,coverage.json,1691,cd29b0d14ddac7341df65189ae509db7b894622bbbb6c6f40983c82d150c2361,True,False,,not_checked,fixed_path,True,,2026-09-04T23:26:59,not_extracted,False
data/gold/ikseon/calibration.json,ikseon,gold,calibration.json,3771,8d59ff7ba1c592234f0385d349eb18abb6ef60a7fdca88b5bb5f53147f19d6de,True,False,,not_checked,fixed_path,True,,,not_extracted,False
data/gold/ikseon/vacant_units.json,ikseon,gold,vacant_units.json,11781,b6822b3fc847c1fea6a89d16ea7aa192157a4b2c0e0ef7b44d0cffaaa151a4a8,True,False,,not_checked,fixed_path,True,,2026-08-25T04:59:37+00:00,not_extracted,False
data/bronze/itaewon/2026-07-25/bldg_polygons.geojson,itaewon,bronze,bldg_polygons.geojson,5201573,02b6102eb7163534459d74a5354093229322dc97316780366bcd36a8a9396606,False,,True,not_checked,latest_lexical_day,True,2026-07-25,,not_extracted,False
data/bronze/itaewon/2026-07-25/stores_raw.json,itaewon,bronze,stores_raw.json,3686566,7f190814c711cc675938832b160bba03e274133ec04ffa3085479779a89f0025,False,,True,not_checked,latest_lexical_day,True,2026-07-25,,not_extracted,False
data/bronze/itaewon/2026-07-25/licensing_biz.json,itaewon,bronze,licensing_biz.json,4128320,ce18f79508e2499cdf9b611a27a9fc3c9c93e5b2ddc73b2353a3f36ea52a23af,False,,True,not_checked,latest_lexical_day,False,2026-07-25,,not_extracted,False
data/bronze/itaewon/2026-08-23/licensing_biz.json,itaewon,bronze,licensing_biz.json,6089020,eef3662872cec424e77c92def3eaf5af9576b20d19c4104d6dcdaf94222d6513,False,,True,not_checked,latest_lexical_day,True,2026-08-23,,not_extracted,False
data/bronze/itaewon/2026-07-25/bldg_ledger_raw.json,itaewon,bronze,bldg_ledger_raw.json,739,f2e505c91ddbe0d7ce8afed061bcb73e8dd096d68e5bcab6266f6150d4cfb83d,False,,True,not_checked,all_snapshots_merge_evidence,True,2026-07-25,,not_extracted,False
data/bronze/itaewon/2026-07-26/bldg_ledger_raw.json,itaewon,bronze,bldg_ledger_raw.json,9858019,602912bb00f563052230dd6480ec3ba49256ba0c3ba8d47ca5db95b36111aa40,False,,True,not_checked,all_snapshots_merge_evidence,True,2026-07-26,,not_extracted,False
data/bronze/itaewon/2026-07-27/bldg_ledger_raw.json,itaewon,bronze,bldg_ledger_raw.json,9858019,602912bb00f563052230dd6480ec3ba49256ba0c3ba8d47ca5db95b36111aa40,False,,True,not_checked,all_snapshots_merge_evidence,True,2026-07-27,,not_extracted,False
data/bronze/itaewon/2026-07-26/bldg_flr_raw.json,itaewon,bronze,bldg_flr_raw.json,3712080,5af769a8fae7cad249c61c80f5fff71c139e04b98ae584e8d2a2f205644aa0ae,False,,True,not_checked,all_snapshots_merge_evidence,True,2026-07-26,,not_extracted,False
data/bronze/itaewon/2026-08-19/bldg_flr_raw.json,itaewon,bronze,bldg_flr_raw.json,48299,df73cdbdf5e8c962aba28ea64c28e37f8e6c6bf8f5fe9dabe246863d019b0f6e,False,,True,not_checked,all_snapshots_merge_evidence,True,2026-08-19,,not_extracted,False
data/silver/itaewon/building_attrs.json,itaewon,silver,building_attrs.json,317340,dd8fd90a9847d9d5451df90f5bf9b91ff56091ffdd7b8d25cfb21b57100dd753,False,,True,not_checked,fixed_path,True,,,not_extracted,False
data/silver/itaewon/expos_units.json,itaewon,silver,expos_units.json,27528,a634aca2e4fd01389adf30e07cc3abfed10b63fdfb9d6e7880e83c2b47b7a761,False,,True,not_checked,fixed_path,True,,,not_extracted,False
data/gold/itaewon/building_vacancy.json,itaewon,gold,building_vacancy.json,645731,498bcac96f51cfadcad839811b8a804cfb33da89870f4116843d0b3e08268465,False,,True,not_checked,fixed_path,True,,,not_extracted,False
data/gold/itaewon/page_building_master.geojson,itaewon,gold,page_building_master.geojson,598308,7f522f7f5f7071b2df1f76c4f96169df578822204786fd666ab8f435d63cbd99,True,False,,not_checked,fixed_path,True,,,not_extracted,False
data/gold/itaewon/coverage.json,itaewon,gold,coverage.json,1686,842808d4b60361fe9862a444b7e6bca944b42faa772b6dd9881eee57c70f23e8,True,False,,not_checked,fixed_path,True,,2026-09-04T23:27:17,not_extracted,False
data/gold/itaewon/calibration.json,itaewon,gold,calibration.json,3842,06514ed8e3e3903ce8cff2e552b3ef0811960cd34e9664e716a466be0965148d,True,False,,not_checked,fixed_path,True,,,not_extracted,False
data/gold/itaewon/vacant_units.json,itaewon,gold,vacant_units.json,11139,99b80db41b0f7a7756d60491aea4db927769c95aa16e1a599f189861c173c656,True,False,,not_checked,fixed_path,True,,2026-08-25T04:59:38+00:00,not_extracted,False
data/bronze/jamsil/2026-08-08/bldg_polygons.geojson,jamsil,bronze,bldg_polygons.geojson,1758558,73bac81c5f02a40ca92fdcb699b6dc4ef426350c86315c726ad16dabb46ed5fe,False,,True,not_checked,latest_lexical_day,True,2026-08-08,,not_extracted,False
data/bronze/jamsil/2026-07-26/stores_raw.json,jamsil,bronze,stores_raw.json,5723616,c4f2bb58974aa95b019c867ecfaf45d1cf3a591ac7e9bd29d801f8f10444d57a,False,,True,not_checked,latest_lexical_day,True,2026-07-26,,not_extracted,False
data/bronze/jamsil/2026-08-08/licensing_biz.json,jamsil,bronze,licensing_biz.json,13159038,d48d81504308e4b6684dcb9765200bf593e9156d1d56e76ceb4f806c393fc504,False,,True,not_checked,latest_lexical_day,False,2026-08-08,,not_extracted,False
data/bronze/jamsil/2026-08-23/licensing_biz.json,jamsil,bronze,licensing_biz.json,24118619,5089f9d769598009871a46aed7dcde21fb4b364b27b469def18f5150b1edf2d1,False,,True,not_checked,latest_lexical_day,True,2026-08-23,,not_extracted,False
data/bronze/jamsil/2026-08-08/bldg_ledger_raw.json,jamsil,bronze,bldg_ledger_raw.json,9894240,3db8f779e2cb7013be5f69fc44225e62c67519276311083f605910577f3e9b9c,False,,True,not_checked,all_snapshots_merge_evidence,True,2026-08-08,,not_extracted,False
data/bronze/jamsil/2026-08-09/bldg_ledger_raw.json,jamsil,bronze,bldg_ledger_raw.json,2,44136fa355b3678a1146ad16f7e8649e94fb4fc21fe77e8310c060f61caaff8a,False,,True,not_checked,all_snapshots_merge_evidence,True,2026-08-09,,not_extracted,False
data/bronze/jamsil/2026-08-10/bldg_ledger_raw.json,jamsil,bronze,bldg_ledger_raw.json,27390788,465a1e2753faa207632e548663c62e4759ef9485e466050bbc01a14a14b78440,False,,True,not_checked,all_snapshots_merge_evidence,True,2026-08-10,,not_extracted,False
data/bronze/jamsil/2026-08-15/bldg_flr_raw.json,jamsil,bronze,bldg_flr_raw.json,4360099,da3b3611692fea8727583007d770a99c93113ba56cfccd525494e8c2b30d462f,False,,True,not_checked,all_snapshots_merge_evidence,True,2026-08-15,,not_extracted,False
data/bronze/jamsil/2026-08-19/bldg_flr_raw.json,jamsil,bronze,bldg_flr_raw.json,246209,b380868106ee4ecdafaf7cb2d5252cec874bf0d6ab3b9fa7ff3f10ac9d8957e1,False,,True,not_checked,all_snapshots_merge_evidence,True,2026-08-19,,not_extracted,False
data/silver/jamsil/building_attrs.json,jamsil,silver,building_attrs.json,190087,9bfafb1a448e11ef6ef65c3eeded11c2867a831034fa74d41daf137ad46ba6a7,False,,True,not_checked,fixed_path,True,,,not_extracted,False
data/silver/jamsil/expos_units.json,jamsil,silver,expos_units.json,135881,56e2f4a80c9dd08c87e9c7f891463c82cd6b19db7b9c75eaf68e9797dc8ffb42,False,,True,not_checked,fixed_path,True,,,not_extracted,False
data/gold/jamsil/building_vacancy.json,jamsil,gold,building_vacancy.json,384648,a8384aa0d47446721e8421af137f1ac2cbaef54c434307141e72caa38c20283b,False,,True,not_checked,fixed_path,True,,,not_extracted,False
data/gold/jamsil/page_building_master.geojson,jamsil,gold,page_building_master.geojson,419608,e1116d8cc8109d4bebe19dbf4d7cb04b2c843ed00f79fed4119fe88d42605c33,True,False,,not_checked,fixed_path,True,,,not_extracted,False
data/gold/jamsil/coverage.json,jamsil,gold,coverage.json,1669,b65d3aee868a83277fc03f5fd157d1c4bd175ede45d2f9a4207dc8af02841bd4,True,False,,not_checked,fixed_path,True,,2026-09-04T23:28:08,not_extracted,False
data/gold/jamsil/calibration.json,jamsil,gold,calibration.json,3985,8c9946e2b4a4cd530768743ee3321d6bc238e9db315604284141927e301b6af5,True,False,,not_checked,fixed_path,True,,,not_extracted,False
data/gold/jamsil/vacant_units.json,jamsil,gold,vacant_units.json,10360,bd55c74a1ee9c316d09dd434b2b5ea5f7016c9be12dd17fc0647aa977b0ee4b4,True,False,,not_checked,fixed_path,True,,2026-08-25T04:59:41+00:00,not_extracted,False
data/bronze/jamsilsaenae/2026-08-08/bldg_polygons.geojson,jamsilsaenae,bronze,bldg_polygons.geojson,1170226,749ffaa996c233de2743304c7d8ccea0bc9a53b16027fb38739e485b529c1c40,False,,True,not_checked,latest_lexical_day,True,2026-08-08,,not_extracted,False
data/bronze/jamsilsaenae/2026-07-26/stores_raw.json,jamsilsaenae,bronze,stores_raw.json,3378375,9382370520873578f7c47ef84b47301826c1ecbde2364cae5a081b8a275f0f32,False,,True,not_checked,latest_lexical_day,True,2026-07-26,,not_extracted,False
data/bronze/jamsilsaenae/2026-08-08/licensing_biz.json,jamsilsaenae,bronze,licensing_biz.json,5943243,db9553ce81d339b6782372f6469727ff1cc840a0b9db710ed4ad85aebc994366,False,,True,not_checked,latest_lexical_day,False,2026-08-08,,not_extracted,False
data/bronze/jamsilsaenae/2026-08-23/licensing_biz.json,jamsilsaenae,bronze,licensing_biz.json,11032010,49617e013a0610925e29ec95c9876d7647c1b8bce7d6e968764fead87d968579,False,,True,not_checked,latest_lexical_day,True,2026-08-23,,not_extracted,False
data/bronze/jamsilsaenae/2026-08-08/bldg_ledger_raw.json,jamsilsaenae,bronze,bldg_ledger_raw.json,55401992,acb4211374af808ea4359ab28e656abd0991f105de1b3700b724185f2a371ae7,False,,True,not_checked,all_snapshots_merge_evidence,True,2026-08-08,,not_extracted,False
data/bronze/jamsilsaenae/2026-08-08/bldg_flr_raw.json,jamsilsaenae,bronze,bldg_flr_raw.json,2724252,b12b1fff129c647d4a2f0ab533fa5ede3bdcbf7703efd1bd811aead47c4815c3,False,,True,not_checked,all_snapshots_merge_evidence,True,2026-08-08,,not_extracted,False
data/bronze/jamsilsaenae/2026-08-19/bldg_flr_raw.json,jamsilsaenae,bronze,bldg_flr_raw.json,173794,d6bd6b668c490edec0e49b1128549739d3b3d924b31e8c6da7722ec10d62b6c4,False,,True,not_checked,all_snapshots_merge_evidence,True,2026-08-19,,not_extracted,False
data/silver/jamsilsaenae/building_attrs.json,jamsilsaenae,silver,building_attrs.json,150168,64c608e2efa15c1b549a0a39ebe358ddad26bd46d43eeb7b8c9cc9a1e7807cfc,False,,True,not_checked,fixed_path,True,,,not_extracted,False
data/silver/jamsilsaenae/expos_units.json,jamsilsaenae,silver,expos_units.json,267673,adabbce0908640c9d707b3090721593cb29d9da6d23f6c9123d7e2c9c8437f22,False,,True,not_checked,fixed_path,True,,,not_extracted,False
data/gold/jamsilsaenae/building_vacancy.json,jamsilsaenae,gold,building_vacancy.json,298637,0296a11f0887d1640aa23da7562b9b6b488f23316bdda0d605b6d1e1751891dd,False,,True,not_checked,fixed_path,True,,,not_extracted,False
data/gold/jamsilsaenae/page_building_master.geojson,jamsilsaenae,gold,page_building_master.geojson,290619,6f735ea1b259c36bfc0cc42968b92a7446a03922310145760e63d4cb7e54024a,True,False,,not_checked,fixed_path,True,,,not_extracted,False
data/gold/jamsilsaenae/coverage.json,jamsilsaenae,gold,coverage.json,1686,a42ae6040247e45044de0162e0cda90e4218ace02dce04facfe772b2faa9b694,True,False,,not_checked,fixed_path,True,,2026-09-04T23:29:50,not_extracted,False
data/gold/jamsilsaenae/calibration.json,jamsilsaenae,gold,calibration.json,3975,1ebd0e0473b23e76fae1a3826180abf321016f865efe2d9e729b5d3a24c78141,True,False,,not_checked,fixed_path,True,,,not_extracted,False
data/gold/jamsilsaenae/vacant_units.json,jamsilsaenae,gold,vacant_units.json,3806,8e27a84bb5180e1d104ff77d0d680ec8a4e4c89e6f75a71e706548fc6f90aff1,True,False,,not_checked,fixed_path,True,,2026-08-25T04:59:45+00:00,not_extracted,False
data/bronze/jangan/2026-08-08/bldg_polygons.geojson,jangan,bronze,bldg_polygons.geojson,845416,d712be121ebb81c435a792eeb40a8cb4517480eda4d4f9216cf61d8ef8b2661e,False,,True,not_checked,latest_lexical_day,True,2026-08-08,,not_extracted,False
data/bronze/jangan/2026-07-26/stores_raw.json,jangan,bronze,stores_raw.json,1957544,22111ae3ce55f8f9f090010c1edf6ba26a7208d86fe19619532131c1e5fe30a5,False,,True,not_checked,latest_lexical_day,True,2026-07-26,,not_extracted,False
data/bronze/jangan/2026-08-08/licensing_biz.json,jangan,bronze,licensing_biz.json,3426919,0346345088263ef6840f6c024e6a73802cac2c2bcbb7d46d1060685f4026a8a7,False,,True,not_checked,latest_lexical_day,False,2026-08-08,,not_extracted,False
data/bronze/jangan/2026-08-23/licensing_biz.json,jangan,bronze,licensing_biz.json,5901572,aefdfad549b43d2f16a7c2c8432a4be049a30121628ae40df36125e943b45320,False,,True,not_checked,latest_lexical_day,True,2026-08-23,,not_extracted,False
data/bronze/jangan/2026-08-08/bldg_ledger_raw.json,jangan,bronze,bldg_ledger_raw.json,75387231,32ccc39b96be3496334f3e46c16cae71c6e3a25b14a930d50c3b1c1a957ae341,False,,True,not_checked,all_snapshots_merge_evidence,True,2026-08-08,,not_extracted,False
data/bronze/jangan/2026-08-08/bldg_flr_raw.json,jangan,bronze,bldg_flr_raw.json,1669385,6babe3cedcec456408be98e930d59c198781635cc013c14d5008b79ab58990d7,False,,True,not_checked,all_snapshots_merge_evidence,True,2026-08-08,,not_extracted,False
data/bronze/jangan/2026-08-19/bldg_flr_raw.json,jangan,bronze,bldg_flr_raw.json,97712,cfc2d60251abcc085e23780e9399c3e8ac88687a2091b76f217633ab4aa2fca6,False,,True,not_checked,all_snapshots_merge_evidence,True,2026-08-19,,not_extracted,False
data/silver/jangan/building_attrs.json,jangan,silver,building_attrs.json,122680,c6bdd865ef6f27351721f69abb72cfda95f8de550c9090ee61d4ca8b09373211,False,,True,not_checked,fixed_path,True,,,not_extracted,False
data/silver/jangan/expos_units.json,jangan,silver,expos_units.json,107004,5313df584e200192bcec68058e06255240e25e7a1347a80173e809f122596e30,False,,True,not_checked,fixed_path,True,,,not_extracted,False
data/gold/jangan/building_vacancy.json,jangan,gold,building_vacancy.json,268009,1237107639289c11b0f29c3e94b8a1ca800383d1035dfd703ce588f8ca56f5d6,False,,True,not_checked,fixed_path,True,,,not_extracted,False
data/gold/jangan/page_building_master.geojson,jangan,gold,page_building_master.geojson,218424,fb1038d153e151c0779ae43a5c0d87bc18027c56c71ab510378b9a29de278c9e,True,False,,not_checked,fixed_path,True,,,not_extracted,False
data/gold/jangan/coverage.json,jangan,gold,coverage.json,1676,2e2cb7cd42a064687229c4fc9aae549105d26f7c6b57fb01c39e487108c46d40,True,False,,not_checked,fixed_path,True,,2026-09-04T23:29:53,not_extracted,False
data/gold/jangan/calibration.json,jangan,gold,calibration.json,3972,903b1c2292c41788f7247350fe69bf4c243e9a4065e966f0e3869a9deb84ccf9,True,False,,not_checked,fixed_path,True,,,not_extracted,False
data/gold/jangan/vacant_units.json,jangan,gold,vacant_units.json,5114,4124ff2ec6ff6e42ceac67da409555dc6f6b94f172dfe2ff3a245eeddfb48813,True,False,,not_checked,fixed_path,True,,2026-08-25T04:59:45+00:00,not_extracted,False
data/bronze/kkachisan/2026-08-30/bldg_polygons.geojson,kkachisan,bronze,bldg_polygons.geojson,4265697,49d23cb09b9d5f6f2f8da117475465fe94613e05755323ed25c56ea39cb90c00,False,,True,not_checked,latest_lexical_day,True,2026-08-30,,not_extracted,False
data/bronze/kkachisan/2026-08-30/stores_raw.json,kkachisan,bronze,stores_raw.json,2647459,e83d1d2f56154db9957d13c1158709f9a0f84d6dee88f3eaa7e68e41a6c34b23,False,,True,not_checked,latest_lexical_day,True,2026-08-30,,not_extracted,False
data/bronze/kkachisan/2026-08-31/bldg_ledger_raw.json,kkachisan,bronze,bldg_ledger_raw.json,6515343,ca3d2ece8f4d146e6d811f6c1918b79a89ce2f94ef07b7cabc2ff528d5301eec,False,,True,not_checked,all_snapshots_merge_evidence,True,2026-08-31,,not_extracted,False
data/bronze/kkachisan/2026-09-01/bldg_ledger_raw.json,kkachisan,bronze,bldg_ledger_raw.json,16653743,54e2d7d74c34eb65d995476526aad9cdfe0cb8a3162e002295a0450d42686557,False,,True,not_checked,all_snapshots_merge_evidence,True,2026-09-01,,not_extracted,False
data/bronze/kkachisan/2026-09-01/bldg_flr_raw.json,kkachisan,bronze,bldg_flr_raw.json,2615050,388becd64ecdc5aac69fb5606862adf57c5d7217cf5a338efa2ea47b9c14c91b,False,,True,not_checked,all_snapshots_merge_evidence,True,2026-09-01,,not_extracted,False
data/silver/kkachisan/building_attrs.json,kkachisan,silver,building_attrs.json,214500,450def5bb0b6a7f2cdbcef44920d59c76418b44e8610b769f0f7c03d59fe434c,False,,True,not_checked,fixed_path,True,,,not_extracted,False
data/gold/kkachisan/building_vacancy.json,kkachisan,gold,building_vacancy.json,487323,d92603769324bbbb0d9719ce83866a0e7919969fa78fe9e83299bfec4c93fbfa,False,,True,not_checked,fixed_path,True,,,not_extracted,False
data/gold/kkachisan/page_building_master.geojson,kkachisan,gold,page_building_master.geojson,395917,bdabebec1e21d3508bb77694a7ec03d472fec0a05f72ad04f2a9d4f312dd946c,True,False,,not_checked,fixed_path,True,,,not_extracted,False
data/gold/kkachisan/coverage.json,kkachisan,gold,coverage.json,1686,9b8494f5736aedf86f26f27ddd96378d1ea99ff3bc19e51cf37dad6d4c46d751,True,False,,not_checked,fixed_path,True,,2026-09-04T23:30:26,not_extracted,False
data/gold/kkachisan/calibration.json,kkachisan,gold,calibration.json,3973,66ce50806427cc4ba6810edc066ab5633e7446a9b8e55a63a128b80e96a3f4e7,True,False,,not_checked,fixed_path,True,,,not_extracted,False
data/gold/kkachisan/vacant_units.json,kkachisan,gold,vacant_units.json,11219,541d9e787576794d7530354d68cf0d1a6cb2928d9e4b1e5a8483577af8fd1021,True,False,,not_checked,fixed_path,True,,2026-09-01T13:58:35+00:00,not_extracted,False
data/bronze/konkuk/2026-08-08/bldg_polygons.geojson,konkuk,bronze,bldg_polygons.geojson,3131063,f062a6d8479039db26bf847127b2c31273c0fe21bc156951197dfd516b887b90,False,,True,not_checked,latest_lexical_day,True,2026-08-08,,not_extracted,False
data/bronze/konkuk/2026-07-26/stores_raw.json,konkuk,bronze,stores_raw.json,3809480,7a71eefb4003347e0d96ef9761b5908c487ad441023bb640f96150345fd00d7c,False,,True,not_checked,latest_lexical_day,True,2026-07-26,,not_extracted,False
data/bronze/konkuk/2026-08-08/licensing_biz.json,konkuk,bronze,licensing_biz.json,8357913,979ac608f807c9072796264b67b44491a3a33705fec53240e4856cb09951307a,False,,True,not_checked,latest_lexical_day,False,2026-08-08,,not_extracted,False
data/bronze/konkuk/2026-08-23/licensing_biz.json,konkuk,bronze,licensing_biz.json,15270799,5bbe7c461b7aa604cdafa19ac88c3592bd6c4106737fa0ac23e58071c1f2f336,False,,True,not_checked,latest_lexical_day,True,2026-08-23,,not_extracted,False
data/bronze/konkuk/2026-08-15/bldg_ledger_raw.json,konkuk,bronze,bldg_ledger_raw.json,10162938,a43e0119ce25e2ede278ef016151a31214e06226d0b20305769fbfc429660c72,False,,True,not_checked,all_snapshots_merge_evidence,True,2026-08-15,,not_extracted,False
data/bronze/konkuk/2026-08-15/bldg_flr_raw.json,konkuk,bronze,bldg_flr_raw.json,3528251,1bcd3f638b3267fa9a72f743a220789eae6af32d77cb79035d951a915eb22ebd,False,,True,not_checked,all_snapshots_merge_evidence,True,2026-08-15,,not_extracted,False
data/bronze/konkuk/2026-08-19/bldg_flr_raw.json,konkuk,bronze,bldg_flr_raw.json,20298,644ea93756821cab048e53f73b6c7f6e44d4faeac7c2286201fff3b1c937f4aa,False,,True,not_checked,all_snapshots_merge_evidence,True,2026-08-19,,not_extracted,False
data/silver/konkuk/building_attrs.json,konkuk,silver,building_attrs.json,281432,b7a0aeb3edfea88098797bf0c6b2200107d1664efe9b182f691da7966478143b,False,,True,not_checked,fixed_path,True,,,not_extracted,False
data/silver/konkuk/expos_units.json,konkuk,silver,expos_units.json,36322,ded522e5287e08622c2c66425a52958be94eb4ec064f3d942c80910995326168,False,,True,not_checked,fixed_path,True,,,not_extracted,False
data/gold/konkuk/building_vacancy.json,konkuk,gold,building_vacancy.json,588478,8c968726a6cba7f800945d1deffa9668d1ef871b9e8ebbe7c60dfe47e679eb49,False,,True,not_checked,fixed_path,True,,,not_extracted,False
data/gold/konkuk/page_building_master.geojson,konkuk,gold,page_building_master.geojson,432433,91d7d39b8ad6fa03135e55684873f3c8442ebdb1b41b7aea3650d856cf418b48,True,False,,not_checked,fixed_path,True,,,not_extracted,False
data/gold/konkuk/coverage.json,konkuk,gold,coverage.json,1664,e78ac6930e09f40ad8ff96d0156c1d53fa71ccf584185277c8a312abfe968d8c,True,False,,not_checked,fixed_path,True,,2026-09-04T23:28:13,not_extracted,False
data/gold/konkuk/calibration.json,konkuk,gold,calibration.json,3832,221a2de44dcd79059f55b4f308d4afb12c2d8a4312519d7c8802d078b879d210,True,False,,not_checked,fixed_path,True,,,not_extracted,False
data/gold/konkuk/vacant_units.json,konkuk,gold,vacant_units.json,8888,0ec8e2c9d74fdea04f88f26bd80960bb7815a10709e07be3e1c7a7986e674acd,True,False,,not_checked,fixed_path,True,,2026-08-25T04:59:41+00:00,not_extracted,False
data/bronze/kyunghee/2026-08-08/bldg_polygons.geojson,kyunghee,bronze,bldg_polygons.geojson,2382973,96e0161e0f19151ad364323713849f452d7e1f23ff69baf38119e2434b4f851d,False,,True,not_checked,latest_lexical_day,True,2026-08-08,,not_extracted,False
data/bronze/kyunghee/2026-07-26/stores_raw.json,kyunghee,bronze,stores_raw.json,1980112,c7733c838735d2d50724ceaa3d5ca171e323d4f2591a8e55d3224273609d133f,False,,True,not_checked,latest_lexical_day,True,2026-07-26,,not_extracted,False
data/bronze/kyunghee/2026-08-08/licensing_biz.json,kyunghee,bronze,licensing_biz.json,6350751,e2e62a1b1d19c3750b5efd6e20ccd36a9409198b218f1782f2c654ad736a4b59,False,,True,not_checked,latest_lexical_day,False,2026-08-08,,not_extracted,False
data/bronze/kyunghee/2026-08-23/licensing_biz.json,kyunghee,bronze,licensing_biz.json,11263956,00e1d337447c6339b303ce8d211a2979e93864c386a06dc58d3d2be315006029,False,,True,not_checked,latest_lexical_day,True,2026-08-23,,not_extracted,False
data/bronze/kyunghee/2026-08-08/bldg_ledger_raw.json,kyunghee,bronze,bldg_ledger_raw.json,2,44136fa355b3678a1146ad16f7e8649e94fb4fc21fe77e8310c060f61caaff8a,False,,True,not_checked,all_snapshots_merge_evidence,True,2026-08-08,,not_extracted,False
data/bronze/kyunghee/2026-08-15/bldg_ledger_raw.json,kyunghee,bronze,bldg_ledger_raw.json,2,44136fa355b3678a1146ad16f7e8649e94fb4fc21fe77e8310c060f61caaff8a,False,,True,not_checked,all_snapshots_merge_evidence,True,2026-08-15,,not_extracted,False
data/bronze/kyunghee/2026-08-16/bldg_ledger_raw.json,kyunghee,bronze,bldg_ledger_raw.json,2,44136fa355b3678a1146ad16f7e8649e94fb4fc21fe77e8310c060f61caaff8a,False,,True,not_checked,all_snapshots_merge_evidence,True,2026-08-16,,not_extracted,False
data/bronze/kyunghee/2026-08-17/bldg_ledger_raw.json,kyunghee,bronze,bldg_ledger_raw.json,11766669,0d658d8aecc472de1a6deff5d596f75c4884a7636df3e03e59530d619a9ba68a,False,,True,not_checked,all_snapshots_merge_evidence,True,2026-08-17,,not_extracted,False
data/bronze/kyunghee/2026-08-17/bldg_flr_raw.json,kyunghee,bronze,bldg_flr_raw.json,2073411,89492bea9afb3389ae0e76ae5051c60674f1d6b4a81785c321c76dabd5751423,False,,True,not_checked,all_snapshots_merge_evidence,True,2026-08-17,,not_extracted,False
data/bronze/kyunghee/2026-08-19/bldg_flr_raw.json,kyunghee,bronze,bldg_flr_raw.json,72340,9493bbde5618b27c0ef55406f8bc86291606d41033e95f962c2f64a079f70e6a,False,,True,not_checked,all_snapshots_merge_evidence,True,2026-08-19,,not_extracted,False
data/silver/kyunghee/building_attrs.json,kyunghee,silver,building_attrs.json,194772,f0d9d9a9f5e3b8a1af0dcf9f0924f2245d1f1068641bf525dadba6296ad91647,False,,True,not_checked,fixed_path,True,,,not_extracted,False
data/silver/kyunghee/expos_units.json,kyunghee,silver,expos_units.json,37026,2b464624be24491d97ebfea713f5aa2865d6bedd5300a1ea0fe018d4c03cf118,False,,True,not_checked,fixed_path,True,,,not_extracted,False
data/gold/kyunghee/building_vacancy.json,kyunghee,gold,building_vacancy.json,402152,e2098329d770b19a194444820a47161b2bb40a5ca7239dc237570fc9f1afccbc,False,,True,not_checked,fixed_path,True,,,not_extracted,False
data/gold/kyunghee/page_building_master.geojson,kyunghee,gold,page_building_master.geojson,345531,67fcae6bf93d09cb178b61e2700479f9145f53df6e70d6cf37000774ae2e11a7,True,False,,not_checked,fixed_path,True,,,not_extracted,False
data/gold/kyunghee/coverage.json,kyunghee,gold,coverage.json,1683,40b2b755c4bbc94c2c5747e350aa06a7f160ba0cffb2ad4bbe9b72a567858667,True,False,,not_checked,fixed_path,True,,2026-09-04T23:30:10,not_extracted,False
data/gold/kyunghee/calibration.json,kyunghee,gold,calibration.json,3832,42c01d004dc95ee5f4c717063058c8c38eebd9031dc0cee0c4e24ce91f35f6a8,True,False,,not_checked,fixed_path,True,,,not_extracted,False
data/gold/kyunghee/vacant_units.json,kyunghee,gold,vacant_units.json,4453,fbd4629fe52e64f5c4d0c9b11412521ca1f0c4f457b41694ddb3771c9f12fa45,True,False,,not_checked,fixed_path,True,,2026-08-25T04:59:46+00:00,not_extracted,False
data/bronze/mangwon/2026-08-08/bldg_polygons.geojson,mangwon,bronze,bldg_polygons.geojson,4396851,de8b8567238bb5a054d2d2357eca04cb9ca724b8c05f75b78a95c85ab017f9fd,False,,True,not_checked,latest_lexical_day,True,2026-08-08,,not_extracted,False
data/bronze/mangwon/2026-07-26/stores_raw.json,mangwon,bronze,stores_raw.json,4925403,f583e8cd60e3a77513384f6ee4e18a02d2204cb7637bc9a6131195a2aeae09c7,False,,True,not_checked,latest_lexical_day,True,2026-07-26,,not_extracted,False
data/bronze/mangwon/2026-08-08/licensing_biz.json,mangwon,bronze,licensing_biz.json,9089034,0fd02ae324a0a1750dc267138fb9abf5f320364e84953e18d2a4957e3b54f9db,False,,True,not_checked,latest_lexical_day,False,2026-08-08,,not_extracted,False
data/bronze/mangwon/2026-08-23/licensing_biz.json,mangwon,bronze,licensing_biz.json,14534684,905c3e889b505f69a70225bda32f4243e108ca116441ac6472a11ac0ec19d1cc,False,,True,not_checked,latest_lexical_day,True,2026-08-23,,not_extracted,False
data/bronze/mangwon/2026-08-09/bldg_ledger_raw.json,mangwon,bronze,bldg_ledger_raw.json,25919068,c7d8f27821c72d1b7eb1526428f4c712b1316498f404bdf127544865bdf4a01f,False,,True,not_checked,all_snapshots_merge_evidence,True,2026-08-09,,not_extracted,False
data/bronze/mangwon/2026-08-15/bldg_flr_raw.json,mangwon,bronze,bldg_flr_raw.json,4899987,7a78cb2df228c59df87b6c7402ca1b69b7cf7b5834bf2039eb063a1166c440cb,False,,True,not_checked,all_snapshots_merge_evidence,True,2026-08-15,,not_extracted,False
data/bronze/mangwon/2026-08-19/bldg_flr_raw.json,mangwon,bronze,bldg_flr_raw.json,53409,ce87e2fff32b3068e1aef9073cfdb96da079f423395310cec749cd7b61eb77ce,False,,True,not_checked,all_snapshots_merge_evidence,True,2026-08-19,,not_extracted,False
data/silver/mangwon/building_attrs.json,mangwon,silver,building_attrs.json,424063,aafd9e0de3f938d9dfb3990c791c7f72e7a5bb2bdc5b71f035da3257c9fe8a23,False,,True,not_checked,fixed_path,True,,,not_extracted,False
data/silver/mangwon/expos_units.json,mangwon,silver,expos_units.json,88215,48391912a3e4cb282fa700299523f3cef97618c26c0929324f176285de65259d,False,,True,not_checked,fixed_path,True,,,not_extracted,False
data/gold/mangwon/building_vacancy.json,mangwon,gold,building_vacancy.json,838894,188c1b1c07c809fb412a4157cbf1bb94c3f003f48d401295997780e7f1f4661e,False,,True,not_checked,fixed_path,True,,,not_extracted,False
data/gold/mangwon/page_building_master.geojson,mangwon,gold,page_building_master.geojson,665508,05c5729a454cbfe254326366b3b7799712f62a91ad27d4253446450ba1cc1a95,True,False,,not_checked,fixed_path,True,,,not_extracted,False
data/gold/mangwon/coverage.json,mangwon,gold,coverage.json,1701,d1160bbd5c7b47fdb7a93ba8d177aeeeee81a45ed05c94605bf5b36a50de4298,True,False,,not_checked,fixed_path,True,,2026-09-04T23:27:43,not_extracted,False
data/gold/mangwon/calibration.json,mangwon,gold,calibration.json,3981,0e60c8a36ea641486c839fb82c552e23dcfbf3fc79bab6cae7557df152ff46e9,True,False,,not_checked,fixed_path,True,,,not_extracted,False
data/gold/mangwon/vacant_units.json,mangwon,gold,vacant_units.json,10717,99c1ea29d630d50599a95c313014fa28bd207952a0fc39e932e5ed022bb3184a,True,False,,not_checked,fixed_path,True,,2026-08-25T04:59:40+00:00,not_extracted,False
data/bronze/miasageori/2026-08-30/bldg_polygons.geojson,miasageori,bronze,bldg_polygons.geojson,4955122,0a1fdbdb75b20c6c28d3e26156be497e0774ec778dc1dfc927654930d4c00f25,False,,True,not_checked,latest_lexical_day,True,2026-08-30,,not_extracted,False
data/bronze/miasageori/2026-08-30/stores_raw.json,miasageori,bronze,stores_raw.json,3079885,b897c92223964679dd7d73cbe3792b4b4e4fb70f190974f8194277fb249e8ed9,False,,True,not_checked,latest_lexical_day,True,2026-08-30,,not_extracted,False
data/bronze/miasageori/2026-08-31/bldg_ledger_raw.json,miasageori,bronze,bldg_ledger_raw.json,8970070,363b6e5455bcec57558d9e41f722b716fa6d54c73e5dbe0075b967f51d60b47d,False,,True,not_checked,all_snapshots_merge_evidence,True,2026-08-31,,not_extracted,False
data/bronze/miasageori/2026-08-31/bldg_flr_raw.json,miasageori,bronze,bldg_flr_raw.json,2544609,1d0d87e92643a4c1122b03aa06b03e36f6e82f650fa2c46cce1041d8a1d7d97d,False,,True,not_checked,all_snapshots_merge_evidence,True,2026-08-31,,not_extracted,False
data/silver/miasageori/building_attrs.json,miasageori,silver,building_attrs.json,226236,af522292d78915a0004f040892be98f3f9d62efe0212826bb6727ac72cd68761,False,,True,not_checked,fixed_path,True,,,not_extracted,False
data/gold/miasageori/building_vacancy.json,miasageori,gold,building_vacancy.json,526222,1399e56f7542e717a9318b8086e8235fec3ef1e9efe939c8134afd27113a0fc3,False,,True,not_checked,fixed_path,True,,,not_extracted,False
data/gold/miasageori/page_building_master.geojson,miasageori,gold,page_building_master.geojson,515106,fe687b3db7803cc8498941828d895fe4f529db485b49138dbd1f45919acf0812,True,False,,not_checked,fixed_path,True,,,not_extracted,False
data/gold/miasageori/coverage.json,miasageori,gold,coverage.json,1694,ea5cfaa75a90e211c14609a4b3431e413ff8631547d10ac3f606c9adccce4968,True,False,,not_checked,fixed_path,True,,2026-09-04T23:30:21,not_extracted,False
data/gold/miasageori/calibration.json,miasageori,gold,calibration.json,3842,468dcfad3a748fa757c0009771342b4ee9b1fe7e5e51ea9a4815fce475499189,True,False,,not_checked,fixed_path,True,,,not_extracted,False
data/gold/miasageori/vacant_units.json,miasageori,gold,vacant_units.json,10263,a1b6421f4ab99aea21d287acf633166250ecf2a9cb22dbf73b14543e0ee44b17,True,False,,not_checked,fixed_path,True,,2026-08-31T13:26:55+00:00,not_extracted,False
data/bronze/mokdong-yc/2026-08-30/bldg_polygons.geojson,mokdong-yc,bronze,bldg_polygons.geojson,1919812,1b09593f084262ac193a9b15cff670e5f381201404c042bbf3d7730db35a8326,False,,True,not_checked,latest_lexical_day,True,2026-08-30,,not_extracted,False
data/bronze/mokdong-yc/2026-08-30/stores_raw.json,mokdong-yc,bronze,stores_raw.json,3557635,062657143ed661b44a699f86c1024eb7e62913d3eb94431b52a49060c2decfa2,False,,True,not_checked,latest_lexical_day,True,2026-08-30,,not_extracted,False
data/bronze/mokdong-yc/2026-09-01/bldg_ledger_raw.json,mokdong-yc,bronze,bldg_ledger_raw.json,19482595,9142f89190aa205e339f5dd2ea4c1db5071d98e24eb10ad27d7fa68d74743a1a,False,,True,not_checked,all_snapshots_merge_evidence,True,2026-09-01,,not_extracted,False
data/bronze/mokdong-yc/2026-09-01/bldg_flr_raw.json,mokdong-yc,bronze,bldg_flr_raw.json,2909390,e86f5ae382200699dea2c5a89a80f277c44b0ff0e0081bfc8e0de664596f1014,False,,True,not_checked,all_snapshots_merge_evidence,True,2026-09-01,,not_extracted,False
data/silver/mokdong-yc/building_attrs.json,mokdong-yc,silver,building_attrs.json,191615,bd1395b7fb2bf8153c1e0bed8353411cead0a7569a4bb38e1a145baec1a6ab14,False,,True,not_checked,fixed_path,True,,,not_extracted,False
data/gold/mokdong-yc/building_vacancy.json,mokdong-yc,gold,building_vacancy.json,442206,560bb1efd4aaa93c544c55625af7491fd333a6f305341c5e735e5b86c74dd8cf,False,,True,not_checked,fixed_path,True,,,not_extracted,False
data/gold/mokdong-yc/page_building_master.geojson,mokdong-yc,gold,page_building_master.geojson,359632,6742a2d1bfe0477daf4f0b134892fe3f2c5b53f98a4c693bea6cf0942ce70b3b,True,False,,not_checked,fixed_path,True,,,not_extracted,False
data/gold/mokdong-yc/coverage.json,mokdong-yc,gold,coverage.json,1649,546dbbc86bb1c298c59e17f5aec503370e785208878782ea83bf06b58e4dc770,True,False,,not_checked,fixed_path,True,,2026-09-04T23:30:27,not_extracted,False
data/gold/mokdong-yc/calibration.json,mokdong-yc,gold,calibration.json,3830,4d80fa8d6c1e7d1cb89c4947afbe95219e30f39eb1b06921e993049634ce5162,True,False,,not_checked,fixed_path,True,,,not_extracted,False
data/gold/mokdong-yc/vacant_units.json,mokdong-yc,gold,vacant_units.json,10984,457cf8fbf33e524f5ed48dab0f771d6facbc9e6be50eaebbe819082ff27333fc,True,False,,not_checked,fixed_path,True,,2026-09-01T12:24:32+00:00,not_extracted,False
data/bronze/mullae/2026-08-08/bldg_polygons.geojson,mullae,bronze,bldg_polygons.geojson,3444206,81976383a9d1b54e8e65d871a1d0c9912eb30fcfcf32ff0d9bfb534153b6d52f,False,,True,not_checked,latest_lexical_day,True,2026-08-08,,not_extracted,False
data/bronze/mullae/2026-07-26/stores_raw.json,mullae,bronze,stores_raw.json,5393162,4884e2ccc1ab30caa1a9a276831fef1d4befa75069935bfeed53a6d874c70a5b,False,,True,not_checked,latest_lexical_day,True,2026-07-26,,not_extracted,False
data/bronze/mullae/2026-08-08/licensing_biz.json,mullae,bronze,licensing_biz.json,9224182,d2ab13534d005f6b6e2a0ebe1d504944dc9c1ff7562edd4019e195dfc0c12f24,False,,True,not_checked,latest_lexical_day,False,2026-08-08,,not_extracted,False
data/bronze/mullae/2026-08-23/licensing_biz.json,mullae,bronze,licensing_biz.json,18347026,224956ba78165508f553635585572c84b2a901b1851ddb69188b804b4650783a,False,,True,not_checked,latest_lexical_day,True,2026-08-23,,not_extracted,False
data/bronze/mullae/2026-08-15/bldg_ledger_raw.json,mullae,bronze,bldg_ledger_raw.json,30880105,ac19af2ab12b60327c0193528d773afac9a2db696dedb4fe1d60df0aa6b0875a,False,,True,not_checked,all_snapshots_merge_evidence,True,2026-08-15,,not_extracted,False
data/bronze/mullae/2026-08-15/bldg_flr_raw.json,mullae,bronze,bldg_flr_raw.json,3387435,6f6a73599b704b0094bb19935b44921aed43a4cc26f4a2da25f538fcb1842c5c,False,,True,not_checked,all_snapshots_merge_evidence,True,2026-08-15,,not_extracted,False
data/bronze/mullae/2026-08-17/bldg_flr_raw.json,mullae,bronze,bldg_flr_raw.json,233301,d4d825e9b1a77e6f9da2a926ec3c5f39593fbdd58207c416d923dfe83b5f90b0,False,,True,not_checked,all_snapshots_merge_evidence,True,2026-08-17,,not_extracted,False
data/bronze/mullae/2026-08-19/bldg_flr_raw.json,mullae,bronze,bldg_flr_raw.json,67501,9a66e551ff464896df69a8abbb5717b3774931614fdf5504b2af07c55c9a69a3,False,,True,not_checked,all_snapshots_merge_evidence,True,2026-08-19,,not_extracted,False
data/silver/mullae/building_attrs.json,mullae,silver,building_attrs.json,263773,1008dc2e2bfdfb2d244915e029fcf83546435835620fd9da23331c7a7889226c,False,,True,not_checked,fixed_path,True,,,not_extracted,False
data/silver/mullae/expos_units.json,mullae,silver,expos_units.json,136669,1c1eb88333e533e46684713bb0163099bb024eec5ff75e4623c144b668f49e3d,False,,True,not_checked,fixed_path,True,,,not_extracted,False
data/gold/mullae/building_vacancy.json,mullae,gold,building_vacancy.json,544304,5b197c93f7da625578895d32f889fa2d54a7c1e255ad7ec526719b98b27ba07e,False,,True,not_checked,fixed_path,True,,,not_extracted,False
data/gold/mullae/page_building_master.geojson,mullae,gold,page_building_master.geojson,858620,0bf2adcf614e08783cb01ad6d6e4c82b3286bfc354cfcf6cfbf5ada184bbcb90,True,False,,not_checked,fixed_path,True,,,not_extracted,False
data/gold/mullae/coverage.json,mullae,gold,coverage.json,1697,98ccb8bd88f421a64e9c1211d841db813e373d4fabd21d5dd74ec6b59ef9b69c,True,False,,not_checked,fixed_path,True,,2026-09-04T23:28:19,not_extracted,False
data/gold/mullae/calibration.json,mullae,gold,calibration.json,3984,b0335299c615fcd14a1ba099b75193e0ad22671d6203e4e0f201c8d6f16e7ee6,True,False,,not_checked,fixed_path,True,,,not_extracted,False
data/gold/mullae/vacant_units.json,mullae,gold,vacant_units.json,7373,72444aa8dcb06845b33e89ce929785d8503258443942e1a02c474d9e5e644c35,True,False,,not_checked,fixed_path,True,,2026-08-25T04:59:41+00:00,not_extracted,False
data/bronze/myeongdong/2026-07-25/bldg_polygons.geojson,myeongdong,bronze,bldg_polygons.geojson,2305562,43eeaef895c5c923d428e0ceb011dc4eac8831a4265e7d648d355bf5a21296f5,False,,True,not_checked,latest_lexical_day,True,2026-07-25,,not_extracted,False
data/bronze/myeongdong/2026-07-25/stores_raw.json,myeongdong,bronze,stores_raw.json,9612631,79555bc7e0be0179216cbeb5298f48c374710e22627407abf3816ca86c81ea05,False,,True,not_checked,latest_lexical_day,True,2026-07-25,,not_extracted,False
data/bronze/myeongdong/2026-07-25/licensing_biz.json,myeongdong,bronze,licensing_biz.json,8528768,669f599f0b6c026c3c2b7894a5e6f3d334f9e2ff624e1dac03451d01da5d993b,False,,True,not_checked,latest_lexical_day,False,2026-07-25,,not_extracted,False
data/bronze/myeongdong/2026-08-23/licensing_biz.json,myeongdong,bronze,licensing_biz.json,14778036,c63e07f6e597c7dde43bdaacb8c6ccdbad65f4c6220a701f830437df9b9a0b2e,False,,True,not_checked,latest_lexical_day,True,2026-08-23,,not_extracted,False
data/bronze/myeongdong/2026-07-25/bldg_ledger_raw.json,myeongdong,bronze,bldg_ledger_raw.json,739,5757346e56de3f0e5c73972d570cb82c07628c542a7fadba091e211d9107106b,False,,True,not_checked,all_snapshots_merge_evidence,True,2026-07-25,,not_extracted,False
data/bronze/myeongdong/2026-07-26/bldg_ledger_raw.json,myeongdong,bronze,bldg_ledger_raw.json,31224933,704c217596a14ff643b14813cb1c68d81a81387705319d885f848a848473a97e,False,,True,not_checked,all_snapshots_merge_evidence,True,2026-07-26,,not_extracted,False
data/bronze/myeongdong/2026-07-27/bldg_ledger_raw.json,myeongdong,bronze,bldg_ledger_raw.json,58410563,b1a172dd8691579a050207c0e3276471d053216649690e61374311634948670e,False,,True,not_checked,all_snapshots_merge_evidence,True,2026-07-27,,not_extracted,False
data/bronze/myeongdong/2026-07-26/bldg_flr_raw.json,myeongdong,bronze,bldg_flr_raw.json,10570139,fe83e4e0c6d09bfed6695808bbafdc1fc40e4a7fc9e663ac92e38c2d47fd9a76,False,,True,not_checked,all_snapshots_merge_evidence,True,2026-07-26,,not_extracted,False
data/bronze/myeongdong/2026-08-19/bldg_flr_raw.json,myeongdong,bronze,bldg_flr_raw.json,43344,ed444c084fe4fce9111d841fca0ac96f19620adb977ac7521f84d988648c3720,False,,True,not_checked,all_snapshots_merge_evidence,True,2026-08-19,,not_extracted,False
data/silver/myeongdong/building_attrs.json,myeongdong,silver,building_attrs.json,483008,adafb35a174de4b6d761d7d32b1e4dac2a5d26c0e9be796f25f9356d1e21fd0e,False,,True,not_checked,fixed_path,True,,,not_extracted,False
data/silver/myeongdong/expos_units.json,myeongdong,silver,expos_units.json,445934,b924b58222db0c73bb907483816f6f561588be69109b992bb8ac2dac1cf8604d,False,,True,not_checked,fixed_path,True,,,not_extracted,False
data/gold/myeongdong/building_vacancy.json,myeongdong,gold,building_vacancy.json,1026386,da581d1ce14db9f96574ed45d4cbdde55cac9b51cf263ff46779b4db1d6acdea,False,,True,not_checked,fixed_path,True,,,not_extracted,False
data/gold/myeongdong/page_building_master.geojson,myeongdong,gold,page_building_master.geojson,788933,5ecca3d6d3cccf8788fd5fae678d6e310aa1b87d084da8b61cf21e527fb764c6,True,False,,not_checked,fixed_path,True,,,not_extracted,False
data/gold/myeongdong/coverage.json,myeongdong,gold,coverage.json,1689,118b19fd5ff930f40a2dfd33e6e0ef2dc1b4db9f8a95598be7d8defd6389a58c,True,False,,not_checked,fixed_path,True,,2026-09-04T23:27:03,not_extracted,False
data/gold/myeongdong/calibration.json,myeongdong,gold,calibration.json,3970,1fe1edf18b643afaf8ba5db47d62f23f0ce803f4e4c5ee88a4d30ded14283450,True,False,,not_checked,fixed_path,True,,,not_extracted,False
data/gold/myeongdong/vacant_units.json,myeongdong,gold,vacant_units.json,12058,6a542485159b24f0cfa3cf385186bc6ae28d0f1df50e2b34925224f847d78dd7,True,False,,not_checked,fixed_path,True,,2026-08-25T04:59:38+00:00,not_extracted,False
data/bronze/nambu/2026-08-08/bldg_polygons.geojson,nambu,bronze,bldg_polygons.geojson,1753988,31b4c1b9847b71733e8d3f07c0e8db226c971f30f9567bf6a4da3d520b3bbe24,False,,True,not_checked,latest_lexical_day,True,2026-08-08,,not_extracted,False
data/bronze/nambu/2026-07-26/stores_raw.json,nambu,bronze,stores_raw.json,5044662,7f642e536930d4ce6abdd66f0b2136265a3366d88d2df6c009b0e4ce95970838,False,,True,not_checked,latest_lexical_day,True,2026-07-26,,not_extracted,False
data/bronze/nambu/2026-08-08/licensing_biz.json,nambu,bronze,licensing_biz.json,7135575,975a7b991e6b619e7d1bde685f3fe09d55beed61d17f1e30961db4ede6859418,False,,True,not_checked,latest_lexical_day,False,2026-08-08,,not_extracted,False
data/bronze/nambu/2026-08-23/licensing_biz.json,nambu,bronze,licensing_biz.json,11952519,44260c15d234c342737b8bbcf2b8b1f1fa6040a7c37472226268beb9a32cd558,False,,True,not_checked,latest_lexical_day,True,2026-08-23,,not_extracted,False
data/bronze/nambu/2026-08-08/bldg_ledger_raw.json,nambu,bronze,bldg_ledger_raw.json,104683622,d612f18f0eb930654db4d06c75efca85afd98d89cbcdb7ac86c2a0acc98f25e0,False,,True,not_checked,all_snapshots_merge_evidence,True,2026-08-08,,not_extracted,False
data/bronze/nambu/2026-08-15/bldg_ledger_raw.json,nambu,bronze,bldg_ledger_raw.json,104683622,d612f18f0eb930654db4d06c75efca85afd98d89cbcdb7ac86c2a0acc98f25e0,False,,True,not_checked,all_snapshots_merge_evidence,True,2026-08-15,,not_extracted,False
data/bronze/nambu/2026-08-08/bldg_flr_raw.json,nambu,bronze,bldg_flr_raw.json,3401775,beb39fed3ee8ae3a16b0c5a261ce8bbccf5941e4d4d54d06b23e42db16b40124,False,,True,not_checked,all_snapshots_merge_evidence,True,2026-08-08,,not_extracted,False
data/bronze/nambu/2026-08-19/bldg_flr_raw.json,nambu,bronze,bldg_flr_raw.json,273524,20f29667e757a4b8200f273b1163eb0b35ae4b29c521298c5ca0b9f7902cec6c,False,,True,not_checked,all_snapshots_merge_evidence,True,2026-08-19,,not_extracted,False
data/silver/nambu/building_attrs.json,nambu,silver,building_attrs.json,166786,96450d4a67f37eb959892a823fe71c1f8fb9635212bc2b48459bd0a478d8d793,False,,True,not_checked,fixed_path,True,,,not_extracted,False
data/silver/nambu/expos_units.json,nambu,silver,expos_units.json,330462,f217d0e4d8d8509332a4f0e2760e0d777f715b07f8a2e5ec8bce74958a4cdf88,False,,True,not_checked,fixed_path,True,,,not_extracted,False
data/gold/nambu/building_vacancy.json,nambu,gold,building_vacancy.json,332420,f2457e52d708a7c9dfa715ea81c781bb94b97dbb15cc8ac09d660ebf81fa84ba,False,,True,not_checked,fixed_path,True,,,not_extracted,False
data/gold/nambu/page_building_master.geojson,nambu,gold,page_building_master.geojson,372205,cdd8202a8dadcc77fe3a5eb9357a7daa5f6a9e1238da1827d631775fd44aa2d4,True,False,,not_checked,fixed_path,True,,,not_extracted,False
data/gold/nambu/coverage.json,nambu,gold,coverage.json,1685,a69d9e51fdb6f9c6ddc6ca215d41fc5eef8c9a58207cf09b2bb507540b5c17c3,True,False,,not_checked,fixed_path,True,,2026-09-04T23:30:07,not_extracted,False
data/gold/nambu/calibration.json,nambu,gold,calibration.json,3979,f50c4e69118a482bd219a5d3c9a6932313e925b98ccdd1f5ec08788c1c83b27c,True,False,,not_checked,fixed_path,True,,,not_extracted,False
data/gold/nambu/vacant_units.json,nambu,gold,vacant_units.json,10677,2a5d6cf04199952bb730f27e4143306c1a61869308d5a0f13c50615dcbe68a99,True,False,,not_checked,fixed_path,True,,2026-08-25T04:59:46+00:00,not_extracted,False
data/bronze/namdaemun/2026-08-08/bldg_polygons.geojson,namdaemun,bronze,bldg_polygons.geojson,1143300,c2ea8f3c168c635916a02079d2467e8756012c3bd0f57ff9310704db6fd83511,False,,True,not_checked,latest_lexical_day,True,2026-08-08,,not_extracted,False
data/bronze/namdaemun/2026-07-26/stores_raw.json,namdaemun,bronze,stores_raw.json,4229975,b315ac04092d1ad1cc4646058ce98ea3a9c8a299458a72f4bedce32ee4cf42bc,False,,True,not_checked,latest_lexical_day,True,2026-07-26,,not_extracted,False
data/bronze/namdaemun/2026-08-08/licensing_biz.json,namdaemun,bronze,licensing_biz.json,5414483,d2b36e991b50f8352ec73b17073a951b0f4827490f482f4dc3414982a97e3794,False,,True,not_checked,latest_lexical_day,False,2026-08-08,,not_extracted,False
data/bronze/namdaemun/2026-08-23/licensing_biz.json,namdaemun,bronze,licensing_biz.json,10357929,b471f969952232edcddde589cd4db3111ca9bf12b91843f7c535ba1ebec7a7a5,False,,True,not_checked,latest_lexical_day,True,2026-08-23,,not_extracted,False
data/bronze/namdaemun/2026-08-08/bldg_ledger_raw.json,namdaemun,bronze,bldg_ledger_raw.json,2,44136fa355b3678a1146ad16f7e8649e94fb4fc21fe77e8310c060f61caaff8a,False,,True,not_checked,all_snapshots_merge_evidence,True,2026-08-08,,not_extracted,False
data/bronze/namdaemun/2026-08-15/bldg_ledger_raw.json,namdaemun,bronze,bldg_ledger_raw.json,2,44136fa355b3678a1146ad16f7e8649e94fb4fc21fe77e8310c060f61caaff8a,False,,True,not_checked,all_snapshots_merge_evidence,True,2026-08-15,,not_extracted,False
data/bronze/namdaemun/2026-08-16/bldg_ledger_raw.json,namdaemun,bronze,bldg_ledger_raw.json,8777758,e4588d2495a69a3daefca1b597cbaf35e72031c6953bfdae88dd02afd73742c5,False,,True,not_checked,all_snapshots_merge_evidence,True,2026-08-16,,not_extracted,False
data/bronze/namdaemun/2026-08-16/bldg_flr_raw.json,namdaemun,bronze,bldg_flr_raw.json,3337715,afa215d8700bc2b67138b2a52520642195aca2573558b4b7deba82ca8dd0d876,False,,True,not_checked,all_snapshots_merge_evidence,True,2026-08-16,,not_extracted,False
data/bronze/namdaemun/2026-08-19/bldg_flr_raw.json,namdaemun,bronze,bldg_flr_raw.json,50655,e1fe5a9425872d0fd60f35ae2ec51a68575228dc31983cc40ae71336ba27f8d0,False,,True,not_checked,all_snapshots_merge_evidence,True,2026-08-19,,not_extracted,False
data/silver/namdaemun/building_attrs.json,namdaemun,silver,building_attrs.json,193508,2807061622f6f7542a435c4c4ca780a37a6315ebd4fee570e0da9087245b5beb,False,,True,not_checked,fixed_path,True,,,not_extracted,False
data/silver/namdaemun/expos_units.json,namdaemun,silver,expos_units.json,122012,422cde1a1a35453cb94393cba9fdedbfbb18a8654b6b5a8eee9b80b54cd0dae5,False,,True,not_checked,fixed_path,True,,,not_extracted,False
data/gold/namdaemun/building_vacancy.json,namdaemun,gold,building_vacancy.json,420767,7d0a9040cd0e7c59673b0d85895fdf33f6912dc2003fd1259ce3800dc1e42196,False,,True,not_checked,fixed_path,True,,,not_extracted,False
data/gold/namdaemun/page_building_master.geojson,namdaemun,gold,page_building_master.geojson,279355,02c3267401785861d06565f716b6ee85e80f9b99b4ada7465c07e64d395725d5,True,False,,not_checked,fixed_path,True,,,not_extracted,False
data/gold/namdaemun/coverage.json,namdaemun,gold,coverage.json,1689,72bd86c290016ec28730de3fb8aee9619ffb7a086374b2fe652769256a862649,True,False,,not_checked,fixed_path,True,,2026-09-04T23:29:45,not_extracted,False
data/gold/namdaemun/calibration.json,namdaemun,gold,calibration.json,3837,6212fd32064f3096fb2acde0e240799ad19fa3c6f2e5bcde998538d17bc5c4e3,True,False,,not_checked,fixed_path,True,,,not_extracted,False
data/gold/namdaemun/vacant_units.json,namdaemun,gold,vacant_units.json,8944,456bf04ada58735d63d49dcd2fa3267ef698daa4e467165ffd7585b7b5c5eea7,True,False,,not_checked,fixed_path,True,,2026-08-25T04:59:44+00:00,not_extracted,False
data/bronze/nokdu/2026-08-08/bldg_polygons.geojson,nokdu,bronze,bldg_polygons.geojson,695883,369d1b6f450bcb3f507b3f3d5aee0396280d6783df154a56dce1e8a90706037b,False,,True,not_checked,latest_lexical_day,True,2026-08-08,,not_extracted,False
data/bronze/nokdu/2026-07-26/stores_raw.json,nokdu,bronze,stores_raw.json,1712396,3a58ce92fc8482c68a4d4d4dec6d169ae18fb54c07538f4b0a5cceae8f29c028,False,,True,not_checked,latest_lexical_day,True,2026-07-26,,not_extracted,False
data/bronze/nokdu/2026-08-08/licensing_biz.json,nokdu,bronze,licensing_biz.json,8257278,cf1cef6b2c09a693bc4a0f8d24f4103cc0efd9dfc382aa9967279d0eedcb09a5,False,,True,not_checked,latest_lexical_day,False,2026-08-08,,not_extracted,False
data/bronze/nokdu/2026-08-23/licensing_biz.json,nokdu,bronze,licensing_biz.json,14983945,6aca6bf709a8a2527553f968b212b31f2d59da3016fa1cde64d599c5ede35c43,False,,True,not_checked,latest_lexical_day,True,2026-08-23,,not_extracted,False
data/bronze/nokdu/2026-08-08/bldg_ledger_raw.json,nokdu,bronze,bldg_ledger_raw.json,2,44136fa355b3678a1146ad16f7e8649e94fb4fc21fe77e8310c060f61caaff8a,False,,True,not_checked,all_snapshots_merge_evidence,True,2026-08-08,,not_extracted,False
data/bronze/nokdu/2026-08-15/bldg_ledger_raw.json,nokdu,bronze,bldg_ledger_raw.json,3682677,b8f89e75558ad4d867b95261f88a223865303f461d712233f3b6778a9b6fa6bd,False,,True,not_checked,all_snapshots_merge_evidence,True,2026-08-15,,not_extracted,False
data/bronze/nokdu/2026-08-15/bldg_flr_raw.json,nokdu,bronze,bldg_flr_raw.json,2929287,55957fbe2a5a00f1cab56b3ad1748b5609474358750efe8ef5b9a51e8f9aba4b,False,,True,not_checked,all_snapshots_merge_evidence,True,2026-08-15,,not_extracted,False
data/bronze/nokdu/2026-08-19/bldg_flr_raw.json,nokdu,bronze,bldg_flr_raw.json,101473,61fdb9d6b5b87db307e91c958b91ce790ec3266a416ba0fa90cef92a94b08f1a,False,,True,not_checked,all_snapshots_merge_evidence,True,2026-08-19,,not_extracted,False
data/silver/nokdu/building_attrs.json,nokdu,silver,building_attrs.json,180269,7b6cb71fea5cef837cea3b377f7732c5360e112b52cafa86e134eb022cc83db5,False,,True,not_checked,fixed_path,True,,,not_extracted,False
data/silver/nokdu/expos_units.json,nokdu,silver,expos_units.json,18620,5939c9ee008b8cf8693b9f8d58d859632dc060d212f4eb3f29784f20597d3139,False,,True,not_checked,fixed_path,True,,,not_extracted,False
data/gold/nokdu/building_vacancy.json,nokdu,gold,building_vacancy.json,398102,90e975df6e4df460e1bda3fc5f3621913cf7352fa801dfbd70c913a15e4b6e7f,False,,True,not_checked,fixed_path,True,,,not_extracted,False
data/gold/nokdu/page_building_master.geojson,nokdu,gold,page_building_master.geojson,196948,099c3308caab6c7037a81951919cffbd69ce8122f080c05c5f4e95293b4a384d,True,False,,not_checked,fixed_path,True,,,not_extracted,False
data/gold/nokdu/coverage.json,nokdu,gold,coverage.json,1647,24570e55d0a44199d9627102380f2e19d0e6b52fa11b669d5bb0a37709326d28,True,False,,not_checked,fixed_path,True,,2026-09-04T23:28:50,not_extracted,False
data/gold/nokdu/calibration.json,nokdu,gold,calibration.json,3832,798f7a8c6757fe9c1475372a7513d02574e01121bf8987891f882996ec1202d0,True,False,,not_checked,fixed_path,True,,,not_extracted,False
data/gold/nokdu/vacant_units.json,nokdu,gold,vacant_units.json,10826,2dc1cb9e17915375af4d913bbe80876ec93cc77ed719a4f8069c01223c56fadb,True,False,,not_checked,fixed_path,True,,2026-08-25T04:59:42+00:00,not_extracted,False
data/bronze/nonhyeon/2026-08-08/bldg_polygons.geojson,nonhyeon,bronze,bldg_polygons.geojson,2822272,10b2398862e996250bd7ca3f2140657e4d1bdba56a98c87e98c641c4b6404899,False,,True,not_checked,latest_lexical_day,True,2026-08-08,,not_extracted,False
data/bronze/nonhyeon/2026-07-26/stores_raw.json,nonhyeon,bronze,stores_raw.json,6910331,d00e9394a4c032b125d9ecc8daa564f5d2d7e4dfdbd6cdd4e76dd79be59320d5,False,,True,not_checked,latest_lexical_day,True,2026-07-26,,not_extracted,False
data/bronze/nonhyeon/2026-08-08/licensing_biz.json,nonhyeon,bronze,licensing_biz.json,17991049,acfe83a3d7e4f7b8b9e8507180a05e757df53335f74a1c4e996ab7bf5672ca10,False,,True,not_checked,latest_lexical_day,False,2026-08-08,,not_extracted,False
data/bronze/nonhyeon/2026-08-23/licensing_biz.json,nonhyeon,bronze,licensing_biz.json,31694364,3d56d6c10b90ccc70c367914460244fd655f18f02b092c7a2c9bb0f6c944b20a,False,,True,not_checked,latest_lexical_day,True,2026-08-23,,not_extracted,False
data/bronze/nonhyeon/2026-08-15/bldg_ledger_raw.json,nonhyeon,bronze,bldg_ledger_raw.json,2,44136fa355b3678a1146ad16f7e8649e94fb4fc21fe77e8310c060f61caaff8a,False,,True,not_checked,all_snapshots_merge_evidence,True,2026-08-15,,not_extracted,False
data/bronze/nonhyeon/2026-08-16/bldg_ledger_raw.json,nonhyeon,bronze,bldg_ledger_raw.json,10625312,7e258511fa27e0b366bb69205746cf39a573c09433bd632e8936cd79454a3eec,False,,True,not_checked,all_snapshots_merge_evidence,True,2026-08-16,,not_extracted,False
data/bronze/nonhyeon/2026-08-16/bldg_flr_raw.json,nonhyeon,bronze,bldg_flr_raw.json,7491283,e909aabcb575d5343208d0195c0547a21c102091115d22f6d4ff80179476e9b4,False,,True,not_checked,all_snapshots_merge_evidence,True,2026-08-16,,not_extracted,False
data/bronze/nonhyeon/2026-08-19/bldg_flr_raw.json,nonhyeon,bronze,bldg_flr_raw.json,16355,a78d5f928079dd79cbd6ce018d8b64f179b61310be284c2edc38a8ff329b5a3e,False,,True,not_checked,all_snapshots_merge_evidence,True,2026-08-19,,not_extracted,False
data/silver/nonhyeon/building_attrs.json,nonhyeon,silver,building_attrs.json,385117,8ae4617966f36548d0e87c75143d938d34c0b27e42ad069046895f360db42086,False,,True,not_checked,fixed_path,True,,,not_extracted,False
data/silver/nonhyeon/expos_units.json,nonhyeon,silver,expos_units.json,81671,f1e2d833dd878e48ab5c337267478f40bdb43b7220c2cf40949a6993b4a664ed,False,,True,not_checked,fixed_path,True,,,not_extracted,False
data/gold/nonhyeon/building_vacancy.json,nonhyeon,gold,building_vacancy.json,758454,6366757bb99d6bab1b168561cbe2d9a81b3c2adf64aa3908efe6280b754c0d71,False,,True,not_checked,fixed_path,True,,,not_extracted,False
data/gold/nonhyeon/page_building_master.geojson,nonhyeon,gold,page_building_master.geojson,598744,1e73347cf6c90f3fe734f76fc354209b33181a397801bd1c0d9667e133ce8ba1,True,False,,not_checked,fixed_path,True,,,not_extracted,False
data/gold/nonhyeon/coverage.json,nonhyeon,gold,coverage.json,1687,2abfe9b8d2d01bb1f2978af6357781c16213ce949d2d37881732078dced44d42,True,False,,not_checked,fixed_path,True,,2026-09-04T23:29:30,not_extracted,False
data/gold/nonhyeon/calibration.json,nonhyeon,gold,calibration.json,3909,880f93feee531e02dd05bc4c49ea475d572bad31d26772a935715436cbf93b3c,True,False,,not_checked,fixed_path,True,,,not_extracted,False
data/gold/nonhyeon/vacant_units.json,nonhyeon,gold,vacant_units.json,11020,229de05a63e2d9f9d9dceaeb5d9a55895f7ae8666b11bdba24e4e544d7b81756,True,False,,not_checked,fixed_path,True,,2026-08-25T04:59:44+00:00,not_extracted,False
data/bronze/noryangjin/2026-08-08/bldg_polygons.geojson,noryangjin,bronze,bldg_polygons.geojson,4097005,3dabbe1bd984c2f7d8e01ad1097444efbe5486aec21619892ef68517a9c227b2,False,,True,not_checked,latest_lexical_day,True,2026-08-08,,not_extracted,False
data/bronze/noryangjin/2026-07-26/stores_raw.json,noryangjin,bronze,stores_raw.json,2643143,023e4ffd545bad12dc90ccc11e87df89b48ce0fa449511407282d7985436376b,False,,True,not_checked,latest_lexical_day,True,2026-07-26,,not_extracted,False
data/bronze/noryangjin/2026-08-08/licensing_biz.json,noryangjin,bronze,licensing_biz.json,7144349,fa98310bfc4a1ccc5dfefd4b7673bbf9b35fccc0ce195556ac0f32d1a2c57c8c,False,,True,not_checked,latest_lexical_day,False,2026-08-08,,not_extracted,False
data/bronze/noryangjin/2026-08-23/licensing_biz.json,noryangjin,bronze,licensing_biz.json,11757822,99663c71e5f8692b41e7e5fcc967e0c6be2da234ed1ec15926158c86e165c04f,False,,True,not_checked,latest_lexical_day,True,2026-08-23,,not_extracted,False
data/bronze/noryangjin/2026-08-08/bldg_ledger_raw.json,noryangjin,bronze,bldg_ledger_raw.json,2,44136fa355b3678a1146ad16f7e8649e94fb4fc21fe77e8310c060f61caaff8a,False,,True,not_checked,all_snapshots_merge_evidence,True,2026-08-08,,not_extracted,False
data/bronze/noryangjin/2026-08-15/bldg_ledger_raw.json,noryangjin,bronze,bldg_ledger_raw.json,8682911,7541e8a5fb8d0109c9522b1b6f619df985e9a001fbd5eb98b2f914428486c7f6,False,,True,not_checked,all_snapshots_merge_evidence,True,2026-08-15,,not_extracted,False
data/bronze/noryangjin/2026-08-15/bldg_flr_raw.json,noryangjin,bronze,bldg_flr_raw.json,2479108,b2c9b7cc926fd673e21f191a750d6a6ee2640ca96419994dfaa13c51f84212e3,False,,True,not_checked,all_snapshots_merge_evidence,True,2026-08-15,,not_extracted,False
data/bronze/noryangjin/2026-08-19/bldg_flr_raw.json,noryangjin,bronze,bldg_flr_raw.json,47728,cc19ba91ee21a50729cb4b3cc88f661247f5a9b6998c3d68fdfa46fdd3275806,False,,True,not_checked,all_snapshots_merge_evidence,True,2026-08-19,,not_extracted,False
data/silver/noryangjin/building_attrs.json,noryangjin,silver,building_attrs.json,180123,d28a295d661b26f59b5d135e1482b080553d326b1a37e448f12d8dcc707c36cc,False,,True,not_checked,fixed_path,True,,,not_extracted,False
data/silver/noryangjin/expos_units.json,noryangjin,silver,expos_units.json,46736,7c4e9ac72a08dfe3a918759ed1201b7fbcdc32e9c82960a9212824c1ad82ee68,False,,True,not_checked,fixed_path,True,,,not_extracted,False
data/gold/noryangjin/building_vacancy.json,noryangjin,gold,building_vacancy.json,379767,fd15424d3ec6abe0b941a90d8f231f63891e708b11eb18e378fc289e824e1497,False,,True,not_checked,fixed_path,True,,,not_extracted,False
data/gold/noryangjin/page_building_master.geojson,noryangjin,gold,page_building_master.geojson,347629,b72a727a417ee1653bc1dfb9a3bebed94c706fac54c761391864c8ad85529843,True,False,,not_checked,fixed_path,True,,,not_extracted,False
data/gold/noryangjin/coverage.json,noryangjin,gold,coverage.json,1687,c38b5e52f4499c89b4c7706552764f5414d2dc261d28051229fe1c0aca89311c,True,False,,not_checked,fixed_path,True,,2026-09-04T23:29:06,not_extracted,False
data/gold/noryangjin/calibration.json,noryangjin,gold,calibration.json,3973,ce567889eb9dd325f10569c8942692e71cc7eab716bf85c988be3c1758f117f7,True,False,,not_checked,fixed_path,True,,,not_extracted,False
data/gold/noryangjin/vacant_units.json,noryangjin,gold,vacant_units.json,11253,6a322e9b184313d1cf32b902f17b3dd0302bd38274d6b1d90fd9d7d0ee1ccd34,True,False,,not_checked,fixed_path,True,,2026-08-25T04:59:42+00:00,not_extracted,False
data/bronze/oryudong/2026-08-30/bldg_polygons.geojson,oryudong,bronze,bldg_polygons.geojson,2471365,fa6bc3d637e029bebcb4db84fb4608ee194417f64a8706497d33c18f2bef5201,False,,True,not_checked,latest_lexical_day,True,2026-08-30,,not_extracted,False
data/bronze/oryudong/2026-08-30/stores_raw.json,oryudong,bronze,stores_raw.json,1555235,976a383e9f56093b0b29c3a4f41b2f18c20d5515aa2fb39b5029f422609c5560,False,,True,not_checked,latest_lexical_day,True,2026-08-30,,not_extracted,False
data/bronze/oryudong/2026-09-01/bldg_ledger_raw.json,oryudong,bronze,bldg_ledger_raw.json,16278255,a84a7754be4eb65ad0affc3de8baff24ed94c668d696a60157a795b33909e1d7,False,,True,not_checked,all_snapshots_merge_evidence,True,2026-09-01,,not_extracted,False
data/bronze/oryudong/2026-09-01/bldg_flr_raw.json,oryudong,bronze,bldg_flr_raw.json,1285054,a8beb36ba1a034a05ef22ca7c984a21062ca0e33bee3b653f9ae8d44749b41fb,False,,True,not_checked,all_snapshots_merge_evidence,True,2026-09-01,,not_extracted,False
data/silver/oryudong/building_attrs.json,oryudong,silver,building_attrs.json,110786,6f58af8891f7338208c1b7b78338585885c41c190157a518c82854b8d53ad43c,False,,True,not_checked,fixed_path,True,,,not_extracted,False
data/gold/oryudong/building_vacancy.json,oryudong,gold,building_vacancy.json,251521,09926aa3927a82e16af29b69bb89cf78a1021ee0ee5770bd9e5da3c45a31729a,False,,True,not_checked,fixed_path,True,,,not_extracted,False
data/gold/oryudong/page_building_master.geojson,oryudong,gold,page_building_master.geojson,258684,5f5ba7faf2730860595ede5089af5bd760dfac8a2e5bfa1363ebe7f60d04f208,True,False,,not_checked,fixed_path,True,,,not_extracted,False
data/gold/oryudong/coverage.json,oryudong,gold,coverage.json,1683,717d2383faf963f5730704b1f2d40d68a57384ac7c8cc460799ab92b1a67e30a,True,False,,not_checked,fixed_path,True,,2026-09-04T23:30:29,not_extracted,False
data/gold/oryudong/calibration.json,oryudong,gold,calibration.json,3973,602324080a49db09dd63307c7e6ab942e93ca50ad97c4480c13abf61cf8bb93e,True,False,,not_checked,fixed_path,True,,,not_extracted,False
data/gold/oryudong/vacant_units.json,oryudong,gold,vacant_units.json,9452,e6e8bef887f7c4e442367e1ca06b8f4ff99bae1c8a0a6963e9c98460c155d7ae,True,False,,not_checked,fixed_path,True,,2026-09-01T13:21:55+00:00,not_extracted,False
data/bronze/sadang/2026-08-08/bldg_polygons.geojson,sadang,bronze,bldg_polygons.geojson,1219532,a146f8d3b2b9cfb25ca96793862490a0637995d4388e572cfeb6e72661299c9a,False,,True,not_checked,latest_lexical_day,True,2026-08-08,,not_extracted,False
data/bronze/sadang/2026-07-26/stores_raw.json,sadang,bronze,stores_raw.json,2866445,8d3d1dbb5dc96befe80c5b58ec89b15830aa9209fdfe1fdf1b69d10308ba54c3,False,,True,not_checked,latest_lexical_day,True,2026-07-26,,not_extracted,False
data/bronze/sadang/2026-08-08/licensing_biz.json,sadang,bronze,licensing_biz.json,7522001,530bd55423fb616d33ec1c2ea996bbc3d37b8a618f31d0a919a864c75e50be1e,False,,True,not_checked,latest_lexical_day,False,2026-08-08,,not_extracted,False
data/bronze/sadang/2026-08-23/licensing_biz.json,sadang,bronze,licensing_biz.json,13617100,5a0041a75e4d39747033ac0f70da970f0bd614e3a5568b2eff40c6d2cb7b5090,False,,True,not_checked,latest_lexical_day,True,2026-08-23,,not_extracted,False
data/bronze/sadang/2026-08-15/bldg_ledger_raw.json,sadang,bronze,bldg_ledger_raw.json,2,44136fa355b3678a1146ad16f7e8649e94fb4fc21fe77e8310c060f61caaff8a,False,,True,not_checked,all_snapshots_merge_evidence,True,2026-08-15,,not_extracted,False
data/bronze/sadang/2026-08-16/bldg_ledger_raw.json,sadang,bronze,bldg_ledger_raw.json,2,44136fa355b3678a1146ad16f7e8649e94fb4fc21fe77e8310c060f61caaff8a,False,,True,not_checked,all_snapshots_merge_evidence,True,2026-08-16,,not_extracted,False
data/bronze/sadang/2026-08-17/bldg_ledger_raw.json,sadang,bronze,bldg_ledger_raw.json,8217201,7a7c29c4df79b20e16df438a8c1d4efa6c51e3bf81e32c27d67c4ae9e69e7f4e,False,,True,not_checked,all_snapshots_merge_evidence,True,2026-08-17,,not_extracted,False
data/bronze/sadang/2026-08-17/bldg_flr_raw.json,sadang,bronze,bldg_flr_raw.json,2871111,df1b9deb0c5609488a91770f6bec874e9621aff1478721490a3236f9b7836eb7,False,,True,not_checked,all_snapshots_merge_evidence,True,2026-08-17,,not_extracted,False
data/bronze/sadang/2026-08-19/bldg_flr_raw.json,sadang,bronze,bldg_flr_raw.json,110618,7d6d9e4cd9237b16642e0e6da74843efa93746d15659a6ea43b880f67ceda332,False,,True,not_checked,all_snapshots_merge_evidence,True,2026-08-19,,not_extracted,False
data/silver/sadang/building_attrs.json,sadang,silver,building_attrs.json,197008,f92e574c7a37957a002859c8e73b9fcdab9556db33d2ebe9dedfb313dfadcee5,False,,True,not_checked,fixed_path,True,,,not_extracted,False
data/silver/sadang/expos_units.json,sadang,silver,expos_units.json,60412,7ed5d3252891fa29085a4ea821c565e88d4ff8f7300f485428cad4cf0b9f23e4,False,,True,not_checked,fixed_path,True,,,not_extracted,False
data/gold/sadang/building_vacancy.json,sadang,gold,building_vacancy.json,405358,8e05e53aa059e7c7abf183b720ad9643e05cdcbeec4b909f079f56ca63c2cb66,False,,True,not_checked,fixed_path,True,,,not_extracted,False
data/gold/sadang/page_building_master.geojson,sadang,gold,page_building_master.geojson,255917,595fe2956b74976cfd3fe5b19ee8b76fc516ccf93aa16432c6a269cf8cbcede8,True,False,,not_checked,fixed_path,True,,,not_extracted,False
data/gold/sadang/coverage.json,sadang,gold,coverage.json,1674,20907b1a3b2d8cd9b3fcae107cf355f7bda1e7b983b7ebe24615dcaa92e67333,True,False,,not_checked,fixed_path,True,,2026-09-04T23:30:15,not_extracted,False
data/gold/sadang/calibration.json,sadang,gold,calibration.json,3829,4c0c3e843db958731cc9827fe39cb43575885316303df57faac03b80f55cd669,True,False,,not_checked,fixed_path,True,,,not_extracted,False
data/gold/sadang/vacant_units.json,sadang,gold,vacant_units.json,4484,29611f9adcbd8194fcb792d27cb6cb6ae5e945873f52f4a2448b9d52894a2db9,True,False,,not_checked,fixed_path,True,,2026-08-25T04:59:46+00:00,not_extracted,False
data/bronze/samcheong/2026-08-08/bldg_polygons.geojson,samcheong,bronze,bldg_polygons.geojson,2344310,9d1bc1b94f497a1603139e65606f6962daaa02e93845494c759b3bfd8b793508,False,,True,not_checked,latest_lexical_day,True,2026-08-08,,not_extracted,False
data/bronze/samcheong/2026-07-26/stores_raw.json,samcheong,bronze,stores_raw.json,1624443,cf5f67e2ad794c33f9e850e2af15ccdfd946448f412f177ce3b3531ed87b359c,False,,True,not_checked,latest_lexical_day,True,2026-07-26,,not_extracted,False
data/bronze/samcheong/2026-08-08/licensing_biz.json,samcheong,bronze,licensing_biz.json,923365,0de0e612eef86f2d0187c75a95f461af8f6ac9bcca16a9a2e8cd2b3dd9393bc5,False,,True,not_checked,latest_lexical_day,False,2026-08-08,,not_extracted,False
data/bronze/samcheong/2026-08-23/licensing_biz.json,samcheong,bronze,licensing_biz.json,1233488,448d21d8191c791a5b880dd83496563f31eb9cef9767aa4e9e40a43ce977c536,False,,True,not_checked,latest_lexical_day,True,2026-08-23,,not_extracted,False
data/bronze/samcheong/2026-08-09/bldg_ledger_raw.json,samcheong,bronze,bldg_ledger_raw.json,1859034,3b541db860fea5cc3c05721a4c84253a128406bb2079556e10f0fd4a31fb999a,False,,True,not_checked,all_snapshots_merge_evidence,True,2026-08-09,,not_extracted,False
data/bronze/samcheong/2026-08-15/bldg_flr_raw.json,samcheong,bronze,bldg_flr_raw.json,1890619,690494847b988b13b26f819a43aa00acf33d2d8a2d788f05de9440af54d50581,False,,True,not_checked,all_snapshots_merge_evidence,True,2026-08-15,,not_extracted,False
data/bronze/samcheong/2026-08-17/bldg_flr_raw.json,samcheong,bronze,bldg_flr_raw.json,99270,248307ff0582352b48b108d2cde561c98bc99cd197bd1aaa51dd777c952743de,False,,True,not_checked,all_snapshots_merge_evidence,True,2026-08-17,,not_extracted,False
data/bronze/samcheong/2026-08-19/bldg_flr_raw.json,samcheong,bronze,bldg_flr_raw.json,59767,2d801e726777a9d16f90682ee2092693fcafbdc986fc47d24d39ead62cc915d6,False,,True,not_checked,all_snapshots_merge_evidence,True,2026-08-19,,not_extracted,False
data/silver/samcheong/building_attrs.json,samcheong,silver,building_attrs.json,212700,da0f0f97eb31d6f014743124b47338d3e63dc12d1dc5c7d8db75ac786de00132,False,,True,not_checked,fixed_path,True,,,not_extracted,False
data/silver/samcheong/expos_units.json,samcheong,silver,expos_units.json,5662,8b919409805784580badd73978886444f0580ef36d87af9f97b000f377dda273,False,,True,not_checked,fixed_path,True,,,not_extracted,False
data/gold/samcheong/building_vacancy.json,samcheong,gold,building_vacancy.json,448116,0a2d135f633990d57c071e026ac68d2bc27ada4dd7a582037360cc83fa41e16a,False,,True,not_checked,fixed_path,True,,,not_extracted,False
data/gold/samcheong/page_building_master.geojson,samcheong,gold,page_building_master.geojson,411068,c0045ffee644515a2a840b691744e82ce595ba9a43b54ecda702c3b8e87e02fc,True,False,,not_checked,fixed_path,True,,,not_extracted,False
data/gold/samcheong/coverage.json,samcheong,gold,coverage.json,1690,a211a624bbb54ea3ed83e4bf5d9a01d71d37fd1af552eade13a9ca65eca6f6b8,True,False,,not_checked,fixed_path,True,,2026-09-04T23:27:43,not_extracted,False
data/gold/samcheong/calibration.json,samcheong,gold,calibration.json,3836,bf5d56a342e4a8c993216a7a03dc1de2f9215a8b221498590a09fe3a9fee68ce,True,False,,not_checked,fixed_path,True,,,not_extracted,False
data/gold/samcheong/vacant_units.json,samcheong,gold,vacant_units.json,6640,e66fe355e824a3cf1e7d1964b8742ec164e964302f8671232142e39c232d1205,True,False,,not_checked,fixed_path,True,,2026-08-25T04:59:40+00:00,not_extracted,False
data/bronze/sangbong/2026-08-30/bldg_polygons.geojson,sangbong,bronze,bldg_polygons.geojson,4135180,7504049553e2ec39a5077b62347ef888b5f78c26df11a8cd9584bddeb3f6e4bf,False,,True,not_checked,latest_lexical_day,True,2026-08-30,,not_extracted,False
data/bronze/sangbong/2026-08-30/stores_raw.json,sangbong,bronze,stores_raw.json,2826053,554cbf3df67a41b9bc4b82b3474114033ec7ad462a52f4656f030fbb0463da8a,False,,True,not_checked,latest_lexical_day,True,2026-08-30,,not_extracted,False
data/bronze/sangbong/2026-09-01/bldg_ledger_raw.json,sangbong,bronze,bldg_ledger_raw.json,22873965,6d59fdf4e7eee02e75fc416187c3b3e4f1cce865d76b86464c3d507c7f14b68d,False,,True,not_checked,all_snapshots_merge_evidence,True,2026-09-01,,not_extracted,False
data/bronze/sangbong/2026-09-01/bldg_flr_raw.json,sangbong,bronze,bldg_flr_raw.json,3066073,2988a07a265d47a6bd59e71045e681f63492687b21fb45b85fd321cdf8f44baa,False,,True,not_checked,all_snapshots_merge_evidence,True,2026-09-01,,not_extracted,False
data/silver/sangbong/building_attrs.json,sangbong,silver,building_attrs.json,233980,33d8c77d1f6324418698562cf3dfd7b6748447ae0d27a680bf85bdf3af0dc168,False,,True,not_checked,fixed_path,True,,,not_extracted,False
data/gold/sangbong/building_vacancy.json,sangbong,gold,building_vacancy.json,526182,42d31db4fc8d324a2da80f19da30ed373775c8b209724f4757e0205f7fd17c0b,False,,True,not_checked,fixed_path,True,,,not_extracted,False
data/gold/sangbong/page_building_master.geojson,sangbong,gold,page_building_master.geojson,392473,2e8399263c9957bb03873cb16ac45648ff5c195b419e83d214d5b1428d9bcffa,True,False,,not_checked,fixed_path,True,,,not_extracted,False
data/gold/sangbong/coverage.json,sangbong,gold,coverage.json,1681,8c06e0b1b912006fff5aa82e4098f6fec552eb289de22c426d7f8cfcc6560635,True,False,,not_checked,fixed_path,True,,2026-09-04T23:30:28,not_extracted,False
data/gold/sangbong/calibration.json,sangbong,gold,calibration.json,3903,2807b836cace4c208b56e95c9ac0a2af470b7b98f6b935d130ebcf9bb65941f2,True,False,,not_checked,fixed_path,True,,,not_extracted,False
data/gold/sangbong/vacant_units.json,sangbong,gold,vacant_units.json,10702,a0240e8399f686984fb8434667fe4603b0da5d3a4812d358b7459072b670c8e0,True,False,,not_checked,fixed_path,True,,2026-09-01T13:58:43+00:00,not_extracted,False
data/bronze/sanggye/2026-08-30/bldg_polygons.geojson,sanggye,bronze,bldg_polygons.geojson,3350126,a45c42a237334be8392914c11b48cc724d9855757b7124e36f4698dc64e43e72,False,,True,not_checked,latest_lexical_day,True,2026-08-30,,not_extracted,False
data/bronze/sanggye/2026-08-30/stores_raw.json,sanggye,bronze,stores_raw.json,2806307,de86ee9bb8eaf27269eaa4025f523a9a64b90eb100efd4b8da9fb4003d077ee7,False,,True,not_checked,latest_lexical_day,True,2026-08-30,,not_extracted,False
data/bronze/sanggye/2026-09-01/bldg_ledger_raw.json,sanggye,bronze,bldg_ledger_raw.json,14523326,c308daf87752b08bf8bd862026f429b31869724cdfc38c4b162852a6a4ef9340,False,,True,not_checked,all_snapshots_merge_evidence,True,2026-09-01,,not_extracted,False
data/bronze/sanggye/2026-09-01/bldg_flr_raw.json,sanggye,bronze,bldg_flr_raw.json,2299241,d3b8d98cc10ec3c0e60dc136285ae6496c75455bef6112306cc634f1df3f8d47,False,,True,not_checked,all_snapshots_merge_evidence,True,2026-09-01,,not_extracted,False
data/silver/sanggye/building_attrs.json,sanggye,silver,building_attrs.json,197165,ea9c0bca8b00fd9ad12fc1434ba9ae47262c2fb031586ef379c02cd81ac0e227,False,,True,not_checked,fixed_path,True,,,not_extracted,False
data/gold/sanggye/building_vacancy.json,sanggye,gold,building_vacancy.json,460860,a7cc034fa643360f9a2c6de8dda7bd20d1de8a8c6c049f6e27ceb6b274da18e3,False,,True,not_checked,fixed_path,True,,,not_extracted,False
data/gold/sanggye/page_building_master.geojson,sanggye,gold,page_building_master.geojson,470667,0b2b9d5bd4ab89c42c5262b36d6d8e1742880444fbde7d855e319f44ce57863d,True,False,,not_checked,fixed_path,True,,,not_extracted,False
data/gold/sanggye/coverage.json,sanggye,gold,coverage.json,1680,513a2987e46354993fde0348d8882a94ea446c7a4292ab82ade83319a2971943,True,False,,not_checked,fixed_path,True,,2026-09-04T23:30:27,not_extracted,False
data/gold/sanggye/calibration.json,sanggye,gold,calibration.json,3769,5253dc47819c79c816632a3e171fc3e4c0191d3aae8df8e3e80176d116096f9f,True,False,,not_checked,fixed_path,True,,,not_extracted,False
data/gold/sanggye/vacant_units.json,sanggye,gold,vacant_units.json,10445,540913c7150de033482f8b3c5793d4865a764349dfbacb23217e1e6c14248fdb,True,False,,not_checked,fixed_path,True,,2026-09-01T12:46:03+00:00,not_extracted,False
data/bronze/seochon/2026-07-25/bldg_polygons.geojson,seochon,bronze,bldg_polygons.geojson,3838432,56b66c3d835e73ba6130f514409c7f6a31eada9140d1b7d1149a49f70f75355c,False,,True,not_checked,latest_lexical_day,True,2026-07-25,,not_extracted,False
data/bronze/seochon/2026-07-25/stores_raw.json,seochon,bronze,stores_raw.json,2689715,07d8a5a2027cf9e7650476813e45ba5e05dc5fc2a4a08d5a285eeecf62a9cc1c,False,,True,not_checked,latest_lexical_day,True,2026-07-25,,not_extracted,False
data/bronze/seochon/2026-07-25/licensing_biz.json,seochon,bronze,licensing_biz.json,1895849,c3fd6c9568f35ba395a32e32a345a181e6232182fddd3ac25487d1843e245dd0,False,,True,not_checked,latest_lexical_day,False,2026-07-25,,not_extracted,False
data/bronze/seochon/2026-08-23/licensing_biz.json,seochon,bronze,licensing_biz.json,2875581,8fe1f01528c787f8ce70793fe766d9d485966890f45b9d98fe03f948a35c4f1e,False,,True,not_checked,latest_lexical_day,True,2026-08-23,,not_extracted,False
data/bronze/seochon/2026-07-25/bldg_ledger_raw.json,seochon,bronze,bldg_ledger_raw.json,739,88cc4d864b3d62e4ee3367ac54cdd5e6102bad2acffb034c0df0c60a87b369ce,False,,True,not_checked,all_snapshots_merge_evidence,True,2026-07-25,,not_extracted,False
data/bronze/seochon/2026-07-26/bldg_ledger_raw.json,seochon,bronze,bldg_ledger_raw.json,8623198,73bd5b759b964bffbf331af54b12138276ff7d76509ccdd781159989825b1a43,False,,True,not_checked,all_snapshots_merge_evidence,True,2026-07-26,,not_extracted,False
data/bronze/seochon/2026-07-27/bldg_ledger_raw.json,seochon,bronze,bldg_ledger_raw.json,8623198,73bd5b759b964bffbf331af54b12138276ff7d76509ccdd781159989825b1a43,False,,True,not_checked,all_snapshots_merge_evidence,True,2026-07-27,,not_extracted,False
data/bronze/seochon/2026-07-26/bldg_flr_raw.json,seochon,bronze,bldg_flr_raw.json,2189058,4a79634fad9efff28e9196bb110cbbe21a7231f0536bb94d0af36f447bd0fe1e,False,,True,not_checked,all_snapshots_merge_evidence,True,2026-07-26,,not_extracted,False
data/bronze/seochon/2026-08-19/bldg_flr_raw.json,seochon,bronze,bldg_flr_raw.json,67645,4ef3057b9a9339942724e0105b9a40369ee11662d3c8de5e77cca7fd21050e5f,False,,True,not_checked,all_snapshots_merge_evidence,True,2026-08-19,,not_extracted,False
data/silver/seochon/building_attrs.json,seochon,silver,building_attrs.json,268198,81ff3cbc44536fdc75f179e3f226f4413e26bab50e89684bebd60fa10eeca25d,False,,True,not_checked,fixed_path,True,,,not_extracted,False
data/silver/seochon/expos_units.json,seochon,silver,expos_units.json,47442,09eb18ef647f822d99be24970fa09bfdf623aed38c0838889d443056d36acaae,False,,True,not_checked,fixed_path,True,,,not_extracted,False
data/gold/seochon/building_vacancy.json,seochon,gold,building_vacancy.json,546263,2ddadb9a4f2e106922a3f1dd5c657860dbfc099fe7ecd04479bb434bafa00fe5,False,,True,not_checked,fixed_path,True,,,not_extracted,False
data/gold/seochon/page_building_master.geojson,seochon,gold,page_building_master.geojson,604615,d1f90aa8d3223acd8387be259f0e089684fe455af7418e6ac1c741adb251cf7c,True,False,,not_checked,fixed_path,True,,,not_extracted,False
data/gold/seochon/coverage.json,seochon,gold,coverage.json,1683,d31683e5c9b60b5b115201ebe48539c0446ae4a2b825f1930d92ad6d54f670eb,True,False,,not_checked,fixed_path,True,,2026-09-04T23:27:00,not_extracted,False
data/gold/seochon/calibration.json,seochon,gold,calibration.json,3841,b6df157a3197ee9991e7f685f24bddbdab55010c73cdee43cb69291b4c4a76dc,True,False,,not_checked,fixed_path,True,,,not_extracted,False
data/gold/seochon/vacant_units.json,seochon,gold,vacant_units.json,10064,a1f0edef8485995d339114723074d9c9166d83bbd722fc198b55027634727b17,True,False,,not_checked,fixed_path,True,,2026-08-25T04:59:37+00:00,not_extracted,False
data/bronze/seolleung/2026-08-08/bldg_polygons.geojson,seolleung,bronze,bldg_polygons.geojson,2869494,aaeb5836194512702f73682285b209408c15465e3a701ad67b129e71b8906e37,False,,True,not_checked,latest_lexical_day,True,2026-08-08,,not_extracted,False
data/bronze/seolleung/2026-07-26/stores_raw.json,seolleung,bronze,stores_raw.json,11264025,fd6a8e5af4ccba967da992ed5ea8dd5672c929e727cfde53fa5854fc6641e00c,False,,True,not_checked,latest_lexical_day,True,2026-07-26,,not_extracted,False
data/bronze/seolleung/2026-08-08/licensing_biz.json,seolleung,bronze,licensing_biz.json,18895571,d56a3f6861a7d69009d8f98bf59c86328fa04929fe92521d6fee72956bf91c51,False,,True,not_checked,latest_lexical_day,False,2026-08-08,,not_extracted,False
data/bronze/seolleung/2026-08-23/licensing_biz.json,seolleung,bronze,licensing_biz.json,31586738,77ddbab3f0b05f59757851f1b133b39cd123ed7f99ff173723fdfa613d192def,False,,True,not_checked,latest_lexical_day,True,2026-08-23,,not_extracted,False
data/bronze/seolleung/2026-08-15/bldg_ledger_raw.json,seolleung,bronze,bldg_ledger_raw.json,2,44136fa355b3678a1146ad16f7e8649e94fb4fc21fe77e8310c060f61caaff8a,False,,True,not_checked,all_snapshots_merge_evidence,True,2026-08-15,,not_extracted,False
data/bronze/seolleung/2026-08-16/bldg_ledger_raw.json,seolleung,bronze,bldg_ledger_raw.json,43010797,28aa1165c8f5929cfc5f0b06d3d66f82a8f2eab1c144a978c13a110ffe0bbc5c,False,,True,not_checked,all_snapshots_merge_evidence,True,2026-08-16,,not_extracted,False
data/bronze/seolleung/2026-08-16/bldg_flr_raw.json,seolleung,bronze,bldg_flr_raw.json,10410987,56118e4656985bbe389c7c73e81370268b6d548dff58ce1048ab2a762ccddd6b,False,,True,not_checked,all_snapshots_merge_evidence,True,2026-08-16,,not_extracted,False
data/bronze/seolleung/2026-08-19/bldg_flr_raw.json,seolleung,bronze,bldg_flr_raw.json,229610,6f6e0d3fe010ac12ac3b677bb5794da586c675b181a9b7fabeeba4638d11a686,False,,True,not_checked,all_snapshots_merge_evidence,True,2026-08-19,,not_extracted,False
data/silver/seolleung/building_attrs.json,seolleung,silver,building_attrs.json,372877,284a54bdcf500c87f9b48e293e17bf790bf0fc9472ee87940a65209509a8a139,False,,True,not_checked,fixed_path,True,,,not_extracted,False
data/silver/seolleung/expos_units.json,seolleung,silver,expos_units.json,214963,bf77a24c8745d381dc51af722aee20caedd0ffa82a3f9eeb255a12af2ff1a8c4,False,,True,not_checked,fixed_path,True,,,not_extracted,False
data/gold/seolleung/building_vacancy.json,seolleung,gold,building_vacancy.json,746823,2b2fc0593a573cba4b14f9ee51b8b9e7ef1eb985c8fe5ce8e00a2d0a2a87b699,False,,True,not_checked,fixed_path,True,,,not_extracted,False
data/gold/seolleung/page_building_master.geojson,seolleung,gold,page_building_master.geojson,653396,6e5cf6b69f60c79451a90c13696cc268f53f5fd8f846c2f60c5ca201f5db5698,True,False,,not_checked,fixed_path,True,,,not_extracted,False
data/gold/seolleung/coverage.json,seolleung,gold,coverage.json,1685,042270df6ab3b6655259912911505240d383ab7d851c4a635460876a33b9517c,True,False,,not_checked,fixed_path,True,,2026-09-04T23:29:42,not_extracted,False
data/gold/seolleung/calibration.json,seolleung,gold,calibration.json,3975,1824c2ac884a24a2db0c70410e29a654e5e5d517f2741e328b077069bd2c2d97,True,False,,not_checked,fixed_path,True,,,not_extracted,False
data/gold/seolleung/vacant_units.json,seolleung,gold,vacant_units.json,11501,6307f297c54804dd7a818419fca295384cec9aee696b4dc5a60f299cbaf27863,True,False,,not_checked,fixed_path,True,,2026-08-25T04:59:44+00:00,not_extracted,False
data/bronze/seongsu/2026-07-25/bldg_polygons.geojson,seongsu,bronze,bldg_polygons.geojson,2276822,70ab7509175bba87b27397807ab5d6c0fea0e115a2b2a4d05bc92735e43ee192,False,,True,not_checked,latest_lexical_day,True,2026-07-25,,not_extracted,False
data/bronze/seongsu/2026-07-25/stores_raw.json,seongsu,bronze,stores_raw.json,5732849,f3adb20295e46dd1352e4f91dc573316bc9e971f9db366252989f50d37fd261d,False,,True,not_checked,latest_lexical_day,True,2026-07-25,,not_extracted,False
data/bronze/seongsu/2026-07-25/licensing_biz.json,seongsu,bronze,licensing_biz.json,4464904,34acb3047894ae9eb29e06d6454676b86f1b43fbcd5a5a1f750ea44395f58a2b,False,,True,not_checked,latest_lexical_day,False,2026-07-25,,not_extracted,False
data/bronze/seongsu/2026-08-23/licensing_biz.json,seongsu,bronze,licensing_biz.json,7600747,7c2110983a5359ae61fe38719e8b4d92c9a2ded2ad1fb004ec85390d6e250829,False,,True,not_checked,latest_lexical_day,True,2026-08-23,,not_extracted,False
data/bronze/seongsu/2026-07-25/bldg_ledger_raw.json,seongsu,bronze,bldg_ledger_raw.json,57373186,e5e58706addce054a1ba9ca3e4bc375468a62ea4a94d8939aab4dd39df950dbd,False,,True,not_checked,all_snapshots_merge_evidence,True,2026-07-25,,not_extracted,False
data/bronze/seongsu/2026-07-27/bldg_ledger_raw.json,seongsu,bronze,bldg_ledger_raw.json,57373186,e5e58706addce054a1ba9ca3e4bc375468a62ea4a94d8939aab4dd39df950dbd,False,,True,not_checked,all_snapshots_merge_evidence,True,2026-07-27,,not_extracted,False
data/bronze/seongsu/2026-07-26/bldg_flr_raw.json,seongsu,bronze,bldg_flr_raw.json,3746189,801c0bd8705825f2748a2c37696769c71958ee5172b7d47214bc699492735ff1,False,,True,not_checked,all_snapshots_merge_evidence,True,2026-07-26,,not_extracted,False
data/bronze/seongsu/2026-08-19/bldg_flr_raw.json,seongsu,bronze,bldg_flr_raw.json,29207,460f519c49ab98f662721cf9c75bfd9b87617d2a706725d43fc5beddbc7d8ff9,False,,True,not_checked,all_snapshots_merge_evidence,True,2026-08-19,,not_extracted,False
data/silver/seongsu/building_attrs.json,seongsu,silver,building_attrs.json,258629,abbf05b6f4ce1e8e953e860d6238f63a0d7594d0b3cdc61d945a6e184469195f,False,,True,not_checked,fixed_path,True,,,not_extracted,False
data/silver/seongsu/expos_units.json,seongsu,silver,expos_units.json,100046,c74774a91d484e37094eea21605bd2ff81786bb010d8850811a1030ce0777a29,False,,True,not_checked,fixed_path,True,,,not_extracted,False
data/gold/seongsu/building_vacancy.json,seongsu,gold,building_vacancy.json,535888,57aa7174121a94d909ad7dea0e9707d861b3dc1c017d79186e21a84ecd665b0f,False,,True,not_checked,fixed_path,True,,,not_extracted,False
data/gold/seongsu/page_building_master.geojson,seongsu,gold,page_building_master.geojson,567484,9623c2a115839f7b13a26904933aad56b0f30ffe7f8a3eb985c1dedab38efa5c,True,False,,not_checked,fixed_path,True,,,not_extracted,False
data/gold/seongsu/coverage.json,seongsu,gold,coverage.json,1697,15df31e68ec70945aecd3328b844469b547cf08695c317683e8daab3856ce5a5,True,False,,not_checked,fixed_path,True,,2026-09-04T23:27:12,not_extracted,False
data/gold/seongsu/calibration.json,seongsu,gold,calibration.json,3968,a49091657932919b2f09db70916d68389a787dd0f590983fb2b4dc9dbe4cff97,True,False,,not_checked,fixed_path,True,,,not_extracted,False
data/gold/seongsu/vacant_units.json,seongsu,gold,vacant_units.json,10883,ec13af3b43a26d7ac5ba05e3dc0aa6677ea151388651ff6e865660878b587110,True,False,,not_checked,fixed_path,True,,2026-08-25T04:59:38+00:00,not_extracted,False
data/bronze/seoulsup/2026-07-25/bldg_polygons.geojson,seoulsup,bronze,bldg_polygons.geojson,2137890,3d891c2ae80e4c5db6168ec3033dcd0ae7198c9399208cc64d728188b4c1ed21,False,,True,not_checked,latest_lexical_day,True,2026-07-25,,not_extracted,False
data/bronze/seoulsup/2026-07-25/stores_raw.json,seoulsup,bronze,stores_raw.json,3419061,ba6ea88192fa97a6d9b0a5816308072c75d0ba9b03f5c0b551765f6eafc3ec98,False,,True,not_checked,latest_lexical_day,True,2026-07-25,,not_extracted,False
data/bronze/seoulsup/2026-07-25/licensing_biz.json,seoulsup,bronze,licensing_biz.json,4216399,2c1733723c734f314f76b9e4c189987391a6aa562ba07e8eda2c2d4a073bfb21,False,,True,not_checked,latest_lexical_day,False,2026-07-25,,not_extracted,False
data/bronze/seoulsup/2026-08-23/licensing_biz.json,seoulsup,bronze,licensing_biz.json,7154928,4eb2df0a701b041757f7a5c274fd9cf5712e9635bf3012b3bcfb549bb6529f78,False,,True,not_checked,latest_lexical_day,True,2026-08-23,,not_extracted,False
data/bronze/seoulsup/2026-07-25/bldg_ledger_raw.json,seoulsup,bronze,bldg_ledger_raw.json,68750220,0d702ad823bdd1e152b30aae32770896028d82305795795ff5f245604d16fb47,False,,True,not_checked,all_snapshots_merge_evidence,True,2026-07-25,,not_extracted,False
data/bronze/seoulsup/2026-07-27/bldg_ledger_raw.json,seoulsup,bronze,bldg_ledger_raw.json,68750220,0d702ad823bdd1e152b30aae32770896028d82305795795ff5f245604d16fb47,False,,True,not_checked,all_snapshots_merge_evidence,True,2026-07-27,,not_extracted,False
data/bronze/seoulsup/2026-07-26/bldg_flr_raw.json,seoulsup,bronze,bldg_flr_raw.json,2837950,8e1b7243656091019bcf36307c3b38498cdd6d0ad09aa88788ab5a547fc0a600,False,,True,not_checked,all_snapshots_merge_evidence,True,2026-07-26,,not_extracted,False
data/bronze/seoulsup/2026-08-19/bldg_flr_raw.json,seoulsup,bronze,bldg_flr_raw.json,33766,87c7a02521b2bca9eeec4f3e1428acbfd8d93a8d7c187756bff6b40fbc6e4d29,False,,True,not_checked,all_snapshots_merge_evidence,True,2026-08-19,,not_extracted,False
data/silver/seoulsup/building_attrs.json,seoulsup,silver,building_attrs.json,207340,66197ad33ab0495bf86857f2d4588c0ab1026914c2944b574b6bfe43533875f1,False,,True,not_checked,fixed_path,True,,,not_extracted,False
data/silver/seoulsup/expos_units.json,seoulsup,silver,expos_units.json,82528,3c12e9c1e05d0d6da87bc485d17920b5c5e29b0c9e4c6962cb19f4227a646e54,False,,True,not_checked,fixed_path,True,,,not_extracted,False
data/gold/seoulsup/building_vacancy.json,seoulsup,gold,building_vacancy.json,428764,4b0bbc20516bd1f53bcae02c789603f00043677df9ca50ec31285d0b9aa0eca2,False,,True,not_checked,fixed_path,True,,,not_extracted,False
data/gold/seoulsup/page_building_master.geojson,seoulsup,gold,page_building_master.geojson,484562,5f4e22d037628e1ce7ea72652b6c29d688ea530c7a4e2b81b08cd133b80f1084,True,False,,not_checked,fixed_path,True,,,not_extracted,False
data/gold/seoulsup/coverage.json,seoulsup,gold,coverage.json,1698,594291d2d45746a1a1843741ec1a7fb8af246df2a0c5bc8630299f2652798fb9,True,False,,not_checked,fixed_path,True,,2026-09-04T23:27:14,not_extracted,False
data/gold/seoulsup/calibration.json,seoulsup,gold,calibration.json,3833,0b45a3d628e6627a9330c904fde36e5982fcc7a2f6cce786eaa41fa075d580d3,True,False,,not_checked,fixed_path,True,,,not_extracted,False
data/gold/seoulsup/vacant_units.json,seoulsup,gold,vacant_units.json,11978,b243f92fb863a67a3a4d86a659734a104b3a95b6db1e507ece0d47f4eb2df5fd,True,False,,not_checked,fixed_path,True,,2026-08-25T04:59:38+00:00,not_extracted,False
data/bronze/sharosugil/2026-08-08/bldg_polygons.geojson,sharosugil,bronze,bldg_polygons.geojson,2558509,3f3522417bb5668bded91bd0e909fba8f0c83a0825e51caf41851a221383813b,False,,True,not_checked,latest_lexical_day,True,2026-08-08,,not_extracted,False
data/bronze/sharosugil/2026-07-26/stores_raw.json,sharosugil,bronze,stores_raw.json,3318657,b1b42760ec8197ae333ca4b58228a14444175c58b55bd4e71e9f075d3400af43,False,,True,not_checked,latest_lexical_day,True,2026-07-26,,not_extracted,False
data/bronze/sharosugil/2026-08-08/licensing_biz.json,sharosugil,bronze,licensing_biz.json,6864485,368b48083230419e320562e31279d87cd1b1eba61a90147deb30e8b5f8e7695c,False,,True,not_checked,latest_lexical_day,False,2026-08-08,,not_extracted,False
data/bronze/sharosugil/2026-08-23/licensing_biz.json,sharosugil,bronze,licensing_biz.json,12562970,03265ed71959a23fcbf8eb2a244a56d256bee95efbebf23c13fd9fdbf9578ba3,False,,True,not_checked,latest_lexical_day,True,2026-08-23,,not_extracted,False
data/bronze/sharosugil/2026-08-15/bldg_ledger_raw.json,sharosugil,bronze,bldg_ledger_raw.json,24024288,36af2bca86633c178f7836953ea807c1271d332f9220349a42bdc68739288fe9,False,,True,not_checked,all_snapshots_merge_evidence,True,2026-08-15,,not_extracted,False
data/bronze/sharosugil/2026-08-15/bldg_flr_raw.json,sharosugil,bronze,bldg_flr_raw.json,3370817,12558c77811d6a751328c347bc6fcb2ba4bffa8c233b8944c9e3e6282fac2266,False,,True,not_checked,all_snapshots_merge_evidence,True,2026-08-15,,not_extracted,False
data/bronze/sharosugil/2026-08-19/bldg_flr_raw.json,sharosugil,bronze,bldg_flr_raw.json,121719,085083263d095e1586d677344c5ad997b37b77cd15582738798c41365a85512e,False,,True,not_checked,all_snapshots_merge_evidence,True,2026-08-19,,not_extracted,False
data/silver/sharosugil/building_attrs.json,sharosugil,silver,building_attrs.json,239260,848614eb2cbb108540d251faff3600c80f4917dd8c3562e54398286e735f6429,False,,True,not_checked,fixed_path,True,,,not_extracted,False
data/silver/sharosugil/expos_units.json,sharosugil,silver,expos_units.json,89408,1f15f51642b7200456107c35d8df1be6c01124658b7e6823354cc4be8726021b,False,,True,not_checked,fixed_path,True,,,not_extracted,False
data/gold/sharosugil/building_vacancy.json,sharosugil,gold,building_vacancy.json,496348,3b9aa8c8c14899b23ae8587f10cc7e5e418de3290255fab559fc8e55d27763af,False,,True,not_checked,fixed_path,True,,,not_extracted,False
data/gold/sharosugil/page_building_master.geojson,sharosugil,gold,page_building_master.geojson,407011,ba1ef0f8aabf4a42b1c6a5a6961d7aaa296d05783cb9566366814a41b9bcaeb2,True,False,,not_checked,fixed_path,True,,,not_extracted,False
data/gold/sharosugil/coverage.json,sharosugil,gold,coverage.json,1707,278f5a1554124d3c9f0dc94e6f55846db9a06da5d8221205d405919f1dead59a,True,False,,not_checked,fixed_path,True,,2026-09-04T23:28:48,not_extracted,False
data/gold/sharosugil/calibration.json,sharosugil,gold,calibration.json,3980,49a80f7f8c6a342402410b8d145b8396fdbf22a5056162d57b768c1d838b2107,True,False,,not_checked,fixed_path,True,,,not_extracted,False
data/gold/sharosugil/vacant_units.json,sharosugil,gold,vacant_units.json,9803,97d15031823c5630f00153dfc130fd8a16df55589f4d4d5b114ab7787612db6e,True,False,,not_checked,fixed_path,True,,2026-08-25T04:59:42+00:00,not_extracted,False
data/bronze/sillim/2026-08-08/bldg_polygons.geojson,sillim,bronze,bldg_polygons.geojson,4695651,00a64a098a648d0eb9498710f5af6adcc3c926e2fb1846a2a76c669c3dd4cbb3,False,,True,not_checked,latest_lexical_day,True,2026-08-08,,not_extracted,False
data/bronze/sillim/2026-07-26/stores_raw.json,sillim,bronze,stores_raw.json,4878909,f05506642bd3312dfda922220986d39b4fdeb1b5c710f8eb8f6e2a8ea61b9e8a,False,,True,not_checked,latest_lexical_day,True,2026-07-26,,not_extracted,False
data/bronze/sillim/2026-08-08/licensing_biz.json,sillim,bronze,licensing_biz.json,15121760,b9b85e100d19ac646f10537e873fc769902013ca170a25cdaf72fc9114e4ef19,False,,True,not_checked,latest_lexical_day,False,2026-08-08,,not_extracted,False
data/bronze/sillim/2026-08-23/licensing_biz.json,sillim,bronze,licensing_biz.json,27546912,092a5897b0ad5be0cc469175144bbfbee8d451b5557e9929fb1755c3959dd0b3,False,,True,not_checked,latest_lexical_day,True,2026-08-23,,not_extracted,False
data/bronze/sillim/2026-08-15/bldg_ledger_raw.json,sillim,bronze,bldg_ledger_raw.json,21161249,6a8bc6bb5f927755fa390e26b7fe3d5c70a00c7e2cc1207e67738fd12135f22d,False,,True,not_checked,all_snapshots_merge_evidence,True,2026-08-15,,not_extracted,False
data/bronze/sillim/2026-08-15/bldg_flr_raw.json,sillim,bronze,bldg_flr_raw.json,5566967,7d2f11f33461ebf65827f6aed2098ff5c6d64076e4ce8c92b94609aa208196e9,False,,True,not_checked,all_snapshots_merge_evidence,True,2026-08-15,,not_extracted,False
data/bronze/sillim/2026-08-19/bldg_flr_raw.json,sillim,bronze,bldg_flr_raw.json,430753,667b842cba89e513f362cd2232d47f389920f75422964a60b756a9b8e74f3b15,False,,True,not_checked,all_snapshots_merge_evidence,True,2026-08-19,,not_extracted,False
data/silver/sillim/building_attrs.json,sillim,silver,building_attrs.json,391534,db541af76321564dd742065c5b56bdc9e3e3b3fb38875eb881cf400d7a687785,False,,True,not_checked,fixed_path,True,,,not_extracted,False
data/silver/sillim/expos_units.json,sillim,silver,expos_units.json,81206,abf8228c1e3029c14ee3d5a08072e19fe324122cbcf635736dd781a73908f006,False,,True,not_checked,fixed_path,True,,,not_extracted,False
data/gold/sillim/building_vacancy.json,sillim,gold,building_vacancy.json,782299,3cda32a58dedb33562b9f437e68f73b109ff0bb7d669cfe640c640777c3935e7,False,,True,not_checked,fixed_path,True,,,not_extracted,False
data/gold/sillim/page_building_master.geojson,sillim,gold,page_building_master.geojson,798161,5659f435a0c97df90a876b30f2c0b81b2a6f254a1b4b185c9354aab8bdfa185d,True,False,,not_checked,fixed_path,True,,,not_extracted,False
data/gold/sillim/coverage.json,sillim,gold,coverage.json,1701,315aba624b52e6d0dbf15f06790e38252e63706219833aed6d6a83e8bfb00220,True,False,,not_checked,fixed_path,True,,2026-09-04T23:29:01,not_extracted,False
data/gold/sillim/calibration.json,sillim,gold,calibration.json,3965,bb07859d1851dfac6fcaf6c0e90ed3abfe5f2ea1c227698d1966ee4686ae88e8,True,False,,not_checked,fixed_path,True,,,not_extracted,False
data/gold/sillim/vacant_units.json,sillim,gold,vacant_units.json,11227,fa7f7a9ed5ae319f08fc2e45cc689c05611ffdfb3e5f9ec96249fcc327e27aef,True,False,,not_checked,fixed_path,True,,2026-08-25T04:59:42+00:00,not_extracted,False
data/bronze/sinchon/2026-08-08/bldg_polygons.geojson,sinchon,bronze,bldg_polygons.geojson,5175929,625d43281573f728cc5921f38955a079361a5a38f7c6cd355a276458a8444364,False,,True,not_checked,latest_lexical_day,True,2026-08-08,,not_extracted,False
data/bronze/sinchon/2026-07-26/stores_raw.json,sinchon,bronze,stores_raw.json,5678137,21d8a195d25f57cf528ab1b952043c7aff1926f916e4e71268295577d5c0e988,False,,True,not_checked,latest_lexical_day,True,2026-07-26,,not_extracted,False
data/bronze/sinchon/2026-08-08/licensing_biz.json,sinchon,bronze,licensing_biz.json,13591243,075add7ab079bda11b5a25d418f0953a94686d8b3dc2664d7148a3d661c8b1ee,False,,True,not_checked,latest_lexical_day,False,2026-08-08,,not_extracted,False
data/bronze/sinchon/2026-08-23/licensing_biz.json,sinchon,bronze,licensing_biz.json,21767299,74357b7b2cdb28c1e9a35c6ca3f67b9b80548d8f9fb5ebcf2c67d3e36165ea8a,False,,True,not_checked,latest_lexical_day,True,2026-08-23,,not_extracted,False
data/bronze/sinchon/2026-08-15/bldg_ledger_raw.json,sinchon,bronze,bldg_ledger_raw.json,29878382,3f779719aa4bdaff40bc283724ecc542e6e8a9cdc2ec634995884e14862e18b4,False,,True,not_checked,all_snapshots_merge_evidence,True,2026-08-15,,not_extracted,False
data/bronze/sinchon/2026-08-15/bldg_flr_raw.json,sinchon,bronze,bldg_flr_raw.json,6459609,ccc5fbff51f7a973d2f043bff26105cc6408be3b03b30f750ac9f10cc8196963,False,,True,not_checked,all_snapshots_merge_evidence,True,2026-08-15,,not_extracted,False
data/bronze/sinchon/2026-08-19/bldg_flr_raw.json,sinchon,bronze,bldg_flr_raw.json,310434,738d9a309181bcaec64f699e73ea5b3f7646702edf64af367346fb070e9db1a6,False,,True,not_checked,all_snapshots_merge_evidence,True,2026-08-19,,not_extracted,False
data/silver/sinchon/building_attrs.json,sinchon,silver,building_attrs.json,430417,fe18a92fb207f55a6b7b07db8ab608dbd766011ea0731b135196a7eb9ffb7605,False,,True,not_checked,fixed_path,True,,,not_extracted,False
data/silver/sinchon/expos_units.json,sinchon,silver,expos_units.json,159709,6157c51099dc6705b30eef31ca544771662ed80a427d94acb1f1a0eed8b2acdb,False,,True,not_checked,fixed_path,True,,,not_extracted,False
data/gold/sinchon/building_vacancy.json,sinchon,gold,building_vacancy.json,893284,99f441c95c02d686e6dc5f7f8b09825c3742aea80a238344cc8abdbcf63e458b,False,,True,not_checked,fixed_path,True,,,not_extracted,False
data/gold/sinchon/page_building_master.geojson,sinchon,gold,page_building_master.geojson,1023311,741732b159ec47002e97671027143c97b7f7c8776b738318254b5636ff7f22df,True,False,,not_checked,fixed_path,True,,,not_extracted,False
data/gold/sinchon/coverage.json,sinchon,gold,coverage.json,1699,024a4b84d75b1aca83a4abf7bdf2ec942524489f4f3768b150f29b71b0ba56a0,True,False,,not_checked,fixed_path,True,,2026-09-04T23:28:30,not_extracted,False
data/gold/sinchon/calibration.json,sinchon,gold,calibration.json,3999,532b475f68e19fe5ee68543a99d6a1a46c4e99cf66d0621b3b8f89816c2969c4,True,False,,not_checked,fixed_path,True,,,not_extracted,False
data/gold/sinchon/vacant_units.json,sinchon,gold,vacant_units.json,11692,fb7150884b5a16b59f2bf05c75db03f17767162d6543d985e1de0343b376d354,True,False,,not_checked,fixed_path,True,,2026-08-25T04:59:41+00:00,not_extracted,False
data/bronze/songridan/2026-07-25/bldg_polygons.geojson,songridan,bronze,bldg_polygons.geojson,2124128,e3ee6b415be6bfb83ce66771e3e61e7a5f957b67d345de6f87436a48ce06cbaf,False,,True,not_checked,latest_lexical_day,True,2026-07-25,,not_extracted,False
data/bronze/songridan/2026-07-25/stores_raw.json,songridan,bronze,stores_raw.json,4234697,76c27fd3fb5ee3b76dd58735398bfaedf617af7f1a8a1a8d61a709e42c3ad340,False,,True,not_checked,latest_lexical_day,True,2026-07-25,,not_extracted,False
data/bronze/songridan/2026-07-25/licensing_biz.json,songridan,bronze,licensing_biz.json,11940692,e85083dea906738ec465fcdddb87569cd89f9215dc8ffa69c617f4aea042e129,False,,True,not_checked,latest_lexical_day,False,2026-07-25,,not_extracted,False
data/bronze/songridan/2026-08-23/licensing_biz.json,songridan,bronze,licensing_biz.json,22032795,7a56df9ce8972d90e7913f43ea568d4bb1665ff19324a68e230cf6bbed46d405,False,,True,not_checked,latest_lexical_day,True,2026-08-23,,not_extracted,False
data/bronze/songridan/2026-07-25/bldg_ledger_raw.json,songridan,bronze,bldg_ledger_raw.json,20307472,6e46e2f159ed48cce1aa4b008d07acf855700b5aa916f3b0d237de7aa281e78e,False,,True,not_checked,all_snapshots_merge_evidence,True,2026-07-25,,not_extracted,False
data/bronze/songridan/2026-07-27/bldg_ledger_raw.json,songridan,bronze,bldg_ledger_raw.json,20307472,6e46e2f159ed48cce1aa4b008d07acf855700b5aa916f3b0d237de7aa281e78e,False,,True,not_checked,all_snapshots_merge_evidence,True,2026-07-27,,not_extracted,False
data/bronze/songridan/2026-07-26/bldg_flr_raw.json,songridan,bronze,bldg_flr_raw.json,4210534,c8cbfb53e9333ded9da67d8a964b0289e58cbe84e5a37809442514be456ce3fe,False,,True,not_checked,all_snapshots_merge_evidence,True,2026-07-26,,not_extracted,False
data/bronze/songridan/2026-08-19/bldg_flr_raw.json,songridan,bronze,bldg_flr_raw.json,4370,35fb07dcc054b8107a15704a65ba0e12ceec53625cf2f727e79e6170b3b29df5,False,,True,not_checked,all_snapshots_merge_evidence,True,2026-08-19,,not_extracted,False
data/silver/songridan/building_attrs.json,songridan,silver,building_attrs.json,223502,0b1f881c6ae5106582064332a52ff95be53ab59533640b669efd939520a5e83b,False,,True,not_checked,fixed_path,True,,,not_extracted,False
data/silver/songridan/expos_units.json,songridan,silver,expos_units.json,58810,72498e1af0bb3e7364ce9a1e6ae458bf39d6597b2a3298ef057f7b2468e70520,False,,True,not_checked,fixed_path,True,,,not_extracted,False
data/gold/songridan/building_vacancy.json,songridan,gold,building_vacancy.json,440334,331ad54f8330b9fb1b0d4197935e352325dbfb5fe78aec7eec8a14c38c908ad2,False,,True,not_checked,fixed_path,True,,,not_extracted,False
data/gold/songridan/page_building_master.geojson,songridan,gold,page_building_master.geojson,314492,803da9fea003ac091a45f427bd17b42b37acefed2590073ee01b2d51749d5597,True,False,,not_checked,fixed_path,True,,,not_extracted,False
data/gold/songridan/coverage.json,songridan,gold,coverage.json,1686,c94849b204619e911aea9b8bea6da17620a9ef0cf3a32bcfcbdcc4628b848253,True,False,,not_checked,fixed_path,True,,2026-09-04T23:27:25,not_extracted,False
data/gold/songridan/calibration.json,songridan,gold,calibration.json,3979,fc6a0049dda0a131a484731d9d92e156d975dfd9fbc85ff90c1fd999cdd0d17d,True,False,,not_checked,fixed_path,True,,,not_extracted,False
data/gold/songridan/vacant_units.json,songridan,gold,vacant_units.json,10101,7e85201d4568925e7e7b9e1e27e63586209986b18ae64063f0eb79b24f9246ad,True,False,,not_checked,fixed_path,True,,2026-08-25T04:59:39+00:00,not_extracted,False
data/bronze/sukmyung/2026-08-08/bldg_polygons.geojson,sukmyung,bronze,bldg_polygons.geojson,2935483,457d417c45a1bb5523499645a5c5c6c88c5fa8a29318bfb00af1d51a41caadc1,False,,True,not_checked,latest_lexical_day,True,2026-08-08,,not_extracted,False
data/bronze/sukmyung/2026-07-26/stores_raw.json,sukmyung,bronze,stores_raw.json,2313197,e29531971dc726cca15a653db1cfe732e25f0915eb151e1940835a8e6b32ac19,False,,True,not_checked,latest_lexical_day,True,2026-07-26,,not_extracted,False
data/bronze/sukmyung/2026-08-08/licensing_biz.json,sukmyung,bronze,licensing_biz.json,2741603,f88db6043b0811602aa2e43661d3cbf77da12aad249cd61ff8a710f921a89709,False,,True,not_checked,latest_lexical_day,False,2026-08-08,,not_extracted,False
data/bronze/sukmyung/2026-08-23/licensing_biz.json,sukmyung,bronze,licensing_biz.json,4227157,62c96efc4dae48f444c8464cf0fd9adbcaf40d7ee673dc9bfd56c97cf4be23bd,False,,True,not_checked,latest_lexical_day,True,2026-08-23,,not_extracted,False
data/bronze/sukmyung/2026-08-15/bldg_ledger_raw.json,sukmyung,bronze,bldg_ledger_raw.json,2,44136fa355b3678a1146ad16f7e8649e94fb4fc21fe77e8310c060f61caaff8a,False,,True,not_checked,all_snapshots_merge_evidence,True,2026-08-15,,not_extracted,False
data/bronze/sukmyung/2026-08-16/bldg_ledger_raw.json,sukmyung,bronze,bldg_ledger_raw.json,2,44136fa355b3678a1146ad16f7e8649e94fb4fc21fe77e8310c060f61caaff8a,False,,True,not_checked,all_snapshots_merge_evidence,True,2026-08-16,,not_extracted,False
data/bronze/sukmyung/2026-08-17/bldg_ledger_raw.json,sukmyung,bronze,bldg_ledger_raw.json,8295966,a52f01361082ffa26925039da91bf3ff4b2b81ed2ceb71a24483e59554aff7db,False,,True,not_checked,all_snapshots_merge_evidence,True,2026-08-17,,not_extracted,False
data/bronze/sukmyung/2026-08-17/bldg_flr_raw.json,sukmyung,bronze,bldg_flr_raw.json,2461343,01558e5751f28a61e4e53aff533f81f085c22e15d95f41060437f39f69db9d08,False,,True,not_checked,all_snapshots_merge_evidence,True,2026-08-17,,not_extracted,False
data/bronze/sukmyung/2026-08-19/bldg_flr_raw.json,sukmyung,bronze,bldg_flr_raw.json,70056,17e23a39f8736df9177025f6bd8062f6ea6c42d584b451968cee0cf287831bca,False,,True,not_checked,all_snapshots_merge_evidence,True,2026-08-19,,not_extracted,False
data/silver/sukmyung/building_attrs.json,sukmyung,silver,building_attrs.json,222810,6a7a1aea7c9ba6f0a8f441d87b4aa7ec948f707decbf0ac39be6ebbc972996c4,False,,True,not_checked,fixed_path,True,,,not_extracted,False
data/silver/sukmyung/expos_units.json,sukmyung,silver,expos_units.json,33813,69703ec48d64f28398c90599fbe56ad762b19537ed9df32d6a6918cd8215ca3a,False,,True,not_checked,fixed_path,True,,,not_extracted,False
data/gold/sukmyung/building_vacancy.json,sukmyung,gold,building_vacancy.json,460462,aca59f9985bac1abc69d8c5f1a423a0f4ec48cf050b755df25e19656eb441c86,False,,True,not_checked,fixed_path,True,,,not_extracted,False
data/gold/sukmyung/page_building_master.geojson,sukmyung,gold,page_building_master.geojson,405203,db443ce50d8d819d0d5614b492297e2fefcd40b4e4bc2f3ac95c828bbf2eecc4,True,False,,not_checked,fixed_path,True,,,not_extracted,False
data/gold/sukmyung/coverage.json,sukmyung,gold,coverage.json,1689,dbe7baf731dc30b361dc0c4a01faf0e95d5bb89b20bc17a447499b93286739fd,True,False,,not_checked,fixed_path,True,,2026-09-04T23:30:17,not_extracted,False
data/gold/sukmyung/calibration.json,sukmyung,gold,calibration.json,3974,02b54cc78dbfdf0000bd1e2fff95b2f681f318f8732e9458ec26c40a28804b49,True,False,,not_checked,fixed_path,True,,,not_extracted,False
data/gold/sukmyung/vacant_units.json,sukmyung,gold,vacant_units.json,10312,03acf7990dcd02aa381b73d31eb099df75db18e6ffaa05749d3de966c1a7e824,True,False,,not_checked,fixed_path,True,,2026-08-25T04:59:46+00:00,not_extracted,False
data/bronze/sungshin/2026-08-08/bldg_polygons.geojson,sungshin,bronze,bldg_polygons.geojson,2272388,6adb73ae3aa984e8a15e8f3de87865789d8ecf7fb9b6ac1c1835758cd211bf62,False,,True,not_checked,latest_lexical_day,True,2026-08-08,,not_extracted,False
data/bronze/sungshin/2026-07-26/stores_raw.json,sungshin,bronze,stores_raw.json,2653827,5f47358146cd1ddc6926be97979efdb15d545ff598be09d9a922a7e69f6ba10f,False,,True,not_checked,latest_lexical_day,True,2026-07-26,,not_extracted,False
data/bronze/sungshin/2026-08-08/licensing_biz.json,sungshin,bronze,licensing_biz.json,2553675,f083aa7f128b02ce844bf75b79cf5a9c7cddd13f47177aa95627e2efed9285cf,False,,True,not_checked,latest_lexical_day,False,2026-08-08,,not_extracted,False
data/bronze/sungshin/2026-08-23/licensing_biz.json,sungshin,bronze,licensing_biz.json,4640487,c35e9cdab894cbfba5fa86f0389662b73e1b8265d25b85fd36d191e0d436ad44,False,,True,not_checked,latest_lexical_day,True,2026-08-23,,not_extracted,False
data/bronze/sungshin/2026-08-15/bldg_ledger_raw.json,sungshin,bronze,bldg_ledger_raw.json,9793754,29e72dd738d48e183fad621b4e90613f625a157c930b19b9c639c9433faf9945,False,,True,not_checked,all_snapshots_merge_evidence,True,2026-08-15,,not_extracted,False
data/bronze/sungshin/2026-08-15/bldg_flr_raw.json,sungshin,bronze,bldg_flr_raw.json,3013773,f73472fab642cbe5764377d13a3790e965ad1ecee2fb2613f3655c83ac0711eb,False,,True,not_checked,all_snapshots_merge_evidence,True,2026-08-15,,not_extracted,False
data/bronze/sungshin/2026-08-19/bldg_flr_raw.json,sungshin,bronze,bldg_flr_raw.json,70520,cd04d244fa074f4b9cb5f02a03398262ff53403b587cf74eba114d7297569b59,False,,True,not_checked,all_snapshots_merge_evidence,True,2026-08-19,,not_extracted,False
data/silver/sungshin/building_attrs.json,sungshin,silver,building_attrs.json,234187,c43785209c45f656282b3a671300bcb647c72249fc76a47b9b8c28f021ee3756,False,,True,not_checked,fixed_path,True,,,not_extracted,False
data/silver/sungshin/expos_units.json,sungshin,silver,expos_units.json,62304,5448b458cf35c47c1ea016a865ad93497eb598189794e1cb2ef63345a5b639a1,False,,True,not_checked,fixed_path,True,,,not_extracted,False
data/gold/sungshin/building_vacancy.json,sungshin,gold,building_vacancy.json,507243,9db1e4c2ec769fe5542459672fe698db2cb52fe752c44c824ead0609fcc8287e,False,,True,not_checked,fixed_path,True,,,not_extracted,False
data/gold/sungshin/page_building_master.geojson,sungshin,gold,page_building_master.geojson,489882,9f7e0214d032638b9781424f354204d225b1ff8aa9748da0c9d26e4647dab46c,True,False,,not_checked,fixed_path,True,,,not_extracted,False
data/gold/sungshin/coverage.json,sungshin,gold,coverage.json,1694,0c1ca48be8d176a02d009b6e0f68156345ceda3574070de890cb4af01fe3638e,True,False,,not_checked,fixed_path,True,,2026-09-04T23:29:07,not_extracted,False
data/gold/sungshin/calibration.json,sungshin,gold,calibration.json,3782,7024b7bec46961b9cfaabffbca2a971bba492aff3734e4c08024c9c5de82da00,True,False,,not_checked,fixed_path,True,,,not_extracted,False
data/gold/sungshin/vacant_units.json,sungshin,gold,vacant_units.json,10289,fe76d577bb06d10441c3c41c0bd1b941a6739f127f762df69e3cb804d757a7b6,True,False,,not_checked,fixed_path,True,,2026-08-25T04:59:42+00:00,not_extracted,False
data/bronze/suyu/2026-08-30/bldg_polygons.geojson,suyu,bronze,bldg_polygons.geojson,5280172,b6e3bd7aa0f3ad9538497ff2eee2c4cf76800d62693f04c52ccbbab2b77cd978,False,,True,not_checked,latest_lexical_day,True,2026-08-30,,not_extracted,False
data/bronze/suyu/2026-08-30/stores_raw.json,suyu,bronze,stores_raw.json,4900287,e8c89d7eebe1d908fcc0cf0ac0cff867630859b146684b768be4fe83a7475de0,False,,True,not_checked,latest_lexical_day,True,2026-08-30,,not_extracted,False
data/bronze/suyu/2026-08-31/bldg_ledger_raw.json,suyu,bronze,bldg_ledger_raw.json,20915418,0980a5bb0f5881c993d4bfd8851e2a4ad56f1f2ebdb8b6673925ad2f2e8330c7,False,,True,not_checked,all_snapshots_merge_evidence,True,2026-08-31,,not_extracted,False
data/bronze/suyu/2026-08-31/bldg_flr_raw.json,suyu,bronze,bldg_flr_raw.json,5053692,7127fc6a3ea73f8040564169feb59888b2b03df55a8f7102442f6fabdb4ac35c,False,,True,not_checked,all_snapshots_merge_evidence,True,2026-08-31,,not_extracted,False
data/silver/suyu/building_attrs.json,suyu,silver,building_attrs.json,366056,8e15efc1e81f76bef65726f1ba829c07fef9df2ac69b95f9aa3eb1026df38062,False,,True,not_checked,fixed_path,True,,,not_extracted,False
data/gold/suyu/building_vacancy.json,suyu,gold,building_vacancy.json,843193,28e810f8b0be4b6447ce64b3bce33b6ba1c175a1f9c30500f5e338f709b91917,False,,True,not_checked,fixed_path,True,,,not_extracted,False
data/gold/suyu/page_building_master.geojson,suyu,gold,page_building_master.geojson,749435,f5e05f6ff810d4063b48c9e561a86acefb19eebd259139d29c65d145ad2308d9,True,False,,not_checked,fixed_path,True,,,not_extracted,False
data/gold/suyu/coverage.json,suyu,gold,coverage.json,1681,a4d218da7558d0d9bf4a7b715e78108bf14effe08db0a846ba5cec17bc9316ea,True,False,,not_checked,fixed_path,True,,2026-09-04T23:30:22,not_extracted,False
data/gold/suyu/calibration.json,suyu,gold,calibration.json,3969,79334139476c76b0024bd49b4c71cb705b9a9a95c4653314b08ff3387e2814f2,True,False,,not_checked,fixed_path,True,,,not_extracted,False
data/gold/suyu/vacant_units.json,suyu,gold,vacant_units.json,11212,18a568485fe42dd53dbf82f96cda3c7115d6355bfb571886d0f6484c8e549445,True,False,,not_checked,fixed_path,True,,2026-08-31T13:46:48+00:00,not_extracted,False
data/bronze/teheran/2026-08-08/bldg_polygons.geojson,teheran,bronze,bldg_polygons.geojson,2443380,12d3ad9f99175922301770004bdb1e0efee3c417003d72217ebfa4f96a55c858,False,,True,not_checked,latest_lexical_day,True,2026-08-08,,not_extracted,False
data/bronze/teheran/2026-07-26/stores_raw.json,teheran,bronze,stores_raw.json,10152081,d13f63655edcf6169ad5d5e342930697b8482b702969f8b30ae49f8fa770124b,False,,True,not_checked,latest_lexical_day,True,2026-07-26,,not_extracted,False
data/bronze/teheran/2026-08-08/licensing_biz.json,teheran,bronze,licensing_biz.json,8712930,cc9a3a9776dc6c177bab001ec492375acf93f9851d55e5d6b74d77bfe6960d05,False,,True,not_checked,latest_lexical_day,False,2026-08-08,,not_extracted,False
data/bronze/teheran/2026-08-23/licensing_biz.json,teheran,bronze,licensing_biz.json,14269221,39796220a5b9a1bee8ecf18ffa618187bbfba749d7021a82ac1c3e1aa61a2667,False,,True,not_checked,latest_lexical_day,True,2026-08-23,,not_extracted,False
data/bronze/teheran/2026-08-15/bldg_ledger_raw.json,teheran,bronze,bldg_ledger_raw.json,2,44136fa355b3678a1146ad16f7e8649e94fb4fc21fe77e8310c060f61caaff8a,False,,True,not_checked,all_snapshots_merge_evidence,True,2026-08-15,,not_extracted,False
data/bronze/teheran/2026-08-16/bldg_ledger_raw.json,teheran,bronze,bldg_ledger_raw.json,24293798,c82b3ca0c5ca70540a754da0950ee1bf2369e56f162bc37b6011e5edf84dcf81,False,,True,not_checked,all_snapshots_merge_evidence,True,2026-08-16,,not_extracted,False
data/bronze/teheran/2026-08-16/bldg_flr_raw.json,teheran,bronze,bldg_flr_raw.json,10737063,0a4fdda3386f7810ce2d25406112ee6b2234f821536441e63b3388b726fadf74,False,,True,not_checked,all_snapshots_merge_evidence,True,2026-08-16,,not_extracted,False
data/bronze/teheran/2026-08-19/bldg_flr_raw.json,teheran,bronze,bldg_flr_raw.json,322627,01f05d81d7b75fc75492e7f4dc0dfcf67ff607108a1ccdf38845ea2874409f90,False,,True,not_checked,all_snapshots_merge_evidence,True,2026-08-19,,not_extracted,False
data/silver/teheran/building_attrs.json,teheran,silver,building_attrs.json,383633,1b9178b3e3356471d59d8cc80bcddabcb54cbc15b4f690a182a94434bd35c567,False,,True,not_checked,fixed_path,True,,,not_extracted,False
data/silver/teheran/expos_units.json,teheran,silver,expos_units.json,75849,52539827a8ec5d13705d53bd71bc64b58b63defd59870e91abd3a43ae0ac8f05,False,,True,not_checked,fixed_path,True,,,not_extracted,False
data/gold/teheran/building_vacancy.json,teheran,gold,building_vacancy.json,756818,b85189730a57dfa01acd9024e66480144703c27819e032d58f8b794f3d917102,False,,True,not_checked,fixed_path,True,,,not_extracted,False
data/gold/teheran/page_building_master.geojson,teheran,gold,page_building_master.geojson,647205,e4d90f4b04cd6bc1eb588687098e856a3ad97cd66a0ca60f3fa88fd733464555,True,False,,not_checked,fixed_path,True,,,not_extracted,False
data/gold/teheran/coverage.json,teheran,gold,coverage.json,1695,6ba5643422a175600cac33cc5913f4d7c45c55c13a84e8c95f4163d8264525c1,True,False,,not_checked,fixed_path,True,,2026-09-04T23:29:34,not_extracted,False
data/gold/teheran/calibration.json,teheran,gold,calibration.json,3970,ad5132d80099822faaf0644dfefff82a0784ac67f885faf4a4fbc25703275a8b,True,False,,not_checked,fixed_path,True,,,not_extracted,False
data/gold/teheran/vacant_units.json,teheran,gold,vacant_units.json,11233,6cc22af8b628378a59858f01e35f284a884ec8962e45c3b80a42622a33a1a454,True,False,,not_checked,fixed_path,True,,2026-08-25T04:59:44+00:00,not_extracted,False
data/bronze/wangsimni/2026-08-08/bldg_polygons.geojson,wangsimni,bronze,bldg_polygons.geojson,4084817,3330ccbbf9ae68cd3dfc26855eed2f2c0aa9c1d9a6b2dadeaed29486be6c6c4e,False,,True,not_checked,latest_lexical_day,True,2026-08-08,,not_extracted,False
data/bronze/wangsimni/2026-07-26/stores_raw.json,wangsimni,bronze,stores_raw.json,3774980,5d19642ba0d591e8340cfb7b1fe4c64e142a3de1609a45cf15a8a6a2941e44ce,False,,True,not_checked,latest_lexical_day,True,2026-07-26,,not_extracted,False
data/bronze/wangsimni/2026-08-08/licensing_biz.json,wangsimni,bronze,licensing_biz.json,3580361,88618dd4172c2402eee55a2ce9a07c2960005a6859499f76d1578aa33e419a25,False,,True,not_checked,latest_lexical_day,False,2026-08-08,,not_extracted,False
data/bronze/wangsimni/2026-08-23/licensing_biz.json,wangsimni,bronze,licensing_biz.json,6850244,7225c99a72315005bb26f8070f578a507f6af3f28f0c05c54f0fab1fb50beab6,False,,True,not_checked,latest_lexical_day,True,2026-08-23,,not_extracted,False
data/bronze/wangsimni/2026-08-15/bldg_ledger_raw.json,wangsimni,bronze,bldg_ledger_raw.json,2,44136fa355b3678a1146ad16f7e8649e94fb4fc21fe77e8310c060f61caaff8a,False,,True,not_checked,all_snapshots_merge_evidence,True,2026-08-15,,not_extracted,False
data/bronze/wangsimni/2026-08-16/bldg_ledger_raw.json,wangsimni,bronze,bldg_ledger_raw.json,2,44136fa355b3678a1146ad16f7e8649e94fb4fc21fe77e8310c060f61caaff8a,False,,True,not_checked,all_snapshots_merge_evidence,True,2026-08-16,,not_extracted,False
data/bronze/wangsimni/2026-08-17/bldg_ledger_raw.json,wangsimni,bronze,bldg_ledger_raw.json,20323959,83d744d73e82b6ad36781c7463e7a785b79345e403a1dd3a5dba30103b67ae4b,False,,True,not_checked,all_snapshots_merge_evidence,True,2026-08-17,,not_extracted,False
data/bronze/wangsimni/2026-08-17/bldg_flr_raw.json,wangsimni,bronze,bldg_flr_raw.json,4059129,57882973ac5fd1248860a8ff5fb0d6da20f87d42c263ded63e82f1da33f747f4,False,,True,not_checked,all_snapshots_merge_evidence,True,2026-08-17,,not_extracted,False
data/bronze/wangsimni/2026-08-19/bldg_flr_raw.json,wangsimni,bronze,bldg_flr_raw.json,216842,9b383113d777b43f9fbd80720cf5bd1de6dc9d46def6adf2ff8f6c819c93b52d,False,,True,not_checked,all_snapshots_merge_evidence,True,2026-08-19,,not_extracted,False
data/silver/wangsimni/building_attrs.json,wangsimni,silver,building_attrs.json,302863,87fff41407e604e7b836069cae8b82cdfe6697a53f8e21a2d78160f19e8e3bf1,False,,True,not_checked,fixed_path,True,,,not_extracted,False
data/silver/wangsimni/expos_units.json,wangsimni,silver,expos_units.json,81783,4290ddbf844e8bf82c58b18c6101b985dfcccf668c37138013739afe79a32c16,False,,True,not_checked,fixed_path,True,,,not_extracted,False
data/gold/wangsimni/building_vacancy.json,wangsimni,gold,building_vacancy.json,639724,f5798543d375de3616de228a0939dd57dbea3795286675293eed9dde35d408a3,False,,True,not_checked,fixed_path,True,,,not_extracted,False
data/gold/wangsimni/page_building_master.geojson,wangsimni,gold,page_building_master.geojson,675299,13a1c363192039e25f6a99e2bd51144fec120a8b9cab06df204ab9f98ed94b3f,True,False,,not_checked,fixed_path,True,,,not_extracted,False
data/gold/wangsimni/coverage.json,wangsimni,gold,coverage.json,1689,22a7c4670fcb9a2289b3cad6d781b80a44a5e8b88fcc7020a0142cb683e9b9f0,True,False,,not_checked,fixed_path,True,,2026-09-04T23:30:13,not_extracted,False
data/gold/wangsimni/calibration.json,wangsimni,gold,calibration.json,3768,cfc3d01f7d5e412410cd20e82859ab978b8ecb07964aa0f8f295fd1868653b8d,True,False,,not_checked,fixed_path,True,,,not_extracted,False
data/gold/wangsimni/vacant_units.json,wangsimni,gold,vacant_units.json,10937,9515a7e67b39a32c392fb5f1b661438c962a5b84fc08859823965496b31873cb,True,False,,not_checked,fixed_path,True,,2026-08-25T04:59:46+00:00,not_extracted,False
data/bronze/yeonhui/2026-08-08/bldg_polygons.geojson,yeonhui,bronze,bldg_polygons.geojson,3089431,1d212b51bf6d7092eb9274723ff5a4189429f2ac929b1b6b71d8a90f5515c0b0,False,,True,not_checked,latest_lexical_day,True,2026-08-08,,not_extracted,False
data/bronze/yeonhui/2026-07-26/stores_raw.json,yeonhui,bronze,stores_raw.json,1892176,6b44be8ec7bf8cf70b718e4de6147827ce391a39469682c84e1f13b858dcba1b,False,,True,not_checked,latest_lexical_day,True,2026-07-26,,not_extracted,False
data/bronze/yeonhui/2026-08-08/licensing_biz.json,yeonhui,bronze,licensing_biz.json,5907288,c93b2008bfe0f89954d9e78754c53261c6ad8d375fc3ed98aa39e8656c589ad7,False,,True,not_checked,latest_lexical_day,False,2026-08-08,,not_extracted,False
data/bronze/yeonhui/2026-08-23/licensing_biz.json,yeonhui,bronze,licensing_biz.json,9514897,f221d6e897cb04d6397a2ca810936e498db3078cb252fe3bc665f28cd0c10cdb,False,,True,not_checked,latest_lexical_day,True,2026-08-23,,not_extracted,False
data/bronze/yeonhui/2026-08-08/bldg_ledger_raw.json,yeonhui,bronze,bldg_ledger_raw.json,2,44136fa355b3678a1146ad16f7e8649e94fb4fc21fe77e8310c060f61caaff8a,False,,True,not_checked,all_snapshots_merge_evidence,True,2026-08-08,,not_extracted,False
data/bronze/yeonhui/2026-08-15/bldg_ledger_raw.json,yeonhui,bronze,bldg_ledger_raw.json,6600224,7f18f1277fcdbbb1c32076605fd33e0f6edc231eb09ac0248e301497978d70e4,False,,True,not_checked,all_snapshots_merge_evidence,True,2026-08-15,,not_extracted,False
data/bronze/yeonhui/2026-08-15/bldg_flr_raw.json,yeonhui,bronze,bldg_flr_raw.json,1941736,dc7361e53650688f441fa69090ca714ebe2fa694fcf559ba8a4d7da3dd8c93aa,False,,True,not_checked,all_snapshots_merge_evidence,True,2026-08-15,,not_extracted,False
data/bronze/yeonhui/2026-08-19/bldg_flr_raw.json,yeonhui,bronze,bldg_flr_raw.json,20731,2062c135b42d899ad9b3cf0a66ce69dc37c20c13d9697ebab952ec038496c425,False,,True,not_checked,all_snapshots_merge_evidence,True,2026-08-19,,not_extracted,False
data/silver/yeonhui/building_attrs.json,yeonhui,silver,building_attrs.json,170875,fc3bc5c74fce8d3fe1f0f1c49903913f50a70d478f3632f97bfd4d442c2e8580,False,,True,not_checked,fixed_path,True,,,not_extracted,False
data/silver/yeonhui/expos_units.json,yeonhui,silver,expos_units.json,23500,e0cf8d84d48e929c451cac3fd8084723efa35241d70984fe479bae8951c86ba1,False,,True,not_checked,fixed_path,True,,,not_extracted,False
data/gold/yeonhui/building_vacancy.json,yeonhui,gold,building_vacancy.json,332474,667e57481f35c50ddf1907c37069d054ddd384494e506c0aded78dbc972bd348,False,,True,not_checked,fixed_path,True,,,not_extracted,False
data/gold/yeonhui/page_building_master.geojson,yeonhui,gold,page_building_master.geojson,359513,80d358627aef4f79bceecf56d4192a23d907caa7f4ee2582d45db55866e3b224,True,False,,not_checked,fixed_path,True,,,not_extracted,False
data/gold/yeonhui/coverage.json,yeonhui,gold,coverage.json,1682,336b222664b9a1c513f7f8555cb057102e43d3aa2ef2eeda2aa4b91ef889e3d0,True,False,,not_checked,fixed_path,True,,2026-09-04T23:28:33,not_extracted,False
data/gold/yeonhui/calibration.json,yeonhui,gold,calibration.json,3912,ca43d1b9d482a6e2a8f9fee6c1c3abe4aeaba77d56cb6547d0221506b3b6d649,True,False,,not_checked,fixed_path,True,,,not_extracted,False
data/gold/yeonhui/vacant_units.json,yeonhui,gold,vacant_units.json,10685,415546d5dfdfd83db5ec4044d59f399f70437f9db2827b204e69d760de1c1919,True,False,,not_checked,fixed_path,True,,2026-08-25T04:59:41+00:00,not_extracted,False
data/bronze/yeonnam/2026-07-25/bldg_polygons.geojson,yeonnam,bronze,bldg_polygons.geojson,4226978,153cdac04427383abb86640a401b83e25ca9def75755935a33cffabecc4daa72,False,,True,not_checked,latest_lexical_day,True,2026-07-25,,not_extracted,False
data/bronze/yeonnam/2026-07-25/stores_raw.json,yeonnam,bronze,stores_raw.json,7242637,766e69cc4e26de71d6c6b2d1d498fd8e21f85813a4742b8281f660601aa16630,False,,True,not_checked,latest_lexical_day,True,2026-07-25,,not_extracted,False
data/bronze/yeonnam/2026-07-25/licensing_biz.json,yeonnam,bronze,licensing_biz.json,13257214,e3da790284f304ba6fc71412bc4827b095bda2a70e8e630c07ce489570ba3453,False,,True,not_checked,latest_lexical_day,False,2026-07-25,,not_extracted,False
data/bronze/yeonnam/2026-08-23/licensing_biz.json,yeonnam,bronze,licensing_biz.json,21250856,5e152fcfebd59a89d3f12832fda6c6ddc4bc7eb34d251a6ec9c670e7e25bf6a9,False,,True,not_checked,latest_lexical_day,True,2026-08-23,,not_extracted,False
data/bronze/yeonnam/2026-07-25/bldg_ledger_raw.json,yeonnam,bronze,bldg_ledger_raw.json,739,ec587c5336d52df2d3a0a32a8c240d3c82e037b9a76ec6765eb62f268c4b1c2b,False,,True,not_checked,all_snapshots_merge_evidence,True,2026-07-25,,not_extracted,False
data/bronze/yeonnam/2026-07-26/bldg_ledger_raw.json,yeonnam,bronze,bldg_ledger_raw.json,16500486,6b45f463280e8da8a2cedc067b6028a164a62d4abebd6216245c1076c1024d80,False,,True,not_checked,all_snapshots_merge_evidence,True,2026-07-26,,not_extracted,False
data/bronze/yeonnam/2026-07-27/bldg_ledger_raw.json,yeonnam,bronze,bldg_ledger_raw.json,24958414,01a26067f55cdac45413d5fac3725eded34bfe9be636bdda82d16acbca53400a,False,,True,not_checked,all_snapshots_merge_evidence,True,2026-07-27,,not_extracted,False
data/bronze/yeonnam/2026-07-26/bldg_flr_raw.json,yeonnam,bronze,bldg_flr_raw.json,7182612,6141de5370c8eca3886b926e5dbe4de49656a20f66d74dbc4ded73874f0be268,False,,True,not_checked,all_snapshots_merge_evidence,True,2026-07-26,,not_extracted,False
data/bronze/yeonnam/2026-08-19/bldg_flr_raw.json,yeonnam,bronze,bldg_flr_raw.json,39147,4d1a4a804281c6dfd2656c608a44395328487b263ca384837028c95a8a4e6c0d,False,,True,not_checked,all_snapshots_merge_evidence,True,2026-08-19,,not_extracted,False
data/silver/yeonnam/building_attrs.json,yeonnam,silver,building_attrs.json,542396,12c132557a5ce5f8bb76fd11172a08ca63cc4c8e19ce4eff8c44f89257687818,False,,True,not_checked,fixed_path,True,,,not_extracted,False
data/silver/yeonnam/expos_units.json,yeonnam,silver,expos_units.json,61059,6907e77e9af5d45fdbb2e558e333f005a8e201d5c02021b0c2895427c80d2798,False,,True,not_checked,fixed_path,True,,,not_extracted,False
data/gold/yeonnam/building_vacancy.json,yeonnam,gold,building_vacancy.json,1094053,fc8ef359170462f886ab8a04f913eff8ba2ae251f9730352f1ee008be4fbbda4,False,,True,not_checked,fixed_path,True,,,not_extracted,False
data/gold/yeonnam/page_building_master.geojson,yeonnam,gold,page_building_master.geojson,838600,5299cfa418466079170e85e129acc83f091efdc473030ffa3887953abd512f9f,True,False,,not_checked,fixed_path,True,,,not_extracted,False
data/gold/yeonnam/coverage.json,yeonnam,gold,coverage.json,1689,44452bf7370794270f2245e23534fcd7ee1f44dbcb6440bbae4baa6eecd80e8a,True,False,,not_checked,fixed_path,True,,2026-09-04T23:26:55,not_extracted,False
data/gold/yeonnam/calibration.json,yeonnam,gold,calibration.json,3785,6983bc0568ac9ca4c5e6916e0a253331cbb1e848d9b81b0fe3a0676ae814a167,True,False,,not_checked,fixed_path,True,,,not_extracted,False
data/gold/yeonnam/vacant_units.json,yeonnam,gold,vacant_units.json,10530,90addcfe4154968bb75ec5459f930be4d9de70a184e102b62c93df102fbf34b2,True,False,,not_checked,fixed_path,True,,2026-08-25T04:59:37+00:00,not_extracted,False
data/bronze/yeonsinnae/2026-08-30/bldg_polygons.geojson,yeonsinnae,bronze,bldg_polygons.geojson,5073782,4888d4096fe7533a77bca01dff3a239dabeab43bd1361f70687443b198dabb29,False,,True,not_checked,latest_lexical_day,True,2026-08-30,,not_extracted,False
data/bronze/yeonsinnae/2026-08-30/stores_raw.json,yeonsinnae,bronze,stores_raw.json,3831106,ef346add83483ec6056fb0a5a2fc6bb79cec31d450f4a8d5375732512c7dc7e3,False,,True,not_checked,latest_lexical_day,True,2026-08-30,,not_extracted,False
data/bronze/yeonsinnae/2026-08-31/bldg_ledger_raw.json,yeonsinnae,bronze,bldg_ledger_raw.json,14325652,432a437767f8402952731a7d011b614c08d5227583d4a56b235424e61f51e14a,False,,True,not_checked,all_snapshots_merge_evidence,True,2026-08-31,,not_extracted,False
data/bronze/yeonsinnae/2026-08-31/bldg_flr_raw.json,yeonsinnae,bronze,bldg_flr_raw.json,3899003,bd90b0e53164ccd205af0d1f9d73aaa795eaaf186061b47964dcabb0d82c47e8,False,,True,not_checked,all_snapshots_merge_evidence,True,2026-08-31,,not_extracted,False
data/silver/yeonsinnae/building_attrs.json,yeonsinnae,silver,building_attrs.json,311721,d06f3afe843d8b15fa64932a17dd39f7dfc5b5f136cb57fdf5b61f0da6be0710,False,,True,not_checked,fixed_path,True,,,not_extracted,False
data/gold/yeonsinnae/building_vacancy.json,yeonsinnae,gold,building_vacancy.json,705093,82b7cab2fcb0c53b703017b95ad52e6c6ae317036ea3e86918c40b8ef062574c,False,,True,not_checked,fixed_path,True,,,not_extracted,False
data/gold/yeonsinnae/page_building_master.geojson,yeonsinnae,gold,page_building_master.geojson,583614,7e1a98f7854559bcf29d95d6bbb3fdc29b523928afaeec6e369e56b6b2842e97,True,False,,not_checked,fixed_path,True,,,not_extracted,False
data/gold/yeonsinnae/coverage.json,yeonsinnae,gold,coverage.json,1689,ed2dc2d8d81b1c4e4de70f4c271938ae8afe1251df43c4763d961d98ae102563,True,False,,not_checked,fixed_path,True,,2026-09-04T23:30:24,not_extracted,False
data/gold/yeonsinnae/calibration.json,yeonsinnae,gold,calibration.json,3832,47e8e874cc10e6a21d7d87e906a3e787236ab0878416fdb3cb3f5dd1dfa3cba3,True,False,,not_checked,fixed_path,True,,,not_extracted,False
data/gold/yeonsinnae/vacant_units.json,yeonsinnae,gold,vacant_units.json,10812,cb18b0be86c95984ff3b729c52a70641ed1361afbe3cfa95f975433e615381fb,True,False,,not_checked,fixed_path,True,,2026-08-31T14:21:50+00:00,not_extracted,False
data/bronze/yeouido/2026-08-08/bldg_polygons.geojson,yeouido,bronze,bldg_polygons.geojson,583946,7ef243d01899bb58e503fcf6af1e39f5b93bfedc85ad50717c5d32bfb9775bf0,False,,True,not_checked,latest_lexical_day,True,2026-08-08,,not_extracted,False
data/bronze/yeouido/2026-07-26/stores_raw.json,yeouido,bronze,stores_raw.json,6760855,4648185d9e5e99a758c5e110a72be5e9a92258647531db99c156f0f4f5510a2f,False,,True,not_checked,latest_lexical_day,True,2026-07-26,,not_extracted,False
data/bronze/yeouido/2026-08-08/licensing_biz.json,yeouido,bronze,licensing_biz.json,4855961,d8e208f555a66a1c9c7887bbbb69e9837fa4fed54abfa07f03885b56207f7ae6,False,,True,not_checked,latest_lexical_day,False,2026-08-08,,not_extracted,False
data/bronze/yeouido/2026-08-23/licensing_biz.json,yeouido,bronze,licensing_biz.json,7631593,db6f896c61278238229e6c8fb33d5a6343bbe4ea4cf500f86e45c0f4920aa127,False,,True,not_checked,latest_lexical_day,True,2026-08-23,,not_extracted,False
data/bronze/yeouido/2026-08-08/bldg_ledger_raw.json,yeouido,bronze,bldg_ledger_raw.json,92561909,ede2104240b88123dc5c14e0844467ebae9c2959d1b8019681655ede9f0f3b99,False,,True,not_checked,all_snapshots_merge_evidence,True,2026-08-08,,not_extracted,False
data/bronze/yeouido/2026-08-08/bldg_flr_raw.json,yeouido,bronze,bldg_flr_raw.json,3416066,a73f3ae1a2fd749d5d27273d052af71a0b2543c219844ee8a56dfefd618ed22b,False,,True,not_checked,all_snapshots_merge_evidence,True,2026-08-08,,not_extracted,False
data/silver/yeouido/building_attrs.json,yeouido,silver,building_attrs.json,58561,c1efd2056febe7578141e57c13ea48ab76d06ac4d958fad19425788d0c156117,False,,True,not_checked,fixed_path,True,,,not_extracted,False
data/silver/yeouido/expos_units.json,yeouido,silver,expos_units.json,359612,5337c7c87abc80cc732a109cc83fa85f69e51b3d72d2dd288267230bd65a98c3,False,,True,not_checked,fixed_path,True,,,not_extracted,False
data/gold/yeouido/building_vacancy.json,yeouido,gold,building_vacancy.json,118380,a9c2288a1d0074c4334349b843446bdc228d79b199e9b6a10d37bb452bab519a,False,,True,not_checked,fixed_path,True,,,not_extracted,False
data/gold/yeouido/page_building_master.geojson,yeouido,gold,page_building_master.geojson,203477,2dc62fc8060bfdbe99a7118c56084a0747854cde4e75e81e8adce2f3dcf5cc72,True,False,,not_checked,fixed_path,True,,,not_extracted,False
data/gold/yeouido/coverage.json,yeouido,gold,coverage.json,1677,7ef5658498e2ce74594c7e4db668cdf6326e1c5f1584bb22ccd6d7b0d893d480,True,False,,not_checked,fixed_path,True,,2026-09-04T23:28:14,not_extracted,False
data/gold/yeouido/calibration.json,yeouido,gold,calibration.json,3846,6e3e47b3e660fe17b1e40a81cfe31d0d28255f7cbe10b06d726daa71a789d955,True,False,,not_checked,fixed_path,True,,,not_extracted,False
data/gold/yeouido/vacant_units.json,yeouido,gold,vacant_units.json,2615,0274e4fe5a11abcd220dbd73c4863ac1b4a690b0c1b72c50c6e4f97567b50a7d,True,False,,not_checked,fixed_path,True,,2026-08-25T04:59:41+00:00,not_extracted,False
data/bronze/yongsan/2026-08-08/bldg_polygons.geojson,yongsan,bronze,bldg_polygons.geojson,1368026,84f4e94a19c6086e91a61423a03ffa58ded1e22370e29a2cac5b0f002344be41,False,,True,not_checked,latest_lexical_day,True,2026-08-08,,not_extracted,False
data/bronze/yongsan/2026-07-26/stores_raw.json,yongsan,bronze,stores_raw.json,2962846,c98b4db4dda6e80337d570446501473b3be0163f4e4f2e525aa3ea127c156749,False,,True,not_checked,latest_lexical_day,True,2026-07-26,,not_extracted,False
data/bronze/yongsan/2026-08-08/licensing_biz.json,yongsan,bronze,licensing_biz.json,3410049,749a8108e05756a1e07fad1ac831da635d855f469f6fb1997e4d1e9e9812f46b,False,,True,not_checked,latest_lexical_day,False,2026-08-08,,not_extracted,False
data/bronze/yongsan/2026-08-23/licensing_biz.json,yongsan,bronze,licensing_biz.json,6079461,3e180288370838fd4c8ec2420f44fddd1ab0095967f4412dd168ee837d884d34,False,,True,not_checked,latest_lexical_day,True,2026-08-23,,not_extracted,False
data/bronze/yongsan/2026-08-08/bldg_ledger_raw.json,yongsan,bronze,bldg_ledger_raw.json,69158461,c36b1890726de2216e84f488b05fe1b4002de22dab85a6050a9e2e5d8ba5c23a,False,,True,not_checked,all_snapshots_merge_evidence,True,2026-08-08,,not_extracted,False
data/bronze/yongsan/2026-08-08/bldg_flr_raw.json,yongsan,bronze,bldg_flr_raw.json,1448078,dab51279f98c54037b645574f9ea631d1e4cfde2bc71dc200992996d23d2429c,False,,True,not_checked,all_snapshots_merge_evidence,True,2026-08-08,,not_extracted,False
data/bronze/yongsan/2026-08-17/bldg_flr_raw.json,yongsan,bronze,bldg_flr_raw.json,170325,48185ed4c4a76b7daf71b07b8a2f78aed33a8249ad4b2fabe34ef884329fafd0,False,,True,not_checked,all_snapshots_merge_evidence,True,2026-08-17,,not_extracted,False
data/bronze/yongsan/2026-08-19/bldg_flr_raw.json,yongsan,bronze,bldg_flr_raw.json,41709,503baa55a99ec4facdca440e442331af2e29eeb21dd72b7b1b35437faa82925d,False,,True,not_checked,all_snapshots_merge_evidence,True,2026-08-19,,not_extracted,False
data/silver/yongsan/building_attrs.json,yongsan,silver,building_attrs.json,127608,49c03b8f9e1daf2479073f920c8ef2c3ba237c3f4da309019b8924eb7e5274c2,False,,True,not_checked,fixed_path,True,,,not_extracted,False
data/silver/yongsan/expos_units.json,yongsan,silver,expos_units.json,401390,0402d9db239af4dab5105df53227b65f0337a9a2ec29fc7cb3611cdfefc4d211,False,,True,not_checked,fixed_path,True,,,not_extracted,False
data/gold/yongsan/building_vacancy.json,yongsan,gold,building_vacancy.json,267768,98d0f57984e394c665de88bb260f5edfa577905ec08b621ece75920a864e61f9,False,,True,not_checked,fixed_path,True,,,not_extracted,False
data/gold/yongsan/page_building_master.geojson,yongsan,gold,page_building_master.geojson,276352,ea6ac3e06fcb725269168404ba940230edf693b7a4a8a002a682f4c4988137f2,True,False,,not_checked,fixed_path,True,,,not_extracted,False
data/gold/yongsan/coverage.json,yongsan,gold,coverage.json,1680,5388ec7be962c8e1dc635d9982e8918959db8de776779e845c2ef8671faa727d,True,False,,not_checked,fixed_path,True,,2026-09-04T23:29:44,not_extracted,False
data/gold/yongsan/calibration.json,yongsan,gold,calibration.json,3980,89d29295b3fba25ec8e83fe516c8628b9eac28e9731f2d2c16422f4fa1618645,True,False,,not_checked,fixed_path,True,,,not_extracted,False
data/gold/yongsan/vacant_units.json,yongsan,gold,vacant_units.json,4436,03a03e4cdc84252f7ca822142592718dd2790fcaeb8f955af521522adc1b6794,True,False,,not_checked,fixed_path,True,,2026-08-25T04:59:44+00:00,not_extracted,False
data/bronze/platform13/2026-07-19/rone_vac_mid.json,platform13,bronze,rone_vac_mid.json,61463,c8471b9b3a3652d3e06fb68420b70ae91c1e96c88459b3e71ff39727d8043530,False,,True,not_checked,latest_lexical_day,False,2026-07-19,,declared_in_source_not_independently_verified,False
data/bronze/platform13/2026-07-22/rone_vac_mid.json,platform13,bronze,rone_vac_mid.json,128948,7bdbe2f435025eeaa94c1f8533c5acfcc291c9e9b45618b8b546b3e1f38c8361,False,,True,not_checked,latest_lexical_day,False,2026-07-22,,declared_in_source_not_independently_verified,False
data/bronze/platform13/2026-07-24/rone_vac_mid.json,platform13,bronze,rone_vac_mid.json,204736,86543af6703a7dbd96a4039774b43440cf3f6be57aa32474cc50fa1d460fb691,False,,True,not_checked,latest_lexical_day,False,2026-07-24,,declared_in_source_not_independently_verified,False
data/bronze/platform13/2026-07-25/rone_vac_mid.json,platform13,bronze,rone_vac_mid.json,256741,4182f055334892895308093a5df5cfd32d2c185c0f9c8aebbed3c1b0f9296890,False,,True,not_checked,latest_lexical_day,False,2026-07-25,,declared_in_source_not_independently_verified,False
data/bronze/platform13/2026-08-25/rone_vac_mid.json,platform13,bronze,rone_vac_mid.json,269118,4e20a14bbad353a501cac61beaa1f905e25ec98711b97ac331636af8d9d0b181,False,,True,not_checked,latest_lexical_day,False,2026-08-25,,declared_in_source_not_independently_verified,False
data/bronze/platform13/2026-08-30/rone_vac_mid.json,platform13,bronze,rone_vac_mid.json,302763,05457e252cc4b9b153278e0b8f124267c9b27ce85a66cf130af2ae32e5a9fb7d,False,,True,not_checked,latest_lexical_day,False,2026-08-30,,declared_in_source_not_independently_verified,False
data/bronze/platform13/2026-09-01/rone_vac_mid.json,platform13,bronze,rone_vac_mid.json,420421,2b3708efabbf08fc74e6eecb72380bd7f25fd763603992425eb70f2416ac492d,False,,True,not_checked,latest_lexical_day,True,2026-09-01,,declared_in_source_not_independently_verified,False
data/bronze/platform13/2026-07-19/rone_vac_small.json,platform13,bronze,rone_vac_small.json,60915,f63c7e9967c68468524f37057ea99fdba070e4a310e074dd9bfd729c91492ca2,False,,True,not_checked,latest_lexical_day,False,2026-07-19,,declared_in_source_not_independently_verified,False
data/bronze/platform13/2026-07-22/rone_vac_small.json,platform13,bronze,rone_vac_small.json,127454,2253a6ed6fc7653c81bb497ea6798ebecbdd49ffa560d96745db4fb9a14e6e27,False,,True,not_checked,latest_lexical_day,False,2026-07-22,,declared_in_source_not_independently_verified,False
data/bronze/platform13/2026-07-24/rone_vac_small.json,platform13,bronze,rone_vac_small.json,202297,fa70e2db3cade8e81a6d17d3605273f62f4755fb2454671b18afa872d141fe67,False,,True,not_checked,latest_lexical_day,False,2026-07-24,,declared_in_source_not_independently_verified,False
data/bronze/platform13/2026-07-25/rone_vac_small.json,platform13,bronze,rone_vac_small.json,252957,8b60b479da9ef927186a09a62453553489947d1be51512224a8d8d9aa0afe283,False,,True,not_checked,latest_lexical_day,False,2026-07-25,,declared_in_source_not_independently_verified,False
data/bronze/platform13/2026-08-25/rone_vac_small.json,platform13,bronze,rone_vac_small.json,265155,59337c415edfebfdd241eac1d8b9c1c8cee6cfa031fec149e49d74cc063fffb0,False,,True,not_checked,latest_lexical_day,False,2026-08-25,,declared_in_source_not_independently_verified,False
data/bronze/platform13/2026-08-30/rone_vac_small.json,platform13,bronze,rone_vac_small.json,297838,ebb2b5d95a359a3e4de9452a1950a7e1d31520a022cb18020c0924d26b85928c,False,,True,not_checked,latest_lexical_day,False,2026-08-30,,declared_in_source_not_independently_verified,False
data/bronze/platform13/2026-09-01/rone_vac_small.json,platform13,bronze,rone_vac_small.json,412250,2e0c3433819ffd268e13f37fc96e768c33cd6dc8e5f57f470d824365f7a01d79,False,,True,not_checked,latest_lexical_day,True,2026-09-01,,declared_in_source_not_independently_verified,False
