{"type": "FeatureCollection", "district": "seoulsup", "features": [{"type": "Feature", "geometry": {"type": "Polygon", "coordinates": [[[127.04167518, 37.54603576], [127.0416187, 37.54605128], [127.04171192, 37.54626637], [127.04171245, 37.54626723], [127.04171309, 37.54626787], [127.04171384, 37.54626838], [127.0417148, 37.54626879], [127.04171553, 37.54626898], [127.04171629, 37.54626908], [127.04171717, 37.54626908], [127.04171801, 37.54626897], [127.04171853, 37.54626884], [127.04195269, 37.5462045], [127.04195409, 37.5462039], [127.04195503, 37.54620317], [127.04195569, 37.5462023], [127.04195605, 37.54620134], [127.04195612, 37.54620055], [127.04195596, 37.54619966], [127.04195567, 37.54619895], [127.04191062, 37.546095], [127.0421388, 37.54603229], [127.04213969, 37.54603197], [127.04214048, 37.54603151], [127.0421412, 37.54603091], [127.04214157, 37.54603045], [127.04214193, 37.54602982], [127.04214238, 37.54602859], [127.04215989, 37.54597988], [127.04216347, 37.54597798], [127.04216601, 37.54597654], [127.04216843, 37.54597514], [127.04217178, 37.54597301], [127.04217485, 37.54597095], [127.04218345, 37.54596445], [127.04219004, 37.54595855], [127.04219625, 37.54595205], [127.0422023, 37.54594451], [127.04220834, 37.54593514], [127.04221317, 37.54592533], [127.04221659, 37.54591562], [127.04221852, 37.54590742], [127.04222901, 37.5459078], [127.04223971, 37.54590797], [127.04225639, 37.54590803], [127.04227216, 37.54590773], [127.04228989, 37.54590716], [127.04230834, 37.54590611], [127.04233283, 37.5459041], [127.04235383, 37.5459018], [127.04236849, 37.54589986], [127.04238307, 37.54589769], [127.04239844, 37.54589505], [127.04240793, 37.54589336], [127.04242028, 37.54589092], [127.04242949, 37.54588895], [127.04243941, 37.54588674], [127.04244885, 37.5458845], [127.04246099, 37.54588145], [127.04247304, 37.54587821], [127.04248554, 37.54587464], [127.04249347, 37.54587229], [127.04250176, 37.54586975], [127.04251265, 37.54586613], [127.04252253, 37.54586275], [127.04253208, 37.54585935], [127.04254142, 37.54585588], [127.04254927, 37.54585288], [127.04255665, 37.54584993], [127.04256633, 37.54584595], [127.0425725, 37.54584333], [127.04262374, 37.54589612], [127.04262464, 37.54589684], [127.04262531, 37.54589719], [127.04262631, 37.54589752], [127.04262756, 37.54589769], [127.04262882, 37.54589761], [127.04262944, 37.54589748], [127.04263114, 37.54589701], [127.04263421, 37.54589616], [127.04317869, 37.54574647], [127.04317972, 37.54574585], [127.04318024, 37.54574539], [127.04318074, 37.54574474], [127.04318098, 37.54574424], [127.04318118, 37.54574364], [127.04318126, 37.54574288], [127.04318114, 37.54574211], [127.04318087, 37.54574136], [127.04318063, 37.54574084], [127.04313758, 37.5456415], [127.04301999, 37.5456738], [127.04302124, 37.54566867], [127.04317718, 37.54562584], [127.04317814, 37.54562806], [127.04322708, 37.54561461], [127.04320824, 37.54557112], [127.04321594, 37.545569], [127.04318779, 37.54550406], [127.0431819, 37.54550567], [127.04317619, 37.54549251], [127.04312142, 37.54550756], [127.04309491, 37.5454464], [127.04314787, 37.54543185], [127.04307827, 37.54527128], [127.04289266, 37.54532229], [127.04289129, 37.54531914], [127.04281614, 37.54533979], [127.0428175, 37.54534294], [127.04266376, 37.54538519], [127.04267405, 37.54539818], [127.04267256, 37.54540434], [127.04266487, 37.545394], [127.04265544, 37.54538271], [127.04258619, 37.54540174], [127.04259264, 37.54541665], [127.04263143, 37.54540599], [127.04265432, 37.5454588], [127.04262635, 37.54546649], [127.04262671, 37.54546734], [127.04261269, 37.5454712], [127.04262045, 37.54548908], [127.04261938, 37.54548937], [127.04259477, 37.54559073], [127.04260263, 37.54560885], [127.04259888, 37.54560988], [127.04261198, 37.54564011], [127.0425707, 37.54565146], [127.0425705, 37.54564084], [127.04256899, 37.54562641], [127.04256658, 37.54561163], [127.04256331, 37.54559825], [127.04255966, 37.54558676], [127.04255551, 37.54557552], [127.04255012, 37.54556347], [127.04254464, 37.54555265], [127.04253867, 37.54554248], [127.04253407, 37.54553521], [127.0425293, 37.54552842], [127.04252134, 37.54551793], [127.04250401, 37.54549845], [127.04249202, 37.54548698], [127.0424795, 37.54547776], [127.04246967, 37.54547167], [127.04245953, 37.54546627], [127.04245134, 37.54546247], [127.04244533, 37.54545977], [127.04243598, 37.54545654], [127.04242893, 37.5454543], [127.04242357, 37.54545279], [127.04241815, 37.54545141], [127.04241162, 37.54544997], [127.04240132, 37.54544802], [127.04239224, 37.5454469], [127.04238254, 37.54544604], [127.04237334, 37.54544563], [127.04236576, 37.54544558], [127.04235818, 37.5454458], [127.04235062, 37.54544628], [127.04234496, 37.54544682], [127.04234121, 37.54544726], [127.04233934, 37.5454475], [127.04233432, 37.54544976], [127.04232952, 37.54545208], [127.04232358, 37.5454551], [127.04231556, 37.54545988], [127.04230937, 37.54546376], [127.042304, 37.54546771], [127.04229856, 37.54547192], [127.04229463, 37.5454752], [127.04229084, 37.54547858], [127.04228725, 37.54548176], [127.04228255, 37.54548683], [127.04227925, 37.54549052], [127.04227604, 37.54549437], [127.04227311, 37.54549814], [127.04227027, 37.54550207], [127.0422676, 37.54550608], [127.04226511, 37.54551015], [127.04226203, 37.54551566], [127.04225848, 37.54552303], [127.04225528, 37.54553105], [127.04225299, 37.54553753], [127.04225034, 37.54554971], [127.04224959, 37.5455556], [127.04224921, 37.54556509], [127.04224908, 37.54557327], [127.04224981, 37.54558418], [127.04225089, 37.54559435], [127.04225228, 37.54560338], [127.04225415, 37.54561261], [127.04225702, 37.54562384], [127.04226034, 37.54563436], [127.04226401, 37.54564424], [127.04226816, 37.54565391], [127.04227363, 37.54566503], [127.0422767, 37.54567067], [127.0422801, 37.54567649], [127.04228833, 37.54568919], [127.04230023, 37.54570495], [127.04231356, 37.54571995], [127.04232554, 37.5457317], [127.04234611, 37.54574893], [127.04235755, 37.54575722], [127.04237392, 37.54576761], [127.04238581, 37.54577457], [127.042405, 37.54578422], [127.04241913, 37.54579015], [127.04240391, 37.54579383], [127.04239316, 37.5457963], [127.0423812, 37.54579876], [127.04236726, 37.54580128], [127.04234968, 37.54580408], [127.04233572, 37.54580564], [127.04232277, 37.54580709], [127.04230761, 37.54580798], [127.04228518, 37.54580884], [127.04227014, 37.54580891], [127.04225012, 37.54580837], [127.0422291, 37.54580705], [127.04221165, 37.54580534], [127.04219511, 37.5458032], [127.04218081, 37.54580095], [127.04216727, 37.54579845], [127.04217008, 37.54579061], [127.04214037, 37.54578346], [127.04210881, 37.54577383], [127.04208645, 37.54576568], [127.04205666, 37.54575293], [127.04203457, 37.54574172], [127.04201074, 37.54572846], [127.04199392, 37.54571777], [127.04198002, 37.54570812], [127.04195604, 37.54568938], [127.04194192, 37.5456762], [127.04193322, 37.54566695], [127.04191645, 37.54564579], [127.04191149, 37.54563433], [127.0419179, 37.54563256], [127.04189889, 37.54558869], [127.04186551, 37.54559786], [127.04182694, 37.54560846], [127.04182398, 37.54560162], [127.04173224, 37.54562683], [127.04173374, 37.54563026], [127.04160919, 37.54566449], [127.04161216, 37.5456688], [127.04163122, 37.54571276], [127.04154541, 37.54573635], [127.04154596, 37.54573762], [127.04153473, 37.54574071], [127.04158014, 37.54584548], [127.04156886, 37.54584858], [127.04160024, 37.54592099], [127.04161152, 37.54591789], [127.0416606, 37.54603114], [127.04167185, 37.54602805], [127.04167518, 37.54603576]]]}, "properties": {"name": "갤러리아포레", "status": "high", "capacity": 73, "active": 19, "industry": "비알코올 ", "vacancy_rate": 74.0, "vacancy_rate_lo": null, "vacancy_rate_hi": null, "stores": 19, "source": "stores+ledger", "capacity_method": "expos_units", "active_pip": 0, "licensed": 13, "id": "1120011400106850696-1", "pnu": "1120011400106850696", "floors": 45, "height": 159.8}}, {"type": "Feature", "geometry": {"type": "Polygon", "coordinates": [[[127.04298121, 37.54614348], [127.04301917, 37.54623473], [127.04316638, 37.5461908], [127.04314654, 37.54614585], [127.04316079, 37.54614017], [127.04315241, 37.54612414], [127.04311313, 37.54611054], [127.04298121, 37.54614348]]]}, "properties": {"name": "성수동1가 668-108", "status": "full", "capacity": 2, "active": 2, "industry": "한식", "vacancy_rate": 0.0, "vacancy_rate_lo": 0.0, "vacancy_rate_hi": 50.0, "stores": 2, "source": "stores+ledger", "capacity_method": "floor_ouln", "active_pip": 0, "licensed": 1, "id": "1120011400106680108-1", "pnu": "1120011400106680108", "floors": 3, "height": 9.75}}, {"type": "Feature", "geometry": {"type": "Polygon", "coordinates": [[[127.04285258, 37.54619109], [127.04286708, 37.5462265], [127.04285656, 37.54623326], [127.04287423, 37.54627417], [127.04300933, 37.54623789], [127.04297182, 37.54614753], [127.04291853, 37.5461617], [127.04292453, 37.54617251], [127.04285258, 37.54619109]]]}, "properties": {"name": "성수동1가 668-106", "status": "full", "capacity": 1, "active": 1, "industry": "비알코올 ", "vacancy_rate": 0.0, "vacancy_rate_lo": 0.0, "vacancy_rate_hi": 0.0, "stores": 1, "source": "stores+ledger", "capacity_method": "floor_ouln", "active_pip": 0, "licensed": 1, "id": "1120011400106680106-1", "pnu": "1120011400106680106", "floors": 2, "height": 8.05}}, {"type": "Feature", "geometry": {"type": "Polygon", "coordinates": [[[127.03777054, 37.5447351], [127.03785995, 37.54477066], [127.03782478, 37.54481771], [127.03793716, 37.54486047], [127.03805826, 37.54466185], [127.03785827, 37.54458587], [127.03777054, 37.5447351]]]}, "properties": {"name": "성수동1가 685-6", "status": "empty", "capacity": 2, "active": 0, "industry": "", "vacancy_rate": 100.0, "source": "polygon_only", "capacity_method": "floor_approx", "active_pip": 0, "licensed": 0, "id": "1120011400106850006-1", "pnu": "1120011400106850006", "floors": 2, "height": 8.0}}, {"type": "Feature", "geometry": {"type": "Polygon", "coordinates": [[[127.03741071, 37.54612699], [127.03771337, 37.54605365], [127.03766193, 37.54590455], [127.03735644, 37.54597934], [127.03741071, 37.54612699]]]}, "properties": {"name": "성수동1가 685-6", "status": "empty", "capacity": 1, "active": 0, "industry": "", "vacancy_rate": 100.0, "source": "polygon_only", "capacity_method": "floor_approx", "active_pip": 0, "licensed": 0, "id": "1120011400106850006-2", "pnu": "1120011400106850006", "floors": 1, "height": 4.0}}, {"type": "Feature", "geometry": {"type": "Polygon", "coordinates": [[[127.03741303, 37.54645064], [127.03797989, 37.54631999], [127.03792901, 37.54617674], [127.03735332, 37.54630793], [127.03741303, 37.54645064]]]}, "properties": {"name": "성수동1가 685-6", "status": "empty", "capacity": 1, "active": 0, "industry": "", "vacancy_rate": 100.0, "source": "polygon_only", "capacity_method": "floor_approx", "active_pip": 0, "licensed": 0, "id": "1120011400106850006-3", "pnu": "1120011400106850006", "floors": 1, "height": 4.0}}, {"type": "Feature", "geometry": {"type": "Polygon", "coordinates": [[[127.03879264, 37.54552297], [127.03887288, 37.54555547], [127.0389499, 37.54547129], [127.03888209, 37.54540229], [127.03887336, 37.54537328], [127.03887187, 37.54534274], [127.03887196, 37.5452967], [127.03874907, 37.54528295], [127.03871402, 37.54534172], [127.03873319, 37.54543379], [127.03879264, 37.54552297]]]}, "properties": {"name": "성수동1가 685-6", "status": "empty", "capacity": 2, "active": 0, "industry": "", "vacancy_rate": 100.0, "source": "polygon_only", "capacity_method": "floor_approx", "active_pip": 0, "licensed": 0, "id": "1120011400106850006-4", "pnu": "1120011400106850006", "floors": 2, "height": 0.0}}, {"type": "Feature", "geometry": {"type": "Polygon", "coordinates": [[[127.04537756, 37.54590472], [127.04542119, 37.54601535], [127.04585056, 37.54590012], [127.04580681, 37.54578715], [127.04537756, 37.54590472]]]}, "properties": {"name": "성수동1가 656-345", "status": "partial", "capacity": 3, "active": 2, "industry": "유원지·오락", "vacancy_rate": 33.3, "vacancy_rate_lo": 33.3, "vacancy_rate_hi": 100.0, "stores": 2, "source": "stores+ledger", "capacity_method": "floor_ouln", "active_pip": 0, "licensed": 0, "id": "1120011400106560345-1", "pnu": "1120011400106560345", "floors": 3, "height": 14.52}}, {"type": "Feature", "geometry": {"type": "Polygon", "coordinates": [[[127.04493897, 37.54328785], [127.0450677, 37.54323932], [127.04502952, 37.54316221], [127.04489848, 37.54320515], [127.04493897, 37.54328785]]]}, "properties": {"name": "성수동1가 656-462", "status": "partial", "capacity": 4, "active": 2, "industry": "서양식", "vacancy_rate": 50.0, "vacancy_rate_lo": 50.0, "vacancy_rate_hi": 50.0, "stores": 3, "source": "stores+ledger", "capacity_method": "floor_ouln", "active_pip": 0, "licensed": 1, "id": "1120011400106560462-1", "pnu": "1120011400106560462", "floors": 4, "height": 12.3}}, {"type": "Feature", "geometry": {"type": "Polygon", "coordinates": [[[127.04585342, 37.54615204], [127.04588436, 37.5462278], [127.0460259, 37.54618792], [127.0459901, 37.54611423], [127.04585342, 37.54615204]]]}, "properties": {"name": "성수동1가 656-488", "status": "full", "capacity": 1, "active": 1, "industry": "", "vacancy_rate": 0.0, "source": "pip_only", "capacity_method": "floor_approx", "active_pip": 0, "licensed": 1, "id": "1120011400106560488-1", "pnu": "1120011400106560488", "floors": 1, "height": 0.0}}, {"type": "Feature", "geometry": {"type": "Polygon", "coordinates": [[[127.04561427, 37.54475765], [127.04562277, 37.54478171], [127.04565886, 37.54477331], [127.0456481, 37.54475016], [127.04561427, 37.54475765]]]}, "properties": {"name": "코사이어티", "status": "full", "capacity": 2, "active": 2, "industry": "비알코올 ", "vacancy_rate": 0.0, "vacancy_rate_lo": 0.0, "vacancy_rate_hi": 50.0, "stores": 1, "source": "stores+ledger", "capacity_method": "floor_ouln", "active_pip": 0, "licensed": 1, "id": "1120011400106580005-1", "pnu": "1120011400106580005", "floors": 0, "height": 0.0}}, {"type": "Feature", "geometry": {"type": "Polygon", "coordinates": [[[127.04579089, 37.54603097], [127.04592801, 37.54599235], [127.04590184, 37.54593903], [127.04577241, 37.54597349], [127.04579089, 37.54603097]]]}, "properties": {"name": "성수동1가 656-1229", "status": "full", "capacity": 1, "active": 1, "industry": "한식", "vacancy_rate": 0.0, "vacancy_rate_lo": 0.0, "vacancy_rate_hi": 0.0, "stores": 2, "source": "stores+ledger", "capacity_method": "floor_ouln", "active_pip": 0, "licensed": 1, "id": "1120011400106561229-1", "pnu": "1120011400106561229", "floors": 2, "height": 0.0}}, {"type": "Feature", "geometry": {"type": "Polygon", "coordinates": [[[127.04606974, 37.54627072], [127.04602982, 37.54619625], [127.04598847, 37.54621109], [127.04602664, 37.5462828], [127.04606974, 37.54627072]]]}, "properties": {"name": "성수동1가 656-488", "status": "full", "capacity": 1, "active": 1, "industry": "", "vacancy_rate": 0.0, "source": "pip_only", "capacity_method": "floor_approx", "active_pip": 0, "licensed": 1, "id": "1120011400106560488-2", "pnu": "1120011400106560488", "floors": 0, "height": 0.0}}, {"type": "Feature", "geometry": {"type": "Polygon", "coordinates": [[[127.04687473, 37.54622354], [127.04697644, 37.5461879], [127.04692671, 37.54610693], [127.04683123, 37.54613877], [127.04687473, 37.54622354]]]}, "properties": {"name": "성수동1가 656-988", "status": "full", "capacity": 2, "active": 2, "industry": "한식", "vacancy_rate": 0.0, "vacancy_rate_lo": 0.0, "vacancy_rate_hi": 0.0, "stores": 2, "source": "stores+ledger", "capacity_method": "floor_ouln", "active_pip": 0, "licensed": 2, "id": "1120011400106560988-1", "pnu": "1120011400106560988", "floors": 3, "height": 9.3}}, {"type": "Feature", "geometry": {"type": "Polygon", "coordinates": [[[127.04559797, 37.54606654], [127.04551686, 37.54610757], [127.04553816, 37.54614604], [127.04561723, 37.54610131], [127.04559797, 37.54606654]]]}, "properties": {"name": "와이지포레스트", "status": "full", "capacity": 2, "active": 2, "industry": "오락용품 소매", "vacancy_rate": 0.0, "vacancy_rate_lo": null, "vacancy_rate_hi": null, "stores": 2, "source": "stores+ledger", "capacity_method": "expos_units", "active_pip": 0, "licensed": 0, "id": "1120011400106560449-1", "pnu": "1120011400106560449", "floors": 0, "height": 0.0}}, {"type": "Feature", "geometry": {"type": "Polygon", "coordinates": [[[127.04661369, 37.54407386], [127.04635449, 37.5441255], [127.04635687, 37.54413523], [127.04661925, 37.54408692], [127.04661369, 37.54407386]]]}, "properties": {"name": "서울숲", "status": "full", "capacity": 12, "active": 12, "industry": "섬유·의복·신발 소매", "vacancy_rate": 0.0, "vacancy_rate_lo": null, "vacancy_rate_hi": null, "stores": 12, "source": "stores+ledger", "capacity_method": "expos_units", "active_pip": 0, "licensed": 5, "id": "1120011400106560334-1", "pnu": "1120011400106560334", "floors": 0, "height": 0.0}}, {"type": "Feature", "geometry": {"type": "Polygon", "coordinates": [[[127.04564208, 37.54621699], [127.04561316, 37.54610807], [127.04557312, 37.54612998], [127.04560022, 37.54622224], [127.04564208, 37.54621699]]]}, "properties": {"name": "와이지포레스트", "status": "full", "capacity": 2, "active": 2, "industry": "오락용품 소매", "vacancy_rate": 0.0, "vacancy_rate_lo": null, "vacancy_rate_hi": null, "stores": 2, "source": "stores+ledger", "capacity_method": "expos_units", "active_pip": 0, "licensed": 0, "id": "1120011400106560449-2", "pnu": "1120011400106560449", "floors": 0, "height": 0.0}}, {"type": "Feature", "geometry": {"type": "Polygon", "coordinates": [[[127.04673721, 37.54291179], [127.04672838, 37.54289305], [127.04668674, 37.54290541], [127.04669603, 37.54292442], [127.04673721, 37.54291179]]]}, "properties": {"name": "성수동1가 656-1244", "status": "full", "capacity": 1, "active": 1, "industry": "기타 교육", "vacancy_rate": 0.0, "vacancy_rate_lo": 0.0, "vacancy_rate_hi": 100.0, "stores": 1, "source": "stores+ledger", "capacity_method": "floor_ouln", "active_pip": 0, "licensed": 0, "id": "1120011400106561244-1", "pnu": "1120011400106561244", "floors": 0, "height": 0.0}}, {"type": "Feature", "geometry": {"type": "Polygon", "coordinates": [[[127.04500544, 37.54526307], [127.04499858, 37.54532967], [127.04500989, 37.54533093], [127.04501687, 37.54526406], [127.04500544, 37.54526307]]]}, "properties": {"name": "성수동1가 658-1", "status": "full", "capacity": 1, "active": 1, "industry": "자동차 수리·세차", "vacancy_rate": 0.0, "vacancy_rate_lo": 0.0, "vacancy_rate_hi": 0.0, "stores": 4, "source": "stores+ledger", "capacity_method": "floor_ouln", "active_pip": 0, "licensed": 0, "id": "1120011400106580001-1", "pnu": "1120011400106580001", "floors": 0, "height": 0.0}}, {"type": "Feature", "geometry": {"type": "Polygon", "coordinates": [[[127.04497624, 37.54317719], [127.04505656, 37.54315192], [127.04504806, 37.54313527], [127.04496944, 37.54316061], [127.04497624, 37.54317719]]]}, "properties": {"name": "성수동1가 656-462", "status": "partial", "capacity": 4, "active": 2, "industry": "서양식", "vacancy_rate": 50.0, "vacancy_rate_lo": 50.0, "vacancy_rate_hi": 50.0, "stores": 3, "source": "stores+ledger", "capacity_method": "floor_ouln", "active_pip": 0, "licensed": 1, "id": "1120011400106560462-2", "pnu": "1120011400106560462", "floors": 0, "height": 0.0}}, {"type": "Feature", "geometry": {"type": "Polygon", "coordinates": [[[127.0450766, 37.5433478], [127.04482275, 37.54345565], [127.04484406, 37.54352917], [127.04511398, 37.54341059], [127.0450766, 37.5433478]]]}, "properties": {"name": "성수동1가 656-447", "status": "full", "capacity": 2, "active": 2, "industry": "식료품 소매", "vacancy_rate": 0.0, "vacancy_rate_lo": 0.0, "vacancy_rate_hi": 0.0, "stores": 3, "source": "stores+ledger", "capacity_method": "floor_ouln", "active_pip": 0, "licensed": 0, "id": "1120011400106560447-1", "pnu": "1120011400106560447", "floors": 1, "height": 4.0}}, {"type": "Feature", "geometry": {"type": "Polygon", "coordinates": [[[127.04490191, 37.54320235], [127.04496798, 37.54318053], [127.04495914, 37.5431671], [127.04489658, 37.54319181], [127.04490191, 37.54320235]]]}, "properties": {"name": "성수동1가 656-462", "status": "partial", "capacity": 4, "active": 2, "industry": "서양식", "vacancy_rate": 50.0, "vacancy_rate_lo": 50.0, "vacancy_rate_hi": 50.0, "stores": 3, "source": "stores+ledger", "capacity_method": "floor_ouln", "active_pip": 0, "licensed": 1, "id": "1120011400106560462-3", "pnu": "1120011400106560462", "floors": 0, "height": 0.0}}, {"type": "Feature", "geometry": {"type": "Polygon", "coordinates": [[[127.0450331, 37.54345134], [127.04506854, 37.54350268], [127.04514491, 37.54347328], [127.0451047, 37.54341861], [127.0450331, 37.54345134]]]}, "properties": {"name": "성수동1가 656-447", "status": "full", "capacity": 2, "active": 2, "industry": "식료품 소매", "vacancy_rate": 0.0, "vacancy_rate_lo": 0.0, "vacancy_rate_hi": 0.0, "stores": 3, "source": "stores+ledger", "capacity_method": "floor_ouln", "active_pip": 0, "licensed": 0, "id": "1120011400106560447-2", "pnu": "1120011400106560447", "floors": 2, "height": 8.0}}, {"type": "Feature", "geometry": {"type": "Polygon", "coordinates": [[[127.04504944, 37.54373749], [127.0451929, 37.54368536], [127.04517443, 37.54364689], [127.04502509, 37.5436993], [127.04504944, 37.54373749]]]}, "properties": {"name": "성수동1가 656-446", "status": "empty", "capacity": 1, "active": 0, "industry": "", "vacancy_rate": 100.0, "source": "polygon_only", "capacity_method": "floor_approx", "active_pip": 0, "licensed": 0, "id": "1120011400106560446-1", "pnu": "1120011400106560446", "floors": 1, "height": 4.0}}, {"type": "Feature", "geometry": {"type": "Polygon", "coordinates": [[[127.04489873, 37.54277852], [127.04486231, 37.54279502], [127.04488768, 37.54283466], [127.04491924, 37.54282203], [127.04489873, 37.54277852]]]}, "properties": {"name": "FORHU", "status": "full", "capacity": 24, "active": 24, "industry": "기타 교육", "vacancy_rate": 0.0, "vacancy_rate_lo": null, "vacancy_rate_hi": null, "stores": 24, "source": "stores+ledger", "capacity_method": "expos_units", "active_pip": 0, "licensed": 0, "id": "1120011400106560003-1", "pnu": "1120011400106560003", "floors": 0, "height": 0.0}}, {"type": "Feature", "geometry": {"type": "Polygon", "coordinates": [[[127.04521155, 37.54627149], [127.04534699, 37.54625567], [127.04533168, 37.54619981], [127.04519839, 37.5462186], [127.04521155, 37.54627149]]]}, "properties": {"name": "와이지포레스트", "status": "full", "capacity": 2, "active": 2, "industry": "오락용품 소매", "vacancy_rate": 0.0, "vacancy_rate_lo": null, "vacancy_rate_hi": null, "stores": 2, "source": "stores+ledger", "capacity_method": "expos_units", "active_pip": 0, "licensed": 0, "id": "1120011400106560449-3", "pnu": "1120011400106560449", "floors": 1, "height": 4.0}}, {"type": "Feature", "geometry": {"type": "Polygon", "coordinates": [[[127.04505397, 37.54298047], [127.04503336, 37.54295263], [127.04500395, 37.54296482], [127.04502456, 37.54299291], [127.04505397, 37.54298047]]]}, "properties": {"name": "성수동1가 656-461", "status": "partial", "capacity": 3, "active": 2, "industry": "한식", "vacancy_rate": 33.3, "vacancy_rate_lo": 33.3, "vacancy_rate_hi": 66.7, "stores": 3, "source": "stores+ledger", "capacity_method": "floor_ouln", "active_pip": 0, "licensed": 2, "id": "1120011400106560461-1", "pnu": "1120011400106560461", "floors": 0, "height": 0.0}}, {"type": "Feature", "geometry": {"type": "Polygon", "coordinates": [[[127.04517483, 37.54618419], [127.04518209, 37.54621798], [127.04533937, 37.54619711], [127.04533495, 37.54617693], [127.04528943, 37.54617141], [127.04517483, 37.54618419]]]}, "properties": {"name": "와이지포레스트", "status": "full", "capacity": 2, "active": 2, "industry": "오락용품 소매", "vacancy_rate": 0.0, "vacancy_rate_lo": null, "vacancy_rate_hi": null, "stores": 2, "source": "stores+ledger", "capacity_method": "expos_units", "active_pip": 0, "licensed": 0, "id": "1120011400106560449-4", "pnu": "1120011400106560449", "floors": 1, "height": 4.0}}, {"type": "Feature", "geometry": {"type": "Polygon", "coordinates": [[[127.04531014, 37.54576951], [127.04522584, 37.54577819], [127.04522925, 37.54579837], [127.04531411, 37.54578888], [127.04531014, 37.54576951]]]}, "properties": {"name": "성수동1가 656-498", "status": "full", "capacity": 1, "active": 1, "industry": "섬유·의복·신발 소매", "vacancy_rate": 0.0, "vacancy_rate_lo": 0.0, "vacancy_rate_hi": 0.0, "stores": 2, "source": "stores+ledger", "capacity_method": "floor_ouln", "active_pip": 0, "licensed": 0, "id": "1120011400106560498-1", "pnu": "1120011400106560498", "floors": 0, "height": 0.0}}, {"type": "Feature", "geometry": {"type": "Polygon", "coordinates": [[[127.04672883, 37.5456074], [127.04664918, 37.54563104], [127.0466817, 37.54570392], [127.04673261, 37.54569047], [127.04671018, 37.54564228], [127.0467388, 37.5456328], [127.04672883, 37.5456074]]]}, "properties": {"name": "성수동1가 656-317", "status": "empty", "capacity": 1, "active": 0, "industry": "", "vacancy_rate": 100.0, "source": "polygon_only", "capacity_method": "floor_approx", "active_pip": 0, "licensed": 0, "id": "1120011400106560317-1", "pnu": "1120011400106560317", "floors": 1, "height": 0.0}}, {"type": "Feature", "geometry": {"type": "Polygon", "coordinates": [[[127.04675863, 37.54603483], [127.04674809, 37.546006], [127.04663269, 37.54603632], [127.0466413, 37.54605857], [127.04668938, 37.54604512], [127.0466921, 37.54604927], [127.04675863, 37.54603483]]]}, "properties": {"name": "성수동1가 656-1085", "status": "partial", "capacity": 6, "active": 4, "industry": "비알코올 ", "vacancy_rate": 33.3, "vacancy_rate_lo": 33.3, "vacancy_rate_hi": 33.3, "stores": 4, "source": "stores+ledger", "capacity_method": "floor_ouln", "active_pip": 0, "licensed": 3, "id": "1120011400106561085-1", "pnu": "1120011400106561085", "floors": 0, "height": 0.0}}, {"type": "Feature", "geometry": {"type": "Polygon", "coordinates": [[[127.04513913, 37.546288], [127.04520737, 37.54628275], [127.04519364, 37.54622446], [127.04517519, 37.54622438], [127.04516748, 37.54618582], [127.04511663, 37.5461912], [127.04513913, 37.546288]]]}, "properties": {"name": "와이지포레스트", "status": "full", "capacity": 2, "active": 2, "industry": "오락용품 소매", "vacancy_rate": 0.0, "vacancy_rate_lo": null, "vacancy_rate_hi": null, "stores": 2, "source": "stores+ledger", "capacity_method": "expos_units", "active_pip": 0, "licensed": 0, "id": "1120011400106560449-5", "pnu": "1120011400106560449", "floors": 1, "height": 0.0}}, {"type": "Feature", "geometry": {"type": "Polygon", "coordinates": [[[127.04352882, 37.54618229], [127.04350842, 37.54613067], [127.04348455, 37.54613636], [127.04347298, 37.5461069], [127.04337421, 37.54613613], [127.04340492, 37.54621144], [127.04352882, 37.54618229]]]}, "properties": {"name": "성수동1가 668-138", "status": "full", "capacity": 1, "active": 1, "industry": "기타 교육", "vacancy_rate": 0.0, "vacancy_rate_lo": 0.0, "vacancy_rate_hi": 0.0, "stores": 2, "source": "stores+ledger", "capacity_method": "floor_ouln", "active_pip": 0, "licensed": 1, "id": "1120011400106680138-1", "pnu": "1120011400106680138", "floors": 4, "height": 11.65}}, {"type": "Feature", "geometry": {"type": "Polygon", "coordinates": [[[127.0465652, 37.54252353], [127.04659397, 37.54256947], [127.04661411, 37.54256315], [127.04658692, 37.54251442], [127.0465652, 37.54252353]]]}, "properties": {"name": "성수동1가 656-1206", "status": "high", "capacity": 5, "active": 2, "industry": "섬유·의복·신발 소매", "vacancy_rate": 60.0, "vacancy_rate_lo": 60.0, "vacancy_rate_hi": 100.0, "stores": 2, "source": "stores+ledger", "capacity_method": "floor_ouln", "active_pip": 0, "licensed": 0, "id": "1120011400106561206-1", "pnu": "1120011400106561206", "floors": 0, "height": 0.0}}, {"type": "Feature", "geometry": {"type": "Polygon", "coordinates": [[[127.04580624, 37.54577832], [127.04575037, 37.54565932], [127.04561189, 37.54568956], [127.04565462, 37.54579847], [127.04574197, 37.54578321], [127.04574481, 37.54579312], [127.04580624, 37.54577832]]]}, "properties": {"name": "성수동1가 656-345", "status": "partial", "capacity": 3, "active": 2, "industry": "유원지·오락", "vacancy_rate": 33.3, "vacancy_rate_lo": 33.3, "vacancy_rate_hi": 100.0, "stores": 2, "source": "stores+ledger", "capacity_method": "floor_ouln", "active_pip": 0, "licensed": 0, "id": "1120011400106560345-2", "pnu": "1120011400106560345", "floors": 0, "height": 0.0}}, {"type": "Feature", "geometry": {"type": "Polygon", "coordinates": [[[127.04618293, 37.5461102], [127.0460897, 37.54613961], [127.04615155, 37.5462532], [127.04617861, 37.54627301], [127.04625317, 37.54625649], [127.04618293, 37.5461102]]]}, "properties": {"name": "성수동1가 656-1076", "status": "full", "capacity": 3, "active": 3, "industry": "기타 교육", "vacancy_rate": 0.0, "vacancy_rate_lo": 0.0, "vacancy_rate_hi": 0.0, "stores": 4, "source": "stores+ledger", "capacity_method": "floor_ouln", "active_pip": 0, "licensed": 2, "id": "1120011400106561076-1", "pnu": "1120011400106561076", "floors": 3, "height": 10.2}}, {"type": "Feature", "geometry": {"type": "Polygon", "coordinates": [[[127.0456485, 37.54299529], [127.04587373, 37.54290158], [127.04583227, 37.54284168], [127.045611, 37.54293584], [127.0456485, 37.54299529]]]}, "properties": {"name": "성수동1가 656-469", "status": "high", "capacity": 3, "active": 1, "industry": "", "vacancy_rate": 66.7, "source": "pip_only", "capacity_method": "floor_approx", "active_pip": 0, "licensed": 1, "id": "1120011400106560469-1", "pnu": "1120011400106560469", "floors": 3, "height": 0.0}}, {"type": "Feature", "geometry": {"type": "Polygon", "coordinates": [[[127.04585467, 37.54614834], [127.04598579, 37.54610883], [127.04593322, 37.5460028], [127.04580266, 37.54604241], [127.04585467, 37.54614834]]]}, "properties": {"name": "성수동1가 656-1839", "status": "full", "capacity": 2, "active": 2, "industry": "한식", "vacancy_rate": 0.0, "vacancy_rate_lo": 0.0, "vacancy_rate_hi": 0.0, "stores": 5, "source": "stores+ledger", "capacity_method": "floor_ouln", "active_pip": 0, "licensed": 4, "id": "1120011400106561839-1", "pnu": "1120011400106561839", "floors": 4, "height": 13.1}}, {"type": "Feature", "geometry": {"type": "Polygon", "coordinates": [[[127.04645746, 37.54595124], [127.04654256, 37.54612816], [127.04657639, 37.54612211], [127.04657978, 37.54612905], [127.04661927, 37.54611921], [127.04661576, 37.54611047], [127.04664483, 37.54610172], [127.04657537, 37.54593894], [127.04652569, 37.54595094], [127.04651742, 37.5459377], [127.04645746, 37.54595124]]]}, "properties": {"name": "성수동1가 656-1960", "status": "empty", "capacity": 5, "active": 0, "industry": "", "vacancy_rate": 100.0, "source": "polygon_only", "capacity_method": "floor_approx", "active_pip": 0, "licensed": 0, "id": "1120011400106561960-1", "pnu": "1120011400106561960", "floors": 5, "height": 14.9}}, {"type": "Feature", "geometry": {"type": "Polygon", "coordinates": [[[127.04675017, 37.5428143], [127.04667349, 37.54268999], [127.04661862, 37.54271425], [127.04664376, 37.54274875], [127.04665621, 37.54274586], [127.04669722, 37.54283288], [127.04675017, 37.5428143]]]}, "properties": {"name": "성수동1가 656-1244", "status": "full", "capacity": 1, "active": 1, "industry": "기타 교육", "vacancy_rate": 0.0, "vacancy_rate_lo": 0.0, "vacancy_rate_hi": 100.0, "stores": 1, "source": "stores+ledger", "capacity_method": "floor_ouln", "active_pip": 0, "licensed": 0, "id": "1120011400106561244-2", "pnu": "1120011400106561244", "floors": 0, "height": 0.0}}, {"type": "Feature", "geometry": {"type": "Polygon", "coordinates": [[[127.04659982, 37.54267713], [127.04665989, 37.5426536], [127.04661129, 37.54256802], [127.04654726, 37.54258823], [127.04659982, 37.54267713]]]}, "properties": {"name": "성수동1가 656-1206", "status": "high", "capacity": 5, "active": 2, "industry": "섬유·의복·신발 소매", "vacancy_rate": 60.0, "vacancy_rate_lo": 60.0, "vacancy_rate_hi": 100.0, "stores": 2, "source": "stores+ledger", "capacity_method": "floor_ouln", "active_pip": 0, "licensed": 0, "id": "1120011400106561206-2", "pnu": "1120011400106561206", "floors": 0, "height": 0.0}}, {"type": "Feature", "geometry": {"type": "Polygon", "coordinates": [[[127.04562818, 37.54494019], [127.04583896, 37.54489155], [127.045807, 37.54480002], [127.04559192, 37.54485118], [127.04562818, 37.54494019]]]}, "properties": {"name": "코사이어티", "status": "full", "capacity": 2, "active": 2, "industry": "비알코올 ", "vacancy_rate": 0.0, "vacancy_rate_lo": 0.0, "vacancy_rate_hi": 50.0, "stores": 1, "source": "stores+ledger", "capacity_method": "floor_ouln", "active_pip": 0, "licensed": 1, "id": "1120011400106580005-2", "pnu": "1120011400106580005", "floors": 1, "height": 4.0}}, {"type": "Feature", "geometry": {"type": "Polygon", "coordinates": [[[127.04575092, 37.5459862], [127.04560193, 37.54606104], [127.04563887, 37.54614266], [127.04580983, 37.54609736], [127.04575092, 37.5459862]]]}, "properties": {"name": "성수동1가 656-450", "status": "full", "capacity": 1, "active": 1, "industry": "", "vacancy_rate": 0.0, "source": "pip_only", "capacity_method": "floor_approx", "active_pip": 0, "licensed": 1, "id": "1120011400106560450-1", "pnu": "1120011400106560450", "floors": 1, "height": 0.0}}, {"type": "Feature", "geometry": {"type": "Polygon", "coordinates": [[[127.04558215, 37.54479262], [127.04559746, 37.54484758], [127.04565516, 37.54483287], [127.04563759, 37.54477963], [127.04558215, 37.54479262]]]}, "properties": {"name": "코사이어티", "status": "full", "capacity": 2, "active": 2, "industry": "비알코올 ", "vacancy_rate": 0.0, "vacancy_rate_lo": 0.0, "vacancy_rate_hi": 50.0, "stores": 1, "source": "stores+ledger", "capacity_method": "floor_ouln", "active_pip": 0, "licensed": 1, "id": "1120011400106580005-3", "pnu": "1120011400106580005", "floors": 0, "height": 0.0}}, {"type": "Feature", "geometry": {"type": "Polygon", "coordinates": [[[127.0467136, 37.54405282], [127.04669397, 37.54397499], [127.04632253, 37.54404171], [127.04634113, 37.54412551], [127.0467136, 37.54405282]]]}, "properties": {"name": "서울숲", "status": "full", "capacity": 12, "active": 12, "industry": "섬유·의복·신발 소매", "vacancy_rate": 0.0, "vacancy_rate_lo": null, "vacancy_rate_hi": null, "stores": 12, "source": "stores+ledger", "capacity_method": "expos_units", "active_pip": 0, "licensed": 5, "id": "1120011400106560334-2", "pnu": "1120011400106560334", "floors": 1, "height": 4.0}}, {"type": "Feature", "geometry": {"type": "Polygon", "coordinates": [[[127.04676975, 37.54426066], [127.04674626, 37.5441812], [127.04637968, 37.5442419], [127.04640009, 37.54432559], [127.04676975, 37.54426066]]]}, "properties": {"name": "서울숲", "status": "full", "capacity": 12, "active": 12, "industry": "섬유·의복·신발 소매", "vacancy_rate": 0.0, "vacancy_rate_lo": null, "vacancy_rate_hi": null, "stores": 12, "source": "stores+ledger", "capacity_method": "expos_units", "active_pip": 0, "licensed": 5, "id": "1120011400106560334-3", "pnu": "1120011400106560334", "floors": 1, "height": 5.71}}, {"type": "Feature", "geometry": {"type": "Polygon", "coordinates": [[[127.04631041, 37.54402505], [127.04668332, 37.54395174], [127.04666054, 37.54387931], [127.04629339, 37.54394234], [127.04631041, 37.54402505]]]}, "properties": {"name": "서울숲", "status": "full", "capacity": 12, "active": 12, "industry": "섬유·의복·신발 소매", "vacancy_rate": 0.0, "vacancy_rate_lo": null, "vacancy_rate_hi": null, "stores": 12, "source": "stores+ledger", "capacity_method": "expos_units", "active_pip": 0, "licensed": 5, "id": "1120011400106560334-4", "pnu": "1120011400106560334", "floors": 1, "height": 4.0}}, {"type": "Feature", "geometry": {"type": "Polygon", "coordinates": [[[127.04662, 37.54601983], [127.04674028, 37.54599501], [127.04671374, 37.54592808], [127.04668581, 37.54593097], [127.04668071, 37.54592052], [127.04662809, 37.54593379], [127.04662867, 37.54594388], [127.04659439, 37.54595227], [127.04662, 37.54601983]]]}, "properties": {"name": "성수동1가 656-1086", "status": "empty", "capacity": 2, "active": 0, "industry": "", "vacancy_rate": 100.0, "source": "polygon_only", "capacity_method": "floor_approx", "active_pip": 0, "licensed": 0, "id": "1120011400106561086-1", "pnu": "1120011400106561086", "floors": 2, "height": 0.0}}, {"type": "Feature", "geometry": {"type": "Polygon", "coordinates": [[[127.04677995, 37.54610465], [127.0467532, 37.54603825], [127.04669029, 37.54605314], [127.04668792, 37.54604909], [127.04664187, 37.54606154], [127.04667122, 37.54613721], [127.04677995, 37.54610465]]]}, "properties": {"name": "성수동1가 656-1085", "status": "partial", "capacity": 6, "active": 4, "industry": "비알코올 ", "vacancy_rate": 33.3, "vacancy_rate_lo": 33.3, "vacancy_rate_hi": 33.3, "stores": 4, "source": "stores+ledger", "capacity_method": "floor_ouln", "active_pip": 0, "licensed": 3, "id": "1120011400106561085-2", "pnu": "1120011400106561085", "floors": 2, "height": 0.0}}, {"type": "Feature", "geometry": {"type": "Polygon", "coordinates": [[[127.04682648, 37.54288671], [127.04680699, 37.54285446], [127.04673018, 37.54288125], [127.04674423, 37.54290962], [127.04682648, 37.54288671]]]}, "properties": {"name": "성수동1가 656-1244", "status": "full", "capacity": 1, "active": 1, "industry": "기타 교육", "vacancy_rate": 0.0, "vacancy_rate_lo": 0.0, "vacancy_rate_hi": 100.0, "stores": 1, "source": "stores+ledger", "capacity_method": "floor_ouln", "active_pip": 0, "licensed": 0, "id": "1120011400106561244-3", "pnu": "1120011400106561244", "floors": 0, "height": 0.0}}, {"type": "Feature", "geometry": {"type": "Polygon", "coordinates": [[[127.04686211, 37.54593261], [127.04684373, 37.54587603], [127.04680064, 37.54588678], [127.04680551, 37.54590046], [127.04678288, 37.54590615], [127.04677177, 37.54586751], [127.04671134, 37.54588213], [127.04674116, 37.54596158], [127.04686211, 37.54593261]]]}, "properties": {"name": "성수동1가 656-1087", "status": "full", "capacity": 1, "active": 1, "industry": "한식", "vacancy_rate": 0.0, "vacancy_rate_lo": 0.0, "vacancy_rate_hi": 0.0, "stores": 1, "source": "stores+ledger", "capacity_method": "floor_ouln", "active_pip": 0, "licensed": 1, "id": "1120011400106561087-1", "pnu": "1120011400106561087", "floors": 1, "height": 0.0}}, {"type": "Feature", "geometry": {"type": "Polygon", "coordinates": [[[127.0463283, 37.54550223], [127.04641926, 37.54547328], [127.04638435, 37.5453931], [127.04629169, 37.54541855], [127.0463283, 37.54550223]]]}, "properties": {"name": "성수동1가 656-819", "status": "high", "capacity": 3, "active": 1, "industry": "", "vacancy_rate": 66.7, "source": "pip_only", "capacity_method": "floor_approx", "active_pip": 0, "licensed": 1, "id": "1120011400106560819-1", "pnu": "1120011400106560819", "floors": 3, "height": 0.0}}, {"type": "Feature", "geometry": {"type": "Polygon", "coordinates": [[[127.04639533, 37.54556708], [127.04644929, 37.54555192], [127.0464357, 37.54552409], [127.04644147, 37.5455221], [127.04642718, 37.54548247], [127.0463653, 37.54550258], [127.04639533, 37.54556708]]]}, "properties": {"name": "RICK", "status": "full", "capacity": 2, "active": 2, "industry": "한식", "vacancy_rate": 0.0, "vacancy_rate_lo": 0.0, "vacancy_rate_hi": 50.0, "stores": 2, "source": "stores+ledger", "capacity_method": "floor_ouln", "active_pip": 0, "licensed": 1, "id": "1120011400106560640-1", "pnu": "1120011400106560640", "floors": 2, "height": 7.3}}, {"type": "Feature", "geometry": {"type": "Polygon", "coordinates": [[[127.04617856, 37.54563167], [127.04623637, 37.5456176], [127.04620837, 37.54555129], [127.04615011, 37.54556843], [127.04617856, 37.54563167]]]}, "properties": {"name": "성수동1가 656-635", "status": "full", "capacity": 1, "active": 1, "industry": "한식", "vacancy_rate": 0.0, "vacancy_rate_lo": 0.0, "vacancy_rate_hi": 0.0, "stores": 2, "source": "stores+ledger", "capacity_method": "floor_ouln", "active_pip": 0, "licensed": 2, "id": "1120011400106560635-1", "pnu": "1120011400106560635", "floors": 2, "height": 7.5}}, {"type": "Feature", "geometry": {"type": "Polygon", "coordinates": [[[127.04576308, 37.54533019], [127.04587317, 37.54530563], [127.04585435, 37.54524698], [127.04574573, 37.54526703], [127.04576308, 37.54533019]]]}, "properties": {"name": "좌측", "status": "full", "capacity": 1, "active": 1, "industry": "애완동물·용품 소매", "vacancy_rate": 0.0, "vacancy_rate_lo": 0.0, "vacancy_rate_hi": 100.0, "stores": 3, "source": "stores+ledger", "capacity_method": "floor_ouln", "active_pip": 0, "licensed": 2, "id": "1120011400106561053-1", "pnu": "1120011400106561053", "floors": 3, "height": 12.6}}, {"type": "Feature", "geometry": {"type": "Polygon", "coordinates": [[[127.04595335, 37.54560626], [127.04606458, 37.54558018], [127.04602887, 37.54550001], [127.04592874, 37.54552356], [127.04595335, 37.54560626]]]}, "properties": {"name": "성수동1가 656-816", "status": "full", "capacity": 3, "active": 3, "industry": "기타 간이", "vacancy_rate": 0.0, "vacancy_rate_lo": 0.0, "vacancy_rate_hi": 0.0, "stores": 5, "source": "stores+ledger", "capacity_method": "floor_ouln", "active_pip": 0, "licensed": 4, "id": "1120011400106560816-1", "pnu": "1120011400106560816", "floors": 3, "height": 10.3}}, {"type": "Feature", "geometry": {"type": "Polygon", "coordinates": [[[127.04670418, 37.54273413], [127.04697072, 37.54265626], [127.04692722, 37.54257762], [127.04667846, 37.54268485], [127.04670418, 37.54273413]]]}, "properties": {"name": "성수동1가 656-1244", "status": "full", "capacity": 1, "active": 1, "industry": "기타 교육", "vacancy_rate": 0.0, "vacancy_rate_lo": 0.0, "vacancy_rate_hi": 100.0, "stores": 1, "source": "stores+ledger", "capacity_method": "floor_ouln", "active_pip": 0, "licensed": 0, "id": "1120011400106561244-4", "pnu": "1120011400106561244", "floors": 1, "height": 0.0}}, {"type": "Feature", "geometry": {"type": "Polygon", "coordinates": [[[127.04706655, 37.54263424], [127.04671244, 37.5427362], [127.04675661, 37.54280952], [127.04710122, 37.54270495], [127.04706655, 37.54263424]]]}, "properties": {"name": "성수동1가 656-1244", "status": "full", "capacity": 1, "active": 1, "industry": "기타 교육", "vacancy_rate": 0.0, "vacancy_rate_lo": 0.0, "vacancy_rate_hi": 100.0, "stores": 1, "source": "stores+ledger", "capacity_method": "floor_ouln", "active_pip": 0, "licensed": 0, "id": "1120011400106561244-5", "pnu": "1120011400106561244", "floors": 1, "height": 4.0}}, {"type": "Feature", "geometry": {"type": "Polygon", "coordinates": [[[127.04671443, 37.54302704], [127.04715588, 37.54290351], [127.04711237, 37.54280469], [127.04668415, 37.54292884], [127.04671443, 37.54302704]]]}, "properties": {"name": "성수동1가 656-1244", "status": "full", "capacity": 1, "active": 1, "industry": "기타 교육", "vacancy_rate": 0.0, "vacancy_rate_lo": 0.0, "vacancy_rate_hi": 100.0, "stores": 1, "source": "stores+ledger", "capacity_method": "floor_ouln", "active_pip": 0, "licensed": 0, "id": "1120011400106561244-6", "pnu": "1120011400106561244", "floors": 1, "height": 0.0}}, {"type": "Feature", "geometry": {"type": "Polygon", "coordinates": [[[127.04625441, 37.54570165], [127.04634481, 37.54568008], [127.04633076, 37.54564135], [127.046245, 37.54565769], [127.04625441, 37.54570165]]]}, "properties": {"name": "성수동1가 656-622", "status": "high", "capacity": 3, "active": 1, "industry": "", "vacancy_rate": 66.7, "source": "pip_only", "capacity_method": "floor_approx", "active_pip": 0, "licensed": 1, "id": "1120011400106560622-1", "pnu": "1120011400106560622", "floors": 3, "height": 7.5}}, {"type": "Feature", "geometry": {"type": "Polygon", "coordinates": [[[127.0462925, 37.545803], [127.04635585, 37.54578279], [127.04635086, 37.54576108], [127.046377, 37.54575494], [127.04634991, 37.54568666], [127.04625781, 37.54570805], [127.0462925, 37.545803]]]}, "properties": {"name": "성수동1가 656-621", "status": "full", "capacity": 1, "active": 1, "industry": "한식", "vacancy_rate": 0.0, "vacancy_rate_lo": 0.0, "vacancy_rate_hi": 0.0, "stores": 1, "source": "stores+ledger", "capacity_method": "floor_ouln", "active_pip": 0, "licensed": 1, "id": "1120011400106560621-1", "pnu": "1120011400106560621", "floors": 3, "height": 10.3}}, {"type": "Feature", "geometry": {"type": "Polygon", "coordinates": [[[127.04630354, 37.54389035], [127.04632077, 37.54393666], [127.04662286, 37.54388104], [127.04661912, 37.54386933], [127.04664989, 37.54386202], [127.04663085, 37.54380995], [127.04630354, 37.54389035]]]}, "properties": {"name": "서울숲", "status": "full", "capacity": 12, "active": 12, "industry": "섬유·의복·신발 소매", "vacancy_rate": 0.0, "vacancy_rate_lo": null, "vacancy_rate_hi": null, "stores": 12, "source": "stores+ledger", "capacity_method": "expos_units", "active_pip": 0, "licensed": 5, "id": "1120011400106560334-5", "pnu": "1120011400106560334", "floors": 1, "height": 4.0}}, {"type": "Feature", "geometry": {"type": "Polygon", "coordinates": [[[127.04578272, 37.54468839], [127.04563801, 37.54472521], [127.04568197, 37.54482232], [127.04582023, 37.54478686], [127.04578272, 37.54468839]]]}, "properties": {"name": "코사이어티", "status": "full", "capacity": 2, "active": 2, "industry": "비알코올 ", "vacancy_rate": 0.0, "vacancy_rate_lo": 0.0, "vacancy_rate_hi": 50.0, "stores": 1, "source": "stores+ledger", "capacity_method": "floor_ouln", "active_pip": 0, "licensed": 1, "id": "1120011400106580005-4", "pnu": "1120011400106580005", "floors": 3, "height": 12.0}}, {"type": "Feature", "geometry": {"type": "Polygon", "coordinates": [[[127.04578272, 37.54468839], [127.04580602, 37.54468226], [127.04579548, 37.5446437], [127.04563052, 37.54470043], [127.04563801, 37.54472521], [127.04578272, 37.54468839]]]}, "properties": {"name": "코사이어티", "status": "full", "capacity": 2, "active": 2, "industry": "비알코올 ", "vacancy_rate": 0.0, "vacancy_rate_lo": 0.0, "vacancy_rate_hi": 50.0, "stores": 1, "source": "stores+ledger", "capacity_method": "floor_ouln", "active_pip": 0, "licensed": 1, "id": "1120011400106580005-5", "pnu": "1120011400106580005", "floors": 3, "height": 0.0}}, {"type": "Feature", "geometry": {"type": "Polygon", "coordinates": [[[127.04593775, 37.54583097], [127.04597633, 37.54591236], [127.04603213, 37.54589942], [127.0459978, 37.54581644], [127.04593775, 37.54583097]]]}, "properties": {"name": "성수동1가 656-630", "status": "full", "capacity": 1, "active": 1, "industry": "기타 간이", "vacancy_rate": 0.0, "vacancy_rate_lo": 0.0, "vacancy_rate_hi": 0.0, "stores": 1, "source": "stores+ledger", "capacity_method": "floor_ouln", "active_pip": 0, "licensed": 1, "id": "1120011400106560630-1", "pnu": "1120011400106560630", "floors": 1, "height": 3.7}}, {"type": "Feature", "geometry": {"type": "Polygon", "coordinates": [[[127.04558312, 37.54620485], [127.04556022, 37.54613837], [127.04550117, 37.54617038], [127.04551025, 37.54621921], [127.04558312, 37.54620485]]]}, "properties": {"name": "와이지포레스트", "status": "full", "capacity": 2, "active": 2, "industry": "오락용품 소매", "vacancy_rate": 0.0, "vacancy_rate_lo": null, "vacancy_rate_hi": null, "stores": 2, "source": "stores+ledger", "capacity_method": "expos_units", "active_pip": 0, "licensed": 0, "id": "1120011400106560449-6", "pnu": "1120011400106560449", "floors": 0, "height": 0.0}}, {"type": "Feature", "geometry": {"type": "Polygon", "coordinates": [[[127.04485744, 37.54358016], [127.04490298, 37.54366249], [127.04529746, 37.54351395], [127.04526121, 37.54344881], [127.0449992, 37.54354082], [127.04498901, 37.54352533], [127.04485744, 37.54358016]]]}, "properties": {"name": "성수동1가 656-447", "status": "full", "capacity": 2, "active": 2, "industry": "식료품 소매", "vacancy_rate": 0.0, "vacancy_rate_lo": 0.0, "vacancy_rate_hi": 0.0, "stores": 3, "source": "stores+ledger", "capacity_method": "floor_ouln", "active_pip": 0, "licensed": 0, "id": "1120011400106560447-3", "pnu": "1120011400106560447", "floors": 2, "height": 8.0}}, {"type": "Feature", "geometry": {"type": "Polygon", "coordinates": [[[127.04757333, 37.54612721], [127.04753491, 37.54605839], [127.04745051, 37.54608636], [127.04746909, 37.54612284], [127.04747792, 37.54612131], [127.04749673, 37.5461522], [127.04757333, 37.54612721]]]}, "properties": {"name": "성수동1가 656-1029", "status": "partial", "capacity": 2, "active": 1, "industry": "한식", "vacancy_rate": 50.0, "vacancy_rate_lo": 50.0, "vacancy_rate_hi": 50.0, "stores": 1, "source": "stores+ledger", "capacity_method": "floor_ouln", "active_pip": 0, "licensed": 1, "id": "1120011400106561029-1", "pnu": "1120011400106561029", "floors": 4, "height": 12.7}}, {"type": "Feature", "geometry": {"type": "Polygon", "coordinates": [[[127.04765858, 37.54265499], [127.04772137, 37.54264956], [127.04772058, 37.54263605], [127.04773438, 37.54263253], [127.04772676, 37.54258136], [127.0476436, 37.54259292], [127.04765858, 37.54265499]]]}, "properties": {"name": "성수동1가 656-27", "status": "empty", "capacity": 5, "active": 0, "industry": "", "vacancy_rate": 100.0, "source": "polygon_only", "capacity_method": "floor_approx", "active_pip": 0, "licensed": 0, "id": "1120011400106560027-1", "pnu": "1120011400106560027", "floors": 5, "height": 14.4}}, {"type": "Feature", "geometry": {"type": "Polygon", "coordinates": [[[127.04780341, 37.54544806], [127.04773904, 37.54539748], [127.04766175, 37.54546514], [127.04764306, 37.54545289], [127.04762621, 37.54547137], [127.04771259, 37.54552594], [127.04780341, 37.54544806]]]}, "properties": {"name": "한양현대아파트", "status": "high", "capacity": 10, "active": 2, "industry": "기타 생활용품 소매", "vacancy_rate": 80.0, "vacancy_rate_lo": null, "vacancy_rate_hi": null, "stores": 2, "source": "stores+ledger", "capacity_method": "expos_units", "active_pip": 0, "licensed": 0, "id": "1120011400107070000-1", "pnu": "1120011400107070000", "floors": 0, "height": 0.0}}, {"type": "Feature", "geometry": {"type": "Polygon", "coordinates": [[[127.04722056, 37.54537489], [127.04722814, 37.54539672], [127.04725402, 37.54539031], [127.04724589, 37.54536971], [127.04722056, 37.54537489]]]}, "properties": {"name": "성수동1가 656-323", "status": "high", "capacity": 7, "active": 1, "industry": "한식", "vacancy_rate": 85.7, "vacancy_rate_lo": 85.7, "vacancy_rate_hi": 100.0, "stores": 1, "source": "stores+ledger", "capacity_method": "floor_ouln", "active_pip": 0, "licensed": 0, "id": "1120011400106560323-1", "pnu": "1120011400106560323", "floors": 0, "height": 0.0}}, {"type": "Feature", "geometry": {"type": "Polygon", "coordinates": [[[127.04681231, 37.5428468], [127.0468327, 37.5428849], [127.04694199, 37.54285261], [127.04692793, 37.54281296], [127.04681231, 37.5428468]]]}, "properties": {"name": "성수동1가 656-1244", "status": "full", "capacity": 1, "active": 1, "industry": "기타 교육", "vacancy_rate": 0.0, "vacancy_rate_lo": 0.0, "vacancy_rate_hi": 100.0, "stores": 1, "source": "stores+ledger", "capacity_method": "floor_ouln", "active_pip": 0, "licensed": 0, "id": "1120011400106561244-7", "pnu": "1120011400106561244", "floors": 0, "height": 0.0}}, {"type": "Feature", "geometry": {"type": "Polygon", "coordinates": [[[127.04695505, 37.54275367], [127.04696423, 37.54276872], [127.04711164, 37.54272946], [127.04710359, 37.54270793], [127.04695505, 37.54275367]]]}, "properties": {"name": "성수동1가 656-1244", "status": "full", "capacity": 1, "active": 1, "industry": "기타 교육", "vacancy_rate": 0.0, "vacancy_rate_lo": 0.0, "vacancy_rate_hi": 100.0, "stores": 1, "source": "stores+ledger", "capacity_method": "floor_ouln", "active_pip": 0, "licensed": 0, "id": "1120011400106561244-8", "pnu": "1120011400106561244", "floors": 0, "height": 0.0}}, {"type": "Feature", "geometry": {"type": "Polygon", "coordinates": [[[127.04706827, 37.54528501], [127.0470941, 37.54533303], [127.04712357, 37.54532354], [127.04709802, 37.54527617], [127.04706827, 37.54528501]]]}, "properties": {"name": "성수동1가 656-323", "status": "high", "capacity": 7, "active": 1, "industry": "한식", "vacancy_rate": 85.7, "vacancy_rate_lo": 85.7, "vacancy_rate_hi": 100.0, "stores": 1, "source": "stores+ledger", "capacity_method": "floor_ouln", "active_pip": 0, "licensed": 0, "id": "1120011400106560323-2", "pnu": "1120011400106560323", "floors": 0, "height": 0.0}}, {"type": "Feature", "geometry": {"type": "Polygon", "coordinates": [[[127.04686263, 37.5428002], [127.04691332, 37.54278775], [127.04690426, 37.54276982], [127.04686047, 37.5427811], [127.04686263, 37.5428002]]]}, "properties": {"name": "성수동1가 656-1244", "status": "full", "capacity": 1, "active": 1, "industry": "기타 교육", "vacancy_rate": 0.0, "vacancy_rate_lo": 0.0, "vacancy_rate_hi": 100.0, "stores": 1, "source": "stores+ledger", "capacity_method": "floor_ouln", "active_pip": 0, "licensed": 0, "id": "1120011400106561244-9", "pnu": "1120011400106561244", "floors": 0, "height": 0.0}}, {"type": "Feature", "geometry": {"type": "Polygon", "coordinates": [[[127.04722644, 37.5454034], [127.04724244, 37.54545566], [127.04727309, 37.54545018], [127.04725736, 37.54539742], [127.04722644, 37.5454034]]]}, "properties": {"name": "성수동1가 656-323", "status": "high", "capacity": 7, "active": 1, "industry": "한식", "vacancy_rate": 85.7, "vacancy_rate_lo": 85.7, "vacancy_rate_hi": 100.0, "stores": 1, "source": "stores+ledger", "capacity_method": "floor_ouln", "active_pip": 0, "licensed": 0, "id": "1120011400106560323-3", "pnu": "1120011400106560323", "floors": 0, "height": 0.0}}, {"type": "Feature", "geometry": {"type": "Polygon", "coordinates": [[[127.04717344, 37.54521495], [127.04720218, 37.54529011], [127.04723338, 37.54528327], [127.04720563, 37.54520811], [127.04717344, 37.54521495]]]}, "properties": {"name": "성수동1가 656-323", "status": "high", "capacity": 7, "active": 1, "industry": "한식", "vacancy_rate": 85.7, "vacancy_rate_lo": 85.7, "vacancy_rate_hi": 100.0, "stores": 1, "source": "stores+ledger", "capacity_method": "floor_ouln", "active_pip": 0, "licensed": 0, "id": "1120011400106560323-4", "pnu": "1120011400106560323", "floors": 7, "height": 36.5}}, {"type": "Feature", "geometry": {"type": "Polygon", "coordinates": [[[127.04726066, 37.54547059], [127.04726926, 37.54549614], [127.04728593, 37.54549297], [127.04727672, 37.54546713], [127.04726066, 37.54547059]]]}, "properties": {"name": "성수동1가 656-323", "status": "high", "capacity": 7, "active": 1, "industry": "한식", "vacancy_rate": 85.7, "vacancy_rate_lo": 85.7, "vacancy_rate_hi": 100.0, "stores": 1, "source": "stores+ledger", "capacity_method": "floor_ouln", "active_pip": 0, "licensed": 0, "id": "1120011400106560323-5", "pnu": "1120011400106560323", "floors": 0, "height": 0.0}}, {"type": "Feature", "geometry": {"type": "Polygon", "coordinates": [[[127.04705614, 37.54570881], [127.0471238, 37.54568617], [127.04708674, 37.5456042], [127.04701071, 37.54562315], [127.04705614, 37.54570881]]]}, "properties": {"name": "위즈베라빌딩", "status": "partial", "capacity": 7, "active": 5, "industry": "종합 소매", "vacancy_rate": 28.6, "vacancy_rate_lo": 28.6, "vacancy_rate_hi": 85.7, "stores": 4, "source": "stores+ledger", "capacity_method": "floor_ouln", "active_pip": 0, "licensed": 3, "id": "1120011400100100001-1", "pnu": "1120011400100100001", "floors": 0, "height": 0.0}}, {"type": "Feature", "geometry": {"type": "Polygon", "coordinates": [[[127.04709666, 37.54560989], [127.04712972, 37.54567837], [127.04720589, 37.54564925], [127.04717483, 37.54559046], [127.04709666, 37.54560989]]]}, "properties": {"name": "위즈베라빌딩", "status": "partial", "capacity": 7, "active": 5, "industry": "종합 소매", "vacancy_rate": 28.6, "vacancy_rate_lo": 28.6, "vacancy_rate_hi": 85.7, "stores": 4, "source": "stores+ledger", "capacity_method": "floor_ouln", "active_pip": 0, "licensed": 3, "id": "1120011400100100001-2", "pnu": "1120011400100100001", "floors": 0, "height": 0.0}}, {"type": "Feature", "geometry": {"type": "Polygon", "coordinates": [[[127.04716383, 37.5461899], [127.04727436, 37.5461476], [127.047238, 37.5460823], [127.04717114, 37.54610449], [127.04717295, 37.5461098], [127.0471286, 37.54612568], [127.04716383, 37.5461899]]]}, "properties": {"name": "성수동1가 656-1018", "status": "full", "capacity": 1, "active": 1, "industry": "한식", "vacancy_rate": 0.0, "vacancy_rate_lo": 0.0, "vacancy_rate_hi": 0.0, "stores": 3, "source": "stores+ledger", "capacity_method": "floor_ouln", "active_pip": 0, "licensed": 3, "id": "1120011400106561018-1", "pnu": "1120011400106561018", "floors": 3, "height": 12.7}}, {"type": "Feature", "geometry": {"type": "Polygon", "coordinates": [[[127.04738414, 37.54580113], [127.04735591, 37.54571653], [127.04727423, 37.54574414], [127.04731648, 37.54581873], [127.04738414, 37.54580113]]]}, "properties": {"name": "G", "status": "partial", "capacity": 3, "active": 2, "industry": "비알코올 ", "vacancy_rate": 33.3, "vacancy_rate_lo": 33.3, "vacancy_rate_hi": 33.3, "stores": 2, "source": "stores+ledger", "capacity_method": "floor_ouln", "active_pip": 0, "licensed": 1, "id": "1120011400100100004-1", "pnu": "1120011400100100004", "floors": 0, "height": 0.0}}, {"type": "Feature", "geometry": {"type": "Polygon", "coordinates": [[[127.04713284, 37.54279873], [127.04711379, 37.5427327], [127.0469166, 37.54278359], [127.04694764, 37.54284152], [127.04713284, 37.54279873]]]}, "properties": {"name": "성수동1가 656-1244", "status": "full", "capacity": 1, "active": 1, "industry": "기타 교육", "vacancy_rate": 0.0, "vacancy_rate_lo": 0.0, "vacancy_rate_hi": 100.0, "stores": 1, "source": "stores+ledger", "capacity_method": "floor_ouln", "active_pip": 0, "licensed": 0, "id": "1120011400106561244-10", "pnu": "1120011400106561244", "floors": 1, "height": 0.0}}, {"type": "Feature", "geometry": {"type": "Polygon", "coordinates": [[[127.04705753, 37.54250792], [127.04693344, 37.54257509], [127.04697468, 37.54265734], [127.04708849, 37.54262603], [127.04705753, 37.54250792]]]}, "properties": {"name": "성수동1가 656-1244", "status": "full", "capacity": 1, "active": 1, "industry": "기타 교육", "vacancy_rate": 0.0, "vacancy_rate_lo": 0.0, "vacancy_rate_hi": 100.0, "stores": 1, "source": "stores+ledger", "capacity_method": "floor_ouln", "active_pip": 0, "licensed": 0, "id": "1120011400106561244-11", "pnu": "1120011400106561244", "floors": 1, "height": 4.0}}, {"type": "Feature", "geometry": {"type": "Polygon", "coordinates": [[[127.04717815, 37.54268997], [127.04727736, 37.54300131], [127.04752887, 37.54295229], [127.04743339, 37.54263878], [127.04717815, 37.54268997]]]}, "properties": {"name": "성수동1가 656-394", "status": "empty", "capacity": 1, "active": 0, "industry": "", "vacancy_rate": 100.0, "source": "polygon_only", "capacity_method": "floor_approx", "active_pip": 0, "licensed": 0, "id": "1120011400106560394-1", "pnu": "1120011400106560394", "floors": 1, "height": 7.05}}, {"type": "Feature", "geometry": {"type": "Polygon", "coordinates": [[[127.04701981, 37.54624051], [127.04712265, 37.54620451], [127.04708629, 37.54614623], [127.04698515, 37.54617746], [127.04701981, 37.54624051]]]}, "properties": {"name": "성수동1가 656-1015", "status": "full", "capacity": 2, "active": 2, "industry": "일식", "vacancy_rate": 0.0, "vacancy_rate_lo": 0.0, "vacancy_rate_hi": 0.0, "stores": 3, "source": "stores+ledger", "capacity_method": "floor_ouln", "active_pip": 0, "licensed": 3, "id": "1120011400106561015-1", "pnu": "1120011400106561015", "floors": 2, "height": 7.8}}, {"type": "Feature", "geometry": {"type": "Polygon", "coordinates": [[[127.04718925, 37.54594167], [127.04734968, 37.54588187], [127.04727049, 37.54574432], [127.04710781, 37.54580358], [127.04718925, 37.54594167]]]}, "properties": {"name": "G", "status": "partial", "capacity": 3, "active": 2, "industry": "비알코올 ", "vacancy_rate": 33.3, "vacancy_rate_lo": 33.3, "vacancy_rate_hi": 33.3, "stores": 2, "source": "stores+ledger", "capacity_method": "floor_ouln", "active_pip": 0, "licensed": 1, "id": "1120011400100100004-2", "pnu": "1120011400100100004", "floors": 2, "height": 9.0}}, {"type": "Feature", "geometry": {"type": "Polygon", "coordinates": [[[127.04741357, 37.54493309], [127.04738841, 37.54487391], [127.04727629, 37.54490008], [127.04729839, 37.54495521], [127.04741357, 37.54493309]]]}, "properties": {"name": "성수동1가 656-1568", "status": "empty", "capacity": 1, "active": 0, "industry": "", "vacancy_rate": 100.0, "source": "polygon_only", "capacity_method": "floor_approx", "active_pip": 0, "licensed": 0, "id": "1120011400106561568-1", "pnu": "1120011400106561568", "floors": 1, "height": 0.0}}, {"type": "Feature", "geometry": {"type": "Polygon", "coordinates": [[[127.04706556, 37.54571897], [127.04711322, 37.54579562], [127.04735636, 37.54570667], [127.04733202, 37.54561946], [127.04706556, 37.54571897]]]}, "properties": {"name": "위즈베라빌딩", "status": "partial", "capacity": 7, "active": 5, "industry": "종합 소매", "vacancy_rate": 28.6, "vacancy_rate_lo": 28.6, "vacancy_rate_hi": 85.7, "stores": 4, "source": "stores+ledger", "capacity_method": "floor_ouln", "active_pip": 0, "licensed": 3, "id": "1120011400100100001-3", "pnu": "1120011400100100001", "floors": 1, "height": 0.0}}, {"type": "Feature", "geometry": {"type": "Polygon", "coordinates": [[[127.04712328, 37.54611784], [127.04723879, 37.54607545], [127.04719699, 37.5460133], [127.04713511, 37.54603287], [127.04714088, 37.54604206], [127.04709473, 37.54605938], [127.04712328, 37.54611784]]]}, "properties": {"name": "성수동1가 656-1017", "status": "full", "capacity": 2, "active": 2, "industry": "기타 간이", "vacancy_rate": 0.0, "vacancy_rate_lo": 0.0, "vacancy_rate_hi": 50.0, "stores": 4, "source": "stores+ledger", "capacity_method": "floor_ouln", "active_pip": 0, "licensed": 2, "id": "1120011400106561017-1", "pnu": "1120011400106561017", "floors": 2, "height": 7.3}}, {"type": "Feature", "geometry": {"type": "Polygon", "coordinates": [[[127.04743097, 37.54256166], [127.04744561, 37.54262607], [127.04752842, 37.54261099], [127.04751232, 37.54254658], [127.04743097, 37.54256166]]]}, "properties": {"name": "성수동1가 656-1196", "status": "full", "capacity": 1, "active": 1, "industry": "기타 교육", "vacancy_rate": 0.0, "vacancy_rate_lo": 0.0, "vacancy_rate_hi": 0.0, "stores": 2, "source": "stores+ledger", "capacity_method": "floor_ouln", "active_pip": 0, "licensed": 1, "id": "1120011400106561196-1", "pnu": "1120011400106561196", "floors": 1, "height": 0.0}}, {"type": "Feature", "geometry": {"type": "Polygon", "coordinates": [[[127.04766916, 37.54452132], [127.04776057, 37.54448732], [127.04764843, 37.54430437], [127.04755532, 37.54433468], [127.04766916, 37.54452132]]]}, "properties": {"name": "헤이그라운드HEYGROUN", "status": "full", "capacity": 5, "active": 5, "industry": "기타 상품 소매", "vacancy_rate": 0.0, "vacancy_rate_lo": 0.0, "vacancy_rate_hi": 0.0, "stores": 19, "source": "stores+ledger", "capacity_method": "floor_ouln", "active_pip": 0, "licensed": 0, "id": "1120011400100220008-1", "pnu": "1120011400100220008", "floors": 1, "height": 4.0}}, {"type": "Feature", "geometry": {"type": "Polygon", "coordinates": [[[127.04761064, 37.54592384], [127.04770196, 37.54608039], [127.04772084, 37.54607489], [127.04775007, 37.54612101], [127.04784046, 37.54608214], [127.047828, 37.54606079], [127.04785549, 37.54604916], [127.04774097, 37.54587045], [127.04761064, 37.54592384]]]}, "properties": {"name": "성수동1가 656-1571", "status": "high", "capacity": 10, "active": 2, "industry": "서양식", "vacancy_rate": 80.0, "vacancy_rate_lo": 80.0, "vacancy_rate_hi": 100.0, "stores": 1, "source": "stores+ledger", "capacity_method": "floor_ouln", "active_pip": 0, "licensed": 1, "id": "1120011400106561571-1", "pnu": "1120011400106561571", "floors": 6, "height": 18.6}}, {"type": "Feature", "geometry": {"type": "Polygon", "coordinates": [[[127.0450405, 37.54306324], [127.04505181, 37.54306324], [127.04504049, 37.54305423], [127.04502918, 37.54306325], [127.0450405, 37.54306324]]]}, "properties": {"name": "성수동1가 656-461", "status": "partial", "capacity": 3, "active": 2, "industry": "한식", "vacancy_rate": 33.3, "vacancy_rate_lo": 33.3, "vacancy_rate_hi": 66.7, "stores": 3, "source": "stores+ledger", "capacity_method": "floor_ouln", "active_pip": 0, "licensed": 2, "id": "1120011400106560461-2", "pnu": "1120011400106560461", "floors": 0, "height": 0.0}}, {"type": "Feature", "geometry": {"type": "Polygon", "coordinates": [[[127.04528621, 37.54343187], [127.0451912, 37.54329783], [127.04508373, 37.54334663], [127.04517195, 37.543473], [127.04528621, 37.54343187]]]}, "properties": {"name": "성수동1가 656-447", "status": "full", "capacity": 2, "active": 2, "industry": "식료품 소매", "vacancy_rate": 0.0, "vacancy_rate_lo": 0.0, "vacancy_rate_hi": 0.0, "stores": 3, "source": "stores+ledger", "capacity_method": "floor_ouln", "active_pip": 0, "licensed": 0, "id": "1120011400106560447-4", "pnu": "1120011400106560447", "floors": 2, "height": 8.0}}, {"type": "Feature", "geometry": {"type": "Polygon", "coordinates": [[[127.04351728, 37.54600353], [127.0435932, 37.54616731], [127.04373881, 37.54612464], [127.04363656, 37.54601809], [127.04361661, 37.54597575], [127.04351728, 37.54600353]]]}, "properties": {"name": "성수동1가 668-109", "status": "full", "capacity": 3, "active": 3, "industry": "기타 교육", "vacancy_rate": 0.0, "vacancy_rate_lo": 0.0, "vacancy_rate_hi": 0.0, "stores": 6, "source": "stores+ledger", "capacity_method": "floor_ouln", "active_pip": 0, "licensed": 3, "id": "1120011400106680109-1", "pnu": "1120011400106680109", "floors": 3, "height": 8.0}}, {"type": "Feature", "geometry": {"type": "Polygon", "coordinates": [[[127.04463024, 37.54246904], [127.04472335, 37.54243945], [127.04471281, 37.54240017], [127.04474562, 37.5423907], [127.04475932, 37.54242088], [127.04483535, 37.54240193], [127.04481677, 37.54236599], [127.04483849, 37.54235742], [127.04485798, 37.54239516], [127.04496432, 37.54236395], [127.04491266, 37.54225657], [127.04481854, 37.54228102], [127.04480154, 37.54224796], [127.04465594, 37.54229351], [127.04467249, 37.54233243], [127.04458503, 37.54235805], [127.04463024, 37.54246904]]]}, "properties": {"name": "대림로즈빌", "status": "high", "capacity": 30, "active": 3, "industry": "한식", "vacancy_rate": 90.0, "vacancy_rate_lo": null, "vacancy_rate_hi": null, "stores": 3, "source": "stores+ledger", "capacity_method": "expos_units", "active_pip": 0, "licensed": 0, "id": "1120011400106560234-1", "pnu": "1120011400106560234", "floors": 13, "height": 34.9}}, {"type": "Feature", "geometry": {"type": "Polygon", "coordinates": [[[127.04490435, 37.54595301], [127.04502904, 37.54594188], [127.04501686, 37.54581764], [127.0449096, 37.54583543], [127.04490435, 37.54595301]]]}, "properties": {"name": "성수동1가 661-4", "status": "full", "capacity": 3, "active": 3, "industry": "한식", "vacancy_rate": 0.0, "vacancy_rate_lo": 0.0, "vacancy_rate_hi": 33.3, "stores": 6, "source": "stores+ledger", "capacity_method": "floor_ouln", "active_pip": 0, "licensed": 3, "id": "1120011400106610004-1", "pnu": "1120011400106610004", "floors": 3, "height": 0.0}}, {"type": "Feature", "geometry": {"type": "Polygon", "coordinates": [[[127.0448922, 37.54606789], [127.04500423, 37.54605488], [127.04499726, 37.54595595], [127.04490402, 37.54595959], [127.0448922, 37.54606789]]]}, "properties": {"name": "성수동1가 661-3", "status": "full", "capacity": 2, "active": 2, "industry": "비알코올 ", "vacancy_rate": 0.0, "vacancy_rate_lo": 0.0, "vacancy_rate_hi": 0.0, "stores": 4, "source": "stores+ledger", "capacity_method": "floor_ouln", "active_pip": 0, "licensed": 1, "id": "1120011400106610003-1", "pnu": "1120011400106610003", "floors": 3, "height": 0.0}}, {"type": "Feature", "geometry": {"type": "Polygon", "coordinates": [[[127.045063, 37.54576672], [127.04502786, 37.54565816], [127.04493146, 37.54567144], [127.04491772, 37.54579254], [127.045063, 37.54576672]]]}, "properties": {"name": "성수동1가 660-14", "status": "full", "capacity": 2, "active": 2, "industry": "기타 간이", "vacancy_rate": 0.0, "vacancy_rate_lo": 0.0, "vacancy_rate_hi": 0.0, "stores": 3, "source": "stores+ledger", "capacity_method": "floor_ouln", "active_pip": 0, "licensed": 1, "id": "1120011400106600014-1", "pnu": "1120011400106600014", "floors": 4, "height": 0.0}}, {"type": "Feature", "geometry": {"type": "Polygon", "coordinates": [[[127.04493436, 37.54315648], [127.04522826, 37.54303329], [127.04517061, 37.54293627], [127.04486844, 37.54305505], [127.04493436, 37.54315648]]]}, "properties": {"name": "성수동1가 656-461", "status": "partial", "capacity": 3, "active": 2, "industry": "한식", "vacancy_rate": 33.3, "vacancy_rate_lo": 33.3, "vacancy_rate_hi": 66.7, "stores": 3, "source": "stores+ledger", "capacity_method": "floor_ouln", "active_pip": 0, "licensed": 2, "id": "1120011400106560461-3", "pnu": "1120011400106560461", "floors": 4, "height": 14.1}}, {"type": "Feature", "geometry": {"type": "Polygon", "coordinates": [[[127.04532441, 37.54315804], [127.04545982, 37.54310348], [127.04540171, 37.54301764], [127.04527038, 37.54307922], [127.04532441, 37.54315804]]]}, "properties": {"name": "성수동1가 656-472", "status": "full", "capacity": 2, "active": 2, "industry": "한식", "vacancy_rate": 0.0, "vacancy_rate_lo": 0.0, "vacancy_rate_hi": 0.0, "stores": 2, "source": "stores+ledger", "capacity_method": "floor_ouln", "active_pip": 0, "licensed": 1, "id": "1120011400106560472-1", "pnu": "1120011400106560472", "floors": 3, "height": 0.0}}, {"type": "Feature", "geometry": {"type": "Polygon", "coordinates": [[[127.0452006, 37.54575784], [127.04531205, 37.54574752], [127.04528878, 37.54561661], [127.04517428, 37.54563783], [127.0452006, 37.54575784]]]}, "properties": {"name": "성수동1가 660-5", "status": "full", "capacity": 2, "active": 2, "industry": "한식", "vacancy_rate": 0.0, "vacancy_rate_lo": 0.0, "vacancy_rate_hi": 0.0, "stores": 2, "source": "stores+ledger", "capacity_method": "floor_ouln", "active_pip": 0, "licensed": 1, "id": "1120011400106600005-1", "pnu": "1120011400106600005", "floors": 4, "height": 0.0}}, {"type": "Feature", "geometry": {"type": "Polygon", "coordinates": [[[127.0451262, 37.54454719], [127.0452338, 37.54452192], [127.04519085, 37.54441779], [127.04508643, 37.5444463], [127.0451262, 37.54454719]]]}, "properties": {"name": "성수동1가 656-435", "status": "full", "capacity": 2, "active": 2, "industry": "중식", "vacancy_rate": 0.0, "vacancy_rate_lo": 0.0, "vacancy_rate_hi": 0.0, "stores": 4, "source": "stores+ledger", "capacity_method": "floor_ouln", "active_pip": 0, "licensed": 4, "id": "1120011400106560435-1", "pnu": "1120011400106560435", "floors": 4, "height": 0.0}}, {"type": "Feature", "geometry": {"type": "Polygon", "coordinates": [[[127.04516466, 37.5456382], [127.04505015, 37.54565986], [127.04507317, 37.54574464], [127.04512681, 37.5457348], [127.04512635, 37.54572777], [127.04517862, 37.54572036], [127.04516466, 37.5456382]]]}, "properties": {"name": "성수동1가 660-7", "status": "full", "capacity": 2, "active": 2, "industry": "한식", "vacancy_rate": 0.0, "vacancy_rate_lo": 0.0, "vacancy_rate_hi": 50.0, "stores": 1, "source": "stores+ledger", "capacity_method": "floor_ouln", "active_pip": 0, "licensed": 0, "id": "1120011400106600007-1", "pnu": "1120011400106600007", "floors": 4, "height": 12.7}}, {"type": "Feature", "geometry": {"type": "Polygon", "coordinates": [[[127.04505368, 37.54605206], [127.045195, 37.54603336], [127.04516022, 37.54578533], [127.04501765, 37.54580719], [127.04505368, 37.54605206]]]}, "properties": {"name": "성수동1가 660-8", "status": "full", "capacity": 2, "active": 2, "industry": "섬유·의복·신발 소매", "vacancy_rate": 0.0, "vacancy_rate_lo": 0.0, "vacancy_rate_hi": 100.0, "stores": 2, "source": "stores+ledger", "capacity_method": "floor_ouln", "active_pip": 0, "licensed": 1, "id": "1120011400106600008-1", "pnu": "1120011400106600008", "floors": 1, "height": 0.0}}, {"type": "Feature", "geometry": {"type": "Polygon", "coordinates": [[[127.04547363, 37.54309879], [127.04561028, 37.54303513], [127.04555987, 37.54295974], [127.04542797, 37.54302258], [127.04547363, 37.54309879]]]}, "properties": {"name": "성수동1가 656-471", "status": "partial", "capacity": 2, "active": 1, "industry": "비알코올 ", "vacancy_rate": 50.0, "vacancy_rate_lo": 50.0, "vacancy_rate_hi": 50.0, "stores": 1, "source": "stores+ledger", "capacity_method": "floor_ouln", "active_pip": 0, "licensed": 1, "id": "1120011400106560471-1", "pnu": "1120011400106560471", "floors": 4, "height": 12.8}}, {"type": "Feature", "geometry": {"type": "Polygon", "coordinates": [[[127.04565661, 37.54517678], [127.04553925, 37.54477363], [127.04532609, 37.54480651], [127.04533936, 37.54486507], [127.04548543, 37.54483879], [127.04550312, 37.54490897], [127.04552078, 37.54490599], [127.0455819, 37.54512699], [127.04556798, 37.54512988], [127.04558544, 37.54519186], [127.04565661, 37.54517678]]]}, "properties": {"name": "성수동1가 658-1", "status": "full", "capacity": 1, "active": 1, "industry": "자동차 수리·세차", "vacancy_rate": 0.0, "vacancy_rate_lo": 0.0, "vacancy_rate_hi": 0.0, "stores": 4, "source": "stores+ledger", "capacity_method": "floor_ouln", "active_pip": 0, "licensed": 0, "id": "1120011400106580001-2", "pnu": "1120011400106580001", "floors": 0, "height": 0.0}}, {"type": "Feature", "geometry": {"type": "Polygon", "coordinates": [[[127.04543974, 37.54527111], [127.04556014, 37.54525395], [127.04558047, 37.54519457], [127.0454276, 37.5452185], [127.04543974, 37.54527111]]]}, "properties": {"name": "성수동1가 658-1", "status": "full", "capacity": 1, "active": 1, "industry": "자동차 수리·세차", "vacancy_rate": 0.0, "vacancy_rate_lo": 0.0, "vacancy_rate_hi": 0.0, "stores": 4, "source": "stores+ledger", "capacity_method": "floor_ouln", "active_pip": 0, "licensed": 0, "id": "1120011400106580001-3", "pnu": "1120011400106580001", "floors": 0, "height": 0.0}}, {"type": "Feature", "geometry": {"type": "Polygon", "coordinates": [[[127.04612729, 37.54354796], [127.04615021, 37.54357903], [127.0461385, 37.5435845], [127.04617489, 37.54363382], [127.04615929, 37.54364111], [127.04633204, 37.54387526], [127.04658173, 37.54375845], [127.0465846, 37.54376233], [127.04669578, 37.54371032], [127.04657258, 37.54354336], [127.04659892, 37.54353103], [127.04648718, 37.5433796], [127.04612729, 37.54354796]]]}, "properties": {"name": "성수동1가 656-1222", "status": "full", "capacity": 13, "active": 13, "industry": "", "vacancy_rate": 0.0, "source": "pip_only", "capacity_method": "floor_approx", "active_pip": 13, "licensed": 3, "id": "1120011400106561222-1", "pnu": "1120011400106561222", "floors": 13, "height": 50.57}}, {"type": "Feature", "geometry": {"type": "Polygon", "coordinates": [[[127.04480929, 37.54334111], [127.04481113, 37.54334074], [127.04489433, 37.54330852], [127.04487059, 37.54325811], [127.04479632, 37.5432648], [127.04480929, 37.54334111]]]}, "properties": {"name": "성수동1가 656-465", "status": "partial", "capacity": 3, "active": 2, "industry": "비알코올 ", "vacancy_rate": 33.3, "vacancy_rate_lo": 33.3, "vacancy_rate_hi": 33.3, "stores": 3, "source": "stores+ledger", "capacity_method": "floor_ouln", "active_pip": 0, "licensed": 2, "id": "1120011400106560465-1", "pnu": "1120011400106560465", "floors": 3, "height": 11.2}}, {"type": "Feature", "geometry": {"type": "Polygon", "coordinates": [[[127.04753106, 37.54605245], [127.04753037, 37.54604119], [127.04751792, 37.54603164], [127.04749017, 37.54599138], [127.04740339, 37.54601556], [127.04743795, 37.54608393], [127.04753106, 37.54605245]]]}, "properties": {"name": "성수동1가 656-1028", "status": "high", "capacity": 4, "active": 1, "industry": "의원", "vacancy_rate": 75.0, "vacancy_rate_lo": 75.0, "vacancy_rate_hi": 100.0, "stores": 1, "source": "stores+ledger", "capacity_method": "floor_ouln", "active_pip": 0, "licensed": 0, "id": "1120011400106561028-1", "pnu": "1120011400106561028", "floors": 4, "height": 12.7}}, {"type": "Feature", "geometry": {"type": "Polygon", "coordinates": [[[127.04622357, 37.54578086], [127.04624374, 37.54583689], [127.04629896, 37.54582327], [127.0462781, 37.5457666], [127.04622357, 37.54578086]]]}, "properties": {"name": "성수동1가 656-623", "status": "full", "capacity": 1, "active": 1, "industry": "오락용품 소매", "vacancy_rate": 0.0, "vacancy_rate_lo": 0.0, "vacancy_rate_hi": 0.0, "stores": 2, "source": "stores+ledger", "capacity_method": "floor_ouln", "active_pip": 0, "licensed": 2, "id": "1120011400106560623-1", "pnu": "1120011400106560623", "floors": 3, "height": 9.4}}, {"type": "Feature", "geometry": {"type": "Polygon", "coordinates": [[[127.04631749, 37.54559432], [127.04637643, 37.5455743], [127.04636986, 37.54555213], [127.04637495, 37.54555069], [127.04635512, 37.54550718], [127.04628826, 37.54552874], [127.04631749, 37.54559432]]]}, "properties": {"name": "성수동1가 656-633", "status": "full", "capacity": 2, "active": 2, "industry": "의약·화장품 소매", "vacancy_rate": 0.0, "vacancy_rate_lo": 0.0, "vacancy_rate_hi": 100.0, "stores": 2, "source": "stores+ledger", "capacity_method": "floor_ouln", "active_pip": 0, "licensed": 2, "id": "1120011400106560633-1", "pnu": "1120011400106560633", "floors": 4, "height": 13.4}}, {"type": "Feature", "geometry": {"type": "Polygon", "coordinates": [[[127.04617491, 37.54578547], [127.04613333, 37.54569017], [127.04607778, 37.54570361], [127.04608753, 37.54574164], [127.04605483, 37.54575182], [127.04607603, 37.54580768], [127.04617491, 37.54578547]]]}, "properties": {"name": "성수동1가 656-627", "status": "high", "capacity": 3, "active": 1, "industry": "", "vacancy_rate": 66.7, "source": "pip_only", "capacity_method": "floor_approx", "active_pip": 0, "licensed": 1, "id": "1120011400106560627-1", "pnu": "1120011400106560627", "floors": 3, "height": 7.5}}, {"type": "Feature", "geometry": {"type": "Polygon", "coordinates": [[[127.04349018, 37.54609086], [127.04345674, 37.54600923], [127.04332131, 37.54604722], [127.04335192, 37.5461237], [127.04349018, 37.54609086]]]}, "properties": {"name": "성수동1가 668-136", "status": "full", "capacity": 1, "active": 1, "industry": "비알코올 ", "vacancy_rate": 0.0, "vacancy_rate_lo": 0.0, "vacancy_rate_hi": 100.0, "stores": 4, "source": "stores+ledger+pip", "capacity_method": "floor_ouln", "active_pip": 3, "licensed": 2, "id": "1120011400106680136-1", "pnu": "1120011400106680136", "floors": 3, "height": 10.2}}, {"type": "Feature", "geometry": {"type": "Polygon", "coordinates": [[[127.04376334, 37.54628555], [127.04386211, 37.54626091], [127.04384498, 37.54618542], [127.04383141, 37.54618903], [127.0438057, 37.54615444], [127.04379088, 37.5461548], [127.04378713, 37.54614129], [127.04371879, 37.54615609], [127.04376334, 37.54628555]]]}, "properties": {"name": "성수동1가 668-123", "status": "full", "capacity": 3, "active": 3, "industry": "기타 간이", "vacancy_rate": 0.0, "vacancy_rate_lo": 0.0, "vacancy_rate_hi": 66.7, "stores": 3, "source": "stores+ledger", "capacity_method": "floor_ouln", "active_pip": 0, "licensed": 3, "id": "1120011400106680123-1", "pnu": "1120011400106680123", "floors": 3, "height": 0.0}}, {"type": "Feature", "geometry": {"type": "Polygon", "coordinates": [[[127.04402191, 37.54435263], [127.04418061, 37.54446087], [127.04444684, 37.54421903], [127.04428847, 37.5441052], [127.04402191, 37.54435263]]]}, "properties": {"name": "아크로서울포레스트", "status": "high", "capacity": 37, "active": 15, "industry": "한식", "vacancy_rate": 59.5, "vacancy_rate_lo": null, "vacancy_rate_hi": null, "stores": 15, "source": "stores+ledger", "capacity_method": "expos_units", "active_pip": 0, "licensed": 0, "id": "1120011400106850700-1", "pnu": "1120011400106850700", "floors": 0, "height": 0.0}}, {"type": "Feature", "geometry": {"type": "Polygon", "coordinates": [[[127.0438766, 37.54451765], [127.04376838, 37.54427785], [127.04386376, 37.54425087], [127.04367884, 37.54380053], [127.04301539, 37.5439835], [127.04332222, 37.54466923], [127.0438766, 37.54451765]]]}, "properties": {"name": "아크로서울포레스트", "status": "high", "capacity": 37, "active": 15, "industry": "한식", "vacancy_rate": 59.5, "vacancy_rate_lo": null, "vacancy_rate_hi": null, "stores": 15, "source": "stores+ledger", "capacity_method": "expos_units", "active_pip": 0, "licensed": 0, "id": "1120011400106850700-2", "pnu": "1120011400106850700", "floors": 0, "height": 0.0}}, {"type": "Feature", "geometry": {"type": "Polygon", "coordinates": [[[127.04396587, 37.54471007], [127.04340153, 37.54486111], [127.04358, 37.54528569], [127.04363535, 37.54530342], [127.04409469, 37.54517414], [127.04404337, 37.54506279], [127.04410967, 37.54504502], [127.04396587, 37.54471007]]]}, "properties": {"name": "아크로서울포레스트", "status": "high", "capacity": 37, "active": 15, "industry": "한식", "vacancy_rate": 59.5, "vacancy_rate_lo": null, "vacancy_rate_hi": null, "stores": 15, "source": "stores+ledger", "capacity_method": "expos_units", "active_pip": 0, "licensed": 0, "id": "1120011400106850700-3", "pnu": "1120011400106850700", "floors": 0, "height": 0.0}}, {"type": "Feature", "geometry": {"type": "Polygon", "coordinates": [[[127.04784212, 37.54584518], [127.04783397, 37.54583951], [127.04778759, 37.5458625], [127.04781803, 37.54587591], [127.04784212, 37.54584518]]]}, "properties": {"name": "성수동1가 656-1571", "status": "high", "capacity": 10, "active": 2, "industry": "서양식", "vacancy_rate": 80.0, "vacancy_rate_lo": 80.0, "vacancy_rate_hi": 100.0, "stores": 1, "source": "stores+ledger", "capacity_method": "floor_ouln", "active_pip": 0, "licensed": 1, "id": "1120011400106561571-2", "pnu": "1120011400106561571", "floors": 0, "height": 0.0}}, {"type": "Feature", "geometry": {"type": "Polygon", "coordinates": [[[127.04774018, 37.54443795], [127.04786292, 37.54439322], [127.04778362, 37.54426648], [127.04766212, 37.54430518], [127.04774018, 37.54443795]]]}, "properties": {"name": "헤이그라운드HEYGROUN", "status": "full", "capacity": 5, "active": 5, "industry": "기타 상품 소매", "vacancy_rate": 0.0, "vacancy_rate_lo": 0.0, "vacancy_rate_hi": 0.0, "stores": 19, "source": "stores+ledger", "capacity_method": "floor_ouln", "active_pip": 0, "licensed": 0, "id": "1120011400100220008-2", "pnu": "1120011400100220008", "floors": 2, "height": 8.0}}, {"type": "Feature", "geometry": {"type": "Polygon", "coordinates": [[[127.04770838, 37.5446315], [127.04798611, 37.54451542], [127.04794227, 37.54443913], [127.04765629, 37.54455493], [127.04770838, 37.5446315]]]}, "properties": {"name": "헤이그라운드HEYGROUN", "status": "full", "capacity": 5, "active": 5, "industry": "기타 상품 소매", "vacancy_rate": 0.0, "vacancy_rate_lo": 0.0, "vacancy_rate_hi": 0.0, "stores": 19, "source": "stores+ledger", "capacity_method": "floor_ouln", "active_pip": 0, "licensed": 0, "id": "1120011400100220008-3", "pnu": "1120011400100220008", "floors": 1, "height": 4.0}}, {"type": "Feature", "geometry": {"type": "Polygon", "coordinates": [[[127.04800256, 37.54459048], [127.04797685, 37.54454255], [127.04795366, 37.54454968], [127.04797496, 37.54459652], [127.04800256, 37.54459048]]]}, "properties": {"name": "헤이그라운드HEYGROUN", "status": "full", "capacity": 5, "active": 5, "industry": "기타 상품 소매", "vacancy_rate": 0.0, "vacancy_rate_lo": 0.0, "vacancy_rate_hi": 0.0, "stores": 19, "source": "stores+ledger", "capacity_method": "floor_ouln", "active_pip": 0, "licensed": 0, "id": "1120011400100220008-4", "pnu": "1120011400100220008", "floors": 0, "height": 0.0}}, {"type": "Feature", "geometry": {"type": "Polygon", "coordinates": [[[127.04814172, 37.54578352], [127.0482928, 37.54562632], [127.04821492, 37.5455741], [127.04806282, 37.5457321], [127.04814172, 37.54578352]]]}, "properties": {"name": "한양현대아파트", "status": "high", "capacity": 10, "active": 2, "industry": "기타 생활용품 소매", "vacancy_rate": 80.0, "vacancy_rate_lo": null, "vacancy_rate_hi": null, "stores": 2, "source": "stores+ledger", "capacity_method": "expos_units", "active_pip": 0, "licensed": 0, "id": "1120011400107070000-2", "pnu": "1120011400107070000", "floors": 2, "height": 8.85}}, {"type": "Feature", "geometry": {"type": "Polygon", "coordinates": [[[127.04797819, 37.54451931], [127.04802236, 37.54457786], [127.04819533, 37.54450705], [127.04815444, 37.54444247], [127.04797819, 37.54451931]]]}, "properties": {"name": "성수동1가 22-7", "status": "high", "capacity": 5, "active": 1, "industry": "섬유·의복·신발 소매", "vacancy_rate": 80.0, "vacancy_rate_lo": null, "vacancy_rate_hi": null, "stores": 1, "source": "stores+ledger", "capacity_method": "expos_units", "active_pip": 0, "licensed": 0, "id": "1120011400100220007-1", "pnu": "1120011400100220007", "floors": 2, "height": 0.0}}, {"type": "Feature", "geometry": {"type": "Polygon", "coordinates": [[[127.04878948, 37.54461989], [127.0487025, 37.5445091], [127.04847128, 37.54462308], [127.04840933, 37.54454454], [127.04830084, 37.54459026], [127.04833294, 37.54469008], [127.04828372, 37.54471037], [127.0483681, 37.54481701], [127.04878948, 37.54461989]]]}, "properties": {"name": "성수동1가 22-6", "status": "empty", "capacity": 2, "active": 0, "industry": "", "vacancy_rate": 100.0, "source": "polygon_only", "capacity_method": "floor_approx", "active_pip": 0, "licensed": 0, "id": "1120011400100220006-1", "pnu": "1120011400100220006", "floors": 2, "height": 7.7}}, {"type": "Feature", "geometry": {"type": "Polygon", "coordinates": [[[127.04795336, 37.54443786], [127.04798916, 37.54450921], [127.04833012, 37.54436311], [127.04828584, 37.54429393], [127.04795336, 37.54443786]]]}, "properties": {"name": "성수동1가 22-7", "status": "high", "capacity": 5, "active": 1, "industry": "섬유·의복·신발 소매", "vacancy_rate": 80.0, "vacancy_rate_lo": null, "vacancy_rate_hi": null, "stores": 1, "source": "stores+ledger", "capacity_method": "expos_units", "active_pip": 0, "licensed": 0, "id": "1120011400100220007-2", "pnu": "1120011400100220007", "floors": 2, "height": 0.0}}, {"type": "Feature", "geometry": {"type": "Polygon", "coordinates": [[[127.04875407, 37.54618448], [127.0487822, 37.5461405], [127.04867298, 37.54610523], [127.04864676, 37.54614867], [127.04875407, 37.54618448]]]}, "properties": {"name": "서울숲A타워", "status": "full", "capacity": 21, "active": 21, "industry": "의원", "vacancy_rate": 0.0, "vacancy_rate_lo": null, "vacancy_rate_hi": null, "stores": 21, "source": "stores+ledger", "capacity_method": "expos_units", "active_pip": 0, "licensed": 0, "id": "1120011400106560591-1", "pnu": "1120011400106560591", "floors": 0, "height": 0.0}}, {"type": "Feature", "geometry": {"type": "Polygon", "coordinates": [[[127.04878322, 37.5461369], [127.04880345, 37.54609788], [127.04868291, 37.54605873], [127.04866336, 37.54610145], [127.04878322, 37.5461369]]]}, "properties": {"name": "서울숲A타워", "status": "full", "capacity": 21, "active": 21, "industry": "의원", "vacancy_rate": 0.0, "vacancy_rate_lo": null, "vacancy_rate_hi": null, "stores": 21, "source": "stores+ledger", "capacity_method": "expos_units", "active_pip": 0, "licensed": 0, "id": "1120011400106560591-2", "pnu": "1120011400106560591", "floors": 0, "height": 0.0}}, {"type": "Feature", "geometry": {"type": "Polygon", "coordinates": [[[127.04835714, 37.54275454], [127.04832496, 37.54267842], [127.048228, 37.54269658], [127.04822381, 37.54268793], [127.04817279, 37.54270353], [127.04820351, 37.54279623], [127.04835714, 37.54275454]]]}, "properties": {"name": "성수동1가 656-1772", "status": "empty", "capacity": 2, "active": 0, "industry": "", "vacancy_rate": 100.0, "source": "polygon_only", "capacity_method": "floor_approx", "active_pip": 0, "licensed": 0, "id": "1120011400106561772-1", "pnu": "1120011400106561772", "floors": 2, "height": 0.0}}, {"type": "Feature", "geometry": {"type": "Polygon", "coordinates": [[[127.04832, 37.54516564], [127.04836767, 37.5452113], [127.04839754, 37.54519966], [127.04841507, 37.54519911], [127.04842039, 37.54519973], [127.04849876, 37.545279], [127.04854355, 37.54525167], [127.0484705, 37.54516747], [127.04843089, 37.54514451], [127.04839625, 37.54514164], [127.04835801, 37.54514517], [127.04832, 37.54516564]]]}, "properties": {"name": "한양현대아파트", "status": "high", "capacity": 10, "active": 2, "industry": "기타 생활용품 소매", "vacancy_rate": 80.0, "vacancy_rate_lo": null, "vacancy_rate_hi": null, "stores": 2, "source": "stores+ledger", "capacity_method": "expos_units", "active_pip": 0, "licensed": 0, "id": "1120011400107070000-3", "pnu": "1120011400107070000", "floors": 0, "height": 0.0}}, {"type": "Feature", "geometry": {"type": "Polygon", "coordinates": [[[127.0486081, 37.54603939], [127.04853283, 37.54617592], [127.04858602, 37.54619662], [127.048618, 37.54612859], [127.04863985, 37.54613615], [127.04867839, 37.54606108], [127.0486081, 37.54603939]]]}, "properties": {"name": "서울숲A타워", "status": "full", "capacity": 21, "active": 21, "industry": "의원", "vacancy_rate": 0.0, "vacancy_rate_lo": null, "vacancy_rate_hi": null, "stores": 21, "source": "stores+ledger", "capacity_method": "expos_units", "active_pip": 0, "licensed": 0, "id": "1120011400106560591-3", "pnu": "1120011400106560591", "floors": 1, "height": 4.0}}, {"type": "Feature", "geometry": {"type": "Polygon", "coordinates": [[[127.04851091, 37.54517753], [127.04860265, 37.54514912], [127.04858022, 37.54510272], [127.0485327, 37.54511464], [127.04851537, 37.54508365], [127.04847102, 37.54509898], [127.04851091, 37.54517753]]]}, "properties": {"name": "성수동1가 656-1094", "status": "empty", "capacity": 1, "active": 0, "industry": "", "vacancy_rate": 100.0, "source": "polygon_only", "capacity_method": "floor_approx", "active_pip": 0, "licensed": 0, "id": "1120011400106561094-1", "pnu": "1120011400106561094", "floors": 1, "height": 3.0}}, {"type": "Feature", "geometry": {"type": "Polygon", "coordinates": [[[127.04838005, 37.544403], [127.04853039, 37.54432888], [127.04844319, 37.5442235], [127.04829172, 37.54429357], [127.04838005, 37.544403]]]}, "properties": {"name": "성수동1가 22-7", "status": "high", "capacity": 5, "active": 1, "industry": "섬유·의복·신발 소매", "vacancy_rate": 80.0, "vacancy_rate_lo": null, "vacancy_rate_hi": null, "stores": 1, "source": "stores+ledger", "capacity_method": "expos_units", "active_pip": 0, "licensed": 0, "id": "1120011400100220007-3", "pnu": "1120011400100220007", "floors": 1, "height": 4.0}}, {"type": "Feature", "geometry": {"type": "Polygon", "coordinates": [[[127.0483628, 37.54625114], [127.04864328, 37.54635806], [127.04868646, 37.5462884], [127.04856135, 37.5462337], [127.04857788, 37.54620185], [127.04851834, 37.54617593], [127.04858989, 37.54604255], [127.04850104, 37.5460134], [127.0483628, 37.54625114]]]}, "properties": {"name": "서울숲A타워", "status": "full", "capacity": 21, "active": 21, "industry": "의원", "vacancy_rate": 0.0, "vacancy_rate_lo": null, "vacancy_rate_hi": null, "stores": 21, "source": "stores+ledger", "capacity_method": "expos_units", "active_pip": 0, "licensed": 0, "id": "1120011400106560591-4", "pnu": "1120011400106560591", "floors": 1, "height": 4.0}}, {"type": "Feature", "geometry": {"type": "Polygon", "coordinates": [[[127.04853209, 37.54433113], [127.04842847, 37.54438451], [127.04846131, 37.54442991], [127.04857477, 37.54437833], [127.04853209, 37.54433113]]]}, "properties": {"name": "성수동1가 22-7", "status": "high", "capacity": 5, "active": 1, "industry": "섬유·의복·신발 소매", "vacancy_rate": 80.0, "vacancy_rate_lo": null, "vacancy_rate_hi": null, "stores": 1, "source": "stores+ledger", "capacity_method": "expos_units", "active_pip": 0, "licensed": 0, "id": "1120011400100220007-4", "pnu": "1120011400100220007", "floors": 2, "height": 8.0}}, {"type": "Feature", "geometry": {"type": "Polygon", "coordinates": [[[127.04861928, 37.54514298], [127.04867145, 37.54524531], [127.04871754, 37.54519751], [127.04871222, 37.54519031], [127.04872618, 37.54518329], [127.04871322, 37.54515592], [127.04873958, 37.54514555], [127.04872044, 37.5451133], [127.04861928, 37.54514298]]]}, "properties": {"name": "성수동1가 656-1096", "status": "full", "capacity": 2, "active": 2, "industry": "비알코올 ", "vacancy_rate": 0.0, "vacancy_rate_lo": 0.0, "vacancy_rate_hi": 50.0, "stores": 2, "source": "stores+ledger", "capacity_method": "floor_ouln", "active_pip": 0, "licensed": 1, "id": "1120011400106561096-1", "pnu": "1120011400106561096", "floors": 2, "height": 0.0}}, {"type": "Feature", "geometry": {"type": "Polygon", "coordinates": [[[127.04840559, 37.54453174], [127.04838826, 37.54450715], [127.04833192, 37.54453051], [127.04835095, 37.54455573], [127.04840559, 37.54453174]]]}, "properties": {"name": "성수동1가 22-7", "status": "high", "capacity": 5, "active": 1, "industry": "섬유·의복·신발 소매", "vacancy_rate": 80.0, "vacancy_rate_lo": null, "vacancy_rate_hi": null, "stores": 1, "source": "stores+ledger", "capacity_method": "expos_units", "active_pip": 0, "licensed": 0, "id": "1120011400100220007-5", "pnu": "1120011400100220007", "floors": 0, "height": 0.0}}, {"type": "Feature", "geometry": {"type": "Polygon", "coordinates": [[[127.0487874, 37.54594391], [127.04870398, 37.5459152], [127.04864047, 37.54604533], [127.04888856, 37.54612208], [127.04892371, 37.54604801], [127.04891771, 37.54604612], [127.04876627, 37.54599851], [127.04877909, 37.54596537], [127.0487874, 37.54594391]]]}, "properties": {"name": "신한ITTOWER", "status": "partial", "capacity": 10, "active": 7, "industry": "종합 소매", "vacancy_rate": 30.0, "vacancy_rate_lo": null, "vacancy_rate_hi": null, "stores": 7, "source": "stores+ledger", "capacity_method": "expos_units", "active_pip": 0, "licensed": 0, "id": "1120011400106560603-1", "pnu": "1120011400106560603", "floors": 0, "height": 0.0}}, {"type": "Feature", "geometry": {"type": "Polygon", "coordinates": [[[127.04750893, 37.54557339], [127.04773617, 37.54579441], [127.04783921, 37.54571913], [127.04779245, 37.54567662], [127.0479119, 37.54560405], [127.04795209, 37.54564151], [127.04847331, 37.5452954], [127.04839109, 37.54521534], [127.04787396, 37.54555469], [127.04783139, 37.54552389], [127.04771036, 37.54559503], [127.0476071, 37.54550983], [127.04750893, 37.54557339]]]}, "properties": {"name": "한양현대아파트", "status": "high", "capacity": 10, "active": 2, "industry": "기타 생활용품 소매", "vacancy_rate": 80.0, "vacancy_rate_lo": null, "vacancy_rate_hi": null, "stores": 2, "source": "stores+ledger", "capacity_method": "expos_units", "active_pip": 0, "licensed": 0, "id": "1120011400107070000-4", "pnu": "1120011400107070000", "floors": 19, "height": 51.1}}, {"type": "Feature", "geometry": {"type": "Polygon", "coordinates": [[[127.04818495, 37.54279759], [127.04816228, 37.54273048], [127.04797347, 37.54280687], [127.04798946, 37.54284876], [127.04818495, 37.54279759]]]}, "properties": {"name": "성수동1가 656-1659", "status": "full", "capacity": 1, "active": 1, "industry": "이용·미용", "vacancy_rate": 0.0, "vacancy_rate_lo": 0.0, "vacancy_rate_hi": 0.0, "stores": 2, "source": "stores+ledger", "capacity_method": "floor_ouln", "active_pip": 0, "licensed": 1, "id": "1120011400106561659-1", "pnu": "1120011400106561659", "floors": 3, "height": 11.35}}, {"type": "Feature", "geometry": {"type": "Polygon", "coordinates": [[[127.0431976, 37.54617863], [127.04335023, 37.54613578], [127.04331283, 37.5460593], [127.04320093, 37.54609123], [127.04321385, 37.54612168], [127.04318795, 37.54613457], [127.0431976, 37.54617863]]]}, "properties": {"name": "성수동1가 668-136", "status": "full", "capacity": 1, "active": 1, "industry": "비알코올 ", "vacancy_rate": 0.0, "vacancy_rate_lo": 0.0, "vacancy_rate_hi": 100.0, "stores": 4, "source": "stores+ledger+pip", "capacity_method": "floor_ouln", "active_pip": 3, "licensed": 2, "id": "1120011400106680136-2", "pnu": "1120011400106680136", "floors": 0, "height": 0.0}}, {"type": "Feature", "geometry": {"type": "Polygon", "coordinates": [[[127.04627482, 37.54576183], [127.04623889, 37.5456621], [127.04617315, 37.54567258], [127.04616025, 37.54567628], [127.04615335, 37.54568214], [127.04615042, 37.5456934], [127.04619268, 37.54578195], [127.04627482, 37.54576183]]]}, "properties": {"name": "성수동1가 656-624", "status": "high", "capacity": 3, "active": 1, "industry": "", "vacancy_rate": 66.7, "source": "pip_only", "capacity_method": "floor_approx", "active_pip": 1, "licensed": 0, "id": "1120011400106560624-1", "pnu": "1120011400106560624", "floors": 3, "height": 7.5}}, {"type": "Feature", "geometry": {"type": "Polygon", "coordinates": [[[127.04557907, 37.54548937], [127.04556569, 37.54545325], [127.04559465, 37.54544143], [127.04556631, 37.54535035], [127.04498825, 37.54546104], [127.04501671, 37.54555266], [127.04497937, 37.54556123], [127.04499875, 37.54560654], [127.04557907, 37.54548937]]]}, "properties": {"name": "성수동1가 656-950", "status": "empty", "capacity": 5, "active": 0, "industry": "", "vacancy_rate": 100.0, "source": "polygon_only", "capacity_method": "floor_approx", "active_pip": 0, "licensed": 0, "id": "1120011400106560950-1", "pnu": "1120011400106560950", "floors": 5, "height": 20.3}}, {"type": "Feature", "geometry": {"type": "Polygon", "coordinates": [[[127.04567554, 37.54187246], [127.04566579, 37.54184803], [127.04561715, 37.54186284], [127.04562733, 37.54188454], [127.04567554, 37.54187246]]]}, "properties": {"name": "대림로즈빌", "status": "high", "capacity": 30, "active": 3, "industry": "한식", "vacancy_rate": 90.0, "vacancy_rate_lo": null, "vacancy_rate_hi": null, "stores": 3, "source": "stores+ledger", "capacity_method": "expos_units", "active_pip": 0, "licensed": 0, "id": "1120011400106560234-2", "pnu": "1120011400106560234", "floors": 0, "height": 0.0}}, {"type": "Feature", "geometry": {"type": "Polygon", "coordinates": [[[127.04687708, 37.54220427], [127.04683439, 37.54214212], [127.0467646, 37.54218278], [127.0467542, 37.54219558], [127.04678511, 37.54224287], [127.04687708, 37.54220427]]]}, "properties": {"name": "성수동1가 656-1214", "status": "full", "capacity": 2, "active": 2, "industry": "주점", "vacancy_rate": 0.0, "vacancy_rate_lo": 0.0, "vacancy_rate_hi": 0.0, "stores": 3, "source": "stores+ledger", "capacity_method": "floor_ouln", "active_pip": 0, "licensed": 2, "id": "1120011400106561214-1", "pnu": "1120011400106561214", "floors": 3, "height": 10.2}}, {"type": "Feature", "geometry": {"type": "Polygon", "coordinates": [[[127.04660891, 37.54239161], [127.04659045, 37.54236512], [127.04656613, 37.54237531], [127.04658414, 37.54240207], [127.04660891, 37.54239161]]]}, "properties": {"name": "성수동1가 656-1206", "status": "high", "capacity": 5, "active": 2, "industry": "섬유·의복·신발 소매", "vacancy_rate": 60.0, "vacancy_rate_lo": 60.0, "vacancy_rate_hi": 100.0, "stores": 2, "source": "stores+ledger", "capacity_method": "floor_ouln", "active_pip": 0, "licensed": 0, "id": "1120011400106561206-3", "pnu": "1120011400106561206", "floors": 0, "height": 0.0}}, {"type": "Feature", "geometry": {"type": "Polygon", "coordinates": [[[127.04623129, 37.54179637], [127.04663434, 37.54160872], [127.04656696, 37.54151261], [127.04615848, 37.54169873], [127.04623129, 37.54179637]]]}, "properties": {"name": "대림로즈빌", "status": "high", "capacity": 30, "active": 3, "industry": "한식", "vacancy_rate": 90.0, "vacancy_rate_lo": null, "vacancy_rate_hi": null, "stores": 3, "source": "stores+ledger", "capacity_method": "expos_units", "active_pip": 0, "licensed": 0, "id": "1120011400106560234-3", "pnu": "1120011400106560234", "floors": 13, "height": 34.9}}, {"type": "Feature", "geometry": {"type": "Polygon", "coordinates": [[[127.04579409, 37.54182105], [127.04592328, 37.54177505], [127.04578202, 37.54152291], [127.04565566, 37.54156738], [127.04579409, 37.54182105]]]}, "properties": {"name": "대림로즈빌", "status": "high", "capacity": 30, "active": 3, "industry": "한식", "vacancy_rate": 90.0, "vacancy_rate_lo": null, "vacancy_rate_hi": null, "stores": 3, "source": "stores+ledger", "capacity_method": "expos_units", "active_pip": 0, "licensed": 0, "id": "1120011400106560234-4", "pnu": "1120011400106560234", "floors": 11, "height": 29.7}}, {"type": "Feature", "geometry": {"type": "Polygon", "coordinates": [[[127.04661159, 37.54233214], [127.0466825, 37.54245888], [127.04673974, 37.54243732], [127.04667325, 37.54230931], [127.04661159, 37.54233214]]]}, "properties": {"name": "성수동1가 656-1206", "status": "high", "capacity": 5, "active": 2, "industry": "섬유·의복·신발 소매", "vacancy_rate": 60.0, "vacancy_rate_lo": 60.0, "vacancy_rate_hi": 100.0, "stores": 2, "source": "stores+ledger", "capacity_method": "floor_ouln", "active_pip": 0, "licensed": 0, "id": "1120011400106561206-4", "pnu": "1120011400106561206", "floors": 0, "height": 0.0}}, {"type": "Feature", "geometry": {"type": "Polygon", "coordinates": [[[127.04655633, 37.54207122], [127.04632216, 37.5421571], [127.04636112, 37.54222709], [127.04658578, 37.54212734], [127.04655633, 37.54207122]]]}, "properties": {"name": "트러스톤자산운용", "status": "full", "capacity": 2, "active": 2, "industry": "비알코올 ", "vacancy_rate": 0.0, "vacancy_rate_lo": 0.0, "vacancy_rate_hi": 0.0, "stores": 3, "source": "stores+ledger", "capacity_method": "floor_ouln", "active_pip": 0, "licensed": 2, "id": "1120011400106560505-1", "pnu": "1120011400106560505", "floors": 1, "height": 6.4}}, {"type": "Feature", "geometry": {"type": "Polygon", "coordinates": [[[127.04641402, 37.54231852], [127.04644495, 37.5423841], [127.04667392, 37.54230634], [127.04662906, 37.54222238], [127.04641402, 37.54231852]]]}, "properties": {"name": "성수동1가 656-1206", "status": "high", "capacity": 5, "active": 2, "industry": "섬유·의복·신발 소매", "vacancy_rate": 60.0, "vacancy_rate_lo": 60.0, "vacancy_rate_hi": 100.0, "stores": 2, "source": "stores+ledger", "capacity_method": "floor_ouln", "active_pip": 0, "licensed": 0, "id": "1120011400106561206-5", "pnu": "1120011400106561206", "floors": 0, "height": 0.0}}, {"type": "Feature", "geometry": {"type": "Polygon", "coordinates": [[[127.04636237, 37.54223655], [127.04640858, 37.54231095], [127.04657091, 37.54223548], [127.04652663, 37.54216341], [127.04636237, 37.54223655]]]}, "properties": {"name": "트러스톤자산운용", "status": "full", "capacity": 2, "active": 2, "industry": "비알코올 ", "vacancy_rate": 0.0, "vacancy_rate_lo": 0.0, "vacancy_rate_hi": 0.0, "stores": 3, "source": "stores+ledger", "capacity_method": "floor_ouln", "active_pip": 0, "licensed": 2, "id": "1120011400106560505-2", "pnu": "1120011400106560505", "floors": 0, "height": 0.0}}, {"type": "Feature", "geometry": {"type": "Polygon", "coordinates": [[[127.04663472, 37.54221869], [127.04671413, 37.54237201], [127.04680294, 37.54234521], [127.0467139, 37.54217784], [127.04663472, 37.54221869]]]}, "properties": {"name": "성수동1가 656-1206", "status": "high", "capacity": 5, "active": 2, "industry": "섬유·의복·신발 소매", "vacancy_rate": 60.0, "vacancy_rate_lo": 60.0, "vacancy_rate_hi": 100.0, "stores": 2, "source": "stores+ledger", "capacity_method": "floor_ouln", "active_pip": 0, "licensed": 0, "id": "1120011400106561206-6", "pnu": "1120011400106561206", "floors": 0, "height": 0.0}}, {"type": "Feature", "geometry": {"type": "Polygon", "coordinates": [[[127.04673579, 37.54244245], [127.04657718, 37.54249388], [127.04665977, 37.54264558], [127.04682392, 37.54258389], [127.04673579, 37.54244245]]]}, "properties": {"name": "성수동1가 656-1206", "status": "high", "capacity": 5, "active": 2, "industry": "섬유·의복·신발 소매", "vacancy_rate": 60.0, "vacancy_rate_lo": 60.0, "vacancy_rate_hi": 100.0, "stores": 2, "source": "stores+ledger", "capacity_method": "floor_ouln", "active_pip": 0, "licensed": 0, "id": "1120011400106561206-7", "pnu": "1120011400106561206", "floors": 2, "height": 0.0}}, {"type": "Feature", "geometry": {"type": "Polygon", "coordinates": [[[127.04683353, 37.54257892], [127.04692821, 37.54253104], [127.04681766, 37.54235268], [127.04671493, 37.54238237], [127.04683353, 37.54257892]]]}, "properties": {"name": "성수동1가 656-1206", "status": "high", "capacity": 5, "active": 2, "industry": "섬유·의복·신발 소매", "vacancy_rate": 60.0, "vacancy_rate_lo": 60.0, "vacancy_rate_hi": 100.0, "stores": 2, "source": "stores+ledger", "capacity_method": "floor_ouln", "active_pip": 0, "licensed": 0, "id": "1120011400106561206-8", "pnu": "1120011400106561206", "floors": 1, "height": 0.0}}, {"type": "Feature", "geometry": {"type": "Polygon", "coordinates": [[[127.04623129, 37.54179637], [127.04615848, 37.54169873], [127.04609762, 37.5417284], [127.04617123, 37.5418237], [127.04623129, 37.54179637]]]}, "properties": {"name": "대림로즈빌", "status": "high", "capacity": 30, "active": 3, "industry": "한식", "vacancy_rate": 90.0, "vacancy_rate_lo": null, "vacancy_rate_hi": null, "stores": 3, "source": "stores+ledger", "capacity_method": "expos_units", "active_pip": 0, "licensed": 0, "id": "1120011400106560234-5", "pnu": "1120011400106560234", "floors": 0, "height": 0.0}}, {"type": "Feature", "geometry": {"type": "Polygon", "coordinates": [[[127.04645457, 37.54238356], [127.04646453, 37.54240031], [127.04651284, 37.54238561], [127.04650287, 37.54236786], [127.04645457, 37.54238356]]]}, "properties": {"name": "성수동1가 656-1206", "status": "high", "capacity": 5, "active": 2, "industry": "섬유·의복·신발 소매", "vacancy_rate": 60.0, "vacancy_rate_lo": 60.0, "vacancy_rate_hi": 100.0, "stores": 2, "source": "stores+ledger", "capacity_method": "floor_ouln", "active_pip": 0, "licensed": 0, "id": "1120011400106561206-9", "pnu": "1120011400106561206", "floors": 0, "height": 0.0}}, {"type": "Feature", "geometry": {"type": "Polygon", "coordinates": [[[127.04659945, 37.54246702], [127.04660795, 37.54248071], [127.04667978, 37.54245528], [127.04667219, 37.54244105], [127.04659945, 37.54246702]]]}, "properties": {"name": "성수동1가 656-1206", "status": "high", "capacity": 5, "active": 2, "industry": "섬유·의복·신발 소매", "vacancy_rate": 60.0, "vacancy_rate_lo": 60.0, "vacancy_rate_hi": 100.0, "stores": 2, "source": "stores+ledger", "capacity_method": "floor_ouln", "active_pip": 0, "licensed": 0, "id": "1120011400106561206-10", "pnu": "1120011400106561206", "floors": 0, "height": 0.0}}, {"type": "Feature", "geometry": {"type": "Polygon", "coordinates": [[[127.04551307, 37.54173719], [127.04554667, 37.5417268], [127.04553614, 37.5417042], [127.04550593, 37.54171313], [127.04551307, 37.54173719]]]}, "properties": {"name": "대림로즈빌", "status": "high", "capacity": 30, "active": 3, "industry": "한식", "vacancy_rate": 90.0, "vacancy_rate_lo": null, "vacancy_rate_hi": null, "stores": 3, "source": "stores+ledger", "capacity_method": "expos_units", "active_pip": 0, "licensed": 0, "id": "1120011400106560234-6", "pnu": "1120011400106560234", "floors": 0, "height": 0.0}}, {"type": "Feature", "geometry": {"type": "Polygon", "coordinates": [[[127.04554683, 37.54216911], [127.0457697, 37.54209226], [127.04575202, 37.54204514], [127.0457958, 37.54203395], [127.04581608, 37.54207332], [127.04590964, 37.54204922], [127.04591723, 37.54206481], [127.04604224, 37.54202187], [127.04596305, 37.54185774], [127.045674, 37.54194868], [127.04568659, 37.54199544], [127.04550456, 37.54205254], [127.04554683, 37.54216911]]]}, "properties": {"name": "대림로즈빌", "status": "high", "capacity": 30, "active": 3, "industry": "한식", "vacancy_rate": 90.0, "vacancy_rate_lo": null, "vacancy_rate_hi": null, "stores": 3, "source": "stores+ledger", "capacity_method": "expos_units", "active_pip": 0, "licensed": 0, "id": "1120011400106560234-7", "pnu": "1120011400106560234", "floors": 14, "height": 37.5}}, {"type": "Feature", "geometry": {"type": "Polygon", "coordinates": [[[127.04728408, 37.54235088], [127.04736394, 37.54231282], [127.0473593, 37.54230625], [127.04743644, 37.54226946], [127.04740415, 37.54221406], [127.04723922, 37.5422826], [127.04728408, 37.54235088]]]}, "properties": {"name": "성수동1가 656-431", "status": "high", "capacity": 4, "active": 1, "industry": "의원", "vacancy_rate": 75.0, "vacancy_rate_lo": 75.0, "vacancy_rate_hi": 75.0, "stores": 1, "source": "stores+ledger", "capacity_method": "floor_ouln", "active_pip": 0, "licensed": 0, "id": "1120011400106560431-1", "pnu": "1120011400106560431", "floors": 3, "height": 10.2}}, {"type": "Feature", "geometry": {"type": "Polygon", "coordinates": [[[127.04748337, 37.54185985], [127.04753004, 37.5419502], [127.0475228, 37.54195227], [127.04754342, 37.54199047], [127.04766888, 37.5419469], [127.04765879, 37.54192321], [127.04766807, 37.54191753], [127.04760815, 37.54181781], [127.04748337, 37.54185985]]]}, "properties": {"name": "성수동1가 656-1872", "status": "partial", "capacity": 5, "active": 3, "industry": "기타 교육", "vacancy_rate": 40.0, "vacancy_rate_lo": 40.0, "vacancy_rate_hi": 100.0, "stores": 2, "source": "stores+ledger", "capacity_method": "floor_ouln", "active_pip": 0, "licensed": 1, "id": "1120011400106561872-1", "pnu": "1120011400106561872", "floors": 5, "height": 14.8}}, {"type": "Feature", "geometry": {"type": "Polygon", "coordinates": [[[127.04753029, 37.54217283], [127.04754853, 37.54220337], [127.04759662, 37.54220092], [127.04767671, 37.54215322], [127.04766208, 37.54212187], [127.04753029, 37.54217283]]]}, "properties": {"name": "제니빌딩", "status": "full", "capacity": 3, "active": 3, "industry": "기타 교육", "vacancy_rate": 0.0, "vacancy_rate_lo": 0.0, "vacancy_rate_hi": 33.3, "stores": 2, "source": "stores+ledger", "capacity_method": "floor_ouln", "active_pip": 0, "licensed": 0, "id": "1120011400106560426-1", "pnu": "1120011400106560426", "floors": 3, "height": 9.8}}, {"type": "Feature", "geometry": {"type": "Polygon", "coordinates": [[[127.04834572, 37.54223242], [127.04829944, 37.54224244], [127.04833424, 37.54233451], [127.04838187, 37.54232313], [127.04834572, 37.54223242]]]}, "properties": {"name": "성수동1가 656-71", "status": "partial", "capacity": 3, "active": 2, "industry": "섬유·의복·신발 소매", "vacancy_rate": 33.3, "vacancy_rate_lo": 33.3, "vacancy_rate_hi": 66.7, "stores": 2, "source": "stores+ledger", "capacity_method": "floor_ouln", "active_pip": 0, "licensed": 0, "id": "1120011400106560071-1", "pnu": "1120011400106560071", "floors": 3, "height": 10.5}}, {"type": "Feature", "geometry": {"type": "Polygon", "coordinates": [[[127.04777973, 37.54222679], [127.04783438, 37.54222173], [127.04783255, 37.54220524], [127.04784953, 37.5422028], [127.04784793, 37.54218983], [127.04789749, 37.54217485], [127.04788275, 37.54212701], [127.04784869, 37.54212892], [127.04784744, 37.54212072], [127.04781055, 37.54212515], [127.04780884, 37.54212218], [127.04776869, 37.54213147], [127.04776915, 37.54213859], [127.04775241, 37.54214454], [127.04777973, 37.54222679]]]}, "properties": {"name": "새촌브릭스", "status": "full", "capacity": 5, "active": 5, "industry": "기타 간이", "vacancy_rate": 0.0, "vacancy_rate_lo": 0.0, "vacancy_rate_hi": 0.0, "stores": 3, "source": "stores+ledger", "capacity_method": "floor_ouln", "active_pip": 0, "licensed": 1, "id": "1120011400106560568-1", "pnu": "1120011400106560568", "floors": 3, "height": 10.1}}, {"type": "Feature", "geometry": {"type": "Polygon", "coordinates": [[[127.04794895, 37.54197624], [127.04804986, 37.54194566], [127.04803739, 37.54191206], [127.04802687, 37.54191053], [127.04801203, 37.54189161], [127.04792402, 37.54192111], [127.04794895, 37.54197624]]]}, "properties": {"name": "성수동1가 656-117", "status": "partial", "capacity": 2, "active": 1, "industry": "기타 간이", "vacancy_rate": 50.0, "vacancy_rate_lo": 50.0, "vacancy_rate_hi": 50.0, "stores": 1, "source": "stores+ledger", "capacity_method": "floor_ouln", "active_pip": 0, "licensed": 0, "id": "1120011400106560117-1", "pnu": "1120011400106560117", "floors": 2, "height": 7.5}}, {"type": "Feature", "geometry": {"type": "Polygon", "coordinates": [[[127.04797357, 37.54206399], [127.04794602, 37.54199408], [127.04788673, 37.54200762], [127.04791383, 37.54207933], [127.04797357, 37.54206399]]]}, "properties": {"name": "성수동1가 656-132", "status": "partial", "capacity": 4, "active": 2, "industry": "이용·미용", "vacancy_rate": 50.0, "vacancy_rate_lo": null, "vacancy_rate_hi": null, "stores": 2, "source": "stores+ledger", "capacity_method": "floor_approx", "active_pip": 0, "licensed": 1, "id": "1120011400106560132-1", "pnu": "1120011400106560132", "floors": 2, "height": 7.5}}, {"type": "Feature", "geometry": {"type": "Polygon", "coordinates": [[[127.04776669, 37.54201759], [127.04777929, 37.54208444], [127.04785748, 37.54207666], [127.04785632, 37.54204602], [127.04784817, 37.5420463], [127.04784386, 37.54202458], [127.04781942, 37.54202613], [127.04781794, 37.54201378], [127.04776669, 37.54201759]]]}, "properties": {"name": "성수동1가 656-569", "status": "high", "capacity": 3, "active": 1, "industry": "섬유·의복·신발 소매", "vacancy_rate": 66.7, "vacancy_rate_lo": 66.7, "vacancy_rate_hi": 100.0, "stores": 1, "source": "stores+ledger", "capacity_method": "floor_ouln", "active_pip": 0, "licensed": 0, "id": "1120011400106560569-1", "pnu": "1120011400106560569", "floors": 3, "height": 8.1}}, {"type": "Feature", "geometry": {"type": "Polygon", "coordinates": [[[127.04848084, 37.542081], [127.04851438, 37.54216126], [127.04861971, 37.54213644], [127.04859036, 37.54205834], [127.04848084, 37.542081]]]}, "properties": {"name": "성수동1가 656-58", "status": "full", "capacity": 1, "active": 1, "industry": "일식", "vacancy_rate": 0.0, "vacancy_rate_lo": 0.0, "vacancy_rate_hi": 0.0, "stores": 2, "source": "stores+ledger", "capacity_method": "floor_ouln", "active_pip": 0, "licensed": 2, "id": "1120011400106560058-1", "pnu": "1120011400106560058", "floors": 4, "height": 13.3}}, {"type": "Feature", "geometry": {"type": "Polygon", "coordinates": [[[127.04785957, 37.54200268], [127.0478472, 37.54193349], [127.04776652, 37.54193722], [127.04776159, 37.54200714], [127.04785957, 37.54200268]]]}, "properties": {"name": "성수동1가 656-570", "status": "empty", "capacity": 3, "active": 0, "industry": "", "vacancy_rate": 100.0, "source": "polygon_only", "capacity_method": "floor_approx", "active_pip": 0, "licensed": 0, "id": "1120011400106560570-1", "pnu": "1120011400106560570", "floors": 3, "height": 9.7}}, {"type": "Feature", "geometry": {"type": "Polygon", "coordinates": [[[127.04794293, 37.54246711], [127.04782696, 37.54249599], [127.04783501, 37.54252059], [127.04782823, 37.54252266], [127.04783355, 37.5425359], [127.0478262, 37.54253879], [127.0478373, 37.54256572], [127.04797001, 37.54253342], [127.04794293, 37.54246711]]]}, "properties": {"name": "성수동1가 656-126", "status": "empty", "capacity": 5, "active": 0, "industry": "", "vacancy_rate": 100.0, "source": "polygon_only", "capacity_method": "floor_approx", "active_pip": 0, "licensed": 0, "id": "1120011400106560126-1", "pnu": "1120011400106560126", "floors": 5, "height": 14.7}}, {"type": "Feature", "geometry": {"type": "Polygon", "coordinates": [[[127.0478455, 37.54174617], [127.0478313, 37.54166328], [127.04779012, 37.54166591], [127.04774296, 37.54170323], [127.04775544, 37.54175855], [127.0478455, 37.54174617]]]}, "properties": {"name": "플리터", "status": "full", "capacity": 3, "active": 3, "industry": "기타 교육", "vacancy_rate": 0.0, "vacancy_rate_lo": 0.0, "vacancy_rate_hi": 0.0, "stores": 6, "source": "stores+ledger", "capacity_method": "floor_ouln", "active_pip": 0, "licensed": 1, "id": "1120011400106560574-1", "pnu": "1120011400106560574", "floors": 3, "height": 9.6}}, {"type": "Feature", "geometry": {"type": "Polygon", "coordinates": [[[127.04813002, 37.54201771], [127.0481909, 37.54200525], [127.04816289, 37.54193066], [127.04810123, 37.5419414], [127.04813002, 37.54201771]]]}, "properties": {"name": "성수동1가 656-113", "status": "full", "capacity": 1, "active": 1, "industry": "이용·미용", "vacancy_rate": 0.0, "vacancy_rate_lo": 0.0, "vacancy_rate_hi": 0.0, "stores": 1, "source": "stores+ledger", "capacity_method": "floor_ouln", "active_pip": 0, "licensed": 1, "id": "1120011400106560113-1", "pnu": "1120011400106560113", "floors": 2, "height": 9.7}}, {"type": "Feature", "geometry": {"type": "Polygon", "coordinates": [[[127.04860081, 37.54230305], [127.04869188, 37.54227598], [127.04867012, 37.54222363], [127.0485735, 37.54224728], [127.04860081, 37.54230305]]]}, "properties": {"name": "성수동1가 656-56", "status": "empty", "capacity": 3, "active": 0, "industry": "", "vacancy_rate": 100.0, "source": "polygon_only", "capacity_method": "floor_approx", "active_pip": 0, "licensed": 0, "id": "1120011400106560056-1", "pnu": "1120011400106560056", "floors": 3, "height": 9.4}}, {"type": "Feature", "geometry": {"type": "Polygon", "coordinates": [[[127.04811913, 37.54178769], [127.04817614, 37.54177361], [127.04817422, 37.54176541], [127.04820126, 37.541759], [127.04819615, 37.54173612], [127.04820407, 37.54173287], [127.04819205, 37.54169495], [127.04809589, 37.541724], [127.04811913, 37.54178769]]]}, "properties": {"name": "성수동1가 656-108", "status": "full", "capacity": 1, "active": 1, "industry": "의원", "vacancy_rate": 0.0, "vacancy_rate_lo": 0.0, "vacancy_rate_hi": 100.0, "stores": 1, "source": "stores+ledger", "capacity_method": "floor_ouln", "active_pip": 0, "licensed": 0, "id": "1120011400106560108-1", "pnu": "1120011400106560108", "floors": 2, "height": 6.5}}, {"type": "Feature", "geometry": {"type": "Polygon", "coordinates": [[[127.04822666, 37.5417653], [127.04812954, 37.54178976], [127.04815255, 37.54185228], [127.04821918, 37.54183828], [127.04820966, 37.54181342], [127.04824281, 37.54180602], [127.04822666, 37.5417653]]]}, "properties": {"name": "성수동1가 656-107", "status": "empty", "capacity": 2, "active": 0, "industry": "", "vacancy_rate": 100.0, "source": "polygon_only", "capacity_method": "floor_approx", "active_pip": 0, "licensed": 0, "id": "1120011400106560107-1", "pnu": "1120011400106560107", "floors": 2, "height": 6.5}}, {"type": "Feature", "geometry": {"type": "Polygon", "coordinates": [[[127.04805167, 37.54229173], [127.0481122, 37.54227405], [127.04808511, 37.54219585], [127.04802344, 37.54220714], [127.04805167, 37.54229173]]]}, "properties": {"name": "성수동1가 656-88", "status": "empty", "capacity": 2, "active": 0, "industry": "", "vacancy_rate": 100.0, "source": "polygon_only", "capacity_method": "floor_approx", "active_pip": 0, "licensed": 0, "id": "1120011400106560088-1", "pnu": "1120011400106560088", "floors": 2, "height": 7.5}}, {"type": "Feature", "geometry": {"type": "Polygon", "coordinates": [[[127.04805274, 37.54183691], [127.04812005, 37.5418213], [127.04809149, 37.54174616], [127.04804544, 37.54175681], [127.04804261, 37.54174862], [127.04801919, 37.54175376], [127.04805274, 37.54183691]]]}, "properties": {"name": "초록문", "status": "full", "capacity": 2, "active": 2, "industry": "기타 교육", "vacancy_rate": 0.0, "vacancy_rate_lo": 0.0, "vacancy_rate_hi": 0.0, "stores": 3, "source": "stores+ledger", "capacity_method": "floor_ouln", "active_pip": 0, "licensed": 0, "id": "1120011400106560111-1", "pnu": "1120011400106560111", "floors": 3, "height": 10.7}}, {"type": "Feature", "geometry": {"type": "Polygon", "coordinates": [[[127.0483411, 37.54173462], [127.04843896, 37.54170971], [127.04841776, 37.54165557], [127.04832556, 37.54167931], [127.0483411, 37.54173462]]]}, "properties": {"name": "성수동1가 656-96", "status": "full", "capacity": 1, "active": 1, "industry": "기타 간이", "vacancy_rate": 0.0, "vacancy_rate_lo": 0.0, "vacancy_rate_hi": 100.0, "stores": 4, "source": "stores+ledger", "capacity_method": "floor_ouln", "active_pip": 0, "licensed": 1, "id": "1120011400106560096-1", "pnu": "1120011400106560096", "floors": 3, "height": 9.85}}, {"type": "Feature", "geometry": {"type": "Polygon", "coordinates": [[[127.04721449, 37.54199249], [127.04710872, 37.54203533], [127.04716206, 37.54212019], [127.04726591, 37.54208248], [127.04721449, 37.54199249]]]}, "properties": {"name": "성수동1가 656-1887", "status": "empty", "capacity": 2, "active": 0, "industry": "", "vacancy_rate": 100.0, "source": "polygon_only", "capacity_method": "floor_approx", "active_pip": 0, "licensed": 0, "id": "1120011400106561887-1", "pnu": "1120011400106561887", "floors": 2, "height": 0.0}}, {"type": "Feature", "geometry": {"type": "Polygon", "coordinates": [[[127.04799164, 37.54166322], [127.0480177, 37.54172547], [127.0480418, 37.54171843], [127.04804815, 37.54173744], [127.04808865, 37.5417313], [127.04805194, 37.54164878], [127.04799164, 37.54166322]]]}, "properties": {"name": "성수동1가 656-212", "status": "partial", "capacity": 2, "active": 1, "industry": "", "vacancy_rate": 50.0, "source": "pip_only", "capacity_method": "floor_approx", "active_pip": 0, "licensed": 1, "id": "1120011400106560212-1", "pnu": "1120011400106560212", "floors": 2, "height": 7.5}}, {"type": "Feature", "geometry": {"type": "Polygon", "coordinates": [[[127.04828393, 37.54222731], [127.04840317, 37.54219194], [127.04837054, 37.54211636], [127.04825254, 37.5421529], [127.04828393, 37.54222731]]]}, "properties": {"name": "성수동1가 656-69", "status": "full", "capacity": 1, "active": 1, "industry": "이용·미용", "vacancy_rate": 0.0, "vacancy_rate_lo": 0.0, "vacancy_rate_hi": 0.0, "stores": 2, "source": "stores+ledger", "capacity_method": "floor_ouln", "active_pip": 0, "licensed": 1, "id": "1120011400106560069-1", "pnu": "1120011400106560069", "floors": 3, "height": 9.5}}, {"type": "Feature", "geometry": {"type": "Polygon", "coordinates": [[[127.04820793, 37.54246511], [127.04828701, 37.54244787], [127.04826026, 37.54237436], [127.04817892, 37.54239241], [127.04820793, 37.54246511]]]}, "properties": {"name": "성수동1가 656-80", "status": "partial", "capacity": 3, "active": 2, "industry": "섬유·의복·신발 소매", "vacancy_rate": 33.3, "vacancy_rate_lo": 33.3, "vacancy_rate_hi": 33.3, "stores": 3, "source": "stores+ledger", "capacity_method": "floor_ouln", "active_pip": 0, "licensed": 2, "id": "1120011400106560080-1", "pnu": "1120011400106560080", "floors": 3, "height": 9.3}}, {"type": "Feature", "geometry": {"type": "Polygon", "coordinates": [[[127.0481525, 37.54230773], [127.04817948, 37.54238529], [127.04825449, 37.54236283], [127.04822841, 37.54228932], [127.0481525, 37.54230773]]]}, "properties": {"name": "성수동1가 656-81", "status": "full", "capacity": 2, "active": 2, "industry": "한식", "vacancy_rate": 0.0, "vacancy_rate_lo": 0.0, "vacancy_rate_hi": 100.0, "stores": 1, "source": "stores+ledger", "capacity_method": "floor_ouln", "active_pip": 0, "licensed": 1, "id": "1120011400106560081-1", "pnu": "1120011400106560081", "floors": 2, "height": 7.95}}, {"type": "Feature", "geometry": {"type": "Polygon", "coordinates": [[[127.04842214, 37.54194578], [127.04837689, 37.54195589], [127.0483829, 37.54197733], [127.04836819, 37.54197905], [127.0483768, 37.54200175], [127.04838597, 37.54200013], [127.04839152, 37.54201995], [127.04844844, 37.54201172], [127.04842214, 37.54194578]]]}, "properties": {"name": "성수동1가 656-103", "status": "empty", "capacity": 4, "active": 0, "industry": "", "vacancy_rate": 100.0, "source": "polygon_only", "capacity_method": "floor_approx", "active_pip": 0, "licensed": 0, "id": "1120011400106560103-1", "pnu": "1120011400106560103", "floors": 4, "height": 11.2}}, {"type": "Feature", "geometry": {"type": "Polygon", "coordinates": [[[127.04744534, 37.5420288], [127.04752611, 37.54200056], [127.04749406, 37.54194444], [127.04741261, 37.5419725], [127.04744534, 37.5420288]]]}, "properties": {"name": "성수동1가 656-612", "status": "full", "capacity": 3, "active": 3, "industry": "가구 소매", "vacancy_rate": 0.0, "vacancy_rate_lo": 0.0, "vacancy_rate_hi": 0.0, "stores": 1, "source": "stores+ledger", "capacity_method": "floor_ouln", "active_pip": 0, "licensed": 0, "id": "1120011400106560612-1", "pnu": "1120011400106560612", "floors": 3, "height": 9.8}}, {"type": "Feature", "geometry": {"type": "Polygon", "coordinates": [[[127.04741622, 37.54195817], [127.04749099, 37.54193066], [127.04744863, 37.54186085], [127.04737329, 37.5418916], [127.04741622, 37.54195817]]]}, "properties": {"name": "성수동1가 656-613", "status": "high", "capacity": 3, "active": 1, "industry": "", "vacancy_rate": 66.7, "source": "pip_only", "capacity_method": "floor_approx", "active_pip": 0, "licensed": 1, "id": "1120011400106560613-1", "pnu": "1120011400106560613", "floors": 3, "height": 9.2}}, {"type": "Feature", "geometry": {"type": "Polygon", "coordinates": [[[127.04684423, 37.542134], [127.04688964, 37.54219363], [127.04697244, 37.54215278], [127.04693688, 37.54209504], [127.04684423, 37.542134]]]}, "properties": {"name": "성수동1가 656-1008", "status": "full", "capacity": 2, "active": 2, "industry": "한식", "vacancy_rate": 0.0, "vacancy_rate_lo": 0.0, "vacancy_rate_hi": 100.0, "stores": 1, "source": "stores+ledger", "capacity_method": "floor_ouln", "active_pip": 0, "licensed": 1, "id": "1120011400106561008-1", "pnu": "1120011400106561008", "floors": 2, "height": 7.6}}, {"type": "Feature", "geometry": {"type": "Polygon", "coordinates": [[[127.04715738, 37.54239977], [127.04726666, 37.54235503], [127.04720447, 37.54226478], [127.04709904, 37.54231167], [127.04715738, 37.54239977]]]}, "properties": {"name": "성수동1가 656-1002", "status": "empty", "capacity": 4, "active": 0, "industry": "", "vacancy_rate": 100.0, "source": "polygon_only", "capacity_method": "floor_approx", "active_pip": 0, "licensed": 0, "id": "1120011400106561002-1", "pnu": "1120011400106561002", "floors": 4, "height": 13.8}}, {"type": "Feature", "geometry": {"type": "Polygon", "coordinates": [[[127.04541222, 37.54203969], [127.04535859, 37.54205493], [127.04536709, 37.54207493], [127.04542026, 37.54205942], [127.04541222, 37.54203969]]]}, "properties": {"name": "대림로즈빌", "status": "high", "capacity": 30, "active": 3, "industry": "한식", "vacancy_rate": 90.0, "vacancy_rate_lo": null, "vacancy_rate_hi": null, "stores": 3, "source": "stores+ledger", "capacity_method": "expos_units", "active_pip": 0, "licensed": 0, "id": "1120011400106560234-8", "pnu": "1120011400106560234", "floors": 0, "height": 0.0}}, {"type": "Feature", "geometry": {"type": "Polygon", "coordinates": [[[127.0450288, 37.54232158], [127.04545383, 37.54218608], [127.04540965, 37.54209555], [127.04498099, 37.54223366], [127.0450288, 37.54232158]]]}, "properties": {"name": "대림로즈빌", "status": "high", "capacity": 30, "active": 3, "industry": "한식", "vacancy_rate": 90.0, "vacancy_rate_lo": null, "vacancy_rate_hi": null, "stores": 3, "source": "stores+ledger", "capacity_method": "expos_units", "active_pip": 0, "licensed": 0, "id": "1120011400106560234-9", "pnu": "1120011400106560234", "floors": 15, "height": 40.1}}, {"type": "Feature", "geometry": {"type": "Polygon", "coordinates": [[[127.04450316, 37.54207094], [127.0444958, 37.54205688], [127.04445383, 37.54207024], [127.04446266, 37.54208456], [127.04450316, 37.54207094]]]}, "properties": {"name": "메가박스스퀘어", "status": "full", "capacity": 8, "active": 8, "industry": "한식", "vacancy_rate": 0.0, "vacancy_rate_lo": 0.0, "vacancy_rate_hi": 62.5, "stores": 17, "source": "stores+ledger", "capacity_method": "floor_ouln", "active_pip": 0, "licensed": 7, "id": "1120011400106560335-1", "pnu": "1120011400106560335", "floors": 3, "height": 0.0}}, {"type": "Feature", "geometry": {"type": "Polygon", "coordinates": [[[127.04537185, 37.5419069], [127.04532348, 37.54181483], [127.04508624, 37.54189232], [127.04513484, 37.54198906], [127.04537185, 37.5419069]]]}, "properties": {"name": "메가박스스퀘어", "status": "full", "capacity": 8, "active": 8, "industry": "한식", "vacancy_rate": 0.0, "vacancy_rate_lo": 0.0, "vacancy_rate_hi": 62.5, "stores": 17, "source": "stores+ledger", "capacity_method": "floor_ouln", "active_pip": 0, "licensed": 7, "id": "1120011400106560335-2", "pnu": "1120011400106560335", "floors": 1, "height": 4.0}}, {"type": "Feature", "geometry": {"type": "Polygon", "coordinates": [[[127.04477511, 37.54195209], [127.04527684, 37.54178476], [127.04520389, 37.5416427], [127.04469491, 37.54180687], [127.04477511, 37.54195209]]]}, "properties": {"name": "메가박스스퀘어", "status": "full", "capacity": 8, "active": 8, "industry": "한식", "vacancy_rate": 0.0, "vacancy_rate_lo": 0.0, "vacancy_rate_hi": 62.5, "stores": 17, "source": "stores+ledger", "capacity_method": "floor_ouln", "active_pip": 0, "licensed": 7, "id": "1120011400106560335-3", "pnu": "1120011400106560335", "floors": 1, "height": 4.0}}, {"type": "Feature", "geometry": {"type": "Polygon", "coordinates": [[[127.04449961, 37.54219302], [127.04462293, 37.54215739], [127.04456821, 37.54205199], [127.04445418, 37.54209141], [127.04449961, 37.54219302]]]}, "properties": {"name": "메가박스스퀘어", "status": "full", "capacity": 8, "active": 8, "industry": "한식", "vacancy_rate": 0.0, "vacancy_rate_lo": 0.0, "vacancy_rate_hi": 62.5, "stores": 17, "source": "stores+ledger", "capacity_method": "floor_ouln", "active_pip": 0, "licensed": 7, "id": "1120011400106560335-4", "pnu": "1120011400106560335", "floors": 4, "height": 0.0}}, {"type": "Feature", "geometry": {"type": "Polygon", "coordinates": [[[127.04560368, 37.54246921], [127.04558216, 37.54243561], [127.04505554, 37.54265746], [127.04507819, 37.54269791], [127.04560368, 37.54246921]]]}, "properties": {"name": "FORHU", "status": "full", "capacity": 24, "active": 24, "industry": "기타 교육", "vacancy_rate": 0.0, "vacancy_rate_lo": null, "vacancy_rate_hi": null, "stores": 24, "source": "stores+ledger", "capacity_method": "expos_units", "active_pip": 0, "licensed": 0, "id": "1120011400106560003-2", "pnu": "1120011400106560003", "floors": 0, "height": 0.0}}, {"type": "Feature", "geometry": {"type": "Polygon", "coordinates": [[[127.0452748, 37.54177854], [127.04554304, 37.54169581], [127.04547891, 37.5415642], [127.04520853, 37.54164405], [127.0452748, 37.54177854]]]}, "properties": {"name": "메가박스스퀘어", "status": "full", "capacity": 8, "active": 8, "industry": "한식", "vacancy_rate": 0.0, "vacancy_rate_lo": 0.0, "vacancy_rate_hi": 62.5, "stores": 17, "source": "stores+ledger", "capacity_method": "floor_ouln", "active_pip": 0, "licensed": 7, "id": "1120011400106560335-5", "pnu": "1120011400106560335", "floors": 3, "height": 12.0}}, {"type": "Feature", "geometry": {"type": "Polygon", "coordinates": [[[127.04556927, 37.54184438], [127.04552179, 37.54174105], [127.04532936, 37.54180834], [127.04537728, 37.54190455], [127.04556927, 37.54184438]]]}, "properties": {"name": "메가박스스퀘어", "status": "full", "capacity": 8, "active": 8, "industry": "한식", "vacancy_rate": 0.0, "vacancy_rate_lo": 0.0, "vacancy_rate_hi": 62.5, "stores": 17, "source": "stores+ledger", "capacity_method": "floor_ouln", "active_pip": 0, "licensed": 7, "id": "1120011400106560335-6", "pnu": "1120011400106560335", "floors": 1, "height": 4.0}}, {"type": "Feature", "geometry": {"type": "Polygon", "coordinates": [[[127.04511481, 37.54199042], [127.04506496, 37.54187421], [127.04478054, 37.54195569], [127.04479176, 37.54198127], [127.04464515, 37.54203403], [127.0446891, 37.54212511], [127.04511481, 37.54199042]]]}, "properties": {"name": "메가박스스퀘어", "status": "full", "capacity": 8, "active": 8, "industry": "한식", "vacancy_rate": 0.0, "vacancy_rate_lo": 0.0, "vacancy_rate_hi": 62.5, "stores": 17, "source": "stores+ledger", "capacity_method": "floor_ouln", "active_pip": 0, "licensed": 7, "id": "1120011400106560335-7", "pnu": "1120011400106560335", "floors": 1, "height": 4.0}}, {"type": "Feature", "geometry": {"type": "Polygon", "coordinates": [[[127.0484577, 37.54198262], [127.0484721, 37.54203487], [127.04856544, 37.54201564], [127.04854719, 37.54196077], [127.0484577, 37.54198262]]]}, "properties": {"name": "휴休빌딩", "status": "partial", "capacity": 4, "active": 2, "industry": "애완동물·용품 소매", "vacancy_rate": 50.0, "vacancy_rate_lo": 50.0, "vacancy_rate_hi": 50.0, "stores": 2, "source": "stores+ledger", "capacity_method": "floor_ouln", "active_pip": 0, "licensed": 0, "id": "1120011400106560059-1", "pnu": "1120011400106560059", "floors": 5, "height": 14.4}}, {"type": "Feature", "geometry": {"type": "Polygon", "coordinates": [[[127.04841157, 37.54188362], [127.04849869, 37.54185988], [127.04847556, 37.54179754], [127.04838935, 37.54181921], [127.04841157, 37.54188362]]]}, "properties": {"name": "성수동1가 656-94", "status": "high", "capacity": 3, "active": 1, "industry": "", "vacancy_rate": 66.7, "source": "pip_only", "capacity_method": "floor_approx", "active_pip": 0, "licensed": 1, "id": "1120011400106560094-1", "pnu": "1120011400106560094", "floors": 3, "height": 10.55}}, {"type": "Feature", "geometry": {"type": "Polygon", "coordinates": [[[127.04841963, 37.54190965], [127.04844592, 37.54197181], [127.04853654, 37.54194879], [127.04851297, 37.5418924], [127.04846896, 37.54190062], [127.0484685, 37.54189297], [127.04841963, 37.54190965]]]}, "properties": {"name": "성수동1가 656-93", "status": "full", "capacity": 2, "active": 2, "industry": "기타 간이", "vacancy_rate": 0.0, "vacancy_rate_lo": 0.0, "vacancy_rate_hi": 0.0, "stores": 2, "source": "stores+ledger", "capacity_method": "floor_ouln", "active_pip": 0, "licensed": 2, "id": "1120011400106560093-1", "pnu": "1120011400106560093", "floors": 4, "height": 12.6}}, {"type": "Feature", "geometry": {"type": "Polygon", "coordinates": [[[127.04834859, 37.54194743], [127.04841071, 37.541932], [127.04838122, 37.54185165], [127.04831629, 37.54186951], [127.04834859, 37.54194743]]]}, "properties": {"name": "성수동1가 656-102", "status": "full", "capacity": 2, "active": 2, "industry": "기타 교육", "vacancy_rate": 0.0, "vacancy_rate_lo": 0.0, "vacancy_rate_hi": 100.0, "stores": 1, "source": "stores+ledger", "capacity_method": "floor_ouln", "active_pip": 0, "licensed": 1, "id": "1120011400106560102-1", "pnu": "1120011400106560102", "floors": 2, "height": 7.8}}, {"type": "Feature", "geometry": {"type": "Polygon", "coordinates": [[[127.04838448, 37.54180893], [127.04847239, 37.54178943], [127.04845141, 37.54172646], [127.04835921, 37.54174767], [127.04838448, 37.54180893]]]}, "properties": {"name": "성수동1가 656-95", "status": "partial", "capacity": 2, "active": 1, "industry": "기타 간이", "vacancy_rate": 50.0, "vacancy_rate_lo": 50.0, "vacancy_rate_hi": 50.0, "stores": 1, "source": "stores+ledger", "capacity_method": "floor_ouln", "active_pip": 0, "licensed": 0, "id": "1120011400106560095-1", "pnu": "1120011400106560095", "floors": 5, "height": 16.8}}, {"type": "Feature", "geometry": {"type": "Polygon", "coordinates": [[[127.04523793, 37.54611155], [127.04535436, 37.54609718], [127.04533526, 37.54593303], [127.04520817, 37.54594308], [127.04523793, 37.54611155]]]}, "properties": {"name": "성수동1가 660-2", "status": "full", "capacity": 2, "active": 2, "industry": "주점", "vacancy_rate": 0.0, "vacancy_rate_lo": 0.0, "vacancy_rate_hi": 0.0, "stores": 1, "source": "stores+ledger", "capacity_method": "floor_ouln", "active_pip": 0, "licensed": 1, "id": "1120011400106600002-1", "pnu": "1120011400106600002", "floors": 3, "height": 9.8}}, {"type": "Feature", "geometry": {"type": "Polygon", "coordinates": [[[127.04550291, 37.54623192], [127.04549337, 37.54618182], [127.04534459, 37.54621792], [127.04535174, 37.54625305], [127.04550291, 37.54623192]]]}, "properties": {"name": "와이지포레스트", "status": "full", "capacity": 2, "active": 2, "industry": "오락용품 소매", "vacancy_rate": 0.0, "vacancy_rate_lo": null, "vacancy_rate_hi": null, "stores": 2, "source": "stores+ledger", "capacity_method": "expos_units", "active_pip": 0, "licensed": 0, "id": "1120011400106560449-7", "pnu": "1120011400106560449", "floors": 1, "height": 4.0}}, {"type": "Feature", "geometry": {"type": "Polygon", "coordinates": [[[127.04536273, 37.54608862], [127.04549758, 37.5460236], [127.04549157, 37.545999], [127.04541633, 37.54601796], [127.04533054, 37.54581563], [127.04532115, 37.54581834], [127.04536273, 37.54608862]]]}, "properties": {"name": "성수동1가 656-345", "status": "partial", "capacity": 3, "active": 2, "industry": "유원지·오락", "vacancy_rate": 33.3, "vacancy_rate_lo": 33.3, "vacancy_rate_hi": 100.0, "stores": 2, "source": "stores+ledger", "capacity_method": "floor_ouln", "active_pip": 0, "licensed": 0, "id": "1120011400106560345-3", "pnu": "1120011400106560345", "floors": 0, "height": 0.0}}, {"type": "Feature", "geometry": {"type": "Polygon", "coordinates": [[[127.04489386, 37.54619304], [127.04497488, 37.5461822], [127.04496611, 37.54607741], [127.04488656, 37.54608699], [127.04489386, 37.54619304]]]}, "properties": {"name": "제", "status": "full", "capacity": 4, "active": 4, "industry": "비알코올 ", "vacancy_rate": 0.0, "vacancy_rate_lo": 0.0, "vacancy_rate_hi": 0.0, "stores": 7, "source": "stores+ledger", "capacity_method": "floor_ouln", "active_pip": 0, "licensed": 3, "id": "1120011400106610002-1", "pnu": "1120011400106610002", "floors": 4, "height": 0.0}}, {"type": "Feature", "geometry": {"type": "Polygon", "coordinates": [[[127.0452291, 37.5459328], [127.04533004, 37.54592114], [127.04531038, 37.54579248], [127.04520345, 37.54580496], [127.0452291, 37.5459328]]]}, "properties": {"name": "성수동1가 656-498", "status": "full", "capacity": 1, "active": 1, "industry": "섬유·의복·신발 소매", "vacancy_rate": 0.0, "vacancy_rate_lo": 0.0, "vacancy_rate_hi": 0.0, "stores": 2, "source": "stores+ledger", "capacity_method": "floor_ouln", "active_pip": 0, "licensed": 0, "id": "1120011400106560498-2", "pnu": "1120011400106560498", "floors": 4, "height": 0.0}}, {"type": "Feature", "geometry": {"type": "Polygon", "coordinates": [[[127.04540104, 37.54564071], [127.04530771, 37.54566805], [127.04533144, 37.54580779], [127.0453711, 37.54589363], [127.04553697, 37.54585249], [127.04552881, 37.54582735], [127.0454986, 37.54583151], [127.04545949, 37.54574025], [127.04543743, 37.54574233], [127.04540104, 37.54564071]]]}, "properties": {"name": "성수동1가 656-345", "status": "partial", "capacity": 3, "active": 2, "industry": "유원지·오락", "vacancy_rate": 33.3, "vacancy_rate_lo": 33.3, "vacancy_rate_hi": 100.0, "stores": 2, "source": "stores+ledger", "capacity_method": "floor_ouln", "active_pip": 0, "licensed": 0, "id": "1120011400106560345-4", "pnu": "1120011400106560345", "floors": 0, "height": 0.0}}, {"type": "Feature", "geometry": {"type": "Polygon", "coordinates": [[[127.04518037, 37.54541762], [127.04516641, 37.54535906], [127.04501163, 37.54538931], [127.04501968, 37.54541138], [127.04498381, 37.54541878], [127.04499072, 37.54544743], [127.04518037, 37.54541762]]]}, "properties": {"name": "성수동1가 658-1", "status": "full", "capacity": 1, "active": 1, "industry": "자동차 수리·세차", "vacancy_rate": 0.0, "vacancy_rate_lo": 0.0, "vacancy_rate_hi": 0.0, "stores": 4, "source": "stores+ledger", "capacity_method": "floor_ouln", "active_pip": 0, "licensed": 0, "id": "1120011400106580001-4", "pnu": "1120011400106580001", "floors": 0, "height": 0.0}}, {"type": "Feature", "geometry": {"type": "Polygon", "coordinates": [[[127.04500069, 37.54525794], [127.04507526, 37.5452644], [127.04509421, 37.54515321], [127.04517489, 37.54516183], [127.04520511, 37.54498568], [127.04510214, 37.54497733], [127.04508679, 37.54504888], [127.04502297, 37.54504782], [127.04500069, 37.54525794]]]}, "properties": {"name": "성수동1가 658-1", "status": "full", "capacity": 1, "active": 1, "industry": "자동차 수리·세차", "vacancy_rate": 0.0, "vacancy_rate_lo": 0.0, "vacancy_rate_hi": 0.0, "stores": 4, "source": "stores+ledger", "capacity_method": "floor_ouln", "active_pip": 0, "licensed": 0, "id": "1120011400106580001-5", "pnu": "1120011400106580001", "floors": 0, "height": 0.0}}, {"type": "Feature", "geometry": {"type": "Polygon", "coordinates": [[[127.0452074, 37.54614994], [127.04520045, 37.54606246], [127.04497007, 37.54608201], [127.04497861, 37.54618021], [127.0452074, 37.54614994]]]}, "properties": {"name": "성수동1가 660-10", "status": "full", "capacity": 1, "active": 1, "industry": "", "vacancy_rate": 0.0, "source": "pip_only", "capacity_method": "floor_approx", "active_pip": 0, "licensed": 1, "id": "1120011400106600010-1", "pnu": "1120011400106600010", "floors": 1, "height": 0.0}}, {"type": "Feature", "geometry": {"type": "Polygon", "coordinates": [[[127.04536875, 37.54612997], [127.04535957, 37.54610286], [127.04523816, 37.5461193], [127.04524338, 37.5461484], [127.04536875, 37.54612997]]]}, "properties": {"name": "성수동1가 660-2", "status": "full", "capacity": 2, "active": 2, "industry": "주점", "vacancy_rate": 0.0, "vacancy_rate_lo": 0.0, "vacancy_rate_hi": 0.0, "stores": 1, "source": "stores+ledger", "capacity_method": "floor_ouln", "active_pip": 0, "licensed": 1, "id": "1120011400106600002-2", "pnu": "1120011400106600002", "floors": 0, "height": 0.0}}, {"type": "Feature", "geometry": {"type": "Polygon", "coordinates": [[[127.04519078, 37.54540942], [127.04553463, 37.54534937], [127.04551182, 37.54526163], [127.04516786, 37.54532762], [127.04519078, 37.54540942]]]}, "properties": {"name": "성수동1가 658-1", "status": "full", "capacity": 1, "active": 1, "industry": "자동차 수리·세차", "vacancy_rate": 0.0, "vacancy_rate_lo": 0.0, "vacancy_rate_hi": 0.0, "stores": 4, "source": "stores+ledger", "capacity_method": "floor_ouln", "active_pip": 0, "licensed": 0, "id": "1120011400106580001-6", "pnu": "1120011400106580001", "floors": 0, "height": 0.0}}, {"type": "Feature", "geometry": {"type": "Polygon", "coordinates": [[[127.0453829, 37.54612609], [127.04540145, 37.54612419], [127.04581753, 37.54591545], [127.04559702, 37.54597581], [127.04536986, 37.54609492], [127.0453829, 37.54612609]]]}, "properties": {"name": "성수동1가 656-345", "status": "partial", "capacity": 3, "active": 2, "industry": "유원지·오락", "vacancy_rate": 33.3, "vacancy_rate_lo": 33.3, "vacancy_rate_hi": 100.0, "stores": 2, "source": "stores+ledger", "capacity_method": "floor_ouln", "active_pip": 0, "licensed": 0, "id": "1120011400106560345-5", "pnu": "1120011400106560345", "floors": 0, "height": 0.0}}, {"type": "Feature", "geometry": {"type": "Polygon", "coordinates": [[[127.04547252, 37.5455696], [127.04549066, 37.54562383], [127.04560629, 37.54560775], [127.04561718, 37.54563982], [127.04574514, 37.54560941], [127.04573686, 37.54557761], [127.04566578, 37.54555016], [127.04556564, 37.54555109], [127.04547252, 37.5455696]]]}, "properties": {"name": "성수동1가 656-345", "status": "partial", "capacity": 3, "active": 2, "industry": "유원지·오락", "vacancy_rate": 33.3, "vacancy_rate_lo": 33.3, "vacancy_rate_hi": 100.0, "stores": 2, "source": "stores+ledger", "capacity_method": "floor_ouln", "active_pip": 0, "licensed": 0, "id": "1120011400106560345-6", "pnu": "1120011400106560345", "floors": 0, "height": 0.0}}, {"type": "Feature", "geometry": {"type": "Polygon", "coordinates": [[[127.04543236, 37.54521543], [127.0455816, 37.54519213], [127.04556277, 37.54512843], [127.0455768, 37.54512672], [127.04551953, 37.54490851], [127.04549962, 37.54491104], [127.04548204, 37.54484141], [127.04534253, 37.54486669], [127.04543236, 37.54521543]]]}, "properties": {"name": "성수동1가 658-1", "status": "full", "capacity": 1, "active": 1, "industry": "자동차 수리·세차", "vacancy_rate": 0.0, "vacancy_rate_lo": 0.0, "vacancy_rate_hi": 0.0, "stores": 4, "source": "stores+ledger", "capacity_method": "floor_ouln", "active_pip": 0, "licensed": 0, "id": "1120011400106580001-7", "pnu": "1120011400106580001", "floors": 2, "height": 3.7}}, {"type": "Feature", "geometry": {"type": "Polygon", "coordinates": [[[127.04761223, 37.54593339], [127.04760374, 37.54591879], [127.04758274, 37.54592695], [127.04759413, 37.54594276], [127.04761223, 37.54593339]]]}, "properties": {"name": "성수동1가 656-1571", "status": "high", "capacity": 10, "active": 2, "industry": "서양식", "vacancy_rate": 80.0, "vacancy_rate_lo": 80.0, "vacancy_rate_hi": 100.0, "stores": 1, "source": "stores+ledger", "capacity_method": "floor_ouln", "active_pip": 0, "licensed": 1, "id": "1120011400106561571-3", "pnu": "1120011400106561571", "floors": 0, "height": 0.0}}, {"type": "Feature", "geometry": {"type": "Polygon", "coordinates": [[[127.04650038, 37.545396], [127.04653454, 37.54548056], [127.04667435, 37.54544476], [127.04664019, 37.54536019], [127.04650038, 37.545396]]]}, "properties": {"name": "성수동1가 656-600", "status": "empty", "capacity": 6, "active": 0, "industry": "", "vacancy_rate": 100.0, "source": "polygon_only", "capacity_method": "floor_approx", "active_pip": 0, "licensed": 0, "id": "1120011400106560600-1", "pnu": "1120011400106560600", "floors": 6, "height": 17.5}}, {"type": "Feature", "geometry": {"type": "Polygon", "coordinates": [[[127.04669968, 37.5458742], [127.04677956, 37.54585398], [127.04676426, 37.5458103], [127.04668279, 37.54582529], [127.04669968, 37.5458742]]]}, "properties": {"name": "성수동1가 656-1198", "status": "empty", "capacity": 4, "active": 0, "industry": "", "vacancy_rate": 100.0, "source": "polygon_only", "capacity_method": "floor_approx", "active_pip": 0, "licensed": 0, "id": "1120011400106561198-1", "pnu": "1120011400106561198", "floors": 4, "height": 13.5}}, {"type": "Feature", "geometry": {"type": "Polygon", "coordinates": [[[127.04118615, 37.546947], [127.04116417, 37.54689466], [127.04114347, 37.54690017], [127.04112477, 37.54686134], [127.04105191, 37.54687497], [127.04110073, 37.54696829], [127.04118615, 37.546947]]]}, "properties": {"name": "성수동1가 685-290", "status": "full", "capacity": 2, "active": 2, "industry": "기타 간이", "vacancy_rate": 0.0, "vacancy_rate_lo": null, "vacancy_rate_hi": null, "stores": 2, "source": "stores+ledger", "capacity_method": "expos_units", "active_pip": 0, "licensed": 2, "id": "1120011400106850290-1", "pnu": "1120011400106850290", "floors": 2, "height": 6.2}}, {"type": "Feature", "geometry": {"type": "Polygon", "coordinates": [[[127.04219386, 37.55056478], [127.04217367, 37.55069238], [127.04225029, 37.55070189], [127.0422556, 37.55067945], [127.04223511, 37.55067514], [127.04224222, 37.5506381], [127.04226836, 37.5506408], [127.04227209, 37.55062953], [127.04228001, 37.55062998], [127.04228655, 37.55057547], [127.04219386, 37.55056478]]]}, "properties": {"name": "성수동1가 670-147", "status": "empty", "capacity": 10, "active": 0, "industry": "", "vacancy_rate": 100.0, "source": "polygon_only", "capacity_method": "floor_approx", "active_pip": 0, "licensed": 0, "id": "1120011400106700147-1", "pnu": "1120011400106700147", "floors": 10, "height": 35.7}}, {"type": "Feature", "geometry": {"type": "Polygon", "coordinates": [[[127.04298671, 37.54861033], [127.04308946, 37.54861569], [127.04309497, 37.54854955], [127.04299176, 37.54854238], [127.04298671, 37.54861033]]]}, "properties": {"name": "성수동1가 685-392", "status": "empty", "capacity": 2, "active": 0, "industry": "", "vacancy_rate": 100.0, "source": "polygon_only", "capacity_method": "floor_approx", "active_pip": 0, "licensed": 0, "id": "1120011400106850392-1", "pnu": "1120011400106850392", "floors": 2, "height": 0.0}}, {"type": "Feature", "geometry": {"type": "Polygon", "coordinates": [[[127.04241132, 37.54849601], [127.04252233, 37.54850264], [127.04252761, 37.54842515], [127.04241716, 37.54841951], [127.04241132, 37.54849601]]]}, "properties": {"name": "성수동1가 685-303", "status": "high", "capacity": 4, "active": 1, "industry": "가구 소매", "vacancy_rate": 75.0, "vacancy_rate_lo": null, "vacancy_rate_hi": null, "stores": 1, "source": "stores+ledger", "capacity_method": "floor_approx", "active_pip": 0, "licensed": 0, "id": "1120011400106850303-1", "pnu": "1120011400106850303", "floors": 2, "height": 0.0}}, {"type": "Feature", "geometry": {"type": "Polygon", "coordinates": [[[127.04282827, 37.54859795], [127.04282592, 37.54864723], [127.04295142, 37.54865196], [127.04295567, 37.54856825], [127.04290113, 37.5485662], [127.04290092, 37.54858593], [127.04285825, 37.5485855], [127.04285781, 37.54859758], [127.04282827, 37.54859795]]]}, "properties": {"name": "성수동1가 685-299", "status": "empty", "capacity": 1, "active": 0, "industry": "", "vacancy_rate": 100.0, "source": "polygon_only", "capacity_method": "floor_approx", "active_pip": 0, "licensed": 0, "id": "1120011400106850299-1", "pnu": "1120011400106850299", "floors": 1, "height": 0.0}}, {"type": "Feature", "geometry": {"type": "Polygon", "coordinates": [[[127.04289341, 37.54846022], [127.04288526, 37.54854068], [127.04298735, 37.54854977], [127.04298925, 37.54850995], [127.04291796, 37.54850647], [127.04292313, 37.54846276], [127.04289341, 37.54846022]]]}, "properties": {"name": "성수동1가 685-291", "status": "partial", "capacity": 4, "active": 2, "industry": "기타 간이", "vacancy_rate": 50.0, "vacancy_rate_lo": 50.0, "vacancy_rate_hi": 50.0, "stores": 2, "source": "stores+ledger", "capacity_method": "floor_ouln", "active_pip": 0, "licensed": 1, "id": "1120011400106850291-1", "pnu": "1120011400106850291", "floors": 2, "height": 0.0}}, {"type": "Feature", "geometry": {"type": "Polygon", "coordinates": [[[127.04305828, 37.54812502], [127.0429312, 37.54811515], [127.04293032, 37.54815471], [127.04292081, 37.54815489], [127.04291788, 37.54818273], [127.04293203, 37.54818264], [127.04293012, 37.54821282], [127.04305098, 37.54821638], [127.04305828, 37.54812502]]]}, "properties": {"name": "성수동1가 685-297", "status": "full", "capacity": 2, "active": 2, "industry": "이용·미용", "vacancy_rate": 0.0, "vacancy_rate_lo": 0.0, "vacancy_rate_hi": 50.0, "stores": 2, "source": "stores+ledger", "capacity_method": "floor_ouln", "active_pip": 0, "licensed": 1, "id": "1120011400106850297-1", "pnu": "1120011400106850297", "floors": 4, "height": 14.6}}, {"type": "Feature", "geometry": {"type": "Polygon", "coordinates": [[[127.04104955, 37.5483381], [127.04101514, 37.54833694], [127.04101436, 37.54834496], [127.04100338, 37.54834631], [127.04100305, 37.54835821], [127.04101278, 37.54835955], [127.04101222, 37.54837829], [127.04104684, 37.5483654], [127.04104955, 37.5483381]]]}, "properties": {"name": "성수동1가 676-5", "status": "full", "capacity": 4, "active": 4, "industry": "", "vacancy_rate": 0.0, "source": "pip_only", "capacity_method": "floor_approx", "active_pip": 4, "licensed": 2, "id": "1120011400106760005-1", "pnu": "1120011400106760005", "floors": 0, "height": 0.0}}, {"type": "Feature", "geometry": {"type": "Polygon", "coordinates": [[[127.04239182, 37.5480882], [127.04238916, 37.54814923], [127.04254262, 37.54815395], [127.04254631, 37.54809375], [127.04239182, 37.5480882]]]}, "properties": {"name": "성수동1가 685-307", "status": "full", "capacity": 2, "active": 2, "industry": "비알코올 ", "vacancy_rate": 0.0, "vacancy_rate_lo": 0.0, "vacancy_rate_hi": 0.0, "stores": 3, "source": "stores+ledger", "capacity_method": "floor_ouln", "active_pip": 0, "licensed": 3, "id": "1120011400106850307-1", "pnu": "1120011400106850307", "floors": 4, "height": 13.05}}, {"type": "Feature", "geometry": {"type": "Polygon", "coordinates": [[[127.0426937, 37.54856178], [127.04269282, 37.54862421], [127.04270935, 37.5486252], [127.04270914, 37.54863962], [127.04281687, 37.54864363], [127.04281978, 37.54859543], [127.04278697, 37.54859382], [127.04278775, 37.54858129], [127.0427513, 37.54857986], [127.04275216, 37.54856394], [127.0426937, 37.54856178]]]}, "properties": {"name": "성수동1가 685-300", "status": "high", "capacity": 4, "active": 1, "industry": "섬유·의복·신발 소매", "vacancy_rate": 75.0, "vacancy_rate_lo": 75.0, "vacancy_rate_hi": 100.0, "stores": 1, "source": "stores+ledger", "capacity_method": "floor_ouln", "active_pip": 0, "licensed": 0, "id": "1120011400106850300-1", "pnu": "1120011400106850300", "floors": 1, "height": 0.0}}, {"type": "Feature", "geometry": {"type": "Polygon", "coordinates": [[[127.04267768, 37.54826048], [127.04267846, 37.54823121], [127.04270902, 37.54823497], [127.04271103, 37.54819695], [127.04272212, 37.5481964], [127.04273011, 37.5481154], [127.04260348, 37.54810608], [127.04258829, 37.54825827], [127.04267768, 37.54826048]]]}, "properties": {"name": "성수동1가 685-308", "status": "empty", "capacity": 9, "active": 0, "industry": "", "vacancy_rate": 100.0, "source": "polygon_only", "capacity_method": "floor_approx", "active_pip": 0, "licensed": 0, "id": "1120011400106850308-1", "pnu": "1120011400106850308", "floors": 9, "height": 27.95}}, {"type": "Feature", "geometry": {"type": "Polygon", "coordinates": [[[127.04155772, 37.54806312], [127.04161538, 37.54816932], [127.04170306, 37.54814145], [127.04166138, 37.54806263], [127.04155772, 37.54806312]]]}, "properties": {"name": "성수동1가 685-405", "status": "empty", "capacity": 4, "active": 0, "industry": "", "vacancy_rate": 100.0, "source": "polygon_only", "capacity_method": "floor_approx", "active_pip": 0, "licensed": 0, "id": "1120011400106850405-1", "pnu": "1120011400106850405", "floors": 4, "height": 12.5}}, {"type": "Feature", "geometry": {"type": "Polygon", "coordinates": [[[127.0399381, 37.54819999], [127.03992844, 37.54833037], [127.03995967, 37.54833082], [127.03996045, 37.54830837], [127.04018384, 37.54831947], [127.04018124, 37.54833848], [127.04029565, 37.54834205], [127.04029657, 37.54836683], [127.04034987, 37.54836591], [127.04035011, 37.54838357], [127.04042558, 37.54838255], [127.04043085, 37.54828425], [127.04030151, 37.54828042], [127.04030375, 37.54824132], [127.04021152, 37.54823747], [127.04021207, 37.5482127], [127.0399381, 37.54819999]]]}, "properties": {"name": "성수동1가 676-5", "status": "high", "capacity": 15, "active": 4, "industry": "", "vacancy_rate": 73.3, "source": "pip_only", "capacity_method": "floor_approx", "active_pip": 4, "licensed": 2, "id": "1120011400106760005-2", "pnu": "1120011400106760005", "floors": 15, "height": 0.0}}, {"type": "Feature", "geometry": {"type": "Polygon", "coordinates": [[[127.04044819, 37.54811018], [127.04043636, 37.54821821], [127.04050788, 37.54822215], [127.04050753, 37.54820323], [127.04053424, 37.54820286], [127.04053515, 37.5482134], [127.04057679, 37.54821438], [127.04057701, 37.5482014], [127.04060542, 37.5482032], [127.04060656, 37.54823149], [127.04072991, 37.5482345], [127.04073228, 37.54821315], [127.04076045, 37.5482126], [127.04076023, 37.54822674], [127.04079724, 37.54822565], [127.04079463, 37.54821403], [127.04082733, 37.54821438], [127.04082385, 37.5482406], [127.04089547, 37.54824562], [127.04089465, 37.54819021], [127.04096912, 37.54819388], [127.04096775, 37.54817982], [127.04099435, 37.54817936], [127.0409939, 37.54818999], [127.04103091, 37.54819007], [127.04103249, 37.54817584], [127.04106972, 37.54817708], [127.04106362, 37.54820583], [127.04119308, 37.54821209], [127.04119319, 37.54819668], [127.04121831, 37.54819632], [127.04121922, 37.54820569], [127.04125781, 37.54820693], [127.04125995, 37.54819738], [127.04127919, 37.54819737], [127.04127954, 37.54821621], [127.04135977, 37.54821834], [127.04136877, 37.54811165], [127.04091236, 37.54808289], [127.0409073, 37.5481374], [127.04044819, 37.54811018]]]}, "properties": {"name": "성수동1가 676-5", "status": "high", "capacity": 15, "active": 4, "industry": "", "vacancy_rate": 73.3, "source": "pip_only", "capacity_method": "floor_approx", "active_pip": 4, "licensed": 2, "id": "1120011400106760005-3", "pnu": "1120011400106760005", "floors": 15, "height": 0.0}}, {"type": "Feature", "geometry": {"type": "Polygon", "coordinates": [[[127.0425776, 37.54837378], [127.04257423, 37.54842667], [127.04269837, 37.54843311], [127.04270794, 37.54833238], [127.04265599, 37.5483296], [127.04265138, 37.54837042], [127.0425776, 37.54837378]]]}, "properties": {"name": "성수동1가 685-310", "status": "full", "capacity": 2, "active": 2, "industry": "섬유·의복·신발 소매", "vacancy_rate": 0.0, "vacancy_rate_lo": 0.0, "vacancy_rate_hi": 100.0, "stores": 4, "source": "stores+ledger", "capacity_method": "floor_ouln", "active_pip": 0, "licensed": 1, "id": "1120011400106850310-1", "pnu": "1120011400106850310", "floors": 2, "height": 0.0}}, {"type": "Feature", "geometry": {"type": "Polygon", "coordinates": [[[127.04255648, 37.54864652], [127.04268356, 37.54864782], [127.04268624, 37.54859737], [127.04266293, 37.54859846], [127.04266213, 37.54858692], [127.04261732, 37.54858676], [127.04261641, 37.5485691], [127.04256232, 37.54857083], [127.04255648, 37.54864652]]]}, "properties": {"name": "성수동1가 685-301", "status": "empty", "capacity": 2, "active": 0, "industry": "", "vacancy_rate": 100.0, "source": "polygon_only", "capacity_method": "floor_approx", "active_pip": 0, "licensed": 0, "id": "1120011400106850301-1", "pnu": "1120011400106850301", "floors": 2, "height": 0.0}}, {"type": "Feature", "geometry": {"type": "Polygon", "coordinates": [[[127.04243103, 37.54992228], [127.04232657, 37.54991458], [127.04231757, 37.55000054], [127.04231273, 37.55004757], [127.04241118, 37.55005446], [127.0424193, 37.55000049], [127.04243103, 37.54992228]]]}, "properties": {"name": "성수동1가 671-23", "status": "empty", "capacity": 9, "active": 0, "industry": "", "vacancy_rate": 100.0, "source": "polygon_only", "capacity_method": "floor_approx", "active_pip": 0, "licensed": 0, "id": "1120011400106710023-1", "pnu": "1120011400106710023", "floors": 9, "height": 24.6}}, {"type": "Feature", "geometry": {"type": "Polygon", "coordinates": [[[127.040808, 37.5471958], [127.04077242, 37.54712196], [127.04068515, 37.54714585], [127.04068254, 37.54716224], [127.04070922, 37.54722125], [127.040808, 37.5471958]]]}, "properties": {"name": "일보빌딩", "status": "full", "capacity": 1, "active": 1, "industry": "안경·정밀기기 소매", "vacancy_rate": 0.0, "vacancy_rate_lo": 0.0, "vacancy_rate_hi": 0.0, "stores": 1, "source": "stores+ledger", "capacity_method": "floor_ouln", "active_pip": 0, "licensed": 0, "id": "1120011400106850423-1", "pnu": "1120011400106850423", "floors": 3, "height": 10.2}}, {"type": "Feature", "geometry": {"type": "Polygon", "coordinates": [[[127.04283783, 37.54633509], [127.04281438, 37.5462822], [127.04279028, 37.5462878], [127.04278053, 37.54626375], [127.04266309, 37.54629523], [127.04269017, 37.54635838], [127.042711, 37.54635315], [127.04271451, 37.54636847], [127.04283783, 37.54633509]]]}, "properties": {"name": "성수동1가 668-115", "status": "full", "capacity": 2, "active": 2, "industry": "", "vacancy_rate": 0.0, "source": "pip_only", "capacity_method": "floor_approx", "active_pip": 2, "licensed": 0, "id": "1120011400106680115-1", "pnu": "1120011400106680115", "floors": 2, "height": 7.5}}, {"type": "Feature", "geometry": {"type": "Polygon", "coordinates": [[[127.04245744, 37.54681023], [127.0426302, 37.54675538], [127.04259904, 37.54667818], [127.04249733, 37.54670876], [127.04248781, 37.54669038], [127.04241766, 37.54671068], [127.04245744, 37.54681023]]]}, "properties": {"name": "성수동1가 668-86", "status": "high", "capacity": 4, "active": 1, "industry": "스포츠 서비스", "vacancy_rate": 75.0, "vacancy_rate_lo": null, "vacancy_rate_hi": null, "stores": 1, "source": "stores+ledger", "capacity_method": "floor_approx", "active_pip": 0, "licensed": 0, "id": "1120011400106680086-1", "pnu": "1120011400106680086", "floors": 2, "height": 0.0}}, {"type": "Feature", "geometry": {"type": "Polygon", "coordinates": [[[127.04242445, 37.54851159], [127.04242348, 37.5485916], [127.04243977, 37.54859178], [127.04243459, 37.54863674], [127.04255262, 37.54864417], [127.0425561, 37.54858399], [127.04254127, 37.54858219], [127.04254103, 37.54855363], [127.04250403, 37.54855409], [127.04250299, 37.54851346], [127.04242445, 37.54851159]]]}, "properties": {"name": "성수동1가 685-302", "status": "empty", "capacity": 2, "active": 0, "industry": "", "vacancy_rate": 100.0, "source": "polygon_only", "capacity_method": "floor_approx", "active_pip": 0, "licensed": 0, "id": "1120011400106850302-1", "pnu": "1120011400106850302", "floors": 2, "height": 0.0}}, {"type": "Feature", "geometry": {"type": "Polygon", "coordinates": [[[127.04306477, 37.54797887], [127.04307679, 37.54784246], [127.04298705, 37.54784501], [127.04298795, 37.54782727], [127.04291564, 37.54782297], [127.04291282, 37.54783918], [127.04284322, 37.54783867], [127.04283759, 37.54788012], [127.04282197, 37.54787958], [127.04281172, 37.54797031], [127.04306477, 37.54797887]]]}, "properties": {"name": "성수동1가 685-383", "status": "full", "capacity": 2, "active": 2, "industry": "비알코올 ", "vacancy_rate": 0.0, "vacancy_rate_lo": 0.0, "vacancy_rate_hi": 0.0, "stores": 1, "source": "stores+ledger", "capacity_method": "floor_ouln", "active_pip": 0, "licensed": 0, "id": "1120011400106850383-1", "pnu": "1120011400106850383", "floors": 3, "height": 10.0}}, {"type": "Feature", "geometry": {"type": "Polygon", "coordinates": [[[127.04301785, 37.54846002], [127.04303127, 37.54838785], [127.04299223, 37.54838453], [127.04298873, 37.54839876], [127.04290544, 37.54839113], [127.04289834, 37.54845205], [127.04301785, 37.54846002]]]}, "properties": {"name": "성수동1가 685-293", "status": "partial", "capacity": 2, "active": 1, "industry": "종합 소매", "vacancy_rate": 50.0, "vacancy_rate_lo": 50.0, "vacancy_rate_hi": 50.0, "stores": 1, "source": "stores+ledger", "capacity_method": "floor_ouln", "active_pip": 0, "licensed": 1, "id": "1120011400106850293-1", "pnu": "1120011400106850293", "floors": 2, "height": 0.0}}, {"type": "Feature", "geometry": {"type": "Polygon", "coordinates": [[[127.03728678, 37.54652176], [127.03730139, 37.54655041], [127.03728725, 37.54655717], [127.03739182, 37.5468269], [127.03761766, 37.54677177], [127.0375201, 37.54650042], [127.03742562, 37.54651919], [127.0374109, 37.54649063], [127.03728678, 37.54652176]]]}, "properties": {"name": "성수동1가 685-6", "status": "empty", "capacity": 2, "active": 0, "industry": "", "vacancy_rate": 100.0, "source": "polygon_only", "capacity_method": "floor_approx", "active_pip": 0, "licensed": 0, "id": "1120011400106850006-5", "pnu": "1120011400106850006", "floors": 2, "height": 8.0}}, {"type": "Feature", "geometry": {"type": "Polygon", "coordinates": [[[127.04005162, 37.54695414], [127.04000387, 37.54696587], [127.04000013, 37.54695596], [127.0399156, 37.54698464], [127.03994756, 37.5470532], [127.04007926, 37.54701369], [127.04005162, 37.54695414]]]}, "properties": {"name": "성수동1가 685-508", "status": "empty", "capacity": 2, "active": 0, "industry": "", "vacancy_rate": 100.0, "source": "polygon_only", "capacity_method": "floor_approx", "active_pip": 0, "licensed": 0, "id": "1120011400106850508-1", "pnu": "1120011400106850508", "floors": 2, "height": 7.5}}, {"type": "Feature", "geometry": {"type": "Polygon", "coordinates": [[[127.04209507, 37.54675116], [127.04192422, 37.54679933], [127.04196728, 37.54690104], [127.04204705, 37.54688344], [127.04204024, 37.54685966], [127.04212544, 37.54683692], [127.04209507, 37.54675116]]]}, "properties": {"name": "성수동1가 668-97", "status": "partial", "capacity": 3, "active": 2, "industry": "섬유·의복·신발 소매", "vacancy_rate": 33.3, "vacancy_rate_lo": 33.3, "vacancy_rate_hi": 100.0, "stores": 2, "source": "stores+ledger", "capacity_method": "floor_ouln", "active_pip": 0, "licensed": 0, "id": "1120011400106680097-1", "pnu": "1120011400106680097", "floors": 3, "height": 0.0}}, {"type": "Feature", "geometry": {"type": "Polygon", "coordinates": [[[127.0413584, 37.54677512], [127.04132747, 37.54669908], [127.0412012, 37.5467376], [127.04121615, 37.54676147], [127.04117622, 37.5467732], [127.04119819, 37.54682076], [127.0413584, 37.54677512]]]}, "properties": {"name": "성수동1가 685-482", "status": "partial", "capacity": 4, "active": 2, "industry": "일반 숙박", "vacancy_rate": 50.0, "vacancy_rate_lo": 50.0, "vacancy_rate_hi": 50.0, "stores": 2, "source": "stores+ledger", "capacity_method": "floor_ouln", "active_pip": 0, "licensed": 1, "id": "1120011400106850482-1", "pnu": "1120011400106850482", "floors": 2, "height": 7.8}}, {"type": "Feature", "geometry": {"type": "Polygon", "coordinates": [[[127.04261571, 37.54712615], [127.04265513, 37.54721552], [127.04281138, 37.54716644], [127.04279483, 37.54711788], [127.04278623, 37.54712005], [127.04277003, 37.54707852], [127.04261571, 37.54712615]]]}, "properties": {"name": "성수동1가 668-78", "status": "full", "capacity": 2, "active": 2, "industry": "안경·정밀기기 소매", "vacancy_rate": 0.0, "vacancy_rate_lo": 0.0, "vacancy_rate_hi": 0.0, "stores": 3, "source": "stores+ledger", "capacity_method": "floor_ouln", "active_pip": 0, "licensed": 0, "id": "1120011400106680078-1", "pnu": "1120011400106680078", "floors": 2, "height": 0.0}}, {"type": "Feature", "geometry": {"type": "Polygon", "coordinates": [[[127.04256122, 37.54701832], [127.04260031, 37.54711967], [127.04276278, 37.54707041], [127.04272483, 37.54699015], [127.04269406, 37.54700169], [127.04268579, 37.54698602], [127.04256122, 37.54701832]]]}, "properties": {"name": "성수동1가 668-79", "status": "full", "capacity": 2, "active": 2, "industry": "한식", "vacancy_rate": 0.0, "vacancy_rate_lo": 0.0, "vacancy_rate_hi": 0.0, "stores": 3, "source": "stores+ledger", "capacity_method": "floor_ouln", "active_pip": 0, "licensed": 3, "id": "1120011400106680079-1", "pnu": "1120011400106680079", "floors": 2, "height": 7.4}}, {"type": "Feature", "geometry": {"type": "Polygon", "coordinates": [[[127.04112036, 37.54685287], [127.04110109, 37.54679873], [127.04107213, 37.54680613], [127.04106261, 37.54678748], [127.04099721, 37.54680453], [127.04098396, 37.54678624], [127.04092185, 37.54680852], [127.04096139, 37.54689437], [127.04112036, 37.54685287]]]}, "properties": {"name": "성수동1가 685-484", "status": "full", "capacity": 2, "active": 2, "industry": "기타 간이", "vacancy_rate": 0.0, "vacancy_rate_lo": 0.0, "vacancy_rate_hi": 100.0, "stores": 1, "source": "stores+ledger", "capacity_method": "floor_ouln", "active_pip": 0, "licensed": 1, "id": "1120011400106850484-1", "pnu": "1120011400106850484", "floors": 1, "height": 0.0}}, {"type": "Feature", "geometry": {"type": "Polygon", "coordinates": [[[127.0406998, 37.54696555], [127.04066321, 37.54688348], [127.04062214, 37.54689376], [127.04063528, 37.54692061], [127.04056887, 37.54694369], [127.04059107, 37.54699658], [127.0406998, 37.54696555]]]}, "properties": {"name": "성수동1가 685-451", "status": "empty", "capacity": 1, "active": 0, "industry": "", "vacancy_rate": 100.0, "source": "polygon_only", "capacity_method": "floor_approx", "active_pip": 0, "licensed": 0, "id": "1120011400106850451-1", "pnu": "1120011400106850451", "floors": 1, "height": 0.0}}, {"type": "Feature", "geometry": {"type": "Polygon", "coordinates": [[[127.0421601, 37.546888], [127.04229145, 37.54685182], [127.04225871, 37.54678147], [127.04221447, 37.5467895], [127.04220179, 37.546765], [127.04211727, 37.54679476], [127.0421601, 37.546888]]]}, "properties": {"name": "성수동1가 668-98", "status": "high", "capacity": 5, "active": 2, "industry": "섬유·의복·신발 소매", "vacancy_rate": 60.0, "vacancy_rate_lo": 60.0, "vacancy_rate_hi": 100.0, "stores": 2, "source": "stores+ledger", "capacity_method": "floor_ouln", "active_pip": 0, "licensed": 0, "id": "1120011400106680098-1", "pnu": "1120011400106680098", "floors": 2, "height": 0.0}}, {"type": "Feature", "geometry": {"type": "Polygon", "coordinates": [[[127.04067972, 37.54727793], [127.04065739, 37.54723009], [127.04064439, 37.54723128], [127.04063022, 37.54720469], [127.0405913, 37.54721535], [127.04058111, 37.54719868], [127.04052386, 37.54721555], [127.04056296, 37.54730762], [127.04067972, 37.54727793]]]}, "properties": {"name": "성수동1가 685-428", "status": "full", "capacity": 1, "active": 1, "industry": "비알코올 ", "vacancy_rate": 0.0, "vacancy_rate_lo": 0.0, "vacancy_rate_hi": 0.0, "stores": 1, "source": "stores+ledger", "capacity_method": "floor_ouln", "active_pip": 0, "licensed": 1, "id": "1120011400106850428-1", "pnu": "1120011400106850428", "floors": 2, "height": 8.3}}, {"type": "Feature", "geometry": {"type": "Polygon", "coordinates": [[[127.04292806, 37.5467997], [127.04295029, 37.54686591], [127.0430692, 37.54683226], [127.04304327, 37.54677054], [127.04292806, 37.5467997]]]}, "properties": {"name": "성수웨이브", "status": "full", "capacity": 4, "active": 4, "industry": "종합 소매", "vacancy_rate": 0.0, "vacancy_rate_lo": 0.0, "vacancy_rate_hi": 0.0, "stores": 6, "source": "stores+ledger", "capacity_method": "floor_ouln", "active_pip": 0, "licensed": 2, "id": "1120011400106680070-1", "pnu": "1120011400106680070", "floors": 4, "height": 12.92}}, {"type": "Feature", "geometry": {"type": "Polygon", "coordinates": [[[127.04284759, 37.54635472], [127.04270717, 37.54639352], [127.04275488, 37.54650522], [127.04289608, 37.54646445], [127.04284759, 37.54635472]]]}, "properties": {"name": "성수동1가 668-103", "status": "full", "capacity": 1, "active": 1, "industry": "섬유·의복·신발 소매", "vacancy_rate": 0.0, "vacancy_rate_lo": 0.0, "vacancy_rate_hi": 0.0, "stores": 1, "source": "stores+ledger", "capacity_method": "floor_ouln", "active_pip": 0, "licensed": 0, "id": "1120011400106680103-1", "pnu": "1120011400106680103", "floors": 4, "height": 12.3}}, {"type": "Feature", "geometry": {"type": "Polygon", "coordinates": [[[127.04282461, 37.54655538], [127.04286087, 37.54664853], [127.04296689, 37.54661993], [127.04292558, 37.5465295], [127.04282461, 37.54655538]]]}, "properties": {"name": "성수동1가 668-73", "status": "partial", "capacity": 2, "active": 1, "industry": "기타 간이", "vacancy_rate": 50.0, "vacancy_rate_lo": 50.0, "vacancy_rate_hi": 50.0, "stores": 1, "source": "stores+ledger", "capacity_method": "floor_ouln", "active_pip": 0, "licensed": 1, "id": "1120011400106680073-1", "pnu": "1120011400106680073", "floors": 2, "height": 0.0}}, {"type": "Feature", "geometry": {"type": "Polygon", "coordinates": [[[127.04298762, 37.54666327], [127.04287652, 37.54669727], [127.04290812, 37.54676411], [127.04300475, 37.54673191], [127.04299058, 37.54669651], [127.04300122, 37.54669218], [127.04298762, 37.54666327]]]}, "properties": {"name": "성수동1가 668-71", "status": "empty", "capacity": 3, "active": 0, "industry": "", "vacancy_rate": 100.0, "source": "polygon_only", "capacity_method": "floor_approx", "active_pip": 0, "licensed": 0, "id": "1120011400106680071-1", "pnu": "1120011400106680071", "floors": 3, "height": 10.2}}, {"type": "Feature", "geometry": {"type": "Polygon", "coordinates": [[[127.04268754, 37.54669698], [127.04284334, 37.54665692], [127.04280017, 37.54655819], [127.04266745, 37.54659274], [127.04265683, 37.54662329], [127.04268754, 37.54669698]]]}, "properties": {"name": "성수동1가 668-73", "status": "partial", "capacity": 2, "active": 1, "industry": "기타 간이", "vacancy_rate": 50.0, "vacancy_rate_lo": 50.0, "vacancy_rate_hi": 50.0, "stores": 1, "source": "stores+ledger", "capacity_method": "floor_ouln", "active_pip": 0, "licensed": 1, "id": "1120011400106680073-2", "pnu": "1120011400106680073", "floors": 5, "height": 14.9}}, {"type": "Feature", "geometry": {"type": "Polygon", "coordinates": [[[127.04302188, 37.54661451], [127.04315788, 37.54657463], [127.0431232, 37.54649022], [127.04299399, 37.54652604], [127.04301564, 37.54658253], [127.04301009, 37.54658316], [127.04302188, 37.54661451]]]}, "properties": {"name": "성수동1가 668-61", "status": "full", "capacity": 2, "active": 2, "industry": "오락용품 소매", "vacancy_rate": 0.0, "vacancy_rate_lo": 0.0, "vacancy_rate_hi": 50.0, "stores": 1, "source": "stores+ledger", "capacity_method": "floor_ouln", "active_pip": 0, "licensed": 0, "id": "1120011400106680061-1", "pnu": "1120011400106680061", "floors": 4, "height": 12.5}}, {"type": "Feature", "geometry": {"type": "Polygon", "coordinates": [[[127.04242878, 37.54715685], [127.04240477, 37.54709652], [127.04238006, 37.54710376], [127.04237454, 37.54709235], [127.04233652, 37.54710501], [127.04233486, 37.54710233], [127.04227167, 37.54712199], [127.04230478, 37.54719122], [127.04242878, 37.54715685]]]}, "properties": {"name": "R", "status": "partial", "capacity": 2, "active": 1, "industry": "비알코올 ", "vacancy_rate": 50.0, "vacancy_rate_lo": 50.0, "vacancy_rate_hi": 50.0, "stores": 1, "source": "stores+ledger", "capacity_method": "floor_ouln", "active_pip": 0, "licensed": 1, "id": "1120011400106680091-1", "pnu": "1120011400106680091", "floors": 2, "height": 7.5}}, {"type": "Feature", "geometry": {"type": "Polygon", "coordinates": [[[127.04170954, 37.54656722], [127.04167906, 37.54650335], [127.04161785, 37.54651996], [127.04161944, 37.54652473], [127.04155574, 37.54654422], [127.0415596, 37.54655521], [127.04154511, 37.5465599], [127.04156585, 37.54660899], [127.04170954, 37.54656722]]]}, "properties": {"name": "성수동1가 685-478", "status": "empty", "capacity": 2, "active": 0, "industry": "", "vacancy_rate": 100.0, "source": "polygon_only", "capacity_method": "floor_approx", "active_pip": 0, "licensed": 0, "id": "1120011400106850478-1", "pnu": "1120011400106850478", "floors": 2, "height": 7.5}}, {"type": "Feature", "geometry": {"type": "Polygon", "coordinates": [[[127.04071378, 37.5468667], [127.04067203, 37.54687654], [127.04070546, 37.54695924], [127.04081551, 37.54693007], [127.04079059, 37.54687435], [127.04072217, 37.54688913], [127.04071378, 37.5468667]]]}, "properties": {"name": "성수동1가 685-448", "status": "full", "capacity": 3, "active": 3, "industry": "종합 소매", "vacancy_rate": 0.0, "vacancy_rate_lo": 0.0, "vacancy_rate_hi": 33.3, "stores": 2, "source": "stores+ledger", "capacity_method": "floor_ouln", "active_pip": 0, "licensed": 2, "id": "1120011400106850448-1", "pnu": "1120011400106850448", "floors": 1, "height": 0.0}}, {"type": "Feature", "geometry": {"type": "Polygon", "coordinates": [[[127.0405149, 37.54694289], [127.0404565, 37.54695599], [127.04044937, 37.54693924], [127.04040117, 37.54695169], [127.04043482, 37.54703367], [127.04054275, 37.54700507], [127.0405149, 37.54694289]]]}, "properties": {"name": "성수동1가 685-455", "status": "full", "capacity": 1, "active": 1, "industry": "안경·정밀기기 소매", "vacancy_rate": 0.0, "vacancy_rate_lo": 0.0, "vacancy_rate_hi": 0.0, "stores": 1, "source": "stores+ledger", "capacity_method": "floor_ouln", "active_pip": 0, "licensed": 1, "id": "1120011400106850455-1", "pnu": "1120011400106850455", "floors": 1, "height": 0.0}}, {"type": "Feature", "geometry": {"type": "Polygon", "coordinates": [[[127.04173491, 37.5470188], [127.04189919, 37.54697009], [127.0418643, 37.54690099], [127.04170421, 37.54694303], [127.04173491, 37.5470188]]]}, "properties": {"name": "성수동1가 685-278", "status": "empty", "capacity": 3, "active": 0, "industry": "", "vacancy_rate": 100.0, "source": "polygon_only", "capacity_method": "floor_approx", "active_pip": 0, "licensed": 0, "id": "1120011400106850278-1", "pnu": "1120011400106850278", "floors": 3, "height": 12.3}}, {"type": "Feature", "geometry": {"type": "Polygon", "coordinates": [[[127.04043742, 37.54703637], [127.04036614, 37.54705414], [127.04037656, 37.54707783], [127.04033255, 37.54709118], [127.04035703, 37.54715578], [127.04038498, 37.54716225], [127.0404798, 37.54713844], [127.04043742, 37.54703637]]]}, "properties": {"name": "연어롭다", "status": "full", "capacity": 2, "active": 2, "industry": "섬유·의복·신발 소매", "vacancy_rate": 0.0, "vacancy_rate_lo": 0.0, "vacancy_rate_hi": 0.0, "stores": 4, "source": "stores+ledger", "capacity_method": "floor_ouln", "active_pip": 0, "licensed": 2, "id": "1120011400106850459-1", "pnu": "1120011400106850459", "floors": 3, "height": 10.1}}, {"type": "Feature", "geometry": {"type": "Polygon", "coordinates": [[[127.04024437, 37.54702877], [127.0402259, 37.54698697], [127.04011943, 37.54701899], [127.04016554, 37.54711295], [127.04022437, 37.54709915], [127.04020352, 37.5470432], [127.04024437, 37.54702877]]]}, "properties": {"name": "성수동1가 685-462", "status": "full", "capacity": 1, "active": 1, "industry": "한식", "vacancy_rate": 0.0, "vacancy_rate_lo": 0.0, "vacancy_rate_hi": 100.0, "stores": 1, "source": "stores+ledger", "capacity_method": "floor_ouln", "active_pip": 0, "licensed": 0, "id": "1120011400106850462-1", "pnu": "1120011400106850462", "floors": 1, "height": 4.7}}, {"type": "Feature", "geometry": {"type": "Polygon", "coordinates": [[[127.04063367, 37.54709144], [127.04073833, 37.54706284], [127.04070003, 37.5469714], [127.04064912, 37.54698755], [127.04065535, 37.54699773], [127.04060285, 37.54701153], [127.04063367, 37.54709144]]]}, "properties": {"name": "성수동1가 685-452", "status": "empty", "capacity": 2, "active": 0, "industry": "섬유·의복·신발 소매", "vacancy_rate": 100.0, "vacancy_rate_lo": 100.0, "vacancy_rate_hi": 100.0, "stores": 1, "source": "stores+ledger", "capacity_method": "floor_ouln", "active_pip": 0, "licensed": 0, "id": "1120011400106850452-1", "pnu": "1120011400106850452", "floors": 3, "height": 7.9}}, {"type": "Feature", "geometry": {"type": "Polygon", "coordinates": [[[127.03961046, 37.54707413], [127.03947933, 37.54711183], [127.039508, 37.54717048], [127.0395218, 37.54716489], [127.03952814, 37.54717705], [127.03963834, 37.54714106], [127.03961046, 37.54707413]]]}, "properties": {"name": "성수동1가 685-497", "status": "full", "capacity": 1, "active": 1, "industry": "섬유·의복·신발 소매", "vacancy_rate": 0.0, "vacancy_rate_lo": 0.0, "vacancy_rate_hi": 100.0, "stores": 2, "source": "stores+ledger", "capacity_method": "floor_ouln", "active_pip": 0, "licensed": 0, "id": "1120011400106850497-1", "pnu": "1120011400106850497", "floors": 4, "height": 14.81}}, {"type": "Feature", "geometry": {"type": "Polygon", "coordinates": [[[127.0403954, 37.54695529], [127.0403059, 37.54698055], [127.04031837, 37.54701217], [127.04029461, 37.54701948], [127.04031262, 37.54706065], [127.04042633, 37.54702718], [127.0403954, 37.54695529]]]}, "properties": {"name": "성수동1가 685-458", "status": "full", "capacity": 1, "active": 1, "industry": "기타 간이", "vacancy_rate": 0.0, "vacancy_rate_lo": 0.0, "vacancy_rate_hi": 0.0, "stores": 2, "source": "stores+ledger", "capacity_method": "floor_ouln", "active_pip": 0, "licensed": 2, "id": "1120011400106850458-1", "pnu": "1120011400106850458", "floors": 2, "height": 0.0}}, {"type": "Feature", "geometry": {"type": "Polygon", "coordinates": [[[127.04251249, 37.54691166], [127.04255181, 37.54699157], [127.0427128, 37.54694357], [127.042677, 37.5468643], [127.04251249, 37.54691166]]]}, "properties": {"name": "성수동1가 668-82", "status": "full", "capacity": 1, "active": 1, "industry": "서양식", "vacancy_rate": 0.0, "vacancy_rate_lo": 0.0, "vacancy_rate_hi": 0.0, "stores": 3, "source": "stores+ledger", "capacity_method": "floor_ouln", "active_pip": 0, "licensed": 2, "id": "1120011400106680082-1", "pnu": "1120011400106680082", "floors": 3, "height": 10.3}}, {"type": "Feature", "geometry": {"type": "Polygon", "coordinates": [[[127.03983029, 37.54719984], [127.0398074, 37.54714263], [127.03974212, 37.54716419], [127.03972683, 37.54712968], [127.03965023, 37.54715079], [127.03968615, 37.54723971], [127.03983029, 37.54719984]]]}, "properties": {"name": "성수동1가 685-498", "status": "partial", "capacity": 4, "active": 2, "industry": "비알코올 ", "vacancy_rate": 50.0, "vacancy_rate_lo": 50.0, "vacancy_rate_hi": 50.0, "stores": 2, "source": "stores+ledger", "capacity_method": "floor_ouln", "active_pip": 0, "licensed": 1, "id": "1120011400106850498-1", "pnu": "1120011400106850498", "floors": 2, "height": 0.0}}, {"type": "Feature", "geometry": {"type": "Polygon", "coordinates": [[[127.03999572, 37.54717049], [127.03992115, 37.54719007], [127.03993226, 37.54722224], [127.03988236, 37.54723748], [127.03990763, 37.54729829], [127.04003039, 37.54726409], [127.03999572, 37.54717049]]]}, "properties": {"name": "성수동1가 685-345", "status": "high", "capacity": 4, "active": 1, "industry": "비알코올 ", "vacancy_rate": 75.0, "vacancy_rate_lo": 75.0, "vacancy_rate_hi": 75.0, "stores": 1, "source": "stores+ledger", "capacity_method": "floor_ouln", "active_pip": 0, "licensed": 1, "id": "1120011400106850345-1", "pnu": "1120011400106850345", "floors": 2, "height": 0.0}}, {"type": "Feature", "geometry": {"type": "Polygon", "coordinates": [[[127.03998575, 37.54714942], [127.04012469, 37.54710747], [127.04010078, 37.547059], [127.04002679, 37.54708426], [127.04001173, 37.54705651], [127.03994984, 37.5470759], [127.03998575, 37.54714942]]]}, "properties": {"name": "성수동1가 685-509", "status": "full", "capacity": 2, "active": 2, "industry": "한식", "vacancy_rate": 0.0, "vacancy_rate_lo": 0.0, "vacancy_rate_hi": 50.0, "stores": 2, "source": "stores+ledger", "capacity_method": "floor_ouln", "active_pip": 0, "licensed": 2, "id": "1120011400106850509-1", "pnu": "1120011400106850509", "floors": 2, "height": 0.0}}, {"type": "Feature", "geometry": {"type": "Polygon", "coordinates": [[[127.04232674, 37.54720311], [127.04236073, 37.54727788], [127.04246912, 37.54724793], [127.04243377, 37.54717271], [127.04232674, 37.54720311]]]}, "properties": {"name": "성수동1가 668-90", "status": "partial", "capacity": 3, "active": 2, "industry": "한식", "vacancy_rate": 33.3, "vacancy_rate_lo": 33.3, "vacancy_rate_hi": 33.3, "stores": 3, "source": "stores+ledger", "capacity_method": "floor_ouln", "active_pip": 0, "licensed": 1, "id": "1120011400106680090-1", "pnu": "1120011400106680090", "floors": 3, "height": 9.1}}, {"type": "Feature", "geometry": {"type": "Polygon", "coordinates": [[[127.04088274, 37.54709487], [127.04079506, 37.54711832], [127.040838, 37.54721706], [127.04086323, 37.54720759], [127.04086923, 37.54721777], [127.04090102, 37.54720595], [127.04090068, 37.54719793], [127.04093779, 37.54718945], [127.04091899, 37.54714639], [127.04091197, 37.54714847], [127.04088274, 37.54709487]]]}, "properties": {"name": "성수동", "status": "full", "capacity": 2, "active": 2, "industry": "종합 소매", "vacancy_rate": 0.0, "vacancy_rate_lo": 0.0, "vacancy_rate_hi": 50.0, "stores": 3, "source": "stores+ledger", "capacity_method": "floor_ouln", "active_pip": 0, "licensed": 2, "id": "1120011400106850424-1", "pnu": "1120011400106850424", "floors": 2, "height": 7.9}}, {"type": "Feature", "geometry": {"type": "Polygon", "coordinates": [[[127.04261424, 37.54713652], [127.04250868, 37.54716773], [127.04251967, 37.54718818], [127.04250903, 37.54719097], [127.04253453, 37.54725241], [127.04265185, 37.54721885], [127.04261424, 37.54713652]]]}, "properties": {"name": "성수동1가 668-77", "status": "partial", "capacity": 2, "active": 1, "industry": "", "vacancy_rate": 50.0, "source": "pip_only", "capacity_method": "floor_approx", "active_pip": 0, "licensed": 1, "id": "1120011400106680077-1", "pnu": "1120011400106680077", "floors": 2, "height": 0.0}}, {"type": "Feature", "geometry": {"type": "Polygon", "coordinates": [[[127.04097203, 37.54690058], [127.04101372, 37.54699085], [127.041091, 37.54697082], [127.04106687, 37.54692452], [127.04105397, 37.54692569], [127.04103324, 37.54688281], [127.04097203, 37.54690058]]]}, "properties": {"name": "성수동1가 685-329", "status": "high", "capacity": 6, "active": 1, "industry": "비알코올 ", "vacancy_rate": 83.3, "vacancy_rate_lo": null, "vacancy_rate_hi": null, "stores": 1, "source": "stores+ledger", "capacity_method": "floor_approx", "active_pip": 0, "licensed": 1, "id": "1120011400106850329-1", "pnu": "1120011400106850329", "floors": 0, "height": 0.0}}, {"type": "Feature", "geometry": {"type": "Polygon", "coordinates": [[[127.04170679, 37.54773068], [127.04174825, 37.5478168], [127.04186605, 37.54778207], [127.04184598, 37.54772793], [127.04182833, 37.54773217], [127.0418213, 37.54772262], [127.04178114, 37.54773642], [127.04177038, 37.54771516], [127.04170679, 37.54773068]]]}, "properties": {"name": "성수동1가 685-411", "status": "full", "capacity": 1, "active": 1, "industry": "", "vacancy_rate": 0.0, "source": "pip_only", "capacity_method": "floor_approx", "active_pip": 1, "licensed": 0, "id": "1120011400106850411-1", "pnu": "1120011400106850411", "floors": 0, "height": 0.0}}, {"type": "Feature", "geometry": {"type": "Polygon", "coordinates": [[[127.04223216, 37.54724864], [127.0421507, 37.54727191], [127.04217155, 37.54732867], [127.04218196, 37.54732841], [127.04218831, 37.54735362], [127.04226615, 37.54733134], [127.04223216, 37.54724864]]]}, "properties": {"name": "스타힐스", "status": "full", "capacity": 1, "active": 1, "industry": "서양식", "vacancy_rate": 0.0, "vacancy_rate_lo": 0.0, "vacancy_rate_hi": 0.0, "stores": 2, "source": "stores+ledger", "capacity_method": "floor_ouln", "active_pip": 0, "licensed": 2, "id": "1120011400106680089-1", "pnu": "1120011400106680089", "floors": 2, "height": 0.0}}, {"type": "Feature", "geometry": {"type": "Polygon", "coordinates": [[[127.04248962, 37.54749957], [127.04242185, 37.54752022], [127.04242571, 37.54753635], [127.04235975, 37.54755547], [127.04238775, 37.54762772], [127.04253188, 37.54758686], [127.04248962, 37.54749957]]]}, "properties": {"name": "성수동1가 668-30", "status": "full", "capacity": 2, "active": 2, "industry": "주점", "vacancy_rate": 0.0, "vacancy_rate_lo": 0.0, "vacancy_rate_hi": 50.0, "stores": 2, "source": "stores+ledger", "capacity_method": "floor_ouln", "active_pip": 0, "licensed": 2, "id": "1120011400106680030-1", "pnu": "1120011400106680030", "floors": 2, "height": 7.8}}, {"type": "Feature", "geometry": {"type": "Polygon", "coordinates": [[[127.04284856, 37.54728184], [127.0428251, 37.54721446], [127.04267066, 37.54725939], [127.04270023, 37.54732632], [127.04284856, 37.54728184]]]}, "properties": {"name": "성수동1가 668-75", "status": "full", "capacity": 2, "active": 2, "industry": "비알코올 ", "vacancy_rate": 0.0, "vacancy_rate_lo": 0.0, "vacancy_rate_hi": 50.0, "stores": 2, "source": "stores+ledger", "capacity_method": "floor_ouln", "active_pip": 0, "licensed": 1, "id": "1120011400106680075-1", "pnu": "1120011400106680075", "floors": 2, "height": 0.0}}, {"type": "Feature", "geometry": {"type": "Polygon", "coordinates": [[[127.04269333, 37.54733146], [127.04266364, 37.54725813], [127.04256374, 37.54728448], [127.04257155, 37.54729637], [127.04255605, 37.54730349], [127.04258245, 37.54736538], [127.04269333, 37.54733146]]]}, "properties": {"name": "성수동1가 668-76", "status": "high", "capacity": 5, "active": 2, "industry": "이용·미용", "vacancy_rate": 60.0, "vacancy_rate_lo": 60.0, "vacancy_rate_hi": 80.0, "stores": 1, "source": "stores+ledger", "capacity_method": "floor_ouln", "active_pip": 0, "licensed": 1, "id": "1120011400106680076-1", "pnu": "1120011400106680076", "floors": 2, "height": 0.0}}, {"type": "Feature", "geometry": {"type": "Polygon", "coordinates": [[[127.04141811, 37.54688412], [127.04137617, 37.54678502], [127.04128475, 37.54680469], [127.04130503, 37.54684947], [127.04132212, 37.54684874], [127.04134683, 37.54690468], [127.04141811, 37.54688412]]]}, "properties": {"name": "성수동1가 685-483", "status": "full", "capacity": 1, "active": 1, "industry": "비알코올 ", "vacancy_rate": 0.0, "vacancy_rate_lo": 0.0, "vacancy_rate_hi": 0.0, "stores": 1, "source": "stores+ledger", "capacity_method": "floor_ouln", "active_pip": 0, "licensed": 0, "id": "1120011400106850483-1", "pnu": "1120011400106850483", "floors": 2, "height": 0.0}}, {"type": "Feature", "geometry": {"type": "Polygon", "coordinates": [[[127.042316, 37.54722158], [127.04223374, 37.54724296], [127.04226977, 37.54732918], [127.04234943, 37.54730978], [127.042316, 37.54722158]]]}, "properties": {"name": "스타힐스", "status": "full", "capacity": 1, "active": 1, "industry": "서양식", "vacancy_rate": 0.0, "vacancy_rate_lo": 0.0, "vacancy_rate_hi": 0.0, "stores": 2, "source": "stores+ledger", "capacity_method": "floor_ouln", "active_pip": 0, "licensed": 2, "id": "1120011400106680089-2", "pnu": "1120011400106680089", "floors": 2, "height": 0.0}}, {"type": "Feature", "geometry": {"type": "Polygon", "coordinates": [[[127.04039245, 37.54694538], [127.04049835, 37.54691354], [127.04047875, 37.54685948], [127.04041471, 37.54687464], [127.04041131, 37.54686861], [127.04036209, 37.54688295], [127.04039245, 37.54694538]]]}, "properties": {"name": "성수동1가 685-456", "status": "full", "capacity": 2, "active": 2, "industry": "서양식", "vacancy_rate": 0.0, "vacancy_rate_lo": 0.0, "vacancy_rate_hi": 100.0, "stores": 1, "source": "stores+ledger", "capacity_method": "floor_ouln", "active_pip": 0, "licensed": 1, "id": "1120011400106850456-1", "pnu": "1120011400106850456", "floors": 2, "height": 6.4}}, {"type": "Feature", "geometry": {"type": "Polygon", "coordinates": [[[127.03993526, 37.54775247], [127.03997355, 37.54783066], [127.04010615, 37.54778737], [127.04009278, 37.54774719], [127.0400818, 37.5477481], [127.04006696, 37.54771504], [127.03993526, 37.54775247]]]}, "properties": {"name": "성수동1가 685-441", "status": "full", "capacity": 1, "active": 1, "industry": "오락용품 소매", "vacancy_rate": 0.0, "vacancy_rate_lo": 0.0, "vacancy_rate_hi": 0.0, "stores": 1, "source": "stores+ledger", "capacity_method": "floor_ouln", "active_pip": 0, "licensed": 0, "id": "1120011400106850441-1", "pnu": "1120011400106850441", "floors": 2, "height": 7.2}}, {"type": "Feature", "geometry": {"type": "Polygon", "coordinates": [[[127.04022137, 37.54698031], [127.0401901, 37.54691085], [127.04008375, 37.54694134], [127.04010652, 37.54699251], [127.04012441, 37.54700593], [127.04022137, 37.54698031]]]}, "properties": {"name": "성수동1가 685-463", "status": "full", "capacity": 2, "active": 2, "industry": "비알코올 ", "vacancy_rate": 0.0, "vacancy_rate_lo": 0.0, "vacancy_rate_hi": 0.0, "stores": 2, "source": "stores+ledger", "capacity_method": "floor_ouln", "active_pip": 0, "licensed": 2, "id": "1120011400106850463-1", "pnu": "1120011400106850463", "floors": 2, "height": 0.0}}, {"type": "Feature", "geometry": {"type": "Polygon", "coordinates": [[[127.04000685, 37.54745269], [127.0400328, 37.5475171], [127.04014571, 37.54748553], [127.04011862, 37.54741886], [127.04000685, 37.54745269]]]}, "properties": {"name": "성수동1가 685-500", "status": "high", "capacity": 3, "active": 1, "industry": "섬유·의복·신발 소매", "vacancy_rate": 66.7, "vacancy_rate_lo": 66.7, "vacancy_rate_hi": 66.7, "stores": 1, "source": "stores+ledger", "capacity_method": "floor_ouln", "active_pip": 0, "licensed": 0, "id": "1120011400106850500-1", "pnu": "1120011400106850500", "floors": 2, "height": 0.0}}, {"type": "Feature", "geometry": {"type": "Polygon", "coordinates": [[[127.0399279, 37.54774319], [127.04005258, 37.54770576], [127.04003751, 37.54766702], [127.04002246, 37.54767108], [127.04000796, 37.5476373], [127.03989459, 37.54766779], [127.0399279, 37.54774319]]]}, "properties": {"name": "성수동1가 685-442", "status": "empty", "capacity": 2, "active": 0, "industry": "", "vacancy_rate": 100.0, "source": "polygon_only", "capacity_method": "floor_approx", "active_pip": 0, "licensed": 0, "id": "1120011400106850442-1", "pnu": "1120011400106850442", "floors": 2, "height": 6.8}}, {"type": "Feature", "geometry": {"type": "Polygon", "coordinates": [[[127.04006176, 37.54731526], [127.03996016, 37.54734684], [127.03999994, 37.5474371], [127.04011285, 37.54740292], [127.04009709, 37.54736174], [127.04008034, 37.5473612], [127.04006176, 37.54731526]]]}, "properties": {"name": "성수동1가 685-501", "status": "full", "capacity": 3, "active": 3, "industry": "한식", "vacancy_rate": 0.0, "vacancy_rate_lo": 0.0, "vacancy_rate_hi": 33.3, "stores": 5, "source": "stores+ledger", "capacity_method": "floor_ouln", "active_pip": 0, "licensed": 3, "id": "1120011400106850501-1", "pnu": "1120011400106850501", "floors": 3, "height": 10.6}}, {"type": "Feature", "geometry": {"type": "Polygon", "coordinates": [[[127.04239498, 37.54741932], [127.04235033, 37.54731473], [127.04227521, 37.54733728], [127.04229198, 37.54737269], [127.04223156, 37.54739433], [127.0422652, 37.54745622], [127.04239498, 37.54741932]]]}, "properties": {"name": "성수동1가 668-88", "status": "full", "capacity": 1, "active": 1, "industry": "비알코올 ", "vacancy_rate": 0.0, "vacancy_rate_lo": 0.0, "vacancy_rate_hi": 0.0, "stores": 2, "source": "stores+ledger+pip", "capacity_method": "floor_ouln", "active_pip": 1, "licensed": 1, "id": "1120011400106680088-1", "pnu": "1120011400106680088", "floors": 2, "height": 0.0}}, {"type": "Feature", "geometry": {"type": "Polygon", "coordinates": [[[127.04238447, 37.5470574], [127.04236759, 37.5470192], [127.04235616, 37.54702029], [127.0423446, 37.54698605], [127.04229482, 37.5470013], [127.04228791, 37.54698553], [127.04222206, 37.54700817], [127.04226375, 37.54709042], [127.04238447, 37.5470574]]]}, "properties": {"name": "성수동1가 668-94", "status": "partial", "capacity": 2, "active": 1, "industry": "동남아시아", "vacancy_rate": 50.0, "vacancy_rate_lo": 50.0, "vacancy_rate_hi": 50.0, "stores": 1, "source": "stores+ledger", "capacity_method": "floor_ouln", "active_pip": 0, "licensed": 1, "id": "1120011400106680094-1", "pnu": "1120011400106680094", "floors": 2, "height": 0.0}}, {"type": "Feature", "geometry": {"type": "Polygon", "coordinates": [[[127.04065166, 37.54749589], [127.0406128, 37.54741031], [127.0405508, 37.54742853], [127.04055375, 37.54743907], [127.04051109, 37.54745648], [127.04052582, 37.54748566], [127.04051926, 37.54748873], [127.04053455, 37.54752675], [127.04065166, 37.54749589]]]}, "properties": {"name": "성수동1가 685-431", "status": "full", "capacity": 1, "active": 1, "industry": "서양식", "vacancy_rate": 0.0, "vacancy_rate_lo": 0.0, "vacancy_rate_hi": 100.0, "stores": 1, "source": "stores+ledger", "capacity_method": "floor_ouln", "active_pip": 0, "licensed": 1, "id": "1120011400106850431-1", "pnu": "1120011400106850431", "floors": 2, "height": 0.0}}, {"type": "Feature", "geometry": {"type": "Polygon", "coordinates": [[[127.04065585, 37.54750941], [127.04059747, 37.54752366], [127.04060121, 37.54753655], [127.04056025, 37.5475498], [127.04059492, 37.54763367], [127.04069981, 37.5476049], [127.04065585, 37.54750941]]]}, "properties": {"name": "성수동1가 685-432", "status": "empty", "capacity": 2, "active": 0, "industry": "", "vacancy_rate": 100.0, "source": "polygon_only", "capacity_method": "floor_approx", "active_pip": 0, "licensed": 0, "id": "1120011400106850432-1", "pnu": "1120011400106850432", "floors": 2, "height": 0.0}}, {"type": "Feature", "geometry": {"type": "Polygon", "coordinates": [[[127.04062684, 37.54679285], [127.04065471, 37.54686005], [127.04076638, 37.54683317], [127.04075268, 37.54680272], [127.04073321, 37.54680732], [127.04071815, 37.54677723], [127.04067085, 37.54677914], [127.04062684, 37.54679285]]]}, "properties": {"name": "성수동1가 685-449", "status": "partial", "capacity": 2, "active": 1, "industry": "비알코올 ", "vacancy_rate": 50.0, "vacancy_rate_lo": 50.0, "vacancy_rate_hi": 50.0, "stores": 1, "source": "stores+ledger", "capacity_method": "floor_ouln", "active_pip": 0, "licensed": 1, "id": "1120011400106850449-1", "pnu": "1120011400106850449", "floors": 2, "height": 7.5}}, {"type": "Feature", "geometry": {"type": "Polygon", "coordinates": [[[127.04110131, 37.54740888], [127.04113541, 37.54747419], [127.0412309, 37.54744551], [127.04120099, 37.54737839], [127.04110131, 37.54740888]]]}, "properties": {"name": "성수동1가 685-325", "status": "full", "capacity": 2, "active": 2, "industry": "비알코올 ", "vacancy_rate": 0.0, "vacancy_rate_lo": 0.0, "vacancy_rate_hi": 0.0, "stores": 4, "source": "stores+ledger", "capacity_method": "floor_ouln", "active_pip": 0, "licensed": 3, "id": "1120011400106850325-1", "pnu": "1120011400106850325", "floors": 3, "height": 9.2}}, {"type": "Feature", "geometry": {"type": "Polygon", "coordinates": [[[127.04206152, 37.54706832], [127.04209335, 37.54713273], [127.04220039, 37.54710035], [127.04220368, 37.54711008], [127.04226126, 37.54709402], [127.04221765, 37.54700826], [127.04214716, 37.54702721], [127.04215509, 37.54704351], [127.04206152, 37.54706832]]]}, "properties": {"name": "성수동1가 668-93", "status": "high", "capacity": 3, "active": 1, "industry": "섬유·의복·신발 소매", "vacancy_rate": 66.7, "vacancy_rate_lo": 66.7, "vacancy_rate_hi": 100.0, "stores": 1, "source": "stores+ledger", "capacity_method": "floor_ouln", "active_pip": 0, "licensed": 0, "id": "1120011400106680093-1", "pnu": "1120011400106680093", "floors": 3, "height": 0.0}}, {"type": "Feature", "geometry": {"type": "Polygon", "coordinates": [[[127.04240673, 37.54658247], [127.04255246, 37.54654422], [127.04251358, 37.54643944], [127.04249027, 37.54643999], [127.0424829, 37.54641711], [127.04237869, 37.54643706], [127.04238334, 37.54645228], [127.04236071, 37.54646049], [127.04240673, 37.54658247]]]}, "properties": {"name": "성수동1가 668-112", "status": "full", "capacity": 2, "active": 2, "industry": "이용·미용", "vacancy_rate": 0.0, "vacancy_rate_lo": 0.0, "vacancy_rate_hi": 50.0, "stores": 3, "source": "stores+ledger", "capacity_method": "floor_ouln", "active_pip": 0, "licensed": 1, "id": "1120011400106680112-1", "pnu": "1120011400106680112", "floors": 3, "height": 10.4}}, {"type": "Feature", "geometry": {"type": "Polygon", "coordinates": [[[127.04026214, 37.54725609], [127.04024982, 37.54728231], [127.0402692, 37.5473288], [127.04037522, 37.54729696], [127.04036262, 37.54725479], [127.04032765, 37.54723904], [127.04026214, 37.54725609]]]}, "properties": {"name": "성수동1가 685-467", "status": "full", "capacity": 3, "active": 3, "industry": "한식", "vacancy_rate": 0.0, "vacancy_rate_lo": 0.0, "vacancy_rate_hi": 0.0, "stores": 3, "source": "stores+ledger", "capacity_method": "floor_ouln", "active_pip": 0, "licensed": 3, "id": "1120011400106850467-1", "pnu": "1120011400106850467", "floors": 3, "height": 9.9}}, {"type": "Feature", "geometry": {"type": "Polygon", "coordinates": [[[127.04146631, 37.54791151], [127.0415842, 37.54787111], [127.04154704, 37.54778931], [127.04148832, 37.54780681], [127.0414813, 37.54779699], [127.04142394, 37.54781881], [127.04146631, 37.54791151]]]}, "properties": {"name": "성수동1가 685-412", "status": "empty", "capacity": 2, "active": 0, "industry": "", "vacancy_rate": 100.0, "source": "polygon_only", "capacity_method": "floor_approx", "active_pip": 0, "licensed": 0, "id": "1120011400106850412-1", "pnu": "1120011400106850412", "floors": 2, "height": 0.0}}, {"type": "Feature", "geometry": {"type": "Polygon", "coordinates": [[[127.04169252, 37.5477151], [127.04163131, 37.54773351], [127.04163834, 37.5477517], [127.04156298, 37.54777074], [127.04160954, 37.54786524], [127.04174011, 37.54782527], [127.04169252, 37.5477151]]]}, "properties": {"name": "성수동1가 685-411", "status": "partial", "capacity": 2, "active": 1, "industry": "", "vacancy_rate": 50.0, "source": "pip_only", "capacity_method": "floor_approx", "active_pip": 1, "licensed": 0, "id": "1120011400106850411-2", "pnu": "1120011400106850411", "floors": 2, "height": 7.77}}, {"type": "Feature", "geometry": {"type": "Polygon", "coordinates": [[[127.04292563, 37.5476843], [127.04296914, 37.54778456], [127.04303556, 37.54776697], [127.04303794, 37.547774], [127.04311985, 37.54775117], [127.04309198, 37.54768343], [127.04305939, 37.54769128], [127.0430569, 37.54768406], [127.04299455, 37.54769977], [127.04298062, 37.5476695], [127.04292563, 37.5476843]]]}, "properties": {"name": "FORES", "status": "full", "capacity": 4, "active": 4, "industry": "장식품 소매", "vacancy_rate": 0.0, "vacancy_rate_lo": 0.0, "vacancy_rate_hi": 0.0, "stores": 4, "source": "stores+ledger", "capacity_method": "floor_ouln", "active_pip": 0, "licensed": 2, "id": "1120011400106680005-1", "pnu": "1120011400106680005", "floors": 1, "height": 4.5}}, {"type": "Feature", "geometry": {"type": "Polygon", "coordinates": [[[127.04273941, 37.54755552], [127.04277748, 37.5476502], [127.04287942, 37.54761197], [127.04288791, 37.54761944], [127.04294097, 37.54760239], [127.04289373, 37.54750789], [127.04273941, 37.54755552]]]}, "properties": {"name": "성수동1가 668-99", "status": "full", "capacity": 2, "active": 2, "industry": "한식", "vacancy_rate": 0.0, "vacancy_rate_lo": 0.0, "vacancy_rate_hi": 0.0, "stores": 2, "source": "stores+ledger", "capacity_method": "floor_ouln", "active_pip": 0, "licensed": 1, "id": "1120011400106680099-1", "pnu": "1120011400106680099", "floors": 2, "height": 7.55}}, {"type": "Feature", "geometry": {"type": "Polygon", "coordinates": [[[127.04285811, 37.54736617], [127.04289562, 37.54745707], [127.04304271, 37.54740557], [127.04300622, 37.5473226], [127.04285811, 37.54736617]]]}, "properties": {"name": "성수동1가 668-27", "status": "partial", "capacity": 5, "active": 3, "industry": "비알코올 ", "vacancy_rate": 40.0, "vacancy_rate_lo": 40.0, "vacancy_rate_hi": 40.0, "stores": 3, "source": "stores+ledger", "capacity_method": "floor_ouln", "active_pip": 0, "licensed": 1, "id": "1120011400106680027-1", "pnu": "1120011400106680027", "floors": 5, "height": 15.1}}, {"type": "Feature", "geometry": {"type": "Polygon", "coordinates": [[[127.04252371, 37.54793717], [127.04247533, 37.54782429], [127.04238345, 37.54784983], [127.04243602, 37.5479582], [127.04244666, 37.54796009], [127.04252371, 37.54793717]]]}, "properties": {"name": "성수동1가 685-400", "status": "partial", "capacity": 2, "active": 1, "industry": "교육 지원", "vacancy_rate": 50.0, "vacancy_rate_lo": 50.0, "vacancy_rate_hi": 50.0, "stores": 1, "source": "stores+ledger", "capacity_method": "floor_ouln", "active_pip": 0, "licensed": 1, "id": "1120011400106850400-1", "pnu": "1120011400106850400", "floors": 0, "height": 0.0}}, {"type": "Feature", "geometry": {"type": "Polygon", "coordinates": [[[127.04275909, 37.54774175], [127.04280633, 37.54784337], [127.04296372, 37.54779979], [127.04293833, 37.54773313], [127.04290722, 37.54773936], [127.04289985, 37.54772188], [127.04282789, 37.54773731], [127.04281996, 37.54772389], [127.04275909, 37.54774175]]]}, "properties": {"name": "성수동1가 668-4", "status": "empty", "capacity": 2, "active": 0, "industry": "", "vacancy_rate": 100.0, "source": "polygon_only", "capacity_method": "floor_approx", "active_pip": 0, "licensed": 0, "id": "1120011400106680004-1", "pnu": "1120011400106680004", "floors": 2, "height": 0.0}}, {"type": "Feature", "geometry": {"type": "Polygon", "coordinates": [[[127.04304809, 37.54634086], [127.04302485, 37.54627996], [127.04300868, 37.54628357], [127.04299996, 37.54626817], [127.0428763, 37.54630794], [127.04289148, 37.54634146], [127.04289884, 37.54634082], [127.04290825, 37.54637813], [127.04304809, 37.54634086]]]}, "properties": {"name": "성수동1가 668-124", "status": "full", "capacity": 1, "active": 1, "industry": "한식", "vacancy_rate": 0.0, "vacancy_rate_lo": 0.0, "vacancy_rate_hi": 0.0, "stores": 2, "source": "stores+ledger", "capacity_method": "floor_ouln", "active_pip": 0, "licensed": 2, "id": "1120011400106680124-1", "pnu": "1120011400106680124", "floors": 2, "height": 5.85}}, {"type": "Feature", "geometry": {"type": "Polygon", "coordinates": [[[127.04300751, 37.54700464], [127.04296367, 37.5469142], [127.04291445, 37.5469262], [127.04292182, 37.54694611], [127.04285563, 37.54695992], [127.04285778, 37.54696812], [127.0428166, 37.54697903], [127.04284594, 37.54704029], [127.04291801, 37.54702053], [127.0429213, 37.54702891], [127.04300751, 37.54700464]]]}, "properties": {"name": "성수동1가 668-68", "status": "full", "capacity": 3, "active": 3, "industry": "동남아시아", "vacancy_rate": 0.0, "vacancy_rate_lo": 0.0, "vacancy_rate_hi": 66.7, "stores": 3, "source": "stores+ledger", "capacity_method": "floor_ouln", "active_pip": 0, "licensed": 3, "id": "1120011400106680068-1", "pnu": "1120011400106680068", "floors": 3, "height": 7.7}}, {"type": "Feature", "geometry": {"type": "Polygon", "coordinates": [[[127.04308931, 37.54756521], [127.04304296, 37.54745396], [127.04292145, 37.54748725], [127.04297334, 37.54759608], [127.04308931, 37.54756521]]]}, "properties": {"name": "거암아트빌라", "status": "full", "capacity": 3, "active": 3, "industry": "기타 교육", "vacancy_rate": 0.0, "vacancy_rate_lo": 0.0, "vacancy_rate_hi": 0.0, "stores": 4, "source": "stores+ledger", "capacity_method": "floor_ouln", "active_pip": 0, "licensed": 3, "id": "1120011400106680013-1", "pnu": "1120011400106680013", "floors": 4, "height": 12.3}}, {"type": "Feature", "geometry": {"type": "Polygon", "coordinates": [[[127.04195346, 37.54748102], [127.04211864, 37.5474224], [127.04210222, 37.54739438], [127.04199892, 37.54742956], [127.0419919, 37.54741749], [127.04193239, 37.54743868], [127.04195346, 37.54748102]]]}, "properties": {"name": "용빌딩", "status": "full", "capacity": 1, "active": 1, "industry": "비알코올 ", "vacancy_rate": 0.0, "vacancy_rate_lo": 0.0, "vacancy_rate_hi": 0.0, "stores": 1, "source": "stores+ledger", "capacity_method": "floor_ouln", "active_pip": 0, "licensed": 1, "id": "1120011400106850259-1", "pnu": "1120011400106850259", "floors": 0, "height": 0.0}}, {"type": "Feature", "geometry": {"type": "Polygon", "coordinates": [[[127.04138797, 37.54785468], [127.04136749, 37.54785343], [127.04137166, 37.54782297], [127.04135808, 37.54782226], [127.04135817, 37.54779207], [127.04126821, 37.54778751], [127.04126103, 37.54789951], [127.04138336, 37.54790541], [127.04138797, 37.54785468]]]}, "properties": {"name": "성수동1가 676-5", "status": "full", "capacity": 4, "active": 4, "industry": "", "vacancy_rate": 0.0, "source": "pip_only", "capacity_method": "floor_approx", "active_pip": 4, "licensed": 2, "id": "1120011400106760005-4", "pnu": "1120011400106760005", "floors": 3, "height": 0.0}}, {"type": "Feature", "geometry": {"type": "Polygon", "coordinates": [[[127.04212102, 37.54742402], [127.04195685, 37.54748102], [127.04198971, 37.54754579], [127.04215534, 37.54748996], [127.04212102, 37.54742402]]]}, "properties": {"name": "용빌딩", "status": "full", "capacity": 1, "active": 1, "industry": "비알코올 ", "vacancy_rate": 0.0, "vacancy_rate_lo": 0.0, "vacancy_rate_hi": 0.0, "stores": 1, "source": "stores+ledger", "capacity_method": "floor_ouln", "active_pip": 0, "licensed": 1, "id": "1120011400106850259-2", "pnu": "1120011400106850259", "floors": 2, "height": 0.0}}, {"type": "Feature", "geometry": {"type": "Polygon", "coordinates": [[[127.04303294, 37.54634906], [127.04290882, 37.54638037], [127.04292434, 37.54641588], [127.04293022, 37.54641443], [127.04294677, 37.54645334], [127.04306149, 37.54641843], [127.04303294, 37.54634906]]]}, "properties": {"name": "성수동1가 668-105", "status": "full", "capacity": 1, "active": 1, "industry": "종합 소매", "vacancy_rate": 0.0, "vacancy_rate_lo": 0.0, "vacancy_rate_hi": 0.0, "stores": 2, "source": "stores+ledger", "capacity_method": "floor_ouln", "active_pip": 0, "licensed": 0, "id": "1120011400106680105-1", "pnu": "1120011400106680105", "floors": 4, "height": 12.5}}, {"type": "Feature", "geometry": {"type": "Polygon", "coordinates": [[[127.04133326, 37.54775974], [127.04129372, 37.54766668], [127.04124551, 37.54766642], [127.04124115, 37.54775202], [127.04133326, 37.54775974]]]}, "properties": {"name": "성수동1가 676-5", "status": "full", "capacity": 4, "active": 4, "industry": "", "vacancy_rate": 0.0, "source": "pip_only", "capacity_method": "floor_approx", "active_pip": 4, "licensed": 2, "id": "1120011400106760005-5", "pnu": "1120011400106760005", "floors": 0, "height": 0.0}}, {"type": "Feature", "geometry": {"type": "Polygon", "coordinates": [[[127.04261903, 37.54780406], [127.04267375, 37.54792441], [127.0427627, 37.54792564], [127.04275352, 37.54789807], [127.04278203, 37.54788942], [127.04279797, 37.5478649], [127.04280136, 37.54785769], [127.0428026, 37.54785148], [127.0427847, 37.54780373], [127.04277395, 37.54780608], [127.04275673, 37.54776473], [127.04261903, 37.54780406]]]}, "properties": {"name": "LEES", "status": "partial", "capacity": 4, "active": 3, "industry": "이용·미용", "vacancy_rate": 25.0, "vacancy_rate_lo": 25.0, "vacancy_rate_hi": 25.0, "stores": 3, "source": "stores+ledger", "capacity_method": "floor_ouln", "active_pip": 0, "licensed": 1, "id": "1120011400106680003-1", "pnu": "1120011400106680003", "floors": 4, "height": 12.1}}, {"type": "Feature", "geometry": {"type": "Polygon", "coordinates": [[[127.03958502, 37.54774511], [127.03960916, 37.54780682], [127.03974369, 37.5477701], [127.03974866, 37.54776704], [127.03975047, 37.54776334], [127.0397148, 37.54770479], [127.03958502, 37.54774511]]]}, "properties": {"name": "성수동1가 685-487", "status": "empty", "capacity": 3, "active": 0, "industry": "", "vacancy_rate": 100.0, "source": "polygon_only", "capacity_method": "floor_approx", "active_pip": 0, "licensed": 0, "id": "1120011400106850487-1", "pnu": "1120011400106850487", "floors": 3, "height": 10.2}}, {"type": "Feature", "geometry": {"type": "Polygon", "coordinates": [[[127.04086298, 37.54692022], [127.04090057, 37.54700278], [127.04092093, 37.54699638], [127.04092954, 37.54701025], [127.04099471, 37.54698977], [127.04094962, 37.54689293], [127.04086298, 37.54692022]]]}, "properties": {"name": "성수동1가 685-329", "status": "high", "capacity": 6, "active": 1, "industry": "비알코올 ", "vacancy_rate": 83.3, "vacancy_rate_lo": null, "vacancy_rate_hi": null, "stores": 1, "source": "stores+ledger", "capacity_method": "floor_approx", "active_pip": 0, "licensed": 1, "id": "1120011400106850329-2", "pnu": "1120011400106850329", "floors": 3, "height": 10.1}}, {"type": "Feature", "geometry": {"type": "Polygon", "coordinates": [[[127.0397532, 37.54779388], [127.0396223, 37.5478325], [127.03964722, 37.54789033], [127.03978594, 37.54785235], [127.0397532, 37.54779388]]]}, "properties": {"name": "성수동1가 685-486", "status": "partial", "capacity": 3, "active": 2, "industry": "비알코올 ", "vacancy_rate": 33.3, "vacancy_rate_lo": 33.3, "vacancy_rate_hi": 33.3, "stores": 2, "source": "stores+ledger", "capacity_method": "floor_ouln", "active_pip": 0, "licensed": 2, "id": "1120011400106850486-1", "pnu": "1120011400106850486", "floors": 3, "height": 10.2}}, {"type": "Feature", "geometry": {"type": "Polygon", "coordinates": [[[127.04236766, 37.54732815], [127.04240425, 37.54741247], [127.04251875, 37.54737883], [127.04249745, 37.54731883], [127.04248093, 37.5473219], [127.0424773, 37.5473109], [127.04243543, 37.54732083], [127.04243124, 37.5473111], [127.04236766, 37.54732815]]]}, "properties": {"name": "성수동1가 668-88", "status": "full", "capacity": 1, "active": 1, "industry": "비알코올 ", "vacancy_rate": 0.0, "vacancy_rate_lo": 0.0, "vacancy_rate_hi": 0.0, "stores": 2, "source": "stores+ledger+pip", "capacity_method": "floor_ouln", "active_pip": 1, "licensed": 1, "id": "1120011400106680088-2", "pnu": "1120011400106680088", "floors": 0, "height": 0.0}}, {"type": "Feature", "geometry": {"type": "Polygon", "coordinates": [[[127.03954401, 37.54766052], [127.03957313, 37.54772772], [127.03971015, 37.54768866], [127.03968386, 37.5476229], [127.03954401, 37.54766052]]]}, "properties": {"name": "성수동1가 685-324", "status": "full", "capacity": 2, "active": 2, "industry": "기타 간이", "vacancy_rate": 0.0, "vacancy_rate_lo": 0.0, "vacancy_rate_hi": 0.0, "stores": 2, "source": "stores+ledger", "capacity_method": "floor_ouln", "active_pip": 0, "licensed": 2, "id": "1120011400106850324-1", "pnu": "1120011400106850324", "floors": 2, "height": 7.5}}, {"type": "Feature", "geometry": {"type": "Polygon", "coordinates": [[[127.03987393, 37.54776213], [127.03988413, 37.5477869], [127.03981862, 37.54780278], [127.03984162, 37.54786449], [127.03997061, 37.54783598], [127.03993107, 37.5477477], [127.03987393, 37.54776213]]]}, "properties": {"name": "성수동1가 685-440", "status": "empty", "capacity": 1, "active": 0, "industry": "", "vacancy_rate": 100.0, "source": "polygon_only", "capacity_method": "floor_approx", "active_pip": 0, "licensed": 0, "id": "1120011400106850440-1", "pnu": "1120011400106850440", "floors": 1, "height": 0.0}}, {"type": "Feature", "geometry": {"type": "Polygon", "coordinates": [[[127.04008092, 37.5473088], [127.04012144, 37.54740092], [127.04024488, 37.54736547], [127.04021667, 37.54730656], [127.04019676, 37.54731242], [127.04019291, 37.54730278], [127.04014742, 37.54731667], [127.0401353, 37.54729282], [127.04008092, 37.5473088]]]}, "properties": {"name": "일부", "status": "full", "capacity": 2, "active": 2, "industry": "서양식", "vacancy_rate": 0.0, "vacancy_rate_lo": 0.0, "vacancy_rate_hi": 0.0, "stores": 3, "source": "stores+ledger", "capacity_method": "floor_ouln", "active_pip": 0, "licensed": 3, "id": "1120011400106850502-1", "pnu": "1120011400106850502", "floors": 2, "height": 7.5}}, {"type": "Feature", "geometry": {"type": "Polygon", "coordinates": [[[127.04256472, 37.54760171], [127.04235835, 37.54766703], [127.04240105, 37.54774476], [127.0426021, 37.54767702], [127.04256472, 37.54760171]]]}, "properties": {"name": "성수동1가 668-12", "status": "high", "capacity": 6, "active": 1, "industry": "섬유·의복·신발 소매", "vacancy_rate": 83.3, "vacancy_rate_lo": null, "vacancy_rate_hi": null, "stores": 1, "source": "stores+ledger", "capacity_method": "floor_approx", "active_pip": 0, "licensed": 0, "id": "1120011400106680012-1", "pnu": "1120011400106680012", "floors": 3, "height": 0.0}}, {"type": "Feature", "geometry": {"type": "Polygon", "coordinates": [[[127.04031846, 37.54783614], [127.04028991, 37.54776919], [127.04017756, 37.54779726], [127.0401898, 37.54783149], [127.0402053, 37.54782978], [127.04021731, 37.54786716], [127.04031846, 37.54783614]]]}, "properties": {"name": "성수동1가 685-437", "status": "full", "capacity": 2, "active": 2, "industry": "기타 교육", "vacancy_rate": 0.0, "vacancy_rate_lo": 0.0, "vacancy_rate_hi": 0.0, "stores": 1, "source": "stores+ledger", "capacity_method": "floor_ouln", "active_pip": 0, "licensed": 0, "id": "1120011400106850437-1", "pnu": "1120011400106850437", "floors": 4, "height": 0.0}}, {"type": "Feature", "geometry": {"type": "Polygon", "coordinates": [[[127.04157255, 37.54788787], [127.04159895, 37.54793885], [127.04168236, 37.54793648], [127.0417292, 37.54792755], [127.04174244, 37.54794628], [127.04177899, 37.54793464], [127.04175247, 37.54787212], [127.0417605, 37.54787167], [127.04174374, 37.54783609], [127.04157255, 37.54788787]]]}, "properties": {"name": "성수동1가 685-409", "status": "full", "capacity": 3, "active": 3, "industry": "식물 소매", "vacancy_rate": 0.0, "vacancy_rate_lo": 0.0, "vacancy_rate_hi": 33.3, "stores": 3, "source": "stores+ledger", "capacity_method": "floor_ouln", "active_pip": 0, "licensed": 1, "id": "1120011400106850409-1", "pnu": "1120011400106850409", "floors": 5, "height": 12.0}}, {"type": "Feature", "geometry": {"type": "Polygon", "coordinates": [[[127.04262926, 37.5476835], [127.04277307, 37.54763993], [127.04272617, 37.54754778], [127.04258644, 37.54758891], [127.04262926, 37.5476835]]]}, "properties": {"name": "성수동1가 668-100", "status": "full", "capacity": 2, "active": 2, "industry": "섬유·의복·신발 소매", "vacancy_rate": 0.0, "vacancy_rate_lo": 0.0, "vacancy_rate_hi": 0.0, "stores": 5, "source": "stores+ledger", "capacity_method": "floor_ouln", "active_pip": 0, "licensed": 0, "id": "1120011400106680100-1", "pnu": "1120011400106680100", "floors": 4, "height": 0.0}}, {"type": "Feature", "geometry": {"type": "Polygon", "coordinates": [[[127.04225651, 37.54788357], [127.04229604, 37.54795618], [127.04242177, 37.54797145], [127.04236139, 37.54785362], [127.04225651, 37.54788357]]]}, "properties": {"name": "성수동1가 685-400", "status": "partial", "capacity": 2, "active": 1, "industry": "교육 지원", "vacancy_rate": 50.0, "vacancy_rate_lo": 50.0, "vacancy_rate_hi": 50.0, "stores": 1, "source": "stores+ledger", "capacity_method": "floor_ouln", "active_pip": 0, "licensed": 1, "id": "1120011400106850400-2", "pnu": "1120011400106850400", "floors": 4, "height": 0.0}}, {"type": "Feature", "geometry": {"type": "Polygon", "coordinates": [[[127.04042207, 37.54774446], [127.04035452, 37.54776342], [127.04033833, 37.54773215], [127.04029465, 37.54774505], [127.04032966, 37.54782702], [127.0403429, 37.54782531], [127.04035197, 37.54784927], [127.04045685, 37.54782131], [127.04042207, 37.54774446]]]}, "properties": {"name": "성수동1가 685-472", "status": "full", "capacity": 2, "active": 2, "industry": "종합 소매", "vacancy_rate": 0.0, "vacancy_rate_lo": 0.0, "vacancy_rate_hi": 0.0, "stores": 2, "source": "stores+ledger", "capacity_method": "floor_ouln", "active_pip": 0, "licensed": 1, "id": "1120011400106850472-1", "pnu": "1120011400106850472", "floors": 4, "height": 12.4}}, {"type": "Feature", "geometry": {"type": "Polygon", "coordinates": [[[127.04005547, 37.54782388], [127.03994289, 37.54785518], [127.0399736, 37.54793175], [127.04009127, 37.54789649], [127.04005547, 37.54782388]]]}, "properties": {"name": "성수동1가 685-350", "status": "full", "capacity": 2, "active": 2, "industry": "주점", "vacancy_rate": 0.0, "vacancy_rate_lo": 0.0, "vacancy_rate_hi": 50.0, "stores": 2, "source": "stores+ledger", "capacity_method": "floor_ouln", "active_pip": 0, "licensed": 1, "id": "1120011400106850350-1", "pnu": "1120011400106850350", "floors": 3, "height": 8.9}}, {"type": "Feature", "geometry": {"type": "Polygon", "coordinates": [[[127.04194137, 37.54790692], [127.04187918, 37.54778828], [127.04178899, 37.54781508], [127.04178199, 37.54783733], [127.04182901, 37.54793805], [127.04194137, 37.54790692]]]}, "properties": {"name": "성수동1가 685-408", "status": "partial", "capacity": 2, "active": 1, "industry": "비알코올 ", "vacancy_rate": 50.0, "vacancy_rate_lo": 50.0, "vacancy_rate_hi": 50.0, "stores": 2, "source": "stores+ledger", "capacity_method": "floor_ouln", "active_pip": 0, "licensed": 1, "id": "1120011400106850408-1", "pnu": "1120011400106850408", "floors": 4, "height": 12.9}}, {"type": "Feature", "geometry": {"type": "Polygon", "coordinates": [[[127.04012234, 37.5478053], [127.04006407, 37.54782568], [127.0400967, 37.54789081], [127.04015564, 37.54787223], [127.04012234, 37.5478053]]]}, "properties": {"name": "성수동1가 685-350", "status": "full", "capacity": 2, "active": 2, "industry": "주점", "vacancy_rate": 0.0, "vacancy_rate_lo": 0.0, "vacancy_rate_hi": 50.0, "stores": 2, "source": "stores+ledger", "capacity_method": "floor_ouln", "active_pip": 0, "licensed": 1, "id": "1120011400106850350-2", "pnu": "1120011400106850350", "floors": 0, "height": 0.0}}, {"type": "Feature", "geometry": {"type": "Polygon", "coordinates": [[[127.04070019, 37.54767833], [127.04068645, 37.54778627], [127.041072, 37.5478065], [127.04107765, 37.54778802], [127.0412311, 37.54779239], [127.04123684, 37.54774067], [127.0412064, 37.54773951], [127.04121124, 37.54768725], [127.04104862, 37.54767721], [127.04104559, 37.5477292], [127.04101413, 37.54772777], [127.0410174, 37.5476956], [127.04070019, 37.54767833]]]}, "properties": {"name": "성수동1가 676-5", "status": "high", "capacity": 12, "active": 4, "industry": "", "vacancy_rate": 66.7, "source": "pip_only", "capacity_method": "floor_approx", "active_pip": 4, "licensed": 2, "id": "1120011400106760005-6", "pnu": "1120011400106760005", "floors": 12, "height": 0.0}}, {"type": "Feature", "geometry": {"type": "Polygon", "coordinates": [[[127.03951009, 37.54728698], [127.03948641, 37.54723274], [127.03942328, 37.54724601], [127.0394175, 37.54722376], [127.03934847, 37.54723783], [127.03938292, 37.54732621], [127.03951009, 37.54728698]]]}, "properties": {"name": "성수동1가 685-495", "status": "partial", "capacity": 3, "active": 2, "industry": "오락용품 소매", "vacancy_rate": 33.3, "vacancy_rate_lo": 33.3, "vacancy_rate_hi": 33.3, "stores": 2, "source": "stores+ledger", "capacity_method": "floor_ouln", "active_pip": 0, "licensed": 2, "id": "1120011400106850495-1", "pnu": "1120011400106850495", "floors": 2, "height": 0.0}}, {"type": "Feature", "geometry": {"type": "Polygon", "coordinates": [[[127.04286868, 37.54744825], [127.04284103, 37.547376], [127.04268659, 37.54741976], [127.04271855, 37.54749877], [127.04286868, 37.54744825]]]}, "properties": {"name": "일지빌딩", "status": "full", "capacity": 2, "active": 2, "industry": "섬유·의복·신발 소매", "vacancy_rate": 0.0, "vacancy_rate_lo": 0.0, "vacancy_rate_hi": 0.0, "stores": 3, "source": "stores+ledger", "capacity_method": "floor_ouln", "active_pip": 0, "licensed": 1, "id": "1120011400106680101-1", "pnu": "1120011400106680101", "floors": 5, "height": 15.1}}, {"type": "Feature", "geometry": {"type": "Polygon", "coordinates": [[[127.03990678, 37.5469878], [127.03978289, 37.54702461], [127.03979706, 37.54706001], [127.03980996, 37.54705803], [127.0398231, 37.5470854], [127.039935, 37.54705266], [127.03990678, 37.5469878]]]}, "properties": {"name": "성수동1가 685-507", "status": "partial", "capacity": 2, "active": 1, "industry": "", "vacancy_rate": 50.0, "source": "pip_only", "capacity_method": "floor_approx", "active_pip": 0, "licensed": 1, "id": "1120011400106850507-1", "pnu": "1120011400106850507", "floors": 2, "height": 7.6}}, {"type": "Feature", "geometry": {"type": "Polygon", "coordinates": [[[127.03985549, 37.54755536], [127.03998504, 37.54751928], [127.03997122, 37.54748595], [127.03996431, 37.54748667], [127.03994767, 37.54745667], [127.03982512, 37.54749059], [127.03985549, 37.54755536]]]}, "properties": {"name": "성수동1가 685-493", "status": "full", "capacity": 2, "active": 2, "industry": "의약·화장품 소매", "vacancy_rate": 0.0, "vacancy_rate_lo": 0.0, "vacancy_rate_hi": 0.0, "stores": 4, "source": "stores+ledger", "capacity_method": "floor_ouln", "active_pip": 0, "licensed": 0, "id": "1120011400106850493-1", "pnu": "1120011400106850493", "floors": 2, "height": 7.6}}, {"type": "Feature", "geometry": {"type": "Polygon", "coordinates": [[[127.04024641, 37.54766605], [127.04014152, 37.5476987], [127.04014481, 37.5477078], [127.04012829, 37.54771051], [127.0401599, 37.54777853], [127.04028051, 37.54774353], [127.04024641, 37.54766605]]]}, "properties": {"name": "성수동1가 685-438", "status": "empty", "capacity": 3, "active": 0, "industry": "", "vacancy_rate": 100.0, "source": "polygon_only", "capacity_method": "floor_approx", "active_pip": 0, "licensed": 0, "id": "1120011400106850438-1", "pnu": "1120011400106850438", "floors": 3, "height": 9.4}}, {"type": "Feature", "geometry": {"type": "Polygon", "coordinates": [[[127.04061971, 37.54678916], [127.04055001, 37.54680891], [127.04055466, 37.54682567], [127.04054244, 37.54682594], [127.04054992, 37.54685225], [127.04052933, 37.54685658], [127.0405427, 37.54688928], [127.04065052, 37.54686069], [127.04061971, 37.54678916]]]}, "properties": {"name": "성수동1가 685-450", "status": "empty", "capacity": 2, "active": 0, "industry": "", "vacancy_rate": 100.0, "source": "polygon_only", "capacity_method": "floor_approx", "active_pip": 0, "licensed": 0, "id": "1120011400106850450-1", "pnu": "1120011400106850450", "floors": 2, "height": 7.5}}, {"type": "Feature", "geometry": {"type": "Polygon", "coordinates": [[[127.04007901, 37.5476125], [127.04009964, 37.54766394], [127.04011242, 37.54765862], [127.04012058, 37.54768033], [127.04023248, 37.54764983], [127.04020166, 37.54758092], [127.04007901, 37.5476125]]]}, "properties": {"name": "성수동1가 685-439", "status": "high", "capacity": 3, "active": 1, "industry": "", "vacancy_rate": 66.7, "source": "pip_only", "capacity_method": "floor_approx", "active_pip": 0, "licensed": 1, "id": "1120011400106850439-1", "pnu": "1120011400106850439", "floors": 3, "height": 9.0}}, {"type": "Feature", "geometry": {"type": "Polygon", "coordinates": [[[127.04092739, 37.54742326], [127.04096682, 37.5475056], [127.04106649, 37.54747484], [127.04103398, 37.5473989], [127.04098691, 37.54741198], [127.04098306, 37.54740522], [127.04092739, 37.54742326]]]}, "properties": {"name": "성수동1가 685-417", "status": "full", "capacity": 2, "active": 2, "industry": "기타 간이", "vacancy_rate": 0.0, "vacancy_rate_lo": 0.0, "vacancy_rate_hi": 0.0, "stores": 2, "source": "stores+ledger", "capacity_method": "floor_ouln", "active_pip": 0, "licensed": 1, "id": "1120011400106850417-1", "pnu": "1120011400106850417", "floors": 2, "height": 7.5}}, {"type": "Feature", "geometry": {"type": "Polygon", "coordinates": [[[127.04102344, 37.54738188], [127.04099274, 37.54731242], [127.04094771, 37.54732496], [127.0409417, 37.54731208], [127.04088083, 37.54732958], [127.04092071, 37.54741164], [127.04102344, 37.54738188]]]}, "properties": {"name": "성수동1가 685-420", "status": "full", "capacity": 2, "active": 2, "industry": "주점", "vacancy_rate": 0.0, "vacancy_rate_lo": 0.0, "vacancy_rate_hi": 0.0, "stores": 4, "source": "stores+ledger", "capacity_method": "floor_ouln", "active_pip": 0, "licensed": 3, "id": "1120011400106850420-1", "pnu": "1120011400106850420", "floors": 2, "height": 0.0}}, {"type": "Feature", "geometry": {"type": "Polygon", "coordinates": [[[127.0412911, 37.5466053], [127.04131807, 37.54667692], [127.04148835, 37.54663073], [127.0414726, 37.54659308], [127.04148719, 37.54658623], [127.04147065, 37.54655803], [127.0412911, 37.5466053]]]}, "properties": {"name": "성수동1가 685-480", "status": "full", "capacity": 2, "active": 2, "industry": "서양식", "vacancy_rate": 0.0, "vacancy_rate_lo": 0.0, "vacancy_rate_hi": 0.0, "stores": 3, "source": "stores+ledger", "capacity_method": "floor_ouln", "active_pip": 0, "licensed": 2, "id": "1120011400106850480-1", "pnu": "1120011400106850480", "floors": 2, "height": 6.9}}, {"type": "Feature", "geometry": {"type": "Polygon", "coordinates": [[[127.04183711, 37.5470375], [127.04176119, 37.54705861], [127.04181681, 37.54718122], [127.04199886, 37.54712276], [127.04196759, 37.54706124], [127.04186871, 37.54709407], [127.04183711, 37.5470375]]]}, "properties": {"name": "성수동1가 685-271", "status": "full", "capacity": 1, "active": 1, "industry": "비알코올 ", "vacancy_rate": 0.0, "vacancy_rate_lo": 0.0, "vacancy_rate_hi": 0.0, "stores": 2, "source": "stores+ledger", "capacity_method": "floor_ouln", "active_pip": 0, "licensed": 0, "id": "1120011400106850271-1", "pnu": "1120011400106850271", "floors": 2, "height": 0.0}}, {"type": "Feature", "geometry": {"type": "Polygon", "coordinates": [[[127.03981891, 37.54749014], [127.03975836, 37.54750683], [127.03976778, 37.54753457], [127.03969628, 37.54755514], [127.03972154, 37.5476082], [127.03985177, 37.54757347], [127.03981891, 37.54749014]]]}, "properties": {"name": "CRKO", "status": "full", "capacity": 1, "active": 1, "industry": "비알코올 ", "vacancy_rate": 0.0, "vacancy_rate_lo": 0.0, "vacancy_rate_hi": 0.0, "stores": 1, "source": "stores+ledger", "capacity_method": "floor_ouln", "active_pip": 0, "licensed": 1, "id": "1120011400106850490-1", "pnu": "1120011400106850490", "floors": 2, "height": 0.0}}, {"type": "Feature", "geometry": {"type": "Polygon", "coordinates": [[[127.04008904, 37.54751672], [127.04010241, 37.54755122], [127.04006134, 37.54756331], [127.04007855, 37.54760043], [127.04018683, 37.54757209], [127.04015794, 37.54749696], [127.04008904, 37.54751672]]]}, "properties": {"name": "성수동1가 685-337", "status": "full", "capacity": 2, "active": 2, "industry": "동남아시아", "vacancy_rate": 0.0, "vacancy_rate_lo": 0.0, "vacancy_rate_hi": 50.0, "stores": 2, "source": "stores+ledger", "capacity_method": "floor_ouln", "active_pip": 0, "licensed": 0, "id": "1120011400106850337-1", "pnu": "1120011400106850337", "floors": 2, "height": 7.5}}, {"type": "Feature", "geometry": {"type": "Polygon", "coordinates": [[[127.04017963, 37.54722107], [127.04015516, 37.54717161], [127.04008138, 37.54718506], [127.04006507, 37.54714182], [127.03999696, 37.54716454], [127.04003967, 37.54726139], [127.04017963, 37.54722107]]]}, "properties": {"name": "성수동1가 685-510", "status": "full", "capacity": 2, "active": 2, "industry": "기타 간이", "vacancy_rate": 0.0, "vacancy_rate_lo": 0.0, "vacancy_rate_hi": 0.0, "stores": 3, "source": "stores+ledger", "capacity_method": "floor_ouln", "active_pip": 0, "licensed": 0, "id": "1120011400106850510-1", "pnu": "1120011400106850510", "floors": 3, "height": 13.0}}, {"type": "Feature", "geometry": {"type": "Polygon", "coordinates": [[[127.04259312, 37.54780398], [127.04249253, 37.54783248], [127.04255474, 37.54797393], [127.04265283, 37.5479455], [127.04259312, 37.54780398]]]}, "properties": {"name": "성수동1가 668-140", "status": "high", "capacity": 5, "active": 1, "industry": "", "vacancy_rate": 80.0, "source": "pip_only", "capacity_method": "floor_approx", "active_pip": 1, "licensed": 1, "id": "1120011400106680140-1", "pnu": "1120011400106680140", "floors": 5, "height": 15.8}}, {"type": "Feature", "geometry": {"type": "Polygon", "coordinates": [[[127.04037464, 37.54727223], [127.04038595, 37.54727223], [127.04037463, 37.54726322], [127.04036332, 37.54727224], [127.04037464, 37.54727223]]]}, "properties": {"name": "성수동1가 685-467", "status": "full", "capacity": 3, "active": 3, "industry": "한식", "vacancy_rate": 0.0, "vacancy_rate_lo": 0.0, "vacancy_rate_hi": 0.0, "stores": 3, "source": "stores+ledger", "capacity_method": "floor_ouln", "active_pip": 0, "licensed": 3, "id": "1120011400106850467-2", "pnu": "1120011400106850467", "floors": 0, "height": 0.0}}, {"type": "Feature", "geometry": {"type": "Polygon", "coordinates": [[[127.0424955, 37.54689338], [127.04246774, 37.54682599], [127.04237689, 37.5468517], [127.04238222, 37.54686576], [127.04236785, 37.54687], [127.04238474, 37.54692351], [127.0424955, 37.54689338]]]}, "properties": {"name": "성수동1가 668-84", "status": "full", "capacity": 1, "active": 1, "industry": "서양식", "vacancy_rate": 0.0, "vacancy_rate_lo": 0.0, "vacancy_rate_hi": 0.0, "stores": 3, "source": "stores+ledger", "capacity_method": "floor_ouln", "active_pip": 0, "licensed": 3, "id": "1120011400106680084-1", "pnu": "1120011400106680084", "floors": 3, "height": 11.0}}, {"type": "Feature", "geometry": {"type": "Polygon", "coordinates": [[[127.04229867, 37.54720249], [127.04226865, 37.54713664], [127.04212269, 37.54717948], [127.04213731, 37.54721408], [127.04212362, 37.5472166], [127.04213541, 37.54724597], [127.04229867, 37.54720249]]]}, "properties": {"name": "성수동1가 668-92", "status": "empty", "capacity": 2, "active": 0, "industry": "", "vacancy_rate": 100.0, "source": "polygon_only", "capacity_method": "floor_approx", "active_pip": 0, "licensed": 0, "id": "1120011400106680092-1", "pnu": "1120011400106680092", "floors": 2, "height": 0.0}}, {"type": "Feature", "geometry": {"type": "Polygon", "coordinates": [[[127.03986184, 37.54757797], [127.03977562, 37.54760224], [127.03978243, 37.54762719], [127.03973604, 37.5476418], [127.03976085, 37.5476963], [127.03989391, 37.5476604], [127.03986184, 37.54757797]]]}, "properties": {"name": "성수동1가 685-335", "status": "empty", "capacity": 1, "active": 0, "industry": "", "vacancy_rate": 100.0, "source": "polygon_only", "capacity_method": "floor_approx", "active_pip": 0, "licensed": 0, "id": "1120011400106850335-1", "pnu": "1120011400106850335", "floors": 1, "height": 0.0}}, {"type": "Feature", "geometry": {"type": "Polygon", "coordinates": [[[127.04798119, 37.55007649], [127.04803121, 37.55008656], [127.04804115, 37.55004664], [127.04799158, 37.55003747], [127.04798119, 37.55007649]]]}, "properties": {"name": "성수동1가 13-439", "status": "high", "capacity": 3, "active": 1, "industry": "이용·미용", "vacancy_rate": 66.7, "vacancy_rate_lo": 66.7, "vacancy_rate_hi": 66.7, "stores": 2, "source": "stores+ledger", "capacity_method": "floor_ouln", "active_pip": 0, "licensed": 1, "id": "1120011400100130439-1", "pnu": "1120011400100130439", "floors": 0, "height": 0.0}}, {"type": "Feature", "geometry": {"type": "Polygon", "coordinates": [[[127.04802703, 37.55008944], [127.04800949, 37.55008585], [127.04800259, 37.55010432], [127.04802104, 37.55010917], [127.04802703, 37.55008944]]]}, "properties": {"name": "성수동1가 13-439", "status": "high", "capacity": 3, "active": 1, "industry": "이용·미용", "vacancy_rate": 66.7, "vacancy_rate_lo": 66.7, "vacancy_rate_hi": 66.7, "stores": 2, "source": "stores+ledger", "capacity_method": "floor_ouln", "active_pip": 0, "licensed": 1, "id": "1120011400100130439-2", "pnu": "1120011400100130439", "floors": 0, "height": 0.0}}, {"type": "Feature", "geometry": {"type": "Polygon", "coordinates": [[[127.04832686, 37.55053297], [127.04835487, 37.55044601], [127.04835159, 37.55043961], [127.0482168, 37.55042319], [127.04819162, 37.55050816], [127.04832686, 37.55053297]]]}, "properties": {"name": "좌측", "status": "full", "capacity": 1, "active": 1, "industry": "비알코올 ", "vacancy_rate": 0.0, "vacancy_rate_lo": 0.0, "vacancy_rate_hi": 0.0, "stores": 2, "source": "stores+ledger", "capacity_method": "floor_ouln", "active_pip": 0, "licensed": 2, "id": "1120011400100130419-1", "pnu": "1120011400100130419", "floors": 3, "height": 0.0}}, {"type": "Feature", "geometry": {"type": "Polygon", "coordinates": [[[127.04830214, 37.55025988], [127.04819155, 37.55023822], [127.04816794, 37.55031193], [127.04825521, 37.55032757], [127.04825623, 37.55032262], [127.04828396, 37.55032684], [127.04830214, 37.55025988]]]}, "properties": {"name": "성수동1가 13-78", "status": "full", "capacity": 2, "active": 2, "industry": "기타 간이", "vacancy_rate": 0.0, "vacancy_rate_lo": 0.0, "vacancy_rate_hi": 50.0, "stores": 2, "source": "stores+ledger", "capacity_method": "floor_ouln", "active_pip": 0, "licensed": 2, "id": "1120011400100130078-1", "pnu": "1120011400100130078", "floors": 3, "height": 0.0}}, {"type": "Feature", "geometry": {"type": "Polygon", "coordinates": [[[127.04853932, 37.5506037], [127.04856246, 37.55050926], [127.04854275, 37.5504799], [127.04837627, 37.55045555], [127.04835108, 37.5505281], [127.04846347, 37.55055462], [127.04845647, 37.55058625], [127.04853932, 37.5506037]]]}, "properties": {"name": "성수동1가 13-450", "status": "high", "capacity": 4, "active": 1, "industry": "섬유·의복·신발 소매", "vacancy_rate": 75.0, "vacancy_rate_lo": 75.0, "vacancy_rate_hi": 100.0, "stores": 1, "source": "stores+ledger", "capacity_method": "floor_ouln", "active_pip": 0, "licensed": 0, "id": "1120011400100130450-1", "pnu": "1120011400100130450", "floors": 5, "height": 13.4}}, {"type": "Feature", "geometry": {"type": "Polygon", "coordinates": [[[127.04782763, 37.55022919], [127.04794898, 37.55025454], [127.04800156, 37.55008562], [127.04787701, 37.550059], [127.04782763, 37.55022919]]]}, "properties": {"name": "성수동1가 13-439", "status": "high", "capacity": 3, "active": 1, "industry": "이용·미용", "vacancy_rate": 66.7, "vacancy_rate_lo": 66.7, "vacancy_rate_hi": 66.7, "stores": 2, "source": "stores+ledger", "capacity_method": "floor_ouln", "active_pip": 0, "licensed": 1, "id": "1120011400100130439-3", "pnu": "1120011400100130439", "floors": 6, "height": 18.15}}, {"type": "Feature", "geometry": {"type": "Polygon", "coordinates": [[[127.0486536, 37.55057608], [127.04877176, 37.55059847], [127.04877887, 37.55058216], [127.04887123, 37.5505978], [127.04888613, 37.55054545], [127.04869803, 37.5505148], [127.04869351, 37.55051525], [127.04868412, 37.5505185], [127.04867722, 37.55052363], [127.04867394, 37.5505267], [127.04866851, 37.55053166], [127.04866398, 37.55053869], [127.0486536, 37.55057608]]]}, "properties": {"name": "성수동1가 708", "status": "empty", "capacity": 2, "active": 0, "industry": "", "vacancy_rate": 100.0, "source": "polygon_only", "capacity_method": "floor_approx", "active_pip": 0, "licensed": 0, "id": "1120011400107080000-1", "pnu": "1120011400107080000", "floors": 2, "height": 6.25}}, {"type": "Feature", "geometry": {"type": "Polygon", "coordinates": [[[127.0480254, 37.54986094], [127.04794109, 37.54984413], [127.04789129, 37.55000021], [127.04788259, 37.55002742], [127.0479737, 37.55004577], [127.04798635, 37.55000017], [127.0480254, 37.54986094]]]}, "properties": {"name": "성수동1가 13-440", "status": "full", "capacity": 3, "active": 3, "industry": "이용·미용", "vacancy_rate": 0.0, "vacancy_rate_lo": 0.0, "vacancy_rate_hi": 33.3, "stores": 6, "source": "stores+ledger", "capacity_method": "floor_ouln", "active_pip": 0, "licensed": 1, "id": "1120011400100130440-1", "pnu": "1120011400100130440", "floors": 4, "height": 13.2}}, {"type": "Feature", "geometry": {"type": "Polygon", "coordinates": [[[127.04785136, 37.5496883], [127.04773864, 37.54966447], [127.04765632, 37.54995804], [127.04766538, 37.54996065], [127.04765783, 37.54999345], [127.04769687, 37.55000019], [127.04775312, 37.55000981], [127.04775606, 37.55000017], [127.04785136, 37.5496883]]]}, "properties": {"name": "쌍용아파트", "status": "high", "capacity": 189, "active": 23, "industry": "일반 교육", "vacancy_rate": 87.8, "vacancy_rate_lo": null, "vacancy_rate_hi": null, "stores": 23, "source": "stores+ledger", "capacity_method": "expos_units", "active_pip": 0, "licensed": 0, "id": "1120011400107060000-1", "pnu": "1120011400107060000", "floors": 3, "height": 63.5}}, {"type": "Feature", "geometry": {"type": "Polygon", "coordinates": [[[127.04527406, 37.54933396], [127.04531928, 37.54927015], [127.04521026, 37.54921262], [127.0451587, 37.54928445], [127.04527406, 37.54933396]]]}, "properties": {"name": "성수동1가 656-1768", "status": "empty", "capacity": 1, "active": 0, "industry": "", "vacancy_rate": 100.0, "source": "polygon_only", "capacity_method": "floor_approx", "active_pip": 0, "licensed": 0, "id": "1120011400106561768-1", "pnu": "1120011400106561768", "floors": 1, "height": 5.1}}, {"type": "Feature", "geometry": {"type": "Polygon", "coordinates": [[[127.04612529, 37.54808242], [127.04634616, 37.54784789], [127.04630235, 37.5478243], [127.04627474, 37.54783431], [127.04623923, 37.54786333], [127.04620256, 37.54784821], [127.04618208, 37.54786498], [127.04616669, 37.54785678], [127.04604116, 37.54799181], [127.04604886, 37.54799685], [127.04602205, 37.54801984], [127.04612529, 37.54808242]]]}, "properties": {"name": "DS빌딩", "status": "partial", "capacity": 6, "active": 5, "industry": "의원", "vacancy_rate": 16.7, "vacancy_rate_lo": 16.7, "vacancy_rate_hi": 33.3, "stores": 5, "source": "stores+ledger", "capacity_method": "floor_ouln", "active_pip": 0, "licensed": 1, "id": "1120011400106561112-1", "pnu": "1120011400106561112", "floors": 6, "height": 24.9}}, {"type": "Feature", "geometry": {"type": "Polygon", "coordinates": [[[127.04600262, 37.54862756], [127.04602527, 37.5486526], [127.0460686, 37.54862673], [127.04605772, 37.54860889], [127.04600262, 37.54862756]]]}, "properties": {"name": "성수동1가 7-19", "status": "full", "capacity": 1, "active": 1, "industry": "이용·미용", "vacancy_rate": 0.0, "vacancy_rate_lo": 0.0, "vacancy_rate_hi": 100.0, "stores": 1, "source": "stores+ledger", "capacity_method": "floor_ouln", "active_pip": 0, "licensed": 0, "id": "1120011400100070019-1", "pnu": "1120011400100070019", "floors": 0, "height": 0.0}}, {"type": "Feature", "geometry": {"type": "Polygon", "coordinates": [[[127.04560521, 37.54938351], [127.04568932, 37.54944354], [127.04582979, 37.549315], [127.04575665, 37.54926106], [127.04560521, 37.54938351]]]}, "properties": {"name": "성수동1가 656-1250", "status": "full", "capacity": 1, "active": 1, "industry": "일식", "vacancy_rate": 0.0, "vacancy_rate_lo": 0.0, "vacancy_rate_hi": 0.0, "stores": 1, "source": "stores+ledger", "capacity_method": "floor_ouln", "active_pip": 0, "licensed": 1, "id": "1120011400106561250-1", "pnu": "1120011400106561250", "floors": 1, "height": 0.0}}, {"type": "Feature", "geometry": {"type": "Polygon", "coordinates": [[[127.04507117, 37.54937125], [127.04517577, 37.54942428], [127.04523366, 37.54934686], [127.04519857, 37.54932597], [127.04520739, 37.54931597], [127.04514502, 37.54928283], [127.04507117, 37.54937125]]]}, "properties": {"name": "성수동1가 656-1767", "status": "full", "capacity": 1, "active": 1, "industry": "섬유·의복·신발 소매", "vacancy_rate": 0.0, "vacancy_rate_lo": 0.0, "vacancy_rate_hi": 100.0, "stores": 1, "source": "stores+ledger", "capacity_method": "floor_ouln", "active_pip": 0, "licensed": 0, "id": "1120011400106561767-1", "pnu": "1120011400106561767", "floors": 2, "height": 0.0}}, {"type": "Feature", "geometry": {"type": "Polygon", "coordinates": [[[127.04650786, 37.54857763], [127.04654157, 37.54855806], [127.04654576, 37.54856482], [127.04660775, 37.54852713], [127.04661023, 37.54851119], [127.04659608, 37.54849858], [127.04650714, 37.54850312], [127.04645759, 37.5485253], [127.04650786, 37.54857763]]]}, "properties": {"name": "성수동1가 7-15", "status": "full", "capacity": 1, "active": 1, "industry": "동남아시아", "vacancy_rate": 0.0, "vacancy_rate_lo": 0.0, "vacancy_rate_hi": 0.0, "stores": 1, "source": "stores+ledger", "capacity_method": "floor_ouln", "active_pip": 0, "licensed": 1, "id": "1120011400100070015-1", "pnu": "1120011400100070015", "floors": 4, "height": 12.0}}, {"type": "Feature", "geometry": {"type": "Polygon", "coordinates": [[[127.04665369, 37.55005331], [127.0466472, 37.55006968], [127.04668556, 37.55007678], [127.04669106, 37.55006054], [127.04665369, 37.55005331]]]}, "properties": {"name": "쌍용아파트", "status": "high", "capacity": 189, "active": 23, "industry": "일반 교육", "vacancy_rate": 87.8, "vacancy_rate_lo": null, "vacancy_rate_hi": null, "stores": 23, "source": "stores+ledger", "capacity_method": "expos_units", "active_pip": 0, "licensed": 0, "id": "1120011400107060000-2", "pnu": "1120011400107060000", "floors": 0, "height": 0.0}}, {"type": "Feature", "geometry": {"type": "Polygon", "coordinates": [[[127.04585512, 37.54910011], [127.04580155, 37.54904328], [127.04575903, 37.54906537], [127.0457477, 37.54905609], [127.04567541, 37.54909189], [127.04572819, 37.54916377], [127.04585512, 37.54910011]]]}, "properties": {"name": "오스트카카성수쇼룸", "status": "full", "capacity": 2, "active": 2, "industry": "섬유·의복·신발 소매", "vacancy_rate": 0.0, "vacancy_rate_lo": 0.0, "vacancy_rate_hi": 50.0, "stores": 4, "source": "stores+ledger", "capacity_method": "floor_ouln", "active_pip": 0, "licensed": 2, "id": "1120011400106560881-1", "pnu": "1120011400106560881", "floors": 2, "height": 7.0}}, {"type": "Feature", "geometry": {"type": "Polygon", "coordinates": [[[127.04609152, 37.54873691], [127.04597683, 37.54863586], [127.04591133, 37.54867652], [127.04602014, 37.54878145], [127.04609152, 37.54873691]]]}, "properties": {"name": "성수동1가 7-20", "status": "partial", "capacity": 2, "active": 1, "industry": "비알코올 ", "vacancy_rate": 50.0, "vacancy_rate_lo": 50.0, "vacancy_rate_hi": 50.0, "stores": 1, "source": "stores+ledger", "capacity_method": "floor_ouln", "active_pip": 0, "licensed": 1, "id": "1120011400100070020-1", "pnu": "1120011400100070020", "floors": 1, "height": 0.0}}, {"type": "Feature", "geometry": {"type": "Polygon", "coordinates": [[[127.04552609, 37.54917375], [127.04556129, 37.54919203], [127.04566908, 37.54909982], [127.04565697, 37.54908955], [127.04560853, 37.54910236], [127.04552609, 37.54917375]]]}, "properties": {"name": "성수동1가 656-1251", "status": "empty", "capacity": 2, "active": 0, "industry": "", "vacancy_rate": 100.0, "source": "polygon_only", "capacity_method": "floor_approx", "active_pip": 0, "licensed": 0, "id": "1120011400106561251-1", "pnu": "1120011400106561251", "floors": 2, "height": 8.0}}, {"type": "Feature", "geometry": {"type": "Polygon", "coordinates": [[[127.04610144, 37.54885809], [127.04605332, 37.54881198], [127.04594631, 37.54888184], [127.04599556, 37.54893048], [127.04610144, 37.54885809]]]}, "properties": {"name": "성수동1가 7-1", "status": "full", "capacity": 1, "active": 1, "industry": "섬유·의복·신발 소매", "vacancy_rate": 0.0, "vacancy_rate_lo": 0.0, "vacancy_rate_hi": 100.0, "stores": 2, "source": "stores+ledger", "capacity_method": "floor_ouln", "active_pip": 0, "licensed": 0, "id": "1120011400100070001-1", "pnu": "1120011400100070001", "floors": 1, "height": 0.0}}, {"type": "Feature", "geometry": {"type": "Polygon", "coordinates": [[[127.04612523, 37.54926381], [127.04615973, 37.54923847], [127.04612735, 37.54921154], [127.04609341, 37.54923886], [127.04612523, 37.54926381]]]}, "properties": {"name": "쌍용아파트", "status": "high", "capacity": 189, "active": 23, "industry": "일반 교육", "vacancy_rate": 87.8, "vacancy_rate_lo": null, "vacancy_rate_hi": null, "stores": 23, "source": "stores+ledger", "capacity_method": "expos_units", "active_pip": 0, "licensed": 0, "id": "1120011400107060000-3", "pnu": "1120011400107060000", "floors": 0, "height": 0.0}}, {"type": "Feature", "geometry": {"type": "Polygon", "coordinates": [[[127.04676555, 37.54915353], [127.04671938, 37.54914527], [127.04670887, 37.5491824], [127.04675585, 37.54919094], [127.04676555, 37.54915353]]]}, "properties": {"name": "쌍용아파트", "status": "high", "capacity": 189, "active": 23, "industry": "일반 교육", "vacancy_rate": 87.8, "vacancy_rate_lo": null, "vacancy_rate_hi": null, "stores": 23, "source": "stores+ledger", "capacity_method": "expos_units", "active_pip": 0, "licensed": 0, "id": "1120011400107060000-4", "pnu": "1120011400107060000", "floors": 0, "height": 0.0}}, {"type": "Feature", "geometry": {"type": "Polygon", "coordinates": [[[127.04573274, 37.54919458], [127.04560415, 37.54932085], [127.04564275, 37.54935021], [127.04577848, 37.54923565], [127.04573274, 37.54919458]]]}, "properties": {"name": "성수동1가 656-1250", "status": "full", "capacity": 1, "active": 1, "industry": "일식", "vacancy_rate": 0.0, "vacancy_rate_lo": 0.0, "vacancy_rate_hi": 0.0, "stores": 1, "source": "stores+ledger", "capacity_method": "floor_ouln", "active_pip": 0, "licensed": 1, "id": "1120011400106561250-2", "pnu": "1120011400106561250", "floors": 0, "height": 0.0}}, {"type": "Feature", "geometry": {"type": "Polygon", "coordinates": [[[127.04564162, 37.54935256], [127.04561626, 37.54933518], [127.04560473, 37.54934653], [127.04562907, 37.54936319], [127.04564162, 37.54935256]]]}, "properties": {"name": "성수동1가 656-1250", "status": "full", "capacity": 1, "active": 1, "industry": "일식", "vacancy_rate": 0.0, "vacancy_rate_lo": 0.0, "vacancy_rate_hi": 0.0, "stores": 1, "source": "stores+ledger", "capacity_method": "floor_ouln", "active_pip": 0, "licensed": 1, "id": "1120011400106561250-3", "pnu": "1120011400106561250", "floors": 0, "height": 0.0}}, {"type": "Feature", "geometry": {"type": "Polygon", "coordinates": [[[127.04560331, 37.54868223], [127.04569552, 37.54865634], [127.04572277, 37.54862866], [127.04557424, 37.54854556], [127.04551443, 37.54861181], [127.04560331, 37.54868223]]]}, "properties": {"name": "뚝섬영재어린이집", "status": "full", "capacity": 2, "active": 2, "industry": "한식", "vacancy_rate": 0.0, "vacancy_rate_lo": 0.0, "vacancy_rate_hi": 0.0, "stores": 3, "source": "stores+ledger", "capacity_method": "floor_ouln", "active_pip": 0, "licensed": 3, "id": "1120011400106560805-1", "pnu": "1120011400106560805", "floors": 5, "height": 13.9}}, {"type": "Feature", "geometry": {"type": "Polygon", "coordinates": [[[127.04566048, 37.54908495], [127.04575833, 37.54904861], [127.04569919, 37.54893204], [127.04565439, 37.54895152], [127.04563143, 37.54897432], [127.04561673, 37.54899793], [127.04566048, 37.54908495]]]}, "properties": {"name": "성수동1가 656-703", "status": "full", "capacity": 3, "active": 3, "industry": "비알코올 ", "vacancy_rate": 0.0, "vacancy_rate_lo": 0.0, "vacancy_rate_hi": 66.7, "stores": 4, "source": "stores+ledger", "capacity_method": "floor_ouln", "active_pip": 0, "licensed": 3, "id": "1120011400106560703-1", "pnu": "1120011400106560703", "floors": 4, "height": 13.9}}, {"type": "Feature", "geometry": {"type": "Polygon", "coordinates": [[[127.04575525, 37.54862487], [127.04579406, 37.54861818], [127.04580718, 37.54861358], [127.04581362, 37.54858493], [127.04583624, 37.54856717], [127.04578109, 37.54852665], [127.04570056, 37.54856965], [127.04575525, 37.54862487]]]}, "properties": {"name": "성수동1가 656-1100", "status": "partial", "capacity": 4, "active": 2, "industry": "한식", "vacancy_rate": 50.0, "vacancy_rate_lo": 50.0, "vacancy_rate_hi": 100.0, "stores": 1, "source": "stores+ledger", "capacity_method": "floor_ouln", "active_pip": 0, "licensed": 1, "id": "1120011400106561100-1", "pnu": "1120011400106561100", "floors": 4, "height": 12.0}}, {"type": "Feature", "geometry": {"type": "Polygon", "coordinates": [[[127.04659381, 37.54884655], [127.04664075, 37.54880697], [127.04654281, 37.54873223], [127.0464943, 37.54877433], [127.04659381, 37.54884655]]]}, "properties": {"name": "성수동1가 656-779", "status": "empty", "capacity": 3, "active": 0, "industry": "", "vacancy_rate": 100.0, "source": "polygon_only", "capacity_method": "floor_approx", "active_pip": 0, "licensed": 0, "id": "1120011400106560779-1", "pnu": "1120011400106560779", "floors": 3, "height": 10.3}}, {"type": "Feature", "geometry": {"type": "Polygon", "coordinates": [[[127.0467086, 37.54837393], [127.04663213, 37.54822259], [127.04654252, 37.54825209], [127.0466063, 37.54837613], [127.0467086, 37.54837393]]]}, "properties": {"name": "성수동1가 656-377", "status": "empty", "capacity": 4, "active": 0, "industry": "", "vacancy_rate": 100.0, "source": "polygon_only", "capacity_method": "floor_approx", "active_pip": 0, "licensed": 0, "id": "1120011400106560377-1", "pnu": "1120011400106560377", "floors": 4, "height": 13.0}}, {"type": "Feature", "geometry": {"type": "Polygon", "coordinates": [[[127.04613473, 37.5496124], [127.04619422, 37.549563], [127.04610988, 37.54950645], [127.04605717, 37.54954927], [127.04613473, 37.5496124]]]}, "properties": {"name": "성수동1가 656-699", "status": "empty", "capacity": 1, "active": 0, "industry": "", "vacancy_rate": 100.0, "source": "polygon_only", "capacity_method": "floor_approx", "active_pip": 0, "licensed": 0, "id": "1120011400106560699-1", "pnu": "1120011400106560699", "floors": 1, "height": 0.0}}, {"type": "Feature", "geometry": {"type": "Polygon", "coordinates": [[[127.04595548, 37.54945218], [127.04605108, 37.54940466], [127.04597691, 37.5493281], [127.04588516, 37.54937382], [127.04595548, 37.54945218]]]}, "properties": {"name": "성수동1가 656-701", "status": "full", "capacity": 3, "active": 3, "industry": "안경·정밀기기 소매", "vacancy_rate": 0.0, "vacancy_rate_lo": 0.0, "vacancy_rate_hi": 33.3, "stores": 1, "source": "stores+ledger", "capacity_method": "floor_ouln", "active_pip": 0, "licensed": 0, "id": "1120011400106560701-1", "pnu": "1120011400106560701", "floors": 5, "height": 15.3}}, {"type": "Feature", "geometry": {"type": "Polygon", "coordinates": [[[127.04617446, 37.54928135], [127.04620185, 37.5492853], [127.04620827, 37.54923412], [127.04618066, 37.54923071], [127.04617446, 37.54928135]]]}, "properties": {"name": "쌍용아파트", "status": "high", "capacity": 189, "active": 23, "industry": "일반 교육", "vacancy_rate": 87.8, "vacancy_rate_lo": null, "vacancy_rate_hi": null, "stores": 23, "source": "stores+ledger", "capacity_method": "expos_units", "active_pip": 0, "licensed": 0, "id": "1120011400107060000-5", "pnu": "1120011400107060000", "floors": 0, "height": 0.0}}, {"type": "Feature", "geometry": {"type": "Polygon", "coordinates": [[[127.04587825, 37.54935922], [127.04600088, 37.5492907], [127.04595683, 37.54924035], [127.04583341, 37.54931014], [127.04587825, 37.54935922]]]}, "properties": {"name": "성수동1가 656-702", "status": "full", "capacity": 1, "active": 1, "industry": "기타 교육", "vacancy_rate": 0.0, "vacancy_rate_lo": 0.0, "vacancy_rate_hi": 0.0, "stores": 1, "source": "stores+ledger", "capacity_method": "floor_ouln", "active_pip": 0, "licensed": 0, "id": "1120011400106560702-1", "pnu": "1120011400106560702", "floors": 4, "height": 11.8}}, {"type": "Feature", "geometry": {"type": "Polygon", "coordinates": [[[127.04671992, 37.54837401], [127.04681315, 37.5483456], [127.04676929, 37.54824975], [127.04667539, 37.54827753], [127.04671992, 37.54837401]]]}, "properties": {"name": "성수동1가 656-831", "status": "full", "capacity": 1, "active": 1, "industry": "한식", "vacancy_rate": 0.0, "vacancy_rate_lo": 0.0, "vacancy_rate_hi": 0.0, "stores": 1, "source": "stores+ledger", "capacity_method": "floor_ouln", "active_pip": 0, "licensed": 1, "id": "1120011400106560831-1", "pnu": "1120011400106560831", "floors": 4, "height": 14.7}}, {"type": "Feature", "geometry": {"type": "Polygon", "coordinates": [[[127.04687222, 37.54998043], [127.04690307, 37.54990699], [127.04691869, 37.54990815], [127.0469258, 37.5498795], [127.04690916, 37.54987482], [127.04695287, 37.54973587], [127.04697222, 37.54973686], [127.04698013, 37.5497082], [127.04696586, 37.54970577], [127.0469924, 37.54962548], [127.04687662, 37.54960282], [127.04676606, 37.54995795], [127.04687222, 37.54998043]]]}, "properties": {"name": "쌍용아파트", "status": "high", "capacity": 189, "active": 23, "industry": "일반 교육", "vacancy_rate": 87.8, "vacancy_rate_lo": null, "vacancy_rate_hi": null, "stores": 23, "source": "stores+ledger", "capacity_method": "expos_units", "active_pip": 0, "licensed": 0, "id": "1120011400107060000-6", "pnu": "1120011400107060000", "floors": 20, "height": 63.5}}, {"type": "Feature", "geometry": {"type": "Polygon", "coordinates": [[[127.0468474, 37.54937669], [127.04667141, 37.54934126], [127.04669229, 37.54924781], [127.04630782, 37.54916948], [127.04627721, 37.54926239], [127.046351, 37.54927714], [127.04635338, 37.54929308], [127.04639016, 37.54929992], [127.04639581, 37.54928253], [127.04654034, 37.54931283], [127.04653754, 37.54933905], [127.04657738, 37.54934571], [127.0465854, 37.54933237], [127.04664923, 37.54934289], [127.04662755, 37.54942533], [127.04670938, 37.5494381], [127.04670611, 37.5494572], [127.04674301, 37.5494652], [127.0467473, 37.54945142], [127.04682539, 37.54946373], [127.0468474, 37.54937669]]]}, "properties": {"name": "쌍용아파트", "status": "high", "capacity": 189, "active": 23, "industry": "일반 교육", "vacancy_rate": 87.8, "vacancy_rate_lo": null, "vacancy_rate_hi": null, "stores": 23, "source": "stores+ledger", "capacity_method": "expos_units", "active_pip": 0, "licensed": 0, "id": "1120011400107060000-7", "pnu": "1120011400107060000", "floors": 23, "height": 63.5}}, {"type": "Feature", "geometry": {"type": "Polygon", "coordinates": [[[127.04576139, 37.54851125], [127.04580392, 37.54845276], [127.04569366, 37.54839964], [127.04565002, 37.54846472], [127.04576139, 37.54851125]]]}, "properties": {"name": "성수BRICKWORKS", "status": "partial", "capacity": 2, "active": 1, "industry": "이용·미용", "vacancy_rate": 50.0, "vacancy_rate_lo": 50.0, "vacancy_rate_hi": 50.0, "stores": 1, "source": "stores+ledger", "capacity_method": "floor_ouln", "active_pip": 0, "licensed": 0, "id": "1120011400106561105-1", "pnu": "1120011400106561105", "floors": 4, "height": 15.4}}, {"type": "Feature", "geometry": {"type": "Polygon", "coordinates": [[[127.04566344, 37.54857003], [127.04569829, 37.54855821], [127.04572384, 37.54851929], [127.04563678, 37.54847031], [127.04557944, 37.54852439], [127.04566344, 37.54857003]]]}, "properties": {"name": "성수동1가 656-1104", "status": "empty", "capacity": 4, "active": 0, "industry": "", "vacancy_rate": 100.0, "source": "polygon_only", "capacity_method": "floor_approx", "active_pip": 0, "licensed": 0, "id": "1120011400106561104-1", "pnu": "1120011400106561104", "floors": 4, "height": 11.74}}, {"type": "Feature", "geometry": {"type": "Polygon", "coordinates": [[[127.04611563, 37.54874159], [127.04615872, 37.54870859], [127.04606803, 37.5486334], [127.04602833, 37.54866395], [127.04611563, 37.54874159]]]}, "properties": {"name": "성수동1가 7-19", "status": "full", "capacity": 1, "active": 1, "industry": "이용·미용", "vacancy_rate": 0.0, "vacancy_rate_lo": 0.0, "vacancy_rate_hi": 100.0, "stores": 1, "source": "stores+ledger", "capacity_method": "floor_ouln", "active_pip": 0, "licensed": 0, "id": "1120011400100070019-2", "pnu": "1120011400100070019", "floors": 1, "height": 3.85}}, {"type": "Feature", "geometry": {"type": "Polygon", "coordinates": [[[127.04632677, 37.54852824], [127.04641272, 37.5486302], [127.04647969, 37.54858214], [127.04641738, 37.54850798], [127.04632677, 37.54852824]]]}, "properties": {"name": "성수동1가 7-14", "status": "empty", "capacity": 2, "active": 0, "industry": "", "vacancy_rate": 100.0, "source": "polygon_only", "capacity_method": "floor_approx", "active_pip": 0, "licensed": 0, "id": "1120011400100070014-1", "pnu": "1120011400100070014", "floors": 2, "height": 0.0}}, {"type": "Feature", "geometry": {"type": "Polygon", "coordinates": [[[127.04522105, 37.54776822], [127.04519239, 37.54771642], [127.04511795, 37.54774052], [127.04514129, 37.54778817], [127.04522105, 37.54776822]]]}, "properties": {"name": "누디트서울숲", "status": "full", "capacity": 5, "active": 5, "industry": "비알코올 ", "vacancy_rate": 0.0, "vacancy_rate_lo": 0.0, "vacancy_rate_hi": 40.0, "stores": 9, "source": "stores+ledger", "capacity_method": "floor_ouln", "active_pip": 0, "licensed": 2, "id": "1120011400106561731-1", "pnu": "1120011400106561731", "floors": 0, "height": 0.0}}, {"type": "Feature", "geometry": {"type": "Polygon", "coordinates": [[[127.04754649, 37.54948462], [127.04766136, 37.54950755], [127.04776422, 37.54915034], [127.0476489, 37.54913453], [127.04754649, 37.54948462]]]}, "properties": {"name": "쌍용아파트", "status": "high", "capacity": 189, "active": 23, "industry": "일반 교육", "vacancy_rate": 87.8, "vacancy_rate_lo": null, "vacancy_rate_hi": null, "stores": 23, "source": "stores+ledger", "capacity_method": "expos_units", "active_pip": 0, "licensed": 0, "id": "1120011400107060000-8", "pnu": "1120011400107060000", "floors": 20, "height": 63.5}}, {"type": "Feature", "geometry": {"type": "Polygon", "coordinates": [[[127.04710127, 37.54890942], [127.04710105, 37.54891707], [127.04718423, 37.54892876], [127.04717982, 37.54894137], [127.0472226, 37.5489491], [127.0472278, 37.54893712], [127.04737087, 37.54896751], [127.04736703, 37.54897652], [127.04741196, 37.54898362], [127.04741636, 37.54897047], [127.04756372, 37.54899734], [127.04755931, 37.54901113], [127.04759462, 37.54901688], [127.0476005, 37.54900355], [127.04768289, 37.54901451], [127.04770558, 37.54892611], [127.0471311, 37.54882777], [127.04710127, 37.54890942]]]}, "properties": {"name": "쌍용아파트", "status": "high", "capacity": 189, "active": 23, "industry": "일반 교육", "vacancy_rate": 87.8, "vacancy_rate_lo": null, "vacancy_rate_hi": null, "stores": 23, "source": "stores+ledger", "capacity_method": "expos_units", "active_pip": 0, "licensed": 0, "id": "1120011400107060000-9", "pnu": "1120011400107060000", "floors": 20, "height": 63.5}}, {"type": "Feature", "geometry": {"type": "Polygon", "coordinates": [[[127.04703396, 37.54840884], [127.04705226, 37.54835667], [127.04703731, 37.54833118], [127.04696366, 37.54835418], [127.04698632, 37.54840715], [127.04703396, 37.54840884]]]}, "properties": {"name": "외", "status": "partial", "capacity": 3, "active": 2, "industry": "기타 간이", "vacancy_rate": 33.3, "vacancy_rate_lo": 33.3, "vacancy_rate_hi": 66.7, "stores": 2, "source": "stores+ledger", "capacity_method": "floor_ouln", "active_pip": 0, "licensed": 1, "id": "1120011400106560834-1", "pnu": "1120011400106560834", "floors": 4, "height": 13.2}}, {"type": "Feature", "geometry": {"type": "Polygon", "coordinates": [[[127.04679869, 37.54858716], [127.04690313, 37.54857045], [127.04689518, 37.54851396], [127.04678757, 37.54852734], [127.04679869, 37.54858716]]]}, "properties": {"name": "성수동1가 656-974", "status": "full", "capacity": 1, "active": 1, "industry": "한식", "vacancy_rate": 0.0, "vacancy_rate_lo": 0.0, "vacancy_rate_hi": 0.0, "stores": 3, "source": "stores+ledger", "capacity_method": "floor_ouln", "active_pip": 0, "licensed": 2, "id": "1120011400106560974-1", "pnu": "1120011400106560974", "floors": 4, "height": 13.55}}, {"type": "Feature", "geometry": {"type": "Polygon", "coordinates": [[[127.04686864, 37.54932405], [127.04698137, 37.54934392], [127.04700147, 37.54928454], [127.04701279, 37.54928652], [127.04702295, 37.54924705], [127.0470079, 37.54924408], [127.04703862, 37.54913991], [127.04705422, 37.54913991], [127.04706236, 37.54910468], [127.0470413, 37.54910018], [127.04705835, 37.54903918], [127.04695615, 37.54902129], [127.04686864, 37.54932405]]]}, "properties": {"name": "쌍용아파트", "status": "high", "capacity": 189, "active": 23, "industry": "일반 교육", "vacancy_rate": 87.8, "vacancy_rate_lo": null, "vacancy_rate_hi": null, "stores": 23, "source": "stores+ledger", "capacity_method": "expos_units", "active_pip": 0, "licensed": 0, "id": "1120011400107060000-10", "pnu": "1120011400107060000", "floors": 23, "height": 63.5}}, {"type": "Feature", "geometry": {"type": "Polygon", "coordinates": [[[127.04701552, 37.54787375], [127.04707646, 37.54796986], [127.04717116, 37.54793937], [127.04718838, 37.54796486], [127.04721282, 37.54795269], [127.0472084, 37.54794044], [127.04724086, 37.54792556], [127.04723905, 37.54791916], [127.04742108, 37.54786052], [127.04743354, 37.54788169], [127.04746093, 37.54786816], [127.04745379, 37.54784952], [127.04747742, 37.54783437], [127.04747415, 37.5478286], [127.04756397, 37.54779217], [127.04751865, 37.54770821], [127.04701552, 37.54787375]]]}, "properties": {"name": "중앙하이츠빌", "status": "high", "capacity": 16, "active": 5, "industry": "기타 간이", "vacancy_rate": 68.8, "vacancy_rate_lo": null, "vacancy_rate_hi": null, "stores": 5, "source": "stores+ledger", "capacity_method": "expos_units", "active_pip": 0, "licensed": 0, "id": "1120011400107150000-1", "pnu": "1120011400107150000", "floors": 22, "height": 61.98}}, {"type": "Feature", "geometry": {"type": "Polygon", "coordinates": [[[127.04741962, 37.549478], [127.04696929, 37.54939168], [127.04694072, 37.54949396], [127.04738789, 37.54957892], [127.04741962, 37.549478]]]}, "properties": {"name": "쌍용아파트", "status": "high", "capacity": 189, "active": 23, "industry": "일반 교육", "vacancy_rate": 87.8, "vacancy_rate_lo": null, "vacancy_rate_hi": null, "stores": 23, "source": "stores+ledger", "capacity_method": "expos_units", "active_pip": 0, "licensed": 0, "id": "1120011400107060000-11", "pnu": "1120011400107060000", "floors": 23, "height": 63.5}}, {"type": "Feature", "geometry": {"type": "Polygon", "coordinates": [[[127.04759494, 37.54809831], [127.04757273, 37.54805381], [127.04730448, 37.54813258], [127.04732963, 37.54818006], [127.04759494, 37.54809831]]]}, "properties": {"name": "중앙하이츠빌", "status": "high", "capacity": 16, "active": 5, "industry": "기타 간이", "vacancy_rate": 68.8, "vacancy_rate_lo": null, "vacancy_rate_hi": null, "stores": 5, "source": "stores+ledger", "capacity_method": "expos_units", "active_pip": 0, "licensed": 0, "id": "1120011400107150000-2", "pnu": "1120011400107150000", "floors": 0, "height": 0.0}}, {"type": "Feature", "geometry": {"type": "Polygon", "coordinates": [[[127.04731193, 37.54845496], [127.04744244, 37.54835571], [127.04737927, 37.54830014], [127.04724681, 37.54839894], [127.04731193, 37.54845496]]]}, "properties": {"name": "뚝섬빌딩", "status": "partial", "capacity": 6, "active": 5, "industry": "스포츠 서비스", "vacancy_rate": 16.7, "vacancy_rate_lo": 16.7, "vacancy_rate_hi": 16.7, "stores": 5, "source": "stores+ledger", "capacity_method": "floor_ouln", "active_pip": 0, "licensed": 1, "id": "1120011400106560945-1", "pnu": "1120011400106560945", "floors": 6, "height": 22.25}}, {"type": "Feature", "geometry": {"type": "Polygon", "coordinates": [[[127.04718158, 37.54832067], [127.04719359, 37.54833995], [127.04728071, 37.54830919], [127.0473281, 37.54827872], [127.04732153, 37.54827025], [127.04718158, 37.54832067]]]}, "properties": {"name": "중앙하이츠빌", "status": "high", "capacity": 16, "active": 5, "industry": "기타 간이", "vacancy_rate": 68.8, "vacancy_rate_lo": null, "vacancy_rate_hi": null, "stores": 5, "source": "stores+ledger", "capacity_method": "expos_units", "active_pip": 0, "licensed": 0, "id": "1120011400107150000-3", "pnu": "1120011400107150000", "floors": 0, "height": 0.0}}, {"type": "Feature", "geometry": {"type": "Polygon", "coordinates": [[[127.04734072, 37.54872524], [127.04737234, 37.54861666], [127.0472251, 37.54858473], [127.04719178, 37.54869612], [127.04734072, 37.54872524]]]}, "properties": {"name": "쌍용아파트", "status": "high", "capacity": 189, "active": 23, "industry": "일반 교육", "vacancy_rate": 87.8, "vacancy_rate_lo": null, "vacancy_rate_hi": null, "stores": 23, "source": "stores+ledger", "capacity_method": "expos_units", "active_pip": 0, "licensed": 0, "id": "1120011400107060000-12", "pnu": "1120011400107060000", "floors": 0, "height": 0.0}}, {"type": "Feature", "geometry": {"type": "Polygon", "coordinates": [[[127.04691698, 37.54826401], [127.04698984, 37.54824109], [127.04695257, 37.54816795], [127.04687914, 37.54819339], [127.04691698, 37.54826401]]]}, "properties": {"name": "성수동1가 656-835", "status": "full", "capacity": 3, "active": 3, "industry": "식료품 소매", "vacancy_rate": 0.0, "vacancy_rate_lo": 0.0, "vacancy_rate_hi": 66.7, "stores": 3, "source": "stores+ledger", "capacity_method": "floor_ouln", "active_pip": 0, "licensed": 0, "id": "1120011400106560835-1", "pnu": "1120011400106560835", "floors": 1, "height": 0.0}}, {"type": "Feature", "geometry": {"type": "Polygon", "coordinates": [[[127.04768142, 37.54866312], [127.04778839, 37.5485364], [127.0476213, 37.54843682], [127.04758082, 37.54848206], [127.04767421, 37.5485387], [127.04761259, 37.54862323], [127.04768142, 37.54866312]]]}, "properties": {"name": "성수동1가 656-894", "status": "empty", "capacity": 2, "active": 0, "industry": "", "vacancy_rate": 100.0, "source": "polygon_only", "capacity_method": "floor_approx", "active_pip": 0, "licensed": 0, "id": "1120011400106560894-1", "pnu": "1120011400106560894", "floors": 2, "height": 8.5}}, {"type": "Feature", "geometry": {"type": "Polygon", "coordinates": [[[127.04695913, 37.54835257], [127.04702803, 37.54832568], [127.04699177, 37.54825614], [127.04692231, 37.54828527], [127.04695913, 37.54835257]]]}, "properties": {"name": "성수동1가 656-835", "status": "full", "capacity": 3, "active": 3, "industry": "식료품 소매", "vacancy_rate": 0.0, "vacancy_rate_lo": 0.0, "vacancy_rate_hi": 66.7, "stores": 3, "source": "stores+ledger", "capacity_method": "floor_ouln", "active_pip": 0, "licensed": 0, "id": "1120011400106560835-2", "pnu": "1120011400106560835", "floors": 3, "height": 0.0}}, {"type": "Feature", "geometry": {"type": "Polygon", "coordinates": [[[127.04685344, 37.54817962], [127.0469306, 37.54814877], [127.04688666, 37.54808716], [127.0468121, 37.54811854], [127.04685344, 37.54817962]]]}, "properties": {"name": "성수동1가 656-274", "status": "high", "capacity": 3, "active": 1, "industry": "한식", "vacancy_rate": 66.7, "vacancy_rate_lo": 66.7, "vacancy_rate_hi": 100.0, "stores": 1, "source": "stores+ledger", "capacity_method": "floor_ouln", "active_pip": 0, "licensed": 0, "id": "1120011400106560274-1", "pnu": "1120011400106560274", "floors": 4, "height": 12.0}}, {"type": "Feature", "geometry": {"type": "Polygon", "coordinates": [[[127.04741664, 37.54852258], [127.04750599, 37.54844533], [127.04743126, 37.5483831], [127.04732144, 37.5484736], [127.04733004, 37.54848099], [127.04741664, 37.54852258]]]}, "properties": {"name": "성수동1가 656-895", "status": "partial", "capacity": 3, "active": 2, "industry": "한식", "vacancy_rate": 33.3, "vacancy_rate_lo": 33.3, "vacancy_rate_hi": 66.7, "stores": 2, "source": "stores+ledger", "capacity_method": "floor_ouln", "active_pip": 0, "licensed": 1, "id": "1120011400106560895-1", "pnu": "1120011400106560895", "floors": 4, "height": 13.0}}, {"type": "Feature", "geometry": {"type": "Polygon", "coordinates": [[[127.04540908, 37.54880079], [127.04543735, 37.54876482], [127.04543132, 37.54871419], [127.04539, 37.54869628], [127.04538096, 37.5487061], [127.04536498, 37.54869908], [127.04532078, 37.5487446], [127.04540908, 37.54880079]]]}, "properties": {"name": "성수동1가 656-998", "status": "empty", "capacity": 4, "active": 0, "industry": "", "vacancy_rate": 100.0, "source": "polygon_only", "capacity_method": "floor_approx", "active_pip": 0, "licensed": 0, "id": "1120011400106560998-1", "pnu": "1120011400106560998", "floors": 4, "height": 11.5}}, {"type": "Feature", "geometry": {"type": "Polygon", "coordinates": [[[127.04518337, 37.54908604], [127.04521888, 37.54904089], [127.04515843, 37.54900911], [127.04518874, 37.54897459], [127.04510984, 37.54893209], [127.04503949, 37.54900726], [127.04518337, 37.54908604]]]}, "properties": {"name": "성수동1가 656-1122", "status": "full", "capacity": 1, "active": 1, "industry": "일식", "vacancy_rate": 0.0, "vacancy_rate_lo": 0.0, "vacancy_rate_hi": 0.0, "stores": 2, "source": "stores+ledger", "capacity_method": "floor_ouln", "active_pip": 0, "licensed": 2, "id": "1120011400106561122-1", "pnu": "1120011400106561122", "floors": 2, "height": 0.0}}, {"type": "Feature", "geometry": {"type": "Polygon", "coordinates": [[[127.04544253, 37.54855597], [127.0455113, 37.54849333], [127.04550337, 37.54848657], [127.04556117, 37.54843826], [127.0453404, 37.54826175], [127.04531958, 37.54826257], [127.04521394, 37.54835766], [127.04544253, 37.54855597]]]}, "properties": {"name": "성수동아파트", "status": "partial", "capacity": 6, "active": 4, "industry": "컴퓨터 수리", "vacancy_rate": 33.3, "vacancy_rate_lo": null, "vacancy_rate_hi": null, "stores": 4, "source": "stores+ledger", "capacity_method": "expos_units", "active_pip": 0, "licensed": 1, "id": "1120011400106561683-1", "pnu": "1120011400106561683", "floors": 9, "height": 33.5}}, {"type": "Feature", "geometry": {"type": "Polygon", "coordinates": [[[127.04554093, 37.54902454], [127.04562968, 37.54889332], [127.04552679, 37.54885012], [127.04543712, 37.54896719], [127.04554093, 37.54902454]]]}, "properties": {"name": "광덕빌딩", "status": "full", "capacity": 2, "active": 2, "industry": "가전·통신 소매", "vacancy_rate": 0.0, "vacancy_rate_lo": 0.0, "vacancy_rate_hi": 50.0, "stores": 1, "source": "stores+ledger", "capacity_method": "floor_ouln", "active_pip": 0, "licensed": 0, "id": "1120011400106561255-1", "pnu": "1120011400106561255", "floors": 6, "height": 19.7}}, {"type": "Feature", "geometry": {"type": "Polygon", "coordinates": [[[127.04534654, 37.54887235], [127.04540105, 37.54881349], [127.04532079, 37.54876559], [127.0452656, 37.54881805], [127.04534654, 37.54887235]]]}, "properties": {"name": "성수동1가 656-997", "status": "full", "capacity": 1, "active": 1, "industry": "종합 소매", "vacancy_rate": 0.0, "vacancy_rate_lo": 0.0, "vacancy_rate_hi": 100.0, "stores": 1, "source": "stores+ledger", "capacity_method": "floor_ouln", "active_pip": 0, "licensed": 0, "id": "1120011400106560997-1", "pnu": "1120011400106560997", "floors": 4, "height": 12.8}}, {"type": "Feature", "geometry": {"type": "Polygon", "coordinates": [[[127.0454243, 37.54815693], [127.0454773, 37.54822682], [127.04550977, 37.54821077], [127.04552755, 37.54823257], [127.04586027, 37.54807531], [127.04586535, 37.54806152], [127.04586715, 37.54804368], [127.04586272, 37.54801963], [127.04582332, 37.54797919], [127.04545213, 37.548138], [127.04545553, 37.54814502], [127.0454243, 37.54815693]]]}, "properties": {"name": "성수동1가 656-302", "status": "full", "capacity": 1, "active": 1, "industry": "비알코올 ", "vacancy_rate": 0.0, "vacancy_rate_lo": 0.0, "vacancy_rate_hi": 100.0, "stores": 2, "source": "stores+ledger", "capacity_method": "floor_ouln", "active_pip": 0, "licensed": 1, "id": "1120011400106560302-1", "pnu": "1120011400106560302", "floors": 4, "height": 0.0}}, {"type": "Feature", "geometry": {"type": "Polygon", "coordinates": [[[127.04752079, 37.55000017], [127.04762569, 37.54964902], [127.04750301, 37.54962429], [127.04748291, 37.54969547], [127.04747317, 37.54969404], [127.04745973, 37.54972828], [127.0474749, 37.54973242], [127.04743617, 37.54987118], [127.04741828, 37.54986957], [127.04741287, 37.54990228], [127.0474251, 37.54990714], [127.047405, 37.5499795], [127.0474995, 37.55000018], [127.04751954, 37.55000459], [127.04752079, 37.55000017]]]}, "properties": {"name": "쌍용아파트", "status": "high", "capacity": 189, "active": 23, "industry": "일반 교육", "vacancy_rate": 87.8, "vacancy_rate_lo": null, "vacancy_rate_hi": null, "stores": 23, "source": "stores+ledger", "capacity_method": "expos_units", "active_pip": 0, "licensed": 0, "id": "1120011400107060000-13", "pnu": "1120011400107060000", "floors": 20, "height": 63.5}}, {"type": "Feature", "geometry": {"type": "Polygon", "coordinates": [[[127.04670679, 37.54999996], [127.04667193, 37.54999312], [127.04666899, 37.55000024], [127.04665509, 37.5500343], [127.04669471, 37.55004295], [127.04670679, 37.55000023], [127.04670679, 37.54999996]]]}, "properties": {"name": "쌍용아파트", "status": "high", "capacity": 189, "active": 23, "industry": "일반 교육", "vacancy_rate": 87.8, "vacancy_rate_lo": null, "vacancy_rate_hi": null, "stores": 23, "source": "stores+ledger", "capacity_method": "expos_units", "active_pip": 0, "licensed": 0, "id": "1120011400107060000-14", "pnu": "1120011400107060000", "floors": 0, "height": 0.0}}, {"type": "Feature", "geometry": {"type": "Polygon", "coordinates": [[[127.04511291, 37.54890492], [127.04522942, 37.54897597], [127.04527181, 37.5489297], [127.04516166, 37.54886491], [127.04513461, 37.548892], [127.04512919, 37.54888874], [127.04511291, 37.54890492]]]}, "properties": {"name": "원진", "status": "high", "capacity": 4, "active": 1, "industry": "기타 간이", "vacancy_rate": 75.0, "vacancy_rate_lo": 75.0, "vacancy_rate_hi": 100.0, "stores": 1, "source": "stores+ledger", "capacity_method": "floor_ouln", "active_pip": 0, "licensed": 0, "id": "1120011400106560981-1", "pnu": "1120011400106560981", "floors": 8, "height": 23.3}}, {"type": "Feature", "geometry": {"type": "Polygon", "coordinates": [[[127.0476319, 37.54821012], [127.04747073, 37.5483456], [127.0475501, 37.54840441], [127.04771275, 37.54827991], [127.0476319, 37.54821012]]]}, "properties": {"name": "성수동1가 656-1004", "status": "partial", "capacity": 3, "active": 2, "industry": "비알코올 ", "vacancy_rate": 33.3, "vacancy_rate_lo": 33.3, "vacancy_rate_hi": 100.0, "stores": 1, "source": "stores+ledger", "capacity_method": "floor_ouln", "active_pip": 0, "licensed": 1, "id": "1120011400106561004-1", "pnu": "1120011400106561004", "floors": 3, "height": 0.0}}, {"type": "Feature", "geometry": {"type": "Polygon", "coordinates": [[[127.04749882, 37.55034518], [127.04760559, 37.55024593], [127.0474866, 37.55017021], [127.04744962, 37.55020546], [127.04747408, 37.55022868], [127.04741255, 37.55028413], [127.04749882, 37.55034518]]]}, "properties": {"name": "성수동1가 656-348", "status": "empty", "capacity": 6, "active": 0, "industry": "", "vacancy_rate": 100.0, "source": "polygon_only", "capacity_method": "floor_approx", "active_pip": 0, "licensed": 0, "id": "1120011400106560348-1", "pnu": "1120011400106560348", "floors": 6, "height": 17.4}}, {"type": "Feature", "geometry": {"type": "Polygon", "coordinates": [[[127.04354531, 37.54653025], [127.0435061, 37.54643701], [127.04345191, 37.54645208], [127.04345995, 37.54646992], [127.04338471, 37.54649094], [127.04341723, 37.54656427], [127.04354531, 37.54653025]]]}, "properties": {"name": "성수동1가 668-50", "status": "empty", "capacity": 2, "active": 0, "industry": "", "vacancy_rate": 100.0, "source": "polygon_only", "capacity_method": "floor_approx", "active_pip": 0, "licensed": 0, "id": "1120011400106680050-1", "pnu": "1120011400106680050", "floors": 2, "height": 7.0}}, {"type": "Feature", "geometry": {"type": "Polygon", "coordinates": [[[127.04429804, 37.54712501], [127.04430936, 37.547125], [127.04429804, 37.547116], [127.04428672, 37.54712501], [127.04429804, 37.54712501]]]}, "properties": {"name": "성수동1가 656-936", "status": "full", "capacity": 1, "active": 1, "industry": "한식", "vacancy_rate": 0.0, "vacancy_rate_lo": 0.0, "vacancy_rate_hi": 0.0, "stores": 6, "source": "stores+ledger+pip", "capacity_method": "floor_ouln", "active_pip": 3, "licensed": 6, "id": "1120011400106560936-1", "pnu": "1120011400106560936", "floors": 0, "height": 0.0}}, {"type": "Feature", "geometry": {"type": "Polygon", "coordinates": [[[127.04408747, 37.54712579], [127.04408327, 37.5470993], [127.04402925, 37.54702202], [127.04390129, 37.54705703], [127.04392906, 37.54714153], [127.04395723, 37.54713521], [127.04396585, 37.54715972], [127.04408747, 37.54712579]]]}, "properties": {"name": "성수동1가 668-21", "status": "full", "capacity": 1, "active": 1, "industry": "", "vacancy_rate": 0.0, "source": "pip_only", "capacity_method": "floor_approx", "active_pip": 0, "licensed": 1, "id": "1120011400106680021-1", "pnu": "1120011400106680021", "floors": 0, "height": 0.0}}, {"type": "Feature", "geometry": {"type": "Polygon", "coordinates": [[[127.0435657, 37.54715472], [127.04342585, 37.54719452], [127.04346258, 37.54727738], [127.04360875, 37.54723336], [127.0435657, 37.54715472]]]}, "properties": {"name": "성수동1가 668-24", "status": "full", "capacity": 2, "active": 2, "industry": "중식", "vacancy_rate": 0.0, "vacancy_rate_lo": 0.0, "vacancy_rate_hi": 0.0, "stores": 2, "source": "stores+ledger", "capacity_method": "floor_ouln", "active_pip": 0, "licensed": 0, "id": "1120011400106680024-1", "pnu": "1120011400106680024", "floors": 5, "height": 15.1}}, {"type": "Feature", "geometry": {"type": "Polygon", "coordinates": [[[127.04423066, 37.54661541], [127.04422662, 37.54667236], [127.0442391, 37.54673776], [127.04429076, 37.54674042], [127.04431036, 37.54668395], [127.04431406, 37.54662079], [127.04423066, 37.54661541]]]}, "properties": {"name": "성수동1가 685-40", "status": "empty", "capacity": 2, "active": 0, "industry": "", "vacancy_rate": 100.0, "source": "polygon_only", "capacity_method": "floor_approx", "active_pip": 0, "licensed": 0, "id": "1120011400106850040-1", "pnu": "1120011400106850040", "floors": 2, "height": 0.0}}, {"type": "Feature", "geometry": {"type": "Polygon", "coordinates": [[[127.04403321, 37.54701868], [127.0440767, 37.54707714], [127.04408426, 37.54703839], [127.04413077, 37.54704297], [127.04408084, 37.54700055], [127.04403321, 37.54701868]]]}, "properties": {"name": "성수동1가 668-21", "status": "full", "capacity": 1, "active": 1, "industry": "", "vacancy_rate": 0.0, "source": "pip_only", "capacity_method": "floor_approx", "active_pip": 0, "licensed": 1, "id": "1120011400106680021-2", "pnu": "1120011400106680021", "floors": 1, "height": 0.0}}, {"type": "Feature", "geometry": {"type": "Polygon", "coordinates": [[[127.04407772, 37.547083], [127.0440878, 37.54709749], [127.04409291, 37.547132], [127.04411008, 37.5471368], [127.04413743, 37.54704908], [127.0440846, 37.54704172], [127.04407772, 37.547083]]]}, "properties": {"name": "성수동1가 668-21", "status": "full", "capacity": 1, "active": 1, "industry": "", "vacancy_rate": 0.0, "source": "pip_only", "capacity_method": "floor_approx", "active_pip": 0, "licensed": 1, "id": "1120011400106680021-3", "pnu": "1120011400106680021", "floors": 1, "height": 0.0}}, {"type": "Feature", "geometry": {"type": "Polygon", "coordinates": [[[127.04408363, 37.54712976], [127.04394673, 37.54716891], [127.04395239, 37.54718071], [127.04408805, 37.54714254], [127.04408363, 37.54712976]]]}, "properties": {"name": "성수동1가 668-22", "status": "high", "capacity": 4, "active": 1, "industry": "한식", "vacancy_rate": 75.0, "vacancy_rate_lo": null, "vacancy_rate_hi": null, "stores": 1, "source": "stores+ledger", "capacity_method": "floor_approx", "active_pip": 0, "licensed": 1, "id": "1120011400106680022-1", "pnu": "1120011400106680022", "floors": 0, "height": 0.0}}, {"type": "Feature", "geometry": {"type": "Polygon", "coordinates": [[[127.04411503, 37.54664843], [127.04397553, 37.54669236], [127.04400329, 37.54676254], [127.04413431, 37.54672852], [127.04412015, 37.54669789], [127.04413384, 37.54669257], [127.04411503, 37.54664843]]]}, "properties": {"name": "성수동1가 668-34", "status": "full", "capacity": 2, "active": 2, "industry": "한식", "vacancy_rate": 0.0, "vacancy_rate_lo": 0.0, "vacancy_rate_hi": 0.0, "stores": 1, "source": "stores+ledger", "capacity_method": "floor_ouln", "active_pip": 0, "licensed": 0, "id": "1120011400106680034-1", "pnu": "1120011400106680034", "floors": 4, "height": 12.35}}, {"type": "Feature", "geometry": {"type": "Polygon", "coordinates": [[[127.0434595, 37.5468577], [127.04344216, 37.54680707], [127.04340878, 37.5468151], [127.04339089, 37.54679078], [127.04335027, 37.54680494], [127.04334744, 37.54679675], [127.0432851, 37.54681434], [127.04332532, 37.54689631], [127.0434595, 37.5468577]]]}, "properties": {"name": "성수동1가 668-55", "status": "partial", "capacity": 4, "active": 3, "industry": "비알코올 ", "vacancy_rate": 25.0, "vacancy_rate_lo": null, "vacancy_rate_hi": null, "stores": 3, "source": "stores+ledger", "capacity_method": "floor_approx", "active_pip": 0, "licensed": 3, "id": "1120011400106680055-1", "pnu": "1120011400106680055", "floors": 2, "height": 6.9}}, {"type": "Feature", "geometry": {"type": "Polygon", "coordinates": [[[127.04332306, 37.54691732], [127.04325631, 37.54693698], [127.04326526, 37.54695067], [127.04321661, 37.54696736], [127.04322476, 37.54697961], [127.04319919, 37.54698944], [127.04322616, 37.54705061], [127.04336351, 37.54700784], [127.04332306, 37.54691732]]]}, "properties": {"name": "오리진블루", "status": "full", "capacity": 2, "active": 2, "industry": "중식", "vacancy_rate": 0.0, "vacancy_rate_lo": 0.0, "vacancy_rate_hi": 50.0, "stores": 3, "source": "stores+ledger", "capacity_method": "floor_ouln", "active_pip": 0, "licensed": 3, "id": "1120011400106680053-1", "pnu": "1120011400106680053", "floors": 2, "height": 0.0}}, {"type": "Feature", "geometry": {"type": "Polygon", "coordinates": [[[127.04379019, 37.54672343], [127.04377976, 37.54668748], [127.04375159, 37.54669578], [127.04374875, 37.54668713], [127.04364036, 37.54670762], [127.0436586, 37.5467524], [127.04379019, 37.54672343]]]}, "properties": {"name": "성수동1가 668-45", "status": "partial", "capacity": 3, "active": 2, "industry": "의약·화장품 소매", "vacancy_rate": 33.3, "vacancy_rate_lo": 33.3, "vacancy_rate_hi": 100.0, "stores": 1, "source": "stores+ledger", "capacity_method": "floor_ouln", "active_pip": 0, "licensed": 1, "id": "1120011400106680045-1", "pnu": "1120011400106680045", "floors": 2, "height": 0.0}}, {"type": "Feature", "geometry": {"type": "Polygon", "coordinates": [[[127.04359988, 37.54697406], [127.04362957, 37.54703964], [127.04375878, 37.54700716], [127.04371867, 37.5469169], [127.04365735, 37.54693233], [127.04366596, 37.54695485], [127.04359988, 37.54697406]]]}, "properties": {"name": "성수동1가 668-42", "status": "full", "capacity": 3, "active": 3, "industry": "일식", "vacancy_rate": 0.0, "vacancy_rate_lo": 0.0, "vacancy_rate_hi": 33.3, "stores": 3, "source": "stores+ledger", "capacity_method": "floor_ouln", "active_pip": 0, "licensed": 3, "id": "1120011400106680042-1", "pnu": "1120011400106680042", "floors": 2, "height": 0.0}}, {"type": "Feature", "geometry": {"type": "Polygon", "coordinates": [[[127.04349055, 37.54693103], [127.04346267, 37.54686356], [127.04337091, 37.54688648], [127.04337975, 37.54689864], [127.04333811, 37.54691343], [127.04336451, 37.54696784], [127.04349055, 37.54693103]]]}, "properties": {"name": "성수동1가 668-54", "status": "full", "capacity": 3, "active": 3, "industry": "서양식", "vacancy_rate": 0.0, "vacancy_rate_lo": 0.0, "vacancy_rate_hi": 0.0, "stores": 4, "source": "stores+ledger", "capacity_method": "floor_ouln", "active_pip": 0, "licensed": 2, "id": "1120011400106680054-1", "pnu": "1120011400106680054", "floors": 4, "height": 12.6}}, {"type": "Feature", "geometry": {"type": "Polygon", "coordinates": [[[127.0440849, 37.54639851], [127.04391133, 37.54644587], [127.04394521, 37.54651559], [127.04410677, 37.54646346], [127.0440849, 37.54639851]]]}, "properties": {"name": "성수동1가 668-38", "status": "full", "capacity": 4, "active": 4, "industry": "일식", "vacancy_rate": 0.0, "vacancy_rate_lo": 0.0, "vacancy_rate_hi": 25.0, "stores": 3, "source": "stores+ledger", "capacity_method": "floor_ouln", "active_pip": 0, "licensed": 3, "id": "1120011400106680038-1", "pnu": "1120011400106680038", "floors": 4, "height": 14.7}}, {"type": "Feature", "geometry": {"type": "Polygon", "coordinates": [[[127.04399169, 37.54665091], [127.04409725, 37.54662051], [127.04409441, 37.5466124], [127.04413277, 37.54660626], [127.04410941, 37.54652031], [127.04395633, 37.54656055], [127.04399169, 37.54665091]]]}, "properties": {"name": "성수동1가 668-35", "status": "full", "capacity": 2, "active": 2, "industry": "기타 간이", "vacancy_rate": 0.0, "vacancy_rate_lo": 0.0, "vacancy_rate_hi": 0.0, "stores": 2, "source": "stores+ledger", "capacity_method": "floor_ouln", "active_pip": 0, "licensed": 2, "id": "1120011400106680035-1", "pnu": "1120011400106680035", "floors": 4, "height": 12.2}}, {"type": "Feature", "geometry": {"type": "Polygon", "coordinates": [[[127.04370465, 37.54635954], [127.04370376, 37.54638387], [127.0437262, 37.54644621], [127.04388879, 37.54640506], [127.04385219, 37.54632255], [127.04370465, 37.54635954]]]}, "properties": {"name": "성수동1가 668-40", "status": "full", "capacity": 3, "active": 3, "industry": "섬유·의복·신발 소매", "vacancy_rate": 0.0, "vacancy_rate_lo": 0.0, "vacancy_rate_hi": 0.0, "stores": 2, "source": "stores+ledger", "capacity_method": "floor_ouln", "active_pip": 0, "licensed": 0, "id": "1120011400106680040-1", "pnu": "1120011400106680040", "floors": 4, "height": 0.0}}, {"type": "Feature", "geometry": {"type": "Polygon", "coordinates": [[[127.04386146, 37.54689063], [127.04376654, 37.54692003], [127.04376993, 37.54692463], [127.04375161, 37.5469295], [127.04378878, 37.54701193], [127.04389953, 37.54697918], [127.04386146, 37.54689063]]]}, "properties": {"name": "성수동1가 668-41", "status": "full", "capacity": 1, "active": 1, "industry": "일식", "vacancy_rate": 0.0, "vacancy_rate_lo": 0.0, "vacancy_rate_hi": 100.0, "stores": 2, "source": "stores+ledger", "capacity_method": "floor_ouln", "active_pip": 0, "licensed": 0, "id": "1120011400106680041-1", "pnu": "1120011400106680041", "floors": 3, "height": 10.3}}, {"type": "Feature", "geometry": {"type": "Polygon", "coordinates": [[[127.04412729, 37.54691332], [127.04413527, 37.54682673], [127.04411793, 37.54678529], [127.04403081, 37.54680812], [127.04408871, 37.54692865], [127.04412729, 37.54691332]]]}, "properties": {"name": "성수동1가 668-32", "status": "high", "capacity": 5, "active": 2, "industry": "한식", "vacancy_rate": 60.0, "vacancy_rate_lo": 60.0, "vacancy_rate_hi": 100.0, "stores": 3, "source": "stores+ledger+pip", "capacity_method": "floor_ouln", "active_pip": 1, "licensed": 0, "id": "1120011400106680032-1", "pnu": "1120011400106680032", "floors": 4, "height": 0.0}}, {"type": "Feature", "geometry": {"type": "Polygon", "coordinates": [[[127.04418077, 37.54627017], [127.04420148, 37.54644108], [127.04436261, 37.54642877], [127.04436225, 37.54639858], [127.04434969, 37.54639769], [127.04432878, 37.54626209], [127.04418077, 37.54627017]]]}, "properties": {"name": "공공복합청사", "status": "high", "capacity": 6, "active": 2, "industry": "의원", "vacancy_rate": 66.7, "vacancy_rate_lo": null, "vacancy_rate_hi": null, "stores": 2, "source": "stores+ledger", "capacity_method": "expos_units", "active_pip": 0, "licensed": 0, "id": "1120011400106850580-1", "pnu": "1120011400106850580", "floors": 2, "height": 0.0}}, {"type": "Feature", "geometry": {"type": "Polygon", "coordinates": [[[127.0440621, 37.54727942], [127.04410004, 37.54714272], [127.04400874, 37.54717069], [127.04398942, 37.54723098], [127.04392821, 37.54724974], [127.04395134, 37.54731451], [127.0440621, 37.54727942]]]}, "properties": {"name": "성수동1가 668-20", "status": "full", "capacity": 5, "active": 5, "industry": "이용·미용", "vacancy_rate": 0.0, "vacancy_rate_lo": 0.0, "vacancy_rate_hi": 20.0, "stores": 4, "source": "stores+ledger", "capacity_method": "floor_ouln", "active_pip": 0, "licensed": 2, "id": "1120011400106680020-1", "pnu": "1120011400106680020", "floors": 2, "height": 0.0}}, {"type": "Feature", "geometry": {"type": "Polygon", "coordinates": [[[127.04375994, 37.54648278], [127.04380267, 37.54657331], [127.04392712, 37.5465384], [127.04389946, 37.54646678], [127.04386235, 37.5464758], [127.04385555, 37.54646094], [127.04375994, 37.54648278]]]}, "properties": {"name": "성수동1가 668-37", "status": "high", "capacity": 6, "active": 1, "industry": "기타 간이", "vacancy_rate": 83.3, "vacancy_rate_lo": null, "vacancy_rate_hi": null, "stores": 1, "source": "stores+ledger", "capacity_method": "floor_approx", "active_pip": 0, "licensed": 0, "id": "1120011400106680037-1", "pnu": "1120011400106680037", "floors": 3, "height": 9.35}}, {"type": "Feature", "geometry": {"type": "Polygon", "coordinates": [[[127.04341552, 37.54712117], [127.04338288, 37.54704072], [127.04324248, 37.54708664], [127.04327476, 37.54715105], [127.04329468, 37.54715924], [127.04341552, 37.54712117]]]}, "properties": {"name": "성수동1가 668-52", "status": "high", "capacity": 4, "active": 1, "industry": "", "vacancy_rate": 75.0, "source": "pip_only", "capacity_method": "floor_approx", "active_pip": 0, "licensed": 1, "id": "1120011400106680052-1", "pnu": "1120011400106680052", "floors": 4, "height": 14.0}}, {"type": "Feature", "geometry": {"type": "Polygon", "coordinates": [[[127.0438638, 37.54688791], [127.04385322, 37.54686418], [127.04382875, 37.54687091], [127.04382591, 37.54686316], [127.04379571, 37.54687308], [127.04380478, 37.54690488], [127.0438638, 37.54688791]]]}, "properties": {"name": "성수동1가 668-41", "status": "full", "capacity": 1, "active": 1, "industry": "일식", "vacancy_rate": 0.0, "vacancy_rate_lo": 0.0, "vacancy_rate_hi": 100.0, "stores": 2, "source": "stores+ledger", "capacity_method": "floor_ouln", "active_pip": 0, "licensed": 0, "id": "1120011400106680041-2", "pnu": "1120011400106680041", "floors": 0, "height": 0.0}}, {"type": "Feature", "geometry": {"type": "Polygon", "coordinates": [[[127.04445031, 37.54721287], [127.04445388, 37.54711034], [127.04440125, 37.54709954], [127.04435719, 37.54722984], [127.04438831, 37.54723001], [127.04445031, 37.54721287]]]}, "properties": {"name": "성수동1가 656-953", "status": "full", "capacity": 2, "active": 2, "industry": "", "vacancy_rate": 0.0, "source": "pip_only", "capacity_method": "floor_approx", "active_pip": 0, "licensed": 2, "id": "1120011400106560953-1", "pnu": "1120011400106560953", "floors": 2, "height": 0.0}}, {"type": "Feature", "geometry": {"type": "Polygon", "coordinates": [[[127.04418996, 37.54726757], [127.04429384, 37.54725545], [127.04431723, 37.54720841], [127.04435164, 37.54721182], [127.04440123, 37.54706332], [127.0443005, 37.54703201], [127.04418996, 37.54726757]]]}, "properties": {"name": "성수동1가 656-936", "status": "full", "capacity": 1, "active": 1, "industry": "한식", "vacancy_rate": 0.0, "vacancy_rate_lo": 0.0, "vacancy_rate_hi": 0.0, "stores": 6, "source": "stores+ledger+pip", "capacity_method": "floor_ouln", "active_pip": 3, "licensed": 6, "id": "1120011400106560936-2", "pnu": "1120011400106560936", "floors": 2, "height": 0.0}}, {"type": "Feature", "geometry": {"type": "Polygon", "coordinates": [[[127.04430242, 37.54702606], [127.04441356, 37.54705999], [127.04440306, 37.54709351], [127.0444558, 37.54710727], [127.04447011, 37.54699969], [127.04446489, 37.54697572], [127.04445628, 37.54695536], [127.0444428, 37.5469423], [127.0444359, 37.54693843], [127.04442617, 37.54693763], [127.0444144, 37.54693988], [127.04438012, 37.54694764], [127.04434006, 37.54696108], [127.04432084, 37.54697397], [127.04430242, 37.54702606]]]}, "properties": {"name": "성수동1가 656-939", "status": "full", "capacity": 3, "active": 3, "industry": "", "vacancy_rate": 0.0, "source": "pip_only", "capacity_method": "floor_approx", "active_pip": 2, "licensed": 3, "id": "1120011400106560939-1", "pnu": "1120011400106560939", "floors": 3, "height": 0.0}}, {"type": "Feature", "geometry": {"type": "Polygon", "coordinates": [[[127.04379399, 37.54722465], [127.0439387, 37.54718937], [127.04390777, 37.54710757], [127.04382653, 37.54712571], [127.04382947, 37.54713688], [127.04377075, 37.54715321], [127.04379399, 37.54722465]]]}, "properties": {"name": "성수동1가 668-22", "status": "high", "capacity": 4, "active": 1, "industry": "한식", "vacancy_rate": 75.0, "vacancy_rate_lo": null, "vacancy_rate_hi": null, "stores": 1, "source": "stores+ledger", "capacity_method": "floor_approx", "active_pip": 0, "licensed": 1, "id": "1120011400106680022-2", "pnu": "1120011400106680022", "floors": 2, "height": 7.0}}, {"type": "Feature", "geometry": {"type": "Polygon", "coordinates": [[[127.04308355, 37.54640527], [127.04314499, 37.54639029], [127.04314, 37.5463757], [127.04320155, 37.54635639], [127.04318342, 37.54631522], [127.04320514, 37.54631053], [127.04317591, 37.54625252], [127.04308981, 37.5462739], [127.04309344, 37.54628669], [127.04303755, 37.54630302], [127.04308355, 37.54640527]]]}, "properties": {"name": "성수동1가 668-105", "status": "full", "capacity": 1, "active": 1, "industry": "종합 소매", "vacancy_rate": 0.0, "vacancy_rate_lo": 0.0, "vacancy_rate_hi": 0.0, "stores": 2, "source": "stores+ledger", "capacity_method": "floor_ouln", "active_pip": 0, "licensed": 0, "id": "1120011400106680105-2", "pnu": "1120011400106680105", "floors": 0, "height": 0.0}}, {"type": "Feature", "geometry": {"type": "Polygon", "coordinates": [[[127.04340083, 37.54676492], [127.04338157, 37.54671339], [127.04335621, 37.54672043], [127.04334002, 37.54667917], [127.04322822, 37.54671381], [127.04327061, 37.54680344], [127.04340083, 37.54676492]]]}, "properties": {"name": "성수동1가 668-58", "status": "partial", "capacity": 2, "active": 1, "industry": "비알코올 ", "vacancy_rate": 50.0, "vacancy_rate_lo": 50.0, "vacancy_rate_hi": 50.0, "stores": 1, "source": "stores+ledger", "capacity_method": "floor_ouln", "active_pip": 0, "licensed": 1, "id": "1120011400106680058-1", "pnu": "1120011400106680058", "floors": 2, "height": 8.0}}, {"type": "Feature", "geometry": {"type": "Polygon", "coordinates": [[[127.04316249, 37.54634619], [127.04315981, 37.54634797], [127.04315087, 37.54634974], [127.04317642, 37.54638911], [127.04321521, 37.54638008], [127.04319869, 37.54634768], [127.04323537, 37.54633648], [127.04324032, 37.54634366], [127.04327852, 37.54633296], [127.04326006, 37.54628959], [127.0432742, 37.54628121], [127.04323925, 37.54622819], [127.04316569, 37.54624968], [127.04315777, 37.54623569], [127.04311778, 37.54625085], [127.04316249, 37.54634619]]]}, "properties": {"name": "성수동1가 668-107", "status": "full", "capacity": 1, "active": 1, "industry": "이용·미용", "vacancy_rate": 0.0, "vacancy_rate_lo": 0.0, "vacancy_rate_hi": 0.0, "stores": 1, "source": "stores+ledger", "capacity_method": "floor_ouln", "active_pip": 0, "licensed": 0, "id": "1120011400106680107-1", "pnu": "1120011400106680107", "floors": 2, "height": 8.1}}, {"type": "Feature", "geometry": {"type": "Polygon", "coordinates": [[[127.04360785, 37.54666015], [127.043486, 37.546692], [127.04351172, 37.54675101], [127.04349102, 37.54676318], [127.04351651, 37.54681335], [127.04365997, 37.54677546], [127.04360785, 37.54666015]]]}, "properties": {"name": "성수동1가 668-46", "status": "empty", "capacity": 2, "active": 0, "industry": "", "vacancy_rate": 100.0, "source": "polygon_only", "capacity_method": "floor_approx", "active_pip": 0, "licensed": 0, "id": "1120011400106680046-1", "pnu": "1120011400106680046", "floors": 2, "height": 7.0}}, {"type": "Feature", "geometry": {"type": "Polygon", "coordinates": [[[127.04309856, 37.54712868], [127.04312598, 37.54719057], [127.04322419, 37.54716188], [127.04319699, 37.54709711], [127.04309856, 37.54712868]]]}, "properties": {"name": "성수동1가 668-63", "status": "full", "capacity": 1, "active": 1, "industry": "기타 간이", "vacancy_rate": 0.0, "vacancy_rate_lo": 0.0, "vacancy_rate_hi": 0.0, "stores": 3, "source": "stores+ledger", "capacity_method": "floor_ouln", "active_pip": 0, "licensed": 3, "id": "1120011400106680063-1", "pnu": "1120011400106680063", "floors": 5, "height": 13.7}}, {"type": "Feature", "geometry": {"type": "Polygon", "coordinates": [[[127.04312864, 37.5476762], [127.04315605, 37.54773349], [127.04330517, 37.54768524], [127.04325702, 37.54758741], [127.04314309, 37.54762214], [127.04316405, 37.54766303], [127.04312864, 37.5476762]]]}, "properties": {"name": "성수동1가 668-6", "status": "empty", "capacity": 2, "active": 0, "industry": "", "vacancy_rate": 100.0, "source": "polygon_only", "capacity_method": "floor_approx", "active_pip": 0, "licensed": 0, "id": "1120011400106680006-1", "pnu": "1120011400106680006", "floors": 2, "height": 8.45}}, {"type": "Feature", "geometry": {"type": "Polygon", "coordinates": [[[127.0431823, 37.54751617], [127.0433149, 37.54747738], [127.04327853, 37.54738864], [127.04314366, 37.54743049], [127.0431823, 37.54751617]]]}, "properties": {"name": "성수동1가 668-16", "status": "empty", "capacity": 4, "active": 0, "industry": "", "vacancy_rate": 100.0, "source": "polygon_only", "capacity_method": "floor_approx", "active_pip": 0, "licensed": 0, "id": "1120011400106680016-1", "pnu": "1120011400106680016", "floors": 4, "height": 15.0}}, {"type": "Feature", "geometry": {"type": "Polygon", "coordinates": [[[127.04313599, 37.54648544], [127.04317145, 37.54657021], [127.04331333, 37.54652817], [127.04328908, 37.54646709], [127.04325015, 37.54645558], [127.04313599, 37.54648544]]]}, "properties": {"name": "성수동1가 668-62", "status": "full", "capacity": 1, "active": 1, "industry": "종합 소매", "vacancy_rate": 0.0, "vacancy_rate_lo": 0.0, "vacancy_rate_hi": 0.0, "stores": 1, "source": "stores+ledger", "capacity_method": "floor_ouln", "active_pip": 0, "licensed": 1, "id": "1120011400106680062-1", "pnu": "1120011400106680062", "floors": 4, "height": 12.2}}, {"type": "Feature", "geometry": {"type": "Polygon", "coordinates": [[[127.0432593, 37.54798683], [127.04327475, 37.54789473], [127.04315014, 37.547881], [127.04313391, 37.54797804], [127.0432593, 37.54798683]]]}, "properties": {"name": "성수동1가 685-317", "status": "partial", "capacity": 3, "active": 2, "industry": "주점", "vacancy_rate": 33.3, "vacancy_rate_lo": 33.3, "vacancy_rate_hi": 33.3, "stores": 1, "source": "stores+ledger", "capacity_method": "floor_ouln", "active_pip": 0, "licensed": 0, "id": "1120011400106850317-1", "pnu": "1120011400106850317", "floors": 0, "height": 0.0}}, {"type": "Feature", "geometry": {"type": "Polygon", "coordinates": [[[127.0430812, 37.5476824], [127.04311113, 37.54767076], [127.04310417, 37.54765496], [127.04307198, 37.54766438], [127.0430812, 37.5476824]]]}, "properties": {"name": "FORES", "status": "full", "capacity": 4, "active": 4, "industry": "장식품 소매", "vacancy_rate": 0.0, "vacancy_rate_lo": 0.0, "vacancy_rate_hi": 0.0, "stores": 4, "source": "stores+ledger", "capacity_method": "floor_ouln", "active_pip": 0, "licensed": 2, "id": "1120011400106680005-2", "pnu": "1120011400106680005", "floors": 0, "height": 0.0}}, {"type": "Feature", "geometry": {"type": "Polygon", "coordinates": [[[127.04309945, 37.54768792], [127.0431254, 37.54775549], [127.04314599, 37.54774873], [127.04311744, 37.54768161], [127.04309945, 37.54768792]]]}, "properties": {"name": "FORES", "status": "full", "capacity": 4, "active": 4, "industry": "장식품 소매", "vacancy_rate": 0.0, "vacancy_rate_lo": 0.0, "vacancy_rate_hi": 0.0, "stores": 4, "source": "stores+ledger", "capacity_method": "floor_ouln", "active_pip": 0, "licensed": 2, "id": "1120011400106680005-3", "pnu": "1120011400106680005", "floors": 0, "height": 0.0}}, {"type": "Feature", "geometry": {"type": "Polygon", "coordinates": [[[127.04330789, 37.54689695], [127.0432756, 37.54682101], [127.04313811, 37.54685976], [127.0431626, 37.54691044], [127.04317199, 37.54690908], [127.04317823, 37.54692962], [127.04330789, 37.54689695]]]}, "properties": {"name": "성수동1가 668-56", "status": "empty", "capacity": 3, "active": 0, "industry": "", "vacancy_rate": 100.0, "source": "polygon_only", "capacity_method": "floor_approx", "active_pip": 0, "licensed": 0, "id": "1120011400106680056-1", "pnu": "1120011400106680056", "floors": 3, "height": 9.66}}, {"type": "Feature", "geometry": {"type": "Polygon", "coordinates": [[[127.04814771, 37.54946608], [127.04820113, 37.54928118], [127.04810719, 37.54926301], [127.04805219, 37.54944918], [127.04814771, 37.54946608]]]}, "properties": {"name": "성수동", "status": "full", "capacity": 4, "active": 4, "industry": "일반 교육", "vacancy_rate": 0.0, "vacancy_rate_lo": 0.0, "vacancy_rate_hi": 25.0, "stores": 7, "source": "stores+ledger", "capacity_method": "floor_ouln", "active_pip": 0, "licensed": 2, "id": "1120011400100130443-1", "pnu": "1120011400100130443", "floors": 4, "height": 13.6}}, {"type": "Feature", "geometry": {"type": "Polygon", "coordinates": [[[127.04801348, 37.54896917], [127.04803928, 37.54897402], [127.04804425, 37.54895474], [127.04802082, 37.54894952], [127.04801348, 37.54896917]]]}, "properties": {"name": "쌍용아파트", "status": "high", "capacity": 189, "active": 23, "industry": "일반 교육", "vacancy_rate": 87.8, "vacancy_rate_lo": null, "vacancy_rate_hi": null, "stores": 23, "source": "stores+ledger", "capacity_method": "expos_units", "active_pip": 0, "licensed": 0, "id": "1120011400107060000-15", "pnu": "1120011400107060000", "floors": 0, "height": 0.0}}, {"type": "Feature", "geometry": {"type": "Polygon", "coordinates": [[[127.04865346, 37.54861722], [127.04863501, 37.54860605], [127.04862166, 37.54861822], [127.04860446, 37.54860679], [127.04858003, 37.54862878], [127.0486218, 37.54865282], [127.04865346, 37.54861722]]]}, "properties": {"name": "카페케슬리", "status": "full", "capacity": 2, "active": 2, "industry": "한식", "vacancy_rate": 0.0, "vacancy_rate_lo": 0.0, "vacancy_rate_hi": 0.0, "stores": 5, "source": "stores+ledger", "capacity_method": "floor_ouln", "active_pip": 0, "licensed": 2, "id": "1120011400100130132-1", "pnu": "1120011400100130132", "floors": 0, "height": 0.0}}, {"type": "Feature", "geometry": {"type": "Polygon", "coordinates": [[[127.04857565, 37.54797845], [127.04857943, 37.54806035], [127.04860806, 37.54805799], [127.04859285, 37.54797673], [127.04857565, 37.54797845]]]}, "properties": {"name": "뚝섬현대아파트", "status": "high", "capacity": 26, "active": 6, "industry": "한식", "vacancy_rate": 76.9, "vacancy_rate_lo": null, "vacancy_rate_hi": null, "stores": 6, "source": "stores+ledger", "capacity_method": "expos_units", "active_pip": 0, "licensed": 6, "id": "1120011400100130157-1", "pnu": "1120011400100130157", "floors": 0, "height": 0.0}}, {"type": "Feature", "geometry": {"type": "Polygon", "coordinates": [[[127.04864504, 37.54767172], [127.04859761, 37.54766164], [127.04859276, 37.54768147], [127.04863633, 37.54769073], [127.04864504, 37.54767172]]]}, "properties": {"name": "뚝섬현대아파트", "status": "high", "capacity": 26, "active": 6, "industry": "한식", "vacancy_rate": 76.9, "vacancy_rate_lo": null, "vacancy_rate_hi": null, "stores": 6, "source": "stores+ledger", "capacity_method": "expos_units", "active_pip": 0, "licensed": 6, "id": "1120011400100130157-2", "pnu": "1120011400100130157", "floors": 0, "height": 0.0}}, {"type": "Feature", "geometry": {"type": "Polygon", "coordinates": [[[127.04800944, 37.54914214], [127.04803248, 37.54907086], [127.04793798, 37.54905738], [127.0479146, 37.54912217], [127.04800944, 37.54914214]]]}, "properties": {"name": "쌍용아파트", "status": "high", "capacity": 189, "active": 23, "industry": "일반 교육", "vacancy_rate": 87.8, "vacancy_rate_lo": null, "vacancy_rate_hi": null, "stores": 23, "source": "stores+ledger", "capacity_method": "expos_units", "active_pip": 0, "licensed": 0, "id": "1120011400107060000-16", "pnu": "1120011400107060000", "floors": 0, "height": 0.0}}, {"type": "Feature", "geometry": {"type": "Polygon", "coordinates": [[[127.04788794, 37.54954205], [127.04800277, 37.54915485], [127.04789526, 37.5491348], [127.04779386, 37.54947595], [127.04781367, 37.54948342], [127.04780577, 37.54952343], [127.04788794, 37.54954205]]]}, "properties": {"name": "쌍용아파트", "status": "high", "capacity": 189, "active": 23, "industry": "일반 교육", "vacancy_rate": 87.8, "vacancy_rate_lo": null, "vacancy_rate_hi": null, "stores": 23, "source": "stores+ledger", "capacity_method": "expos_units", "active_pip": 0, "licensed": 0, "id": "1120011400107060000-17", "pnu": "1120011400107060000", "floors": 3, "height": 63.5}}, {"type": "Feature", "geometry": {"type": "Polygon", "coordinates": [[[127.04818098, 37.54859381], [127.04822118, 37.54845387], [127.0481131, 37.54843625], [127.0481096, 37.54845175], [127.04808572, 37.54844978], [127.04805864, 37.5485644], [127.04818098, 37.54859381]]]}, "properties": {"name": "성수동1가 656-388", "status": "full", "capacity": 2, "active": 2, "industry": "가전제품 수리", "vacancy_rate": 0.0, "vacancy_rate_lo": 0.0, "vacancy_rate_hi": 0.0, "stores": 4, "source": "stores+ledger", "capacity_method": "floor_ouln", "active_pip": 0, "licensed": 2, "id": "1120011400106560388-1", "pnu": "1120011400106560388", "floors": 3, "height": 0.0}}, {"type": "Feature", "geometry": {"type": "Polygon", "coordinates": [[[127.04817694, 37.54862399], [127.04809714, 37.548607], [127.04805762, 37.5487364], [127.04813368, 37.54875285], [127.04817694, 37.54862399]]]}, "properties": {"name": "성수동1가 656-387", "status": "full", "capacity": 2, "active": 2, "industry": "기타 교육", "vacancy_rate": 0.0, "vacancy_rate_lo": 0.0, "vacancy_rate_hi": 0.0, "stores": 5, "source": "stores+ledger", "capacity_method": "floor_ouln", "active_pip": 0, "licensed": 1, "id": "1120011400106560387-1", "pnu": "1120011400106560387", "floors": 3, "height": 0.0}}, {"type": "Feature", "geometry": {"type": "Polygon", "coordinates": [[[127.04807444, 37.54849501], [127.04808358, 37.54845582], [127.04806853, 37.54845366], [127.0480595, 37.54849196], [127.04807444, 37.54849501]]]}, "properties": {"name": "성수동1가 656-388", "status": "full", "capacity": 2, "active": 2, "industry": "가전제품 수리", "vacancy_rate": 0.0, "vacancy_rate_lo": 0.0, "vacancy_rate_hi": 0.0, "stores": 4, "source": "stores+ledger", "capacity_method": "floor_ouln", "active_pip": 0, "licensed": 2, "id": "1120011400106560388-2", "pnu": "1120011400106560388", "floors": 0, "height": 0.0}}, {"type": "Feature", "geometry": {"type": "Polygon", "coordinates": [[[127.04861937, 37.54804078], [127.04866168, 37.54802689], [127.0486474, 37.54798959], [127.04860384, 37.54800474], [127.04861937, 37.54804078]]]}, "properties": {"name": "뚝섬현대아파트", "status": "high", "capacity": 26, "active": 6, "industry": "한식", "vacancy_rate": 76.9, "vacancy_rate_lo": null, "vacancy_rate_hi": null, "stores": 6, "source": "stores+ledger", "capacity_method": "expos_units", "active_pip": 0, "licensed": 6, "id": "1120011400100130157-3", "pnu": "1120011400100130157", "floors": 0, "height": 0.0}}, {"type": "Feature", "geometry": {"type": "Polygon", "coordinates": [[[127.04848114, 37.54797335], [127.04845789, 37.54804958], [127.04856223, 37.54805197], [127.04857429, 37.54798322], [127.04848114, 37.54797335]]]}, "properties": {"name": "성수동1가 13-429", "status": "full", "capacity": 2, "active": 2, "industry": "기타 간이", "vacancy_rate": 0.0, "vacancy_rate_lo": 0.0, "vacancy_rate_hi": 0.0, "stores": 2, "source": "stores+ledger", "capacity_method": "floor_ouln", "active_pip": 0, "licensed": 2, "id": "1120011400100130429-1", "pnu": "1120011400100130429", "floors": 3, "height": 0.0}}, {"type": "Feature", "geometry": {"type": "Polygon", "coordinates": [[[127.04804223, 37.54872964], [127.04807001, 37.54865521], [127.04802191, 37.54864649], [127.04802902, 37.54861603], [127.04797187, 37.54860588], [127.04794928, 37.54867067], [127.04796061, 37.54870805], [127.04804223, 37.54872964]]]}, "properties": {"name": "성수동1가 656-387", "status": "full", "capacity": 2, "active": 2, "industry": "기타 교육", "vacancy_rate": 0.0, "vacancy_rate_lo": 0.0, "vacancy_rate_hi": 0.0, "stores": 5, "source": "stores+ledger", "capacity_method": "floor_ouln", "active_pip": 0, "licensed": 1, "id": "1120011400106560387-2", "pnu": "1120011400106560387", "floors": 0, "height": 0.0}}, {"type": "Feature", "geometry": {"type": "Polygon", "coordinates": [[[127.04861642, 37.54839244], [127.04872136, 37.54828004], [127.04867653, 37.54825222], [127.04862361, 37.54830702], [127.04860312, 37.54829946], [127.04854499, 37.54835255], [127.04861642, 37.54839244]]]}, "properties": {"name": "성수동1가 13-413", "status": "full", "capacity": 1, "active": 1, "industry": "이용·미용", "vacancy_rate": 0.0, "vacancy_rate_lo": 0.0, "vacancy_rate_hi": 0.0, "stores": 2, "source": "stores+ledger", "capacity_method": "floor_ouln", "active_pip": 0, "licensed": 1, "id": "1120011400100130413-1", "pnu": "1120011400100130413", "floors": 3, "height": 0.0}}, {"type": "Feature", "geometry": {"type": "Polygon", "coordinates": [[[127.04852993, 37.54834454], [127.04864021, 37.54825989], [127.04857964, 37.54821838], [127.04855205, 37.54824668], [127.04850224, 37.54822138], [127.04842383, 37.54823916], [127.04841401, 37.54827214], [127.04852993, 37.54834454]]]}, "properties": {"name": "성수동1가 13-145", "status": "full", "capacity": 2, "active": 2, "industry": "한식", "vacancy_rate": 0.0, "vacancy_rate_lo": 0.0, "vacancy_rate_hi": 0.0, "stores": 4, "source": "stores+ledger", "capacity_method": "floor_ouln", "active_pip": 0, "licensed": 2, "id": "1120011400100130145-1", "pnu": "1120011400100130145", "floors": 2, "height": 0.0}}, {"type": "Feature", "geometry": {"type": "Polygon", "coordinates": [[[127.04864938, 37.5486038], [127.04870614, 37.54853034], [127.04858059, 37.5484593], [127.04851931, 37.5485315], [127.04864938, 37.5486038]]]}, "properties": {"name": "카페케슬리", "status": "full", "capacity": 2, "active": 2, "industry": "한식", "vacancy_rate": 0.0, "vacancy_rate_lo": 0.0, "vacancy_rate_hi": 0.0, "stores": 5, "source": "stores+ledger", "capacity_method": "floor_ouln", "active_pip": 0, "licensed": 2, "id": "1120011400100130132-2", "pnu": "1120011400100130132", "floors": 4, "height": 10.6}}, {"type": "Feature", "geometry": {"type": "Polygon", "coordinates": [[[127.04832611, 37.54901587], [127.04843749, 37.54906952], [127.04849109, 37.54900724], [127.04838197, 37.54895043], [127.04832611, 37.54901587]]]}, "properties": {"name": "성수동1가 13-105", "status": "full", "capacity": 2, "active": 2, "industry": "한식", "vacancy_rate": 0.0, "vacancy_rate_lo": 0.0, "vacancy_rate_hi": 50.0, "stores": 4, "source": "stores+ledger", "capacity_method": "floor_ouln", "active_pip": 0, "licensed": 2, "id": "1120011400100130105-1", "pnu": "1120011400100130105", "floors": 3, "height": 0.0}}, {"type": "Feature", "geometry": {"type": "Polygon", "coordinates": [[[127.04849312, 37.54899346], [127.04850352, 37.54897219], [127.04840889, 37.54892582], [127.04839113, 37.54895097], [127.04849312, 37.54899346]]]}, "properties": {"name": "성수동1가 13-105", "status": "full", "capacity": 2, "active": 2, "industry": "한식", "vacancy_rate": 0.0, "vacancy_rate_lo": 0.0, "vacancy_rate_hi": 50.0, "stores": 4, "source": "stores+ledger", "capacity_method": "floor_ouln", "active_pip": 0, "licensed": 2, "id": "1120011400100130105-2", "pnu": "1120011400100130105", "floors": 0, "height": 0.0}}, {"type": "Feature", "geometry": {"type": "Polygon", "coordinates": [[[127.04857414, 37.54932607], [127.04858915, 37.54925687], [127.04849994, 37.54920807], [127.04846628, 37.54929935], [127.04857414, 37.54932607]]]}, "properties": {"name": "성수동1가 13-89", "status": "empty", "capacity": 3, "active": 0, "industry": "", "vacancy_rate": 100.0, "source": "polygon_only", "capacity_method": "floor_approx", "active_pip": 0, "licensed": 0, "id": "1120011400100130089-1", "pnu": "1120011400100130089", "floors": 3, "height": 0.0}}, {"type": "Feature", "geometry": {"type": "Polygon", "coordinates": [[[127.04840849, 37.54850011], [127.04845395, 37.54845107], [127.04853445, 37.5484914], [127.04857096, 37.5484385], [127.04842323, 37.54835467], [127.04836972, 37.54838992], [127.04835155, 37.54846814], [127.04840849, 37.54850011]]]}, "properties": {"name": "동서울약국", "status": "full", "capacity": 3, "active": 3, "industry": "유원지·오락", "vacancy_rate": 0.0, "vacancy_rate_lo": 0.0, "vacancy_rate_hi": 0.0, "stores": 8, "source": "stores+ledger", "capacity_method": "floor_ouln", "active_pip": 0, "licensed": 2, "id": "1120011400100130133-1", "pnu": "1120011400100130133", "floors": 3, "height": 0.0}}, {"type": "Feature", "geometry": {"type": "Polygon", "coordinates": [[[127.04869856, 37.54784703], [127.04890086, 37.54777874], [127.04889597, 37.54775883], [127.04909056, 37.5476864], [127.04908115, 37.54766658], [127.0492805, 37.54759865], [127.04927415, 37.54758118], [127.04947859, 37.54751108], [127.04942149, 37.54741695], [127.0492295, 37.54748497], [127.04923562, 37.5475001], [127.04903583, 37.547572], [127.04904626, 37.54759641], [127.04884612, 37.54766235], [127.04886118, 37.54768956], [127.04865448, 37.5477601], [127.04869856, 37.54784703]]]}, "properties": {"name": "뚝섬현대아파트", "status": "high", "capacity": 26, "active": 6, "industry": "한식", "vacancy_rate": 76.9, "vacancy_rate_lo": null, "vacancy_rate_hi": null, "stores": 6, "source": "stores+ledger", "capacity_method": "expos_units", "active_pip": 0, "licensed": 6, "id": "1120011400100130157-4", "pnu": "1120011400100130157", "floors": 15, "height": 0.0}}, {"type": "Feature", "geometry": {"type": "Polygon", "coordinates": [[[127.04777565, 37.54808004], [127.04787215, 37.54804451], [127.04787034, 37.54803865], [127.04792713, 37.54801989], [127.04797063, 37.54808618], [127.04793216, 37.54810188], [127.04795097, 37.54812899], [127.04797212, 37.54812222], [127.04803103, 37.54820924], [127.04814677, 37.54817036], [127.04799415, 37.54788471], [127.0477207, 37.54797933], [127.04777565, 37.54808004]]]}, "properties": {"name": "중앙하이츠빌", "status": "high", "capacity": 16, "active": 5, "industry": "기타 간이", "vacancy_rate": 68.8, "vacancy_rate_lo": null, "vacancy_rate_hi": null, "stores": 5, "source": "stores+ledger", "capacity_method": "expos_units", "active_pip": 0, "licensed": 0, "id": "1120011400107150000-4", "pnu": "1120011400107150000", "floors": 23, "height": 64.78}}, {"type": "Feature", "geometry": {"type": "Polygon", "coordinates": [[[127.04792251, 37.54767814], [127.04801494, 37.54764422], [127.04801062, 37.54763323], [127.04808553, 37.54760716], [127.04812121, 37.54766733], [127.04807743, 37.54769195], [127.04809861, 37.54772303], [127.04811468, 37.54771833], [127.04817064, 37.54780544], [127.04830018, 37.54776187], [127.04813851, 37.5474719], [127.04800806, 37.54751295], [127.04801576, 37.54752925], [127.0478731, 37.54757716], [127.04792251, 37.54767814]]]}, "properties": {"name": "중앙하이츠빌", "status": "high", "capacity": 16, "active": 5, "industry": "기타 간이", "vacancy_rate": 68.8, "vacancy_rate_lo": null, "vacancy_rate_hi": null, "stores": 5, "source": "stores+ledger", "capacity_method": "expos_units", "active_pip": 0, "licensed": 0, "id": "1120011400107150000-5", "pnu": "1120011400107150000", "floors": 22, "height": 61.98}}, {"type": "Feature", "geometry": {"type": "Polygon", "coordinates": [[[127.04842449, 37.54819655], [127.04847156, 37.54820004], [127.04857983, 37.54815035], [127.04858951, 37.54807836], [127.04845711, 37.54806409], [127.04842449, 37.54819655]]]}, "properties": {"name": "성수동1가 13-155", "status": "full", "capacity": 3, "active": 3, "industry": "일반 교육", "vacancy_rate": 0.0, "vacancy_rate_lo": 0.0, "vacancy_rate_hi": 0.0, "stores": 7, "source": "stores+ledger", "capacity_method": "floor_ouln", "active_pip": 0, "licensed": 0, "id": "1120011400100130155-1", "pnu": "1120011400100130155", "floors": 4, "height": 14.5}}, {"type": "Feature", "geometry": {"type": "Polygon", "coordinates": [[[127.04875118, 37.54941177], [127.0487636, 37.54936158], [127.04870416, 37.5493244], [127.04865029, 37.54930658], [127.04862306, 37.54938218], [127.04875118, 37.54941177]]]}, "properties": {"name": "성수동1가 13-66", "status": "partial", "capacity": 2, "active": 1, "industry": "한식", "vacancy_rate": 50.0, "vacancy_rate_lo": 50.0, "vacancy_rate_hi": 50.0, "stores": 1, "source": "stores+ledger", "capacity_method": "floor_ouln", "active_pip": 0, "licensed": 1, "id": "1120011400100130066-1", "pnu": "1120011400100130066", "floors": 4, "height": 0.0}}, {"type": "Feature", "geometry": {"type": "Polygon", "coordinates": [[[127.04837941, 37.548847], [127.04842317, 37.54879292], [127.04838525, 37.54877176], [127.04833696, 37.54882125], [127.04837941, 37.548847]]]}, "properties": {"name": "성수동1가 13-144", "status": "full", "capacity": 3, "active": 3, "industry": "섬유·의복·신발 소매", "vacancy_rate": 0.0, "vacancy_rate_lo": 0.0, "vacancy_rate_hi": 33.3, "stores": 5, "source": "stores+ledger", "capacity_method": "floor_ouln", "active_pip": 0, "licensed": 1, "id": "1120011400100130144-1", "pnu": "1120011400100130144", "floors": 0, "height": 0.0}}, {"type": "Feature", "geometry": {"type": "Polygon", "coordinates": [[[127.04836653, 37.54868915], [127.0484527, 37.54860478], [127.04834742, 37.548535], [127.04831207, 37.54864818], [127.04836653, 37.54868915]]]}, "properties": {"name": "성수동1가 13-135", "status": "full", "capacity": 3, "active": 3, "industry": "기타 간이", "vacancy_rate": 0.0, "vacancy_rate_lo": 0.0, "vacancy_rate_hi": 33.3, "stores": 6, "source": "stores+ledger", "capacity_method": "floor_ouln", "active_pip": 0, "licensed": 4, "id": "1120011400100130135-1", "pnu": "1120011400100130135", "floors": 4, "height": 12.6}}, {"type": "Feature", "geometry": {"type": "Polygon", "coordinates": [[[127.04870392, 37.54844286], [127.04878104, 37.54834219], [127.04871255, 37.54830356], [127.04862627, 37.54840045], [127.04870392, 37.54844286]]]}, "properties": {"name": "성수동1가 13-332", "status": "full", "capacity": 1, "active": 1, "industry": "한식", "vacancy_rate": 0.0, "vacancy_rate_lo": 0.0, "vacancy_rate_hi": 0.0, "stores": 2, "source": "stores+ledger", "capacity_method": "floor_ouln", "active_pip": 0, "licensed": 2, "id": "1120011400100130332-1", "pnu": "1120011400100130332", "floors": 4, "height": 0.0}}, {"type": "Feature", "geometry": {"type": "Polygon", "coordinates": [[[127.04823565, 37.54842206], [127.04827878, 37.54827266], [127.04825094, 37.54826609], [127.04815221, 37.54835848], [127.0481433, 37.54840624], [127.04823565, 37.54842206]]]}, "properties": {"name": "열린치과", "status": "full", "capacity": 3, "active": 3, "industry": "이용·미용", "vacancy_rate": 0.0, "vacancy_rate_lo": 0.0, "vacancy_rate_hi": 0.0, "stores": 4, "source": "stores+ledger", "capacity_method": "floor_ouln", "active_pip": 0, "licensed": 0, "id": "1120011400106560390-1", "pnu": "1120011400106560390", "floors": 4, "height": 12.6}}, {"type": "Feature", "geometry": {"type": "Polygon", "coordinates": [[[127.04833119, 37.54881855], [127.04838094, 37.54876222], [127.04836249, 37.54875177], [127.04838827, 37.54870932], [127.04828798, 37.54866143], [127.04825398, 37.54877218], [127.04833119, 37.54881855]]]}, "properties": {"name": "성수동1가 13-144", "status": "full", "capacity": 3, "active": 3, "industry": "섬유·의복·신발 소매", "vacancy_rate": 0.0, "vacancy_rate_lo": 0.0, "vacancy_rate_hi": 33.3, "stores": 5, "source": "stores+ledger", "capacity_method": "floor_ouln", "active_pip": 0, "licensed": 1, "id": "1120011400100130144-2", "pnu": "1120011400100130144", "floors": 4, "height": 0.0}}, {"type": "Feature", "geometry": {"type": "Polygon", "coordinates": [[[127.04818029, 37.54926046], [127.04827129, 37.54928232], [127.04828653, 37.54923527], [127.04819543, 37.54921415], [127.04818029, 37.54926046]]]}, "properties": {"name": "성수동1가 13-103", "status": "full", "capacity": 3, "active": 3, "industry": "한식", "vacancy_rate": 0.0, "vacancy_rate_lo": 0.0, "vacancy_rate_hi": 0.0, "stores": 8, "source": "stores+ledger", "capacity_method": "floor_ouln", "active_pip": 0, "licensed": 3, "id": "1120011400100130103-1", "pnu": "1120011400100130103", "floors": 0, "height": 0.0}}, {"type": "Feature", "geometry": {"type": "Polygon", "coordinates": [[[127.04824753, 37.54882676], [127.04823513, 37.54884016], [127.04820231, 37.54895122], [127.04832248, 37.54901199], [127.04838705, 37.54893349], [127.048324, 37.54890126], [127.04834243, 37.54887747], [127.04824753, 37.54882676]]]}, "properties": {"name": "성수동1가 13-104", "status": "full", "capacity": 3, "active": 3, "industry": "기타 간이", "vacancy_rate": 0.0, "vacancy_rate_lo": 0.0, "vacancy_rate_hi": 66.7, "stores": 5, "source": "stores+ledger", "capacity_method": "floor_ouln", "active_pip": 0, "licensed": 3, "id": "1120011400100130104-1", "pnu": "1120011400100130104", "floors": 3, "height": 0.0}}, {"type": "Feature", "geometry": {"type": "Polygon", "coordinates": [[[127.04831632, 37.54927356], [127.0483986, 37.54928956], [127.04841361, 37.54923117], [127.04847088, 37.54924097], [127.048485, 37.54919573], [127.04838254, 37.54913783], [127.04835019, 37.5491501], [127.04831632, 37.54927356]]]}, "properties": {"name": "성수동1가 13-90", "status": "full", "capacity": 2, "active": 2, "industry": "한식", "vacancy_rate": 0.0, "vacancy_rate_lo": 0.0, "vacancy_rate_hi": 0.0, "stores": 5, "source": "stores+ledger", "capacity_method": "floor_ouln", "active_pip": 0, "licensed": 4, "id": "1120011400100130090-1", "pnu": "1120011400100130090", "floors": 2, "height": 0.0}}, {"type": "Feature", "geometry": {"type": "Polygon", "coordinates": [[[127.04848306, 37.54797038], [127.04856851, 37.54797295], [127.04857544, 37.54788195], [127.04851356, 37.5478781], [127.04848306, 37.54797038]]]}, "properties": {"name": "성수동1가 13-156", "status": "full", "capacity": 2, "active": 2, "industry": "주점", "vacancy_rate": 0.0, "vacancy_rate_lo": 0.0, "vacancy_rate_hi": 50.0, "stores": 3, "source": "stores+ledger", "capacity_method": "floor_ouln", "active_pip": 0, "licensed": 2, "id": "1120011400100130156-1", "pnu": "1120011400100130156", "floors": 2, "height": 0.0}}, {"type": "Feature", "geometry": {"type": "Polygon", "coordinates": [[[127.04842189, 37.54925063], [127.04846399, 37.54925971], [127.04846828, 37.54924538], [127.04842618, 37.54923585], [127.04842189, 37.54925063]]]}, "properties": {"name": "성수동1가 13-90", "status": "full", "capacity": 2, "active": 2, "industry": "한식", "vacancy_rate": 0.0, "vacancy_rate_lo": 0.0, "vacancy_rate_hi": 0.0, "stores": 5, "source": "stores+ledger", "capacity_method": "floor_ouln", "active_pip": 0, "licensed": 4, "id": "1120011400100130090-2", "pnu": "1120011400100130090", "floors": 0, "height": 0.0}}, {"type": "Feature", "geometry": {"type": "Polygon", "coordinates": [[[127.04840958, 37.54928946], [127.04845292, 37.54929684], [127.0484649, 37.54926611], [127.04841499, 37.54925568], [127.04840958, 37.54928946]]]}, "properties": {"name": "성수동1가 13-90", "status": "full", "capacity": 2, "active": 2, "industry": "한식", "vacancy_rate": 0.0, "vacancy_rate_lo": 0.0, "vacancy_rate_hi": 0.0, "stores": 5, "source": "stores+ledger", "capacity_method": "floor_ouln", "active_pip": 0, "licensed": 4, "id": "1120011400100130090-3", "pnu": "1120011400100130090", "floors": 0, "height": 0.0}}, {"type": "Feature", "geometry": {"type": "Polygon", "coordinates": [[[127.04852306, 37.54854162], [127.04850488, 37.54852959], [127.04848016, 37.54855729], [127.04849976, 37.54856917], [127.04852306, 37.54854162]]]}, "properties": {"name": "카페케슬리", "status": "full", "capacity": 2, "active": 2, "industry": "한식", "vacancy_rate": 0.0, "vacancy_rate_lo": 0.0, "vacancy_rate_hi": 0.0, "stores": 5, "source": "stores+ledger", "capacity_method": "floor_ouln", "active_pip": 0, "licensed": 2, "id": "1120011400100130132-3", "pnu": "1120011400100130132", "floors": 0, "height": 0.0}}, {"type": "Feature", "geometry": {"type": "Polygon", "coordinates": [[[127.04846485, 37.54867172], [127.04849731, 37.54864036], [127.04846414, 37.5486173], [127.04843169, 37.54865146], [127.04846485, 37.54867172]]]}, "properties": {"name": "성수동1가 13-135", "status": "full", "capacity": 3, "active": 3, "industry": "기타 간이", "vacancy_rate": 0.0, "vacancy_rate_lo": 0.0, "vacancy_rate_hi": 33.3, "stores": 6, "source": "stores+ledger", "capacity_method": "floor_ouln", "active_pip": 0, "licensed": 4, "id": "1120011400100130135-2", "pnu": "1120011400100130135", "floors": 0, "height": 0.0}}, {"type": "Feature", "geometry": {"type": "Polygon", "coordinates": [[[127.0481041, 37.54963287], [127.04814281, 37.54948402], [127.04805412, 37.54947082], [127.04801403, 37.54961967], [127.0481041, 37.54963287]]]}, "properties": {"name": "성수동1가 13-442", "status": "high", "capacity": 7, "active": 2, "industry": "섬유·의복·신발 소매", "vacancy_rate": 71.4, "vacancy_rate_lo": 71.4, "vacancy_rate_hi": 85.7, "stores": 3, "source": "stores+ledger+pip", "capacity_method": "floor_ouln", "active_pip": 1, "licensed": 0, "id": "1120011400100130442-1", "pnu": "1120011400100130442", "floors": 4, "height": 13.3}}, {"type": "Feature", "geometry": {"type": "Polygon", "coordinates": [[[127.04810367, 37.54924536], [127.04817078, 37.54926002], [127.04818591, 37.54921207], [127.04811845, 37.54919462], [127.04810367, 37.54924536]]]}, "properties": {"name": "성수동1가 13-103", "status": "full", "capacity": 3, "active": 3, "industry": "한식", "vacancy_rate": 0.0, "vacancy_rate_lo": 0.0, "vacancy_rate_hi": 0.0, "stores": 8, "source": "stores+ledger", "capacity_method": "floor_ouln", "active_pip": 0, "licensed": 3, "id": "1120011400100130103-2", "pnu": "1120011400100130103", "floors": 0, "height": 0.0}}, {"type": "Feature", "geometry": {"type": "Polygon", "coordinates": [[[127.04842109, 37.54767352], [127.04848658, 37.54744672], [127.04838041, 37.54742369], [127.04831957, 37.54765212], [127.04842109, 37.54767352]]]}, "properties": {"name": "중앙하이츠빌", "status": "high", "capacity": 16, "active": 5, "industry": "기타 간이", "vacancy_rate": 68.8, "vacancy_rate_lo": null, "vacancy_rate_hi": null, "stores": 5, "source": "stores+ledger", "capacity_method": "expos_units", "active_pip": 0, "licensed": 0, "id": "1120011400107150000-6", "pnu": "1120011400107150000", "floors": 1, "height": 5.55}}, {"type": "Feature", "geometry": {"type": "Polygon", "coordinates": [[[127.04869393, 37.5476798], [127.04871844, 37.54761348], [127.04913263, 37.54747537], [127.04909106, 37.54740187], [127.04867822, 37.54753691], [127.04862032, 37.5475946], [127.04860361, 37.5476603], [127.04869393, 37.5476798]]]}, "properties": {"name": "뚝섬현대아파트", "status": "high", "capacity": 26, "active": 6, "industry": "한식", "vacancy_rate": 76.9, "vacancy_rate_lo": null, "vacancy_rate_hi": null, "stores": 6, "source": "stores+ledger", "capacity_method": "expos_units", "active_pip": 0, "licensed": 6, "id": "1120011400100130157-5", "pnu": "1120011400100130157", "floors": 1, "height": 0.0}}, {"type": "Feature", "geometry": {"type": "Polygon", "coordinates": [[[127.04815672, 37.54905738], [127.0481188, 37.54918958], [127.04828279, 37.54921825], [127.04831236, 37.54911102], [127.04820719, 37.54904844], [127.04815672, 37.54905738]]]}, "properties": {"name": "성수동1가 13-103", "status": "full", "capacity": 3, "active": 3, "industry": "한식", "vacancy_rate": 0.0, "vacancy_rate_lo": 0.0, "vacancy_rate_hi": 0.0, "stores": 8, "source": "stores+ledger", "capacity_method": "floor_ouln", "active_pip": 0, "licensed": 3, "id": "1120011400100130103-3", "pnu": "1120011400100130103", "floors": 4, "height": 12.0}}, {"type": "Feature", "geometry": {"type": "Polygon", "coordinates": [[[127.04492499, 37.54640035], [127.04485099, 37.5464075], [127.04482561, 37.54654203], [127.04496229, 37.54651927], [127.04492499, 37.54640035]]]}, "properties": {"name": "성수동1가 656-565", "status": "partial", "capacity": 4, "active": 3, "industry": "의원", "vacancy_rate": 25.0, "vacancy_rate_lo": 25.0, "vacancy_rate_hi": 75.0, "stores": 2, "source": "stores+ledger", "capacity_method": "floor_ouln", "active_pip": 0, "licensed": 2, "id": "1120011400106560565-1", "pnu": "1120011400106560565", "floors": 4, "height": 0.0}}, {"type": "Feature", "geometry": {"type": "Polygon", "coordinates": [[[127.04641397, 37.5466153], [127.04637307, 37.54654305], [127.04633347, 37.54655703], [127.04636668, 37.54662721], [127.04641397, 37.5466153]]]}, "properties": {"name": "성수동1가 656-696", "status": "empty", "capacity": 3, "active": 0, "industry": "", "vacancy_rate": 100.0, "source": "polygon_only", "capacity_method": "floor_approx", "active_pip": 0, "licensed": 0, "id": "1120011400106560696-1", "pnu": "1120011400106560696", "floors": 3, "height": 11.67}}, {"type": "Feature", "geometry": {"type": "Polygon", "coordinates": [[[127.04556322, 37.54678988], [127.04567591, 37.54675434], [127.04562301, 37.54667074], [127.04553818, 37.54674006], [127.04556322, 37.54678988]]]}, "properties": {"name": "성수동1가 656-482", "status": "full", "capacity": 2, "active": 2, "industry": "한식", "vacancy_rate": 0.0, "vacancy_rate_lo": 0.0, "vacancy_rate_hi": 50.0, "stores": 3, "source": "stores+ledger", "capacity_method": "floor_ouln", "active_pip": 0, "licensed": 3, "id": "1120011400106560482-1", "pnu": "1120011400106560482", "floors": 2, "height": 7.6}}, {"type": "Feature", "geometry": {"type": "Polygon", "coordinates": [[[127.04663947, 37.54661868], [127.04665078, 37.54661867], [127.04663946, 37.54660967], [127.04662815, 37.54661868], [127.04663947, 37.54661868]]]}, "properties": {"name": "성수동1가 656-688", "status": "full", "capacity": 1, "active": 1, "industry": "기타 간이", "vacancy_rate": 0.0, "vacancy_rate_lo": 0.0, "vacancy_rate_hi": 0.0, "stores": 2, "source": "stores+ledger", "capacity_method": "floor_ouln", "active_pip": 0, "licensed": 1, "id": "1120011400106560688-1", "pnu": "1120011400106560688", "floors": 0, "height": 0.0}}, {"type": "Feature", "geometry": {"type": "Polygon", "coordinates": [[[127.04669916, 37.54690112], [127.04671047, 37.54690111], [127.04669915, 37.54689211], [127.04668784, 37.54690112], [127.04669916, 37.54690112]]]}, "properties": {"name": "성수동1가 8-26", "status": "full", "capacity": 3, "active": 3, "industry": "", "vacancy_rate": 0.0, "source": "pip_only", "capacity_method": "floor_approx", "active_pip": 0, "licensed": 3, "id": "1120011400100080026-1", "pnu": "1120011400100080026", "floors": 0, "height": 0.0}}, {"type": "Feature", "geometry": {"type": "Polygon", "coordinates": [[[127.04589648, 37.54679318], [127.04583202, 37.54667995], [127.04568212, 37.54673145], [127.04574726, 37.54684216], [127.04589648, 37.54679318]]]}, "properties": {"name": "성수동1가 656-310", "status": "empty", "capacity": 1, "active": 0, "industry": "", "vacancy_rate": 100.0, "source": "polygon_only", "capacity_method": "floor_approx", "active_pip": 0, "licensed": 0, "id": "1120011400106560310-1", "pnu": "1120011400106560310", "floors": 1, "height": 4.5}}, {"type": "Feature", "geometry": {"type": "Polygon", "coordinates": [[[127.04634387, 37.54709033], [127.04646877, 37.54704631], [127.0464079, 37.54687379], [127.04626117, 37.5469252], [127.04634387, 37.54709033]]]}, "properties": {"name": "서경빌딩", "status": "full", "capacity": 3, "active": 3, "industry": "이용·미용", "vacancy_rate": 0.0, "vacancy_rate_lo": 0.0, "vacancy_rate_hi": 0.0, "stores": 8, "source": "stores+ledger", "capacity_method": "floor_ouln", "active_pip": 0, "licensed": 2, "id": "1120011400106560309-1", "pnu": "1120011400106560309", "floors": 4, "height": 12.7}}, {"type": "Feature", "geometry": {"type": "Polygon", "coordinates": [[[127.04583111, 37.54667301], [127.04580235, 37.54663274], [127.04575845, 37.54664943], [127.04575902, 37.54665691], [127.04566365, 37.54669109], [127.04568222, 37.5467237], [127.04583111, 37.54667301]]]}, "properties": {"name": "성수동1가 656-310", "status": "empty", "capacity": 1, "active": 0, "industry": "", "vacancy_rate": 100.0, "source": "polygon_only", "capacity_method": "floor_approx", "active_pip": 0, "licensed": 0, "id": "1120011400106560310-2", "pnu": "1120011400106560310", "floors": 1, "height": 4.5}}, {"type": "Feature", "geometry": {"type": "Polygon", "coordinates": [[[127.04617076, 37.54674846], [127.04613987, 37.5467601], [127.04617488, 37.54682225], [127.04620814, 37.54681179], [127.04617076, 37.54674846]]]}, "properties": {"name": "나눔의교회", "status": "full", "capacity": 2, "active": 2, "industry": "종합 소매", "vacancy_rate": 0.0, "vacancy_rate_lo": 0.0, "vacancy_rate_hi": 0.0, "stores": 4, "source": "stores+ledger", "capacity_method": "floor_ouln", "active_pip": 0, "licensed": 3, "id": "1120011400106560396-1", "pnu": "1120011400106560396", "floors": 0, "height": 0.0}}, {"type": "Feature", "geometry": {"type": "Polygon", "coordinates": [[[127.04533622, 37.54679266], [127.04538129, 37.54684906], [127.04544836, 37.54678974], [127.0453895, 37.54675273], [127.04533622, 37.54679266]]]}, "properties": {"name": "서울숲비즈포레", "status": "full", "capacity": 19, "active": 19, "industry": "의약·화장품 소매", "vacancy_rate": 0.0, "vacancy_rate_lo": null, "vacancy_rate_hi": null, "stores": 19, "source": "stores+ledger", "capacity_method": "expos_units", "active_pip": 0, "licensed": 0, "id": "1120011400106560439-1", "pnu": "1120011400106560439", "floors": 0, "height": 0.0}}, {"type": "Feature", "geometry": {"type": "Polygon", "coordinates": [[[127.04537001, 37.54671778], [127.04536083, 37.54668616], [127.0451936, 37.54672731], [127.04520347, 37.54675704], [127.04527, 37.54674268], [127.04526716, 37.54672395], [127.04529273, 37.5467188], [127.04529806, 37.54673592], [127.04537001, 37.54671778]]]}, "properties": {"name": "서울숲비즈포레", "status": "full", "capacity": 19, "active": 19, "industry": "의약·화장품 소매", "vacancy_rate": 0.0, "vacancy_rate_lo": null, "vacancy_rate_hi": null, "stores": 19, "source": "stores+ledger", "capacity_method": "expos_units", "active_pip": 0, "licensed": 0, "id": "1120011400106560439-2", "pnu": "1120011400106560439", "floors": 2, "height": 8.0}}, {"type": "Feature", "geometry": {"type": "Polygon", "coordinates": [[[127.04669977, 37.54692342], [127.04668742, 37.54689576], [127.04664058, 37.54690848], [127.04665225, 37.54693695], [127.04669977, 37.54692342]]]}, "properties": {"name": "성수동1가 8-26", "status": "full", "capacity": 3, "active": 3, "industry": "", "vacancy_rate": 0.0, "source": "pip_only", "capacity_method": "floor_approx", "active_pip": 0, "licensed": 3, "id": "1120011400100080026-2", "pnu": "1120011400100080026", "floors": 0, "height": 0.0}}, {"type": "Feature", "geometry": {"type": "Polygon", "coordinates": [[[127.04659426, 37.54720529], [127.04667358, 37.54719327], [127.04663197, 37.54705778], [127.04655774, 37.54707285], [127.04659426, 37.54720529]]]}, "properties": {"name": "점포현마봉양꼬치", "status": "full", "capacity": 2, "active": 2, "industry": "일식", "vacancy_rate": 0.0, "vacancy_rate_lo": 0.0, "vacancy_rate_hi": 0.0, "stores": 5, "source": "stores+ledger", "capacity_method": "floor_ouln", "active_pip": 0, "licensed": 4, "id": "1120011400100080016-1", "pnu": "1120011400100080016", "floors": 4, "height": 0.0}}, {"type": "Feature", "geometry": {"type": "Polygon", "coordinates": [[[127.04557246, 37.54653012], [127.04556373, 37.54650976], [127.04553545, 37.54651581], [127.04554293, 37.5465359], [127.04557246, 37.54653012]]]}, "properties": {"name": "서울숲비즈포레", "status": "full", "capacity": 19, "active": 19, "industry": "의약·화장품 소매", "vacancy_rate": 0.0, "vacancy_rate_lo": null, "vacancy_rate_hi": null, "stores": 19, "source": "stores+ledger", "capacity_method": "expos_units", "active_pip": 0, "licensed": 0, "id": "1120011400106560439-3", "pnu": "1120011400106560439", "floors": 0, "height": 0.0}}, {"type": "Feature", "geometry": {"type": "Polygon", "coordinates": [[[127.04579759, 37.54699774], [127.04583103, 37.54708467], [127.04591407, 37.54706058], [127.04591226, 37.54705536], [127.04596973, 37.54703534], [127.04595307, 37.54699525], [127.04593157, 37.54698246], [127.04591086, 37.54698445], [127.0459001, 37.54696598], [127.04579759, 37.54699774]]]}, "properties": {"name": "성수동1가 656-402", "status": "full", "capacity": 2, "active": 2, "industry": "서양식", "vacancy_rate": 0.0, "vacancy_rate_lo": 0.0, "vacancy_rate_hi": 0.0, "stores": 1, "source": "stores+ledger", "capacity_method": "floor_ouln", "active_pip": 0, "licensed": 1, "id": "1120011400106560402-1", "pnu": "1120011400106560402", "floors": 3, "height": 0.0}}, {"type": "Feature", "geometry": {"type": "Polygon", "coordinates": [[[127.04644117, 37.54650951], [127.04638803, 37.54640528], [127.04629345, 37.54643577], [127.04635179, 37.54653982], [127.04644117, 37.54650951]]]}, "properties": {"name": "성수동1가 656-378", "status": "full", "capacity": 3, "active": 3, "industry": "한식", "vacancy_rate": 0.0, "vacancy_rate_lo": 0.0, "vacancy_rate_hi": 33.3, "stores": 3, "source": "stores+ledger", "capacity_method": "floor_ouln", "active_pip": 0, "licensed": 2, "id": "1120011400106560378-1", "pnu": "1120011400106560378", "floors": 4, "height": 12.8}}, {"type": "Feature", "geometry": {"type": "Polygon", "coordinates": [[[127.04652188, 37.54672869], [127.04649174, 37.54666131], [127.04641978, 37.54668539], [127.04641368, 37.54669566], [127.04643669, 37.54675386], [127.04652188, 37.54672869]]]}, "properties": {"name": "성수동1가 656-676", "status": "full", "capacity": 2, "active": 2, "industry": "섬유·의복·신발 소매", "vacancy_rate": 0.0, "vacancy_rate_lo": 0.0, "vacancy_rate_hi": 0.0, "stores": 3, "source": "stores+ledger", "capacity_method": "floor_ouln", "active_pip": 0, "licensed": 1, "id": "1120011400106560676-1", "pnu": "1120011400106560676", "floors": 3, "height": 9.5}}, {"type": "Feature", "geometry": {"type": "Polygon", "coordinates": [[[127.04561907, 37.54686959], [127.04572053, 37.54682955], [127.04568145, 37.54675722], [127.04557635, 37.54679861], [127.04561907, 37.54686959]]]}, "properties": {"name": "성수동1가 656-481", "status": "full", "capacity": 1, "active": 1, "industry": "기타 간이", "vacancy_rate": 0.0, "vacancy_rate_lo": 0.0, "vacancy_rate_hi": 0.0, "stores": 2, "source": "stores+ledger", "capacity_method": "floor_ouln", "active_pip": 0, "licensed": 1, "id": "1120011400106560481-1", "pnu": "1120011400106560481", "floors": 3, "height": 10.6}}, {"type": "Feature", "geometry": {"type": "Polygon", "coordinates": [[[127.04581594, 37.54646992], [127.04579588, 37.54642164], [127.04563692, 37.54645639], [127.0456512, 37.54650783], [127.04581594, 37.54646992]]]}, "properties": {"name": "성수동1가 656-509", "status": "full", "capacity": 1, "active": 1, "industry": "주점", "vacancy_rate": 0.0, "vacancy_rate_lo": 0.0, "vacancy_rate_hi": 0.0, "stores": 2, "source": "stores+ledger", "capacity_method": "floor_ouln", "active_pip": 0, "licensed": 2, "id": "1120011400106560509-1", "pnu": "1120011400106560509", "floors": 3, "height": 10.3}}, {"type": "Feature", "geometry": {"type": "Polygon", "coordinates": [[[127.04573829, 37.54699073], [127.04590789, 37.5469321], [127.04587299, 37.54686553], [127.04570113, 37.54691885], [127.04573829, 37.54699073]]]}, "properties": {"name": "성수동1가 656-401", "status": "full", "capacity": 4, "active": 4, "industry": "이용·미용", "vacancy_rate": 0.0, "vacancy_rate_lo": 0.0, "vacancy_rate_hi": 100.0, "stores": 2, "source": "stores+ledger", "capacity_method": "floor_ouln", "active_pip": 0, "licensed": 2, "id": "1120011400106560401-1", "pnu": "1120011400106560401", "floors": 4, "height": 13.0}}, {"type": "Feature", "geometry": {"type": "Polygon", "coordinates": [[[127.04654978, 37.54701862], [127.04665771, 37.54697884], [127.04662282, 37.54691525], [127.04651364, 37.54695088], [127.04654978, 37.54701862]]]}, "properties": {"name": "성수동1가 8-8", "status": "full", "capacity": 1, "active": 1, "industry": "한식", "vacancy_rate": 0.0, "vacancy_rate_lo": 0.0, "vacancy_rate_hi": 0.0, "stores": 1, "source": "stores+ledger", "capacity_method": "floor_ouln", "active_pip": 0, "licensed": 1, "id": "1120011400100080008-1", "pnu": "1120011400100080008", "floors": 3, "height": 9.6}}, {"type": "Feature", "geometry": {"type": "Polygon", "coordinates": [[[127.04651962, 37.54691745], [127.04659711, 37.54689012], [127.04657049, 37.54684039], [127.04649548, 37.54686403], [127.04651962, 37.54691745]]]}, "properties": {"name": "성수동1가 8-37", "status": "full", "capacity": 2, "active": 2, "industry": "한식", "vacancy_rate": 0.0, "vacancy_rate_lo": 0.0, "vacancy_rate_hi": 0.0, "stores": 2, "source": "stores+ledger", "capacity_method": "floor_ouln", "active_pip": 0, "licensed": 2, "id": "1120011400100080037-1", "pnu": "1120011400100080037", "floors": 4, "height": 11.2}}, {"type": "Feature", "geometry": {"type": "Polygon", "coordinates": [[[127.0459001, 37.54679037], [127.04600476, 37.54675195], [127.04598233, 37.54671736], [127.04588491, 37.54674903], [127.0459001, 37.54679037]]]}, "properties": {"name": "성수동1가 656-310", "status": "empty", "capacity": 1, "active": 0, "industry": "", "vacancy_rate": 100.0, "source": "polygon_only", "capacity_method": "floor_approx", "active_pip": 0, "licensed": 0, "id": "1120011400106560310-3", "pnu": "1120011400106560310", "floors": 1, "height": 4.5}}, {"type": "Feature", "geometry": {"type": "Polygon", "coordinates": [[[127.0466264, 37.54701859], [127.04654245, 37.54704106], [127.04655095, 37.54707079], [127.04663796, 37.54705147], [127.0466264, 37.54701859]]]}, "properties": {"name": "점포현마봉양꼬치", "status": "full", "capacity": 2, "active": 2, "industry": "일식", "vacancy_rate": 0.0, "vacancy_rate_lo": 0.0, "vacancy_rate_hi": 0.0, "stores": 5, "source": "stores+ledger", "capacity_method": "floor_ouln", "active_pip": 0, "licensed": 4, "id": "1120011400100080016-2", "pnu": "1120011400100080016", "floors": 0, "height": 0.0}}, {"type": "Feature", "geometry": {"type": "Polygon", "coordinates": [[[127.04670901, 37.54666536], [127.04667151, 37.54659888], [127.04658553, 37.54662567], [127.04662053, 37.5466935], [127.04670901, 37.54666536]]]}, "properties": {"name": "성수동1가 656-688", "status": "full", "capacity": 1, "active": 1, "industry": "기타 간이", "vacancy_rate": 0.0, "vacancy_rate_lo": 0.0, "vacancy_rate_hi": 0.0, "stores": 2, "source": "stores+ledger", "capacity_method": "floor_ouln", "active_pip": 0, "licensed": 1, "id": "1120011400106560688-2", "pnu": "1120011400106560688", "floors": 2, "height": 7.8}}, {"type": "Feature", "geometry": {"type": "Polygon", "coordinates": [[[127.04635396, 37.54674641], [127.04632723, 37.54669849], [127.04628954, 37.5466849], [127.04616679, 37.54674], [127.04620281, 37.54679134], [127.04635396, 37.54674641]]]}, "properties": {"name": "나눔의교회", "status": "full", "capacity": 2, "active": 2, "industry": "종합 소매", "vacancy_rate": 0.0, "vacancy_rate_lo": 0.0, "vacancy_rate_hi": 0.0, "stores": 4, "source": "stores+ledger", "capacity_method": "floor_ouln", "active_pip": 0, "licensed": 3, "id": "1120011400106560396-2", "pnu": "1120011400106560396", "floors": 3, "height": 0.0}}, {"type": "Feature", "geometry": {"type": "Polygon", "coordinates": [[[127.0465725, 37.54678967], [127.04668032, 37.546757], [127.04664882, 37.54669205], [127.0466038, 37.54670865], [127.04660708, 37.54671379], [127.0465444, 37.54673165], [127.0465725, 37.54678967]]]}, "properties": {"name": "전체", "status": "partial", "capacity": 4, "active": 2, "industry": "주점", "vacancy_rate": 50.0, "vacancy_rate_lo": null, "vacancy_rate_hi": null, "stores": 2, "source": "stores+ledger", "capacity_method": "floor_approx", "active_pip": 0, "licensed": 2, "id": "1120011400100080038-1", "pnu": "1120011400100080038", "floors": 2, "height": 7.9}}, {"type": "Feature", "geometry": {"type": "Polygon", "coordinates": [[[127.04658775, 37.54656386], [127.04654662, 37.54648866], [127.04646585, 37.54651355], [127.04650641, 37.54658886], [127.04658775, 37.54656386]]]}, "properties": {"name": "성수동1가 656-711", "status": "full", "capacity": 2, "active": 2, "industry": "일식", "vacancy_rate": 0.0, "vacancy_rate_lo": 0.0, "vacancy_rate_hi": 100.0, "stores": 2, "source": "stores+ledger", "capacity_method": "floor_ouln", "active_pip": 0, "licensed": 2, "id": "1120011400106560711-1", "pnu": "1120011400106560711", "floors": 2, "height": 7.7}}, {"type": "Feature", "geometry": {"type": "Polygon", "coordinates": [[[127.04661159, 37.54669387], [127.04657297, 37.54663091], [127.04649694, 37.54665563], [127.04653251, 37.54671995], [127.04661159, 37.54669387]]]}, "properties": {"name": "성수동1가 656-689", "status": "partial", "capacity": 2, "active": 1, "industry": "일식", "vacancy_rate": 50.0, "vacancy_rate_lo": 50.0, "vacancy_rate_hi": 50.0, "stores": 1, "source": "stores+ledger", "capacity_method": "floor_ouln", "active_pip": 0, "licensed": 1, "id": "1120011400106560689-1", "pnu": "1120011400106560689", "floors": 2, "height": 6.9}}, {"type": "Feature", "geometry": {"type": "Polygon", "coordinates": [[[127.04668, 37.54698037], [127.04676985, 37.54695672], [127.04673211, 37.54688672], [127.04669738, 37.54690053], [127.04671109, 37.54693008], [127.04666731, 37.54694244], [127.04668, 37.54698037]]]}, "properties": {"name": "성수동1가 8-26", "status": "full", "capacity": 3, "active": 3, "industry": "", "vacancy_rate": 0.0, "source": "pip_only", "capacity_method": "floor_approx", "active_pip": 0, "licensed": 3, "id": "1120011400100080026-3", "pnu": "1120011400100080026", "floors": 1, "height": 4.2}}, {"type": "Feature", "geometry": {"type": "Polygon", "coordinates": [[[127.04677942, 37.54706079], [127.04675064, 37.54699971], [127.04665696, 37.54703227], [127.04667963, 37.54709173], [127.04677942, 37.54706079]]]}, "properties": {"name": "성수동1가 8-21", "status": "full", "capacity": 5, "active": 5, "industry": "주점", "vacancy_rate": 0.0, "vacancy_rate_lo": 0.0, "vacancy_rate_hi": 20.0, "stores": 5, "source": "stores+ledger", "capacity_method": "floor_ouln", "active_pip": 0, "licensed": 4, "id": "1120011400100080021-1", "pnu": "1120011400100080021", "floors": 1, "height": 0.0}}, {"type": "Feature", "geometry": {"type": "Polygon", "coordinates": [[[127.04568841, 37.54703229], [127.04551214, 37.54708353], [127.04555361, 37.54717651], [127.04565691, 37.54714285], [127.04564898, 37.54712249], [127.04571539, 37.54710508], [127.04568841, 37.54703229]]]}, "properties": {"name": "성수동1가 656-405", "status": "full", "capacity": 1, "active": 1, "industry": "한식", "vacancy_rate": 0.0, "vacancy_rate_lo": 0.0, "vacancy_rate_hi": 0.0, "stores": 2, "source": "stores+ledger", "capacity_method": "floor_ouln", "active_pip": 0, "licensed": 2, "id": "1120011400106560405-1", "pnu": "1120011400106560405", "floors": 3, "height": 0.0}}, {"type": "Feature", "geometry": {"type": "Polygon", "coordinates": [[[127.04778002, 37.5467626], [127.04772428, 37.54666712], [127.04727164, 37.54683489], [127.04732895, 37.54693109], [127.04778002, 37.5467626]]]}, "properties": {"name": "영창디지털타워", "status": "partial", "capacity": 6, "active": 5, "industry": "섬유·의복·신발 소매", "vacancy_rate": 16.7, "vacancy_rate_lo": null, "vacancy_rate_hi": null, "stores": 5, "source": "stores+ledger", "capacity_method": "expos_units", "active_pip": 0, "licensed": 0, "id": "1120011400100080006-1", "pnu": "1120011400100080006", "floors": 1, "height": 4.0}}, {"type": "Feature", "geometry": {"type": "Polygon", "coordinates": [[[127.04764709, 37.54681518], [127.04754334, 37.54685442], [127.04755173, 37.54686775], [127.04765773, 37.5468268], [127.04764709, 37.54681518]]]}, "properties": {"name": "영창디지털타워", "status": "partial", "capacity": 6, "active": 5, "industry": "섬유·의복·신발 소매", "vacancy_rate": 16.7, "vacancy_rate_lo": null, "vacancy_rate_hi": null, "stores": 5, "source": "stores+ledger", "capacity_method": "expos_units", "active_pip": 0, "licensed": 0, "id": "1120011400100080006-2", "pnu": "1120011400100080006", "floors": 0, "height": 0.0}}, {"type": "Feature", "geometry": {"type": "Polygon", "coordinates": [[[127.04735256, 37.54651058], [127.04738689, 37.54657229], [127.047449, 37.54651409], [127.04743097, 37.54648523], [127.04735256, 37.54651058]]]}, "properties": {"name": "성수동1가 9-7", "status": "full", "capacity": 1, "active": 1, "industry": "기타 간이", "vacancy_rate": 0.0, "vacancy_rate_lo": 0.0, "vacancy_rate_hi": 0.0, "stores": 2, "source": "stores+ledger", "capacity_method": "floor_ouln", "active_pip": 0, "licensed": 2, "id": "1120011400100090007-1", "pnu": "1120011400100090007", "floors": 1, "height": 0.0}}, {"type": "Feature", "geometry": {"type": "Polygon", "coordinates": [[[127.0468986, 37.54710425], [127.0469945, 37.54701033], [127.04687423, 37.54704551], [127.0468986, 37.54710425]]]}, "properties": {"name": "신정빌딩", "status": "partial", "capacity": 5, "active": 3, "industry": "기타 생활용품 소매", "vacancy_rate": 40.0, "vacancy_rate_lo": 40.0, "vacancy_rate_hi": 40.0, "stores": 4, "source": "stores+ledger", "capacity_method": "floor_ouln", "active_pip": 0, "licensed": 3, "id": "1120011400100080019-1", "pnu": "1120011400100080019", "floors": 1, "height": 0.0}}, {"type": "Feature", "geometry": {"type": "Polygon", "coordinates": [[[127.04698969, 37.54656623], [127.04695107, 37.54650867], [127.04687006, 37.54653204], [127.04690541, 37.54659627], [127.04698969, 37.54656623]]]}, "properties": {"name": "성수동1가 656-694", "status": "full", "capacity": 1, "active": 1, "industry": "한식", "vacancy_rate": 0.0, "vacancy_rate_lo": 0.0, "vacancy_rate_hi": 0.0, "stores": 2, "source": "stores+ledger", "capacity_method": "floor_ouln", "active_pip": 0, "licensed": 2, "id": "1120011400106560694-1", "pnu": "1120011400106560694", "floors": 3, "height": 12.96}}, {"type": "Feature", "geometry": {"type": "Polygon", "coordinates": [[[127.04719546, 37.54663787], [127.04723219, 37.54674751], [127.04734177, 37.54663096], [127.04732591, 37.54660204], [127.04719546, 37.54663787]]]}, "properties": {"name": "성수동1가 9-3", "status": "partial", "capacity": 4, "active": 3, "industry": "동남아시아", "vacancy_rate": 25.0, "vacancy_rate_lo": 25.0, "vacancy_rate_hi": 50.0, "stores": 3, "source": "stores+ledger", "capacity_method": "floor_ouln", "active_pip": 0, "licensed": 1, "id": "1120011400100090003-1", "pnu": "1120011400100090003", "floors": 2, "height": 0.0}}, {"type": "Feature", "geometry": {"type": "Polygon", "coordinates": [[[127.04723352, 37.54685932], [127.04732588, 37.54707958], [127.04737068, 37.5470656], [127.04727447, 37.54683975], [127.04723352, 37.54685932]]]}, "properties": {"name": "영창디지털타워", "status": "partial", "capacity": 6, "active": 5, "industry": "섬유·의복·신발 소매", "vacancy_rate": 16.7, "vacancy_rate_lo": null, "vacancy_rate_hi": null, "stores": 5, "source": "stores+ledger", "capacity_method": "expos_units", "active_pip": 0, "licensed": 0, "id": "1120011400100080006-3", "pnu": "1120011400100080006", "floors": 1, "height": 4.0}}, {"type": "Feature", "geometry": {"type": "Polygon", "coordinates": [[[127.04706455, 37.5468474], [127.04711412, 37.54683369], [127.04710696, 37.54680081], [127.0471202, 37.54680035], [127.04710603, 37.54676188], [127.04703577, 37.54677822], [127.04706455, 37.5468474]]]}, "properties": {"name": "지상", "status": "full", "capacity": 2, "active": 2, "industry": "비알코올 ", "vacancy_rate": 0.0, "vacancy_rate_lo": 0.0, "vacancy_rate_hi": 0.0, "stores": 2, "source": "stores+ledger", "capacity_method": "floor_ouln", "active_pip": 0, "licensed": 2, "id": "1120011400100080031-1", "pnu": "1120011400100080031", "floors": 2, "height": 6.9}}, {"type": "Feature", "geometry": {"type": "Polygon", "coordinates": [[[127.04699237, 37.54687203], [127.04705584, 37.54685416], [127.04704236, 37.5468293], [127.0470453, 37.54682912], [127.04702559, 37.54678498], [127.04695996, 37.54680384], [127.04699237, 37.54687203]]]}, "properties": {"name": "성수동1가 8-30", "status": "full", "capacity": 2, "active": 2, "industry": "일식", "vacancy_rate": 0.0, "vacancy_rate_lo": 0.0, "vacancy_rate_hi": 0.0, "stores": 4, "source": "stores+ledger", "capacity_method": "floor_ouln", "active_pip": 0, "licensed": 2, "id": "1120011400100080030-1", "pnu": "1120011400100080030", "floors": 2, "height": 6.9}}, {"type": "Feature", "geometry": {"type": "Polygon", "coordinates": [[[127.04692245, 37.54689647], [127.04697688, 37.54688222], [127.04696735, 37.54685159], [127.04697391, 37.54685014], [127.0469542, 37.5468078], [127.04689163, 37.54682711], [127.04692245, 37.54689647]]]}, "properties": {"name": "성수동1가 8-29", "status": "full", "capacity": 3, "active": 3, "industry": "기타 간이", "vacancy_rate": 0.0, "vacancy_rate_lo": 0.0, "vacancy_rate_hi": 33.3, "stores": 3, "source": "stores+ledger", "capacity_method": "floor_ouln", "active_pip": 0, "licensed": 3, "id": "1120011400100080029-1", "pnu": "1120011400100080029", "floors": 3, "height": 10.75}}, {"type": "Feature", "geometry": {"type": "Polygon", "coordinates": [[[127.04684813, 37.5469193], [127.0469065, 37.54690224], [127.04689608, 37.54687837], [127.04690343, 37.54687747], [127.04688202, 37.54683225], [127.04682149, 37.54685434], [127.04684813, 37.5469193]]]}, "properties": {"name": "성수동1가 8-28", "status": "full", "capacity": 5, "active": 5, "industry": "한식", "vacancy_rate": 0.0, "vacancy_rate_lo": 0.0, "vacancy_rate_hi": 80.0, "stores": 3, "source": "stores+ledger", "capacity_method": "floor_ouln", "active_pip": 0, "licensed": 3, "id": "1120011400100080028-1", "pnu": "1120011400100080028", "floors": 5, "height": 15.7}}, {"type": "Feature", "geometry": {"type": "Polygon", "coordinates": [[[127.04692421, 37.54680826], [127.04702863, 37.54677345], [127.04702014, 37.54675669], [127.04702964, 37.54675335], [127.04700212, 37.546713], [127.04695595, 37.54672248], [127.04695176, 37.54671383], [127.04689282, 37.54673331], [127.04692421, 37.54680826]]]}, "properties": {"name": "성수동1가 8-33", "status": "partial", "capacity": 4, "active": 3, "industry": "", "vacancy_rate": 25.0, "source": "pip_only", "capacity_method": "floor_approx", "active_pip": 0, "licensed": 3, "id": "1120011400100080033-1", "pnu": "1120011400100080033", "floors": 4, "height": 15.21}}, {"type": "Feature", "geometry": {"type": "Polygon", "coordinates": [[[127.04521647, 37.54729673], [127.0453493, 37.54727317], [127.0453281, 37.54720425], [127.04531475, 37.54720543], [127.04531124, 37.54719606], [127.04524651, 37.54720572], [127.04524142, 37.54719527], [127.0451871, 37.54720511], [127.04520696, 37.54728646], [127.04521216, 37.54728619], [127.04521647, 37.54729673]]]}, "properties": {"name": "성수동1가 656-1042", "status": "full", "capacity": 2, "active": 2, "industry": "한식", "vacancy_rate": 0.0, "vacancy_rate_lo": 0.0, "vacancy_rate_hi": 0.0, "stores": 3, "source": "stores+ledger", "capacity_method": "floor_ouln", "active_pip": 0, "licensed": 2, "id": "1120011400106561042-1", "pnu": "1120011400106561042", "floors": 2, "height": 0.0}}, {"type": "Feature", "geometry": {"type": "Polygon", "coordinates": [[[127.04528744, 37.54713219], [127.04521344, 37.54714492], [127.04521831, 37.54716257], [127.04529322, 37.54715092], [127.04528744, 37.54713219]]]}, "properties": {"name": "성수동1가 656-1042", "status": "full", "capacity": 2, "active": 2, "industry": "한식", "vacancy_rate": 0.0, "vacancy_rate_lo": 0.0, "vacancy_rate_hi": 0.0, "stores": 3, "source": "stores+ledger", "capacity_method": "floor_ouln", "active_pip": 0, "licensed": 2, "id": "1120011400106561042-2", "pnu": "1120011400106561042", "floors": 0, "height": 0.0}}, {"type": "Feature", "geometry": {"type": "Polygon", "coordinates": [[[127.04505026, 37.54697397], [127.04505515, 37.5470164], [127.04517406, 37.54698212], [127.04516205, 37.54694483], [127.04505026, 37.54697397]]]}, "properties": {"name": "서울숲비즈포레", "status": "full", "capacity": 19, "active": 19, "industry": "의약·화장품 소매", "vacancy_rate": 0.0, "vacancy_rate_lo": null, "vacancy_rate_hi": null, "stores": 19, "source": "stores+ledger", "capacity_method": "expos_units", "active_pip": 0, "licensed": 0, "id": "1120011400106560439-4", "pnu": "1120011400106560439", "floors": 0, "height": 0.0}}, {"type": "Feature", "geometry": {"type": "Polygon", "coordinates": [[[127.04495291, 37.54671587], [127.04495991, 37.54668785], [127.04486836, 37.54668518], [127.0448617, 37.5467105], [127.04495291, 37.54671587]]]}, "properties": {"name": "영화빌딩", "status": "full", "capacity": 2, "active": 2, "industry": "비알코올 ", "vacancy_rate": 0.0, "vacancy_rate_lo": 0.0, "vacancy_rate_hi": 0.0, "stores": 3, "source": "stores+ledger", "capacity_method": "floor_ouln", "active_pip": 0, "licensed": 2, "id": "1120011400106560968-1", "pnu": "1120011400106560968", "floors": 0, "height": 0.0}}, {"type": "Feature", "geometry": {"type": "Polygon", "coordinates": [[[127.04491056, 37.54722193], [127.04490172, 37.54720129], [127.04485963, 37.54721438], [127.04486508, 37.54723691], [127.04491056, 37.54722193]]]}, "properties": {"name": "성수동1가 656-1066", "status": "full", "capacity": 2, "active": 2, "industry": "일반 숙박", "vacancy_rate": 0.0, "vacancy_rate_lo": 0.0, "vacancy_rate_hi": 0.0, "stores": 2, "source": "stores+ledger", "capacity_method": "floor_ouln", "active_pip": 0, "licensed": 1, "id": "1120011400106561066-1", "pnu": "1120011400106561066", "floors": 0, "height": 0.0}}, {"type": "Feature", "geometry": {"type": "Polygon", "coordinates": [[[127.04486544, 37.54726633], [127.04490063, 37.54726307], [127.04490571, 37.5472363], [127.04487117, 37.54723605], [127.04486544, 37.54726633]]]}, "properties": {"name": "성수동1가 656-1066", "status": "full", "capacity": 2, "active": 2, "industry": "일반 숙박", "vacancy_rate": 0.0, "vacancy_rate_lo": 0.0, "vacancy_rate_hi": 0.0, "stores": 2, "source": "stores+ledger", "capacity_method": "floor_ouln", "active_pip": 0, "licensed": 1, "id": "1120011400106561066-2", "pnu": "1120011400106561066", "floors": 0, "height": 0.0}}, {"type": "Feature", "geometry": {"type": "Polygon", "coordinates": [[[127.04503439, 37.54711669], [127.0450852, 37.547101], [127.04507364, 37.54708271], [127.0450277, 37.54709777], [127.04503439, 37.54711669]]]}, "properties": {"name": "성수동1가 656-1044", "status": "full", "capacity": 1, "active": 1, "industry": "", "vacancy_rate": 0.0, "source": "pip_only", "capacity_method": "floor_approx", "active_pip": 0, "licensed": 1, "id": "1120011400106561044-1", "pnu": "1120011400106561044", "floors": 0, "height": 0.0}}, {"type": "Feature", "geometry": {"type": "Polygon", "coordinates": [[[127.0449789, 37.54722087], [127.0451063, 37.54719163], [127.0450987, 37.54715406], [127.04508761, 37.54715451], [127.04507571, 37.54711839], [127.0450309, 37.5471248], [127.04502601, 37.54710669], [127.04495586, 37.54711987], [127.0449789, 37.54722087]]]}, "properties": {"name": "성수동1가 656-1044", "status": "partial", "capacity": 2, "active": 1, "industry": "", "vacancy_rate": 50.0, "source": "pip_only", "capacity_method": "floor_approx", "active_pip": 0, "licensed": 1, "id": "1120011400106561044-2", "pnu": "1120011400106561044", "floors": 2, "height": 0.0}}, {"type": "Feature", "geometry": {"type": "Polygon", "coordinates": [[[127.04475671, 37.54694687], [127.04473926, 37.54710248], [127.04491214, 37.54705403], [127.04492419, 37.5469614], [127.04475671, 37.54694687]]]}, "properties": {"name": "성수동1가 656-967", "status": "full", "capacity": 4, "active": 4, "industry": "이용·미용", "vacancy_rate": 0.0, "vacancy_rate_lo": null, "vacancy_rate_hi": null, "stores": 4, "source": "stores+ledger", "capacity_method": "expos_units", "active_pip": 0, "licensed": 1, "id": "1120011400106560967-1", "pnu": "1120011400106560967", "floors": 4, "height": 13.6}}, {"type": "Feature", "geometry": {"type": "Polygon", "coordinates": [[[127.04496355, 37.54672839], [127.04485457, 37.54671933], [127.04482188, 37.54693396], [127.04493618, 37.54694455], [127.04496355, 37.54672839]]]}, "properties": {"name": "영화빌딩", "status": "full", "capacity": 2, "active": 2, "industry": "비알코올 ", "vacancy_rate": 0.0, "vacancy_rate_lo": 0.0, "vacancy_rate_hi": 0.0, "stores": 3, "source": "stores+ledger", "capacity_method": "floor_ouln", "active_pip": 0, "licensed": 2, "id": "1120011400106560968-2", "pnu": "1120011400106560968", "floors": 4, "height": 0.0}}, {"type": "Feature", "geometry": {"type": "Polygon", "coordinates": [[[127.04472883, 37.54726872], [127.04483791, 37.54724228], [127.04482816, 37.54721724], [127.04491833, 37.54718485], [127.04490224, 37.54713386], [127.04472946, 37.5471824], [127.04472883, 37.54726872]]]}, "properties": {"name": "성수동1가 656-1069", "status": "full", "capacity": 2, "active": 2, "industry": "스포츠 서비스", "vacancy_rate": 0.0, "vacancy_rate_lo": 0.0, "vacancy_rate_hi": 0.0, "stores": 4, "source": "stores+ledger", "capacity_method": "floor_ouln", "active_pip": 0, "licensed": 4, "id": "1120011400106561069-1", "pnu": "1120011400106561069", "floors": 3, "height": 0.0}}, {"type": "Feature", "geometry": {"type": "Polygon", "coordinates": [[[127.04548714, 37.54654204], [127.04546369, 37.54648853], [127.04537363, 37.54650767], [127.04537023, 37.54650073], [127.04517415, 37.54654747], [127.04516622, 37.54653838], [127.04508147, 37.54656031], [127.04510992, 37.54663247], [127.04548714, 37.54654204]]]}, "properties": {"name": "좌측", "status": "partial", "capacity": 4, "active": 3, "industry": "한식", "vacancy_rate": 25.0, "vacancy_rate_lo": 25.0, "vacancy_rate_hi": 25.0, "stores": 3, "source": "stores+ledger", "capacity_method": "floor_ouln", "active_pip": 0, "licensed": 3, "id": "1120011400106560385-1", "pnu": "1120011400106560385", "floors": 4, "height": 12.9}}, {"type": "Feature", "geometry": {"type": "Polygon", "coordinates": [[[127.04549851, 37.54663583], [127.04548514, 37.54660304], [127.04543174, 37.5466164], [127.04544761, 37.54665648], [127.04549851, 37.54663583]]]}, "properties": {"name": "서울숲비즈포레", "status": "full", "capacity": 19, "active": 19, "industry": "의약·화장품 소매", "vacancy_rate": 0.0, "vacancy_rate_lo": null, "vacancy_rate_hi": null, "stores": 19, "source": "stores+ledger", "capacity_method": "expos_units", "active_pip": 0, "licensed": 0, "id": "1120011400106560439-5", "pnu": "1120011400106560439", "floors": 1, "height": 4.0}}, {"type": "Feature", "geometry": {"type": "Polygon", "coordinates": [[[127.04536323, 37.54709432], [127.04550342, 37.54706967], [127.04547033, 37.54699002], [127.04534349, 37.54701576], [127.04536323, 37.54709432]]]}, "properties": {"name": "성수동1가 656-1037", "status": "full", "capacity": 1, "active": 1, "industry": "일식", "vacancy_rate": 0.0, "vacancy_rate_lo": 0.0, "vacancy_rate_hi": 0.0, "stores": 1, "source": "stores+ledger", "capacity_method": "floor_ouln", "active_pip": 0, "licensed": 1, "id": "1120011400106561037-1", "pnu": "1120011400106561037", "floors": 4, "height": 0.0}}, {"type": "Feature", "geometry": {"type": "Polygon", "coordinates": [[[127.04515137, 37.54706781], [127.0451727, 37.54714556], [127.04528008, 37.54712813], [127.04528708, 37.5471102], [127.04526747, 37.54704534], [127.04515137, 37.54706781]]]}, "properties": {"name": "성수동1가 656-1043", "status": "full", "capacity": 5, "active": 5, "industry": "한식", "vacancy_rate": 0.0, "vacancy_rate_lo": 0.0, "vacancy_rate_hi": 20.0, "stores": 7, "source": "stores+ledger", "capacity_method": "floor_ouln", "active_pip": 0, "licensed": 4, "id": "1120011400106561043-1", "pnu": "1120011400106561043", "floors": 5, "height": 12.4}}, {"type": "Feature", "geometry": {"type": "Polygon", "coordinates": [[[127.04481541, 37.54669457], [127.04489314, 37.54667976], [127.04489189, 37.54667147], [127.04496215, 37.54665577], [127.04494535, 37.54657487], [127.04491728, 37.54657776], [127.04491696, 37.54658362], [127.0448374, 37.546595], [127.04483695, 37.54659978], [127.04481342, 37.54660249], [127.04481541, 37.54669457]]]}, "properties": {"name": "성수동1가 656-604", "status": "full", "capacity": 4, "active": 4, "industry": "이용·미용", "vacancy_rate": 0.0, "vacancy_rate_lo": 0.0, "vacancy_rate_hi": 25.0, "stores": 6, "source": "stores+ledger", "capacity_method": "floor_ouln", "active_pip": 0, "licensed": 2, "id": "1120011400106560604-1", "pnu": "1120011400106560604", "floors": 4, "height": 0.0}}, {"type": "Feature", "geometry": {"type": "Polygon", "coordinates": [[[127.04544326, 37.54640862], [127.04542557, 37.54633367], [127.04517471, 37.5463707], [127.04519638, 37.54645557], [127.04544326, 37.54640862]]]}, "properties": {"name": "성수동1가 656-533", "status": "empty", "capacity": 5, "active": 0, "industry": "", "vacancy_rate": 100.0, "source": "polygon_only", "capacity_method": "floor_approx", "active_pip": 0, "licensed": 0, "id": "1120011400106560533-1", "pnu": "1120011400106560533", "floors": 5, "height": 19.6}}, {"type": "Feature", "geometry": {"type": "Polygon", "coordinates": [[[127.04518348, 37.54646314], [127.0451557, 37.5463644], [127.04506835, 37.54638209], [127.04506654, 37.54637624], [127.04494604, 37.54639647], [127.04498049, 37.546498], [127.04518348, 37.54646314]]]}, "properties": {"name": "유현빌딩", "status": "partial", "capacity": 5, "active": 3, "industry": "기타 교육", "vacancy_rate": 40.0, "vacancy_rate_lo": 40.0, "vacancy_rate_hi": 40.0, "stores": 3, "source": "stores+ledger", "capacity_method": "floor_ouln", "active_pip": 0, "licensed": 2, "id": "1120011400106560564-1", "pnu": "1120011400106560564", "floors": 5, "height": 16.5}}, {"type": "Feature", "geometry": {"type": "Polygon", "coordinates": [[[127.04513414, 37.54683401], [127.04515334, 37.54676121], [127.04509462, 37.54677123], [127.04507599, 37.54684341], [127.04513414, 37.54683401]]]}, "properties": {"name": "서울숲비즈포레", "status": "full", "capacity": 19, "active": 19, "industry": "의약·화장품 소매", "vacancy_rate": 0.0, "vacancy_rate_lo": null, "vacancy_rate_hi": null, "stores": 19, "source": "stores+ledger", "capacity_method": "expos_units", "active_pip": 0, "licensed": 0, "id": "1120011400106560439-6", "pnu": "1120011400106560439", "floors": 0, "height": 0.0}}, {"type": "Feature", "geometry": {"type": "Polygon", "coordinates": [[[127.04546002, 37.54679433], [127.04577137, 37.54649399], [127.04563095, 37.54651649], [127.04544106, 37.54668874], [127.04545114, 37.54669549], [127.04538542, 37.54674796], [127.04546002, 37.54679433]]]}, "properties": {"name": "서울숲비즈포레", "status": "full", "capacity": 19, "active": 19, "industry": "의약·화장품 소매", "vacancy_rate": 0.0, "vacancy_rate_lo": null, "vacancy_rate_hi": null, "stores": 19, "source": "stores+ledger", "capacity_method": "expos_units", "active_pip": 0, "licensed": 0, "id": "1120011400106560439-7", "pnu": "1120011400106560439", "floors": 1, "height": 4.0}}, {"type": "Feature", "geometry": {"type": "Polygon", "coordinates": [[[127.04555863, 37.54688277], [127.04552983, 37.54678151], [127.04548729, 37.54679027], [127.0454416, 37.54683813], [127.04546156, 37.54690831], [127.04555863, 37.54688277]]]}, "properties": {"name": "성수동1가 656-483", "status": "full", "capacity": 2, "active": 2, "industry": "한식", "vacancy_rate": 0.0, "vacancy_rate_lo": 0.0, "vacancy_rate_hi": 0.0, "stores": 4, "source": "stores+ledger", "capacity_method": "floor_ouln", "active_pip": 0, "licensed": 3, "id": "1120011400106560483-1", "pnu": "1120011400106560483", "floors": 4, "height": 0.0}}, {"type": "Feature", "geometry": {"type": "Polygon", "coordinates": [[[127.04542823, 37.54661243], [127.04551897, 37.5465905], [127.04550593, 37.54654789], [127.04541757, 37.54657144], [127.04542823, 37.54661243]]]}, "properties": {"name": "서울숲비즈포레", "status": "full", "capacity": 19, "active": 19, "industry": "의약·화장품 소매", "vacancy_rate": 0.0, "vacancy_rate_lo": null, "vacancy_rate_hi": null, "stores": 19, "source": "stores+ledger", "capacity_method": "expos_units", "active_pip": 0, "licensed": 0, "id": "1120011400106560439-8", "pnu": "1120011400106560439", "floors": 0, "height": 0.0}}, {"type": "Feature", "geometry": {"type": "Polygon", "coordinates": [[[127.04493862, 37.54704897], [127.0450426, 37.54702515], [127.04503588, 37.54695334], [127.044944, 37.54696707], [127.04493862, 37.54704897]]]}, "properties": {"name": "서울숲비즈포레", "status": "full", "capacity": 19, "active": 19, "industry": "의약·화장품 소매", "vacancy_rate": 0.0, "vacancy_rate_lo": null, "vacancy_rate_hi": null, "stores": 19, "source": "stores+ledger", "capacity_method": "expos_units", "active_pip": 0, "licensed": 0, "id": "1120011400106560439-9", "pnu": "1120011400106560439", "floors": 1, "height": 4.0}}, {"type": "Feature", "geometry": {"type": "Polygon", "coordinates": [[[127.04500257, 37.54668504], [127.04498298, 37.54686497], [127.04507452, 37.54684584], [127.04509167, 37.54676249], [127.04513648, 37.54675536], [127.04513613, 37.5467495], [127.04519225, 37.54673362], [127.04519089, 37.54672254], [127.04544637, 37.54666495], [127.04541735, 37.54659099], [127.04500257, 37.54668504]]]}, "properties": {"name": "서울숲비즈포레", "status": "full", "capacity": 19, "active": 19, "industry": "의약·화장품 소매", "vacancy_rate": 0.0, "vacancy_rate_lo": null, "vacancy_rate_hi": null, "stores": 19, "source": "stores+ledger", "capacity_method": "expos_units", "active_pip": 0, "licensed": 0, "id": "1120011400106560439-10", "pnu": "1120011400106560439", "floors": 2, "height": 8.0}}, {"type": "Feature", "geometry": {"type": "Polygon", "coordinates": [[[127.04662983, 37.54690317], [127.04671298, 37.54687557], [127.0466816, 37.54681133], [127.04664132, 37.54682118], [127.04663656, 37.54681487], [127.04659221, 37.54683138], [127.04662983, 37.54690317]]]}, "properties": {"name": "성수동1가 8-36", "status": "full", "capacity": 2, "active": 2, "industry": "한식", "vacancy_rate": 0.0, "vacancy_rate_lo": 0.0, "vacancy_rate_hi": 0.0, "stores": 4, "source": "stores+ledger", "capacity_method": "floor_ouln", "active_pip": 0, "licensed": 2, "id": "1120011400100080036-1", "pnu": "1120011400100080036", "floors": 2, "height": 7.5}}, {"type": "Feature", "geometry": {"type": "Polygon", "coordinates": [[[127.04674094, 37.54650821], [127.04670275, 37.54643588], [127.04662911, 37.54645942], [127.04667136, 37.54653464], [127.04674094, 37.54650821]]]}, "properties": {"name": "성수동1가 656-681", "status": "full", "capacity": 2, "active": 2, "industry": "기타 교육", "vacancy_rate": 0.0, "vacancy_rate_lo": 0.0, "vacancy_rate_hi": 0.0, "stores": 3, "source": "stores+ledger", "capacity_method": "floor_ouln", "active_pip": 0, "licensed": 1, "id": "1120011400106560681-1", "pnu": "1120011400106560681", "floors": 2, "height": 7.7}}, {"type": "Feature", "geometry": {"type": "Polygon", "coordinates": [[[127.04668333, 37.54708098], [127.0466825, 37.5470833], [127.04670627, 37.54714135], [127.04678202, 37.54712304], [127.04675911, 37.54706277], [127.04668333, 37.54708098]]]}, "properties": {"name": "문주빌딩", "status": "full", "capacity": 3, "active": 3, "industry": "의약·화장품 소매", "vacancy_rate": 0.0, "vacancy_rate_lo": 0.0, "vacancy_rate_hi": 0.0, "stores": 4, "source": "stores+ledger", "capacity_method": "floor_ouln", "active_pip": 0, "licensed": 2, "id": "1120011400100080017-1", "pnu": "1120011400100080017", "floors": 4, "height": 12.1}}, {"type": "Feature", "geometry": {"type": "Polygon", "coordinates": [[[127.04672158, 37.54686998], [127.04681707, 37.54684263], [127.04678886, 37.54678282], [127.04674586, 37.54679518], [127.0467385, 37.54678429], [127.04669053, 37.54680034], [127.04672158, 37.54686998]]]}, "properties": {"name": "성수동1가 8-35", "status": "empty", "capacity": 2, "active": 0, "industry": "", "vacancy_rate": 100.0, "source": "polygon_only", "capacity_method": "floor_approx", "active_pip": 0, "licensed": 0, "id": "1120011400100080035-1", "pnu": "1120011400100080035", "floors": 2, "height": 7.0}}, {"type": "Feature", "geometry": {"type": "Polygon", "coordinates": [[[127.04672693, 37.54674338], [127.04688046, 37.54669241], [127.04684987, 37.54662963], [127.04669634, 37.54668077], [127.04672693, 37.54674338]]]}, "properties": {"name": "성수동1가 8-39", "status": "empty", "capacity": 3, "active": 0, "industry": "", "vacancy_rate": 100.0, "source": "polygon_only", "capacity_method": "floor_approx", "active_pip": 0, "licensed": 0, "id": "1120011400100080039-1", "pnu": "1120011400100080039", "floors": 3, "height": 10.8}}, {"type": "Feature", "geometry": {"type": "Polygon", "coordinates": [[[127.04757489, 37.5463512], [127.04757609, 37.54635007], [127.04766748, 37.54626246], [127.04765989, 37.54620459], [127.0475672, 37.54623205], [127.04755988, 37.54622256], [127.04752886, 37.54623143], [127.04757489, 37.5463512]]]}, "properties": {"name": "성수동1가 9-11", "status": "empty", "capacity": 2, "active": 0, "industry": "", "vacancy_rate": 100.0, "source": "polygon_only", "capacity_method": "floor_approx", "active_pip": 0, "licensed": 0, "id": "1120011400100090011-1", "pnu": "1120011400100090011", "floors": 2, "height": 9.0}}, {"type": "Feature", "geometry": {"type": "Polygon", "coordinates": [[[127.0433457, 37.54985762], [127.04334405, 37.54995376], [127.04347363, 37.54995641], [127.04347042, 37.54987812], [127.0433457, 37.54985762]]]}, "properties": {"name": "성수동1가 670-57", "status": "empty", "capacity": 4, "active": 0, "industry": "", "vacancy_rate": 100.0, "source": "polygon_only", "capacity_method": "floor_approx", "active_pip": 0, "licensed": 0, "id": "1120011400106700057-1", "pnu": "1120011400106700057", "floors": 4, "height": 12.4}}, {"type": "Feature", "geometry": {"type": "Polygon", "coordinates": [[[127.04513846, 37.54779529], [127.04510584, 37.54774521], [127.04477073, 37.54785849], [127.04479837, 37.54791209], [127.04513846, 37.54779529]]]}, "properties": {"name": "누디트서울숲", "status": "full", "capacity": 5, "active": 5, "industry": "비알코올 ", "vacancy_rate": 0.0, "vacancy_rate_lo": 0.0, "vacancy_rate_hi": 40.0, "stores": 9, "source": "stores+ledger", "capacity_method": "floor_ouln", "active_pip": 0, "licensed": 2, "id": "1120011400106561731-2", "pnu": "1120011400106561731", "floors": 3, "height": 24.45}}, {"type": "Feature", "geometry": {"type": "Polygon", "coordinates": [[[127.0438284, 37.54762936], [127.04382895, 37.54760729], [127.04376184, 37.54760668], [127.04371591, 37.54762634], [127.0437188, 37.54770726], [127.04373894, 37.54770644], [127.04373889, 37.54762976], [127.0438284, 37.54762936]]]}, "properties": {"name": "성수상가", "status": "high", "capacity": 18, "active": 7, "industry": "한식", "vacancy_rate": 61.1, "vacancy_rate_lo": null, "vacancy_rate_hi": null, "stores": 7, "source": "stores+ledger", "capacity_method": "expos_units", "active_pip": 0, "licensed": 5, "id": "1120011400106850201-1", "pnu": "1120011400106850201", "floors": 0, "height": 0.0}}, {"type": "Feature", "geometry": {"type": "Polygon", "coordinates": [[[127.04417935, 37.54883108], [127.04418198, 37.54888234], [127.04420966, 37.54887277], [127.04421194, 37.54883114], [127.04417935, 37.54883108]]]}, "properties": {"name": "K", "status": "full", "capacity": 9, "active": 9, "industry": "교육 지원", "vacancy_rate": 0.0, "vacancy_rate_lo": 0.0, "vacancy_rate_hi": 11.1, "stores": 11, "source": "stores+ledger", "capacity_method": "floor_ouln", "active_pip": 0, "licensed": 0, "id": "1120011400106560292-1", "pnu": "1120011400106560292", "floors": 0, "height": 0.0}}, {"type": "Feature", "geometry": {"type": "Polygon", "coordinates": [[[127.04433314, 37.54769829], [127.0443646, 37.54770161], [127.04437035, 37.54766764], [127.04434093, 37.54766368], [127.04433314, 37.54769829]]]}, "properties": {"name": "헤이그라운드서울숲점", "status": "full", "capacity": 7, "active": 7, "industry": "기타 교육", "vacancy_rate": 0.0, "vacancy_rate_lo": 0.0, "vacancy_rate_hi": 0.0, "stores": 12, "source": "stores+ledger", "capacity_method": "floor_ouln", "active_pip": 0, "licensed": 1, "id": "1120011400106560075-1", "pnu": "1120011400106560075", "floors": 0, "height": 0.0}}, {"type": "Feature", "geometry": {"type": "Polygon", "coordinates": [[[127.04357543, 37.54771848], [127.04348954, 37.54771743], [127.04348865, 37.54773914], [127.0435751, 37.5477383], [127.04357543, 37.54771848]]]}, "properties": {"name": "성수상가", "status": "high", "capacity": 18, "active": 7, "industry": "한식", "vacancy_rate": 61.1, "vacancy_rate_lo": null, "vacancy_rate_hi": null, "stores": 7, "source": "stores+ledger", "capacity_method": "expos_units", "active_pip": 0, "licensed": 5, "id": "1120011400106850201-2", "pnu": "1120011400106850201", "floors": 0, "height": 0.0}}, {"type": "Feature", "geometry": {"type": "Polygon", "coordinates": [[[127.04358099, 37.54773848], [127.04370331, 37.54773816], [127.04370138, 37.54771807], [127.04357996, 37.54771776], [127.04358099, 37.54773848]]]}, "properties": {"name": "성수상가", "status": "high", "capacity": 18, "active": 7, "industry": "한식", "vacancy_rate": 61.1, "vacancy_rate_lo": null, "vacancy_rate_hi": null, "stores": 7, "source": "stores+ledger", "capacity_method": "expos_units", "active_pip": 0, "licensed": 5, "id": "1120011400106850201-3", "pnu": "1120011400106850201", "floors": 0, "height": 0.0}}, {"type": "Feature", "geometry": {"type": "Polygon", "coordinates": [[[127.04384018, 37.54762918], [127.04394044, 37.54762986], [127.04394857, 37.54761076], [127.04384106, 37.54761287], [127.04384018, 37.54762918]]]}, "properties": {"name": "성수상가", "status": "high", "capacity": 18, "active": 7, "industry": "한식", "vacancy_rate": 61.1, "vacancy_rate_lo": null, "vacancy_rate_hi": null, "stores": 7, "source": "stores+ledger", "capacity_method": "expos_units", "active_pip": 0, "licensed": 5, "id": "1120011400106850201-4", "pnu": "1120011400106850201", "floors": 0, "height": 0.0}}, {"type": "Feature", "geometry": {"type": "Polygon", "coordinates": [[[127.04353778, 37.54836757], [127.04349597, 37.54847679], [127.04357056, 37.54849244], [127.04358332, 37.54845577], [127.04360166, 37.54845908], [127.04361171, 37.54842295], [127.04362654, 37.54842673], [127.04363772, 37.5483915], [127.04354944, 37.54837414], [127.04355069, 37.54836999], [127.04353778, 37.54836757]]]}, "properties": {"name": "성수동1가 685-212", "status": "full", "capacity": 2, "active": 2, "industry": "모터사이클 소매", "vacancy_rate": 0.0, "vacancy_rate_lo": 0.0, "vacancy_rate_hi": 0.0, "stores": 3, "source": "stores+ledger", "capacity_method": "floor_ouln", "active_pip": 0, "licensed": 1, "id": "1120011400106850212-1", "pnu": "1120011400106850212", "floors": 4, "height": 0.0}}, {"type": "Feature", "geometry": {"type": "Polygon", "coordinates": [[[127.0449037, 37.54920841], [127.04483494, 37.54928006], [127.04494848, 37.5493403], [127.04501282, 37.54926279], [127.0449037, 37.54920841]]]}, "properties": {"name": "성수동1가 656-5", "status": "full", "capacity": 1, "active": 1, "industry": "자동차 수리·세차", "vacancy_rate": 0.0, "vacancy_rate_lo": 0.0, "vacancy_rate_hi": 0.0, "stores": 1, "source": "stores+ledger", "capacity_method": "floor_ouln", "active_pip": 0, "licensed": 0, "id": "1120011400106560005-1", "pnu": "1120011400106560005", "floors": 4, "height": 0.0}}, {"type": "Feature", "geometry": {"type": "Polygon", "coordinates": [[[127.04382425, 37.54789128], [127.04365293, 37.54788604], [127.04365371, 37.54786423], [127.04361172, 37.54786326], [127.0436097, 37.54788749], [127.04356647, 37.5478858], [127.04356726, 37.54787697], [127.04333233, 37.54786371], [127.04332466, 37.54790733], [127.04330135, 37.54790634], [127.04329425, 37.54796266], [127.04381311, 37.54799554], [127.04382425, 37.54789128]]]}, "properties": {"name": "서울숲황토참숯가마사우나", "status": "high", "capacity": 8, "active": 3, "industry": "이용·미용", "vacancy_rate": 62.5, "vacancy_rate_lo": null, "vacancy_rate_hi": null, "stores": 3, "source": "stores+ledger", "capacity_method": "expos_units", "active_pip": 0, "licensed": 0, "id": "1120011400106850054-1", "pnu": "1120011400106850054", "floors": 9, "height": 31.4}}, {"type": "Feature", "geometry": {"type": "Polygon", "coordinates": [[[127.04350319, 37.54920776], [127.04357967, 37.54917827], [127.04349946, 37.5490282], [127.0434214, 37.54905859], [127.04350319, 37.54920776]]]}, "properties": {"name": "성수동1가 671-189", "status": "empty", "capacity": 2, "active": 0, "industry": "", "vacancy_rate": 100.0, "source": "polygon_only", "capacity_method": "floor_approx", "active_pip": 0, "licensed": 0, "id": "1120011400106710189-1", "pnu": "1120011400106710189", "floors": 2, "height": 0.0}}, {"type": "Feature", "geometry": {"type": "Polygon", "coordinates": [[[127.04344954, 37.54763951], [127.0434262, 37.54758888], [127.0432859, 37.54763101], [127.04331593, 37.54769803], [127.04338076, 37.54768116], [127.0433726, 37.54766233], [127.04344954, 37.54763951]]]}, "properties": {"name": "소매점전부", "status": "full", "capacity": 2, "active": 2, "industry": "섬유·의복·신발 소매", "vacancy_rate": 0.0, "vacancy_rate_lo": 0.0, "vacancy_rate_hi": 50.0, "stores": 2, "source": "stores+ledger", "capacity_method": "floor_ouln", "active_pip": 0, "licensed": 0, "id": "1120011400106680007-1", "pnu": "1120011400106680007", "floors": 1, "height": 3.6}}, {"type": "Feature", "geometry": {"type": "Polygon", "coordinates": [[[127.04362367, 37.54740455], [127.04358346, 37.54732906], [127.04351105, 37.54735549], [127.0435046, 37.54734468], [127.04344463, 37.54736399], [127.04347601, 37.54742479], [127.04352602, 37.54740702], [127.04353497, 37.54742576], [127.04362367, 37.54740455]]]}, "properties": {"name": "성수동1가 668-18", "status": "partial", "capacity": 2, "active": 1, "industry": "한식", "vacancy_rate": 50.0, "vacancy_rate_lo": 50.0, "vacancy_rate_hi": 100.0, "stores": 1, "source": "stores+ledger", "capacity_method": "floor_ouln", "active_pip": 0, "licensed": 0, "id": "1120011400106680018-1", "pnu": "1120011400106680018", "floors": 2, "height": 7.0}}, {"type": "Feature", "geometry": {"type": "Polygon", "coordinates": [[[127.04348504, 37.54835641], [127.04349552, 37.54827154], [127.04341527, 37.54826625], [127.04341481, 37.54825211], [127.04334171, 37.54824718], [127.04332932, 37.54834008], [127.04348504, 37.54835641]]]}, "properties": {"name": "성수동1가 685-214", "status": "empty", "capacity": 3, "active": 0, "industry": "", "vacancy_rate": 100.0, "source": "polygon_only", "capacity_method": "floor_approx", "active_pip": 0, "licensed": 0, "id": "1120011400106850214-1", "pnu": "1120011400106850214", "floors": 3, "height": 10.2}}, {"type": "Feature", "geometry": {"type": "Polygon", "coordinates": [[[127.04493408, 37.5473937], [127.04495109, 37.54746451], [127.04496297, 37.54746406], [127.04496819, 37.54747685], [127.04506165, 37.54746257], [127.04503942, 37.54737185], [127.04493408, 37.5473937]]]}, "properties": {"name": "성수동1가 656-1039", "status": "partial", "capacity": 2, "active": 1, "industry": "섬유·의복·신발 소매", "vacancy_rate": 50.0, "vacancy_rate_lo": 50.0, "vacancy_rate_hi": 100.0, "stores": 1, "source": "stores+ledger", "capacity_method": "floor_ouln", "active_pip": 0, "licensed": 0, "id": "1120011400106561039-1", "pnu": "1120011400106561039", "floors": 2, "height": 5.8}}, {"type": "Feature", "geometry": {"type": "Polygon", "coordinates": [[[127.04340366, 37.54931781], [127.04350775, 37.54926669], [127.04345305, 37.54919408], [127.04342386, 37.5492059], [127.0433532, 37.54912159], [127.04326801, 37.54916415], [127.04340366, 37.54931781]]]}, "properties": {"name": "성수동1가 671-179", "status": "full", "capacity": 1, "active": 1, "industry": "", "vacancy_rate": 0.0, "source": "pip_only", "capacity_method": "floor_approx", "active_pip": 1, "licensed": 1, "id": "1120011400106710179-1", "pnu": "1120011400106710179", "floors": 1, "height": 0.0}}, {"type": "Feature", "geometry": {"type": "Polygon", "coordinates": [[[127.04484766, 37.54992265], [127.04487659, 37.54985417], [127.04484705, 37.54984355], [127.04482602, 37.54988581], [127.04479366, 37.54987997], [127.04480121, 37.5498341], [127.04477405, 37.54982691], [127.04475089, 37.54989701], [127.04484766, 37.54992265]]]}, "properties": {"name": "성수동1가 656-791", "status": "full", "capacity": 1, "active": 1, "industry": "한식", "vacancy_rate": 0.0, "vacancy_rate_lo": 0.0, "vacancy_rate_hi": 100.0, "stores": 1, "source": "stores+ledger", "capacity_method": "floor_ouln", "active_pip": 0, "licensed": 1, "id": "1120011400106560791-1", "pnu": "1120011400106560791", "floors": 1, "height": 0.0}}, {"type": "Feature", "geometry": {"type": "Polygon", "coordinates": [[[127.04498976, 37.54910431], [127.04490302, 37.54919913], [127.04501418, 37.5492581], [127.04510374, 37.54915401], [127.04498976, 37.54910431]]]}, "properties": {"name": "성수동1가 656-1000", "status": "empty", "capacity": 4, "active": 0, "industry": "", "vacancy_rate": 100.0, "source": "polygon_only", "capacity_method": "floor_approx", "active_pip": 0, "licensed": 0, "id": "1120011400106561000-1", "pnu": "1120011400106561000", "floors": 4, "height": 10.3}}, {"type": "Feature", "geometry": {"type": "Polygon", "coordinates": [[[127.04419357, 37.54780952], [127.04400955, 37.54778652], [127.04397132, 37.54801972], [127.04424758, 37.54804997], [127.0442841, 37.54782084], [127.04419357, 37.54780952]]]}, "properties": {"name": "헤이그라운드서울숲점", "status": "full", "capacity": 7, "active": 7, "industry": "기타 교육", "vacancy_rate": 0.0, "vacancy_rate_lo": 0.0, "vacancy_rate_hi": 0.0, "stores": 12, "source": "stores+ledger", "capacity_method": "floor_ouln", "active_pip": 0, "licensed": 1, "id": "1120011400106560075-2", "pnu": "1120011400106560075", "floors": 10, "height": 42.25}}, {"type": "Feature", "geometry": {"type": "Polygon", "coordinates": [[[127.04381654, 37.54940199], [127.04371393, 37.54945528], [127.04376999, 37.5495313], [127.04388064, 37.5494791], [127.04386149, 37.54944766], [127.0438564, 37.54945153], [127.04381654, 37.54940199]]]}, "properties": {"name": "성수동1가 671-296", "status": "empty", "capacity": 4, "active": 0, "industry": "", "vacancy_rate": 100.0, "source": "polygon_only", "capacity_method": "floor_approx", "active_pip": 0, "licensed": 0, "id": "1120011400106710296-1", "pnu": "1120011400106710296", "floors": 4, "height": 12.6}}, {"type": "Feature", "geometry": {"type": "Polygon", "coordinates": [[[127.04341752, 37.54823372], [127.04351914, 37.54823738], [127.04351972, 37.54825396], [127.04356057, 37.54825692], [127.04357353, 37.54816105], [127.04342098, 37.54815227], [127.04341752, 37.54823372]]]}, "properties": {"name": "임팩트스퀘어", "status": "full", "capacity": 4, "active": 4, "industry": "기타 교육", "vacancy_rate": 0.0, "vacancy_rate_lo": 0.0, "vacancy_rate_hi": 25.0, "stores": 5, "source": "stores+ledger", "capacity_method": "floor_ouln", "active_pip": 0, "licensed": 1, "id": "1120011400106850217-1", "pnu": "1120011400106850217", "floors": 4, "height": 13.3}}, {"type": "Feature", "geometry": {"type": "Polygon", "coordinates": [[[127.04362832, 37.548376], [127.04364016, 37.54830023], [127.04360406, 37.54829456], [127.04360371, 37.54828573], [127.04350094, 37.5482782], [127.04348889, 37.54835984], [127.04362832, 37.548376]]]}, "properties": {"name": "성수동1가 685-213", "status": "empty", "capacity": 4, "active": 0, "industry": "", "vacancy_rate": 100.0, "source": "polygon_only", "capacity_method": "floor_approx", "active_pip": 0, "licensed": 0, "id": "1120011400106850213-1", "pnu": "1120011400106850213", "floors": 4, "height": 13.0}}, {"type": "Feature", "geometry": {"type": "Polygon", "coordinates": [[[127.04362617, 37.5487774], [127.0436395, 37.54892868], [127.04370942, 37.54909795], [127.04384033, 37.54905763], [127.04372076, 37.54875917], [127.04362617, 37.5487774]]]}, "properties": {"name": "성수동1가 671-29", "status": "empty", "capacity": 2, "active": 0, "industry": "", "vacancy_rate": 100.0, "source": "polygon_only", "capacity_method": "floor_approx", "active_pip": 0, "licensed": 0, "id": "1120011400106710029-1", "pnu": "1120011400106710029", "floors": 2, "height": 0.0}}, {"type": "Feature", "geometry": {"type": "Polygon", "coordinates": [[[127.04361517, 37.54989627], [127.04347913, 37.54987704], [127.04347781, 37.54993371], [127.04361202, 37.54993645], [127.04361517, 37.54989627]]]}, "properties": {"name": "성수동1가 670-55", "status": "empty", "capacity": 2, "active": 0, "industry": "", "vacancy_rate": 100.0, "source": "polygon_only", "capacity_method": "floor_approx", "active_pip": 0, "licensed": 0, "id": "1120011400106700055-1", "pnu": "1120011400106700055", "floors": 2, "height": 8.0}}, {"type": "Feature", "geometry": {"type": "Polygon", "coordinates": [[[127.04380242, 37.54752404], [127.0437699, 37.54745108], [127.04361004, 37.54749935], [127.0436464, 37.54757466], [127.04380242, 37.54752404]]]}, "properties": {"name": "비1", "status": "partial", "capacity": 2, "active": 1, "industry": "비알코올 ", "vacancy_rate": 50.0, "vacancy_rate_lo": 50.0, "vacancy_rate_hi": 50.0, "stores": 1, "source": "stores+ledger", "capacity_method": "floor_ouln", "active_pip": 0, "licensed": 1, "id": "1120011400106680009-1", "pnu": "1120011400106680009", "floors": 3, "height": 0.0}}, {"type": "Feature", "geometry": {"type": "Polygon", "coordinates": [[[127.04349601, 37.54774662], [127.04334367, 37.54773514], [127.04334312, 37.54775028], [127.04330023, 37.54775173], [127.04329656, 37.54784057], [127.04351088, 37.54783978], [127.04350791, 37.54777761], [127.04349331, 37.54777554], [127.04349601, 37.54774662]]]}, "properties": {"name": "성수상가", "status": "high", "capacity": 18, "active": 7, "industry": "한식", "vacancy_rate": 61.1, "vacancy_rate_lo": null, "vacancy_rate_hi": null, "stores": 7, "source": "stores+ledger", "capacity_method": "expos_units", "active_pip": 0, "licensed": 5, "id": "1120011400106850201-5", "pnu": "1120011400106850201", "floors": 0, "height": 0.0}}, {"type": "Feature", "geometry": {"type": "Polygon", "coordinates": [[[127.04378267, 37.54953688], [127.04384359, 37.54960696], [127.04394462, 37.54956007], [127.04388539, 37.54948738], [127.04378267, 37.54953688]]]}, "properties": {"name": "성수동1가 671-300", "status": "empty", "capacity": 2, "active": 0, "industry": "", "vacancy_rate": 100.0, "source": "polygon_only", "capacity_method": "floor_approx", "active_pip": 0, "licensed": 0, "id": "1120011400106710300-1", "pnu": "1120011400106710300", "floors": 2, "height": 0.0}}, {"type": "Feature", "geometry": {"type": "Polygon", "coordinates": [[[127.04372877, 37.54928517], [127.04363295, 37.54932935], [127.04365491, 37.54936574], [127.04366805, 37.54935979], [127.04370066, 37.54940276], [127.04378291, 37.54936119], [127.04372877, 37.54928517]]]}, "properties": {"name": "성수동1가 671-355", "status": "empty", "capacity": 2, "active": 0, "industry": "", "vacancy_rate": 100.0, "source": "polygon_only", "capacity_method": "floor_approx", "active_pip": 0, "licensed": 0, "id": "1120011400106710355-1", "pnu": "1120011400106710355", "floors": 2, "height": 0.0}}, {"type": "Feature", "geometry": {"type": "Polygon", "coordinates": [[[127.04404855, 37.54981628], [127.04397929, 37.54981576], [127.04380211, 37.54987448], [127.0438148, 37.54991105], [127.04392003, 37.54988984], [127.04404305, 37.54989394], [127.04404855, 37.54981628]]]}, "properties": {"name": "성수동1가 670-155", "status": "empty", "capacity": 3, "active": 0, "industry": "", "vacancy_rate": 100.0, "source": "polygon_only", "capacity_method": "floor_approx", "active_pip": 0, "licensed": 0, "id": "1120011400106700155-1", "pnu": "1120011400106700155", "floors": 3, "height": 0.0}}, {"type": "Feature", "geometry": {"type": "Polygon", "coordinates": [[[127.04339975, 37.54823383], [127.04340615, 37.54814228], [127.04326809, 37.54813377], [127.04326437, 37.54816513], [127.04323337, 37.5481673], [127.04323023, 37.54822605], [127.04339975, 37.54823383]]]}, "properties": {"name": "성수동1가 685-216", "status": "full", "capacity": 3, "active": 3, "industry": "한식", "vacancy_rate": 0.0, "vacancy_rate_lo": 0.0, "vacancy_rate_hi": 0.0, "stores": 3, "source": "stores+ledger", "capacity_method": "floor_ouln", "active_pip": 0, "licensed": 1, "id": "1120011400106850216-1", "pnu": "1120011400106850216", "floors": 4, "height": 13.1}}, {"type": "Feature", "geometry": {"type": "Polygon", "coordinates": [[[127.04364358, 37.54738625], [127.04377516, 37.54734503], [127.04373471, 37.54725656], [127.04361512, 37.54729048], [127.04364016, 37.54733976], [127.04362896, 37.54734886], [127.04364358, 37.54738625]]]}, "properties": {"name": "삼일빌딩", "status": "full", "capacity": 3, "active": 3, "industry": "비알코올 ", "vacancy_rate": 0.0, "vacancy_rate_lo": 0.0, "vacancy_rate_hi": 0.0, "stores": 3, "source": "stores+ledger", "capacity_method": "floor_ouln", "active_pip": 0, "licensed": 2, "id": "1120011400106680019-1", "pnu": "1120011400106680019", "floors": 5, "height": 15.0}}, {"type": "Feature", "geometry": {"type": "Polygon", "coordinates": [[[127.04407851, 37.54881868], [127.04401672, 37.54860994], [127.04403006, 37.54860904], [127.04400921, 37.5485539], [127.04387954, 37.5485772], [127.0438927, 37.54863215], [127.04390118, 37.54863017], [127.04396502, 37.54884097], [127.04407851, 37.54881868]]]}, "properties": {"name": "K", "status": "full", "capacity": 9, "active": 9, "industry": "교육 지원", "vacancy_rate": 0.0, "vacancy_rate_lo": 0.0, "vacancy_rate_hi": 11.1, "stores": 11, "source": "stores+ledger", "capacity_method": "floor_ouln", "active_pip": 0, "licensed": 0, "id": "1120011400106560292-2", "pnu": "1120011400106560292", "floors": 0, "height": 0.0}}, {"type": "Feature", "geometry": {"type": "Polygon", "coordinates": [[[127.04419357, 37.54780952], [127.04420112, 37.54775888], [127.04411975, 37.54775035], [127.04411265, 37.54779937], [127.04419357, 37.54780952]]]}, "properties": {"name": "헤이그라운드서울숲점", "status": "full", "capacity": 7, "active": 7, "industry": "기타 교육", "vacancy_rate": 0.0, "vacancy_rate_lo": 0.0, "vacancy_rate_hi": 0.0, "stores": 12, "source": "stores+ledger", "capacity_method": "floor_ouln", "active_pip": 0, "licensed": 1, "id": "1120011400106560075-3", "pnu": "1120011400106560075", "floors": 0, "height": 0.0}}, {"type": "Feature", "geometry": {"type": "Polygon", "coordinates": [[[127.04456874, 37.54940397], [127.0446827, 37.54941906], [127.04468723, 37.54941365], [127.04456566, 37.5493654], [127.04456874, 37.54940397]]]}, "properties": {"name": "성수동1가 656-970", "status": "full", "capacity": 2, "active": 2, "industry": "한식", "vacancy_rate": 0.0, "vacancy_rate_lo": 0.0, "vacancy_rate_hi": 50.0, "stores": 4, "source": "stores+ledger", "capacity_method": "floor_ouln", "active_pip": 0, "licensed": 4, "id": "1120011400106560970-1", "pnu": "1120011400106560970", "floors": 0, "height": 0.0}}, {"type": "Feature", "geometry": {"type": "Polygon", "coordinates": [[[127.04471329, 37.54964691], [127.04476994, 37.5495804], [127.04465662, 37.54951304], [127.04468546, 37.5494687], [127.04467945, 37.54945474], [127.04466235, 37.54944358], [127.04466256, 37.54942285], [127.04459364, 37.54941315], [127.04455515, 37.54955903], [127.04471329, 37.54964691]]]}, "properties": {"name": "성수동1가 656-970", "status": "full", "capacity": 2, "active": 2, "industry": "한식", "vacancy_rate": 0.0, "vacancy_rate_lo": 0.0, "vacancy_rate_hi": 50.0, "stores": 4, "source": "stores+ledger", "capacity_method": "floor_ouln", "active_pip": 0, "licensed": 4, "id": "1120011400106560970-2", "pnu": "1120011400106560970", "floors": 0, "height": 0.0}}, {"type": "Feature", "geometry": {"type": "Polygon", "coordinates": [[[127.04471989, 37.54743568], [127.04471008, 37.54750938], [127.04484259, 37.54749122], [127.04484836, 37.54748915], [127.04485887, 37.54747932], [127.04485864, 37.54747455], [127.04485774, 37.54747167], [127.04484401, 37.54741959], [127.04471989, 37.54743568]]]}, "properties": {"name": "성수동1가 656-1047", "status": "full", "capacity": 2, "active": 2, "industry": "안경·정밀기기 소매", "vacancy_rate": 0.0, "vacancy_rate_lo": 0.0, "vacancy_rate_hi": 50.0, "stores": 2, "source": "stores+ledger", "capacity_method": "floor_ouln", "active_pip": 0, "licensed": 2, "id": "1120011400106561047-1", "pnu": "1120011400106561047", "floors": 3, "height": 0.0}}, {"type": "Feature", "geometry": {"type": "Polygon", "coordinates": [[[127.0447028, 37.5474282], [127.04485216, 37.54740689], [127.04486941, 37.54730867], [127.04480695, 37.54730581], [127.04481212, 37.54725832], [127.0447293, 37.54727458], [127.0447028, 37.5474282]]]}, "properties": {"name": "성수동1가 656-1066", "status": "full", "capacity": 2, "active": 2, "industry": "일반 숙박", "vacancy_rate": 0.0, "vacancy_rate_lo": 0.0, "vacancy_rate_hi": 0.0, "stores": 2, "source": "stores+ledger", "capacity_method": "floor_ouln", "active_pip": 0, "licensed": 1, "id": "1120011400106561066-3", "pnu": "1120011400106561066", "floors": 3, "height": 0.0}}, {"type": "Feature", "geometry": {"type": "Polygon", "coordinates": [[[127.04498477, 37.5490835], [127.04511597, 37.54915616], [127.04517239, 37.54908118], [127.04504436, 37.54901482], [127.04498477, 37.5490835]]]}, "properties": {"name": "성수동1가 656-980", "status": "full", "capacity": 2, "active": 2, "industry": "가구 소매", "vacancy_rate": 0.0, "vacancy_rate_lo": 0.0, "vacancy_rate_hi": 100.0, "stores": 1, "source": "stores+ledger", "capacity_method": "floor_ouln", "active_pip": 0, "licensed": 1, "id": "1120011400106560980-1", "pnu": "1120011400106560980", "floors": 3, "height": 0.0}}, {"type": "Feature", "geometry": {"type": "Polygon", "coordinates": [[[127.0447739, 37.54957904], [127.04482332, 37.5495219], [127.04470898, 37.5494632], [127.04466387, 37.54951403], [127.0447739, 37.54957904]]]}, "properties": {"name": "성수동1가 656-970", "status": "full", "capacity": 2, "active": 2, "industry": "한식", "vacancy_rate": 0.0, "vacancy_rate_lo": 0.0, "vacancy_rate_hi": 50.0, "stores": 4, "source": "stores+ledger", "capacity_method": "floor_ouln", "active_pip": 0, "licensed": 4, "id": "1120011400106560970-3", "pnu": "1120011400106560970", "floors": 4, "height": 13.5}}, {"type": "Feature", "geometry": {"type": "Polygon", "coordinates": [[[127.04484222, 37.54951216], [127.04494974, 37.5493667], [127.04485454, 37.54931646], [127.04473863, 37.54945886], [127.04484222, 37.54951216]]]}, "properties": {"name": "성수동1가 656-971", "status": "full", "capacity": 3, "active": 3, "industry": "일식", "vacancy_rate": 0.0, "vacancy_rate_lo": 0.0, "vacancy_rate_hi": 66.7, "stores": 3, "source": "stores+ledger", "capacity_method": "floor_ouln", "active_pip": 0, "licensed": 2, "id": "1120011400106560971-1", "pnu": "1120011400106560971", "floors": 4, "height": 0.0}}, {"type": "Feature", "geometry": {"type": "Polygon", "coordinates": [[[127.04467634, 37.54784564], [127.04477918, 37.54781777], [127.04480024, 37.54765026], [127.044904, 37.54764058], [127.04491347, 37.54757256], [127.04475233, 37.54757108], [127.04469598, 37.54758453], [127.04467634, 37.54784564]]]}, "properties": {"name": "신한빌딩", "status": "full", "capacity": 4, "active": 4, "industry": "한식", "vacancy_rate": 0.0, "vacancy_rate_lo": 0.0, "vacancy_rate_hi": 0.0, "stores": 9, "source": "stores+ledger", "capacity_method": "floor_ouln", "active_pip": 0, "licensed": 4, "id": "1120011400106560297-1", "pnu": "1120011400106560297", "floors": 4, "height": 0.0}}, {"type": "Feature", "geometry": {"type": "Polygon", "coordinates": [[[127.0439166, 37.54732164], [127.0438817, 37.54724111], [127.04375566, 37.54727935], [127.04379972, 37.54735538], [127.0439166, 37.54732164]]]}, "properties": {"name": "성수동1가 668-127", "status": "full", "capacity": 1, "active": 1, "industry": "일식", "vacancy_rate": 0.0, "vacancy_rate_lo": 0.0, "vacancy_rate_hi": 0.0, "stores": 3, "source": "stores+ledger", "capacity_method": "floor_ouln", "active_pip": 0, "licensed": 3, "id": "1120011400106680127-1", "pnu": "1120011400106680127", "floors": 3, "height": 0.0}}, {"type": "Feature", "geometry": {"type": "Polygon", "coordinates": [[[127.04328902, 37.54733359], [127.04343249, 37.54729723], [127.04339305, 37.54720912], [127.04325467, 37.5472471], [127.04328902, 37.54733359]]]}, "properties": {"name": "예원빌딩", "status": "full", "capacity": 2, "active": 2, "industry": "교육 지원", "vacancy_rate": 0.0, "vacancy_rate_lo": 0.0, "vacancy_rate_hi": 0.0, "stores": 2, "source": "stores+ledger", "capacity_method": "floor_ouln", "active_pip": 0, "licensed": 1, "id": "1120011400106680025-1", "pnu": "1120011400106680025", "floors": 4, "height": 12.7}}, {"type": "Feature", "geometry": {"type": "Polygon", "coordinates": [[[127.04331744, 37.54873976], [127.04339804, 37.54897633], [127.04347464, 37.54896261], [127.04346795, 37.54893829], [127.04352589, 37.54892412], [127.0434548, 37.54871241], [127.04331744, 37.54873976]]]}, "properties": {"name": "성수동1가 671-186", "status": "empty", "capacity": 3, "active": 0, "industry": "", "vacancy_rate": 100.0, "source": "polygon_only", "capacity_method": "floor_approx", "active_pip": 0, "licensed": 0, "id": "1120011400106710186-1", "pnu": "1120011400106710186", "floors": 3, "height": 0.0}}, {"type": "Feature", "geometry": {"type": "Polygon", "coordinates": [[[127.04499362, 37.55006072], [127.0450281, 37.55000034], [127.04505354, 37.54995592], [127.04499932, 37.54993152], [127.0449715, 37.54996631], [127.04498768, 37.54997459], [127.04497355, 37.55000036], [127.04496361, 37.55001875], [127.04493746, 37.55001795], [127.04493023, 37.55004489], [127.04499362, 37.55006072]]]}, "properties": {"name": "성수동1가 656-1846", "status": "full", "capacity": 1, "active": 1, "industry": "", "vacancy_rate": 0.0, "source": "pip_only", "capacity_method": "floor_approx", "active_pip": 0, "licensed": 1, "id": "1120011400106561846-1", "pnu": "1120011400106561846", "floors": 1, "height": 0.0}}, {"type": "Feature", "geometry": {"type": "Polygon", "coordinates": [[[127.0432878, 37.54738206], [127.04332621, 37.5474626], [127.04341966, 37.54743301], [127.04342906, 37.54743652], [127.04343675, 37.54743652], [127.04344388, 37.54743588], [127.04345022, 37.54743264], [127.04345485, 37.54742381], [127.04345519, 37.54741624], [127.04345122, 37.54739993], [127.04341203, 37.54733976], [127.0432878, 37.54738206]]]}, "properties": {"name": "성수동1가 668-17", "status": "empty", "capacity": 4, "active": 0, "industry": "", "vacancy_rate": 100.0, "source": "polygon_only", "capacity_method": "floor_approx", "active_pip": 0, "licensed": 0, "id": "1120011400106680017-1", "pnu": "1120011400106680017", "floors": 4, "height": 12.7}}, {"type": "Feature", "geometry": {"type": "Polygon", "coordinates": [[[127.04344733, 37.54752914], [127.04348461, 37.54762003], [127.04362988, 37.54757917], [127.04359453, 37.54748998], [127.04344733, 37.54752914]]]}, "properties": {"name": "성수동1가 668-8", "status": "high", "capacity": 5, "active": 1, "industry": "", "vacancy_rate": 80.0, "source": "pip_only", "capacity_method": "floor_approx", "active_pip": 0, "licensed": 1, "id": "1120011400106680008-1", "pnu": "1120011400106680008", "floors": 5, "height": 13.7}}, {"type": "Feature", "geometry": {"type": "Polygon", "coordinates": [[[127.04315989, 37.55064309], [127.0431588, 37.55053785], [127.04309181, 37.55053725], [127.04309261, 37.55056166], [127.04301974, 37.55056448], [127.0430225, 37.55064611], [127.04315989, 37.55064309]]]}, "properties": {"name": "성수동1가 670-27", "status": "partial", "capacity": 3, "active": 2, "industry": "", "vacancy_rate": 33.3, "source": "pip_only", "capacity_method": "floor_approx", "active_pip": 0, "licensed": 2, "id": "1120011400106700027-1", "pnu": "1120011400106700027", "floors": 3, "height": 0.0}}, {"type": "Feature", "geometry": {"type": "Polygon", "coordinates": [[[127.04317823, 37.54831265], [127.04305884, 37.54830738], [127.04305535, 37.54834144], [127.04310152, 37.54834268], [127.04310208, 37.54833538], [127.04314678, 37.54833699], [127.04315425, 37.54833663], [127.0431607, 37.54833491], [127.04316635, 37.54833122], [127.04317439, 37.54832338], [127.04317823, 37.54831265]]]}, "properties": {"name": "그리드성수", "status": "partial", "capacity": 6, "active": 4, "industry": "종합 소매", "vacancy_rate": 33.3, "vacancy_rate_lo": 33.3, "vacancy_rate_hi": 50.0, "stores": 3, "source": "stores+ledger", "capacity_method": "floor_ouln", "active_pip": 0, "licensed": 1, "id": "1120011400106850295-1", "pnu": "1120011400106850295", "floors": 0, "height": 0.0}}, {"type": "Feature", "geometry": {"type": "Polygon", "coordinates": [[[127.04305522, 37.54830594], [127.04319758, 37.54831228], [127.0432059, 37.54822002], [127.04322514, 37.54821992], [127.04322465, 37.54815127], [127.04307165, 37.54815132], [127.04305522, 37.54830594]]]}, "properties": {"name": "그리드성수", "status": "partial", "capacity": 6, "active": 4, "industry": "종합 소매", "vacancy_rate": 33.3, "vacancy_rate_lo": 33.3, "vacancy_rate_hi": 50.0, "stores": 3, "source": "stores+ledger", "capacity_method": "floor_ouln", "active_pip": 0, "licensed": 1, "id": "1120011400106850295-2", "pnu": "1120011400106850295", "floors": 8, "height": 27.3}}, {"type": "Feature", "geometry": {"type": "Polygon", "coordinates": [[[127.04305854, 37.54994639], [127.04316197, 37.54994914], [127.04316451, 37.54983931], [127.0430578, 37.5498388], [127.04305854, 37.54994639]]]}, "properties": {"name": "성수동1가 670-59", "status": "empty", "capacity": 4, "active": 0, "industry": "", "vacancy_rate": 100.0, "source": "polygon_only", "capacity_method": "floor_approx", "active_pip": 0, "licensed": 0, "id": "1120011400106700059-1", "pnu": "1120011400106700059", "floors": 4, "height": 13.0}}, {"type": "Feature", "geometry": {"type": "Polygon", "coordinates": [[[127.04329423, 37.54773894], [127.04322361, 37.54773338], [127.04321864, 37.54775032], [127.04316285, 37.54775241], [127.04316331, 37.54776539], [127.04313966, 37.54776675], [127.04313258, 37.54784181], [127.04315521, 37.54784459], [127.04315567, 37.5478555], [127.0432067, 37.5478552], [127.04320368, 37.54788395], [127.04328334, 37.54788545], [127.04329423, 37.54773894]]]}, "properties": {"name": "성수동1가 685-317", "status": "partial", "capacity": 3, "active": 2, "industry": "주점", "vacancy_rate": 33.3, "vacancy_rate_lo": 33.3, "vacancy_rate_hi": 33.3, "stores": 1, "source": "stores+ledger", "capacity_method": "floor_ouln", "active_pip": 0, "licensed": 0, "id": "1120011400106850317-2", "pnu": "1120011400106850317", "floors": 5, "height": 15.75}}, {"type": "Feature", "geometry": {"type": "Polygon", "coordinates": [[[127.04347833, 37.55024248], [127.04359738, 37.55024433], [127.0435979, 37.55016441], [127.04347749, 37.55016292], [127.04347833, 37.55024248]]]}, "properties": {"name": "성수동1가 670-41", "status": "full", "capacity": 3, "active": 3, "industry": "", "vacancy_rate": 0.0, "source": "pip_only", "capacity_method": "floor_approx", "active_pip": 3, "licensed": 0, "id": "1120011400106700041-1", "pnu": "1120011400106700041", "floors": 3, "height": 9.9}}, {"type": "Feature", "geometry": {"type": "Polygon", "coordinates": [[[127.04489415, 37.55045665], [127.04499055, 37.55041887], [127.04495837, 37.55035509], [127.04490463, 37.55037538], [127.04490973, 37.55038466], [127.0448647, 37.55040225], [127.04489415, 37.55045665]]]}, "properties": {"name": "성수빌딩", "status": "partial", "capacity": 4, "active": 3, "industry": "컴퓨터 수리", "vacancy_rate": 25.0, "vacancy_rate_lo": 25.0, "vacancy_rate_hi": 25.0, "stores": 1, "source": "stores+ledger", "capacity_method": "floor_ouln", "active_pip": 0, "licensed": 0, "id": "1120011400106561142-1", "pnu": "1120011400106561142", "floors": 2, "height": 7.1}}, {"type": "Feature", "geometry": {"type": "Polygon", "coordinates": [[[127.0453327, 37.55067172], [127.0453845, 37.5506528], [127.04538025, 37.55064346], [127.04538863, 37.55063863], [127.04537118, 37.5505984], [127.04539526, 37.55058719], [127.0453744, 37.55055579], [127.04528065, 37.55058882], [127.0453327, 37.55067172]]]}, "properties": {"name": "성수동1가 656-1155", "status": "full", "capacity": 4, "active": 4, "industry": "서양식", "vacancy_rate": 0.0, "vacancy_rate_lo": 0.0, "vacancy_rate_hi": 25.0, "stores": 2, "source": "stores+ledger", "capacity_method": "floor_ouln", "active_pip": 0, "licensed": 1, "id": "1120011400106561155-1", "pnu": "1120011400106561155", "floors": 1, "height": 0.0}}, {"type": "Feature", "geometry": {"type": "Polygon", "coordinates": [[[127.04480123, 37.55023802], [127.04501796, 37.55027019], [127.0450245, 37.55023208], [127.04500933, 37.55022731], [127.04500955, 37.55021965], [127.04483478, 37.55013196], [127.04482505, 37.55013178], [127.04480123, 37.55023802]]]}, "properties": {"name": "성수동", "status": "high", "capacity": 4, "active": 1, "industry": "기타 숙박", "vacancy_rate": 75.0, "vacancy_rate_lo": 75.0, "vacancy_rate_hi": 75.0, "stores": 1, "source": "stores+ledger", "capacity_method": "floor_ouln", "active_pip": 0, "licensed": 0, "id": "1120011400106560734-1", "pnu": "1120011400106560734", "floors": 4, "height": 13.07}}, {"type": "Feature", "geometry": {"type": "Polygon", "coordinates": [[[127.04397559, 37.55045169], [127.04398922, 37.55034816], [127.04389087, 37.5503382], [127.04388592, 37.55037604], [127.04386339, 37.55037569], [127.04385891, 37.55044065], [127.04397559, 37.55045169]]]}, "properties": {"name": "성수동1가 671-65", "status": "empty", "capacity": 1, "active": 0, "industry": "", "vacancy_rate": 100.0, "source": "polygon_only", "capacity_method": "floor_approx", "active_pip": 0, "licensed": 0, "id": "1120011400106710065-1", "pnu": "1120011400106710065", "floors": 1, "height": 0.0}}, {"type": "Feature", "geometry": {"type": "Polygon", "coordinates": [[[127.0435872, 37.55063428], [127.04358816, 37.55053751], [127.04347318, 37.55053332], [127.04347437, 37.55063271], [127.0435872, 37.55063428]]]}, "properties": {"name": "성수동1가 670-24", "status": "empty", "capacity": 4, "active": 0, "industry": "", "vacancy_rate": 100.0, "source": "polygon_only", "capacity_method": "floor_approx", "active_pip": 0, "licensed": 0, "id": "1120011400106700024-1", "pnu": "1120011400106700024", "floors": 4, "height": 11.8}}, {"type": "Feature", "geometry": {"type": "Polygon", "coordinates": [[[127.04485405, 37.55037945], [127.04493336, 37.55034933], [127.04490402, 37.55029663], [127.04481905, 37.55032766], [127.04485405, 37.55037945]]]}, "properties": {"name": "성수동1가 656-1141", "status": "full", "capacity": 1, "active": 1, "industry": "비알코올 ", "vacancy_rate": 0.0, "vacancy_rate_lo": 0.0, "vacancy_rate_hi": 0.0, "stores": 1, "source": "stores+ledger", "capacity_method": "floor_ouln", "active_pip": 0, "licensed": 0, "id": "1120011400106561141-1", "pnu": "1120011400106561141", "floors": 3, "height": 9.5}}, {"type": "Feature", "geometry": {"type": "Polygon", "coordinates": [[[127.04471123, 37.55017624], [127.04479574, 37.55013819], [127.04479448, 37.5501181], [127.04479312, 37.5501081], [127.04478972, 37.55010053], [127.04478112, 37.55009495], [127.04467255, 37.55003958], [127.04465638, 37.55004075], [127.04464778, 37.55004643], [127.0446436, 37.55006373], [127.04471123, 37.55017624]]]}, "properties": {"name": "송원빌딩", "status": "full", "capacity": 2, "active": 2, "industry": "음료 소매", "vacancy_rate": 0.0, "vacancy_rate_lo": 0.0, "vacancy_rate_hi": 0.0, "stores": 5, "source": "stores+ledger", "capacity_method": "floor_ouln", "active_pip": 0, "licensed": 1, "id": "1120011400106560518-1", "pnu": "1120011400106560518", "floors": 4, "height": 12.8}}, {"type": "Feature", "geometry": {"type": "Polygon", "coordinates": [[[127.04380935, 37.55064799], [127.04392025, 37.55064623], [127.04392202, 37.55057298], [127.04380353, 37.5505751], [127.04380935, 37.55064799]]]}, "properties": {"name": "성수동1가 670-23", "status": "empty", "capacity": 3, "active": 0, "industry": "", "vacancy_rate": 100.0, "source": "polygon_only", "capacity_method": "floor_approx", "active_pip": 0, "licensed": 0, "id": "1120011400106700023-1", "pnu": "1120011400106700023", "floors": 3, "height": 12.2}}, {"type": "Feature", "geometry": {"type": "Polygon", "coordinates": [[[127.04732362, 37.55012685], [127.04694582, 37.55004771], [127.04691974, 37.55014277], [127.04730025, 37.55021678], [127.04732362, 37.55012685]]]}, "properties": {"name": "쌍용아파트", "status": "high", "capacity": 189, "active": 23, "industry": "일반 교육", "vacancy_rate": 87.8, "vacancy_rate_lo": null, "vacancy_rate_hi": null, "stores": 23, "source": "stores+ledger", "capacity_method": "expos_units", "active_pip": 0, "licensed": 0, "id": "1120011400107060000-18", "pnu": "1120011400107060000", "floors": 23, "height": 63.5}}, {"type": "Feature", "geometry": {"type": "Polygon", "coordinates": [[[127.04675291, 37.55046531], [127.04684518, 37.5501692], [127.04674151, 37.55014987], [127.04672332, 37.55020493], [127.0467068, 37.55020152], [127.04669968, 37.55022963], [127.046717, 37.55023422], [127.04668222, 37.55035686], [127.04666571, 37.55035398], [127.04665724, 37.55038507], [127.04667388, 37.55038966], [127.04665513, 37.55044661], [127.04675291, 37.55046531]]]}, "properties": {"name": "쌍용아파트", "status": "high", "capacity": 189, "active": 23, "industry": "일반 교육", "vacancy_rate": 87.8, "vacancy_rate_lo": null, "vacancy_rate_hi": null, "stores": 23, "source": "stores+ledger", "capacity_method": "expos_units", "active_pip": 0, "licensed": 0, "id": "1120011400107060000-19", "pnu": "1120011400107060000", "floors": 18, "height": 63.5}}, {"type": "Feature", "geometry": {"type": "Polygon", "coordinates": [[[127.04762486, 37.55048622], [127.04765922, 37.55042521], [127.04764688, 37.55040494], [127.04763907, 37.5503999], [127.04757437, 37.55045048], [127.04757629, 37.55045687], [127.04762486, 37.55048622]]]}, "properties": {"name": "성수동1가 656-13", "status": "full", "capacity": 2, "active": 2, "industry": "식료품 소매", "vacancy_rate": 0.0, "vacancy_rate_lo": 0.0, "vacancy_rate_hi": 50.0, "stores": 1, "source": "stores+ledger", "capacity_method": "floor_ouln", "active_pip": 0, "licensed": 1, "id": "1120011400106560013-1", "pnu": "1120011400106560013", "floors": 3, "height": 9.3}}, {"type": "Feature", "geometry": {"type": "Polygon", "coordinates": [[[127.0476756, 37.55037438], [127.04770271, 37.55028626], [127.04763014, 37.550237], [127.047565, 37.55030118], [127.0476756, 37.55037438]]]}, "properties": {"name": "성수동1가 656-347", "status": "full", "capacity": 2, "active": 2, "industry": "섬유·의복·신발 소매", "vacancy_rate": 0.0, "vacancy_rate_lo": 0.0, "vacancy_rate_hi": 0.0, "stores": 1, "source": "stores+ledger", "capacity_method": "floor_ouln", "active_pip": 0, "licensed": 0, "id": "1120011400106560347-1", "pnu": "1120011400106560347", "floors": 2, "height": 0.0}}, {"type": "Feature", "geometry": {"type": "Polygon", "coordinates": [[[127.04771025, 37.55021454], [127.04772458, 37.55014786], [127.04764093, 37.5501269], [127.04761539, 37.55018286], [127.04771025, 37.55021454]]]}, "properties": {"name": "성수동1가 656-353", "status": "full", "capacity": 1, "active": 1, "industry": "기타 가정용품 수리", "vacancy_rate": 0.0, "vacancy_rate_lo": 0.0, "vacancy_rate_hi": 0.0, "stores": 4, "source": "stores+ledger", "capacity_method": "floor_ouln", "active_pip": 0, "licensed": 0, "id": "1120011400106560353-1", "pnu": "1120011400106560353", "floors": 3, "height": 9.8}}, {"type": "Feature", "geometry": {"type": "Polygon", "coordinates": [[[127.04649337, 37.55019727], [127.04648253, 37.55024206], [127.04651829, 37.55024664], [127.04652653, 37.55020168], [127.04649337, 37.55019727]]]}, "properties": {"name": "쌍용아파트", "status": "high", "capacity": 189, "active": 23, "industry": "일반 교육", "vacancy_rate": 87.8, "vacancy_rate_lo": null, "vacancy_rate_hi": null, "stores": 23, "source": "stores+ledger", "capacity_method": "expos_units", "active_pip": 0, "licensed": 0, "id": "1120011400107060000-20", "pnu": "1120011400107060000", "floors": 0, "height": 0.0}}, {"type": "Feature", "geometry": {"type": "Polygon", "coordinates": [[[127.04638726, 37.55026128], [127.04639964, 37.55015487], [127.04617188, 37.55002684], [127.04616046, 37.55004621], [127.04616588, 37.55005135], [127.04611964, 37.55010759], [127.04638726, 37.55026128]]]}, "properties": {"name": "성수동1가 656-1238", "status": "empty", "capacity": 2, "active": 0, "industry": "", "vacancy_rate": 100.0, "source": "polygon_only", "capacity_method": "floor_approx", "active_pip": 0, "licensed": 0, "id": "1120011400106561238-1", "pnu": "1120011400106561238", "floors": 2, "height": 7.3}}, {"type": "Feature", "geometry": {"type": "Polygon", "coordinates": [[[127.04573225, 37.55063329], [127.04566716, 37.5506007], [127.04561921, 37.55064928], [127.04568906, 37.55068873], [127.04573225, 37.55063329]]]}, "properties": {"name": "성수동1가 656-47", "status": "partial", "capacity": 2, "active": 1, "industry": "", "vacancy_rate": 50.0, "source": "pip_only", "capacity_method": "floor_approx", "active_pip": 0, "licensed": 1, "id": "1120011400106560047-1", "pnu": "1120011400106560047", "floors": 2, "height": 0.0}}, {"type": "Feature", "geometry": {"type": "Polygon", "coordinates": [[[127.0456427, 37.55074668], [127.04568679, 37.55069008], [127.04563132, 37.55065874], [127.04557975, 37.5507121], [127.0456427, 37.55074668]]]}, "properties": {"name": "성수동1가 656-47", "status": "full", "capacity": 1, "active": 1, "industry": "", "vacancy_rate": 0.0, "source": "pip_only", "capacity_method": "floor_approx", "active_pip": 0, "licensed": 1, "id": "1120011400106560047-2", "pnu": "1120011400106560047", "floors": 0, "height": 0.0}}, {"type": "Feature", "geometry": {"type": "Polygon", "coordinates": [[[127.04584575, 37.55079921], [127.04585499, 37.55072064], [127.04577687, 37.55068184], [127.04576986, 37.55068923], [127.04574461, 37.55067779], [127.04567541, 37.55075739], [127.04575352, 37.55079816], [127.04584575, 37.55079921]]]}, "properties": {"name": "성수동1가 656-1182", "status": "partial", "capacity": 2, "active": 1, "industry": "가전·통신 소매", "vacancy_rate": 50.0, "vacancy_rate_lo": 50.0, "vacancy_rate_hi": 50.0, "stores": 1, "source": "stores+ledger", "capacity_method": "floor_ouln", "active_pip": 0, "licensed": 1, "id": "1120011400106561182-1", "pnu": "1120011400106561182", "floors": 4, "height": 12.1}}, {"type": "Feature", "geometry": {"type": "Polygon", "coordinates": [[[127.04687434, 37.55046274], [127.04701852, 37.55048808], [127.04704516, 37.55037824], [127.0469089, 37.55034955], [127.04687434, 37.55046274]]]}, "properties": {"name": "쌍용아파트", "status": "high", "capacity": 189, "active": 23, "industry": "일반 교육", "vacancy_rate": 87.8, "vacancy_rate_lo": null, "vacancy_rate_hi": null, "stores": 23, "source": "stores+ledger", "capacity_method": "expos_units", "active_pip": 0, "licensed": 0, "id": "1120011400107060000-21", "pnu": "1120011400107060000", "floors": 0, "height": 0.0}}, {"type": "Feature", "geometry": {"type": "Polygon", "coordinates": [[[127.04688715, 37.55069159], [127.04702332, 37.55090507], [127.04696255, 37.55109799], [127.0470411, 37.55111607], [127.04711192, 37.55089981], [127.04695899, 37.55066471], [127.04688715, 37.55069159]]]}, "properties": {"name": "성수동1가 5-1", "status": "partial", "capacity": 2, "active": 1, "industry": "자동차 수리·세차", "vacancy_rate": 50.0, "vacancy_rate_lo": 50.0, "vacancy_rate_hi": 100.0, "stores": 1, "source": "stores+ledger", "capacity_method": "floor_ouln", "active_pip": 0, "licensed": 0, "id": "1120011400100050001-1", "pnu": "1120011400100050001", "floors": 2, "height": 7.4}}, {"type": "Feature", "geometry": {"type": "Polygon", "coordinates": [[[127.04390996, 37.55008987], [127.04387807, 37.55032045], [127.04398807, 37.55032986], [127.04402053, 37.55010028], [127.04390996, 37.55008987]]]}, "properties": {"name": "성수동1가 671-159", "status": "empty", "capacity": 3, "active": 0, "industry": "", "vacancy_rate": 100.0, "source": "polygon_only", "capacity_method": "floor_approx", "active_pip": 0, "licensed": 0, "id": "1120011400106710159-1", "pnu": "1120011400106710159", "floors": 3, "height": 0.0}}, {"type": "Feature", "geometry": {"type": "Polygon", "coordinates": [[[127.04384257, 37.55055806], [127.04393027, 37.55056658], [127.04395364, 37.55045539], [127.04385676, 37.55044389], [127.04384257, 37.55055806]]]}, "properties": {"name": "성수동1가 671-48", "status": "empty", "capacity": 4, "active": 0, "industry": "", "vacancy_rate": 100.0, "source": "polygon_only", "capacity_method": "floor_approx", "active_pip": 0, "licensed": 0, "id": "1120011400106710048-1", "pnu": "1120011400106710048", "floors": 4, "height": 13.0}}, {"type": "Feature", "geometry": {"type": "Polygon", "coordinates": [[[127.04614206, 37.54665937], [127.04625961, 37.54661896], [127.04621034, 37.54654167], [127.04615389, 37.54656494], [127.04614811, 37.54655629], [127.0460911, 37.54658217], [127.04614206, 37.54665937]]]}, "properties": {"name": "하늘빌딩", "status": "full", "capacity": 3, "active": 3, "industry": "기타 교육", "vacancy_rate": 0.0, "vacancy_rate_lo": 0.0, "vacancy_rate_hi": 0.0, "stores": 4, "source": "stores+ledger", "capacity_method": "floor_ouln", "active_pip": 0, "licensed": 2, "id": "1120011400106561056-1", "pnu": "1120011400106561056", "floors": 4, "height": 12.6}}, {"type": "Feature", "geometry": {"type": "Polygon", "coordinates": [[[127.04449883, 37.54981692], [127.04463516, 37.54976398], [127.04471115, 37.54966691], [127.04454814, 37.54957777], [127.04451772, 37.54962455], [127.04449282, 37.54980241], [127.04449883, 37.54981692]]]}, "properties": {"name": "성수동1가 656-996", "status": "full", "capacity": 6, "active": 6, "industry": "", "vacancy_rate": 0.0, "source": "pip_only", "capacity_method": "floor_approx", "active_pip": 6, "licensed": 4, "id": "1120011400106560996-1", "pnu": "1120011400106560996", "floors": 2, "height": 0.0}}, {"type": "Feature", "geometry": {"type": "Polygon", "coordinates": [[[127.047128, 37.54680089], [127.04720043, 37.54678744], [127.04717114, 37.54665266], [127.0470968, 37.54666449], [127.047128, 37.54680089]]]}, "properties": {"name": "성수동1가 8-14", "status": "full", "capacity": 3, "active": 3, "industry": "이용·미용", "vacancy_rate": 0.0, "vacancy_rate_lo": 0.0, "vacancy_rate_hi": 66.7, "stores": 3, "source": "stores+ledger", "capacity_method": "floor_ouln", "active_pip": 0, "licensed": 2, "id": "1120011400100080014-1", "pnu": "1120011400100080014", "floors": 5, "height": 15.0}}, {"type": "Feature", "geometry": {"type": "Polygon", "coordinates": [[[127.04371032, 37.54655317], [127.04369649, 37.54651704], [127.04367238, 37.546523], [127.04366705, 37.54650903], [127.04356217, 37.54653421], [127.04358235, 37.5465898], [127.04371032, 37.54655317]]]}, "properties": {"name": "성수동1가 668-141", "status": "high", "capacity": 4, "active": 1, "industry": "기타 교육", "vacancy_rate": 75.0, "vacancy_rate_lo": null, "vacancy_rate_hi": null, "stores": 1, "source": "stores+ledger", "capacity_method": "floor_approx", "active_pip": 0, "licensed": 0, "id": "1120011400106680141-1", "pnu": "1120011400106680141", "floors": 2, "height": 0.0}}, {"type": "Feature", "geometry": {"type": "Polygon", "coordinates": [[[127.04677254, 37.54694015], [127.04683082, 37.546923], [127.04680452, 37.54685669], [127.04674467, 37.54687439], [127.04677254, 37.54694015]]]}, "properties": {"name": "성수동1가 8-27", "status": "full", "capacity": 3, "active": 3, "industry": "일식", "vacancy_rate": 0.0, "vacancy_rate_lo": 0.0, "vacancy_rate_hi": 66.7, "stores": 3, "source": "stores+ledger", "capacity_method": "floor_ouln", "active_pip": 0, "licensed": 2, "id": "1120011400100080027-1", "pnu": "1120011400100080027", "floors": 3, "height": 10.15}}, {"type": "Feature", "geometry": {"type": "Polygon", "coordinates": [[[127.04809477, 37.54967135], [127.04800592, 37.54965354], [127.04795149, 37.54983377], [127.04804985, 37.54985057], [127.04809477, 37.54967135]]]}, "properties": {"name": "좌측점포", "status": "full", "capacity": 3, "active": 3, "industry": "스포츠 서비스", "vacancy_rate": 0.0, "vacancy_rate_lo": 0.0, "vacancy_rate_hi": 0.0, "stores": 6, "source": "stores+ledger", "capacity_method": "floor_ouln", "active_pip": 0, "licensed": 2, "id": "1120011400100130441-1", "pnu": "1120011400100130441", "floors": 4, "height": 13.2}}, {"type": "Feature", "geometry": {"type": "Polygon", "coordinates": [[[127.04705036, 37.54676434], [127.04710523, 37.54674684], [127.04707339, 37.54667918], [127.04701738, 37.5466947], [127.04705036, 37.54676434]]]}, "properties": {"name": "성수동1가 8-32", "status": "partial", "capacity": 2, "active": 1, "industry": "의약·화장품 소매", "vacancy_rate": 50.0, "vacancy_rate_lo": 50.0, "vacancy_rate_hi": 50.0, "stores": 1, "source": "stores+ledger", "capacity_method": "floor_ouln", "active_pip": 0, "licensed": 0, "id": "1120011400100080032-1", "pnu": "1120011400100080032", "floors": 2, "height": 6.9}}, {"type": "Feature", "geometry": {"type": "Polygon", "coordinates": [[[127.04386847, 37.54783486], [127.04393874, 37.54763166], [127.04373957, 37.54763426], [127.04373964, 37.54774401], [127.0435123, 37.54774652], [127.04351586, 37.54784203], [127.04386847, 37.54783486]]]}, "properties": {"name": "성수상가", "status": "high", "capacity": 18, "active": 7, "industry": "한식", "vacancy_rate": 61.1, "vacancy_rate_lo": null, "vacancy_rate_hi": null, "stores": 7, "source": "stores+ledger", "capacity_method": "expos_units", "active_pip": 0, "licensed": 5, "id": "1120011400106850201-6", "pnu": "1120011400106850201", "floors": 2, "height": 0.0}}, {"type": "Feature", "geometry": {"type": "Polygon", "coordinates": [[[127.04810037, 37.54887648], [127.0481355, 37.54877114], [127.04798633, 37.54873786], [127.04796363, 37.54880266], [127.04810037, 37.54887648]]]}, "properties": {"name": "성수동1가 4-5", "status": "empty", "capacity": 3, "active": 0, "industry": "", "vacancy_rate": 100.0, "source": "polygon_only", "capacity_method": "floor_approx", "active_pip": 0, "licensed": 0, "id": "1120011400100040005-1", "pnu": "1120011400100040005", "floors": 3, "height": 10.7}}, {"type": "Feature", "geometry": {"type": "Polygon", "coordinates": [[[127.04625889, 37.54690043], [127.04639963, 37.54684641], [127.0463577, 37.54675704], [127.04621199, 37.54681422], [127.04625889, 37.54690043]]]}, "properties": {"name": "성수동1가 656-395", "status": "full", "capacity": 2, "active": 2, "industry": "한식", "vacancy_rate": 0.0, "vacancy_rate_lo": 0.0, "vacancy_rate_hi": 0.0, "stores": 5, "source": "stores+ledger", "capacity_method": "floor_ouln", "active_pip": 0, "licensed": 3, "id": "1120011400106560395-1", "pnu": "1120011400106560395", "floors": 4, "height": 0.0}}, {"type": "Feature", "geometry": {"type": "Polygon", "coordinates": [[[127.04350079, 37.54839408], [127.04336227, 37.54836268], [127.04333334, 37.54844639], [127.04347402, 37.54847787], [127.04350079, 37.54839408]]]}, "properties": {"name": "성수동1가 685-211", "status": "empty", "capacity": 2, "active": 0, "industry": "", "vacancy_rate": 100.0, "source": "polygon_only", "capacity_method": "floor_approx", "active_pip": 0, "licensed": 0, "id": "1120011400106850211-1", "pnu": "1120011400106850211", "floors": 2, "height": 0.0}}, {"type": "Feature", "geometry": {"type": "Polygon", "coordinates": [[[127.04340053, 37.54702828], [127.04343622, 37.54711738], [127.04355943, 37.54707688], [127.04353087, 37.54699292], [127.04351842, 37.54699797], [127.04351151, 37.5469804], [127.04343797, 37.54699737], [127.04344499, 37.54701466], [127.04340053, 37.54702828]]]}, "properties": {"name": "성수동1가 668-51", "status": "full", "capacity": 1, "active": 1, "industry": "시계·귀금속 소매", "vacancy_rate": 0.0, "vacancy_rate_lo": 0.0, "vacancy_rate_hi": 0.0, "stores": 1, "source": "stores+ledger", "capacity_method": "floor_ouln", "active_pip": 0, "licensed": 1, "id": "1120011400106680051-1", "pnu": "1120011400106680051", "floors": 4, "height": 13.4}}, {"type": "Feature", "geometry": {"type": "Polygon", "coordinates": [[[127.04371288, 37.54824326], [127.04373516, 37.54821235], [127.04374441, 37.54817045], [127.04370016, 37.54816947], [127.04357772, 37.54816303], [127.04357346, 37.54824475], [127.0436502, 37.54824751], [127.04365076, 37.54824103], [127.04371288, 37.54824326]]]}, "properties": {"name": "성수동1가 685-218", "status": "full", "capacity": 3, "active": 3, "industry": "주점", "vacancy_rate": 0.0, "vacancy_rate_lo": 0.0, "vacancy_rate_hi": 0.0, "stores": 3, "source": "stores+ledger", "capacity_method": "floor_ouln", "active_pip": 0, "licensed": 1, "id": "1120011400106850218-1", "pnu": "1120011400106850218", "floors": 4, "height": 0.0}}, {"type": "Feature", "geometry": {"type": "Polygon", "coordinates": [[[127.04815984, 37.55055475], [127.04819328, 37.55045095], [127.04786165, 37.55038404], [127.04780384, 37.55041109], [127.04779559, 37.55043497], [127.04782582, 37.55043938], [127.04780752, 37.55049714], [127.04815984, 37.55055475]]]}, "properties": {"name": "성수동1가 13-277", "status": "empty", "capacity": 7, "active": 0, "industry": "", "vacancy_rate": 100.0, "source": "polygon_only", "capacity_method": "floor_approx", "active_pip": 0, "licensed": 0, "id": "1120011400100130277-1", "pnu": "1120011400100130277", "floors": 7, "height": 25.4}}, {"type": "Feature", "geometry": {"type": "Polygon", "coordinates": [[[127.04559377, 37.54622575], [127.04558991, 37.54620693], [127.04551388, 37.54622065], [127.04551683, 37.54623605], [127.04559377, 37.54622575]]]}, "properties": {"name": "와이지포레스트", "status": "full", "capacity": 2, "active": 2, "industry": "오락용품 소매", "vacancy_rate": 0.0, "vacancy_rate_lo": null, "vacancy_rate_hi": null, "stores": 2, "source": "stores+ledger", "capacity_method": "expos_units", "active_pip": 0, "licensed": 0, "id": "1120011400106560449-8", "pnu": "1120011400106560449", "floors": 0, "height": 0.0}}, {"type": "Feature", "geometry": {"type": "Polygon", "coordinates": [[[127.04485313, 37.54640038], [127.04495576, 37.54638971], [127.04492401, 37.546221], [127.04487365, 37.5462284], [127.04485313, 37.54640038]]]}, "properties": {"name": "성수동1가 656-1123", "status": "full", "capacity": 3, "active": 3, "industry": "기타 간이", "vacancy_rate": 0.0, "vacancy_rate_lo": 0.0, "vacancy_rate_hi": 66.7, "stores": 6, "source": "stores+ledger+pip", "capacity_method": "floor_ouln", "active_pip": 4, "licensed": 4, "id": "1120011400106561123-1", "pnu": "1120011400106561123", "floors": 3, "height": 0.0}}, {"type": "Feature", "geometry": {"type": "Polygon", "coordinates": [[[127.04581282, 37.54635496], [127.04592268, 37.54633428], [127.04590907, 37.5462696], [127.04579954, 37.54628802], [127.04581282, 37.54635496]]]}, "properties": {"name": "성수동1가 656-1940", "status": "full", "capacity": 1, "active": 1, "industry": "한식", "vacancy_rate": 0.0, "vacancy_rate_lo": 0.0, "vacancy_rate_hi": 0.0, "stores": 1, "source": "stores+ledger", "capacity_method": "floor_ouln", "active_pip": 0, "licensed": 1, "id": "1120011400106561940-1", "pnu": "1120011400106561940", "floors": 1, "height": 0.0}}, {"type": "Feature", "geometry": {"type": "Polygon", "coordinates": [[[127.04516656, 37.54635962], [127.04524803, 37.54634824], [127.04523464, 37.54628283], [127.04514638, 37.54629323], [127.04516656, 37.54635962]]]}, "properties": {"name": "와이지포레스트", "status": "full", "capacity": 2, "active": 2, "industry": "오락용품 소매", "vacancy_rate": 0.0, "vacancy_rate_lo": null, "vacancy_rate_hi": null, "stores": 2, "source": "stores+ledger", "capacity_method": "expos_units", "active_pip": 0, "licensed": 0, "id": "1120011400106560449-9", "pnu": "1120011400106560449", "floors": 0, "height": 0.0}}, {"type": "Feature", "geometry": {"type": "Polygon", "coordinates": [[[127.04544174, 37.5463242], [127.04542925, 37.54624978], [127.0452344, 37.54627148], [127.04525063, 37.54635067], [127.04544174, 37.5463242]]]}, "properties": {"name": "와이지포레스트", "status": "full", "capacity": 2, "active": 2, "industry": "오락용품 소매", "vacancy_rate": 0.0, "vacancy_rate_lo": null, "vacancy_rate_hi": null, "stores": 2, "source": "stores+ledger", "capacity_method": "expos_units", "active_pip": 0, "licensed": 0, "id": "1120011400106560449-10", "pnu": "1120011400106560449", "floors": 1, "height": 4.0}}, {"type": "Feature", "geometry": {"type": "Polygon", "coordinates": [[[127.04442988, 37.54630323], [127.04442203, 37.54625179], [127.04435187, 37.54626011], [127.04436334, 37.54630822], [127.04442988, 37.54630323]]]}, "properties": {"name": "공공복합청사", "status": "high", "capacity": 6, "active": 2, "industry": "의원", "vacancy_rate": 66.7, "vacancy_rate_lo": null, "vacancy_rate_hi": null, "stores": 2, "source": "stores+ledger", "capacity_method": "expos_units", "active_pip": 0, "licensed": 0, "id": "1120011400106850580-2", "pnu": "1120011400106850580", "floors": 0, "height": 0.0}}, {"type": "Feature", "geometry": {"type": "Polygon", "coordinates": [[[127.04393404, 37.54639478], [127.04410106, 37.54636111], [127.04409315, 37.54630045], [127.04405019, 37.54627692], [127.0439031, 37.54630919], [127.04393404, 37.54639478]]]}, "properties": {"name": "성수동1가 668-39", "status": "full", "capacity": 3, "active": 3, "industry": "섬유·의복·신발 소매", "vacancy_rate": 0.0, "vacancy_rate_lo": 0.0, "vacancy_rate_hi": 0.0, "stores": 4, "source": "stores+ledger", "capacity_method": "floor_ouln", "active_pip": 0, "licensed": 2, "id": "1120011400106680039-1", "pnu": "1120011400106680039", "floors": 3, "height": 9.3}}, {"type": "Feature", "geometry": {"type": "Polygon", "coordinates": [[[127.04601691, 37.54627388], [127.0459836, 37.54621452], [127.04589783, 37.54623906], [127.04592311, 37.54629608], [127.04601691, 37.54627388]]]}, "properties": {"name": "성수동1가 656-487", "status": "full", "capacity": 1, "active": 1, "industry": "한식", "vacancy_rate": 0.0, "vacancy_rate_lo": 0.0, "vacancy_rate_hi": 100.0, "stores": 1, "source": "stores+ledger", "capacity_method": "floor_ouln", "active_pip": 0, "licensed": 1, "id": "1120011400106560487-1", "pnu": "1120011400106560487", "floors": 1, "height": 0.0}}, {"type": "Feature", "geometry": {"type": "Polygon", "coordinates": [[[127.04649392, 37.54635361], [127.04659541, 37.54632582], [127.04656424, 37.54625492], [127.04646208, 37.54627884], [127.04649392, 37.54635361]]]}, "properties": {"name": "성수동1가 656-992", "status": "full", "capacity": 2, "active": 2, "industry": "장식품 소매", "vacancy_rate": 0.0, "vacancy_rate_lo": 0.0, "vacancy_rate_hi": 50.0, "stores": 4, "source": "stores+ledger", "capacity_method": "floor_ouln", "active_pip": 0, "licensed": 0, "id": "1120011400106560992-1", "pnu": "1120011400106560992", "floors": 4, "height": 11.9}}, {"type": "Feature", "geometry": {"type": "Polygon", "coordinates": [[[127.04701518, 37.54641747], [127.04705229, 37.54640592], [127.04704175, 37.546378], [127.0470758, 37.54636599], [127.04705086, 37.54631087], [127.04697417, 37.5463373], [127.04701518, 37.54641747]]]}, "properties": {"name": "성수동1가 656-684", "status": "full", "capacity": 3, "active": 3, "industry": "일식", "vacancy_rate": 0.0, "vacancy_rate_lo": 0.0, "vacancy_rate_hi": 66.7, "stores": 2, "source": "stores+ledger", "capacity_method": "floor_ouln", "active_pip": 0, "licensed": 2, "id": "1120011400106560684-1", "pnu": "1120011400106560684", "floors": 3, "height": 11.18}}, {"type": "Feature", "geometry": {"type": "Polygon", "coordinates": [[[127.04705959, 37.54631789], [127.04716752, 37.5462764], [127.04713454, 37.54621956], [127.04707243, 37.54623877], [127.04706779, 37.54623544], [127.04702627, 37.54624835], [127.04705959, 37.54631789]]]}, "properties": {"name": "성수동1가 656-1014", "status": "full", "capacity": 2, "active": 2, "industry": "비알코올 ", "vacancy_rate": 0.0, "vacancy_rate_lo": 0.0, "vacancy_rate_hi": 0.0, "stores": 4, "source": "stores+ledger", "capacity_method": "floor_ouln", "active_pip": 0, "licensed": 4, "id": "1120011400106561014-1", "pnu": "1120011400106561014", "floors": 3, "height": 12.7}}, {"type": "Feature", "geometry": {"type": "Polygon", "coordinates": [[[127.04710264, 37.54639455], [127.04721283, 37.54635828], [127.047169, 37.54629144], [127.04707012, 37.54632608], [127.04710264, 37.54639455]]]}, "properties": {"name": "성수동1가 656-1013", "status": "full", "capacity": 3, "active": 3, "industry": "일식", "vacancy_rate": 0.0, "vacancy_rate_lo": 0.0, "vacancy_rate_hi": 33.3, "stores": 3, "source": "stores+ledger", "capacity_method": "floor_ouln", "active_pip": 0, "licensed": 3, "id": "1120011400106561013-1", "pnu": "1120011400106561013", "floors": 3, "height": 11.0}}, {"type": "Feature", "geometry": {"type": "Polygon", "coordinates": [[[127.04347917, 37.54623384], [127.04342169, 37.54625216], [127.04346113, 37.54634783], [127.04358332, 37.54631968], [127.04355091, 37.54623428], [127.04349004, 37.54624772], [127.04347917, 37.54623384]]]}, "properties": {"name": "성수동1가 668-117", "status": "full", "capacity": 2, "active": 2, "industry": "섬유·의복·신발 소매", "vacancy_rate": 0.0, "vacancy_rate_lo": 0.0, "vacancy_rate_hi": 100.0, "stores": 2, "source": "stores+ledger", "capacity_method": "floor_ouln", "active_pip": 0, "licensed": 0, "id": "1120011400106680117-1", "pnu": "1120011400106680117", "floors": 3, "height": 10.7}}, {"type": "Feature", "geometry": {"type": "Polygon", "coordinates": [[[127.04565057, 37.54622005], [127.04543626, 37.54624789], [127.04544909, 37.54631834], [127.0456686, 37.54629114], [127.04565057, 37.54622005]]]}, "properties": {"name": "와이지포레스트", "status": "full", "capacity": 2, "active": 2, "industry": "오락용품 소매", "vacancy_rate": 0.0, "vacancy_rate_lo": null, "vacancy_rate_hi": null, "stores": 2, "source": "stores+ledger", "capacity_method": "expos_units", "active_pip": 0, "licensed": 0, "id": "1120011400106560449-11", "pnu": "1120011400106560449", "floors": 1, "height": 4.0}}, {"type": "Feature", "geometry": {"type": "Polygon", "coordinates": [[[127.04576235, 37.54635201], [127.04574013, 37.54628074], [127.04545906, 37.54633293], [127.04548016, 37.54640482], [127.04576235, 37.54635201]]]}, "properties": {"name": "진남빌딩", "status": "full", "capacity": 4, "active": 4, "industry": "한식", "vacancy_rate": 0.0, "vacancy_rate_lo": 0.0, "vacancy_rate_hi": 0.0, "stores": 8, "source": "stores+ledger", "capacity_method": "floor_ouln", "active_pip": 0, "licensed": 4, "id": "1120011400106561965-1", "pnu": "1120011400106561965", "floors": 5, "height": 19.85}}, {"type": "Feature", "geometry": {"type": "Polygon", "coordinates": [[[127.0489242, 37.54730373], [127.04865685, 37.54739168], [127.0486511, 37.54742268], [127.04869038, 37.54744437], [127.04895263, 37.54735291], [127.0489242, 37.54730373]]]}, "properties": {"name": "성수동1가 14-1", "status": "full", "capacity": 3, "active": 3, "industry": "세탁", "vacancy_rate": 0.0, "vacancy_rate_lo": 0.0, "vacancy_rate_hi": 33.3, "stores": 5, "source": "stores+ledger", "capacity_method": "floor_ouln", "active_pip": 0, "licensed": 4, "id": "1120011400100140001-1", "pnu": "1120011400100140001", "floors": 3, "height": 0.0}}, {"type": "Feature", "geometry": {"type": "Polygon", "coordinates": [[[127.04786193, 37.54673482], [127.04787246, 37.54674725], [127.04792212, 37.54672732], [127.0479108, 37.54671579], [127.04786193, 37.54673482]]]}, "properties": {"name": "영창디지털타워", "status": "partial", "capacity": 6, "active": 5, "industry": "섬유·의복·신발 소매", "vacancy_rate": 16.7, "vacancy_rate_lo": null, "vacancy_rate_hi": null, "stores": 5, "source": "stores+ledger", "capacity_method": "expos_units", "active_pip": 0, "licensed": 0, "id": "1120011400100080006-4", "pnu": "1120011400100080006", "floors": 0, "height": 0.0}}, {"type": "Feature", "geometry": {"type": "Polygon", "coordinates": [[[127.04805273, 37.54675979], [127.04804163, 37.546747], [127.04797613, 37.54677415], [127.04798553, 37.54678856], [127.04805273, 37.54675979]]]}, "properties": {"name": "영창디지털타워", "status": "partial", "capacity": 6, "active": 5, "industry": "섬유·의복·신발 소매", "vacancy_rate": 16.7, "vacancy_rate_lo": null, "vacancy_rate_hi": null, "stores": 5, "source": "stores+ledger", "capacity_method": "expos_units", "active_pip": 0, "licensed": 0, "id": "1120011400100080006-5", "pnu": "1120011400100080006", "floors": 0, "height": 0.0}}, {"type": "Feature", "geometry": {"type": "Polygon", "coordinates": [[[127.04773209, 37.54666333], [127.0477842, 37.54675729], [127.04801533, 37.54667566], [127.04795553, 37.54658198], [127.04773209, 37.54666333]]]}, "properties": {"name": "영창디지털타워", "status": "partial", "capacity": 6, "active": 5, "industry": "섬유·의복·신발 소매", "vacancy_rate": 16.7, "vacancy_rate_lo": null, "vacancy_rate_hi": null, "stores": 5, "source": "stores+ledger", "capacity_method": "expos_units", "active_pip": 0, "licensed": 0, "id": "1120011400100080006-6", "pnu": "1120011400100080006", "floors": 1, "height": 4.0}}, {"type": "Feature", "geometry": {"type": "Polygon", "coordinates": [[[127.0480355, 37.54742536], [127.0480992, 37.54740795], [127.04810894, 37.54742065], [127.04813846, 37.5474064], [127.04807389, 37.54728948], [127.0479861, 37.54732384], [127.0480355, 37.54742536]]]}, "properties": {"name": "중앙하이츠빌", "status": "high", "capacity": 16, "active": 5, "industry": "기타 간이", "vacancy_rate": 68.8, "vacancy_rate_lo": null, "vacancy_rate_hi": null, "stores": 5, "source": "stores+ledger", "capacity_method": "expos_units", "active_pip": 0, "licensed": 0, "id": "1120011400107150000-7", "pnu": "1120011400107150000", "floors": 2, "height": 8.65}}, {"type": "Feature", "geometry": {"type": "Polygon", "coordinates": [[[127.04880898, 37.54641412], [127.04883947, 37.54631068], [127.04871406, 37.54626388], [127.04865561, 37.54635481], [127.04880898, 37.54641412]]]}, "properties": {"name": "서울숲A타워", "status": "full", "capacity": 21, "active": 21, "industry": "의원", "vacancy_rate": 0.0, "vacancy_rate_lo": null, "vacancy_rate_hi": null, "stores": 21, "source": "stores+ledger", "capacity_method": "expos_units", "active_pip": 0, "licensed": 0, "id": "1120011400106560591-5", "pnu": "1120011400106560591", "floors": 2, "height": 8.0}}, {"type": "Feature", "geometry": {"type": "Polygon", "coordinates": [[[127.0481159, 37.54680446], [127.04807739, 37.54675058], [127.04797388, 37.54679695], [127.0479544, 37.54677046], [127.04780846, 37.54682278], [127.04780189, 37.54681116], [127.04771534, 37.5468448], [127.04776767, 37.54693236], [127.0481159, 37.54680446]]]}, "properties": {"name": "영창디지털타워", "status": "partial", "capacity": 6, "active": 5, "industry": "섬유·의복·신발 소매", "vacancy_rate": 16.7, "vacancy_rate_lo": null, "vacancy_rate_hi": null, "stores": 5, "source": "stores+ledger", "capacity_method": "expos_units", "active_pip": 0, "licensed": 0, "id": "1120011400100080006-7", "pnu": "1120011400100080006", "floors": 1, "height": 4.0}}, {"type": "Feature", "geometry": {"type": "Polygon", "coordinates": [[[127.04849054, 37.54709136], [127.04835398, 37.54714286], [127.04849624, 37.54717217], [127.04850335, 37.54714289], [127.04849054, 37.54709136]]]}, "properties": {"name": "삼일빌딩", "status": "high", "capacity": 3, "active": 1, "industry": "의원", "vacancy_rate": 66.7, "vacancy_rate_lo": 66.7, "vacancy_rate_hi": 66.7, "stores": 1, "source": "stores+ledger", "capacity_method": "floor_ouln", "active_pip": 0, "licensed": 0, "id": "1120011400106560281-1", "pnu": "1120011400106560281", "floors": 0, "height": 0.0}}, {"type": "Feature", "geometry": {"type": "Polygon", "coordinates": [[[127.04866108, 37.54636833], [127.04865298, 37.54638536], [127.04868924, 37.54639661], [127.04869689, 37.54638038], [127.04866108, 37.54636833]]]}, "properties": {"name": "개풍빌딩", "status": "full", "capacity": 5, "active": 5, "industry": "섬유·의복·신발 소매", "vacancy_rate": 0.0, "vacancy_rate_lo": 0.0, "vacancy_rate_hi": 0.0, "stores": 8, "source": "stores+ledger", "capacity_method": "floor_ouln", "active_pip": 0, "licensed": 2, "id": "1120011400106560766-1", "pnu": "1120011400106560766", "floors": 0, "height": 0.0}}, {"type": "Feature", "geometry": {"type": "Polygon", "coordinates": [[[127.04857122, 37.54623663], [127.04870015, 37.5462847], [127.04871962, 37.54625299], [127.04858795, 37.54620437], [127.04857122, 37.54623663]]]}, "properties": {"name": "서울숲A타워", "status": "full", "capacity": 21, "active": 21, "industry": "의원", "vacancy_rate": 0.0, "vacancy_rate_lo": null, "vacancy_rate_hi": null, "stores": 21, "source": "stores+ledger", "capacity_method": "expos_units", "active_pip": 0, "licensed": 0, "id": "1120011400106560591-6", "pnu": "1120011400106560591", "floors": 0, "height": 0.0}}, {"type": "Feature", "geometry": {"type": "Polygon", "coordinates": [[[127.04827242, 37.5464785], [127.048262, 37.54646355], [127.0482387, 37.54647184], [127.04824787, 37.54648797], [127.04827242, 37.5464785]]]}, "properties": {"name": "개풍빌딩", "status": "full", "capacity": 5, "active": 5, "industry": "섬유·의복·신발 소매", "vacancy_rate": 0.0, "vacancy_rate_lo": 0.0, "vacancy_rate_hi": 0.0, "stores": 8, "source": "stores+ledger", "capacity_method": "floor_ouln", "active_pip": 0, "licensed": 2, "id": "1120011400106560766-2", "pnu": "1120011400106560766", "floors": 0, "height": 0.0}}, {"type": "Feature", "geometry": {"type": "Polygon", "coordinates": [[[127.04771402, 37.54743712], [127.0477576, 37.54745107], [127.04777885, 37.54741511], [127.04773957, 37.54740098], [127.04771402, 37.54743712]]]}, "properties": {"name": "중앙하이츠빌", "status": "high", "capacity": 16, "active": 5, "industry": "기타 간이", "vacancy_rate": 68.8, "vacancy_rate_lo": null, "vacancy_rate_hi": null, "stores": 5, "source": "stores+ledger", "capacity_method": "expos_units", "active_pip": 0, "licensed": 0, "id": "1120011400107150000-8", "pnu": "1120011400107150000", "floors": 1, "height": 3.52}}, {"type": "Feature", "geometry": {"type": "Polygon", "coordinates": [[[127.04850734, 37.54718568], [127.04855589, 37.54719584], [127.04857588, 37.54712529], [127.04852823, 37.54711774], [127.04850734, 37.54718568]]]}, "properties": {"name": "삼일빌딩", "status": "high", "capacity": 3, "active": 1, "industry": "의원", "vacancy_rate": 66.7, "vacancy_rate_lo": 66.7, "vacancy_rate_hi": 66.7, "stores": 1, "source": "stores+ledger", "capacity_method": "floor_ouln", "active_pip": 0, "licensed": 0, "id": "1120011400106560281-2", "pnu": "1120011400106560281", "floors": 0, "height": 0.0}}, {"type": "Feature", "geometry": {"type": "Polygon", "coordinates": [[[127.04864875, 37.54660251], [127.0485222, 37.54636153], [127.04844821, 37.54638869], [127.0484762, 37.54644553], [127.04828172, 37.54650498], [127.04830325, 37.54655795], [127.04817077, 37.54660026], [127.04824011, 37.54673818], [127.04864875, 37.54660251]]]}, "properties": {"name": "개풍빌딩", "status": "full", "capacity": 5, "active": 5, "industry": "섬유·의복·신발 소매", "vacancy_rate": 0.0, "vacancy_rate_lo": 0.0, "vacancy_rate_hi": 0.0, "stores": 8, "source": "stores+ledger", "capacity_method": "floor_ouln", "active_pip": 0, "licensed": 2, "id": "1120011400106560766-3", "pnu": "1120011400106560766", "floors": 10, "height": 40.3}}, {"type": "Feature", "geometry": {"type": "Polygon", "coordinates": [[[127.04851717, 37.54733209], [127.04855748, 37.54720089], [127.0483188, 37.54714991], [127.04831259, 37.54718144], [127.04829177, 37.54718055], [127.04827036, 37.54714587], [127.04814976, 37.54719142], [127.04816381, 37.54721394], [127.04814005, 37.54722557], [127.04818615, 37.54730124], [127.04825822, 37.54727652], [127.04824145, 37.54724697], [127.04828559, 37.54725119], [127.04827973, 37.54728814], [127.04851717, 37.54733209]]]}, "properties": {"name": "삼일빌딩", "status": "high", "capacity": 3, "active": 1, "industry": "의원", "vacancy_rate": 66.7, "vacancy_rate_lo": 66.7, "vacancy_rate_hi": 66.7, "stores": 1, "source": "stores+ledger", "capacity_method": "floor_ouln", "active_pip": 0, "licensed": 0, "id": "1120011400106560281-3", "pnu": "1120011400106560281", "floors": 10, "height": 47.6}}]}