{"type": "FeatureCollection", "district": "noryangjin", "features": [{"type": "Feature", "geometry": {"type": "Polygon", "coordinates": [[[126.93638798, 37.51024223], [126.93634744, 37.51032077], [126.93642235, 37.51034756], [126.93646182, 37.51026762], [126.93638798, 37.51024223]]]}, "properties": {"name": "노량진동 289-56", "status": "empty", "capacity": 1, "active": 0, "industry": "", "vacancy_rate": 100.0, "source": "polygon_only", "capacity_method": "floor_approx", "active_pip": 0, "licensed": 0, "id": "1159010100102890056-1", "pnu": "1159010100102890056", "floors": 1, "height": 0.0}}, {"type": "Feature", "geometry": {"type": "Polygon", "coordinates": [[[126.93504356, 37.50909103], [126.93500006, 37.50910931], [126.93494437, 37.50913265], [126.9349606, 37.50916588], [126.93500003, 37.50914845], [126.93506332, 37.50912005], [126.93504356, 37.50909103]]]}, "properties": {"name": "노량진동 294-213", "status": "empty", "capacity": 2, "active": 0, "industry": "", "vacancy_rate": 100.0, "source": "polygon_only", "capacity_method": "floor_approx", "active_pip": 0, "licensed": 0, "id": "1159010100102940213-1", "pnu": "1159010100102940213", "floors": 2, "height": 0.0}}, {"type": "Feature", "geometry": {"type": "Polygon", "coordinates": [[[126.93527493, 37.5094448], [126.93526921, 37.50952223], [126.93540333, 37.50952878], [126.93541894, 37.50946093], [126.93537866, 37.50945978], [126.93537902, 37.50944937], [126.93527493, 37.5094448]]]}, "properties": {"name": "노량진동 294-155", "status": "partial", "capacity": 2, "active": 1, "industry": "", "vacancy_rate": 50.0, "source": "pip_only", "capacity_method": "floor_approx", "active_pip": 1, "licensed": 0, "id": "1159010100102940155-1", "pnu": "1159010100102940155", "floors": 2, "height": 0.0}}, {"type": "Feature", "geometry": {"type": "Polygon", "coordinates": [[[126.93504961, 37.50944017], [126.93499995, 37.50944015], [126.93499572, 37.50944014], [126.93499282, 37.50952686], [126.93499599, 37.50952686], [126.93499523, 37.50958825], [126.935, 37.50958825], [126.93506751, 37.50958941], [126.93506768, 37.50958632], [126.93514597, 37.50958692], [126.93514597, 37.50959058], [126.93520624, 37.50959061], [126.93520558, 37.50953571], [126.93521088, 37.50953515], [126.93521237, 37.50945321], [126.93504942, 37.50944946], [126.93504961, 37.50944017]]]}, "properties": {"name": "노량진동 294-155", "status": "high", "capacity": 4, "active": 1, "industry": "", "vacancy_rate": 75.0, "source": "pip_only", "capacity_method": "floor_approx", "active_pip": 1, "licensed": 0, "id": "1159010100102940155-2", "pnu": "1159010100102940155", "floors": 4, "height": 0.0}}, {"type": "Feature", "geometry": {"type": "Polygon", "coordinates": [[[126.93648478, 37.50965578], [126.93637163, 37.50971345], [126.9363891, 37.50974358], [126.9363967, 37.5097405], [126.93641153, 37.50976669], [126.93648908, 37.50979799], [126.9365522, 37.50976845], [126.93648478, 37.50965578]]]}, "properties": {"name": "노량진동 292-13", "status": "empty", "capacity": 3, "active": 0, "industry": "", "vacancy_rate": 100.0, "source": "polygon_only", "capacity_method": "floor_approx", "active_pip": 0, "licensed": 0, "id": "1159010100102920013-1", "pnu": "1159010100102920013", "floors": 3, "height": 0.0}}, {"type": "Feature", "geometry": {"type": "Polygon", "coordinates": [[[126.93573297, 37.50947461], [126.93572476, 37.50958413], [126.93585023, 37.50959153], [126.9358565, 37.50948172], [126.93573297, 37.50947461]]]}, "properties": {"name": "노량진동 294-29", "status": "empty", "capacity": 2, "active": 0, "industry": "", "vacancy_rate": 100.0, "source": "polygon_only", "capacity_method": "floor_approx", "active_pip": 0, "licensed": 0, "id": "1159010100102940029-1", "pnu": "1159010100102940029", "floors": 2, "height": 0.0}}, {"type": "Feature", "geometry": {"type": "Polygon", "coordinates": [[[126.93479872, 37.50978157], [126.93479872, 37.50978467], [126.93478104, 37.50978466], [126.93476823, 37.50988151], [126.93488681, 37.50988862], [126.93489165, 37.50981006], [126.93488193, 37.50980978], [126.93488248, 37.50978697], [126.93482947, 37.50978582], [126.93482947, 37.50978244], [126.93479872, 37.50978157]]]}, "properties": {"name": "대방동 44-124", "status": "empty", "capacity": 4, "active": 0, "industry": "", "vacancy_rate": 100.0, "source": "polygon_only", "capacity_method": "floor_approx", "active_pip": 0, "licensed": 0, "id": "1159010800100440124-1", "pnu": "1159010800100440124", "floors": 4, "height": 12.3}}, {"type": "Feature", "geometry": {"type": "Polygon", "coordinates": [[[126.93495375, 37.51010195], [126.93500617, 37.51010021], [126.93500872, 37.51009977], [126.93501126, 37.51009889], [126.93501336, 37.51009739], [126.93501481, 37.5100944], [126.93501547, 37.51009149], [126.93501547, 37.5100893], [126.93501434, 37.51006988], [126.93504265, 37.51006883], [126.93503649, 37.50997727], [126.9349469, 37.50997989], [126.93495375, 37.51010195]]]}, "properties": {"name": "노량진동 294-170", "status": "empty", "capacity": 4, "active": 0, "industry": "", "vacancy_rate": 100.0, "source": "polygon_only", "capacity_method": "floor_approx", "active_pip": 0, "licensed": 0, "id": "1159010100102940170-1", "pnu": "1159010100102940170", "floors": 4, "height": 14.05}}, {"type": "Feature", "geometry": {"type": "Polygon", "coordinates": [[[126.93726003, 37.50823402], [126.9371124, 37.50831503], [126.93715866, 37.50836377], [126.93729834, 37.50828669], [126.93729551, 37.50828219], [126.93730117, 37.50827656], [126.93726003, 37.50823402]]]}, "properties": {"name": "노량진동 302-291", "status": "empty", "capacity": 4, "active": 0, "industry": "", "vacancy_rate": 100.0, "source": "polygon_only", "capacity_method": "floor_approx", "active_pip": 0, "licensed": 0, "id": "1159010100103020291-1", "pnu": "1159010100103020291", "floors": 4, "height": 0.0}}, {"type": "Feature", "geometry": {"type": "Polygon", "coordinates": [[[126.93734866, 37.5093958], [126.93728926, 37.50941914], [126.93734098, 37.50950195], [126.93738075, 37.50948676], [126.93737298, 37.50947437], [126.93737864, 37.50947127], [126.93736329, 37.50944424], [126.93737371, 37.50943805], [126.93734866, 37.5093958]]]}, "properties": {"name": "노량진동 302-215", "status": "empty", "capacity": 3, "active": 0, "industry": "", "vacancy_rate": 100.0, "source": "polygon_only", "capacity_method": "floor_approx", "active_pip": 0, "licensed": 0, "id": "1159010100103020215-1", "pnu": "1159010100103020215", "floors": 3, "height": 0.0}}, {"type": "Feature", "geometry": {"type": "Polygon", "coordinates": [[[126.93710888, 37.50955926], [126.93707635, 37.50957136], [126.93707477, 37.50956798], [126.93699592, 37.50959721], [126.93704482, 37.50966989], [126.9371463, 37.50963108], [126.93713306, 37.50960687], [126.93713854, 37.50960208], [126.93710888, 37.50955926]]]}, "properties": {"name": "노량진동 297-1", "status": "full", "capacity": 1, "active": 1, "industry": "기타 보건", "vacancy_rate": 0.0, "vacancy_rate_lo": null, "vacancy_rate_hi": null, "stores": 1, "source": "stores+ledger", "capacity_method": "floor_ouln", "active_pip": 0, "licensed": 1, "id": "1159010100102970001-1", "pnu": "1159010100102970001", "floors": 3, "height": 0.0}}, {"type": "Feature", "geometry": {"type": "Polygon", "coordinates": [[[126.9372878, 37.50843817], [126.93728671, 37.50846295], [126.93725295, 37.5084635], [126.93725015, 37.50863694], [126.93738499, 37.50863925], [126.93738577, 37.50854466], [126.93747025, 37.50854554], [126.93746953, 37.50857061], [126.93752749, 37.5085712], [126.93753144, 37.50850418], [126.93751429, 37.50850361], [126.93751449, 37.50846701], [126.93750796, 37.50846672], [126.93750142, 37.508467], [126.93749418, 37.50846756], [126.93746748, 37.50847966], [126.93744486, 37.50847908], [126.93744418, 37.50845262], [126.93740476, 37.50845203], [126.93740208, 37.50849708], [126.9373936, 37.50849679], [126.93738672, 37.50848299], [126.93736447, 37.50845876], [126.93734999, 37.50845172], [126.93734469, 37.50845059], [126.93733179, 37.50844523], [126.9373249, 37.50844269], [126.9373113, 37.50843987], [126.9372878, 37.50843817]]]}, "properties": {"name": "노량진동 302-97", "status": "empty", "capacity": 2, "active": 0, "industry": "", "vacancy_rate": 100.0, "source": "polygon_only", "capacity_method": "floor_approx", "active_pip": 0, "licensed": 0, "id": "1159010100103020097-1", "pnu": "1159010100103020097", "floors": 2, "height": 10.2}}, {"type": "Feature", "geometry": {"type": "Polygon", "coordinates": [[[126.93752194, 37.50802384], [126.93739753, 37.50802658], [126.93739903, 37.50811725], [126.937583, 37.50811679], [126.93758025, 37.50802752], [126.93752194, 37.50802834], [126.93752194, 37.50802384]]]}, "properties": {"name": "노량진동 302-45", "status": "empty", "capacity": 4, "active": 0, "industry": "", "vacancy_rate": 100.0, "source": "polygon_only", "capacity_method": "floor_approx", "active_pip": 0, "licensed": 0, "id": "1159010100103020045-1", "pnu": "1159010100103020045", "floors": 4, "height": 0.0}}, {"type": "Feature", "geometry": {"type": "Polygon", "coordinates": [[[126.93813679, 37.50818155], [126.93814187, 37.50824631], [126.93827069, 37.50825089], [126.93827199, 37.50818472], [126.93813679, 37.50818155]]]}, "properties": {"name": "노량진동 302-267", "status": "empty", "capacity": 2, "active": 0, "industry": "", "vacancy_rate": 100.0, "source": "polygon_only", "capacity_method": "floor_approx", "active_pip": 0, "licensed": 0, "id": "1159010100103020267-1", "pnu": "1159010100103020267", "floors": 2, "height": 0.0}}, {"type": "Feature", "geometry": {"type": "Polygon", "coordinates": [[[126.93950567, 37.50819944], [126.93939487, 37.50820135], [126.93939447, 37.50825316], [126.93938738, 37.50828412], [126.93936809, 37.50832157], [126.93923586, 37.50858561], [126.93927543, 37.50859914], [126.93950251, 37.50860235], [126.93950567, 37.50819944]]]}, "properties": {"name": "노량진동 307-9", "status": "full", "capacity": 2, "active": 2, "industry": "", "vacancy_rate": 0.0, "source": "pip_only", "capacity_method": "floor_approx", "active_pip": 2, "licensed": 1, "id": "1159010100103070009-1", "pnu": "1159010100103070009", "floors": 1, "height": 0.0}}, {"type": "Feature", "geometry": {"type": "Polygon", "coordinates": [[[126.9391569, 37.50874634], [126.93915584, 37.50874831], [126.93917471, 37.50880407], [126.93923215, 37.50880016], [126.93948079, 37.50880281], [126.93948154, 37.5087541], [126.93949781, 37.50875382], [126.93950268, 37.50860319], [126.93927666, 37.50860224], [126.93923514, 37.50858701], [126.9391569, 37.50874634]]]}, "properties": {"name": "노량진동 307-9", "status": "full", "capacity": 2, "active": 2, "industry": "", "vacancy_rate": 0.0, "source": "pip_only", "capacity_method": "floor_approx", "active_pip": 2, "licensed": 1, "id": "1159010100103070009-2", "pnu": "1159010100103070009", "floors": 0, "height": 0.0}}, {"type": "Feature", "geometry": {"type": "Polygon", "coordinates": [[[126.9389064, 37.50820053], [126.9388254, 37.50826835], [126.93885402, 37.50827879], [126.9389597, 37.50829827], [126.93897443, 37.50820424], [126.9389064, 37.50820053]]]}, "properties": {"name": "노량진동 306-14", "status": "empty", "capacity": 2, "active": 0, "industry": "", "vacancy_rate": 100.0, "source": "polygon_only", "capacity_method": "floor_approx", "active_pip": 0, "licensed": 0, "id": "1159010100103060014-1", "pnu": "1159010100103060014", "floors": 2, "height": 0.0}}, {"type": "Feature", "geometry": {"type": "Polygon", "coordinates": [[[126.93900979, 37.50885832], [126.93899857, 37.50895208], [126.93906978, 37.50896084], [126.93907635, 37.5089248], [126.93905904, 37.50892058], [126.93906404, 37.50886173], [126.93900979, 37.50885832]]]}, "properties": {"name": "노량진동 305-17", "status": "empty", "capacity": 1, "active": 0, "industry": "", "vacancy_rate": 100.0, "source": "polygon_only", "capacity_method": "floor_approx", "active_pip": 0, "licensed": 0, "id": "1159010100103050017-1", "pnu": "1159010100103050017", "floors": 1, "height": 0.0}}, {"type": "Feature", "geometry": {"type": "Polygon", "coordinates": [[[126.93926461, 37.50820747], [126.93925287, 37.50830432], [126.93934653, 37.50830972], [126.93934635, 37.50831789], [126.93936738, 37.50831987], [126.93938809, 37.50827314], [126.93938885, 37.50821176], [126.93926461, 37.50820747]]]}, "properties": {"name": "노량진동 306-5", "status": "full", "capacity": 1, "active": 1, "industry": "섬유·의복·신발 소매", "vacancy_rate": 0.0, "vacancy_rate_lo": null, "vacancy_rate_hi": null, "stores": 1, "source": "stores+ledger", "capacity_method": "floor_ouln", "active_pip": 0, "licensed": 0, "id": "1159010100103060005-1", "pnu": "1159010100103060005", "floors": 1, "height": 0.0}}, {"type": "Feature", "geometry": {"type": "Polygon", "coordinates": [[[126.93913655, 37.50900424], [126.93911583, 37.50905238], [126.93914322, 37.50905915], [126.93911931, 37.50912221], [126.93921207, 37.50914506], [126.93925493, 37.50903358], [126.93913655, 37.50900424]]]}, "properties": {"name": "노량진동 307-42", "status": "empty", "capacity": 3, "active": 0, "industry": "", "vacancy_rate": 100.0, "source": "polygon_only", "capacity_method": "floor_approx", "active_pip": 0, "licensed": 0, "id": "1159010100103070042-1", "pnu": "1159010100103070042", "floors": 3, "height": 9.7}}, {"type": "Feature", "geometry": {"type": "Polygon", "coordinates": [[[126.93905568, 37.50804913], [126.93905578, 37.50813078], [126.93916465, 37.50813168], [126.93918658, 37.50811114], [126.93918345, 37.50804948], [126.93905568, 37.50804913]]]}, "properties": {"name": "노량진동 313-72", "status": "empty", "capacity": 4, "active": 0, "industry": "", "vacancy_rate": 100.0, "source": "polygon_only", "capacity_method": "floor_approx", "active_pip": 0, "licensed": 0, "id": "1159010100103130072-1", "pnu": "1159010100103130072", "floors": 4, "height": 11.7}}, {"type": "Feature", "geometry": {"type": "Polygon", "coordinates": [[[126.93905325, 37.50821357], [126.93904667, 37.50827156], [126.93902299, 37.50827127], [126.93901887, 37.5083228], [126.93918305, 37.50833132], [126.93919127, 37.50821757], [126.93905325, 37.50821357]]]}, "properties": {"name": "노량진동 306-10", "status": "full", "capacity": 2, "active": 2, "industry": "종합 소매", "vacancy_rate": 0.0, "vacancy_rate_lo": null, "vacancy_rate_hi": null, "stores": 2, "source": "stores+ledger", "capacity_method": "floor_ouln", "active_pip": 0, "licensed": 0, "id": "1159010100103060010-1", "pnu": "1159010100103060010", "floors": 2, "height": 0.0}}, {"type": "Feature", "geometry": {"type": "Polygon", "coordinates": [[[126.93862645, 37.5080185], [126.93864367, 37.50813339], [126.93875465, 37.5081326], [126.93875457, 37.50801942], [126.93862645, 37.5080185]]]}, "properties": {"name": "노량진동 313-113", "status": "empty", "capacity": 3, "active": 0, "industry": "", "vacancy_rate": 100.0, "source": "polygon_only", "capacity_method": "floor_approx", "active_pip": 0, "licensed": 0, "id": "1159010100103130113-1", "pnu": "1159010100103130113", "floors": 3, "height": 0.0}}, {"type": "Feature", "geometry": {"type": "Polygon", "coordinates": [[[126.93772504, 37.50816782], [126.93761282, 37.50816861], [126.93760869, 37.50826293], [126.93770942, 37.50826241], [126.93772468, 37.5081788], [126.93772504, 37.50816782]]]}, "properties": {"name": "노량진동 302-173", "status": "full", "capacity": 2, "active": 2, "industry": "섬유·의복·신발 소매", "vacancy_rate": 0.0, "vacancy_rate_lo": null, "vacancy_rate_hi": null, "stores": 2, "source": "stores+ledger", "capacity_method": "floor_ouln", "active_pip": 0, "licensed": 1, "id": "1159010100103020173-1", "pnu": "1159010100103020173", "floors": 2, "height": 0.0}}, {"type": "Feature", "geometry": {"type": "Polygon", "coordinates": [[[126.93724698, 37.50946389], [126.93720544, 37.50948752], [126.93720226, 37.50948104], [126.93716919, 37.50950186], [126.93716672, 37.50951002], [126.93714477, 37.50953929], [126.9371354, 37.50954463], [126.93718079, 37.50959224], [126.9371868, 37.50958943], [126.93719634, 37.50959929], [126.9372881, 37.50954585], [126.93724698, 37.50946389]]]}, "properties": {"name": "노량진동 297-5", "status": "full", "capacity": 1, "active": 1, "industry": "종합 소매", "vacancy_rate": 0.0, "vacancy_rate_lo": null, "vacancy_rate_hi": null, "stores": 1, "source": "stores+ledger", "capacity_method": "floor_ouln", "active_pip": 0, "licensed": 1, "id": "1159010100102970005-1", "pnu": "1159010100102970005", "floors": 4, "height": 0.0}}, {"type": "Feature", "geometry": {"type": "Polygon", "coordinates": [[[126.93671647, 37.50965507], [126.93664099, 37.50968178], [126.9366341, 37.50967051], [126.93657471, 37.50969018], [126.93659218, 37.50971722], [126.93660049, 37.50971413], [126.93663384, 37.50977131], [126.93675654, 37.50972745], [126.93671647, 37.50965507]]]}, "properties": {"name": "노량진동 292-7", "status": "empty", "capacity": 4, "active": 0, "industry": "", "vacancy_rate": 100.0, "source": "polygon_only", "capacity_method": "floor_approx", "active_pip": 0, "licensed": 0, "id": "1159010100102920007-1", "pnu": "1159010100102920007", "floors": 4, "height": 0.0}}, {"type": "Feature", "geometry": {"type": "Polygon", "coordinates": [[[126.93900396, 37.50906977], [126.93895263, 37.5091607], [126.93899503, 37.50917507], [126.93902582, 37.50912018], [126.93904897, 37.50912639], [126.93905604, 37.5091216], [126.93906206, 37.50912189], [126.93907868, 37.50909853], [126.93907798, 37.50909403], [126.93900396, 37.50906977]]]}, "properties": {"name": "노량진동 305-7", "status": "empty", "capacity": 1, "active": 0, "industry": "", "vacancy_rate": 100.0, "source": "polygon_only", "capacity_method": "floor_approx", "active_pip": 0, "licensed": 0, "id": "1159010100103050007-1", "pnu": "1159010100103050007", "floors": 1, "height": 0.0}}, {"type": "Feature", "geometry": {"type": "Polygon", "coordinates": [[[126.93654973, 37.50997709], [126.93653522, 37.50999989], [126.93650566, 37.5100469], [126.93659454, 37.5100675], [126.93660623, 37.51003597], [126.93660111, 37.51003399], [126.93661351, 37.50999993], [126.93661635, 37.50999205], [126.93654973, 37.50997709]]]}, "properties": {"name": "노량진동 289-23", "status": "full", "capacity": 1, "active": 1, "industry": "식료품 소매", "vacancy_rate": 0.0, "vacancy_rate_lo": null, "vacancy_rate_hi": null, "stores": 1, "source": "stores+ledger", "capacity_method": "floor_ouln", "active_pip": 0, "licensed": 0, "id": "1159010100102890023-1", "pnu": "1159010100102890023", "floors": 2, "height": 0.0}}, {"type": "Feature", "geometry": {"type": "Polygon", "coordinates": [[[126.93700722, 37.50981881], [126.93692912, 37.50981511], [126.936927, 37.50982074], [126.93693177, 37.5098213], [126.93690536, 37.50989591], [126.93701845, 37.50991765], [126.93703476, 37.50986866], [126.93701196, 37.50986443], [126.93702137, 37.50982727], [126.93700599, 37.50982304], [126.93700722, 37.50981881]]]}, "properties": {"name": "노량진동 289-41", "status": "empty", "capacity": 2, "active": 0, "industry": "", "vacancy_rate": 100.0, "source": "polygon_only", "capacity_method": "floor_approx", "active_pip": 0, "licensed": 0, "id": "1159010100102890041-1", "pnu": "1159010100102890041", "floors": 2, "height": 0.0}}, {"type": "Feature", "geometry": {"type": "Polygon", "coordinates": [[[126.93899505, 37.50806007], [126.93895123, 37.5080609], [126.93895105, 37.5080671], [126.93885862, 37.50806902], [126.93885892, 37.50813097], [126.93899658, 37.50813413], [126.93899505, 37.50806007]]]}, "properties": {"name": "노량진동 313-94", "status": "empty", "capacity": 2, "active": 0, "industry": "", "vacancy_rate": 100.0, "source": "polygon_only", "capacity_method": "floor_approx", "active_pip": 0, "licensed": 0, "id": "1159010100103130094-1", "pnu": "1159010100103130094", "floors": 2, "height": 0.0}}, {"type": "Feature", "geometry": {"type": "Polygon", "coordinates": [[[126.93586064, 37.51042074], [126.93582732, 37.51053955], [126.9358904, 37.51055365], [126.93589802, 37.5105272], [126.93588848, 37.51052465], [126.93591931, 37.51042781], [126.93586064, 37.51042074]]]}, "properties": {"name": "노량진동 287-3", "status": "partial", "capacity": 2, "active": 1, "industry": "이용·미용", "vacancy_rate": 50.0, "vacancy_rate_lo": null, "vacancy_rate_hi": null, "stores": 1, "source": "stores+ledger", "capacity_method": "floor_ouln", "active_pip": 0, "licensed": 0, "id": "1159010100102870003-1", "pnu": "1159010100102870003", "floors": 0, "height": 0.0}}, {"type": "Feature", "geometry": {"type": "Polygon", "coordinates": [[[126.93580916, 37.51234351], [126.935713, 37.51235782], [126.93575041, 37.51244822], [126.93576839, 37.51248456], [126.93583504, 37.51246911], [126.93580916, 37.51234351]]]}, "properties": {"name": "노량진동 271-25", "status": "full", "capacity": 2, "active": 2, "industry": "이용·미용", "vacancy_rate": 0.0, "vacancy_rate_lo": null, "vacancy_rate_hi": null, "stores": 2, "source": "stores+ledger", "capacity_method": "floor_ouln", "active_pip": 0, "licensed": 0, "id": "1159010100102710025-1", "pnu": "1159010100102710025", "floors": 3, "height": 11.7}}, {"type": "Feature", "geometry": {"type": "Polygon", "coordinates": [[[126.93506505, 37.51181996], [126.93506151, 37.51182952], [126.93505019, 37.51182981], [126.93504978, 37.51189007], [126.93519063, 37.51189323], [126.93519069, 37.51182425], [126.93506505, 37.51181996]]]}, "properties": {"name": "노량진동 270-3", "status": "partial", "capacity": 2, "active": 1, "industry": "한식", "vacancy_rate": 50.0, "vacancy_rate_lo": null, "vacancy_rate_hi": null, "stores": 1, "source": "stores+ledger", "capacity_method": "floor_ouln", "active_pip": 0, "licensed": 0, "id": "1159010100102700003-1", "pnu": "1159010100102700003", "floors": 2, "height": 7.0}}, {"type": "Feature", "geometry": {"type": "Polygon", "coordinates": [[[126.935007, 37.51212627], [126.93500009, 37.51213415], [126.93498736, 37.51214879], [126.93500007, 37.5121578], [126.93501032, 37.51216541], [126.93503473, 37.51214065], [126.935007, 37.51212627]]]}, "properties": {"name": "노량진동 270-2", "status": "full", "capacity": 3, "active": 3, "industry": "", "vacancy_rate": 0.0, "source": "pip_only", "capacity_method": "floor_approx", "active_pip": 3, "licensed": 0, "id": "1159010100102700002-1", "pnu": "1159010100102700002", "floors": 0, "height": 0.0}}, {"type": "Feature", "geometry": {"type": "Polygon", "coordinates": [[[126.93488167, 37.51194741], [126.93478986, 37.51204675], [126.9349022, 37.51211185], [126.93489087, 37.51212508], [126.93491154, 37.5121372], [126.93490128, 37.51214817], [126.93497318, 37.51218792], [126.93499831, 37.5121609], [126.93498206, 37.51214878], [126.9350001, 37.51212908], [126.93505351, 37.51207111], [126.935, 37.51203983], [126.93490178, 37.51198261], [126.9349147, 37.51196685], [126.93488167, 37.51194741]]]}, "properties": {"name": "노량진동 270-2", "status": "full", "capacity": 3, "active": 3, "industry": "", "vacancy_rate": 0.0, "source": "pip_only", "capacity_method": "floor_approx", "active_pip": 3, "licensed": 0, "id": "1159010100102700002-2", "pnu": "1159010100102700002", "floors": 2, "height": 0.0}}, {"type": "Feature", "geometry": {"type": "Polygon", "coordinates": [[[126.93419365, 37.51195632], [126.93413583, 37.5119836], [126.93410758, 37.51195627], [126.93407912, 37.51197146], [126.93412608, 37.51202723], [126.93421007, 37.51198027], [126.93419365, 37.51195632]]]}, "properties": {"name": "대방동 45-7", "status": "empty", "capacity": 1, "active": 0, "industry": "", "vacancy_rate": 100.0, "source": "polygon_only", "capacity_method": "floor_approx", "active_pip": 0, "licensed": 0, "id": "1159010800100450007-1", "pnu": "1159010800100450007", "floors": 1, "height": 0.0}}, {"type": "Feature", "geometry": {"type": "Polygon", "coordinates": [[[126.936208, 37.51219703], [126.93617843, 37.51226544], [126.93627649, 37.51229112], [126.93627896, 37.51228549], [126.93632067, 37.51229648], [126.93634422, 37.51224188], [126.93625605, 37.51221902], [126.93625872, 37.5122103], [126.936208, 37.51219703]]]}, "properties": {"name": "노량진동 277-2", "status": "empty", "capacity": 2, "active": 0, "industry": "", "vacancy_rate": 100.0, "source": "polygon_only", "capacity_method": "floor_approx", "active_pip": 0, "licensed": 0, "id": "1159010100102770002-1", "pnu": "1159010100102770002", "floors": 2, "height": 0.0}}, {"type": "Feature", "geometry": {"type": "Polygon", "coordinates": [[[126.93614231, 37.51067628], [126.93614302, 37.51067458], [126.93612782, 37.51067232], [126.93614892, 37.51058758], [126.93608392, 37.51053771], [126.93604025, 37.51057683], [126.93597705, 37.51070406], [126.9361253, 37.51073173], [126.93612919, 37.51072244], [126.93613343, 37.51072385], [126.93614407, 37.51068444], [126.9361393, 37.51068444], [126.93614231, 37.51067628]]]}, "properties": {"name": "노량진동 284-5", "status": "partial", "capacity": 2, "active": 1, "industry": "이용·미용", "vacancy_rate": 50.0, "vacancy_rate_lo": null, "vacancy_rate_hi": null, "stores": 1, "source": "stores+ledger", "capacity_method": "floor_ouln", "active_pip": 0, "licensed": 0, "id": "1159010100102840005-1", "pnu": "1159010100102840005", "floors": 3, "height": 0.0}}, {"type": "Feature", "geometry": {"type": "Polygon", "coordinates": [[[126.93614231, 37.51067628], [126.93616737, 37.51072274], [126.93623809, 37.51068027], [126.93620826, 37.51064196], [126.93614231, 37.51067628]]]}, "properties": {"name": "노량진동 284-5", "status": "partial", "capacity": 2, "active": 1, "industry": "이용·미용", "vacancy_rate": 50.0, "vacancy_rate_lo": null, "vacancy_rate_hi": null, "stores": 1, "source": "stores+ledger", "capacity_method": "floor_ouln", "active_pip": 0, "licensed": 0, "id": "1159010100102840005-2", "pnu": "1159010100102840005", "floors": 0, "height": 0.0}}, {"type": "Feature", "geometry": {"type": "Polygon", "coordinates": [[[126.9362346, 37.51042292], [126.93615253, 37.51049579], [126.93615483, 37.51049946], [126.93615218, 37.51050114], [126.93615764, 37.51051157], [126.93616065, 37.51051044], [126.93616348, 37.51051523], [126.93622159, 37.51055553], [126.93631603, 37.51047785], [126.93628512, 37.51045335], [126.93627856, 37.51045813], [126.9362346, 37.51042292]]]}, "properties": {"name": "노량진동 289-88", "status": "full", "capacity": 2, "active": 2, "industry": "종합 소매", "vacancy_rate": 0.0, "vacancy_rate_lo": null, "vacancy_rate_hi": null, "stores": 2, "source": "stores+ledger", "capacity_method": "floor_ouln", "active_pip": 0, "licensed": 0, "id": "1159010100102890088-1", "pnu": "1159010100102890088", "floors": 4, "height": 0.0}}, {"type": "Feature", "geometry": {"type": "Polygon", "coordinates": [[[126.93599612, 37.51216538], [126.93600531, 37.51216426], [126.93598436, 37.51207189], [126.93596281, 37.51205809], [126.93585818, 37.51206733], [126.93588406, 37.51217969], [126.93599612, 37.51216538]]]}, "properties": {"name": "노량진동 275-1", "status": "partial", "capacity": 2, "active": 1, "industry": "오락용품 소매", "vacancy_rate": 50.0, "vacancy_rate_lo": null, "vacancy_rate_hi": null, "stores": 1, "source": "stores+ledger", "capacity_method": "floor_ouln", "active_pip": 0, "licensed": 0, "id": "1159010100102750001-1", "pnu": "1159010100102750001", "floors": 5, "height": 15.95}}, {"type": "Feature", "geometry": {"type": "Polygon", "coordinates": [[[126.9348588, 37.51243534], [126.93485469, 37.51247926], [126.93491637, 37.5124838], [126.93491903, 37.51247621], [126.93494307, 37.51247622], [126.93495402, 37.51246693], [126.93494749, 37.51246214], [126.9349521, 37.51245876], [126.93495741, 37.51243737], [126.9348588, 37.51243534]]]}, "properties": {"name": "노량진동 267-26", "status": "partial", "capacity": 2, "active": 1, "industry": "비알코올 ", "vacancy_rate": 50.0, "vacancy_rate_lo": null, "vacancy_rate_hi": null, "stores": 1, "source": "stores+ledger", "capacity_method": "floor_ouln", "active_pip": 0, "licensed": 1, "id": "1159010100102670026-1", "pnu": "1159010100102670026", "floors": 2, "height": 6.9}}, {"type": "Feature", "geometry": {"type": "Polygon", "coordinates": [[[126.93548716, 37.51233883], [126.93544239, 37.51239793], [126.93560529, 37.51246673], [126.93562847, 37.51243323], [126.93561911, 37.51242787], [126.93562352, 37.51242365], [126.93548716, 37.51233883]]]}, "properties": {"name": "노량진동 271-5", "status": "full", "capacity": 4, "active": 4, "industry": "철물·건설자재 소매", "vacancy_rate": 0.0, "vacancy_rate_lo": null, "vacancy_rate_hi": null, "stores": 4, "source": "stores+ledger", "capacity_method": "floor_ouln", "active_pip": 0, "licensed": 1, "id": "1159010100102710005-1", "pnu": "1159010100102710005", "floors": 3, "height": 8.6}}, {"type": "Feature", "geometry": {"type": "Polygon", "coordinates": [[[126.93572665, 37.51191128], [126.93558985, 37.51192668], [126.93558897, 37.51191711], [126.93553878, 37.51192159], [126.93554511, 37.51195903], [126.93554016, 37.51195988], [126.93554454, 37.51200408], [126.93567215, 37.51199402], [126.93567145, 37.51198107], [126.93570362, 37.51197827], [126.93570239, 37.51196165], [126.93573474, 37.51195942], [126.93572665, 37.51191128]]]}, "properties": {"name": "노량진동 272-4", "status": "empty", "capacity": 4, "active": 0, "industry": "", "vacancy_rate": 100.0, "source": "polygon_only", "capacity_method": "floor_approx", "active_pip": 0, "licensed": 0, "id": "1159010100102720004-1", "pnu": "1159010100102720004", "floors": 4, "height": 10.5}}, {"type": "Feature", "geometry": {"type": "Polygon", "coordinates": [[[126.93593169, 37.51042697], [126.93589057, 37.51056379], [126.93594392, 37.51057903], [126.93599141, 37.51043968], [126.93593169, 37.51042697]]]}, "properties": {"name": "노량진동 287-3", "status": "partial", "capacity": 2, "active": 1, "industry": "이용·미용", "vacancy_rate": 50.0, "vacancy_rate_lo": null, "vacancy_rate_hi": null, "stores": 1, "source": "stores+ledger", "capacity_method": "floor_ouln", "active_pip": 0, "licensed": 0, "id": "1159010100102870003-2", "pnu": "1159010100102870003", "floors": 2, "height": 0.0}}, {"type": "Feature", "geometry": {"type": "Polygon", "coordinates": [[[126.93599612, 37.51216538], [126.93592825, 37.51217521], [126.9359323, 37.51218197], [126.93593513, 37.5121845], [126.93599876, 37.51217692], [126.93599612, 37.51216538]]]}, "properties": {"name": "노량진동 275-1", "status": "partial", "capacity": 2, "active": 1, "industry": "오락용품 소매", "vacancy_rate": 50.0, "vacancy_rate_lo": null, "vacancy_rate_hi": null, "stores": 1, "source": "stores+ledger", "capacity_method": "floor_ouln", "active_pip": 0, "licensed": 0, "id": "1159010100102750001-2", "pnu": "1159010100102750001", "floors": 0, "height": 0.0}}, {"type": "Feature", "geometry": {"type": "Polygon", "coordinates": [[[126.933611, 37.5119177], [126.93357474, 37.511945], [126.9336067, 37.51198274], [126.93365744, 37.51195461], [126.933611, 37.5119177]]]}, "properties": {"name": "신한토탈아파트", "status": "full", "capacity": 2, "active": 2, "industry": "한식", "vacancy_rate": 0.0, "vacancy_rate_lo": null, "vacancy_rate_hi": null, "stores": 2, "source": "stores+ledger", "capacity_method": "expos_units", "active_pip": 0, "licensed": 0, "id": "1159010800100410000-1", "pnu": "1159010800100410000", "floors": 0, "height": 0.0}}, {"type": "Feature", "geometry": {"type": "Polygon", "coordinates": [[[126.93571464, 37.51147991], [126.93556266, 37.51148517], [126.9355656, 37.51154515], [126.93563135, 37.51154462], [126.93563099, 37.51155898], [126.93571423, 37.51155733], [126.93571464, 37.51147991]]]}, "properties": {"name": "노량진동 274-5", "status": "empty", "capacity": 2, "active": 0, "industry": "", "vacancy_rate": 100.0, "source": "polygon_only", "capacity_method": "floor_approx", "active_pip": 0, "licensed": 0, "id": "1159010100102740005-1", "pnu": "1159010100102740005", "floors": 2, "height": 5.8}}, {"type": "Feature", "geometry": {"type": "Polygon", "coordinates": [[[126.93488028, 37.5121217], [126.93485781, 37.51214534], [126.93490586, 37.51217295], [126.93491719, 37.51216001], [126.93489721, 37.51214902], [126.93490695, 37.5121372], [126.93488028, 37.5121217]]]}, "properties": {"name": "노량진동 270-2", "status": "full", "capacity": 3, "active": 3, "industry": "", "vacancy_rate": 0.0, "source": "pip_only", "capacity_method": "floor_approx", "active_pip": 3, "licensed": 0, "id": "1159010100102700002-3", "pnu": "1159010100102700002", "floors": 0, "height": 0.0}}, {"type": "Feature", "geometry": {"type": "Polygon", "coordinates": [[[126.93468778, 37.51177133], [126.93468893, 37.51206246], [126.93477712, 37.51206533], [126.9347741, 37.51187302], [126.93483207, 37.51187277], [126.93482951, 37.51177394], [126.93468778, 37.51177133]]]}, "properties": {"name": "노량진동 270-3", "status": "partial", "capacity": 2, "active": 1, "industry": "한식", "vacancy_rate": 50.0, "vacancy_rate_lo": null, "vacancy_rate_hi": null, "stores": 1, "source": "stores+ledger", "capacity_method": "floor_ouln", "active_pip": 0, "licensed": 0, "id": "1159010100102700003-2", "pnu": "1159010100102700003", "floors": 2, "height": 7.0}}, {"type": "Feature", "geometry": {"type": "Polygon", "coordinates": [[[126.93535005, 37.51249756], [126.9353267, 37.51253725], [126.93528231, 37.512562], [126.93527525, 37.51255298], [126.93521884, 37.51258477], [126.93524975, 37.51262815], [126.93524284, 37.51263237], [126.9352552, 37.51264759], [126.93528809, 37.51262958], [126.93529251, 37.51263352], [126.9353551, 37.5126023], [126.93541377, 37.51260881], [126.93547609, 37.5126784], [126.93555938, 37.51263227], [126.93554984, 37.512621], [126.93556751, 37.5126134], [126.93552248, 37.51257734], [126.93548928, 37.51255733], [126.93545412, 37.51254014], [126.93542569, 37.51252717], [126.93535005, 37.51249756]]]}, "properties": {"name": "노량진동 266-23", "status": "partial", "capacity": 4, "active": 3, "industry": "기타 간이", "vacancy_rate": 25.0, "vacancy_rate_lo": null, "vacancy_rate_hi": null, "stores": 3, "source": "stores+ledger", "capacity_method": "floor_ouln", "active_pip": 0, "licensed": 3, "id": "1159010100102660023-1", "pnu": "1159010100102660023", "floors": 6, "height": 19.92}}, {"type": "Feature", "geometry": {"type": "Polygon", "coordinates": [[[126.93468511, 37.5121779], [126.93468153, 37.51222914], [126.93474439, 37.51230745], [126.93500009, 37.51233688], [126.93500221, 37.51233716], [126.93500651, 37.51226986], [126.93500015, 37.51226958], [126.9349952, 37.51226958], [126.93499664, 37.51224227], [126.93496783, 37.51224197], [126.93496912, 37.51219411], [126.93488482, 37.51219265], [126.93488553, 37.51218336], [126.93468511, 37.5121779]]]}, "properties": {"name": "노량진동 270-2", "status": "full", "capacity": 3, "active": 3, "industry": "", "vacancy_rate": 0.0, "source": "pip_only", "capacity_method": "floor_approx", "active_pip": 3, "licensed": 0, "id": "1159010100102700002-4", "pnu": "1159010100102700002", "floors": 3, "height": 0.0}}, {"type": "Feature", "geometry": {"type": "Polygon", "coordinates": [[[126.93484239, 37.51036331], [126.93482099, 37.51038639], [126.93479048, 37.5105142], [126.93484721, 37.51053309], [126.93489363, 37.51037291], [126.93484239, 37.51036331]]]}, "properties": {"name": "대방동 44-83", "status": "empty", "capacity": 2, "active": 0, "industry": "", "vacancy_rate": 100.0, "source": "polygon_only", "capacity_method": "floor_approx", "active_pip": 0, "licensed": 0, "id": "1159010800100440083-1", "pnu": "1159010800100440083", "floors": 2, "height": 0.0}}, {"type": "Feature", "geometry": {"type": "Polygon", "coordinates": [[[126.93577264, 37.51062623], [126.93571037, 37.51069744], [126.93582378, 37.51076225], [126.93587083, 37.51070794], [126.93585882, 37.51070145], [126.93587367, 37.51068851], [126.93587421, 37.51068316], [126.93581274, 37.51064596], [126.93581079, 37.51064821], [126.93577264, 37.51062623]]]}, "properties": {"name": "노량진동 286-5", "status": "empty", "capacity": 5, "active": 0, "industry": "", "vacancy_rate": 100.0, "source": "polygon_only", "capacity_method": "floor_approx", "active_pip": 0, "licensed": 0, "id": "1159010100102860005-1", "pnu": "1159010100102860005", "floors": 5, "height": 15.0}}, {"type": "Feature", "geometry": {"type": "Polygon", "coordinates": [[[126.93583472, 37.51056376], [126.93582126, 37.51059585], [126.93583751, 37.51060938], [126.93583166, 37.51061951], [126.93587212, 37.51065163], [126.93590216, 37.51065953], [126.93592801, 37.51058831], [126.93583472, 37.51056376]]]}, "properties": {"name": "노량진동 287-1", "status": "empty", "capacity": 3, "active": 0, "industry": "", "vacancy_rate": 100.0, "source": "polygon_only", "capacity_method": "floor_approx", "active_pip": 0, "licensed": 0, "id": "1159010100102870001-1", "pnu": "1159010100102870001", "floors": 3, "height": 10.8}}, {"type": "Feature", "geometry": {"type": "Polygon", "coordinates": [[[126.93524456, 37.51166238], [126.93514447, 37.51174117], [126.93520715, 37.51179301], [126.93530867, 37.51171479], [126.93524456, 37.51166238]]]}, "properties": {"name": "노량진동 270-3", "status": "partial", "capacity": 2, "active": 1, "industry": "한식", "vacancy_rate": 50.0, "vacancy_rate_lo": null, "vacancy_rate_hi": null, "stores": 1, "source": "stores+ledger", "capacity_method": "floor_ouln", "active_pip": 0, "licensed": 0, "id": "1159010100102700003-3", "pnu": "1159010100102700003", "floors": 1, "height": 7.0}}, {"type": "Feature", "geometry": {"type": "Polygon", "coordinates": [[[126.9351933, 37.51187859], [126.93519228, 37.51203542], [126.93528913, 37.51203576], [126.93529191, 37.51188006], [126.9351933, 37.51187859]]]}, "properties": {"name": "노량진동 270-2", "status": "full", "capacity": 3, "active": 3, "industry": "", "vacancy_rate": 0.0, "source": "pip_only", "capacity_method": "floor_approx", "active_pip": 3, "licensed": 0, "id": "1159010100102700002-5", "pnu": "1159010100102700002", "floors": 0, "height": 0.0}}, {"type": "Feature", "geometry": {"type": "Polygon", "coordinates": [[[126.93571628, 37.51101815], [126.9357122, 37.5110356], [126.93567862, 37.51103023], [126.93566603, 37.51108513], [126.93575543, 37.51110235], [126.93575914, 37.51110207], [126.93577121, 37.51104971], [126.93576361, 37.51104886], [126.93576929, 37.51102719], [126.93571628, 37.51101815]]]}, "properties": {"name": "노량진동 274-15", "status": "empty", "capacity": 4, "active": 0, "industry": "", "vacancy_rate": 100.0, "source": "polygon_only", "capacity_method": "floor_approx", "active_pip": 0, "licensed": 0, "id": "1159010100102740015-1", "pnu": "1159010100102740015", "floors": 4, "height": 0.0}}, {"type": "Feature", "geometry": {"type": "Polygon", "coordinates": [[[126.93542448, 37.51145807], [126.9354243, 37.51146061], [126.9354706, 37.51146232], [126.93547277, 37.51141812], [126.93557261, 37.51142239], [126.93557547, 37.51138185], [126.93542949, 37.51137585], [126.93542448, 37.51145807]]]}, "properties": {"name": "노량진동 273-7", "status": "empty", "capacity": 2, "active": 0, "industry": "", "vacancy_rate": 100.0, "source": "polygon_only", "capacity_method": "floor_approx", "active_pip": 0, "licensed": 0, "id": "1159010100102730007-1", "pnu": "1159010100102730007", "floors": 2, "height": 7.2}}, {"type": "Feature", "geometry": {"type": "Polygon", "coordinates": [[[126.93560946, 37.51132161], [126.93571921, 37.51131688], [126.93572261, 37.51125382], [126.9356065, 37.5112498], [126.93560946, 37.51132161]]]}, "properties": {"name": "노량진동 273-7", "status": "empty", "capacity": 1, "active": 0, "industry": "", "vacancy_rate": 100.0, "source": "polygon_only", "capacity_method": "floor_approx", "active_pip": 0, "licensed": 0, "id": "1159010100102730007-2", "pnu": "1159010100102730007", "floors": 1, "height": 4.2}}, {"type": "Feature", "geometry": {"type": "Polygon", "coordinates": [[[126.93469811, 37.51206471], [126.93469009, 37.51214918], [126.93469734, 37.51214918], [126.93469768, 37.51215679], [126.93477827, 37.51215711], [126.93478577, 37.51206674], [126.93469811, 37.51206471]]]}, "properties": {"name": "노량진동 270-3", "status": "partial", "capacity": 2, "active": 1, "industry": "한식", "vacancy_rate": 50.0, "vacancy_rate_lo": null, "vacancy_rate_hi": null, "stores": 1, "source": "stores+ledger", "capacity_method": "floor_ouln", "active_pip": 0, "licensed": 0, "id": "1159010100102700003-4", "pnu": "1159010100102700003", "floors": 0, "height": 0.0}}, {"type": "Feature", "geometry": {"type": "Polygon", "coordinates": [[[126.93470311, 37.51160493], [126.93469935, 37.51165026], [126.93477536, 37.51165199], [126.93477733, 37.51160948], [126.93470311, 37.51160493]]]}, "properties": {"name": "노량진동 270-3", "status": "partial", "capacity": 2, "active": 1, "industry": "한식", "vacancy_rate": 50.0, "vacancy_rate_lo": null, "vacancy_rate_hi": null, "stores": 1, "source": "stores+ledger", "capacity_method": "floor_ouln", "active_pip": 0, "licensed": 0, "id": "1159010100102700003-5", "pnu": "1159010100102700003", "floors": 1, "height": 2.8}}, {"type": "Feature", "geometry": {"type": "Polygon", "coordinates": [[[126.9346607, 37.51241722], [126.93464054, 37.51243579], [126.93463663, 37.51246197], [126.93478099, 37.51247809], [126.93478917, 37.51242798], [126.9346607, 37.51241722]]]}, "properties": {"name": "노량진동 267-49", "status": "empty", "capacity": 2, "active": 0, "industry": "", "vacancy_rate": 100.0, "source": "polygon_only", "capacity_method": "floor_approx", "active_pip": 0, "licensed": 0, "id": "1159010100102670049-1", "pnu": "1159010100102670049", "floors": 2, "height": 7.6}}, {"type": "Feature", "geometry": {"type": "Polygon", "coordinates": [[[126.93478774, 37.5108242], [126.93476751, 37.51092217], [126.93485533, 37.5109363], [126.93486434, 37.51092588], [126.9348769, 37.51091913], [126.93488009, 37.51090477], [126.93489706, 37.51090676], [126.93490645, 37.51087185], [126.93488896, 37.51087099], [126.93484145, 37.51083802], [126.93478774, 37.5108242]]]}, "properties": {"name": "노량진동 273-25", "status": "empty", "capacity": 4, "active": 0, "industry": "", "vacancy_rate": 100.0, "source": "polygon_only", "capacity_method": "floor_approx", "active_pip": 0, "licensed": 0, "id": "1159010100102730025-1", "pnu": "1159010100102730025", "floors": 4, "height": 0.0}}, {"type": "Feature", "geometry": {"type": "Polygon", "coordinates": [[[126.93527217, 37.51223989], [126.93526575, 37.51229281], [126.93527402, 37.51234182], [126.93536078, 37.51234862], [126.93536595, 37.51231821], [126.93537796, 37.51231991], [126.93538399, 37.51228274], [126.93538223, 37.51227936], [126.93537994, 37.51227739], [126.93536085, 37.51227484], [126.93536477, 37.51224557], [126.93527217, 37.51223989]]]}, "properties": {"name": "노량진동 271-13", "status": "high", "capacity": 4, "active": 1, "industry": "", "vacancy_rate": 75.0, "source": "pip_only", "capacity_method": "floor_approx", "active_pip": 0, "licensed": 1, "id": "1159010100102710013-1", "pnu": "1159010100102710013", "floors": 4, "height": 0.0}}, {"type": "Feature", "geometry": {"type": "Polygon", "coordinates": [[[126.93520427, 37.51247439], [126.93519703, 37.51247524], [126.93521057, 37.51254958], [126.93527668, 37.51253891], [126.93527989, 37.51250457], [126.93532018, 37.5124967], [126.93532197, 37.51248432], [126.93520427, 37.51247439]]]}, "properties": {"name": "노량진동 267-10", "status": "full", "capacity": 1, "active": 1, "industry": "기타 간이", "vacancy_rate": 0.0, "vacancy_rate_lo": null, "vacancy_rate_hi": null, "stores": 1, "source": "stores+ledger", "capacity_method": "floor_ouln", "active_pip": 0, "licensed": 1, "id": "1159010100102670010-1", "pnu": "1159010100102670010", "floors": 4, "height": 13.28}}, {"type": "Feature", "geometry": {"type": "Polygon", "coordinates": [[[126.93642008, 37.51260007], [126.93640985, 37.51257162], [126.93638351, 37.51257921], [126.93639357, 37.51260821], [126.93641425, 37.512604], [126.93641337, 37.51260091], [126.93642008, 37.51260007]]]}, "properties": {"name": "노량진동 261-4", "status": "full", "capacity": 3, "active": 3, "industry": "의원", "vacancy_rate": 0.0, "vacancy_rate_lo": null, "vacancy_rate_hi": null, "stores": 3, "source": "stores+ledger", "capacity_method": "floor_ouln", "active_pip": 0, "licensed": 1, "id": "1159010100102610004-1", "pnu": "1159010100102610004", "floors": 0, "height": 0.0}}, {"type": "Feature", "geometry": {"type": "Polygon", "coordinates": [[[126.93583513, 37.51195693], [126.93585114, 37.51203438], [126.93597801, 37.51204937], [126.93598653, 37.51200714], [126.93596887, 37.51200431], [126.93596727, 37.51200882], [126.93589287, 37.51200117], [126.93590227, 37.51195979], [126.93583513, 37.51195693]]]}, "properties": {"name": "노량진동 275-2", "status": "partial", "capacity": 2, "active": 1, "industry": "종합 소매", "vacancy_rate": 50.0, "vacancy_rate_lo": null, "vacancy_rate_hi": null, "stores": 1, "source": "stores+ledger", "capacity_method": "floor_ouln", "active_pip": 0, "licensed": 0, "id": "1159010100102750002-1", "pnu": "1159010100102750002", "floors": 2, "height": 0.0}}, {"type": "Feature", "geometry": {"type": "Polygon", "coordinates": [[[126.93566558, 37.5118155], [126.93572089, 37.51181667], [126.93571391, 37.51170881], [126.93567733, 37.51170767], [126.93566558, 37.5118155]]]}, "properties": {"name": "노량진동 272-10", "status": "empty", "capacity": 2, "active": 0, "industry": "", "vacancy_rate": 100.0, "source": "polygon_only", "capacity_method": "floor_approx", "active_pip": 0, "licensed": 0, "id": "1159010100102720010-1", "pnu": "1159010100102720010", "floors": 2, "height": 0.0}}, {"type": "Feature", "geometry": {"type": "Polygon", "coordinates": [[[126.93578522, 37.51223172], [126.93571364, 37.51224294], [126.93571574, 37.51225055], [126.93568906, 37.51225757], [126.93571039, 37.51231587], [126.93573408, 37.51231166], [126.93574271, 37.51233474], [126.93580405, 37.51232324], [126.93578522, 37.51223172]]]}, "properties": {"name": "노량진동 271-7", "status": "full", "capacity": 2, "active": 2, "industry": "철물·건설자재 소매", "vacancy_rate": 0.0, "vacancy_rate_lo": null, "vacancy_rate_hi": null, "stores": 2, "source": "stores+ledger", "capacity_method": "floor_ouln", "active_pip": 0, "licensed": 0, "id": "1159010100102710007-1", "pnu": "1159010100102710007", "floors": 3, "height": 10.4}}, {"type": "Feature", "geometry": {"type": "Polygon", "coordinates": [[[126.93588032, 37.51220953], [126.93590655, 37.51235174], [126.93601223, 37.5123394], [126.93603916, 37.51225494], [126.93600083, 37.51223972], [126.93599427, 37.51226394], [126.9359575, 37.51226645], [126.93595418, 37.51223126], [126.93595878, 37.51222027], [126.93593404, 37.51221548], [126.93593174, 37.51221293], [126.93591283, 37.51221039], [126.93591125, 37.51221602], [126.9358918, 37.51221489], [126.93589163, 37.51221066], [126.93588032, 37.51220953]]]}, "properties": {"name": "노량진동 263-5", "status": "full", "capacity": 2, "active": 2, "industry": "주점", "vacancy_rate": 0.0, "vacancy_rate_lo": null, "vacancy_rate_hi": null, "stores": 2, "source": "stores+ledger", "capacity_method": "floor_ouln", "active_pip": 0, "licensed": 1, "id": "1159010100102630005-1", "pnu": "1159010100102630005", "floors": 2, "height": 0.0}}, {"type": "Feature", "geometry": {"type": "Polygon", "coordinates": [[[126.93604904, 37.51248865], [126.93597145, 37.51249339], [126.9359718, 37.51250015], [126.93593645, 37.51250436], [126.93595175, 37.51259024], [126.93605462, 37.5125796], [126.93605022, 37.51254975], [126.93605854, 37.51254863], [126.93604904, 37.51248865]]]}, "properties": {"name": "노량진동 263-11", "status": "high", "capacity": 3, "active": 1, "industry": "한식", "vacancy_rate": 66.7, "vacancy_rate_lo": null, "vacancy_rate_hi": null, "stores": 1, "source": "stores+ledger", "capacity_method": "floor_ouln", "active_pip": 0, "licensed": 1, "id": "1159010100102630011-1", "pnu": "1159010100102630011", "floors": 3, "height": 0.0}}, {"type": "Feature", "geometry": {"type": "Polygon", "coordinates": [[[126.93612654, 37.51258611], [126.93595563, 37.51259982], [126.935975, 37.51268993], [126.93611276, 37.51278179], [126.93616208, 37.51276071], [126.93612962, 37.51270015], [126.93610982, 37.51270239], [126.93610879, 37.51267902], [126.93612046, 37.51267284], [126.9361323, 37.51267143], [126.93612654, 37.51258611]]]}, "properties": {"name": "노량진동 263-6", "status": "full", "capacity": 5, "active": 5, "industry": "비알코올 ", "vacancy_rate": 0.0, "vacancy_rate_lo": null, "vacancy_rate_hi": null, "stores": 5, "source": "stores+ledger+pip", "capacity_method": "floor_ouln", "active_pip": 2, "licensed": 4, "id": "1159010100102630006-1", "pnu": "1159010100102630006", "floors": 2, "height": 7.5}}, {"type": "Feature", "geometry": {"type": "Polygon", "coordinates": [[[126.93642008, 37.51260007], [126.93641337, 37.51260091], [126.93641425, 37.512604], [126.93641864, 37.51261949], [126.93643649, 37.51262428], [126.93645965, 37.51261895], [126.93648875, 37.5126978], [126.93660046, 37.51267421], [126.93658971, 37.5126393], [126.93654766, 37.51263701], [126.93651274, 37.51254183], [126.93641004, 37.51256458], [126.93642008, 37.51260007]]]}, "properties": {"name": "노량진동 261-4", "status": "full", "capacity": 3, "active": 3, "industry": "의원", "vacancy_rate": 0.0, "vacancy_rate_lo": null, "vacancy_rate_hi": null, "stores": 3, "source": "stores+ledger", "capacity_method": "floor_ouln", "active_pip": 0, "licensed": 1, "id": "1159010100102610004-2", "pnu": "1159010100102610004", "floors": 4, "height": 0.0}}, {"type": "Feature", "geometry": {"type": "Polygon", "coordinates": [[[126.93605415, 37.51250442], [126.93606628, 37.51257707], [126.93620572, 37.51257686], [126.93621284, 37.51252027], [126.9361828, 37.51251603], [126.93617943, 37.51253039], [126.93609938, 37.51252697], [126.93610063, 37.51250755], [126.93605415, 37.51250442]]]}, "properties": {"name": "노량진동 263-11", "status": "high", "capacity": 3, "active": 1, "industry": "한식", "vacancy_rate": 66.7, "vacancy_rate_lo": null, "vacancy_rate_hi": null, "stores": 1, "source": "stores+ledger", "capacity_method": "floor_ouln", "active_pip": 0, "licensed": 1, "id": "1159010100102630011-2", "pnu": "1159010100102630011", "floors": 3, "height": 0.0}}, {"type": "Feature", "geometry": {"type": "Polygon", "coordinates": [[[126.93583944, 37.51249247], [126.93575985, 37.51255128], [126.93579272, 37.51256988], [126.93582524, 37.51256455], [126.93584699, 37.51254007], [126.93583944, 37.51249247]]]}, "properties": {"name": "노량진동 271-2", "status": "empty", "capacity": 2, "active": 0, "industry": "", "vacancy_rate": 100.0, "source": "polygon_only", "capacity_method": "floor_approx", "active_pip": 0, "licensed": 0, "id": "1159010100102710002-1", "pnu": "1159010100102710002", "floors": 2, "height": 0.0}}, {"type": "Feature", "geometry": {"type": "Polygon", "coordinates": [[[126.93626617, 37.51195352], [126.93631495, 37.51195101], [126.9363134, 37.51189891], [126.93620789, 37.51190252], [126.93617926, 37.51191433], [126.93622216, 37.51195574], [126.93626617, 37.51195352]]]}, "properties": {"name": "노량진동 278-5", "status": "empty", "capacity": 1, "active": 0, "industry": "", "vacancy_rate": 100.0, "source": "polygon_only", "capacity_method": "floor_approx", "active_pip": 0, "licensed": 0, "id": "1159010100102780005-1", "pnu": "1159010100102780005", "floors": 1, "height": 0.0}}, {"type": "Feature", "geometry": {"type": "Polygon", "coordinates": [[[126.93596998, 37.51235628], [126.935909, 37.51236356], [126.93592977, 37.51247], [126.93597907, 37.51246411], [126.93598406, 37.51243286], [126.93596998, 37.51235628]]]}, "properties": {"name": "노량진동 263-3", "status": "empty", "capacity": 3, "active": 0, "industry": "", "vacancy_rate": 100.0, "source": "polygon_only", "capacity_method": "floor_approx", "active_pip": 0, "licensed": 0, "id": "1159010100102630003-1", "pnu": "1159010100102630003", "floors": 3, "height": 0.0}}, {"type": "Feature", "geometry": {"type": "Polygon", "coordinates": [[[126.93514373, 37.51218717], [126.9350837, 37.5123327], [126.9351192, 37.5123406], [126.93512736, 37.51231696], [126.93524804, 37.5123418], [126.93525353, 37.51232997], [126.9352395, 37.51221087], [126.93514373, 37.51218717]]]}, "properties": {"name": "노량진동 270", "status": "empty", "capacity": 5, "active": 0, "industry": "", "vacancy_rate": 100.0, "source": "polygon_only", "capacity_method": "floor_approx", "active_pip": 0, "licensed": 0, "id": "1159010100102700000-1", "pnu": "1159010100102700000", "floors": 5, "height": 13.6}}, {"type": "Feature", "geometry": {"type": "Polygon", "coordinates": [[[126.93687363, 37.51254316], [126.93685982, 37.51257243], [126.9368741, 37.51261326], [126.93697256, 37.5125905], [126.93697238, 37.5125891], [126.93687363, 37.51254316]]]}, "properties": {"name": "노량진동 261-10", "status": "full", "capacity": 1, "active": 1, "industry": "한식", "vacancy_rate": 0.0, "vacancy_rate_lo": null, "vacancy_rate_hi": null, "stores": 1, "source": "stores+ledger", "capacity_method": "floor_ouln", "active_pip": 0, "licensed": 1, "id": "1159010100102610010-1", "pnu": "1159010100102610010", "floors": 1, "height": 0.0}}, {"type": "Feature", "geometry": {"type": "Polygon", "coordinates": [[[126.93881776, 37.51249407], [126.93873244, 37.51251104], [126.93876604, 37.51261822], [126.93885137, 37.51260125], [126.93881776, 37.51249407]]]}, "properties": {"name": "노량진동 39-11", "status": "empty", "capacity": 8, "active": 0, "industry": "", "vacancy_rate": 100.0, "source": "polygon_only", "capacity_method": "floor_approx", "active_pip": 0, "licensed": 0, "id": "1159010100100390011-1", "pnu": "1159010100100390011", "floors": 8, "height": 23.6}}, {"type": "Feature", "geometry": {"type": "Polygon", "coordinates": [[[126.93806704, 37.51239907], [126.93795462, 37.51242322], [126.93799339, 37.5125474], [126.93807382, 37.51253168], [126.93805884, 37.51247846], [126.93809261, 37.51247172], [126.93806704, 37.51239907]]]}, "properties": {"name": "2~4층", "status": "full", "capacity": 4, "active": 4, "industry": "기타 숙박", "vacancy_rate": 0.0, "vacancy_rate_lo": null, "vacancy_rate_hi": null, "stores": 4, "source": "stores+ledger", "capacity_method": "floor_ouln", "active_pip": 0, "licensed": 1, "id": "1159010100100390026-1", "pnu": "1159010100100390026", "floors": 4, "height": 0.0}}, {"type": "Feature", "geometry": {"type": "Polygon", "coordinates": [[[126.93842867, 37.51213937], [126.93839201, 37.51223255], [126.9384125, 37.5122379], [126.93848445, 37.51221711], [126.93850712, 37.51215856], [126.93842867, 37.51213937]]]}, "properties": {"name": "노량진동 244-65", "status": "full", "capacity": 2, "active": 2, "industry": "한식", "vacancy_rate": 0.0, "vacancy_rate_lo": null, "vacancy_rate_hi": null, "stores": 2, "source": "stores+ledger", "capacity_method": "floor_ouln", "active_pip": 0, "licensed": 2, "id": "1159010100102440065-1", "pnu": "1159010100102440065", "floors": 4, "height": 0.0}}, {"type": "Feature", "geometry": {"type": "Polygon", "coordinates": [[[126.93880114, 37.51201905], [126.93877051, 37.51208632], [126.93885444, 37.51211143], [126.93892037, 37.51209429], [126.93893648, 37.51205939], [126.93880114, 37.51201905]]]}, "properties": {"name": "노량진동 244-71", "status": "partial", "capacity": 2, "active": 1, "industry": "기타 숙박", "vacancy_rate": 50.0, "vacancy_rate_lo": null, "vacancy_rate_hi": null, "stores": 1, "source": "stores+ledger", "capacity_method": "floor_ouln", "active_pip": 0, "licensed": 0, "id": "1159010100102440071-1", "pnu": "1159010100102440071", "floors": 6, "height": 0.0}}, {"type": "Feature", "geometry": {"type": "Polygon", "coordinates": [[[126.93907994, 37.51125165], [126.93904648, 37.51132765], [126.93920461, 37.51137532], [126.9392103, 37.51132267], [126.939199, 37.51131985], [126.93920343, 37.51130437], [126.93912692, 37.51128124], [126.93913189, 37.51126434], [126.93907994, 37.51125165]]]}, "properties": {"name": "노량진동 246-66", "status": "empty", "capacity": 2, "active": 0, "industry": "", "vacancy_rate": 100.0, "source": "polygon_only", "capacity_method": "floor_approx", "active_pip": 0, "licensed": 0, "id": "1159010100102460066-1", "pnu": "1159010100102460066", "floors": 2, "height": 0.0}}, {"type": "Feature", "geometry": {"type": "Polygon", "coordinates": [[[126.93904095, 37.51160725], [126.93900677, 37.51169311], [126.93898751, 37.51168972], [126.93896025, 37.51174883], [126.93899011, 37.51175871], [126.93899311, 37.51175308], [126.93908499, 37.51178156], [126.93914891, 37.51163743], [126.93904095, 37.51160725]]]}, "properties": {"name": "노량진동 246-1", "status": "full", "capacity": 4, "active": 4, "industry": "한식", "vacancy_rate": 0.0, "vacancy_rate_lo": null, "vacancy_rate_hi": null, "stores": 4, "source": "stores+ledger", "capacity_method": "floor_ouln", "active_pip": 0, "licensed": 1, "id": "1159010100102460001-1", "pnu": "1159010100102460001", "floors": 5, "height": 0.0}}, {"type": "Feature", "geometry": {"type": "Polygon", "coordinates": [[[126.93885427, 37.51189096], [126.93881566, 37.51198189], [126.93894906, 37.51201659], [126.93898643, 37.51192539], [126.93885427, 37.51189096]]]}, "properties": {"name": "노량진동 244-72", "status": "partial", "capacity": 3, "active": 2, "industry": "기타 간이", "vacancy_rate": 33.3, "vacancy_rate_lo": null, "vacancy_rate_hi": null, "stores": 2, "source": "stores+ledger", "capacity_method": "floor_ouln", "active_pip": 0, "licensed": 2, "id": "1159010100102440072-1", "pnu": "1159010100102440072", "floors": 3, "height": 10.7}}, {"type": "Feature", "geometry": {"type": "Polygon", "coordinates": [[[126.93865033, 37.51209641], [126.93861321, 37.51210708], [126.93859444, 37.51214987], [126.93860943, 37.51218141], [126.93872928, 37.51214488], [126.93871588, 37.51211305], [126.93865033, 37.51209641]]]}, "properties": {"name": "노량진동 244-69", "status": "full", "capacity": 1, "active": 1, "industry": "비알코올 ", "vacancy_rate": 0.0, "vacancy_rate_lo": null, "vacancy_rate_hi": null, "stores": 1, "source": "stores+ledger", "capacity_method": "floor_ouln", "active_pip": 0, "licensed": 1, "id": "1159010100102440069-1", "pnu": "1159010100102440069", "floors": 4, "height": 12.0}}, {"type": "Feature", "geometry": {"type": "Polygon", "coordinates": [[[126.9390542, 37.51227344], [126.93905422, 37.51224528], [126.93899873, 37.51224496], [126.93899871, 37.51227369], [126.9390542, 37.51227344]]]}, "properties": {"name": "노량진동 47-2", "status": "high", "capacity": 6, "active": 2, "industry": "한식", "vacancy_rate": 66.7, "vacancy_rate_lo": null, "vacancy_rate_hi": null, "stores": 2, "source": "stores+ledger", "capacity_method": "floor_ouln", "active_pip": 0, "licensed": 0, "id": "1159010100100470002-1", "pnu": "1159010100100470002", "floors": 0, "height": 0.0}}, {"type": "Feature", "geometry": {"type": "Polygon", "coordinates": [[[126.93906723, 37.51209408], [126.93904405, 37.51212363], [126.93905766, 37.51213068], [126.93908119, 37.51210085], [126.93906723, 37.51209408]]]}, "properties": {"name": "노량진동 47-2", "status": "high", "capacity": 6, "active": 2, "industry": "한식", "vacancy_rate": 66.7, "vacancy_rate_lo": null, "vacancy_rate_hi": null, "stores": 2, "source": "stores+ledger", "capacity_method": "floor_ouln", "active_pip": 0, "licensed": 0, "id": "1159010100100470002-2", "pnu": "1159010100100470002", "floors": 0, "height": 0.0}}, {"type": "Feature", "geometry": {"type": "Polygon", "coordinates": [[[126.93803449, 37.51223405], [126.93796449, 37.51224697], [126.93798968, 37.51233877], [126.93805703, 37.51232697], [126.93803449, 37.51223405]]]}, "properties": {"name": "노량진동 244-80", "status": "partial", "capacity": 2, "active": 1, "industry": "비알코올 ", "vacancy_rate": 50.0, "vacancy_rate_lo": null, "vacancy_rate_hi": null, "stores": 1, "source": "stores+ledger", "capacity_method": "floor_ouln", "active_pip": 0, "licensed": 0, "id": "1159010100102440080-1", "pnu": "1159010100102440080", "floors": 5, "height": 13.0}}, {"type": "Feature", "geometry": {"type": "Polygon", "coordinates": [[[126.93772546, 37.51212154], [126.93760633, 37.51214512], [126.93762802, 37.51221609], [126.93771729, 37.51219897], [126.93771604, 37.51219756], [126.93774698, 37.51219278], [126.93772546, 37.51212154]]]}, "properties": {"name": "노량진동 256-61", "status": "full", "capacity": 2, "active": 2, "industry": "세탁", "vacancy_rate": 0.0, "vacancy_rate_lo": null, "vacancy_rate_hi": null, "stores": 2, "source": "stores+ledger", "capacity_method": "floor_ouln", "active_pip": 0, "licensed": 1, "id": "1159010100102560061-1", "pnu": "1159010100102560061", "floors": 3, "height": 0.0}}, {"type": "Feature", "geometry": {"type": "Polygon", "coordinates": [[[126.93753758, 37.5123709], [126.93736258, 37.51241305], [126.93738903, 37.51248852], [126.93756473, 37.5124461], [126.93753758, 37.5123709]]]}, "properties": {"name": "제", "status": "full", "capacity": 4, "active": 4, "industry": "유원지·오락", "vacancy_rate": 0.0, "vacancy_rate_lo": null, "vacancy_rate_hi": null, "stores": 4, "source": "stores+ledger", "capacity_method": "floor_ouln", "active_pip": 0, "licensed": 1, "id": "1159010100102580042-1", "pnu": "1159010100102580042", "floors": 4, "height": 0.0}}, {"type": "Feature", "geometry": {"type": "Polygon", "coordinates": [[[126.93792504, 37.51229396], [126.93792008, 37.51229565], [126.93780625, 37.51232713], [126.93782776, 37.51238458], [126.93792003, 37.51235647], [126.93794867, 37.51234775], [126.93792504, 37.51229396]]]}, "properties": {"name": "노량진동 257-2", "status": "partial", "capacity": 2, "active": 1, "industry": "세탁", "vacancy_rate": 50.0, "vacancy_rate_lo": null, "vacancy_rate_hi": null, "stores": 1, "source": "stores+ledger", "capacity_method": "floor_ouln", "active_pip": 0, "licensed": 0, "id": "1159010100102570002-1", "pnu": "1159010100102570002", "floors": 3, "height": 0.0}}, {"type": "Feature", "geometry": {"type": "Polygon", "coordinates": [[[126.93883553, 37.51233077], [126.93880937, 37.51233694], [126.93883175, 37.51240791], [126.93885862, 37.51240032], [126.93883553, 37.51233077]]]}, "properties": {"name": "노량진동 47-2", "status": "high", "capacity": 6, "active": 2, "industry": "한식", "vacancy_rate": 66.7, "vacancy_rate_lo": null, "vacancy_rate_hi": null, "stores": 2, "source": "stores+ledger", "capacity_method": "floor_ouln", "active_pip": 0, "licensed": 0, "id": "1159010100100470002-3", "pnu": "1159010100100470002", "floors": 0, "height": 0.0}}, {"type": "Feature", "geometry": {"type": "Polygon", "coordinates": [[[126.93754546, 37.5114029], [126.93751478, 37.51150762], [126.93756284, 37.51151582], [126.93762211, 37.5114508], [126.93759507, 37.51144487], [126.93760676, 37.51141362], [126.93754546, 37.5114029]]]}, "properties": {"name": "노량진동 280-25", "status": "empty", "capacity": 3, "active": 0, "industry": "", "vacancy_rate": 100.0, "source": "polygon_only", "capacity_method": "floor_approx", "active_pip": 0, "licensed": 0, "id": "1159010100102800025-1", "pnu": "1159010100102800025", "floors": 3, "height": 0.0}}, {"type": "Feature", "geometry": {"type": "Polygon", "coordinates": [[[126.93836826, 37.51254366], [126.93843277, 37.51253046], [126.93846176, 37.51252456], [126.93844025, 37.51245979], [126.93834817, 37.51247888], [126.93836826, 37.51254366]]]}, "properties": {"name": "노량진동 37-7", "status": "empty", "capacity": 3, "active": 0, "industry": "", "vacancy_rate": 100.0, "source": "polygon_only", "capacity_method": "floor_approx", "active_pip": 0, "licensed": 0, "id": "1159010100100370007-1", "pnu": "1159010100100370007", "floors": 3, "height": 0.0}}, {"type": "Feature", "geometry": {"type": "Polygon", "coordinates": [[[126.93904299, 37.51256681], [126.93904315, 37.51259245], [126.93908803, 37.51259217], [126.93908841, 37.51256712], [126.93904299, 37.51256681]]]}, "properties": {"name": "노량진동 47-2", "status": "high", "capacity": 6, "active": 2, "industry": "한식", "vacancy_rate": 66.7, "vacancy_rate_lo": null, "vacancy_rate_hi": null, "stores": 2, "source": "stores+ledger", "capacity_method": "floor_ouln", "active_pip": 0, "licensed": 0, "id": "1159010100100470002-4", "pnu": "1159010100100470002", "floors": 0, "height": 0.0}}, {"type": "Feature", "geometry": {"type": "Polygon", "coordinates": [[[126.93774236, 37.51221728], [126.93763771, 37.51224425], [126.93766309, 37.51232114], [126.93778347, 37.51229445], [126.93775915, 37.51222123], [126.93774236, 37.51221728]]]}, "properties": {"name": "노량진동 258-37", "status": "full", "capacity": 2, "active": 2, "industry": "철물·건설자재 소매", "vacancy_rate": 0.0, "vacancy_rate_lo": null, "vacancy_rate_hi": null, "stores": 2, "source": "stores+ledger", "capacity_method": "floor_ouln", "active_pip": 0, "licensed": 0, "id": "1159010100102580037-1", "pnu": "1159010100102580037", "floors": 3, "height": 0.0}}, {"type": "Feature", "geometry": {"type": "Polygon", "coordinates": [[[126.93824573, 37.51237409], [126.93814656, 37.51239769], [126.93814057, 37.51237939], [126.93808012, 37.51239344], [126.93810779, 37.51247398], [126.93826582, 37.51243689], [126.93824573, 37.51237409]]]}, "properties": {"name": "노량진동 37-11", "status": "empty", "capacity": 3, "active": 0, "industry": "", "vacancy_rate": 100.0, "source": "polygon_only", "capacity_method": "floor_approx", "active_pip": 0, "licensed": 0, "id": "1159010100100370011-1", "pnu": "1159010100100370011", "floors": 3, "height": 9.0}}, {"type": "Feature", "geometry": {"type": "Polygon", "coordinates": [[[126.93895523, 37.51181838], [126.93892975, 37.51187326], [126.93908081, 37.51191727], [126.93909551, 37.51188602], [126.93908935, 37.51185308], [126.93895523, 37.51181838]]]}, "properties": {"name": "노량진동 244-12", "status": "full", "capacity": 1, "active": 1, "industry": "종합 소매", "vacancy_rate": 0.0, "vacancy_rate_lo": null, "vacancy_rate_hi": null, "stores": 1, "source": "stores+ledger", "capacity_method": "floor_ouln", "active_pip": 0, "licensed": 1, "id": "1159010100102440012-1", "pnu": "1159010100102440012", "floors": 4, "height": 10.6}}, {"type": "Feature", "geometry": {"type": "Polygon", "coordinates": [[[126.93813257, 37.51223128], [126.93805815, 37.51225293], [126.93808673, 37.5123177], [126.93818837, 37.51228931], [126.93819563, 37.51227862], [126.9381787, 37.51223187], [126.93813733, 37.51224255], [126.93813257, 37.51223128]]]}, "properties": {"name": "노량진동 244-81", "status": "full", "capacity": 3, "active": 3, "industry": "기타 간이", "vacancy_rate": 0.0, "vacancy_rate_lo": null, "vacancy_rate_hi": null, "stores": 3, "source": "stores+ledger", "capacity_method": "floor_ouln", "active_pip": 0, "licensed": 2, "id": "1159010100102440081-1", "pnu": "1159010100102440081", "floors": 4, "height": 0.0}}, {"type": "Feature", "geometry": {"type": "Polygon", "coordinates": [[[126.93790048, 37.51141801], [126.93781105, 37.51142838], [126.93782461, 37.51148104], [126.93787603, 37.51149091], [126.93791581, 37.5114839], [126.93790048, 37.51141801]]]}, "properties": {"name": "노량진동 253-18", "status": "full", "capacity": 1, "active": 1, "industry": "이용·미용", "vacancy_rate": 0.0, "vacancy_rate_lo": null, "vacancy_rate_hi": null, "stores": 1, "source": "stores+ledger", "capacity_method": "floor_ouln", "active_pip": 0, "licensed": 0, "id": "1159010100102530018-1", "pnu": "1159010100102530018", "floors": 2, "height": 0.0}}, {"type": "Feature", "geometry": {"type": "Polygon", "coordinates": [[[126.93792439, 37.5124308], [126.93791997, 37.51243193], [126.93773807, 37.51248504], [126.93776117, 37.51254953], [126.9379199, 37.51250767], [126.93795013, 37.5124998], [126.93792439, 37.5124308]]]}, "properties": {"name": "노량진동 39-27", "status": "full", "capacity": 3, "active": 3, "industry": "한식", "vacancy_rate": 0.0, "vacancy_rate_lo": null, "vacancy_rate_hi": null, "stores": 3, "source": "stores+ledger", "capacity_method": "floor_ouln", "active_pip": 0, "licensed": 3, "id": "1159010100100390027-1", "pnu": "1159010100100390027", "floors": 4, "height": 10.8}}, {"type": "Feature", "geometry": {"type": "Polygon", "coordinates": [[[126.93868763, 37.51186497], [126.93866001, 37.51193309], [126.93878439, 37.51197089], [126.93881768, 37.51188757], [126.93876627, 37.51187374], [126.93876201, 37.51188556], [126.93868763, 37.51186497]]]}, "properties": {"name": "노량진동 244-54", "status": "empty", "capacity": 1, "active": 0, "industry": "", "vacancy_rate": 100.0, "source": "polygon_only", "capacity_method": "floor_approx", "active_pip": 0, "licensed": 0, "id": "1159010100102440054-1", "pnu": "1159010100102440054", "floors": 1, "height": 0.0}}, {"type": "Feature", "geometry": {"type": "Polygon", "coordinates": [[[126.93916777, 37.51255421], [126.93916935, 37.51257786], [126.93945725, 37.51257379], [126.93945813, 37.51257717], [126.93951292, 37.51257692], [126.93961206, 37.51257612], [126.93961243, 37.51257359], [126.93990262, 37.51256866], [126.93989766, 37.51235467], [126.93957654, 37.51235676], [126.93957653, 37.51236099], [126.93947368, 37.51236122], [126.93916352, 37.51236218], [126.93916492, 37.51237992], [126.93912021, 37.51238102], [126.93911908, 37.51245423], [126.93913693, 37.5124548], [126.93913637, 37.51248747], [126.93913543, 37.5125525], [126.9391676, 37.51255252], [126.93916777, 37.51255421]]]}, "properties": {"name": "노량진동 47-2", "status": "high", "capacity": 6, "active": 2, "industry": "한식", "vacancy_rate": 66.7, "vacancy_rate_lo": null, "vacancy_rate_hi": null, "stores": 2, "source": "stores+ledger", "capacity_method": "floor_ouln", "active_pip": 0, "licensed": 0, "id": "1159010100100470002-5", "pnu": "1159010100100470002", "floors": 6, "height": 0.0}}, {"type": "Feature", "geometry": {"type": "Polygon", "coordinates": [[[126.93913637, 37.51248747], [126.93913463, 37.51245649], [126.93911908, 37.51245676], [126.93911908, 37.51245423], [126.93911534, 37.5122729], [126.9390542, 37.51227344], [126.93899871, 37.51227369], [126.93892429, 37.5122742], [126.93892935, 37.51256704], [126.93911916, 37.5125646], [126.9391187, 37.51248801], [126.93913637, 37.51248747]]]}, "properties": {"name": "노량진동 47-2", "status": "high", "capacity": 6, "active": 2, "industry": "한식", "vacancy_rate": 66.7, "vacancy_rate_lo": null, "vacancy_rate_hi": null, "stores": 2, "source": "stores+ledger", "capacity_method": "floor_ouln", "active_pip": 0, "licensed": 0, "id": "1159010100100470002-6", "pnu": "1159010100100470002", "floors": 5, "height": 0.0}}, {"type": "Feature", "geometry": {"type": "Polygon", "coordinates": [[[126.93916777, 37.51255421], [126.93913773, 37.51255447], [126.93913806, 37.51258178], [126.93916758, 37.51258096], [126.93916777, 37.51255421]]]}, "properties": {"name": "노량진동 47-2", "status": "high", "capacity": 6, "active": 2, "industry": "한식", "vacancy_rate": 66.7, "vacancy_rate_lo": null, "vacancy_rate_hi": null, "stores": 2, "source": "stores+ledger", "capacity_method": "floor_ouln", "active_pip": 0, "licensed": 0, "id": "1159010100100470002-7", "pnu": "1159010100100470002", "floors": 0, "height": 0.0}}, {"type": "Feature", "geometry": {"type": "Polygon", "coordinates": [[[126.93839828, 37.51233137], [126.93828392, 37.51235863], [126.93831336, 37.51244649], [126.93842827, 37.51242008], [126.93839828, 37.51233137]]]}, "properties": {"name": "노량진동 37-8", "status": "full", "capacity": 1, "active": 1, "industry": "중식", "vacancy_rate": 0.0, "vacancy_rate_lo": null, "vacancy_rate_hi": null, "stores": 1, "source": "stores+ledger", "capacity_method": "floor_ouln", "active_pip": 0, "licensed": 1, "id": "1159010100100370008-1", "pnu": "1159010100100370008", "floors": 3, "height": 0.0}}, {"type": "Feature", "geometry": {"type": "Polygon", "coordinates": [[[126.93800414, 37.51259471], [126.93792054, 37.51259664], [126.93792295, 37.51267801], [126.93806222, 37.51267583], [126.93805873, 37.51262121], [126.93804247, 37.51262176], [126.93804178, 37.51260262], [126.93800538, 37.51260344], [126.93800414, 37.51259471]]]}, "properties": {"name": "노량진동 39-23", "status": "empty", "capacity": 1, "active": 0, "industry": "", "vacancy_rate": 100.0, "source": "polygon_only", "capacity_method": "floor_approx", "active_pip": 0, "licensed": 0, "id": "1159010100100390023-1", "pnu": "1159010100100390023", "floors": 1, "height": 0.0}}, {"type": "Feature", "geometry": {"type": "Polygon", "coordinates": [[[126.93824479, 37.51244928], [126.93811539, 37.51247906], [126.93812227, 37.51249932], [126.93811856, 37.51250074], [126.93813232, 37.51253819], [126.93826524, 37.51250954], [126.93824479, 37.51244928]]]}, "properties": {"name": "노량진동 39-17", "status": "empty", "capacity": 3, "active": 0, "industry": "", "vacancy_rate": 100.0, "source": "polygon_only", "capacity_method": "floor_approx", "active_pip": 0, "licensed": 0, "id": "1159010100100390017-1", "pnu": "1159010100100390017", "floors": 3, "height": 0.0}}, {"type": "Feature", "geometry": {"type": "Polygon", "coordinates": [[[126.93934427, 37.51176057], [126.9392711, 37.51176222], [126.93927161, 37.5117808], [126.93924192, 37.51178248], [126.93922917, 37.5118081], [126.93923659, 37.51181515], [126.93935607, 37.51180985], [126.93934427, 37.51176057]]]}, "properties": {"name": "노량진동 243-15", "status": "full", "capacity": 2, "active": 2, "industry": "중식", "vacancy_rate": 0.0, "vacancy_rate_lo": null, "vacancy_rate_hi": null, "stores": 2, "source": "stores+ledger", "capacity_method": "floor_ouln", "active_pip": 0, "licensed": 1, "id": "1159010100102430015-1", "pnu": "1159010100102430015", "floors": 4, "height": 0.0}}, {"type": "Feature", "geometry": {"type": "Polygon", "coordinates": [[[126.93733088, 37.51163282], [126.93731668, 37.51171616], [126.9374342, 37.51172861], [126.9374514, 37.51164668], [126.93733088, 37.51163282]]]}, "properties": {"name": "노량진동 256-37", "status": "full", "capacity": 1, "active": 1, "industry": "의약·화장품 소매", "vacancy_rate": 0.0, "vacancy_rate_lo": null, "vacancy_rate_hi": null, "stores": 1, "source": "stores+ledger", "capacity_method": "floor_ouln", "active_pip": 0, "licensed": 1, "id": "1159010100102560037-1", "pnu": "1159010100102560037", "floors": 1, "height": 0.0}}, {"type": "Feature", "geometry": {"type": "Polygon", "coordinates": [[[126.93797292, 37.51252346], [126.93793102, 37.51252879], [126.93793383, 37.51255498], [126.9379789, 37.512555], [126.93797292, 37.51252346]]]}, "properties": {"name": "노량진동 39-27", "status": "full", "capacity": 3, "active": 3, "industry": "한식", "vacancy_rate": 0.0, "vacancy_rate_lo": null, "vacancy_rate_hi": null, "stores": 3, "source": "stores+ledger", "capacity_method": "floor_ouln", "active_pip": 0, "licensed": 3, "id": "1159010100100390027-2", "pnu": "1159010100100390027", "floors": 0, "height": 0.0}}, {"type": "Feature", "geometry": {"type": "Polygon", "coordinates": [[[126.93794324, 37.51250373], [126.93788066, 37.51252031], [126.93789178, 37.51254735], [126.93793013, 37.5125378], [126.93792872, 37.51252794], [126.93794976, 37.51252373], [126.93794324, 37.51250373]]]}, "properties": {"name": "노량진동 39-27", "status": "full", "capacity": 3, "active": 3, "industry": "한식", "vacancy_rate": 0.0, "vacancy_rate_lo": null, "vacancy_rate_hi": null, "stores": 3, "source": "stores+ledger", "capacity_method": "floor_ouln", "active_pip": 0, "licensed": 3, "id": "1159010100100390027-3", "pnu": "1159010100100390027", "floors": 0, "height": 0.0}}, {"type": "Feature", "geometry": {"type": "Polygon", "coordinates": [[[126.93848009, 37.51257863], [126.93842159, 37.51258902], [126.93842352, 37.51260197], [126.93837138, 37.51261321], [126.93839093, 37.51268108], [126.93850424, 37.51266199], [126.93848009, 37.51257863]]]}, "properties": {"name": "노량진동 39-8", "status": "full", "capacity": 2, "active": 2, "industry": "한식", "vacancy_rate": 0.0, "vacancy_rate_lo": null, "vacancy_rate_hi": null, "stores": 2, "source": "stores+ledger", "capacity_method": "floor_ouln", "active_pip": 0, "licensed": 2, "id": "1159010100100390008-1", "pnu": "1159010100100390008", "floors": 2, "height": 6.5}}, {"type": "Feature", "geometry": {"type": "Polygon", "coordinates": [[[126.93818194, 37.51259227], [126.93806759, 37.51259475], [126.93806983, 37.5126702], [126.93818594, 37.51266689], [126.93818194, 37.51259227]]]}, "properties": {"name": "노량진동 39-20", "status": "empty", "capacity": 2, "active": 0, "industry": "", "vacancy_rate": 100.0, "source": "polygon_only", "capacity_method": "floor_approx", "active_pip": 0, "licensed": 0, "id": "1159010100100390020-1", "pnu": "1159010100100390020", "floors": 2, "height": 7.7}}, {"type": "Feature", "geometry": {"type": "Polygon", "coordinates": [[[126.93753646, 37.51222702], [126.93745072, 37.51224302], [126.93746183, 37.51228104], [126.9374659, 37.51228104], [126.93748054, 37.51232554], [126.93756255, 37.51230757], [126.93753646, 37.51222702]]]}, "properties": {"name": "노량진동 258-32", "status": "full", "capacity": 5, "active": 5, "industry": "기타 간이", "vacancy_rate": 0.0, "vacancy_rate_lo": null, "vacancy_rate_hi": null, "stores": 5, "source": "stores+ledger", "capacity_method": "floor_ouln", "active_pip": 0, "licensed": 2, "id": "1159010100102580032-1", "pnu": "1159010100102580032", "floors": 3, "height": 0.0}}, {"type": "Feature", "geometry": {"type": "Polygon", "coordinates": [[[126.93760301, 37.51252778], [126.9374273, 37.51256963], [126.93746575, 37.51267806], [126.93756172, 37.51265784], [126.93756897, 37.5126584], [126.93757445, 37.51265813], [126.93757957, 37.51265671], [126.93758328, 37.51265475], [126.93758683, 37.5126511], [126.93761693, 37.51257959], [126.93761907, 37.51255454], [126.93760301, 37.51252778]]]}, "properties": {"name": "노량진동", "status": "full", "capacity": 5, "active": 5, "industry": "한식", "vacancy_rate": 0.0, "vacancy_rate_lo": null, "vacancy_rate_hi": null, "stores": 5, "source": "stores+ledger", "capacity_method": "floor_ouln", "active_pip": 0, "licensed": 3, "id": "1159010100100360003-1", "pnu": "1159010100100360003", "floors": 5, "height": 2.8}}, {"type": "Feature", "geometry": {"type": "Polygon", "coordinates": [[[126.93777303, 37.51231894], [126.93771628, 37.51233327], [126.93772122, 37.51234594], [126.93767562, 37.51235718], [126.93768972, 37.51239914], [126.9377217, 37.51241493], [126.93780071, 37.512393], [126.93777303, 37.51231894]]]}, "properties": {"name": "노량진동 257-3", "status": "partial", "capacity": 2, "active": 1, "industry": "식료품 소매", "vacancy_rate": 50.0, "vacancy_rate_lo": null, "vacancy_rate_hi": null, "stores": 1, "source": "stores+ledger", "capacity_method": "floor_ouln", "active_pip": 0, "licensed": 1, "id": "1159010100102570003-1", "pnu": "1159010100102570003", "floors": 4, "height": 0.0}}, {"type": "Feature", "geometry": {"type": "Polygon", "coordinates": [[[126.93732134, 37.51248982], [126.93728953, 37.51241137], [126.93719696, 37.51243519], [126.93722879, 37.51251364], [126.93732134, 37.51248982]]]}, "properties": {"name": "노량진동 258-40", "status": "high", "capacity": 4, "active": 1, "industry": "", "vacancy_rate": 75.0, "source": "pip_only", "capacity_method": "floor_approx", "active_pip": 0, "licensed": 1, "id": "1159010100102580040-1", "pnu": "1159010100102580040", "floors": 4, "height": 11.4}}, {"type": "Feature", "geometry": {"type": "Polygon", "coordinates": [[[126.93737683, 37.51208966], [126.93744468, 37.51207558], [126.93741986, 37.51199972], [126.93735201, 37.51201381], [126.93737683, 37.51208966]]]}, "properties": {"name": "노량진동 256-44", "status": "empty", "capacity": 3, "active": 0, "industry": "", "vacancy_rate": 100.0, "source": "polygon_only", "capacity_method": "floor_approx", "active_pip": 0, "licensed": 0, "id": "1159010100102560044-1", "pnu": "1159010100102560044", "floors": 3, "height": 7.9}}, {"type": "Feature", "geometry": {"type": "Polygon", "coordinates": [[[126.93870966, 37.51238023], [126.93870839, 37.51238048], [126.93871392, 37.51240006], [126.93870239, 37.51240234], [126.9387311, 37.51249431], [126.93873188, 37.51249455], [126.93881309, 37.51247846], [126.93877848, 37.5123666], [126.93870966, 37.51238023]]]}, "properties": {"name": "노량진동 39-12", "status": "empty", "capacity": 10, "active": 0, "industry": "", "vacancy_rate": 100.0, "source": "polygon_only", "capacity_method": "floor_approx", "active_pip": 0, "licensed": 0, "id": "1159010100100390012-1", "pnu": "1159010100100390012", "floors": 10, "height": 30.6}}, {"type": "Feature", "geometry": {"type": "Polygon", "coordinates": [[[126.93873931, 37.51259573], [126.93870017, 37.51249951], [126.93858682, 37.51252394], [126.93846566, 37.51255278], [126.93849798, 37.51265145], [126.93862438, 37.51262366], [126.93873931, 37.51259573]]]}, "properties": {"name": "노량진동 39-9", "status": "empty", "capacity": 13, "active": 0, "industry": "", "vacancy_rate": 100.0, "source": "polygon_only", "capacity_method": "floor_approx", "active_pip": 0, "licensed": 0, "id": "1159010100100390009-1", "pnu": "1159010100100390009", "floors": 13, "height": 39.7}}, {"type": "Feature", "geometry": {"type": "Polygon", "coordinates": [[[126.94090864, 37.50890801], [126.94083314, 37.5089533], [126.94086614, 37.509013], [126.94088028, 37.50900371], [126.94088451, 37.5090071], [126.9409793, 37.50894773], [126.94090864, 37.50890801]]]}, "properties": {"name": "노량진동 232-160", "status": "full", "capacity": 1, "active": 1, "industry": "기타 간이", "vacancy_rate": 0.0, "vacancy_rate_lo": null, "vacancy_rate_hi": null, "stores": 1, "source": "stores+ledger", "capacity_method": "floor_ouln", "active_pip": 0, "licensed": 0, "id": "1159010100102320160-1", "pnu": "1159010100102320160", "floors": 2, "height": 0.0}}, {"type": "Feature", "geometry": {"type": "Polygon", "coordinates": [[[126.93996283, 37.50933268], [126.93996227, 37.50936731], [126.93993417, 37.5093673], [126.93993434, 37.50936279], [126.93988998, 37.50936362], [126.93988958, 37.50943175], [126.93995867, 37.50943404], [126.93995866, 37.5094408], [126.93998288, 37.50944194], [126.93998288, 37.50944616], [126.94000002, 37.50944842], [126.94003889, 37.50945435], [126.94003952, 37.5093361], [126.93999993, 37.50933439], [126.93996283, 37.50933268]]]}, "properties": {"name": "노량진동 231-121", "status": "full", "capacity": 2, "active": 2, "industry": "유원지·오락", "vacancy_rate": 0.0, "vacancy_rate_lo": null, "vacancy_rate_hi": null, "stores": 2, "source": "stores+ledger", "capacity_method": "floor_ouln", "active_pip": 0, "licensed": 0, "id": "1159010100102310121-1", "pnu": "1159010100102310121", "floors": 2, "height": 0.0}}, {"type": "Feature", "geometry": {"type": "Polygon", "coordinates": [[[126.93998341, 37.50921697], [126.93984875, 37.5092276], [126.93985524, 37.50928419], [126.93994555, 37.50927889], [126.9399466, 37.50928903], [126.9399929, 37.50928539], [126.93998341, 37.50921697]]]}, "properties": {"name": "노량진동 231-72", "status": "full", "capacity": 1, "active": 1, "industry": "한식", "vacancy_rate": 0.0, "vacancy_rate_lo": null, "vacancy_rate_hi": null, "stores": 1, "source": "stores+ledger", "capacity_method": "floor_ouln", "active_pip": 0, "licensed": 1, "id": "1159010100102310072-1", "pnu": "1159010100102310072", "floors": 3, "height": 0.0}}, {"type": "Feature", "geometry": {"type": "Polygon", "coordinates": [[[126.94073489, 37.50893523], [126.94073508, 37.50892396], [126.94072058, 37.50892339], [126.94071885, 37.50889185], [126.9407503, 37.508893], [126.94074892, 37.50884823], [126.94071976, 37.50884793], [126.94071982, 37.50878345], [126.94062121, 37.50878312], [126.94062214, 37.50873413], [126.94041942, 37.508736], [126.9404224, 37.5089925], [126.94071948, 37.50899068], [126.94072217, 37.50893465], [126.94073489, 37.50893523]]]}, "properties": {"name": "노량진동 231-4", "status": "empty", "capacity": 3, "active": 0, "industry": "", "vacancy_rate": 100.0, "source": "polygon_only", "capacity_method": "floor_approx", "active_pip": 0, "licensed": 0, "id": "1159010100102310004-1", "pnu": "1159010100102310004", "floors": 3, "height": 0.0}}, {"type": "Feature", "geometry": {"type": "Polygon", "coordinates": [[[126.94035015, 37.51025686], [126.9404501, 37.5102559], [126.94044724, 37.51011719], [126.94040274, 37.51009532], [126.94037959, 37.51009573], [126.94037881, 37.51008196], [126.94034607, 37.510083], [126.94035015, 37.51025686]]]}, "properties": {"name": "노량진동 232-143", "status": "high", "capacity": 7, "active": 2, "industry": "가전·통신 소매", "vacancy_rate": 71.4, "vacancy_rate_lo": null, "vacancy_rate_hi": null, "stores": 2, "source": "stores+ledger", "capacity_method": "floor_ouln", "active_pip": 0, "licensed": 0, "id": "1159010100102320143-1", "pnu": "1159010100102320143", "floors": 7, "height": 0.0}}, {"type": "Feature", "geometry": {"type": "Polygon", "coordinates": [[[126.94035479, 37.51038992], [126.94042552, 37.51038973], [126.94042522, 37.51036257], [126.94047568, 37.5103624], [126.94047521, 37.51025737], [126.94035281, 37.51025801], [126.94035479, 37.51038992]]]}, "properties": {"name": "노량진동 232-142", "status": "high", "capacity": 6, "active": 1, "industry": "일반 교육", "vacancy_rate": 83.3, "vacancy_rate_lo": null, "vacancy_rate_hi": null, "stores": 1, "source": "stores+ledger", "capacity_method": "floor_ouln", "active_pip": 0, "licensed": 0, "id": "1159010100102320142-1", "pnu": "1159010100102320142", "floors": 6, "height": 0.0}}, {"type": "Feature", "geometry": {"type": "Polygon", "coordinates": [[[126.94033178, 37.50805852], [126.94024199, 37.50806776], [126.9402557, 37.50816265], [126.94034938, 37.50815284], [126.94034902, 37.5081444], [126.94045896, 37.50813234], [126.94044911, 37.5080642], [126.94033529, 37.50807372], [126.94033178, 37.50805852]]]}, "properties": {"name": "노량진동 309-18", "status": "full", "capacity": 3, "active": 3, "industry": "주점", "vacancy_rate": 0.0, "vacancy_rate_lo": null, "vacancy_rate_hi": null, "stores": 3, "source": "stores+ledger", "capacity_method": "floor_ouln", "active_pip": 0, "licensed": 2, "id": "1159010100103090018-1", "pnu": "1159010100103090018", "floors": 3, "height": 0.0}}, {"type": "Feature", "geometry": {"type": "Polygon", "coordinates": [[[126.93989313, 37.51006499], [126.93980051, 37.51009367], [126.9398005, 37.51009873], [126.93977894, 37.5101052], [126.93978688, 37.51012069], [126.93977468, 37.51012462], [126.93979073, 37.51016799], [126.93991729, 37.51013061], [126.93989313, 37.51006499]]]}, "properties": {"name": "노량진동 233-10", "status": "empty", "capacity": 2, "active": 0, "industry": "", "vacancy_rate": 100.0, "source": "polygon_only", "capacity_method": "floor_approx", "active_pip": 0, "licensed": 0, "id": "1159010100102330010-1", "pnu": "1159010100102330010", "floors": 2, "height": 0.0}}, {"type": "Feature", "geometry": {"type": "Polygon", "coordinates": [[[126.9403257, 37.50970256], [126.94032766, 37.50990162], [126.94035487, 37.50990192], [126.94049284, 37.50974235], [126.9403257, 37.50970256]]]}, "properties": {"name": "오른쪽세번째칸", "status": "full", "capacity": 4, "active": 4, "industry": "섬유·의복·신발 소매", "vacancy_rate": 0.0, "vacancy_rate_lo": null, "vacancy_rate_hi": null, "stores": 4, "source": "stores+ledger", "capacity_method": "floor_ouln", "active_pip": 0, "licensed": 1, "id": "1159010100102330006-1", "pnu": "1159010100102330006", "floors": 3, "height": 0.0}}, {"type": "Feature", "geometry": {"type": "Polygon", "coordinates": [[[126.94065577, 37.50843202], [126.94056716, 37.50852349], [126.94065088, 37.50857338], [126.94074144, 37.5084819], [126.94065577, 37.50843202]]]}, "properties": {"name": "노량진동 229-101", "status": "high", "capacity": 3, "active": 1, "industry": "세탁", "vacancy_rate": 66.7, "vacancy_rate_lo": null, "vacancy_rate_hi": null, "stores": 1, "source": "stores+ledger", "capacity_method": "expos_units", "active_pip": 0, "licensed": 0, "id": "1159010100102290101-1", "pnu": "1159010100102290101", "floors": 3, "height": 8.9}}, {"type": "Feature", "geometry": {"type": "Polygon", "coordinates": [[[126.9403212, 37.50914731], [126.94031883, 37.5092346], [126.94040841, 37.50923803], [126.94041538, 37.50915271], [126.9403212, 37.50914731]]]}, "properties": {"name": "노량진동 231-106", "status": "full", "capacity": 2, "active": 2, "industry": "한식", "vacancy_rate": 0.0, "vacancy_rate_lo": null, "vacancy_rate_hi": null, "stores": 2, "source": "stores+ledger", "capacity_method": "floor_ouln", "active_pip": 0, "licensed": 1, "id": "1159010100102310106-1", "pnu": "1159010100102310106", "floors": 2, "height": 0.0}}, {"type": "Feature", "geometry": {"type": "Polygon", "coordinates": [[[126.94046662, 37.50827708], [126.94042176, 37.50825143], [126.94041203, 37.50826241], [126.94038393, 37.50824719], [126.9403449, 37.50822634], [126.94027665, 37.50826347], [126.94040913, 37.50834153], [126.94046662, 37.50827708]]]}, "properties": {"name": "노량진동 230-1", "status": "partial", "capacity": 2, "active": 1, "industry": "한식", "vacancy_rate": 50.0, "vacancy_rate_lo": null, "vacancy_rate_hi": null, "stores": 1, "source": "stores+ledger", "capacity_method": "floor_ouln", "active_pip": 0, "licensed": 1, "id": "1159010100102300001-1", "pnu": "1159010100102300001", "floors": 2, "height": 0.0}}, {"type": "Feature", "geometry": {"type": "Polygon", "coordinates": [[[126.94058363, 37.5091435], [126.94053997, 37.50914376], [126.94054237, 37.50923809], [126.94062331, 37.50923841], [126.94062405, 37.50920096], [126.94060867, 37.50920123], [126.94060869, 37.50917871], [126.94061841, 37.50917899], [126.94061985, 37.50915112], [126.94058363, 37.50914998], [126.94058363, 37.5091435]]]}, "properties": {"name": "노량진동 231-105", "status": "empty", "capacity": 1, "active": 0, "industry": "", "vacancy_rate": 100.0, "source": "polygon_only", "capacity_method": "floor_approx", "active_pip": 0, "licensed": 0, "id": "1159010100102310105-1", "pnu": "1159010100102310105", "floors": 1, "height": 0.0}}, {"type": "Feature", "geometry": {"type": "Polygon", "coordinates": [[[126.94032348, 37.5096088], [126.9404106, 37.50960659], [126.94045002, 37.50960576], [126.94050197, 37.50960438], [126.94050165, 37.50956469], [126.94048875, 37.50956496], [126.94048682, 37.50954243], [126.94032282, 37.50954347], [126.94032348, 37.5096088]]]}, "properties": {"name": "노량진동 231-153", "status": "full", "capacity": 1, "active": 1, "industry": "가구 소매", "vacancy_rate": 0.0, "vacancy_rate_lo": null, "vacancy_rate_hi": null, "stores": 1, "source": "stores+ledger", "capacity_method": "floor_ouln", "active_pip": 0, "licensed": 0, "id": "1159010100102310153-1", "pnu": "1159010100102310153", "floors": 2, "height": 0.0}}, {"type": "Feature", "geometry": {"type": "Polygon", "coordinates": [[[126.94109399, 37.50985471], [126.94102484, 37.50989832], [126.94107517, 37.50995353], [126.94113546, 37.50991611], [126.94111887, 37.50989611], [126.94112611, 37.50989104], [126.94109399, 37.50985471]]]}, "properties": {"name": "노량진동 232-286", "status": "high", "capacity": 4, "active": 1, "industry": "종합 소매", "vacancy_rate": 75.0, "vacancy_rate_lo": null, "vacancy_rate_hi": null, "stores": 1, "source": "stores+ledger", "capacity_method": "floor_ouln", "active_pip": 0, "licensed": 0, "id": "1159010100102320286-1", "pnu": "1159010100102320286", "floors": 4, "height": 11.9}}, {"type": "Feature", "geometry": {"type": "Polygon", "coordinates": [[[126.94097628, 37.50873402], [126.94089299, 37.50880521], [126.94096204, 37.50885593], [126.94104516, 37.50878474], [126.94097628, 37.50873402]]]}, "properties": {"name": "노량진동 229", "status": "empty", "capacity": 2, "active": 0, "industry": "", "vacancy_rate": 100.0, "source": "polygon_only", "capacity_method": "floor_approx", "active_pip": 0, "licensed": 0, "id": "1159010100102290000-1", "pnu": "1159010100102290000", "floors": 2, "height": 0.0}}, {"type": "Feature", "geometry": {"type": "Polygon", "coordinates": [[[126.94046917, 37.50862142], [126.94028768, 37.50862612], [126.94028971, 37.50872382], [126.94044841, 37.50871968], [126.94044755, 37.50868928], [126.94047159, 37.50868872], [126.94046917, 37.50862142]]]}, "properties": {"name": "노량진동 231-170", "status": "high", "capacity": 3, "active": 1, "industry": "주점", "vacancy_rate": 66.7, "vacancy_rate_lo": null, "vacancy_rate_hi": null, "stores": 1, "source": "stores+ledger", "capacity_method": "floor_ouln", "active_pip": 0, "licensed": 1, "id": "1159010100102310170-1", "pnu": "1159010100102310170", "floors": 4, "height": 0.0}}, {"type": "Feature", "geometry": {"type": "Polygon", "coordinates": [[[126.94050364, 37.50927326], [126.94045717, 37.50927324], [126.94045698, 37.50927549], [126.9403172, 37.50927543], [126.94032116, 37.50941677], [126.94050196, 37.50941067], [126.94050364, 37.50927326]]]}, "properties": {"name": "노량진동 231-27", "status": "partial", "capacity": 3, "active": 2, "industry": "기타 숙박", "vacancy_rate": 33.3, "vacancy_rate_lo": null, "vacancy_rate_hi": null, "stores": 2, "source": "stores+ledger", "capacity_method": "floor_ouln", "active_pip": 0, "licensed": 0, "id": "1159010100102310027-1", "pnu": "1159010100102310027", "floors": 3, "height": 0.0}}, {"type": "Feature", "geometry": {"type": "Polygon", "coordinates": [[[126.94187568, 37.50910923], [126.9418, 37.50917902], [126.94185351, 37.50921875], [126.94185156, 37.509221], [126.94189784, 37.50925453], [126.94188988, 37.50926156], [126.94195028, 37.50930354], [126.94204314, 37.50921828], [126.94189053, 37.50911121], [126.9418854, 37.50911459], [126.94187568, 37.50910923]]]}, "properties": {"name": "노량진동 225-213", "status": "empty", "capacity": 2, "active": 0, "industry": "", "vacancy_rate": 100.0, "source": "polygon_only", "capacity_method": "floor_approx", "active_pip": 0, "licensed": 0, "id": "1159010100102250213-1", "pnu": "1159010100102250213", "floors": 2, "height": 0.0}}, {"type": "Feature", "geometry": {"type": "Polygon", "coordinates": [[[126.9406621, 37.51003892], [126.94057931, 37.51012672], [126.94070614, 37.51020168], [126.94071304, 37.51019747], [126.94076108, 37.51022621], [126.94080584, 37.51017893], [126.94079824, 37.51017582], [126.94082513, 37.51014318], [126.94079298, 37.51012543], [126.94080235, 37.51011783], [126.9406621, 37.51003892]]]}, "properties": {"name": "노량진동 232-20", "status": "partial", "capacity": 2, "active": 1, "industry": "기타 숙박", "vacancy_rate": 50.0, "vacancy_rate_lo": null, "vacancy_rate_hi": null, "stores": 1, "source": "stores+ledger", "capacity_method": "floor_ouln", "active_pip": 0, "licensed": 0, "id": "1159010100102320020-1", "pnu": "1159010100102320020", "floors": 4, "height": 0.0}}, {"type": "Feature", "geometry": {"type": "Polygon", "coordinates": [[[126.94038393, 37.50824719], [126.94039314, 37.50823424], [126.94035957, 37.50821536], [126.9403486, 37.50822718], [126.94038393, 37.50824719]]]}, "properties": {"name": "노량진동 309-38", "status": "partial", "capacity": 2, "active": 1, "industry": "의약·화장품 소매", "vacancy_rate": 50.0, "vacancy_rate_lo": null, "vacancy_rate_hi": null, "stores": 1, "source": "stores+ledger", "capacity_method": "floor_ouln", "active_pip": 0, "licensed": 0, "id": "1159010100103090038-1", "pnu": "1159010100103090038", "floors": 0, "height": 0.0}}, {"type": "Feature", "geometry": {"type": "Polygon", "coordinates": [[[126.9413637, 37.50867115], [126.94131878, 37.50870914], [126.94132214, 37.50871167], [126.94129456, 37.50873306], [126.94138552, 37.50879758], [126.94142761, 37.50875988], [126.94142991, 37.50876128], [126.94145626, 37.50874102], [126.9413637, 37.50867115]]]}, "properties": {"name": "노량진동 225-40", "status": "empty", "capacity": 4, "active": 0, "industry": "", "vacancy_rate": 100.0, "source": "polygon_only", "capacity_method": "floor_approx", "active_pip": 0, "licensed": 0, "id": "1159010100102250040-1", "pnu": "1159010100102250040", "floors": 4, "height": 11.9}}, {"type": "Feature", "geometry": {"type": "Polygon", "coordinates": [[[126.94124, 37.50913032], [126.94114963, 37.50921614], [126.94122364, 37.50926348], [126.94131294, 37.50917906], [126.94124, 37.50913032]]]}, "properties": {"name": "노량진동 232-251", "status": "high", "capacity": 3, "active": 1, "industry": "기타 숙박", "vacancy_rate": 66.7, "vacancy_rate_lo": null, "vacancy_rate_hi": null, "stores": 1, "source": "stores+ledger", "capacity_method": "floor_ouln", "active_pip": 0, "licensed": 0, "id": "1159010100102320251-1", "pnu": "1159010100102320251", "floors": 4, "height": 0.0}}, {"type": "Feature", "geometry": {"type": "Polygon", "coordinates": [[[126.93987435, 37.50836968], [126.93953664, 37.50836952], [126.93953718, 37.50855873], [126.93987367, 37.50856313], [126.93987435, 37.50836968]]]}, "properties": {"name": "노량진동 307-70", "status": "full", "capacity": 2, "active": 2, "industry": "", "vacancy_rate": 0.0, "source": "pip_only", "capacity_method": "floor_approx", "active_pip": 2, "licensed": 1, "id": "1159010100103070070-1", "pnu": "1159010100103070070", "floors": 2, "height": 0.0}}, {"type": "Feature", "geometry": {"type": "Polygon", "coordinates": [[[126.94054503, 37.5083492], [126.94041315, 37.5084046], [126.94041227, 37.50840657], [126.94048043, 37.50847164], [126.94061179, 37.50839005], [126.94054503, 37.5083492]]]}, "properties": {"name": "노량진동 229-135", "status": "high", "capacity": 3, "active": 1, "industry": "의원", "vacancy_rate": 66.7, "vacancy_rate_lo": null, "vacancy_rate_hi": null, "stores": 1, "source": "stores+ledger", "capacity_method": "floor_ouln", "active_pip": 0, "licensed": 0, "id": "1159010100102290135-1", "pnu": "1159010100102290135", "floors": 3, "height": 0.0}}, {"type": "Feature", "geometry": {"type": "Polygon", "coordinates": [[[126.94052801, 37.50817827], [126.94048399, 37.50822836], [126.94049441, 37.50823344], [126.94047706, 37.50825737], [126.94054596, 37.50829119], [126.94061212, 37.5082152], [126.94056441, 37.50818927], [126.94055947, 37.50819489], [126.94052801, 37.50817827]]]}, "properties": {"name": "노량진동 230-11", "status": "partial", "capacity": 2, "active": 1, "industry": "", "vacancy_rate": 50.0, "source": "pip_only", "capacity_method": "floor_approx", "active_pip": 0, "licensed": 1, "id": "1159010100102300011-1", "pnu": "1159010100102300011", "floors": 2, "height": 0.0}}, {"type": "Feature", "geometry": {"type": "Polygon", "coordinates": [[[126.94030969, 37.50849887], [126.94031383, 37.50861966], [126.94046158, 37.50861664], [126.94046039, 37.50855469], [126.94030969, 37.50849887]]]}, "properties": {"name": "노량진동 231-111", "status": "full", "capacity": 2, "active": 2, "industry": "이용·미용", "vacancy_rate": 0.0, "vacancy_rate_lo": null, "vacancy_rate_hi": null, "stores": 2, "source": "stores+ledger", "capacity_method": "floor_ouln", "active_pip": 0, "licensed": 0, "id": "1159010100102310111-1", "pnu": "1159010100102310111", "floors": 3, "height": 0.0}}, {"type": "Feature", "geometry": {"type": "Polygon", "coordinates": [[[126.93993022, 37.50789331], [126.93988886, 37.50789582], [126.93992315, 37.50812081], [126.9399622, 37.5081228], [126.93993022, 37.50789331]]]}, "properties": {"name": "좌측", "status": "full", "capacity": 3, "active": 3, "industry": "이용·미용", "vacancy_rate": 0.0, "vacancy_rate_lo": null, "vacancy_rate_hi": null, "stores": 3, "source": "stores+ledger", "capacity_method": "floor_ouln", "active_pip": 0, "licensed": 0, "id": "1159010100103090004-1", "pnu": "1159010100103090004", "floors": 2, "height": 0.0}}, {"type": "Feature", "geometry": {"type": "Polygon", "coordinates": [[[126.93988798, 37.50943851], [126.93986458, 37.50952579], [126.9399904, 37.50954921], [126.93999205, 37.50945602], [126.93988798, 37.50943851]]]}, "properties": {"name": "노량진동 231-119", "status": "high", "capacity": 4, "active": 1, "industry": "오락용품 소매", "vacancy_rate": 75.0, "vacancy_rate_lo": null, "vacancy_rate_hi": null, "stores": 1, "source": "stores+ledger", "capacity_method": "floor_ouln", "active_pip": 0, "licensed": 0, "id": "1159010100102310119-1", "pnu": "1159010100102310119", "floors": 4, "height": 11.19}}, {"type": "Feature", "geometry": {"type": "Polygon", "coordinates": [[[126.94061727, 37.50839794], [126.94050287, 37.50846461], [126.94055285, 37.50850716], [126.94064465, 37.50841484], [126.94061727, 37.50839794]]]}, "properties": {"name": "노량진동 229-102", "status": "empty", "capacity": 2, "active": 0, "industry": "", "vacancy_rate": 100.0, "source": "polygon_only", "capacity_method": "floor_approx", "active_pip": 0, "licensed": 0, "id": "1159010100102290102-1", "pnu": "1159010100102290102", "floors": 2, "height": 7.3}}, {"type": "Feature", "geometry": {"type": "Polygon", "coordinates": [[[126.93998435, 37.51026946], [126.94000007, 37.51026919], [126.9400522, 37.51026809], [126.94004961, 37.51019882], [126.93999995, 37.51019794], [126.93998351, 37.51019766], [126.93998351, 37.51019878], [126.9399632, 37.51019934], [126.9399637, 37.51022187], [126.93989125, 37.51022351], [126.93989056, 37.51020944], [126.93983895, 37.51021053], [126.93983943, 37.51027304], [126.93998435, 37.51026946]]]}, "properties": {"name": "노량진동 235-10", "status": "empty", "capacity": 2, "active": 0, "industry": "", "vacancy_rate": 100.0, "source": "polygon_only", "capacity_method": "floor_approx", "active_pip": 0, "licensed": 0, "id": "1159010100102350010-1", "pnu": "1159010100102350010", "floors": 2, "height": 0.0}}, {"type": "Feature", "geometry": {"type": "Polygon", "coordinates": [[[126.93944054, 37.50897567], [126.93941363, 37.5090407], [126.93949471, 37.50906102], [126.93952429, 37.50899346], [126.93944054, 37.50897567]]]}, "properties": {"name": "노량진동 307-49", "status": "empty", "capacity": 3, "active": 0, "industry": "", "vacancy_rate": 100.0, "source": "polygon_only", "capacity_method": "floor_approx", "active_pip": 0, "licensed": 0, "id": "1159010100103070049-1", "pnu": "1159010100103070049", "floors": 3, "height": 9.1}}, {"type": "Feature", "geometry": {"type": "Polygon", "coordinates": [[[126.9400325, 37.50993809], [126.94000015, 37.50993835], [126.93997595, 37.50993862], [126.93989726, 37.50999236], [126.93989867, 37.50999996], [126.93990236, 37.51001882], [126.94000009, 37.51001043], [126.94004799, 37.51000623], [126.94004817, 37.51000004], [126.94004963, 37.50993781], [126.9400325, 37.50993809]]]}, "properties": {"name": "노량진동 233-12", "status": "full", "capacity": 3, "active": 3, "industry": "이용·미용", "vacancy_rate": 0.0, "vacancy_rate_lo": null, "vacancy_rate_hi": null, "stores": 3, "source": "stores+ledger", "capacity_method": "floor_ouln", "active_pip": 0, "licensed": 2, "id": "1159010100102330012-1", "pnu": "1159010100102330012", "floors": 2, "height": 0.0}}, {"type": "Feature", "geometry": {"type": "Polygon", "coordinates": [[[126.94003415, 37.50920883], [126.94000003, 37.50921079], [126.93999208, 37.50921134], [126.93999995, 37.50931102], [126.94000153, 37.50933073], [126.94003952, 37.50933469], [126.94003415, 37.50920883]]]}, "properties": {"name": "노량진동 231-122", "status": "partial", "capacity": 2, "active": 1, "industry": "섬유·의복·신발 소매", "vacancy_rate": 50.0, "vacancy_rate_lo": null, "vacancy_rate_hi": null, "stores": 1, "source": "stores+ledger", "capacity_method": "floor_ouln", "active_pip": 0, "licensed": 0, "id": "1159010100102310122-1", "pnu": "1159010100102310122", "floors": 2, "height": 0.0}}, {"type": "Feature", "geometry": {"type": "Polygon", "coordinates": [[[126.93982218, 37.50994755], [126.93971011, 37.50999451], [126.93971346, 37.51000014], [126.93975017, 37.51005873], [126.93986137, 37.51001486], [126.93985271, 37.50999994], [126.93982218, 37.50994755]]]}, "properties": {"name": "노량진동 231-10", "status": "full", "capacity": 1, "active": 1, "industry": "주점", "vacancy_rate": 0.0, "vacancy_rate_lo": null, "vacancy_rate_hi": null, "stores": 1, "source": "stores+ledger", "capacity_method": "floor_ouln", "active_pip": 0, "licensed": 1, "id": "1159010100102310010-1", "pnu": "1159010100102310010", "floors": 3, "height": 0.0}}, {"type": "Feature", "geometry": {"type": "Polygon", "coordinates": [[[126.94000105, 37.50860289], [126.93999999, 37.50860289], [126.93992153, 37.50860285], [126.93992076, 37.50867521], [126.93991617, 37.50867521], [126.93991506, 37.50872955], [126.94000007, 37.50873044], [126.94000714, 37.50873044], [126.94000105, 37.50860289]]]}, "properties": {"name": "노량진동 307-159", "status": "partial", "capacity": 4, "active": 2, "industry": "", "vacancy_rate": 50.0, "source": "pip_only", "capacity_method": "floor_approx", "active_pip": 2, "licensed": 2, "id": "1159010100103070159-1", "pnu": "1159010100103070159", "floors": 4, "height": 0.0}}, {"type": "Feature", "geometry": {"type": "Polygon", "coordinates": [[[126.94129405, 37.50893635], [126.94119218, 37.50902921], [126.94128457, 37.50909035], [126.94138466, 37.50899524], [126.94129405, 37.50893635]]]}, "properties": {"name": "노량진동 225-3", "status": "empty", "capacity": 3, "active": 0, "industry": "", "vacancy_rate": 100.0, "source": "polygon_only", "capacity_method": "floor_approx", "active_pip": 0, "licensed": 0, "id": "1159010100102250003-1", "pnu": "1159010100102250003", "floors": 3, "height": 0.0}}, {"type": "Feature", "geometry": {"type": "Polygon", "coordinates": [[[126.94038822, 37.50819088], [126.94038485, 37.50820101], [126.94043928, 37.50821343], [126.9404267, 37.50825312], [126.94046309, 37.50827229], [126.94049815, 37.50818051], [126.94039974, 37.50815625], [126.94038822, 37.50819088]]]}, "properties": {"name": "노량진동 309-38", "status": "partial", "capacity": 2, "active": 1, "industry": "의약·화장품 소매", "vacancy_rate": 50.0, "vacancy_rate_lo": null, "vacancy_rate_hi": null, "stores": 1, "source": "stores+ledger", "capacity_method": "floor_ouln", "active_pip": 0, "licensed": 0, "id": "1159010100103090038-2", "pnu": "1159010100103090038", "floors": 2, "height": 0.0}}, {"type": "Feature", "geometry": {"type": "Polygon", "coordinates": [[[126.94033452, 37.50815988], [126.94025799, 37.50816688], [126.94026694, 37.50825333], [126.94027383, 37.50826262], [126.94034578, 37.50822436], [126.94033452, 37.50815988]]]}, "properties": {"name": "노량진동 309-39", "status": "full", "capacity": 2, "active": 2, "industry": "이용·미용", "vacancy_rate": 0.0, "vacancy_rate_lo": null, "vacancy_rate_hi": null, "stores": 2, "source": "stores+ledger", "capacity_method": "floor_ouln", "active_pip": 0, "licensed": 1, "id": "1159010100103090039-1", "pnu": "1159010100103090039", "floors": 2, "height": 0.0}}, {"type": "Feature", "geometry": {"type": "Polygon", "coordinates": [[[126.94037474, 37.50847806], [126.94037935, 37.50846258], [126.94030659, 37.50839947], [126.94027124, 37.50840565], [126.94027489, 37.50848224], [126.94035404, 37.5085079], [126.94037068, 37.50847581], [126.94037474, 37.50847806]]]}, "properties": {"name": "노량진동 231-112", "status": "full", "capacity": 3, "active": 3, "industry": "종합 소매", "vacancy_rate": 0.0, "vacancy_rate_lo": null, "vacancy_rate_hi": null, "stores": 3, "source": "stores+ledger", "capacity_method": "floor_ouln", "active_pip": 0, "licensed": 0, "id": "1159010100102310112-1", "pnu": "1159010100102310112", "floors": 3, "height": 0.0}}, {"type": "Feature", "geometry": {"type": "Polygon", "coordinates": [[[126.94037474, 37.50847806], [126.94035757, 37.50851354], [126.94042682, 37.50854088], [126.94043904, 37.50851358], [126.94038165, 37.50846371], [126.94037474, 37.50847806]]]}, "properties": {"name": "노량진동 231-112", "status": "full", "capacity": 3, "active": 3, "industry": "종합 소매", "vacancy_rate": 0.0, "vacancy_rate_lo": null, "vacancy_rate_hi": null, "stores": 3, "source": "stores+ledger", "capacity_method": "floor_ouln", "active_pip": 0, "licensed": 0, "id": "1159010100102310112-2", "pnu": "1159010100102310112", "floors": 0, "height": 0.0}}, {"type": "Feature", "geometry": {"type": "Polygon", "coordinates": [[[126.9408218, 37.508536], [126.94081933, 37.50853995], [126.94081544, 37.50853853], [126.94079651, 37.50855401], [126.94077497, 37.50854246], [126.94074879, 37.5085675], [126.94073625, 37.50856074], [126.94069645, 37.50859649], [126.94079873, 37.5086658], [126.94085425, 37.50861232], [126.94085531, 37.50861373], [126.94089281, 37.50858053], [126.9408218, 37.508536]]]}, "properties": {"name": "노량진동 225-50", "status": "empty", "capacity": 4, "active": 0, "industry": "", "vacancy_rate": 100.0, "source": "polygon_only", "capacity_method": "floor_approx", "active_pip": 0, "licensed": 0, "id": "1159010100102250050-1", "pnu": "1159010100102250050", "floors": 4, "height": 0.0}}, {"type": "Feature", "geometry": {"type": "Polygon", "coordinates": [[[126.94038822, 37.50819088], [126.94038825, 37.50815428], [126.94033788, 37.5081596], [126.9403442, 37.50819986], [126.94038822, 37.50819088]]]}, "properties": {"name": "노량진동 309-39", "status": "full", "capacity": 2, "active": 2, "industry": "이용·미용", "vacancy_rate": 0.0, "vacancy_rate_lo": null, "vacancy_rate_hi": null, "stores": 2, "source": "stores+ledger", "capacity_method": "floor_ouln", "active_pip": 0, "licensed": 1, "id": "1159010100103090039-2", "pnu": "1159010100103090039", "floors": 0, "height": 0.0}}, {"type": "Feature", "geometry": {"type": "Polygon", "coordinates": [[[126.94032348, 37.5096088], [126.94032746, 37.50969946], [126.94041157, 37.50971753], [126.9404106, 37.50960659], [126.94032348, 37.5096088]]]}, "properties": {"name": "노량진동 231-173", "status": "partial", "capacity": 2, "active": 1, "industry": "한식", "vacancy_rate": 50.0, "vacancy_rate_lo": null, "vacancy_rate_hi": null, "stores": 1, "source": "stores+ledger", "capacity_method": "floor_ouln", "active_pip": 0, "licensed": 1, "id": "1159010100102310173-1", "pnu": "1159010100102310173", "floors": 3, "height": 0.0}}, {"type": "Feature", "geometry": {"type": "Polygon", "coordinates": [[[126.94046662, 37.50827708], [126.94041144, 37.50834349], [126.94046444, 37.50835056], [126.94053677, 37.50829991], [126.94046662, 37.50827708]]]}, "properties": {"name": "노량진동 230-1", "status": "partial", "capacity": 2, "active": 1, "industry": "한식", "vacancy_rate": 50.0, "vacancy_rate_lo": null, "vacancy_rate_hi": null, "stores": 1, "source": "stores+ledger", "capacity_method": "floor_ouln", "active_pip": 0, "licensed": 1, "id": "1159010100102300001-2", "pnu": "1159010100102300001", "floors": 1, "height": 0.0}}, {"type": "Feature", "geometry": {"type": "Polygon", "coordinates": [[[126.94160722, 37.5091457], [126.94158264, 37.50916624], [126.94150765, 37.50923603], [126.94153466, 37.50925689], [126.94159409, 37.50919863], [126.94159886, 37.50920088], [126.94161478, 37.50918767], [126.94164639, 37.50920767], [126.94166673, 37.50918966], [126.94160722, 37.5091457]]]}, "properties": {"name": "노량진동 225-5", "status": "empty", "capacity": 1, "active": 0, "industry": "", "vacancy_rate": 100.0, "source": "polygon_only", "capacity_method": "floor_approx", "active_pip": 0, "licensed": 0, "id": "1159010100102250005-1", "pnu": "1159010100102250005", "floors": 1, "height": 0.0}}, {"type": "Feature", "geometry": {"type": "Polygon", "coordinates": [[[126.93999766, 37.50842071], [126.93989375, 37.50842066], [126.93989299, 37.50848289], [126.93999939, 37.50848293], [126.93999766, 37.50842071]]]}, "properties": {"name": "노량진동 307-167", "status": "full", "capacity": 1, "active": 1, "industry": "한식", "vacancy_rate": 0.0, "vacancy_rate_lo": null, "vacancy_rate_hi": null, "stores": 1, "source": "stores+ledger", "capacity_method": "floor_ouln", "active_pip": 0, "licensed": 1, "id": "1159010100103070167-1", "pnu": "1159010100103070167", "floors": 1, "height": 0.0}}, {"type": "Feature", "geometry": {"type": "Polygon", "coordinates": [[[126.93954688, 37.50859224], [126.93954518, 37.5087378], [126.93968797, 37.50873872], [126.93968742, 37.50875702], [126.93948685, 37.50875551], [126.93948609, 37.50880394], [126.9395794, 37.50880568], [126.93957923, 37.50881131], [126.93986639, 37.50881202], [126.93994981, 37.50881094], [126.93994998, 37.50881375], [126.94, 37.5088135], [126.94000936, 37.50881322], [126.94000853, 37.50875184], [126.94000005, 37.50875184], [126.93976359, 37.50875791], [126.93976378, 37.50873989], [126.9399124, 37.50874082], [126.93991411, 37.50859384], [126.93954688, 37.50859224]]]}, "properties": {"name": "노량진동 307-70", "status": "full", "capacity": 2, "active": 2, "industry": "", "vacancy_rate": 0.0, "source": "pip_only", "capacity_method": "floor_approx", "active_pip": 2, "licensed": 1, "id": "1159010100103070070-2", "pnu": "1159010100103070070", "floors": 2, "height": 0.0}}, {"type": "Feature", "geometry": {"type": "Polygon", "coordinates": [[[126.93971049, 37.50929426], [126.93957423, 37.50929814], [126.93957826, 37.5093491], [126.93966061, 37.50935027], [126.93966024, 37.50936998], [126.93971256, 37.50936832], [126.93971049, 37.50929426]]]}, "properties": {"name": "노량진동 231-13", "status": "empty", "capacity": 2, "active": 0, "industry": "", "vacancy_rate": 100.0, "source": "polygon_only", "capacity_method": "floor_approx", "active_pip": 0, "licensed": 0, "id": "1159010100102310013-1", "pnu": "1159010100102310013", "floors": 2, "height": 0.0}}, {"type": "Feature", "geometry": {"type": "Polygon", "coordinates": [[[126.93948292, 37.51032692], [126.93940654, 37.51037475], [126.93947064, 37.5104325], [126.93950833, 37.51038127], [126.93948292, 37.51032692]]]}, "properties": {"name": "노량진동 248-76", "status": "empty", "capacity": 1, "active": 0, "industry": "", "vacancy_rate": 100.0, "source": "polygon_only", "capacity_method": "floor_approx", "active_pip": 0, "licensed": 0, "id": "1159010100102480076-1", "pnu": "1159010100102480076", "floors": 1, "height": 0.0}}, {"type": "Feature", "geometry": {"type": "Polygon", "coordinates": [[[126.93981617, 37.50819452], [126.93981481, 37.5083553], [126.93997844, 37.50835678], [126.93997202, 37.50821403], [126.93994995, 37.50819656], [126.93981617, 37.50819452]]]}, "properties": {"name": "삼", "status": "full", "capacity": 7, "active": 7, "industry": "의약·화장품 소매", "vacancy_rate": 0.0, "vacancy_rate_lo": null, "vacancy_rate_hi": null, "stores": 7, "source": "stores+ledger", "capacity_method": "floor_ouln", "active_pip": 0, "licensed": 0, "id": "1159010100103070015-1", "pnu": "1159010100103070015", "floors": 4, "height": 0.0}}, {"type": "Feature", "geometry": {"type": "Polygon", "coordinates": [[[126.9398474, 37.50956914], [126.93983729, 37.50963389], [126.93993095, 37.50964267], [126.93993859, 37.50958665], [126.93989371, 37.50958296], [126.9398937, 37.50957339], [126.9398474, 37.50956914]]]}, "properties": {"name": "노량진동 231-152", "status": "full", "capacity": 1, "active": 1, "industry": "주점", "vacancy_rate": 0.0, "vacancy_rate_lo": null, "vacancy_rate_hi": null, "stores": 1, "source": "stores+ledger", "capacity_method": "floor_ouln", "active_pip": 0, "licensed": 1, "id": "1159010100102310152-1", "pnu": "1159010100102310152", "floors": 1, "height": 0.0}}, {"type": "Feature", "geometry": {"type": "Polygon", "coordinates": [[[126.94004674, 37.51003664], [126.94000007, 37.51004056], [126.93991099, 37.5100484], [126.9399196, 37.51010922], [126.93995972, 37.51010699], [126.93996061, 37.51011825], [126.93996821, 37.51011825], [126.93996855, 37.51012472], [126.94000001, 37.51012531], [126.94004967, 37.51012617], [126.94004674, 37.51003664]]]}, "properties": {"name": "노량진동 233-5", "status": "full", "capacity": 2, "active": 2, "industry": "한식", "vacancy_rate": 0.0, "vacancy_rate_lo": null, "vacancy_rate_hi": null, "stores": 2, "source": "stores+ledger", "capacity_method": "floor_ouln", "active_pip": 0, "licensed": 1, "id": "1159010100102330005-1", "pnu": "1159010100102330005", "floors": 2, "height": 0.0}}, {"type": "Feature", "geometry": {"type": "Polygon", "coordinates": [[[126.93999939, 37.50848519], [126.93989299, 37.50848515], [126.93989205, 37.50855525], [126.94000003, 37.50855417], [126.94000007, 37.50850209], [126.93999939, 37.50848519]]]}, "properties": {"name": "노량진동 308-24", "status": "full", "capacity": 1, "active": 1, "industry": "한식", "vacancy_rate": 0.0, "vacancy_rate_lo": null, "vacancy_rate_hi": null, "stores": 1, "source": "stores+ledger", "capacity_method": "floor_ouln", "active_pip": 0, "licensed": 1, "id": "1159010100103080024-1", "pnu": "1159010100103080024", "floors": 1, "height": 0.0}}, {"type": "Feature", "geometry": {"type": "Polygon", "coordinates": [[[126.93994621, 37.50957313], [126.9399639, 37.50976517], [126.93999994, 37.50976153], [126.94004289, 37.50975705], [126.9400395, 37.50958922], [126.94000009, 37.50958245], [126.93994621, 37.50957313]]]}, "properties": {"name": "강남빌딩", "status": "full", "capacity": 5, "active": 5, "industry": "한식", "vacancy_rate": 0.0, "vacancy_rate_lo": null, "vacancy_rate_hi": null, "stores": 5, "source": "stores+ledger", "capacity_method": "floor_ouln", "active_pip": 0, "licensed": 2, "id": "1159010100102310115-1", "pnu": "1159010100102310115", "floors": 4, "height": 0.0}}, {"type": "Feature", "geometry": {"type": "Polygon", "coordinates": [[[126.93981441, 37.50819452], [126.93953907, 37.50819664], [126.939537, 37.50835853], [126.93981286, 37.50836206], [126.93981441, 37.50819452]]]}, "properties": {"name": "노량진동 307-151", "status": "full", "capacity": 1, "active": 1, "industry": "", "vacancy_rate": 0.0, "source": "pip_only", "capacity_method": "floor_approx", "active_pip": 1, "licensed": 0, "id": "1159010100103070151-1", "pnu": "1159010100103070151", "floors": 0, "height": 0.0}}, {"type": "Feature", "geometry": {"type": "Polygon", "coordinates": [[[126.94005109, 37.51034523], [126.94000001, 37.51034548], [126.9399871, 37.51034548], [126.93998775, 37.51042516], [126.93999994, 37.51042517], [126.94005207, 37.51042547], [126.94005109, 37.51034523]]]}, "properties": {"name": "노량진동 235-5", "status": "full", "capacity": 2, "active": 2, "industry": "이용·미용", "vacancy_rate": 0.0, "vacancy_rate_lo": null, "vacancy_rate_hi": null, "stores": 2, "source": "stores+ledger", "capacity_method": "floor_ouln", "active_pip": 0, "licensed": 1, "id": "1159010100102350005-1", "pnu": "1159010100102350005", "floors": 2, "height": 0.0}}, {"type": "Feature", "geometry": {"type": "Polygon", "coordinates": [[[126.94143789, 37.51030904], [126.94125763, 37.51031177], [126.94126002, 37.51040355], [126.94143853, 37.51040139], [126.94143789, 37.51030904]]]}, "properties": {"name": "노량진동 232-195", "status": "empty", "capacity": 2, "active": 0, "industry": "", "vacancy_rate": 100.0, "source": "polygon_only", "capacity_method": "floor_approx", "active_pip": 0, "licensed": 0, "id": "1159010100102320195-1", "pnu": "1159010100102320195", "floors": 2, "height": 0.0}}, {"type": "Feature", "geometry": {"type": "Polygon", "coordinates": [[[126.94146916, 37.51031834], [126.9414682, 37.51042421], [126.94159491, 37.51042709], [126.94159285, 37.5103446], [126.94160716, 37.51034404], [126.94160772, 37.51032039], [126.94146916, 37.51031834]]]}, "properties": {"name": "노량진동 232-13", "status": "high", "capacity": 5, "active": 1, "industry": "기타 숙박", "vacancy_rate": 80.0, "vacancy_rate_lo": null, "vacancy_rate_hi": null, "stores": 1, "source": "stores+ledger", "capacity_method": "floor_ouln", "active_pip": 0, "licensed": 0, "id": "1159010100102320013-1", "pnu": "1159010100102320013", "floors": 5, "height": 13.8}}, {"type": "Feature", "geometry": {"type": "Polygon", "coordinates": [[[126.94446687, 37.51000005], [126.94442605, 37.50997615], [126.94440454, 37.50999786], [126.94427419, 37.50992419], [126.94423626, 37.50997508], [126.94427911, 37.51000006], [126.94447572, 37.5101144], [126.94452032, 37.51006576], [126.94450573, 37.51006025], [126.944526, 37.51003467], [126.94446687, 37.51000005]]]}, "properties": {"name": "노량진동 221-101", "status": "high", "capacity": 4, "active": 1, "industry": "기타 숙박", "vacancy_rate": 75.0, "vacancy_rate_lo": null, "vacancy_rate_hi": null, "stores": 1, "source": "stores+ledger", "capacity_method": "floor_ouln", "active_pip": 0, "licensed": 0, "id": "1159010100102210101-1", "pnu": "1159010100102210101", "floors": 4, "height": 0.0}}, {"type": "Feature", "geometry": {"type": "Polygon", "coordinates": [[[126.94482293, 37.51005107], [126.94475888, 37.51013776], [126.94486718, 37.51019075], [126.94493316, 37.51010631], [126.94482293, 37.51005107]]]}, "properties": {"name": "전체", "status": "partial", "capacity": 4, "active": 3, "industry": "기타 숙박", "vacancy_rate": 25.0, "vacancy_rate_lo": null, "vacancy_rate_hi": null, "stores": 3, "source": "stores+ledger", "capacity_method": "floor_ouln", "active_pip": 0, "licensed": 0, "id": "1159010100102240014-1", "pnu": "1159010100102240014", "floors": 5, "height": 0.0}}, {"type": "Feature", "geometry": {"type": "Polygon", "coordinates": [[[126.94351038, 37.5091058], [126.94346707, 37.50911986], [126.94333363, 37.5091426], [126.94329193, 37.50914455], [126.94330762, 37.50917609], [126.94332665, 37.50925466], [126.94332875, 37.50928225], [126.94337683, 37.50926736], [126.94350569, 37.50924911], [126.94355164, 37.50925308], [126.94353292, 37.50921365], [126.94351036, 37.50913311], [126.94351038, 37.5091058]]]}, "properties": {"name": "노량진동 225-161", "status": "empty", "capacity": 2, "active": 0, "industry": "", "vacancy_rate": 100.0, "source": "polygon_only", "capacity_method": "floor_approx", "active_pip": 0, "licensed": 0, "id": "1159010100102250161-1", "pnu": "1159010100102250161", "floors": 2, "height": 10.0}}, {"type": "Feature", "geometry": {"type": "Polygon", "coordinates": [[[126.94466092, 37.50998538], [126.9446526, 37.51000003], [126.94458553, 37.51011853], [126.94458536, 37.51012276], [126.94458694, 37.51012754], [126.94459012, 37.51013064], [126.94459524, 37.51013515], [126.94469471, 37.51017208], [126.94470125, 37.5101718], [126.94470655, 37.5101687], [126.94471115, 37.51016364], [126.94471469, 37.51015717], [126.94471557, 37.51015209], [126.94471576, 37.5101459], [126.94478283, 37.5100274], [126.94470368, 37.51000005], [126.94466092, 37.50998538]]]}, "properties": {"name": "지상1", "status": "partial", "capacity": 4, "active": 2, "industry": "기타 숙박", "vacancy_rate": 50.0, "vacancy_rate_lo": null, "vacancy_rate_hi": null, "stores": 2, "source": "stores+ledger", "capacity_method": "floor_ouln", "active_pip": 0, "licensed": 0, "id": "1159010100102240015-1", "pnu": "1159010100102240015", "floors": 4, "height": 0.0}}, {"type": "Feature", "geometry": {"type": "Polygon", "coordinates": [[[126.94446597, 37.5101425], [126.94423567, 37.51000679], [126.9442136, 37.51003345], [126.9442043, 37.51006615], [126.94422127, 37.51007679], [126.94421379, 37.51008652], [126.94435601, 37.51017029], [126.94434209, 37.51018975], [126.94439624, 37.5102214], [126.94446597, 37.5101425]]]}, "properties": {"name": "노량진동 221-48", "status": "high", "capacity": 4, "active": 1, "industry": "기타 숙박", "vacancy_rate": 75.0, "vacancy_rate_lo": null, "vacancy_rate_hi": null, "stores": 1, "source": "stores+ledger", "capacity_method": "floor_ouln", "active_pip": 0, "licensed": 0, "id": "1159010100102210048-1", "pnu": "1159010100102210048", "floors": 4, "height": 0.0}}, {"type": "Feature", "geometry": {"type": "Polygon", "coordinates": [[[126.94499997, 37.50985378], [126.94494654, 37.50994104], [126.94500006, 37.50997372], [126.94503222, 37.50999345], [126.94513, 37.50991296], [126.94510051, 37.50989127], [126.94509237, 37.50989717], [126.94504592, 37.50986392], [126.94500616, 37.50985519], [126.94499997, 37.50985378]]]}, "properties": {"name": "노량진동 224-28", "status": "partial", "capacity": 4, "active": 2, "industry": "자동차 수리·세차", "vacancy_rate": 50.0, "vacancy_rate_lo": null, "vacancy_rate_hi": null, "stores": 2, "source": "stores+ledger", "capacity_method": "floor_ouln", "active_pip": 0, "licensed": 0, "id": "1159010100102240028-1", "pnu": "1159010100102240028", "floors": 4, "height": 0.0}}, {"type": "Feature", "geometry": {"type": "Polygon", "coordinates": [[[126.94465552, 37.50995082], [126.94477348, 37.50999374], [126.94478435, 37.50997573], [126.94486841, 37.51000746], [126.94490597, 37.50994446], [126.94482824, 37.50991777], [126.94483276, 37.50990877], [126.94470983, 37.5098619], [126.94468857, 37.50989646], [126.94469534, 37.5098979], [126.94468312, 37.50992022], [126.94467409, 37.50991553], [126.94465552, 37.50995082]]]}, "properties": {"name": "노량진동 224-3", "status": "partial", "capacity": 4, "active": 2, "industry": "기타 숙박", "vacancy_rate": 50.0, "vacancy_rate_lo": null, "vacancy_rate_hi": null, "stores": 2, "source": "stores+ledger", "capacity_method": "floor_ouln", "active_pip": 0, "licensed": 0, "id": "1159010100102240003-1", "pnu": "1159010100102240003", "floors": 4, "height": 0.0}}, {"type": "Feature", "geometry": {"type": "Polygon", "coordinates": [[[126.94294633, 37.50951802], [126.94291962, 37.50953997], [126.94287029, 37.50958049], [126.94291956, 37.50962021], [126.94293811, 37.50963486], [126.94294164, 37.50963177], [126.94297432, 37.50965938], [126.94298298, 37.50965882], [126.94299182, 37.50965601], [126.94299694, 37.50965123], [126.94300101, 37.50964391], [126.94300472, 37.50964503], [126.94305353, 37.50960479], [126.94294633, 37.50951802]]]}, "properties": {"name": "노량진동 225-196", "status": "empty", "capacity": 4, "active": 0, "industry": "", "vacancy_rate": 100.0, "source": "polygon_only", "capacity_method": "floor_approx", "active_pip": 0, "licensed": 0, "id": "1159010100102250196-1", "pnu": "1159010100102250196", "floors": 4, "height": 0.0}}, {"type": "Feature", "geometry": {"type": "Polygon", "coordinates": [[[126.94041691, 37.51057405], [126.9404086, 37.51057376], [126.94040506, 37.51057348], [126.94040302, 37.51047296], [126.9403394, 37.51047095], [126.94034054, 37.51060244], [126.9404162, 37.51058137], [126.94041691, 37.51057405]]]}, "properties": {"name": "점포", "status": "partial", "capacity": 2, "active": 1, "industry": "종합 소매", "vacancy_rate": 50.0, "vacancy_rate_lo": null, "vacancy_rate_hi": null, "stores": 1, "source": "stores+ledger", "capacity_method": "floor_ouln", "active_pip": 0, "licensed": 0, "id": "1159010100102360013-1", "pnu": "1159010100102360013", "floors": 2, "height": 0.0}}, {"type": "Feature", "geometry": {"type": "Polygon", "coordinates": [[[126.93992277, 37.51190391], [126.93963398, 37.51190741], [126.93963465, 37.51197809], [126.93961096, 37.51197752], [126.93961286, 37.5120282], [126.93963655, 37.51202934], [126.93963688, 37.51204876], [126.93969184, 37.51204963], [126.93969237, 37.51205723], [126.93980547, 37.51205561], [126.93980688, 37.51206856], [126.93988022, 37.51206916], [126.93988127, 37.5120762], [126.93994932, 37.51207342], [126.93994848, 37.51202161], [126.93992815, 37.51202498], [126.93992277, 37.51190391]]]}, "properties": {"name": "노량진동 47-2", "status": "high", "capacity": 6, "active": 2, "industry": "한식", "vacancy_rate": 66.7, "vacancy_rate_lo": null, "vacancy_rate_hi": null, "stores": 2, "source": "stores+ledger", "capacity_method": "floor_ouln", "active_pip": 0, "licensed": 0, "id": "1159010100100470002-8", "pnu": "1159010100100470002", "floors": 5, "height": 0.0}}, {"type": "Feature", "geometry": {"type": "Polygon", "coordinates": [[[126.93951292, 37.51257692], [126.9390332, 37.51265269], [126.939054, 37.51272788], [126.9395309, 37.51264365], [126.93951292, 37.51257692]]]}, "properties": {"name": "노량진동 47-2", "status": "high", "capacity": 6, "active": 2, "industry": "한식", "vacancy_rate": 66.7, "vacancy_rate_lo": null, "vacancy_rate_hi": null, "stores": 2, "source": "stores+ledger", "capacity_method": "floor_ouln", "active_pip": 0, "licensed": 0, "id": "1159010100100470002-9", "pnu": "1159010100100470002", "floors": 2, "height": 6.48}}, {"type": "Feature", "geometry": {"type": "Polygon", "coordinates": [[[126.94118568, 37.5123587], [126.9410616, 37.51237215], [126.94106159, 37.51237835], [126.94103438, 37.51237833], [126.94104599, 37.51244057], [126.94119217, 37.51242374], [126.94118568, 37.5123587]]]}, "properties": {"name": "노량진동 54-23", "status": "empty", "capacity": 4, "active": 0, "industry": "", "vacancy_rate": 100.0, "source": "polygon_only", "capacity_method": "floor_approx", "active_pip": 0, "licensed": 0, "id": "1159010100100540023-1", "pnu": "1159010100100540023", "floors": 4, "height": 0.0}}, {"type": "Feature", "geometry": {"type": "Polygon", "coordinates": [[[126.94006343, 37.51082051], [126.93999998, 37.51082302], [126.93995527, 37.51082497], [126.93995541, 37.51086636], [126.93997444, 37.51092944], [126.93999989, 37.51092663], [126.94006565, 37.51091907], [126.94006343, 37.51082051]]]}, "properties": {"name": "노량진동 232-184", "status": "high", "capacity": 5, "active": 1, "industry": "가전·통신 소매", "vacancy_rate": 80.0, "vacancy_rate_lo": null, "vacancy_rate_hi": null, "stores": 1, "source": "stores+ledger", "capacity_method": "floor_ouln", "active_pip": 0, "licensed": 0, "id": "1159010100102320184-1", "pnu": "1159010100102320184", "floors": 5, "height": 0.0}}, {"type": "Feature", "geometry": {"type": "Polygon", "coordinates": [[[126.94000035, 37.51102011], [126.93984781, 37.51105552], [126.93986561, 37.51110902], [126.93994798, 37.51109273], [126.93994974, 37.51109864], [126.94000012, 37.51108854], [126.94002257, 37.51108404], [126.94000035, 37.51102011]]]}, "properties": {"name": "노량진동 240-28", "status": "high", "capacity": 6, "active": 2, "industry": "", "vacancy_rate": 66.7, "source": "pip_only", "capacity_method": "floor_approx", "active_pip": 0, "licensed": 2, "id": "1159010100102400028-1", "pnu": "1159010100102400028", "floors": 6, "height": 13.5}}, {"type": "Feature", "geometry": {"type": "Polygon", "coordinates": [[[126.9412838, 37.51208845], [126.94129385, 37.51211886], [126.94134846, 37.51211523], [126.94134778, 37.51208595], [126.9412838, 37.51208845]]]}, "properties": {"name": "노량진동 52-14", "status": "partial", "capacity": 4, "active": 2, "industry": "기타 숙박", "vacancy_rate": 50.0, "vacancy_rate_lo": null, "vacancy_rate_hi": null, "stores": 2, "source": "stores+ledger", "capacity_method": "floor_ouln", "active_pip": 0, "licensed": 0, "id": "1159010100100520014-1", "pnu": "1159010100100520014", "floors": 0, "height": 0.0}}, {"type": "Feature", "geometry": {"type": "Polygon", "coordinates": [[[126.94223524, 37.51241722], [126.94212832, 37.5124183], [126.94212827, 37.51248418], [126.94223589, 37.51248255], [126.94223524, 37.51241722]]]}, "properties": {"name": "노량진동 58-28", "status": "empty", "capacity": 2, "active": 0, "industry": "", "vacancy_rate": 100.0, "source": "polygon_only", "capacity_method": "floor_approx", "active_pip": 0, "licensed": 0, "id": "1159010100100580028-1", "pnu": "1159010100100580028", "floors": 2, "height": 0.0}}, {"type": "Feature", "geometry": {"type": "Polygon", "coordinates": [[[126.94212121, 37.51225133], [126.9419314, 37.51225658], [126.94193449, 37.51236499], [126.94212589, 37.51235833], [126.94212121, 37.51225133]]]}, "properties": {"name": "노량진동 84-100", "status": "empty", "capacity": 2, "active": 0, "industry": "", "vacancy_rate": 100.0, "source": "polygon_only", "capacity_method": "floor_approx", "active_pip": 0, "licensed": 0, "id": "1159010100100840100-1", "pnu": "1159010100100840100", "floors": 2, "height": 0.0}}, {"type": "Feature", "geometry": {"type": "Polygon", "coordinates": [[[126.94045438, 37.512342], [126.94048654, 37.51234202], [126.94048574, 37.51224263], [126.94045234, 37.51224345], [126.94045438, 37.512342]]]}, "properties": {"name": "원남빌딩", "status": "full", "capacity": 11, "active": 11, "industry": "기타 숙박", "vacancy_rate": 0.0, "vacancy_rate_lo": null, "vacancy_rate_hi": null, "stores": 11, "source": "stores+ledger", "capacity_method": "floor_ouln", "active_pip": 0, "licensed": 5, "id": "1159010100100500002-1", "pnu": "1159010100100500002", "floors": 0, "height": 0.0}}, {"type": "Feature", "geometry": {"type": "Polygon", "coordinates": [[[126.94166811, 37.51232096], [126.94169588, 37.51231674], [126.94169874, 37.51232869], [126.94173195, 37.51232364], [126.94173283, 37.5123273], [126.94174034, 37.51232616], [126.94174279, 37.51232749], [126.94174818, 37.51232117], [126.94175262, 37.51232049], [126.94175857, 37.51234527], [126.94182078, 37.51233581], [126.94182365, 37.51234776], [126.94188864, 37.51233788], [126.94186476, 37.51223823], [126.94165589, 37.51226999], [126.94166811, 37.51232096]]]}, "properties": {"name": "정진빌딩", "status": "partial", "capacity": 5, "active": 4, "industry": "도서관·사적지", "vacancy_rate": 20.0, "vacancy_rate_lo": null, "vacancy_rate_hi": null, "stores": 4, "source": "stores+ledger", "capacity_method": "floor_ouln", "active_pip": 0, "licensed": 1, "id": "1159010100100840101-1", "pnu": "1159010100100840101", "floors": 5, "height": 15.0}}, {"type": "Feature", "geometry": {"type": "Polygon", "coordinates": [[[126.94111677, 37.51206854], [126.94116312, 37.51206473], [126.94116201, 37.51205614], [126.94117945, 37.51205473], [126.94118057, 37.51206327], [126.94122692, 37.51205945], [126.94120708, 37.51190719], [126.94112644, 37.51191403], [126.94112752, 37.51192237], [126.94109923, 37.51192557], [126.94111677, 37.51206854]]]}, "properties": {"name": "더코어빌딩", "status": "high", "capacity": 5, "active": 2, "industry": "기타 숙박", "vacancy_rate": 60.0, "vacancy_rate_lo": null, "vacancy_rate_hi": null, "stores": 2, "source": "stores+ledger", "capacity_method": "floor_ouln", "active_pip": 0, "licensed": 0, "id": "1159010100100520007-1", "pnu": "1159010100100520007", "floors": 7, "height": 23.15}}, {"type": "Feature", "geometry": {"type": "Polygon", "coordinates": [[[126.94072536, 37.51271349], [126.94072383, 37.51266215], [126.9406933, 37.51266272], [126.94069306, 37.51265461], [126.9406761, 37.51265493], [126.9406723, 37.51252703], [126.94059089, 37.51252856], [126.94059126, 37.51254117], [126.9405449, 37.51254204], [126.94054527, 37.51255465], [126.94047743, 37.51255593], [126.94048138, 37.51268924], [126.94048704, 37.51268913], [126.9404879, 37.51271795], [126.94072536, 37.51271349]]]}, "properties": {"name": "노량진동", "status": "high", "capacity": 16, "active": 7, "industry": "기타 교육", "vacancy_rate": 56.2, "vacancy_rate_lo": null, "vacancy_rate_hi": null, "stores": 7, "source": "stores+ledger", "capacity_method": "expos_units", "active_pip": 0, "licensed": 1, "id": "1159010100100540011-1", "pnu": "1159010100100540011", "floors": 13, "height": 59.8}}, {"type": "Feature", "geometry": {"type": "Polygon", "coordinates": [[[126.94188158, 37.51307044], [126.94188406, 37.51304867], [126.94190077, 37.51290719], [126.94193234, 37.51262546], [126.94191994, 37.51262457], [126.94193228, 37.51251644], [126.94146281, 37.51248337], [126.94144273, 37.51279622], [126.9414634, 37.5127977], [126.94146475, 37.51279373], [126.94155509, 37.51280027], [126.94152788, 37.51304484], [126.94188158, 37.51307044]]]}, "properties": {"name": "메가스터디타워", "status": "full", "capacity": 32, "active": 32, "industry": "한식", "vacancy_rate": 0.0, "vacancy_rate_lo": null, "vacancy_rate_hi": null, "stores": 32, "source": "stores+ledger", "capacity_method": "expos_units", "active_pip": 0, "licensed": 20, "id": "1159010100100570001-1", "pnu": "1159010100100570001", "floors": 20, "height": 79.53}}, {"type": "Feature", "geometry": {"type": "Polygon", "coordinates": [[[126.93995397, 37.51066306], [126.93995493, 37.51081061], [126.93999999, 37.51080978], [126.94002492, 37.51080923], [126.94002539, 37.51066339], [126.94000011, 37.51066337], [126.93995397, 37.51066306]]]}, "properties": {"name": "노량진동 232-234", "status": "full", "capacity": 2, "active": 2, "industry": "섬유·의복·신발 소매", "vacancy_rate": 0.0, "vacancy_rate_lo": null, "vacancy_rate_hi": null, "stores": 2, "source": "stores+ledger", "capacity_method": "floor_ouln", "active_pip": 0, "licensed": 0, "id": "1159010100102320234-1", "pnu": "1159010100102320234", "floors": 3, "height": 0.0}}, {"type": "Feature", "geometry": {"type": "Polygon", "coordinates": [[[126.93989886, 37.51042962], [126.93989882, 37.51047777], [126.9399999, 37.51047895], [126.94002111, 37.51047924], [126.94001991, 37.51043334], [126.93999994, 37.51043277], [126.93989886, 37.51042962]]]}, "properties": {"name": "노량진동 235-4", "status": "partial", "capacity": 2, "active": 1, "industry": "한식", "vacancy_rate": 50.0, "vacancy_rate_lo": null, "vacancy_rate_hi": null, "stores": 1, "source": "stores+ledger", "capacity_method": "floor_ouln", "active_pip": 0, "licensed": 1, "id": "1159010100102350004-1", "pnu": "1159010100102350004", "floors": 3, "height": 0.0}}, {"type": "Feature", "geometry": {"type": "Polygon", "coordinates": [[[126.93988262, 37.5106208], [126.93990151, 37.51064559], [126.93994957, 37.51065264], [126.93995154, 37.51062308], [126.93988262, 37.5106208]]]}, "properties": {"name": "노량진동 235-2", "status": "full", "capacity": 3, "active": 3, "industry": "가전·통신 소매", "vacancy_rate": 0.0, "vacancy_rate_lo": null, "vacancy_rate_hi": null, "stores": 3, "source": "stores+ledger", "capacity_method": "floor_ouln", "active_pip": 0, "licensed": 1, "id": "1159010100102350002-1", "pnu": "1159010100102350002", "floors": 0, "height": 0.0}}, {"type": "Feature", "geometry": {"type": "Polygon", "coordinates": [[[126.93957761, 37.5125778], [126.93953731, 37.51257806], [126.93953801, 37.51258819], [126.93957848, 37.51258821], [126.93957761, 37.5125778]]]}, "properties": {"name": "노량진동 47-2", "status": "high", "capacity": 6, "active": 2, "industry": "한식", "vacancy_rate": 66.7, "vacancy_rate_lo": null, "vacancy_rate_hi": null, "stores": 2, "source": "stores+ledger", "capacity_method": "floor_ouln", "active_pip": 0, "licensed": 0, "id": "1159010100100470002-10", "pnu": "1159010100100470002", "floors": 0, "height": 0.0}}, {"type": "Feature", "geometry": {"type": "Polygon", "coordinates": [[[126.93942263, 37.51166911], [126.93935687, 37.51168399], [126.93936481, 37.51171046], [126.9393763, 37.51170906], [126.93938653, 37.51174089], [126.93948693, 37.51172123], [126.93947458, 37.5116849], [126.93945586, 37.5116711], [126.93942263, 37.51166911]]]}, "properties": {"name": "노량진동 243-11", "status": "partial", "capacity": 2, "active": 1, "industry": "", "vacancy_rate": 50.0, "source": "pip_only", "capacity_method": "floor_approx", "active_pip": 0, "licensed": 1, "id": "1159010100102430011-1", "pnu": "1159010100102430011", "floors": 2, "height": 0.0}}, {"type": "Feature", "geometry": {"type": "Polygon", "coordinates": [[[126.94009262, 37.5125468], [126.94, 37.51256646], [126.93989553, 37.51258865], [126.93992003, 37.51267003], [126.9400001, 37.51265515], [126.94004535, 37.51264673], [126.94004466, 37.51264138], [126.94009415, 37.51263155], [126.94009262, 37.5125468]]]}, "properties": {"name": "노량진동 45-31", "status": "empty", "capacity": 3, "active": 0, "industry": "", "vacancy_rate": 100.0, "source": "polygon_only", "capacity_method": "floor_approx", "active_pip": 0, "licensed": 0, "id": "1159010100100450031-1", "pnu": "1159010100100450031", "floors": 3, "height": 0.0}}, {"type": "Feature", "geometry": {"type": "Polygon", "coordinates": [[[126.93995881, 37.5116843], [126.93982484, 37.51169381], [126.93983275, 37.51175942], [126.93988806, 37.51175663], [126.9398865, 37.51173495], [126.93996054, 37.51172569], [126.93995881, 37.5116843]]]}, "properties": {"name": "노량진동 240-64", "status": "full", "capacity": 1, "active": 1, "industry": "한식", "vacancy_rate": 0.0, "vacancy_rate_lo": null, "vacancy_rate_hi": null, "stores": 1, "source": "stores+ledger", "capacity_method": "floor_ouln", "active_pip": 0, "licensed": 1, "id": "1159010100102400064-1", "pnu": "1159010100102400064", "floors": 1, "height": 0.0}}, {"type": "Feature", "geometry": {"type": "Polygon", "coordinates": [[[126.93999994, 37.51175612], [126.93999997, 37.51171557], [126.93999802, 37.51171613], [126.93999994, 37.51175612]]]}, "properties": {"name": "노량진동 240-1", "status": "full", "capacity": 2, "active": 2, "industry": "중식", "vacancy_rate": 0.0, "vacancy_rate_lo": null, "vacancy_rate_hi": null, "stores": 2, "source": "stores+ledger", "capacity_method": "floor_ouln", "active_pip": 0, "licensed": 2, "id": "1159010100102400001-1", "pnu": "1159010100102400001", "floors": 0, "height": 0.0}}, {"type": "Feature", "geometry": {"type": "Polygon", "coordinates": [[[126.94007151, 37.51153457], [126.94001372, 37.51153566], [126.94000012, 37.51153622], [126.93997166, 37.51153733], [126.94000007, 37.51159056], [126.94004613, 37.51167731], [126.94008094, 37.51167648], [126.94007151, 37.51153457]]]}, "properties": {"name": "노량진동 240-50", "status": "empty", "capacity": 1, "active": 0, "industry": "", "vacancy_rate": 100.0, "source": "polygon_only", "capacity_method": "floor_approx", "active_pip": 0, "licensed": 0, "id": "1159010100102400050-1", "pnu": "1159010100102400050", "floors": 1, "height": 0.0}}, {"type": "Feature", "geometry": {"type": "Polygon", "coordinates": [[[126.94003716, 37.5125082], [126.94000004, 37.5125124], [126.93999174, 37.51251324], [126.93999666, 37.51253943], [126.94000002, 37.51253915], [126.94004085, 37.51253411], [126.94004068, 37.51253044], [126.94005217, 37.51252876], [126.94005023, 37.5125175], [126.94003857, 37.51251833], [126.94003716, 37.5125082]]]}, "properties": {"name": "노량진동 47-2", "status": "high", "capacity": 6, "active": 2, "industry": "한식", "vacancy_rate": 66.7, "vacancy_rate_lo": null, "vacancy_rate_hi": null, "stores": 2, "source": "stores+ledger", "capacity_method": "floor_ouln", "active_pip": 0, "licensed": 0, "id": "1159010100100470002-11", "pnu": "1159010100100470002", "floors": 0, "height": 0.0}}, {"type": "Feature", "geometry": {"type": "Polygon", "coordinates": [[[126.93998802, 37.51251746], [126.93992316, 37.51252785], [126.9399279, 37.5125515], [126.93999313, 37.51254168], [126.93998802, 37.51251746]]]}, "properties": {"name": "노량진동 47-2", "status": "high", "capacity": 6, "active": 2, "industry": "한식", "vacancy_rate": 66.7, "vacancy_rate_lo": null, "vacancy_rate_hi": null, "stores": 2, "source": "stores+ledger", "capacity_method": "floor_ouln", "active_pip": 0, "licensed": 0, "id": "1159010100100470002-12", "pnu": "1159010100100470002", "floors": 0, "height": 0.0}}, {"type": "Feature", "geometry": {"type": "Polygon", "coordinates": [[[126.93950386, 37.51174911], [126.93939887, 37.51176876], [126.93940696, 37.51181241], [126.93952909, 37.5118074], [126.93951164, 37.51175362], [126.9395058, 37.5117539], [126.93950386, 37.51174911]]]}, "properties": {"name": "노량진동 243-16", "status": "full", "capacity": 1, "active": 1, "industry": "주점", "vacancy_rate": 0.0, "vacancy_rate_lo": null, "vacancy_rate_hi": null, "stores": 1, "source": "stores+ledger", "capacity_method": "floor_ouln", "active_pip": 0, "licensed": 1, "id": "1159010100102430016-1", "pnu": "1159010100102430016", "floors": 3, "height": 0.0}}, {"type": "Feature", "geometry": {"type": "Polygon", "coordinates": [[[126.94006723, 37.51092498], [126.94000007, 37.51093171], [126.93995501, 37.51093619], [126.94000002, 37.51098915], [126.94001962, 37.51101224], [126.94006963, 37.51100917], [126.94006723, 37.51092498]]]}, "properties": {"name": "노량진동 232-233", "status": "partial", "capacity": 2, "active": 1, "industry": "구내식당·뷔페", "vacancy_rate": 50.0, "vacancy_rate_lo": null, "vacancy_rate_hi": null, "stores": 1, "source": "stores+ledger", "capacity_method": "floor_ouln", "active_pip": 0, "licensed": 1, "id": "1159010100102320233-1", "pnu": "1159010100102320233", "floors": 2, "height": 0.0}}, {"type": "Feature", "geometry": {"type": "Polygon", "coordinates": [[[126.93957654, 37.51235676], [126.93957654, 37.51235508], [126.93958838, 37.51235481], [126.93958772, 37.51229932], [126.93947125, 37.51230237], [126.93947368, 37.51236122], [126.93957653, 37.51236099], [126.93957654, 37.51235676]]]}, "properties": {"name": "노량진동 47-2", "status": "high", "capacity": 6, "active": 2, "industry": "한식", "vacancy_rate": 66.7, "vacancy_rate_lo": null, "vacancy_rate_hi": null, "stores": 2, "source": "stores+ledger", "capacity_method": "floor_ouln", "active_pip": 0, "licensed": 0, "id": "1159010100100470002-13", "pnu": "1159010100100470002", "floors": 0, "height": 0.0}}, {"type": "Feature", "geometry": {"type": "Polygon", "coordinates": [[[126.93960976, 37.51191698], [126.93955197, 37.51192005], [126.93955318, 37.51194623], [126.93961205, 37.51194344], [126.93960976, 37.51191698]]]}, "properties": {"name": "노량진동 47-2", "status": "high", "capacity": 6, "active": 2, "industry": "한식", "vacancy_rate": 66.7, "vacancy_rate_lo": null, "vacancy_rate_hi": null, "stores": 2, "source": "stores+ledger", "capacity_method": "floor_ouln", "active_pip": 0, "licensed": 0, "id": "1159010100100470002-14", "pnu": "1159010100100470002", "floors": 0, "height": 0.0}}, {"type": "Feature", "geometry": {"type": "Polygon", "coordinates": [[[126.94000569, 37.51141853], [126.94000003, 37.51142078], [126.93992207, 37.51145425], [126.93996072, 37.51151649], [126.93999997, 37.51149849], [126.94000757, 37.51149511], [126.94000569, 37.51141853]]]}, "properties": {"name": "노량진동 240-51", "status": "full", "capacity": 2, "active": 2, "industry": "일식", "vacancy_rate": 0.0, "vacancy_rate_lo": null, "vacancy_rate_hi": null, "stores": 2, "source": "stores+ledger", "capacity_method": "floor_ouln", "active_pip": 0, "licensed": 2, "id": "1159010100102400051-1", "pnu": "1159010100102400051", "floors": 0, "height": 0.0}}, {"type": "Feature", "geometry": {"type": "Polygon", "coordinates": [[[126.94006914, 37.51141743], [126.94000693, 37.51141881], [126.94000983, 37.51153397], [126.94007258, 37.51153231], [126.94006914, 37.51141743]]]}, "properties": {"name": "노량진동 240-51", "status": "full", "capacity": 2, "active": 2, "industry": "일식", "vacancy_rate": 0.0, "vacancy_rate_lo": null, "vacancy_rate_hi": null, "stores": 2, "source": "stores+ledger", "capacity_method": "floor_ouln", "active_pip": 0, "licensed": 2, "id": "1159010100102400051-2", "pnu": "1159010100102400051", "floors": 2, "height": 0.0}}, {"type": "Feature", "geometry": {"type": "Polygon", "coordinates": [[[126.93993989, 37.51215901], [126.93993987, 37.51217477], [126.93998794, 37.51217649], [126.93998796, 37.5121596], [126.93993989, 37.51215901]]]}, "properties": {"name": "노량진동 47-2", "status": "high", "capacity": 6, "active": 2, "industry": "한식", "vacancy_rate": 66.7, "vacancy_rate_lo": null, "vacancy_rate_hi": null, "stores": 2, "source": "stores+ledger", "capacity_method": "floor_ouln", "active_pip": 0, "licensed": 0, "id": "1159010100100470002-15", "pnu": "1159010100100470002", "floors": 0, "height": 0.0}}, {"type": "Feature", "geometry": {"type": "Polygon", "coordinates": [[[126.94192816, 37.51118297], [126.94187264, 37.5112128], [126.94194943, 37.51132996], [126.94200618, 37.51130775], [126.94192816, 37.51118297]]]}, "properties": {"name": "노량진동 232-52", "status": "empty", "capacity": 4, "active": 0, "industry": "", "vacancy_rate": 100.0, "source": "polygon_only", "capacity_method": "floor_approx", "active_pip": 0, "licensed": 0, "id": "1159010100102320052-1", "pnu": "1159010100102320052", "floors": 4, "height": 10.35}}, {"type": "Feature", "geometry": {"type": "Polygon", "coordinates": [[[126.94177477, 37.5122376], [126.94176909, 37.51219723], [126.94177968, 37.51219601], [126.94177882, 37.51218747], [126.94179645, 37.5121856], [126.94178565, 37.51212132], [126.94156884, 37.51213631], [126.9415727, 37.51217406], [126.94158762, 37.51217293], [126.94159009, 37.51219366], [126.94157582, 37.51219589], [126.94158306, 37.51225043], [126.94177477, 37.5122376]]]}, "properties": {"name": "노량진동 52-40", "status": "high", "capacity": 6, "active": 1, "industry": "일반 교육", "vacancy_rate": 83.3, "vacancy_rate_lo": null, "vacancy_rate_hi": null, "stores": 1, "source": "stores+ledger", "capacity_method": "floor_ouln", "active_pip": 0, "licensed": 0, "id": "1159010100100520040-1", "pnu": "1159010100100520040", "floors": 5, "height": 0.0}}, {"type": "Feature", "geometry": {"type": "Polygon", "coordinates": [[[126.94121115, 37.512107], [126.94121151, 37.51210868], [126.94125764, 37.51210336], [126.94125272, 37.51206365], [126.94120394, 37.51206898], [126.94121115, 37.512107]]]}, "properties": {"name": "더코어빌딩", "status": "high", "capacity": 5, "active": 2, "industry": "기타 숙박", "vacancy_rate": 60.0, "vacancy_rate_lo": null, "vacancy_rate_hi": null, "stores": 2, "source": "stores+ledger", "capacity_method": "floor_ouln", "active_pip": 0, "licensed": 0, "id": "1159010100100520007-2", "pnu": "1159010100100520007", "floors": 0, "height": 0.0}}, {"type": "Feature", "geometry": {"type": "Polygon", "coordinates": [[[126.94041691, 37.51057405], [126.94042344, 37.51057433], [126.94042788, 37.51055378], [126.94044131, 37.51055491], [126.94044118, 37.51049748], [126.94040654, 37.51049633], [126.9404086, 37.51057376], [126.94041691, 37.51057405]]]}, "properties": {"name": "점포", "status": "partial", "capacity": 2, "active": 1, "industry": "종합 소매", "vacancy_rate": 50.0, "vacancy_rate_lo": null, "vacancy_rate_hi": null, "stores": 1, "source": "stores+ledger", "capacity_method": "floor_ouln", "active_pip": 0, "licensed": 0, "id": "1159010100102360013-2", "pnu": "1159010100102360013", "floors": 0, "height": 0.0}}, {"type": "Feature", "geometry": {"type": "Polygon", "coordinates": [[[126.94116238, 37.51230717], [126.94116326, 37.51231955], [126.9412078, 37.5123176], [126.94120658, 37.51230409], [126.94116238, 37.51230717]]]}, "properties": {"name": "노량진동 52-5", "status": "full", "capacity": 6, "active": 6, "industry": "기타 숙박", "vacancy_rate": 0.0, "vacancy_rate_lo": null, "vacancy_rate_hi": null, "stores": 6, "source": "stores+ledger", "capacity_method": "floor_ouln", "active_pip": 0, "licensed": 0, "id": "1159010100100520005-1", "pnu": "1159010100100520005", "floors": 0, "height": 0.0}}, {"type": "Feature", "geometry": {"type": "Polygon", "coordinates": [[[126.94044336, 37.51040625], [126.94035058, 37.51040705], [126.94035214, 37.51045548], [126.94045217, 37.51045581], [126.94044336, 37.51040625]]]}, "properties": {"name": "노량진동 236-4", "status": "empty", "capacity": 3, "active": 0, "industry": "", "vacancy_rate": 100.0, "source": "polygon_only", "capacity_method": "floor_approx", "active_pip": 0, "licensed": 0, "id": "1159010100102360004-1", "pnu": "1159010100102360004", "floors": 3, "height": 0.0}}, {"type": "Feature", "geometry": {"type": "Polygon", "coordinates": [[[126.94199856, 37.51085612], [126.94184106, 37.51092305], [126.94186011, 37.51095347], [126.94187143, 37.51094784], [126.94188502, 37.51096616], [126.94193363, 37.51094872], [126.94194599, 37.5109704], [126.94199655, 37.51095325], [126.9419976, 37.51095663], [126.94210385, 37.5109184], [126.94208338, 37.51088544], [126.94202928, 37.51090597], [126.94199856, 37.51085612]]]}, "properties": {"name": "노량진동 232-49", "status": "empty", "capacity": 3, "active": 0, "industry": "", "vacancy_rate": 100.0, "source": "polygon_only", "capacity_method": "floor_approx", "active_pip": 0, "licensed": 0, "id": "1159010100102320049-1", "pnu": "1159010100102320049", "floors": 3, "height": 0.0}}, {"type": "Feature", "geometry": {"type": "Polygon", "coordinates": [[[126.94076509, 37.51231513], [126.94068554, 37.5123424], [126.94070723, 37.51241027], [126.94079101, 37.51239258], [126.94076509, 37.51231513]]]}, "properties": {"name": "노량진동 53-3", "status": "high", "capacity": 7, "active": 1, "industry": "비알코올 ", "vacancy_rate": 85.7, "vacancy_rate_lo": null, "vacancy_rate_hi": null, "stores": 1, "source": "stores+ledger", "capacity_method": "floor_ouln", "active_pip": 0, "licensed": 1, "id": "1159010100100530003-1", "pnu": "1159010100100530003", "floors": 1, "height": 0.0}}, {"type": "Feature", "geometry": {"type": "Polygon", "coordinates": [[[126.94058309, 37.51228294], [126.9404421, 37.51243969], [126.94046011, 37.51246307], [126.94066127, 37.51242123], [126.94062089, 37.51229704], [126.94058309, 37.51228294]]]}, "properties": {"name": "노량진동 53-3", "status": "high", "capacity": 7, "active": 1, "industry": "비알코올 ", "vacancy_rate": 85.7, "vacancy_rate_lo": null, "vacancy_rate_hi": null, "stores": 1, "source": "stores+ledger", "capacity_method": "floor_ouln", "active_pip": 0, "licensed": 1, "id": "1159010100100530003-2", "pnu": "1159010100100530003", "floors": 2, "height": 0.0}}, {"type": "Feature", "geometry": {"type": "Polygon", "coordinates": [[[126.94045438, 37.512342], [126.94045234, 37.51224345], [126.940452, 37.51222825], [126.94040287, 37.51222766], [126.94040285, 37.51224315], [126.94036963, 37.51224313], [126.94037246, 37.51245121], [126.94037264, 37.51245712], [126.94037352, 37.5124588], [126.94037847, 37.51245965], [126.94038077, 37.51245965], [126.94045506, 37.51237748], [126.94045438, 37.512342]]]}, "properties": {"name": "원남빌딩", "status": "full", "capacity": 11, "active": 11, "industry": "기타 숙박", "vacancy_rate": 0.0, "vacancy_rate_lo": null, "vacancy_rate_hi": null, "stores": 11, "source": "stores+ledger", "capacity_method": "floor_ouln", "active_pip": 0, "licensed": 5, "id": "1159010100100500002-2", "pnu": "1159010100100500002", "floors": 2, "height": 6.5}}, {"type": "Feature", "geometry": {"type": "Polygon", "coordinates": [[[126.94049246, 37.51224404], [126.94049557, 37.51232851], [126.94052475, 37.51229558], [126.9405232, 37.51225616], [126.94049246, 37.51224404]]]}, "properties": {"name": "원남빌딩", "status": "full", "capacity": 11, "active": 11, "industry": "기타 숙박", "vacancy_rate": 0.0, "vacancy_rate_lo": null, "vacancy_rate_hi": null, "stores": 11, "source": "stores+ledger", "capacity_method": "floor_ouln", "active_pip": 0, "licensed": 5, "id": "1159010100100500002-3", "pnu": "1159010100100500002", "floors": 0, "height": 0.0}}, {"type": "Feature", "geometry": {"type": "Polygon", "coordinates": [[[126.94121115, 37.512107], [126.94120199, 37.51207067], [126.94118661, 37.51207263], [126.94119312, 37.51210896], [126.94121115, 37.512107]]]}, "properties": {"name": "더코어빌딩", "status": "high", "capacity": 5, "active": 2, "industry": "기타 숙박", "vacancy_rate": 60.0, "vacancy_rate_lo": null, "vacancy_rate_hi": null, "stores": 2, "source": "stores+ledger", "capacity_method": "floor_ouln", "active_pip": 0, "licensed": 0, "id": "1159010100100520007-3", "pnu": "1159010100100520007", "floors": 0, "height": 0.0}}, {"type": "Feature", "geometry": {"type": "Polygon", "coordinates": [[[126.94077943, 37.51228389], [126.94072152, 37.51222276], [126.94069252, 37.51223907], [126.9407001, 37.51225146], [126.94064565, 37.51228466], [126.94069245, 37.5123348], [126.94077943, 37.51228389]]]}, "properties": {"name": "노량진동 53-7", "status": "full", "capacity": 2, "active": 2, "industry": "가전·통신 소매", "vacancy_rate": 0.0, "vacancy_rate_lo": null, "vacancy_rate_hi": null, "stores": 2, "source": "stores+ledger", "capacity_method": "floor_ouln", "active_pip": 0, "licensed": 0, "id": "1159010100100530007-1", "pnu": "1159010100100530007", "floors": 0, "height": 0.0}}, {"type": "Feature", "geometry": {"type": "Polygon", "coordinates": [[[126.94144256, 37.51244039], [126.94122165, 37.51243551], [126.94121704, 37.51256771], [126.941375, 37.5125712], [126.94137618, 37.51253747], [126.94140193, 37.51253804], [126.94140113, 37.51256084], [126.94143433, 37.51256157], [126.9414362, 37.51250778], [126.94144021, 37.51250787], [126.94144256, 37.51244039]]]}, "properties": {"name": "56빌딩", "status": "partial", "capacity": 4, "active": 2, "industry": "스포츠 서비스", "vacancy_rate": 50.0, "vacancy_rate_lo": null, "vacancy_rate_hi": null, "stores": 2, "source": "stores+ledger", "capacity_method": "expos_units", "active_pip": 0, "licensed": 1, "id": "1159010100100560014-1", "pnu": "1159010100100560014", "floors": 9, "height": 28.42}}, {"type": "Feature", "geometry": {"type": "Polygon", "coordinates": [[[126.94192351, 37.5114235], [126.94182792, 37.51142375], [126.94182841, 37.51147844], [126.94183183, 37.51147845], [126.94183294, 37.51159357], [126.94183736, 37.51159356], [126.94183753, 37.51162736], [126.94192543, 37.51162706], [126.94192351, 37.5114235]]]}, "properties": {"name": "노량진동 84-11", "status": "high", "capacity": 5, "active": 1, "industry": "기타 숙박", "vacancy_rate": 80.0, "vacancy_rate_lo": null, "vacancy_rate_hi": null, "stores": 1, "source": "stores+ledger", "capacity_method": "floor_ouln", "active_pip": 0, "licensed": 0, "id": "1159010100100840011-1", "pnu": "1159010100100840011", "floors": 5, "height": 0.0}}, {"type": "Feature", "geometry": {"type": "Polygon", "coordinates": [[[126.94100653, 37.51228073], [126.94109362, 37.5122799], [126.94109021, 37.51205287], [126.94098956, 37.51205382], [126.94099223, 37.51223221], [126.9410058, 37.51223208], [126.94100653, 37.51228073]]]}, "properties": {"name": "외", "status": "high", "capacity": 7, "active": 2, "industry": "기타 숙박", "vacancy_rate": 71.4, "vacancy_rate_lo": null, "vacancy_rate_hi": null, "stores": 2, "source": "stores+ledger", "capacity_method": "floor_ouln", "active_pip": 0, "licensed": 0, "id": "1159010100100520026-1", "pnu": "1159010100100520026", "floors": 7, "height": 21.3}}, {"type": "Feature", "geometry": {"type": "Polygon", "coordinates": [[[126.94002286, 37.5104905], [126.93999989, 37.51049106], [126.9399094, 37.51049214], [126.93991055, 37.5105935], [126.93993813, 37.51059267], [126.93993688, 37.51061069], [126.93999997, 37.510611], [126.94002648, 37.51061129], [126.94002286, 37.5104905]]]}, "properties": {"name": "노량진동 235-2", "status": "full", "capacity": 3, "active": 3, "industry": "가전·통신 소매", "vacancy_rate": 0.0, "vacancy_rate_lo": null, "vacancy_rate_hi": null, "stores": 3, "source": "stores+ledger", "capacity_method": "floor_ouln", "active_pip": 0, "licensed": 1, "id": "1159010100102350002-2", "pnu": "1159010100102350002", "floors": 4, "height": 0.0}}, {"type": "Feature", "geometry": {"type": "Polygon", "coordinates": [[[126.93997998, 37.51172936], [126.93994535, 37.51173019], [126.93994305, 37.51173525], [126.93991689, 37.5117358], [126.93991706, 37.51174453], [126.93989161, 37.51174509], [126.93989544, 37.51180648], [126.93998294, 37.51180539], [126.93997998, 37.51172936]]]}, "properties": {"name": "노량진동 240-62", "status": "empty", "capacity": 2, "active": 0, "industry": "", "vacancy_rate": 100.0, "source": "polygon_only", "capacity_method": "floor_approx", "active_pip": 0, "licensed": 0, "id": "1159010100102400062-1", "pnu": "1159010100102400062", "floors": 2, "height": 0.0}}, {"type": "Feature", "geometry": {"type": "Polygon", "coordinates": [[[126.94007099, 37.51131861], [126.94001937, 37.51132675], [126.93999993, 37.51133152], [126.93995645, 37.51134389], [126.93999385, 37.51141655], [126.94000003, 37.51141655], [126.94007374, 37.51141434], [126.94007099, 37.51131861]]]}, "properties": {"name": "노량진동 240-18", "status": "full", "capacity": 1, "active": 1, "industry": "주점", "vacancy_rate": 0.0, "vacancy_rate_lo": null, "vacancy_rate_hi": null, "stores": 1, "source": "stores+ledger", "capacity_method": "floor_ouln", "active_pip": 0, "licensed": 1, "id": "1159010100102400018-1", "pnu": "1159010100102400018", "floors": 1, "height": 0.0}}, {"type": "Feature", "geometry": {"type": "Polygon", "coordinates": [[[126.93969299, 37.51171655], [126.93960124, 37.51174832], [126.93958553, 37.51171875], [126.93951324, 37.51174264], [126.93954429, 37.5118122], [126.93973815, 37.51180836], [126.93969299, 37.51171655]]]}, "properties": {"name": "노량진동 240-23", "status": "high", "capacity": 8, "active": 1, "industry": "한식", "vacancy_rate": 87.5, "vacancy_rate_lo": null, "vacancy_rate_hi": null, "stores": 1, "source": "stores+ledger", "capacity_method": "expos_units", "active_pip": 0, "licensed": 0, "id": "1159010100102400023-1", "pnu": "1159010100102400023", "floors": 3, "height": 0.0}}, {"type": "Feature", "geometry": {"type": "Polygon", "coordinates": [[[126.93999994, 37.51175612], [126.94000239, 37.51180427], [126.94008156, 37.51180374], [126.94008162, 37.51171759], [126.94005069, 37.5117156], [126.94004098, 37.51169898], [126.93999997, 37.51171557], [126.93999994, 37.51175612]]]}, "properties": {"name": "노량진동 240-1", "status": "full", "capacity": 2, "active": 2, "industry": "중식", "vacancy_rate": 0.0, "vacancy_rate_lo": null, "vacancy_rate_hi": null, "stores": 2, "source": "stores+ledger", "capacity_method": "floor_ouln", "active_pip": 0, "licensed": 2, "id": "1159010100102400001-2", "pnu": "1159010100102400001", "floors": 3, "height": 0.0}}, {"type": "Feature", "geometry": {"type": "Polygon", "coordinates": [[[126.9412838, 37.51208845], [126.94134778, 37.51208595], [126.94134884, 37.51208595], [126.94133835, 37.51194573], [126.94124627, 37.51195215], [126.94124852, 37.51200171], [126.9412761, 37.51200342], [126.94127991, 37.51208873], [126.9412838, 37.51208845]]]}, "properties": {"name": "노량진동 52-14", "status": "partial", "capacity": 4, "active": 2, "industry": "기타 숙박", "vacancy_rate": 50.0, "vacancy_rate_lo": null, "vacancy_rate_hi": null, "stores": 2, "source": "stores+ledger", "capacity_method": "floor_ouln", "active_pip": 0, "licensed": 0, "id": "1159010100100520014-2", "pnu": "1159010100100520014", "floors": 4, "height": 0.0}}, {"type": "Feature", "geometry": {"type": "Polygon", "coordinates": [[[126.93989431, 37.51035613], [126.93989288, 37.51038597], [126.93983032, 37.51038313], [126.93982623, 37.51041804], [126.93989091, 37.51042088], [126.93989091, 37.51042342], [126.93998244, 37.51042573], [126.93998619, 37.51038884], [126.93994095, 37.510386], [126.93994203, 37.51035756], [126.93989431, 37.51035613]]]}, "properties": {"name": "노량진동 235-5", "status": "full", "capacity": 2, "active": 2, "industry": "이용·미용", "vacancy_rate": 0.0, "vacancy_rate_lo": null, "vacancy_rate_hi": null, "stores": 2, "source": "stores+ledger", "capacity_method": "floor_ouln", "active_pip": 0, "licensed": 1, "id": "1159010100102350005-2", "pnu": "1159010100102350005", "floors": 1, "height": 0.0}}, {"type": "Feature", "geometry": {"type": "Polygon", "coordinates": [[[126.9399528, 37.51235104], [126.93992417, 37.51235158], [126.93992994, 37.51243662], [126.93995504, 37.51243551], [126.9399528, 37.51235104]]]}, "properties": {"name": "노량진동 47-2", "status": "high", "capacity": 6, "active": 2, "industry": "한식", "vacancy_rate": 66.7, "vacancy_rate_lo": null, "vacancy_rate_hi": null, "stores": 2, "source": "stores+ledger", "capacity_method": "floor_ouln", "active_pip": 0, "licensed": 0, "id": "1159010100100470002-16", "pnu": "1159010100100470002", "floors": 0, "height": 0.0}}, {"type": "Feature", "geometry": {"type": "Polygon", "coordinates": [[[126.93991006, 37.51144636], [126.93999226, 37.51141712], [126.93997779, 37.51139008], [126.93993448, 37.51140272], [126.93990854, 37.51135681], [126.93986771, 37.51136918], [126.93991006, 37.51144636]]]}, "properties": {"name": "노량진동 240-18", "status": "full", "capacity": 1, "active": 1, "industry": "주점", "vacancy_rate": 0.0, "vacancy_rate_lo": null, "vacancy_rate_hi": null, "stores": 1, "source": "stores+ledger", "capacity_method": "floor_ouln", "active_pip": 0, "licensed": 1, "id": "1159010100102400018-2", "pnu": "1159010100102400018", "floors": 1, "height": 0.0}}, {"type": "Feature", "geometry": {"type": "Polygon", "coordinates": [[[126.93966812, 37.51166107], [126.93957354, 37.51169621], [126.93960336, 37.51174634], [126.93969176, 37.51171458], [126.93966812, 37.51166107]]]}, "properties": {"name": "노량진동 240-25", "status": "full", "capacity": 1, "active": 1, "industry": "", "vacancy_rate": 0.0, "source": "pip_only", "capacity_method": "floor_approx", "active_pip": 0, "licensed": 1, "id": "1159010100102400025-1", "pnu": "1159010100102400025", "floors": 0, "height": 0.0}}, {"type": "Feature", "geometry": {"type": "Polygon", "coordinates": [[[126.9398884, 37.51177071], [126.93982761, 37.51177209], [126.93982618, 37.51178194], [126.93979968, 37.51179037], [126.93980637, 37.51180811], [126.9398898, 37.51180647], [126.9398884, 37.51177071]]]}, "properties": {"name": "노량진동 240-71", "status": "empty", "capacity": 2, "active": 0, "industry": "", "vacancy_rate": 100.0, "source": "polygon_only", "capacity_method": "floor_approx", "active_pip": 0, "licensed": 0, "id": "1159010100102400071-1", "pnu": "1159010100102400071", "floors": 2, "height": 0.0}}, {"type": "Feature", "geometry": {"type": "Polygon", "coordinates": [[[126.94007202, 37.51111645], [126.94000009, 37.51112345], [126.93998188, 37.51112541], [126.9399896, 37.51119722], [126.94000003, 37.51119693], [126.94007109, 37.51119584], [126.94007202, 37.51111645]]]}, "properties": {"name": "2~4층", "status": "partial", "capacity": 6, "active": 4, "industry": "동남아시아", "vacancy_rate": 33.3, "vacancy_rate_lo": null, "vacancy_rate_hi": null, "stores": 4, "source": "stores+ledger", "capacity_method": "floor_ouln", "active_pip": 0, "licensed": 2, "id": "1159010100102400027-1", "pnu": "1159010100102400027", "floors": 3, "height": 0.0}}, {"type": "Feature", "geometry": {"type": "Polygon", "coordinates": [[[126.94051724, 37.51196953], [126.94040395, 37.51196947], [126.94040093, 37.51222287], [126.94049247, 37.51222264], [126.94049265, 37.51222827], [126.94050396, 37.512228], [126.94050428, 37.51203625], [126.94051718, 37.51203598], [126.94051724, 37.51196953]]]}, "properties": {"name": "원남빌딩", "status": "full", "capacity": 11, "active": 11, "industry": "기타 숙박", "vacancy_rate": 0.0, "vacancy_rate_lo": null, "vacancy_rate_hi": null, "stores": 11, "source": "stores+ledger", "capacity_method": "floor_ouln", "active_pip": 0, "licensed": 5, "id": "1159010100100500002-4", "pnu": "1159010100100500002", "floors": 4, "height": 14.5}}, {"type": "Feature", "geometry": {"type": "Polygon", "coordinates": [[[126.93983651, 37.51059769], [126.93976492, 37.51061258], [126.93979083, 37.51069311], [126.93986596, 37.51067654], [126.93983651, 37.51059769]]]}, "properties": {"name": "노량진동 235-7", "status": "empty", "capacity": 2, "active": 0, "industry": "", "vacancy_rate": 100.0, "source": "polygon_only", "capacity_method": "floor_approx", "active_pip": 0, "licensed": 0, "id": "1159010100102350007-1", "pnu": "1159010100102350007", "floors": 2, "height": 0.0}}, {"type": "Feature", "geometry": {"type": "Polygon", "coordinates": [[[126.94077943, 37.51228389], [126.94078297, 37.51228783], [126.94085669, 37.51224648], [126.94082173, 37.51220648], [126.94082456, 37.51220282], [126.94078607, 37.51215888], [126.9407454, 37.51218166], [126.94075052, 37.51219124], [126.94071322, 37.51221233], [126.94077943, 37.51228389]]]}, "properties": {"name": "노량진동 53-7", "status": "full", "capacity": 2, "active": 2, "industry": "가전·통신 소매", "vacancy_rate": 0.0, "vacancy_rate_lo": null, "vacancy_rate_hi": null, "stores": 2, "source": "stores+ledger", "capacity_method": "floor_ouln", "active_pip": 0, "licensed": 0, "id": "1159010100100530007-2", "pnu": "1159010100100530007", "floors": 2, "height": 2.7}}, {"type": "Feature", "geometry": {"type": "Polygon", "coordinates": [[[126.94117336, 37.51205939], [126.94117601, 37.51207009], [126.94124441, 37.51206252], [126.94124424, 37.51205436], [126.94117336, 37.51205939]]]}, "properties": {"name": "더코어빌딩", "status": "high", "capacity": 5, "active": 2, "industry": "기타 숙박", "vacancy_rate": 60.0, "vacancy_rate_lo": null, "vacancy_rate_hi": null, "stores": 2, "source": "stores+ledger", "capacity_method": "floor_ouln", "active_pip": 0, "licensed": 0, "id": "1159010100100520007-4", "pnu": "1159010100100520007", "floors": 0, "height": 0.0}}, {"type": "Feature", "geometry": {"type": "Polygon", "coordinates": [[[126.94113184, 37.51269333], [126.94142479, 37.51269267], [126.94142455, 37.51262645], [126.94136743, 37.51262658], [126.94136735, 37.51260135], [126.94131871, 37.51260147], [126.94131866, 37.5125902], [126.94113147, 37.51259062], [126.94113184, 37.51269333]]]}, "properties": {"name": "태영오피스텔", "status": "full", "capacity": 3, "active": 3, "industry": "도서관·사적지", "vacancy_rate": 0.0, "vacancy_rate_lo": null, "vacancy_rate_hi": null, "stores": 3, "source": "stores+ledger", "capacity_method": "expos_units", "active_pip": 0, "licensed": 0, "id": "1159010100100560011-1", "pnu": "1159010100100560011", "floors": 11, "height": 39.9}}, {"type": "Feature", "geometry": {"type": "Polygon", "coordinates": [[[126.94112339, 37.51212055], [126.94113501, 37.51230087], [126.941223, 37.51229728], [126.94122152, 37.51227433], [126.94124467, 37.51227338], [126.94123454, 37.51211601], [126.94112339, 37.51212055]]]}, "properties": {"name": "노량진동 52-5", "status": "full", "capacity": 6, "active": 6, "industry": "기타 숙박", "vacancy_rate": 0.0, "vacancy_rate_lo": null, "vacancy_rate_hi": null, "stores": 6, "source": "stores+ledger", "capacity_method": "floor_ouln", "active_pip": 0, "licensed": 0, "id": "1159010100100520005-2", "pnu": "1159010100100520005", "floors": 7, "height": 28.39}}, {"type": "Feature", "geometry": {"type": "Polygon", "coordinates": [[[126.94165485, 37.51205516], [126.94164407, 37.5119248], [126.9416215, 37.51192599], [126.94161943, 37.51190081], [126.94153364, 37.51190532], [126.9415465, 37.51206085], [126.94165485, 37.51205516]]]}, "properties": {"name": "노량진동 52-49", "status": "high", "capacity": 6, "active": 2, "industry": "도서관·사적지", "vacancy_rate": 66.7, "vacancy_rate_lo": null, "vacancy_rate_hi": null, "stores": 2, "source": "stores+ledger", "capacity_method": "floor_ouln", "active_pip": 0, "licensed": 0, "id": "1159010100100520049-1", "pnu": "1159010100100520049", "floors": 6, "height": 18.52}}, {"type": "Feature", "geometry": {"type": "Polygon", "coordinates": [[[126.94470798, 37.51111758], [126.94500004, 37.5112019], [126.9451702, 37.5112507], [126.94542032, 37.5106905], [126.94523603, 37.51063664], [126.94523267, 37.51064198], [126.94515122, 37.51061914], [126.94514042, 37.51064278], [126.94510738, 37.51063235], [126.9451042, 37.51063883], [126.94507646, 37.51063149], [126.94506017, 37.51066667], [126.94503136, 37.51066075], [126.94500853, 37.51071199], [126.94500005, 37.51070972], [126.94489757, 37.51068152], [126.94470798, 37.51111758]]]}, "properties": {"name": "삼익주상복합아파트", "status": "full", "capacity": 32, "active": 32, "industry": "한식", "vacancy_rate": 0.0, "vacancy_rate_lo": null, "vacancy_rate_hi": null, "stores": 32, "source": "stores+ledger", "capacity_method": "expos_units", "active_pip": 0, "licensed": 12, "id": "1159010100103300000-1", "pnu": "1159010100103300000", "floors": 19, "height": 57.0}}, {"type": "Feature", "geometry": {"type": "Polygon", "coordinates": [[[126.94450922, 37.5124721], [126.94448865, 37.51255402], [126.94445631, 37.51255175], [126.94445169, 37.51256949], [126.94460508, 37.51259434], [126.9446352, 37.51249411], [126.94450922, 37.5124721]]]}, "properties": {"name": "노량진동 118-8", "status": "partial", "capacity": 4, "active": 2, "industry": "유원지·오락", "vacancy_rate": 50.0, "vacancy_rate_lo": null, "vacancy_rate_hi": null, "stores": 2, "source": "stores+ledger", "capacity_method": "floor_ouln", "active_pip": 0, "licensed": 1, "id": "1159010100101180008-1", "pnu": "1159010100101180008", "floors": 4, "height": 0.0}}, {"type": "Feature", "geometry": {"type": "Polygon", "coordinates": [[[126.94421629, 37.51051846], [126.94416507, 37.51049276], [126.94411791, 37.51049769], [126.94411813, 37.51050048], [126.94410388, 37.51050129], [126.94410601, 37.51052859], [126.94411211, 37.51052823], [126.94411334, 37.51054823], [126.94412397, 37.51054806], [126.94412712, 37.51057266], [126.94415469, 37.51061357], [126.94418489, 37.5106108], [126.94418478, 37.51060602], [126.94422335, 37.51060406], [126.94421629, 37.51051846]]]}, "properties": {"name": "노량진동 122-6", "status": "high", "capacity": 3, "active": 1, "industry": "기타 생활용품 소매", "vacancy_rate": 66.7, "vacancy_rate_lo": null, "vacancy_rate_hi": null, "stores": 1, "source": "stores+ledger", "capacity_method": "floor_approx", "active_pip": 0, "licensed": 0, "id": "1159010100101220006-1", "pnu": "1159010100101220006", "floors": 3, "height": 0.0}}, {"type": "Feature", "geometry": {"type": "Polygon", "coordinates": [[[126.94427707, 37.51116412], [126.94425918, 37.51122492], [126.94434613, 37.51124271], [126.94437091, 37.51117684], [126.94427707, 37.51116412]]]}, "properties": {"name": "노량진동 120-21", "status": "high", "capacity": 3, "active": 1, "industry": "", "vacancy_rate": 66.7, "source": "pip_only", "capacity_method": "floor_approx", "active_pip": 0, "licensed": 1, "id": "1159010100101200021-1", "pnu": "1159010100101200021", "floors": 3, "height": 0.0}}, {"type": "Feature", "geometry": {"type": "Polygon", "coordinates": [[[126.94466941, 37.51044407], [126.94465225, 37.51045898], [126.94464855, 37.51046968], [126.9446238, 37.5104615], [126.94456794, 37.51047696], [126.94458755, 37.51051836], [126.94461174, 37.51052794], [126.94460891, 37.51053864], [126.94461208, 37.51054005], [126.9446112, 37.5105454], [126.94461102, 37.51055187], [126.94461295, 37.51055722], [126.94461684, 37.51056032], [126.94462303, 37.51056258], [126.94462868, 37.51056258], [126.94463628, 37.51056203], [126.94464159, 37.51055949], [126.944646, 37.51055415], [126.94465024, 37.51055611], [126.9447074, 37.51045873], [126.94466941, 37.51044407]]]}, "properties": {"name": "우측", "status": "full", "capacity": 3, "active": 3, "industry": "이용·미용", "vacancy_rate": 0.0, "vacancy_rate_lo": null, "vacancy_rate_hi": null, "stores": 3, "source": "stores+ledger", "capacity_method": "floor_ouln", "active_pip": 0, "licensed": 1, "id": "1159010100102240001-1", "pnu": "1159010100102240001", "floors": 5, "height": 0.0}}, {"type": "Feature", "geometry": {"type": "Polygon", "coordinates": [[[126.94325714, 37.51237351], [126.94322456, 37.51244726], [126.94333094, 37.51247632], [126.94336122, 37.51239524], [126.94325714, 37.51237351]]]}, "properties": {"name": "노량진동 85-14", "status": "partial", "capacity": 4, "active": 2, "industry": "기타 숙박", "vacancy_rate": 50.0, "vacancy_rate_lo": null, "vacancy_rate_hi": null, "stores": 2, "source": "stores+ledger", "capacity_method": "floor_ouln", "active_pip": 0, "licensed": 0, "id": "1159010100100850014-1", "pnu": "1159010100100850014", "floors": 4, "height": 10.59}}, {"type": "Feature", "geometry": {"type": "Polygon", "coordinates": [[[126.94476171, 37.51182152], [126.94473508, 37.51197721], [126.94479569, 37.51198315], [126.94482356, 37.51182943], [126.94476171, 37.51182152]]]}, "properties": {"name": "명칭없음", "status": "high", "capacity": 6, "active": 1, "industry": "한식", "vacancy_rate": 83.3, "vacancy_rate_lo": null, "vacancy_rate_hi": null, "stores": 1, "source": "stores+ledger", "capacity_method": "expos_units", "active_pip": 0, "licensed": 1, "id": "1159010100101190148-1", "pnu": "1159010100101190148", "floors": 0, "height": 0.0}}, {"type": "Feature", "geometry": {"type": "Polygon", "coordinates": [[[126.94353605, 37.51186316], [126.94352524, 37.51190062], [126.94352878, 37.51190118], [126.94351282, 37.51197578], [126.94355787, 37.51198201], [126.94356958, 37.51192991], [126.94364556, 37.5119398], [126.94365657, 37.51188434], [126.94353605, 37.51186316]]]}, "properties": {"name": "노량진동 119-112", "status": "high", "capacity": 4, "active": 1, "industry": "기타 숙박", "vacancy_rate": 75.0, "vacancy_rate_lo": null, "vacancy_rate_hi": null, "stores": 1, "source": "stores+ledger", "capacity_method": "floor_ouln", "active_pip": 0, "licensed": 0, "id": "1159010100101190112-1", "pnu": "1159010100101190112", "floors": 4, "height": 0.0}}, {"type": "Feature", "geometry": {"type": "Polygon", "coordinates": [[[126.94401934, 37.5117108], [126.94398694, 37.51180341], [126.94399382, 37.5118051], [126.94398852, 37.51182087], [126.94399911, 37.51182341], [126.94398619, 37.51186423], [126.94415088, 37.51189529], [126.94419658, 37.51174804], [126.94401934, 37.5117108]]]}, "properties": {"name": "주영빌딩", "status": "partial", "capacity": 4, "active": 3, "industry": "종합 소매", "vacancy_rate": 25.0, "vacancy_rate_lo": null, "vacancy_rate_hi": null, "stores": 3, "source": "stores+ledger", "capacity_method": "floor_ouln", "active_pip": 0, "licensed": 0, "id": "1159010100101190068-1", "pnu": "1159010100101190068", "floors": 3, "height": 0.0}}, {"type": "Feature", "geometry": {"type": "Polygon", "coordinates": [[[126.94406307, 37.51162521], [126.94403596, 37.51170433], [126.94418121, 37.51173592], [126.94420654, 37.51165963], [126.94406307, 37.51162521]]]}, "properties": {"name": "노량진동 119-72", "status": "empty", "capacity": 3, "active": 0, "industry": "", "vacancy_rate": 100.0, "source": "polygon_only", "capacity_method": "floor_approx", "active_pip": 0, "licensed": 0, "id": "1159010100101190072-1", "pnu": "1159010100101190072", "floors": 3, "height": 0.0}}, {"type": "Feature", "geometry": {"type": "Polygon", "coordinates": [[[126.94384736, 37.51222062], [126.94381815, 37.51228226], [126.94388247, 37.51230286], [126.94391768, 37.51224064], [126.94388907, 37.51222683], [126.94384736, 37.51222062]]]}, "properties": {"name": "노량진동 119-15", "status": "full", "capacity": 2, "active": 2, "industry": "오락용품 소매", "vacancy_rate": 0.0, "vacancy_rate_lo": null, "vacancy_rate_hi": null, "stores": 2, "source": "stores+ledger", "capacity_method": "floor_ouln", "active_pip": 0, "licensed": 1, "id": "1159010100101190015-1", "pnu": "1159010100101190015", "floors": 0, "height": 0.0}}, {"type": "Feature", "geometry": {"type": "Polygon", "coordinates": [[[126.94368091, 37.51194432], [126.94365525, 37.51199978], [126.94383582, 37.51205731], [126.94386149, 37.51200185], [126.94368091, 37.51194432]]]}, "properties": {"name": "노량진동 119-21", "status": "high", "capacity": 3, "active": 1, "industry": "기타 숙박", "vacancy_rate": 66.7, "vacancy_rate_lo": null, "vacancy_rate_hi": null, "stores": 1, "source": "stores+ledger", "capacity_method": "floor_ouln", "active_pip": 0, "licensed": 0, "id": "1159010100101190021-1", "pnu": "1159010100101190021", "floors": 3, "height": 10.4}}, {"type": "Feature", "geometry": {"type": "Polygon", "coordinates": [[[126.94488812, 37.51152002], [126.94493529, 37.51154426], [126.94497403, 37.51149443], [126.9449272, 37.51147076], [126.94488812, 37.51152002]]]}, "properties": {"name": "노량진동 119-186", "status": "high", "capacity": 3, "active": 1, "industry": "", "vacancy_rate": 66.7, "source": "pip_only", "capacity_method": "floor_approx", "active_pip": 0, "licensed": 1, "id": "1159010100101190186-1", "pnu": "1159010100101190186", "floors": 3, "height": 0.0}}, {"type": "Feature", "geometry": {"type": "Polygon", "coordinates": [[[126.94448615, 37.5113951], [126.94446402, 37.51144549], [126.94462233, 37.51149061], [126.94464446, 37.5114453], [126.94448615, 37.5113951]]]}, "properties": {"name": "노량진동 119-178", "status": "full", "capacity": 2, "active": 2, "industry": "", "vacancy_rate": 0.0, "source": "pip_only", "capacity_method": "floor_approx", "active_pip": 2, "licensed": 2, "id": "1159010100101190178-1", "pnu": "1159010100101190178", "floors": 2, "height": 0.0}}, {"type": "Feature", "geometry": {"type": "Polygon", "coordinates": [[[126.9448597, 37.51170893], [126.94483027, 37.51182634], [126.9449508, 37.51184215], [126.94497404, 37.51172391], [126.9448597, 37.51170893]]]}, "properties": {"name": "명칭없음", "status": "high", "capacity": 6, "active": 1, "industry": "한식", "vacancy_rate": 83.3, "vacancy_rate_lo": null, "vacancy_rate_hi": null, "stores": 1, "source": "stores+ledger", "capacity_method": "expos_units", "active_pip": 0, "licensed": 1, "id": "1159010100101190148-2", "pnu": "1159010100101190148", "floors": 0, "height": 0.0}}, {"type": "Feature", "geometry": {"type": "Polygon", "coordinates": [[[126.94235712, 37.51249781], [126.94224961, 37.51258222], [126.94226145, 37.51259265], [126.94224853, 37.51260391], [126.94230665, 37.5126487], [126.94242831, 37.51255782], [126.94235712, 37.51249781]]]}, "properties": {"name": "노량진동 58-27", "status": "full", "capacity": 2, "active": 2, "industry": "도서관·사적지", "vacancy_rate": 0.0, "vacancy_rate_lo": null, "vacancy_rate_hi": null, "stores": 2, "source": "stores+ledger", "capacity_method": "floor_ouln", "active_pip": 0, "licensed": 1, "id": "1159010100100580027-1", "pnu": "1159010100100580027", "floors": 5, "height": 15.75}}, {"type": "Feature", "geometry": {"type": "Polygon", "coordinates": [[[126.9448121, 37.51203496], [126.94478124, 37.51219037], [126.9448763, 37.51220618], [126.94490982, 37.51204797], [126.9448121, 37.51203496]]]}, "properties": {"name": "노량진동 119-173", "status": "empty", "capacity": 2, "active": 0, "industry": "", "vacancy_rate": 100.0, "source": "polygon_only", "capacity_method": "floor_approx", "active_pip": 0, "licensed": 0, "id": "1159010100101190173-1", "pnu": "1159010100101190173", "floors": 2, "height": 0.0}}, {"type": "Feature", "geometry": {"type": "Polygon", "coordinates": [[[126.9443935, 37.51169886], [126.94438371, 37.51179036], [126.94453375, 37.51180424], [126.94454742, 37.51171555], [126.9443935, 37.51169886]]]}, "properties": {"name": "노량진동 119-157", "status": "full", "capacity": 3, "active": 3, "industry": "안경·정밀기기 소매", "vacancy_rate": 0.0, "vacancy_rate_lo": null, "vacancy_rate_hi": null, "stores": 3, "source": "stores+ledger", "capacity_method": "floor_ouln", "active_pip": 0, "licensed": 1, "id": "1159010100101190157-1", "pnu": "1159010100101190157", "floors": 3, "height": 0.0}}, {"type": "Feature", "geometry": {"type": "Polygon", "coordinates": [[[126.94398362, 37.51246199], [126.94392858, 37.51257459], [126.94400257, 37.512636], [126.94402114, 37.51262672], [126.94408151, 37.51249329], [126.94398362, 37.51246199]]]}, "properties": {"name": "노량진동 90-1", "status": "full", "capacity": 5, "active": 5, "industry": "주점", "vacancy_rate": 0.0, "vacancy_rate_lo": null, "vacancy_rate_hi": null, "stores": 5, "source": "stores+ledger", "capacity_method": "floor_ouln", "active_pip": 0, "licensed": 3, "id": "1159010100100900001-1", "pnu": "1159010100100900001", "floors": 2, "height": 5.6}}, {"type": "Feature", "geometry": {"type": "Polygon", "coordinates": [[[126.94496276, 37.51143052], [126.94500062, 37.51138379], [126.94501689, 37.51136325], [126.94500011, 37.51135339], [126.94493916, 37.51132126], [126.94488609, 37.51139078], [126.94496276, 37.51143052]]]}, "properties": {"name": "노량진동 123-7", "status": "partial", "capacity": 3, "active": 2, "industry": "주점", "vacancy_rate": 33.3, "vacancy_rate_lo": null, "vacancy_rate_hi": null, "stores": 2, "source": "stores+ledger", "capacity_method": "floor_ouln", "active_pip": 0, "licensed": 1, "id": "1159010100101230007-1", "pnu": "1159010100101230007", "floors": 3, "height": 0.0}}, {"type": "Feature", "geometry": {"type": "Polygon", "coordinates": [[[126.94422604, 37.51134683], [126.94419577, 37.5114127], [126.94424136, 37.51142511], [126.94423728, 37.51143496], [126.94428993, 37.51144991], [126.9443105, 37.51136883], [126.94422604, 37.51134683]]]}, "properties": {"name": "노량진동 119-75", "status": "full", "capacity": 2, "active": 2, "industry": "의원", "vacancy_rate": 0.0, "vacancy_rate_lo": null, "vacancy_rate_hi": null, "stores": 2, "source": "stores+ledger", "capacity_method": "floor_ouln", "active_pip": 0, "licensed": 2, "id": "1159010100101190075-1", "pnu": "1159010100101190075", "floors": 3, "height": 0.0}}, {"type": "Feature", "geometry": {"type": "Polygon", "coordinates": [[[126.94449845, 37.51184489], [126.94436264, 37.51182887], [126.94435907, 37.51187021], [126.94449561, 37.5118777], [126.94449845, 37.51184489]]]}, "properties": {"name": "노량진동 119-155", "status": "partial", "capacity": 3, "active": 2, "industry": "비알코올 ", "vacancy_rate": 33.3, "vacancy_rate_lo": null, "vacancy_rate_hi": null, "stores": 2, "source": "stores+ledger", "capacity_method": "floor_ouln", "active_pip": 0, "licensed": 2, "id": "1159010100101190155-1", "pnu": "1159010100101190155", "floors": 3, "height": 10.0}}, {"type": "Feature", "geometry": {"type": "Polygon", "coordinates": [[[126.94315433, 37.51219427], [126.94312308, 37.51229364], [126.9432521, 37.51231854], [126.94328385, 37.51221984], [126.94315433, 37.51219427]]]}, "properties": {"name": "노량진동 85-23", "status": "empty", "capacity": 4, "active": 0, "industry": "", "vacancy_rate": 100.0, "source": "polygon_only", "capacity_method": "floor_approx", "active_pip": 0, "licensed": 0, "id": "1159010100100850023-1", "pnu": "1159010100100850023", "floors": 4, "height": 0.0}}, {"type": "Feature", "geometry": {"type": "Polygon", "coordinates": [[[126.94468165, 37.51260063], [126.94467635, 37.51262881], [126.94473812, 37.51263619], [126.94473694, 37.51264245], [126.944774, 37.51264686], [126.94478663, 37.51257977], [126.94474957, 37.51257535], [126.94474343, 37.51260801], [126.94468165, 37.51260063]]]}, "properties": {"name": "노량진동 117-11", "status": "full", "capacity": 1, "active": 1, "industry": "일식", "vacancy_rate": 0.0, "vacancy_rate_lo": null, "vacancy_rate_hi": null, "stores": 1, "source": "stores+ledger", "capacity_method": "floor_ouln", "active_pip": 0, "licensed": 1, "id": "1159010100101170011-1", "pnu": "1159010100101170011", "floors": 3, "height": 8.0}}, {"type": "Feature", "geometry": {"type": "Polygon", "coordinates": [[[126.94273246, 37.5124466], [126.94273238, 37.51244682], [126.9427626, 37.51245437], [126.94276159, 37.51245694], [126.94284685, 37.51247824], [126.94288308, 37.51239522], [126.94285826, 37.51238903], [126.94285521, 37.51239676], [126.94277535, 37.51237681], [126.94277096, 37.51238798], [126.94275692, 37.51238448], [126.94273246, 37.5124466]]]}, "properties": {"name": "노량진동 83-1", "status": "high", "capacity": 7, "active": 3, "industry": "기타 숙박", "vacancy_rate": 57.1, "vacancy_rate_lo": null, "vacancy_rate_hi": null, "stores": 3, "source": "stores+ledger", "capacity_method": "floor_ouln", "active_pip": 0, "licensed": 1, "id": "1159010100100830001-1", "pnu": "1159010100100830001", "floors": 7, "height": 20.02}}, {"type": "Feature", "geometry": {"type": "Polygon", "coordinates": [[[126.94482656, 37.51182774], [126.94479143, 37.51201835], [126.94491142, 37.51203473], [126.94495009, 37.51184413], [126.94482656, 37.51182774]]]}, "properties": {"name": "명칭없음", "status": "high", "capacity": 6, "active": 1, "industry": "한식", "vacancy_rate": 83.3, "vacancy_rate_lo": null, "vacancy_rate_hi": null, "stores": 1, "source": "stores+ledger", "capacity_method": "expos_units", "active_pip": 0, "licensed": 1, "id": "1159010100101190148-3", "pnu": "1159010100101190148", "floors": 3, "height": 0.0}}, {"type": "Feature", "geometry": {"type": "Polygon", "coordinates": [[[126.94342287, 37.51103532], [126.94332071, 37.51105413], [126.94333442, 37.51114001], [126.94348943, 37.51112011], [126.94348344, 37.511088], [126.94342287, 37.51103532]]]}, "properties": {"name": "노량진동 119-46", "status": "high", "capacity": 5, "active": 1, "industry": "기타 숙박", "vacancy_rate": 80.0, "vacancy_rate_lo": null, "vacancy_rate_hi": null, "stores": 1, "source": "stores+ledger", "capacity_method": "floor_ouln", "active_pip": 0, "licensed": 0, "id": "1159010100101190046-1", "pnu": "1159010100101190046", "floors": 5, "height": 0.0}}, {"type": "Feature", "geometry": {"type": "Polygon", "coordinates": [[[126.94375958, 37.51237657], [126.94392549, 37.51242394], [126.94397099, 37.51233415], [126.94381657, 37.51228508], [126.94380046, 37.51231858], [126.94378667, 37.51231464], [126.94375958, 37.51237657]]]}, "properties": {"name": "노량진동 89-2", "status": "full", "capacity": 6, "active": 6, "industry": "기타 간이", "vacancy_rate": 0.0, "vacancy_rate_lo": null, "vacancy_rate_hi": null, "stores": 6, "source": "stores+ledger", "capacity_method": "floor_ouln", "active_pip": 0, "licensed": 6, "id": "1159010100100890002-1", "pnu": "1159010100100890002", "floors": 1, "height": 0.0}}, {"type": "Feature", "geometry": {"type": "Polygon", "coordinates": [[[126.94407053, 37.51227338], [126.94404609, 37.51233165], [126.94418499, 37.51236748], [126.94418626, 37.51230722], [126.94407053, 37.51227338]]]}, "properties": {"name": "노량진동 119-166", "status": "full", "capacity": 2, "active": 2, "industry": "기타 간이", "vacancy_rate": 0.0, "vacancy_rate_lo": null, "vacancy_rate_hi": null, "stores": 2, "source": "stores+ledger", "capacity_method": "floor_ouln", "active_pip": 0, "licensed": 2, "id": "1159010100101190166-1", "pnu": "1159010100101190166", "floors": 1, "height": 0.0}}, {"type": "Feature", "geometry": {"type": "Polygon", "coordinates": [[[126.94488812, 37.51152002], [126.94492632, 37.5114702], [126.9448463, 37.51142962], [126.94480632, 37.51147859], [126.94488812, 37.51152002]]]}, "properties": {"name": "우측호", "status": "full", "capacity": 2, "active": 2, "industry": "기타 간이", "vacancy_rate": 0.0, "vacancy_rate_lo": null, "vacancy_rate_hi": null, "stores": 2, "source": "stores+ledger", "capacity_method": "floor_ouln", "active_pip": 0, "licensed": 1, "id": "1159010100101190151-1", "pnu": "1159010100101190151", "floors": 3, "height": 7.8}}, {"type": "Feature", "geometry": {"type": "Polygon", "coordinates": [[[126.94403955, 37.51233615], [126.94398822, 37.51245241], [126.9441105, 37.51249161], [126.94416678, 37.51237028], [126.94403955, 37.51233615]]]}, "properties": {"name": "노량진동 90-8", "status": "full", "capacity": 5, "active": 5, "industry": "기타 간이", "vacancy_rate": 0.0, "vacancy_rate_lo": null, "vacancy_rate_hi": null, "stores": 5, "source": "stores+ledger", "capacity_method": "floor_ouln", "active_pip": 0, "licensed": 3, "id": "1159010100100900008-1", "pnu": "1159010100100900008", "floors": 3, "height": 9.3}}, {"type": "Feature", "geometry": {"type": "Polygon", "coordinates": [[[126.9444675, 37.51225723], [126.94436285, 37.51225747], [126.94436531, 37.51252524], [126.9444664, 37.51252529], [126.9444675, 37.51225723]]]}, "properties": {"name": "노량진동 118-5", "status": "high", "capacity": 18, "active": 8, "industry": "한식", "vacancy_rate": 55.6, "vacancy_rate_lo": null, "vacancy_rate_hi": null, "stores": 8, "source": "stores+ledger", "capacity_method": "expos_units", "active_pip": 0, "licensed": 6, "id": "1159010100101180005-1", "pnu": "1159010100101180005", "floors": 4, "height": 0.0}}, {"type": "Feature", "geometry": {"type": "Polygon", "coordinates": [[[126.94437588, 37.51091104], [126.94434348, 37.51098226], [126.9444373, 37.51101327], [126.94447093, 37.51093642], [126.94437588, 37.51091104]]]}, "properties": {"name": "노량진동 120-3", "status": "full", "capacity": 3, "active": 3, "industry": "기타 간이", "vacancy_rate": 0.0, "vacancy_rate_lo": null, "vacancy_rate_hi": null, "stores": 3, "source": "stores+ledger", "capacity_method": "floor_ouln", "active_pip": 0, "licensed": 3, "id": "1159010100101200003-1", "pnu": "1159010100101200003", "floors": 3, "height": 0.0}}, {"type": "Feature", "geometry": {"type": "Polygon", "coordinates": [[[126.94300769, 37.51253068], [126.9431143, 37.51255647], [126.94314338, 37.51248017], [126.94311956, 37.51247441], [126.94312244, 37.51246686], [126.94303965, 37.51244684], [126.94300769, 37.51253068]]]}, "properties": {"name": "노량진동 85-12", "status": "high", "capacity": 4, "active": 1, "industry": "기타 숙박", "vacancy_rate": 75.0, "vacancy_rate_lo": null, "vacancy_rate_hi": null, "stores": 1, "source": "stores+ledger", "capacity_method": "floor_ouln", "active_pip": 0, "licensed": 1, "id": "1159010100100850012-1", "pnu": "1159010100100850012", "floors": 4, "height": 12.3}}, {"type": "Feature", "geometry": {"type": "Polygon", "coordinates": [[[126.94435408, 37.51099043], [126.94431868, 37.51105348], [126.94440756, 37.51108196], [126.94443641, 37.5110158], [126.94435408, 37.51099043]]]}, "properties": {"name": "노량진동 120-2", "status": "partial", "capacity": 2, "active": 1, "industry": "한식", "vacancy_rate": 50.0, "vacancy_rate_lo": null, "vacancy_rate_hi": null, "stores": 1, "source": "stores+ledger", "capacity_method": "floor_ouln", "active_pip": 0, "licensed": 1, "id": "1159010100101200002-1", "pnu": "1159010100101200002", "floors": 2, "height": 0.0}}, {"type": "Feature", "geometry": {"type": "Polygon", "coordinates": [[[126.94435433, 37.51200819], [126.94434885, 37.51207536], [126.94435111, 37.51207547], [126.94434638, 37.51213345], [126.94444029, 37.51213832], [126.94444146, 37.51212394], [126.9445549, 37.5121298], [126.94456393, 37.51201903], [126.94435433, 37.51200819]]]}, "properties": {"name": "갤럭시고시텔", "status": "full", "capacity": 7, "active": 7, "industry": "기타 간이", "vacancy_rate": 0.0, "vacancy_rate_lo": null, "vacancy_rate_hi": null, "stores": 7, "source": "stores+ledger", "capacity_method": "floor_ouln", "active_pip": 0, "licensed": 4, "id": "1159010100101190143-1", "pnu": "1159010100101190143", "floors": 6, "height": 19.7}}, {"type": "Feature", "geometry": {"type": "Polygon", "coordinates": [[[126.94493916, 37.51132126], [126.94482079, 37.5112663], [126.9447709, 37.51133244], [126.94488538, 37.51138937], [126.94493916, 37.51132126]]]}, "properties": {"name": "노량진동 123-9", "status": "high", "capacity": 3, "active": 1, "industry": "", "vacancy_rate": 66.7, "source": "pip_only", "capacity_method": "floor_approx", "active_pip": 1, "licensed": 1, "id": "1159010100101230009-1", "pnu": "1159010100101230009", "floors": 3, "height": 0.0}}, {"type": "Feature", "geometry": {"type": "Polygon", "coordinates": [[[126.94391662, 37.51224599], [126.94388512, 37.51230229], [126.94396922, 37.51233161], [126.9439924, 37.51228292], [126.94391662, 37.51224599]]]}, "properties": {"name": "노량진동 119-15", "status": "full", "capacity": 2, "active": 2, "industry": "오락용품 소매", "vacancy_rate": 0.0, "vacancy_rate_lo": null, "vacancy_rate_hi": null, "stores": 2, "source": "stores+ledger", "capacity_method": "floor_ouln", "active_pip": 0, "licensed": 1, "id": "1159010100101190015-2", "pnu": "1159010100101190015", "floors": 2, "height": 0.0}}, {"type": "Feature", "geometry": {"type": "Polygon", "coordinates": [[[126.94414914, 37.51208731], [126.94407195, 37.51227057], [126.94418626, 37.51230526], [126.94419102, 37.51209521], [126.94414914, 37.51208731]]]}, "properties": {"name": "노량진동 119-64", "status": "full", "capacity": 2, "active": 2, "industry": "한식", "vacancy_rate": 0.0, "vacancy_rate_lo": null, "vacancy_rate_hi": null, "stores": 2, "source": "stores+ledger", "capacity_method": "floor_ouln", "active_pip": 0, "licensed": 2, "id": "1159010100101190064-1", "pnu": "1159010100101190064", "floors": 1, "height": 0.0}}, {"type": "Feature", "geometry": {"type": "Polygon", "coordinates": [[[126.94350251, 37.51252117], [126.94347382, 37.51258732], [126.94338583, 37.51256306], [126.94336282, 37.51261654], [126.94353792, 37.51266675], [126.9435905, 37.51254373], [126.94350251, 37.51252117]]]}, "properties": {"name": "신전빌딩", "status": "full", "capacity": 6, "active": 6, "industry": "기타 숙박", "vacancy_rate": 0.0, "vacancy_rate_lo": null, "vacancy_rate_hi": null, "stores": 6, "source": "stores+ledger", "capacity_method": "floor_ouln", "active_pip": 0, "licensed": 2, "id": "1159010100100850037-1", "pnu": "1159010100100850037", "floors": 5, "height": 0.0}}, {"type": "Feature", "geometry": {"type": "Polygon", "coordinates": [[[126.94454601, 37.51074134], [126.94443731, 37.51076775], [126.94442211, 37.51076549], [126.94437928, 37.51085641], [126.94443493, 37.5108739], [126.94444183, 37.51086067], [126.9444982, 37.51087759], [126.94455945, 37.51074528], [126.94454601, 37.51074134]]]}, "properties": {"name": "일부", "status": "full", "capacity": 5, "active": 5, "industry": "한식", "vacancy_rate": 0.0, "vacancy_rate_lo": null, "vacancy_rate_hi": null, "stores": 5, "source": "stores+ledger", "capacity_method": "floor_ouln", "active_pip": 0, "licensed": 1, "id": "1159010100101200006-1", "pnu": "1159010100101200006", "floors": 4, "height": 12.2}}, {"type": "Feature", "geometry": {"type": "Polygon", "coordinates": [[[126.94425083, 37.51129024], [126.94422959, 37.51133641], [126.94431299, 37.51135954], [126.94432239, 37.51130492], [126.94425083, 37.51129024]]]}, "properties": {"name": "지", "status": "full", "capacity": 3, "active": 3, "industry": "비알코올 ", "vacancy_rate": 0.0, "vacancy_rate_lo": null, "vacancy_rate_hi": null, "stores": 3, "source": "stores+ledger", "capacity_method": "floor_ouln", "active_pip": 0, "licensed": 3, "id": "1159010100101190089-1", "pnu": "1159010100101190089", "floors": 2, "height": 0.0}}, {"type": "Feature", "geometry": {"type": "Polygon", "coordinates": [[[126.94446119, 37.51145112], [126.94442631, 37.51153754], [126.94458056, 37.51158154], [126.94461985, 37.51149484], [126.94446119, 37.51145112]]]}, "properties": {"name": "노량진동 119-144", "status": "full", "capacity": 3, "active": 3, "industry": "유원지·오락", "vacancy_rate": 0.0, "vacancy_rate_lo": null, "vacancy_rate_hi": null, "stores": 3, "source": "stores+ledger", "capacity_method": "floor_ouln", "active_pip": 0, "licensed": 1, "id": "1159010100101190144-1", "pnu": "1159010100101190144", "floors": 3, "height": 0.0}}, {"type": "Feature", "geometry": {"type": "Polygon", "coordinates": [[[126.94477803, 37.51223289], [126.94475338, 37.51234127], [126.94498592, 37.51237461], [126.94500011, 37.51231324], [126.94501022, 37.51226932], [126.94500014, 37.51226791], [126.94477803, 37.51223289]]]}, "properties": {"name": "지상", "status": "partial", "capacity": 4, "active": 2, "industry": "스포츠 서비스", "vacancy_rate": 50.0, "vacancy_rate_lo": null, "vacancy_rate_hi": null, "stores": 2, "source": "stores+ledger", "capacity_method": "floor_ouln", "active_pip": 0, "licensed": 0, "id": "1159010100101180006-1", "pnu": "1159010100101180006", "floors": 5, "height": 0.0}}, {"type": "Feature", "geometry": {"type": "Polygon", "coordinates": [[[126.94431124, 37.51108502], [126.94428927, 37.51114752], [126.94429687, 37.51115005], [126.94429403, 37.51116187], [126.94437374, 37.51117345], [126.94439958, 37.51110815], [126.94431124, 37.51108502]]]}, "properties": {"name": "노량진동", "status": "full", "capacity": 2, "active": 2, "industry": "한식", "vacancy_rate": 0.0, "vacancy_rate_lo": null, "vacancy_rate_hi": null, "stores": 2, "source": "stores+ledger", "capacity_method": "floor_ouln", "active_pip": 0, "licensed": 0, "id": "1159010100101200000-1", "pnu": "1159010100101200000", "floors": 2, "height": 0.0}}, {"type": "Feature", "geometry": {"type": "Polygon", "coordinates": [[[126.94443236, 37.51063191], [126.9443303, 37.51052248], [126.94424532, 37.51057298], [126.94424372, 37.51058416], [126.94426633, 37.51060912], [126.94424505, 37.51062317], [126.94424392, 37.51062677], [126.94424393, 37.51062884], [126.94424494, 37.51063272], [126.94431004, 37.51070402], [126.94431547, 37.51070555], [126.94432169, 37.51070556], [126.94432949, 37.5107034], [126.94433594, 37.51069917], [126.94433843, 37.51069502], [126.94434048, 37.51068565], [126.94443236, 37.51063191]]]}, "properties": {"name": "백호독서실", "status": "full", "capacity": 3, "active": 3, "industry": "기타 숙박", "vacancy_rate": 0.0, "vacancy_rate_lo": null, "vacancy_rate_hi": null, "stores": 3, "source": "stores+ledger", "capacity_method": "floor_ouln", "active_pip": 0, "licensed": 1, "id": "1159010100101220005-1", "pnu": "1159010100101220005", "floors": 5, "height": 0.0}}, {"type": "Feature", "geometry": {"type": "Polygon", "coordinates": [[[126.94470798, 37.51111758], [126.94489757, 37.51068152], [126.94488273, 37.51067757], [126.94486963, 37.51070743], [126.94483764, 37.51069868], [126.94482401, 37.51072683], [126.94479027, 37.51071752], [126.94462069, 37.51109276], [126.94470798, 37.51111758]]]}, "properties": {"name": "삼익주상복합아파트", "status": "full", "capacity": 32, "active": 32, "industry": "한식", "vacancy_rate": 0.0, "vacancy_rate_lo": null, "vacancy_rate_hi": null, "stores": 32, "source": "stores+ledger", "capacity_method": "expos_units", "active_pip": 0, "licensed": 12, "id": "1159010100103300000-2", "pnu": "1159010100103300000", "floors": 0, "height": 0.0}}, {"type": "Feature", "geometry": {"type": "Polygon", "coordinates": [[[126.94238404, 37.51243081], [126.94237233, 37.51249613], [126.94250699, 37.51251112], [126.94253955, 37.51246017], [126.94254027, 37.51245003], [126.94250403, 37.51244156], [126.94238404, 37.51243081]]]}, "properties": {"name": "우측상가", "status": "full", "capacity": 2, "active": 2, "industry": "한식", "vacancy_rate": 0.0, "vacancy_rate_lo": null, "vacancy_rate_hi": null, "stores": 2, "source": "stores+ledger", "capacity_method": "floor_ouln", "active_pip": 0, "licensed": 2, "id": "1159010100100580032-1", "pnu": "1159010100100580032", "floors": 2, "height": 0.0}}, {"type": "Feature", "geometry": {"type": "Polygon", "coordinates": [[[126.944536, 37.5123392], [126.94451844, 37.51241747], [126.94464744, 37.51243386], [126.94466465, 37.51235559], [126.944536, 37.5123392]]]}, "properties": {"name": "노량진동 118-2", "status": "high", "capacity": 4, "active": 1, "industry": "기타 숙박", "vacancy_rate": 75.0, "vacancy_rate_lo": null, "vacancy_rate_hi": null, "stores": 1, "source": "stores+ledger", "capacity_method": "floor_ouln", "active_pip": 0, "licensed": 0, "id": "1159010100101180002-1", "pnu": "1159010100101180002", "floors": 4, "height": 14.1}}, {"type": "Feature", "geometry": {"type": "Polygon", "coordinates": [[[126.94302543, 37.51216842], [126.9430015, 37.51224866], [126.94311726, 37.51227123], [126.94314364, 37.51219016], [126.94302543, 37.51216842]]]}, "properties": {"name": "노량진동 85-22", "status": "high", "capacity": 3, "active": 1, "industry": "기타 숙박", "vacancy_rate": 66.7, "vacancy_rate_lo": null, "vacancy_rate_hi": null, "stores": 1, "source": "stores+ledger", "capacity_method": "floor_ouln", "active_pip": 0, "licensed": 0, "id": "1159010100100850022-1", "pnu": "1159010100100850022", "floors": 4, "height": 10.55}}, {"type": "Feature", "geometry": {"type": "Polygon", "coordinates": [[[126.94276747, 37.51257234], [126.94278267, 37.51257645], [126.94279198, 37.51255185], [126.94277638, 37.51254776], [126.94276747, 37.51257234]]]}, "properties": {"name": "노량진동 72-35", "status": "empty", "capacity": 1, "active": 0, "industry": "", "vacancy_rate": 100.0, "source": "polygon_only", "capacity_method": "floor_approx", "active_pip": 0, "licensed": 0, "id": "1159010100100720035-1", "pnu": "1159010100100720035", "floors": 1, "height": 0.0}}, {"type": "Feature", "geometry": {"type": "Polygon", "coordinates": [[[126.94494465, 37.51251819], [126.94483099, 37.51254403], [126.94481396, 37.51262512], [126.94483923, 37.51263555], [126.94484684, 37.51262655], [126.94489631, 37.51264712], [126.94496955, 37.512532], [126.94494465, 37.51251819]]]}, "properties": {"name": "노량진동 117-5", "status": "partial", "capacity": 4, "active": 2, "industry": "한식", "vacancy_rate": 50.0, "vacancy_rate_lo": null, "vacancy_rate_hi": null, "stores": 2, "source": "stores+ledger", "capacity_method": "floor_ouln", "active_pip": 0, "licensed": 2, "id": "1159010100101170005-1", "pnu": "1159010100101170005", "floors": 4, "height": 13.3}}, {"type": "Feature", "geometry": {"type": "Polygon", "coordinates": [[[126.94472215, 37.51202338], [126.94469447, 37.51217541], [126.94477806, 37.51218756], [126.94480927, 37.51203356], [126.94472215, 37.51202338]]]}, "properties": {"name": "노량진동 119-147", "status": "partial", "capacity": 2, "active": 1, "industry": "", "vacancy_rate": 50.0, "source": "pip_only", "capacity_method": "floor_approx", "active_pip": 1, "licensed": 0, "id": "1159010100101190147-1", "pnu": "1159010100101190147", "floors": 2, "height": 0.0}}, {"type": "Feature", "geometry": {"type": "Polygon", "coordinates": [[[126.94401829, 37.51195125], [126.94399119, 37.51203176], [126.94401504, 37.51203825], [126.94400938, 37.5120512], [126.94403781, 37.51207148], [126.94406731, 37.51209177], [126.94406979, 37.51208727], [126.94408004, 37.51209037], [126.9441305, 37.51197045], [126.94401829, 37.51195125]]]}, "properties": {"name": "일부호", "status": "full", "capacity": 6, "active": 6, "industry": "한식", "vacancy_rate": 0.0, "vacancy_rate_lo": null, "vacancy_rate_hi": null, "stores": 6, "source": "stores+ledger", "capacity_method": "floor_ouln", "active_pip": 0, "licensed": 4, "id": "1159010100101190004-1", "pnu": "1159010100101190004", "floors": 2, "height": 6.0}}, {"type": "Feature", "geometry": {"type": "Polygon", "coordinates": [[[126.94496276, 37.51143052], [126.9449617, 37.51143165], [126.94500005, 37.51145137], [126.94513572, 37.51152098], [126.94519091, 37.51145569], [126.94501689, 37.51136325], [126.94500062, 37.51138379], [126.94496276, 37.51143052]]]}, "properties": {"name": "노량진동 123-6", "status": "full", "capacity": 2, "active": 2, "industry": "일식", "vacancy_rate": 0.0, "vacancy_rate_lo": null, "vacancy_rate_hi": null, "stores": 2, "source": "stores+ledger+pip", "capacity_method": "expos_units", "active_pip": 1, "licensed": 2, "id": "1159010100101230006-1", "pnu": "1159010100101230006", "floors": 2, "height": 0.0}}, {"type": "Feature", "geometry": {"type": "Polygon", "coordinates": [[[126.94478601, 37.51169933], [126.94476189, 37.5118201], [126.94482392, 37.51182746], [126.94485528, 37.51170808], [126.94478601, 37.51169933]]]}, "properties": {"name": "노량진동 119-196", "status": "high", "capacity": 3, "active": 1, "industry": "한식", "vacancy_rate": 66.7, "vacancy_rate_lo": null, "vacancy_rate_hi": null, "stores": 1, "source": "stores+ledger", "capacity_method": "floor_ouln", "active_pip": 0, "licensed": 1, "id": "1159010100101190196-1", "pnu": "1159010100101190196", "floors": 3, "height": 8.9}}, {"type": "Feature", "geometry": {"type": "Polygon", "coordinates": [[[126.94459461, 37.51172008], [126.94456622, 37.51186845], [126.94468055, 37.51187948], [126.94470947, 37.51173167], [126.94459461, 37.51172008]]]}, "properties": {"name": "법정동", "status": "partial", "capacity": 6, "active": 4, "industry": "주점", "vacancy_rate": 33.3, "vacancy_rate_lo": null, "vacancy_rate_hi": null, "stores": 4, "source": "stores+ledger", "capacity_method": "expos_units", "active_pip": 0, "licensed": 2, "id": "1159010100101190153-1", "pnu": "1159010100101190153", "floors": 3, "height": 9.3}}, {"type": "Feature", "geometry": {"type": "Polygon", "coordinates": [[[126.94473208, 37.51197805], [126.94472286, 37.51202197], [126.94478541, 37.51202876], [126.94479376, 37.51198399], [126.94473208, 37.51197805]]]}, "properties": {"name": "노량진동 119-185", "status": "empty", "capacity": 1, "active": 0, "industry": "", "vacancy_rate": 100.0, "source": "polygon_only", "capacity_method": "floor_approx", "active_pip": 0, "licensed": 0, "id": "1159010100101190185-1", "pnu": "1159010100101190185", "floors": 1, "height": 0.0}}, {"type": "Feature", "geometry": {"type": "Polygon", "coordinates": [[[126.94467149, 37.51145712], [126.94458988, 37.51166066], [126.94471835, 37.51167452], [126.94476547, 37.51150362], [126.94467149, 37.51145712]]]}, "properties": {"name": "노량진동 119-159", "status": "partial", "capacity": 3, "active": 2, "industry": "한식", "vacancy_rate": 33.3, "vacancy_rate_lo": null, "vacancy_rate_hi": null, "stores": 2, "source": "stores+ledger", "capacity_method": "floor_ouln", "active_pip": 0, "licensed": 1, "id": "1159010100101190159-1", "pnu": "1159010100101190159", "floors": 3, "height": 0.0}}, {"type": "Feature", "geometry": {"type": "Polygon", "coordinates": [[[126.94470797, 37.51136338], [126.94467329, 37.5114132], [126.94480473, 37.5114783], [126.94484011, 37.51143215], [126.94470797, 37.51136338]]]}, "properties": {"name": "노량진동 119-161", "status": "full", "capacity": 2, "active": 2, "industry": "주점", "vacancy_rate": 0.0, "vacancy_rate_lo": null, "vacancy_rate_hi": null, "stores": 2, "source": "stores+ledger", "capacity_method": "floor_ouln", "active_pip": 0, "licensed": 2, "id": "1159010100101190161-1", "pnu": "1159010100101190161", "floors": 3, "height": 0.0}}, {"type": "Feature", "geometry": {"type": "Polygon", "coordinates": [[[126.94286692, 37.51214245], [126.94285575, 37.51217481], [126.94283649, 37.51217312], [126.94282443, 37.51222717], [126.9429195, 37.51224327], [126.94296262, 37.51225089], [126.9429862, 37.51216024], [126.94291957, 37.51214726], [126.9429005, 37.51214358], [126.94289925, 37.51214725], [126.94286692, 37.51214245]]]}, "properties": {"name": "노량진동 83-12", "status": "high", "capacity": 4, "active": 1, "industry": "기타 숙박", "vacancy_rate": 75.0, "vacancy_rate_lo": null, "vacancy_rate_hi": null, "stores": 1, "source": "stores+ledger", "capacity_method": "floor_ouln", "active_pip": 0, "licensed": 0, "id": "1159010100100830012-1", "pnu": "1159010100100830012", "floors": 4, "height": 0.0}}, {"type": "Feature", "geometry": {"type": "Polygon", "coordinates": [[[126.94409918, 37.51154357], [126.9440689, 37.51161283], [126.94421627, 37.51164641], [126.94424125, 37.511578], [126.94409918, 37.51154357]]]}, "properties": {"name": "노량진동 119-73", "status": "empty", "capacity": 3, "active": 0, "industry": "", "vacancy_rate": 100.0, "source": "polygon_only", "capacity_method": "floor_approx", "active_pip": 0, "licensed": 0, "id": "1159010100101190073-1", "pnu": "1159010100101190073", "floors": 3, "height": 0.0}}, {"type": "Feature", "geometry": {"type": "Polygon", "coordinates": [[[126.94414914, 37.51208731], [126.9441912, 37.51209436], [126.94419266, 37.51202933], [126.94417499, 37.51202622], [126.94414914, 37.51208731]]]}, "properties": {"name": "노량진동 119-193", "status": "partial", "capacity": 2, "active": 1, "industry": "", "vacancy_rate": 50.0, "source": "pip_only", "capacity_method": "floor_approx", "active_pip": 1, "licensed": 0, "id": "1159010100101190193-1", "pnu": "1159010100101190193", "floors": 2, "height": 0.0}}, {"type": "Feature", "geometry": {"type": "Polygon", "coordinates": [[[126.94263452, 37.51236476], [126.94261841, 37.51241966], [126.94262474, 37.51244472], [126.94273535, 37.51247349], [126.94275981, 37.51239298], [126.94263452, 37.51236476]]]}, "properties": {"name": "노량진동 83-7", "status": "empty", "capacity": 2, "active": 0, "industry": "", "vacancy_rate": 100.0, "source": "polygon_only", "capacity_method": "floor_approx", "active_pip": 0, "licensed": 0, "id": "1159010100100830007-1", "pnu": "1159010100100830007", "floors": 2, "height": 0.0}}, {"type": "Feature", "geometry": {"type": "Polygon", "coordinates": [[[126.9443702, 37.51188383], [126.94436216, 37.51200096], [126.94451114, 37.51201032], [126.94455939, 37.51201006], [126.94465305, 37.51201799], [126.944677, 37.51189666], [126.94456549, 37.51188703], [126.9445137, 37.51189516], [126.9443702, 37.51188383]]]}, "properties": {"name": "노량진동 119-152", "status": "full", "capacity": 3, "active": 3, "industry": "종합 소매", "vacancy_rate": 0.0, "vacancy_rate_lo": null, "vacancy_rate_hi": null, "stores": 3, "source": "stores+ledger", "capacity_method": "floor_ouln", "active_pip": 0, "licensed": 0, "id": "1159010100101190152-1", "pnu": "1159010100101190152", "floors": 3, "height": 0.0}}, {"type": "Feature", "geometry": {"type": "Polygon", "coordinates": [[[126.94275754, 37.51264465], [126.94302195, 37.51271022], [126.94305965, 37.51261181], [126.94279664, 37.51254787], [126.94275754, 37.51264465]]]}, "properties": {"name": "노량진동 72-35", "status": "empty", "capacity": 2, "active": 0, "industry": "", "vacancy_rate": 100.0, "source": "polygon_only", "capacity_method": "floor_approx", "active_pip": 0, "licensed": 0, "id": "1159010100100720035-2", "pnu": "1159010100100720035", "floors": 2, "height": 0.0}}, {"type": "Feature", "geometry": {"type": "Polygon", "coordinates": [[[126.9445777, 37.51114511], [126.94454496, 37.51121914], [126.9446635, 37.51127749], [126.94471179, 37.51121444], [126.9445777, 37.51114511]]]}, "properties": {"name": "좌측호", "status": "full", "capacity": 3, "active": 3, "industry": "의약·화장품 소매", "vacancy_rate": 0.0, "vacancy_rate_lo": null, "vacancy_rate_hi": null, "stores": 3, "source": "stores+ledger", "capacity_method": "floor_ouln", "active_pip": 0, "licensed": 1, "id": "1159010100101230011-1", "pnu": "1159010100101230011", "floors": 3, "height": 0.0}}, {"type": "Feature", "geometry": {"type": "Polygon", "coordinates": [[[126.94371666, 37.51259476], [126.94368817, 37.5126381], [126.94366944, 37.5126319], [126.94363246, 37.51270256], [126.94374466, 37.51273471], [126.94380677, 37.51262296], [126.94371666, 37.51259476]]]}, "properties": {"name": "노량진동 89-9", "status": "high", "capacity": 8, "active": 3, "industry": "기타 교육", "vacancy_rate": 62.5, "vacancy_rate_lo": null, "vacancy_rate_hi": null, "stores": 3, "source": "stores+ledger", "capacity_method": "expos_units", "active_pip": 0, "licensed": 3, "id": "1159010100100890009-1", "pnu": "1159010100100890009", "floors": 3, "height": 0.0}}, {"type": "Feature", "geometry": {"type": "Polygon", "coordinates": [[[126.94417613, 37.51144958], [126.9441402, 37.51151911], [126.94424869, 37.51155125], [126.944274, 37.51149777], [126.94426746, 37.5114958], [126.94427542, 37.51147834], [126.94417613, 37.51144958]]]}, "properties": {"name": "노량진동 119-74", "status": "full", "capacity": 4, "active": 4, "industry": "이용·미용", "vacancy_rate": 0.0, "vacancy_rate_lo": null, "vacancy_rate_hi": null, "stores": 4, "source": "stores+ledger", "capacity_method": "floor_ouln", "active_pip": 0, "licensed": 2, "id": "1159010100101190074-1", "pnu": "1159010100101190074", "floors": 3, "height": 0.0}}, {"type": "Feature", "geometry": {"type": "Polygon", "coordinates": [[[126.94318988, 37.51251342], [126.94316844, 37.51257028], [126.94328701, 37.51259906], [126.9433095, 37.51254359], [126.94318988, 37.51251342]]]}, "properties": {"name": "노량진동 85-6", "status": "partial", "capacity": 4, "active": 2, "industry": "이용·미용", "vacancy_rate": 50.0, "vacancy_rate_lo": null, "vacancy_rate_hi": null, "stores": 2, "source": "stores+ledger", "capacity_method": "floor_ouln", "active_pip": 0, "licensed": 1, "id": "1159010100100850006-1", "pnu": "1159010100100850006", "floors": 4, "height": 0.0}}, {"type": "Feature", "geometry": {"type": "Polygon", "coordinates": [[[126.94442312, 37.51154458], [126.94439619, 37.51163917], [126.94455701, 37.51165502], [126.94457685, 37.51158773], [126.94442312, 37.51154458]]]}, "properties": {"name": "노량진동 119-158", "status": "partial", "capacity": 3, "active": 2, "industry": "도서관·사적지", "vacancy_rate": 33.3, "vacancy_rate_lo": null, "vacancy_rate_hi": null, "stores": 2, "source": "stores+ledger", "capacity_method": "floor_ouln", "active_pip": 0, "licensed": 1, "id": "1159010100101190158-1", "pnu": "1159010100101190158", "floors": 3, "height": 0.0}}, {"type": "Feature", "geometry": {"type": "Polygon", "coordinates": [[[126.9445495, 37.51128166], [126.94453749, 37.51128475], [126.94449943, 37.51135851], [126.94467029, 37.51141151], [126.94470921, 37.51135972], [126.9445495, 37.51128166]]]}, "properties": {"name": "일부", "status": "full", "capacity": 6, "active": 6, "industry": "기타 간이", "vacancy_rate": 0.0, "vacancy_rate_lo": null, "vacancy_rate_hi": null, "stores": 6, "source": "stores+ledger", "capacity_method": "floor_ouln", "active_pip": 0, "licensed": 3, "id": "1159010100101190162-1", "pnu": "1159010100101190162", "floors": 2, "height": 0.0}}, {"type": "Feature", "geometry": {"type": "Polygon", "coordinates": [[[126.94278464, 37.51229828], [126.94292091, 37.51232274], [126.94294143, 37.51225023], [126.94280515, 37.51222577], [126.94278464, 37.51229828]]]}, "properties": {"name": "행운고시텔", "status": "partial", "capacity": 3, "active": 2, "industry": "기타 숙박", "vacancy_rate": 33.3, "vacancy_rate_lo": null, "vacancy_rate_hi": null, "stores": 2, "source": "stores+ledger", "capacity_method": "floor_ouln", "active_pip": 0, "licensed": 0, "id": "1159010100100830009-1", "pnu": "1159010100100830009", "floors": 4, "height": 12.4}}, {"type": "Feature", "geometry": {"type": "Polygon", "coordinates": [[[126.94297065, 37.51249992], [126.9429912, 37.51244651], [126.94301175, 37.51245153], [126.94302567, 37.51241535], [126.94290023, 37.51238472], [126.94286575, 37.51247431], [126.94297065, 37.51249992]]]}, "properties": {"name": "노량진동 85-10", "status": "high", "capacity": 5, "active": 2, "industry": "기타 숙박", "vacancy_rate": 60.0, "vacancy_rate_lo": null, "vacancy_rate_hi": null, "stores": 2, "source": "stores+ledger", "capacity_method": "floor_ouln", "active_pip": 0, "licensed": 1, "id": "1159010100100850010-1", "pnu": "1159010100100850010", "floors": 5, "height": 16.1}}, {"type": "Feature", "geometry": {"type": "Polygon", "coordinates": [[[126.94392295, 37.51205961], [126.94387094, 37.51212011], [126.94388101, 37.51212744], [126.94386191, 37.51215643], [126.94392143, 37.51218828], [126.94398671, 37.5121089], [126.94398637, 37.51209314], [126.94392295, 37.51205961]]]}, "properties": {"name": "노량진동 119-18", "status": "full", "capacity": 2, "active": 2, "industry": "한식", "vacancy_rate": 0.0, "vacancy_rate_lo": null, "vacancy_rate_hi": null, "stores": 2, "source": "stores+ledger", "capacity_method": "floor_ouln", "active_pip": 0, "licensed": 2, "id": "1159010100101190018-1", "pnu": "1159010100101190018", "floors": 3, "height": 0.0}}, {"type": "Feature", "geometry": {"type": "Polygon", "coordinates": [[[126.94403196, 37.51210837], [126.94392971, 37.51223221], [126.94392598, 37.51224177], [126.94399507, 37.51227588], [126.94406446, 37.51212528], [126.94403196, 37.51210837]]]}, "properties": {"name": "노량진동 119-16", "status": "full", "capacity": 4, "active": 4, "industry": "주점", "vacancy_rate": 0.0, "vacancy_rate_lo": null, "vacancy_rate_hi": null, "stores": 4, "source": "stores+ledger", "capacity_method": "floor_ouln", "active_pip": 0, "licensed": 4, "id": "1159010100101190016-1", "pnu": "1159010100101190016", "floors": 3, "height": 0.0}}, {"type": "Feature", "geometry": {"type": "Polygon", "coordinates": [[[126.94377717, 37.51248442], [126.94387914, 37.51251572], [126.94392549, 37.51242394], [126.94375958, 37.51237657], [126.94373232, 37.51243991], [126.94379062, 37.5124557], [126.94377717, 37.51248442]]]}, "properties": {"name": "노량진동 89-2", "status": "full", "capacity": 6, "active": 6, "industry": "기타 간이", "vacancy_rate": 0.0, "vacancy_rate_lo": null, "vacancy_rate_hi": null, "stores": 6, "source": "stores+ledger", "capacity_method": "floor_ouln", "active_pip": 0, "licensed": 6, "id": "1159010100100890002-2", "pnu": "1159010100100890002", "floors": 0, "height": 0.0}}, {"type": "Feature", "geometry": {"type": "Polygon", "coordinates": [[[126.94223178, 37.51141006], [126.94215701, 37.51141341], [126.94216962, 37.51157841], [126.94224492, 37.51157338], [126.94224406, 37.51153396], [126.94224848, 37.51153368], [126.94224077, 37.51144865], [126.94223423, 37.51144864], [126.94223178, 37.51141006]]]}, "properties": {"name": "노량진동 84-7", "status": "high", "capacity": 3, "active": 1, "industry": "기타 숙박", "vacancy_rate": 66.7, "vacancy_rate_lo": null, "vacancy_rate_hi": null, "stores": 1, "source": "stores+ledger", "capacity_method": "floor_ouln", "active_pip": 0, "licensed": 0, "id": "1159010100100840007-1", "pnu": "1159010100100840007", "floors": 3, "height": 0.0}}, {"type": "Feature", "geometry": {"type": "Polygon", "coordinates": [[[126.93862389, 37.51265642], [126.93855019, 37.51266849], [126.93855142, 37.51267243], [126.93852719, 37.51267777], [126.93854306, 37.51273915], [126.93855436, 37.51273832], [126.93856159, 37.51276338], [126.93865032, 37.51274766], [126.93864187, 37.51271527], [126.93864434, 37.51271527], [126.93863781, 37.51269359], [126.93863428, 37.51269387], [126.93862389, 37.51265642]]]}, "properties": {"name": "노량진동 39-5", "status": "empty", "capacity": 4, "active": 0, "industry": "", "vacancy_rate": 100.0, "source": "polygon_only", "capacity_method": "floor_approx", "active_pip": 0, "licensed": 0, "id": "1159010100100390005-1", "pnu": "1159010100100390005", "floors": 4, "height": 0.0}}, {"type": "Feature", "geometry": {"type": "Polygon", "coordinates": [[[126.93626016, 37.5129953], [126.93622874, 37.5131462], [126.93648252, 37.51316266], [126.93649295, 37.51316296], [126.93649896, 37.51316155], [126.9365032, 37.51315732], [126.93650427, 37.51315198], [126.93650392, 37.5131486], [126.9365011, 37.5131455], [126.93626016, 37.5129953]]]}, "properties": {"name": "現세븐일레븐편의점부분", "status": "full", "capacity": 4, "active": 4, "industry": "중식", "vacancy_rate": 0.0, "vacancy_rate_lo": null, "vacancy_rate_hi": null, "stores": 4, "source": "stores+ledger", "capacity_method": "floor_ouln", "active_pip": 0, "licensed": 2, "id": "1159010100100270010-1", "pnu": "1159010100100270010", "floors": 3, "height": 0.0}}, {"type": "Feature", "geometry": {"type": "Polygon", "coordinates": [[[126.93806695, 37.51292643], [126.93806534, 37.51295684], [126.93815158, 37.51296251], [126.93815231, 37.51292901], [126.93806695, 37.51292643]]]}, "properties": {"name": "휴게실", "status": "full", "capacity": 3, "active": 3, "industry": "서양식", "vacancy_rate": 0.0, "vacancy_rate_lo": null, "vacancy_rate_hi": null, "stores": 3, "source": "stores+ledger", "capacity_method": "floor_ouln", "active_pip": 0, "licensed": 1, "id": "1159010100100400039-1", "pnu": "1159010100100400039", "floors": 1, "height": 0.0}}, {"type": "Feature", "geometry": {"type": "Polygon", "coordinates": [[[126.93675837, 37.51445547], [126.93675519, 37.51446532], [126.93683435, 37.51447719], [126.93683595, 37.51446847], [126.93675837, 37.51445547]]]}, "properties": {"name": "노량진동 13-6", "status": "full", "capacity": 47, "active": 47, "industry": "", "vacancy_rate": 0.0, "source": "pip_only", "capacity_method": "floor_approx", "active_pip": 47, "licensed": 0, "id": "1159010100100130006-1", "pnu": "1159010100100130006", "floors": 0, "height": 0.0}}, {"type": "Feature", "geometry": {"type": "Polygon", "coordinates": [[[126.9362873, 37.51266587], [126.93615366, 37.51268861], [126.93616406, 37.512721], [126.9361692, 37.51272072], [126.93618012, 37.51275818], [126.93622113, 37.51275088], [126.93622079, 37.51274863], [126.93626126, 37.51274133], [126.93626179, 37.51274274], [126.93630669, 37.51273459], [126.9362873, 37.51266587]]]}, "properties": {"name": "제", "status": "full", "capacity": 2, "active": 2, "industry": "한식", "vacancy_rate": 0.0, "vacancy_rate_lo": null, "vacancy_rate_hi": null, "stores": 2, "source": "stores+ledger", "capacity_method": "floor_ouln", "active_pip": 0, "licensed": 2, "id": "1159010100102640005-1", "pnu": "1159010100102640005", "floors": 3, "height": 0.0}}, {"type": "Feature", "geometry": {"type": "Polygon", "coordinates": [[[126.93623536, 37.5149209], [126.93622933, 37.51494624], [126.93631717, 37.51496093], [126.93632372, 37.51493615], [126.93623536, 37.5149209]]]}, "properties": {"name": "노량진동 13-6", "status": "full", "capacity": 47, "active": 47, "industry": "", "vacancy_rate": 0.0, "source": "pip_only", "capacity_method": "floor_approx", "active_pip": 47, "licensed": 0, "id": "1159010100100130006-2", "pnu": "1159010100100130006", "floors": 0, "height": 0.0}}, {"type": "Feature", "geometry": {"type": "Polygon", "coordinates": [[[126.9390395, 37.51294974], [126.93901227, 37.51295621], [126.93901192, 37.51295536], [126.93897067, 37.51283793], [126.93894116, 37.51284354], [126.93893701, 37.51292829], [126.93894987, 37.51298067], [126.93904497, 37.51296636], [126.9390395, 37.51294974]]]}, "properties": {"name": "노량진동 46-6", "status": "partial", "capacity": 7, "active": 5, "industry": "일반 교육", "vacancy_rate": 28.6, "vacancy_rate_lo": null, "vacancy_rate_hi": null, "stores": 5, "source": "stores+ledger", "capacity_method": "floor_ouln", "active_pip": 0, "licensed": 1, "id": "1159010100100460006-1", "pnu": "1159010100100460006", "floors": 0, "height": 0.0}}, {"type": "Feature", "geometry": {"type": "Polygon", "coordinates": [[[126.9377591, 37.51292515], [126.9377509, 37.51300201], [126.93787213, 37.5130077], [126.93787749, 37.51293196], [126.9377591, 37.51292515]]]}, "properties": {"name": "노량진동 40-34", "status": "partial", "capacity": 2, "active": 1, "industry": "한식", "vacancy_rate": 50.0, "vacancy_rate_lo": null, "vacancy_rate_hi": null, "stores": 1, "source": "stores+ledger", "capacity_method": "floor_ouln", "active_pip": 0, "licensed": 1, "id": "1159010100100400034-1", "pnu": "1159010100100400034", "floors": 2, "height": 6.3}}, {"type": "Feature", "geometry": {"type": "Polygon", "coordinates": [[[126.93829317, 37.51293021], [126.93828257, 37.51292992], [126.93827741, 37.51296962], [126.93838804, 37.51297643], [126.93839125, 37.51293195], [126.93829317, 37.51293021]]]}, "properties": {"name": "사계절노래방", "status": "full", "capacity": 4, "active": 4, "industry": "유원지·오락", "vacancy_rate": 0.0, "vacancy_rate_lo": null, "vacancy_rate_hi": null, "stores": 4, "source": "stores+ledger", "capacity_method": "floor_ouln", "active_pip": 0, "licensed": 4, "id": "1159010100100400032-1", "pnu": "1159010100100400032", "floors": 0, "height": 0.0}}, {"type": "Feature", "geometry": {"type": "Polygon", "coordinates": [[[126.93693472, 37.51472614], [126.93686277, 37.51471597], [126.93679185, 37.51500004], [126.93678936, 37.51501045], [126.93685828, 37.51502118], [126.93686379, 37.51500008], [126.93693472, 37.51472614]]]}, "properties": {"name": "노량진동 13-6", "status": "full", "capacity": 47, "active": 47, "industry": "", "vacancy_rate": 0.0, "source": "pip_only", "capacity_method": "floor_approx", "active_pip": 47, "licensed": 0, "id": "1159010100100130006-3", "pnu": "1159010100100130006", "floors": 0, "height": 0.0}}, {"type": "Feature", "geometry": {"type": "Polygon", "coordinates": [[[126.9383328, 37.51267204], [126.93823153, 37.5126748], [126.9382322, 37.51271224], [126.93824952, 37.51271225], [126.9382488, 37.51273647], [126.93826081, 37.51273704], [126.93826062, 37.51276576], [126.9383359, 37.51276383], [126.9383328, 37.51267204]]]}, "properties": {"name": "노량진동 39-1", "status": "full", "capacity": 2, "active": 2, "industry": "중식", "vacancy_rate": 0.0, "vacancy_rate_lo": null, "vacancy_rate_hi": null, "stores": 2, "source": "stores+ledger", "capacity_method": "floor_ouln", "active_pip": 0, "licensed": 2, "id": "1159010100100390001-1", "pnu": "1159010100100390001", "floors": 4, "height": 0.0}}, {"type": "Feature", "geometry": {"type": "Polygon", "coordinates": [[[126.93802344, 37.51297765], [126.93802251, 37.51303875], [126.93812624, 37.51303964], [126.938127, 37.51297799], [126.93802344, 37.51297765]]]}, "properties": {"name": "노량진동 40-52", "status": "full", "capacity": 1, "active": 1, "industry": "한식", "vacancy_rate": 0.0, "vacancy_rate_lo": null, "vacancy_rate_hi": null, "stores": 1, "source": "stores+ledger", "capacity_method": "floor_ouln", "active_pip": 0, "licensed": 0, "id": "1159010100100400052-1", "pnu": "1159010100100400052", "floors": 1, "height": 0.0}}, {"type": "Feature", "geometry": {"type": "Polygon", "coordinates": [[[126.93569501, 37.51273595], [126.93567714, 37.51275339], [126.93570186, 37.51278635], [126.93573581, 37.51276919], [126.93569501, 37.51273595]]]}, "properties": {"name": "노량진동 266-6", "status": "full", "capacity": 2, "active": 2, "industry": "", "vacancy_rate": 0.0, "source": "pip_only", "capacity_method": "floor_approx", "active_pip": 1, "licensed": 2, "id": "1159010100102660006-1", "pnu": "1159010100102660006", "floors": 0, "height": 0.0}}, {"type": "Feature", "geometry": {"type": "Polygon", "coordinates": [[[126.93600263, 37.51488332], [126.93599714, 37.51490866], [126.93608549, 37.51492251], [126.93609223, 37.51489858], [126.93600263, 37.51488332]]]}, "properties": {"name": "노량진동 13-6", "status": "full", "capacity": 47, "active": 47, "industry": "", "vacancy_rate": 0.0, "source": "pip_only", "capacity_method": "floor_approx", "active_pip": 47, "licensed": 0, "id": "1159010100100130006-4", "pnu": "1159010100100130006", "floors": 0, "height": 0.0}}, {"type": "Feature", "geometry": {"type": "Polygon", "coordinates": [[[126.93581108, 37.51299786], [126.93580655, 37.51312373], [126.93592054, 37.51312913], [126.93593478, 37.51300751], [126.93581108, 37.51299786]]]}, "properties": {"name": "노량진동 28-6", "status": "empty", "capacity": 5, "active": 0, "industry": "", "vacancy_rate": 100.0, "source": "polygon_only", "capacity_method": "floor_approx", "active_pip": 0, "licensed": 0, "id": "1159010100100280006-1", "pnu": "1159010100100280006", "floors": 5, "height": 0.0}}, {"type": "Feature", "geometry": {"type": "Polygon", "coordinates": [[[126.93568096, 37.51263993], [126.93561447, 37.51268945], [126.93563901, 37.51271367], [126.93563441, 37.51271733], [126.93565719, 37.51273846], [126.93574084, 37.51267797], [126.93568096, 37.51263993]]]}, "properties": {"name": "노량진동 266-6", "status": "partial", "capacity": 4, "active": 2, "industry": "", "vacancy_rate": 50.0, "source": "pip_only", "capacity_method": "floor_approx", "active_pip": 1, "licensed": 2, "id": "1159010100102660006-2", "pnu": "1159010100102660006", "floors": 4, "height": 10.65}}, {"type": "Feature", "geometry": {"type": "Polygon", "coordinates": [[[126.93671917, 37.51309729], [126.93725997, 37.5131337], [126.93729654, 37.51280968], [126.93694488, 37.51278592], [126.93693682, 37.5128602], [126.93676927, 37.51285046], [126.93675717, 37.51296396], [126.93673367, 37.5129628], [126.93671917, 37.51309729]]]}, "properties": {"name": "노량진동 27-2", "status": "high", "capacity": 13, "active": 1, "industry": "", "vacancy_rate": 92.3, "source": "pip_only", "capacity_method": "floor_approx", "active_pip": 0, "licensed": 1, "id": "1159010100100270002-1", "pnu": "1159010100100270002", "floors": 13, "height": 71.5}}, {"type": "Feature", "geometry": {"type": "Polygon", "coordinates": [[[126.93782773, 37.51261405], [126.93778515, 37.51261487], [126.93778616, 37.51268329], [126.93790192, 37.5126811], [126.93789842, 37.51261775], [126.93782809, 37.51261939], [126.93782773, 37.51261405]]]}, "properties": {"name": "노량진동 39-32", "status": "empty", "capacity": 2, "active": 0, "industry": "", "vacancy_rate": 100.0, "source": "polygon_only", "capacity_method": "floor_approx", "active_pip": 0, "licensed": 0, "id": "1159010100100390032-1", "pnu": "1159010100100390032", "floors": 2, "height": 6.4}}, {"type": "Feature", "geometry": {"type": "Polygon", "coordinates": [[[126.93719539, 37.51261963], [126.9370782, 37.51264462], [126.93709441, 37.51269025], [126.93710766, 37.51269898], [126.93713099, 37.51270293], [126.93713523, 37.51270294], [126.93720469, 37.51269087], [126.93720859, 37.51268946], [126.93720947, 37.51268749], [126.93720841, 37.51268439], [126.9371936, 37.51264384], [126.93720438, 37.51264216], [126.93719539, 37.51261963]]]}, "properties": {"name": "노량진동 35-2", "status": "full", "capacity": 4, "active": 4, "industry": "한식", "vacancy_rate": 0.0, "vacancy_rate_lo": null, "vacancy_rate_hi": null, "stores": 4, "source": "stores+ledger", "capacity_method": "floor_ouln", "active_pip": 0, "licensed": 2, "id": "1159010100100350002-1", "pnu": "1159010100100350002", "floors": 4, "height": 12.6}}, {"type": "Feature", "geometry": {"type": "Polygon", "coordinates": [[[126.93620019, 37.51305918], [126.93609911, 37.51304955], [126.93609019, 37.51313964], [126.93622538, 37.51314732], [126.93624137, 37.51306314], [126.93620019, 37.51305918]]]}, "properties": {"name": "노량진동 27-12", "status": "high", "capacity": 4, "active": 1, "industry": "일반 숙박", "vacancy_rate": 75.0, "vacancy_rate_lo": null, "vacancy_rate_hi": null, "stores": 1, "source": "stores+ledger", "capacity_method": "floor_approx", "active_pip": 0, "licensed": 0, "id": "1159010100100270012-1", "pnu": "1159010100100270012", "floors": 4, "height": 0.0}}, {"type": "Feature", "geometry": {"type": "Polygon", "coordinates": [[[126.9392765, 37.5131571], [126.93926951, 37.51329224], [126.93944093, 37.5133005], [126.93944988, 37.51317548], [126.93928939, 37.51316892], [126.93929029, 37.51315795], [126.9392765, 37.5131571]]]}, "properties": {"name": "노량진동 42-7", "status": "empty", "capacity": 3, "active": 0, "industry": "", "vacancy_rate": 100.0, "source": "polygon_only", "capacity_method": "floor_approx", "active_pip": 0, "licensed": 0, "id": "1159010100100420007-1", "pnu": "1159010100100420007", "floors": 3, "height": 0.0}}, {"type": "Feature", "geometry": {"type": "Polygon", "coordinates": [[[126.93486563, 37.51291091], [126.93486154, 37.51294667], [126.93482884, 37.5129444], [126.93482601, 37.51294805], [126.93481433, 37.51296888], [126.93478022, 37.51296746], [126.93477381, 37.51302545], [126.93500001, 37.51303966], [126.93503836, 37.51304194], [126.93504389, 37.51298506], [126.93500042, 37.5129811], [126.93500506, 37.51292028], [126.93500012, 37.51291971], [126.93486563, 37.51291091]]]}, "properties": {"name": "한강큐브스테이트", "status": "high", "capacity": 18, "active": 1, "industry": "기타 교육", "vacancy_rate": 94.4, "vacancy_rate_lo": null, "vacancy_rate_hi": null, "stores": 1, "source": "stores+ledger", "capacity_method": "floor_approx", "active_pip": 0, "licensed": 0, "id": "1159010100102660004-1", "pnu": "1159010100102660004", "floors": 4, "height": 12.8}}, {"type": "Feature", "geometry": {"type": "Polygon", "coordinates": [[[126.9356557, 37.51302876], [126.93561082, 37.51303127], [126.9355097, 37.51305711], [126.93551514, 37.51310724], [126.93564767, 37.51311463], [126.9356557, 37.51302876]]]}, "properties": {"name": "노량진동 29-3", "status": "full", "capacity": 1, "active": 1, "industry": "", "vacancy_rate": 0.0, "source": "pip_only", "capacity_method": "floor_approx", "active_pip": 0, "licensed": 1, "id": "1159010100100290003-1", "pnu": "1159010100100290003", "floors": 1, "height": 0.0}}, {"type": "Feature", "geometry": {"type": "Polygon", "coordinates": [[[126.93565384, 37.51293105], [126.93559162, 37.51294003], [126.93559673, 37.51296622], [126.93558947, 37.51296678], [126.9356064, 37.51302958], [126.93565695, 37.5130251], [126.93565467, 37.51300173], [126.93565927, 37.51299807], [126.93565292, 37.51295921], [126.93565716, 37.51295921], [126.93565384, 37.51293105]]]}, "properties": {"name": "노량진동 28-10", "status": "partial", "capacity": 3, "active": 2, "industry": "기타 숙박", "vacancy_rate": 33.3, "vacancy_rate_lo": null, "vacancy_rate_hi": null, "stores": 2, "source": "stores+ledger", "capacity_method": "floor_ouln", "active_pip": 0, "licensed": 1, "id": "1159010100100280010-1", "pnu": "1159010100100280010", "floors": 0, "height": 0.0}}, {"type": "Feature", "geometry": {"type": "Polygon", "coordinates": [[[126.93512709, 37.51261428], [126.93506417, 37.51261707], [126.93505796, 37.51264156], [126.9350664, 37.51270379], [126.93513834, 37.51269904], [126.93512709, 37.51261428]]]}, "properties": {"name": "노량진동 266-23", "status": "partial", "capacity": 4, "active": 3, "industry": "기타 간이", "vacancy_rate": 25.0, "vacancy_rate_lo": null, "vacancy_rate_hi": null, "stores": 3, "source": "stores+ledger", "capacity_method": "floor_ouln", "active_pip": 0, "licensed": 3, "id": "1159010100102660023-2", "pnu": "1159010100102660023", "floors": 0, "height": 0.0}}, {"type": "Feature", "geometry": {"type": "Polygon", "coordinates": [[[126.9352071, 37.51288575], [126.935086, 37.51292708], [126.935122, 37.51299439], [126.93524239, 37.51295363], [126.9352071, 37.51288575]]]}, "properties": {"name": "노량진동 267-12", "status": "full", "capacity": 2, "active": 2, "industry": "기타 교육", "vacancy_rate": 0.0, "vacancy_rate_lo": null, "vacancy_rate_hi": null, "stores": 2, "source": "stores+ledger", "capacity_method": "floor_ouln", "active_pip": 0, "licensed": 1, "id": "1159010100102670012-1", "pnu": "1159010100102670012", "floors": 3, "height": 0.0}}, {"type": "Feature", "geometry": {"type": "Polygon", "coordinates": [[[126.93475992, 37.51456447], [126.93473271, 37.51475987], [126.93473447, 37.51476297], [126.93473977, 37.51476579], [126.93478483, 37.51476947], [126.93478395, 37.51477483], [126.93500008, 37.51479267], [126.93529522, 37.51481733], [126.93529682, 37.51481142], [126.93534241, 37.51481623], [126.93534735, 37.51481343], [126.93534895, 37.51480948], [126.9353767, 37.51460086], [126.93537582, 37.51459748], [126.93537352, 37.51459466], [126.93532581, 37.5145907], [126.93532635, 37.51458422], [126.93500012, 37.514557], [126.93481649, 37.51454141], [126.93481561, 37.51454761], [126.93476719, 37.51454308], [126.93476312, 37.51454674], [126.93476223, 37.51454843], [126.93475992, 37.51456447]]]}, "properties": {"name": "노량진동 19-6", "status": "empty", "capacity": 6, "active": 0, "industry": "", "vacancy_rate": 100.0, "source": "polygon_only", "capacity_method": "floor_approx", "active_pip": 0, "licensed": 0, "id": "1159010100100190006-1", "pnu": "1159010100100190006", "floors": 6, "height": 26.0}}, {"type": "Feature", "geometry": {"type": "Polygon", "coordinates": [[[126.93536889, 37.51299397], [126.93531904, 37.51300633], [126.93532717, 37.51301787], [126.93531384, 37.51309558], [126.93545646, 37.51310383], [126.93545031, 37.51304948], [126.93538635, 37.51304043], [126.93536889, 37.51299397]]]}, "properties": {"name": "노량진동 29-8", "status": "full", "capacity": 1, "active": 1, "industry": "식료품 소매", "vacancy_rate": 0.0, "vacancy_rate_lo": null, "vacancy_rate_hi": null, "stores": 1, "source": "stores+ledger", "capacity_method": "floor_ouln", "active_pip": 0, "licensed": 0, "id": "1159010100100290008-1", "pnu": "1159010100100290008", "floors": 1, "height": 3.0}}, {"type": "Feature", "geometry": {"type": "Polygon", "coordinates": [[[126.93563982, 37.51280125], [126.93559457, 37.51280939], [126.93541091, 37.51284195], [126.93542924, 37.51289517], [126.93545664, 37.51288815], [126.93546616, 37.51291743], [126.93566414, 37.51287447], [126.93564246, 37.51280941], [126.93563982, 37.51280125]]]}, "properties": {"name": "노량진동 265-3", "status": "partial", "capacity": 3, "active": 2, "industry": "", "vacancy_rate": 33.3, "source": "pip_only", "capacity_method": "floor_approx", "active_pip": 2, "licensed": 1, "id": "1159010100102650003-1", "pnu": "1159010100102650003", "floors": 3, "height": 0.0}}, {"type": "Feature", "geometry": {"type": "Polygon", "coordinates": [[[126.93595117, 37.51286927], [126.93581346, 37.51289537], [126.93581345, 37.51289875], [126.93580745, 37.51289875], [126.93581215, 37.51299476], [126.93592825, 37.51300356], [126.93594123, 37.51291431], [126.93594635, 37.51291459], [126.93595117, 37.51286927]]]}, "properties": {"name": "제2~4층", "status": "partial", "capacity": 4, "active": 3, "industry": "한식", "vacancy_rate": 25.0, "vacancy_rate_lo": null, "vacancy_rate_hi": null, "stores": 3, "source": "stores+ledger", "capacity_method": "floor_ouln", "active_pip": 0, "licensed": 2, "id": "1159010100100280008-1", "pnu": "1159010100100280008", "floors": 5, "height": 0.0}}, {"type": "Feature", "geometry": {"type": "Polygon", "coordinates": [[[126.938833, 37.51325344], [126.93883263, 37.51327231], [126.93892223, 37.51327742], [126.93892313, 37.51325912], [126.938833, 37.51325344]]]}, "properties": {"name": "노량진동 42-11", "status": "partial", "capacity": 5, "active": 4, "industry": "의원", "vacancy_rate": 20.0, "vacancy_rate_lo": null, "vacancy_rate_hi": null, "stores": 4, "source": "stores+ledger", "capacity_method": "floor_ouln", "active_pip": 0, "licensed": 0, "id": "1159010100100420011-1", "pnu": "1159010100100420011", "floors": 0, "height": 0.0}}, {"type": "Feature", "geometry": {"type": "Polygon", "coordinates": [[[126.93643081, 37.51267581], [126.93632404, 37.51268504], [126.93632317, 37.51267575], [126.93630602, 37.51267743], [126.9363226, 37.51273235], [126.93644068, 37.51270932], [126.93643081, 37.51267581]]]}, "properties": {"name": "노량진동 264-2", "status": "empty", "capacity": 3, "active": 0, "industry": "", "vacancy_rate": 100.0, "source": "polygon_only", "capacity_method": "floor_approx", "active_pip": 0, "licensed": 0, "id": "1159010100102640002-1", "pnu": "1159010100102640002", "floors": 3, "height": 0.0}}, {"type": "Feature", "geometry": {"type": "Polygon", "coordinates": [[[126.93764972, 37.51460263], [126.9376467, 37.51461531], [126.93771579, 37.51462689], [126.93771827, 37.51461506], [126.93764972, 37.51460263]]]}, "properties": {"name": "노량진동 13-6", "status": "full", "capacity": 47, "active": 47, "industry": "", "vacancy_rate": 0.0, "source": "pip_only", "capacity_method": "floor_approx", "active_pip": 47, "licensed": 0, "id": "1159010100100130006-5", "pnu": "1159010100100130006", "floors": 0, "height": 0.0}}, {"type": "Feature", "geometry": {"type": "Polygon", "coordinates": [[[126.93829317, 37.51293021], [126.93838967, 37.51293082], [126.93839135, 37.51281285], [126.93829363, 37.51281252], [126.93829317, 37.51293021]]]}, "properties": {"name": "사계절노래방", "status": "full", "capacity": 4, "active": 4, "industry": "유원지·오락", "vacancy_rate": 0.0, "vacancy_rate_lo": null, "vacancy_rate_hi": null, "stores": 4, "source": "stores+ledger", "capacity_method": "floor_ouln", "active_pip": 0, "licensed": 4, "id": "1159010100100400032-2", "pnu": "1159010100100400032", "floors": 4, "height": 0.0}}, {"type": "Feature", "geometry": {"type": "Polygon", "coordinates": [[[126.93620534, 37.51302398], [126.93615004, 37.51301974], [126.93615021, 37.51301832], [126.93615501, 37.5129806], [126.93611985, 37.51297692], [126.93610707, 37.51304364], [126.93620126, 37.51305158], [126.93620534, 37.51302398]]]}, "properties": {"name": "노량진동 27-16", "status": "full", "capacity": 1, "active": 1, "industry": "비알코올 ", "vacancy_rate": 0.0, "vacancy_rate_lo": null, "vacancy_rate_hi": null, "stores": 1, "source": "stores+ledger", "capacity_method": "floor_ouln", "active_pip": 0, "licensed": 1, "id": "1159010100100270016-1", "pnu": "1159010100100270016", "floors": 1, "height": 0.0}}, {"type": "Feature", "geometry": {"type": "Polygon", "coordinates": [[[126.93567461, 37.51303355], [126.93566909, 37.51308818], [126.93580375, 37.51309501], [126.93580451, 37.51304011], [126.93567461, 37.51303355]]]}, "properties": {"name": "2~4층", "status": "high", "capacity": 5, "active": 2, "industry": "기타 숙박", "vacancy_rate": 60.0, "vacancy_rate_lo": null, "vacancy_rate_hi": null, "stores": 2, "source": "stores+ledger", "capacity_method": "floor_ouln", "active_pip": 0, "licensed": 1, "id": "1159010100100280007-1", "pnu": "1159010100100280007", "floors": 5, "height": 12.2}}, {"type": "Feature", "geometry": {"type": "Polygon", "coordinates": [[[126.93876885, 37.51324777], [126.93876778, 37.51326778], [126.93881478, 37.51327004], [126.93881693, 37.51325061], [126.93876885, 37.51324777]]]}, "properties": {"name": "노량진동 42-11", "status": "partial", "capacity": 5, "active": 4, "industry": "의원", "vacancy_rate": 20.0, "vacancy_rate_lo": null, "vacancy_rate_hi": null, "stores": 4, "source": "stores+ledger", "capacity_method": "floor_ouln", "active_pip": 0, "licensed": 0, "id": "1159010100100420011-2", "pnu": "1159010100100420011", "floors": 0, "height": 0.0}}, {"type": "Feature", "geometry": {"type": "Polygon", "coordinates": [[[126.93788631, 37.51295787], [126.93786974, 37.51310343], [126.93792012, 37.51310712], [126.93799452, 37.5131125], [126.93799524, 37.5130911], [126.93799807, 37.5130911], [126.93800628, 37.51299397], [126.93795715, 37.5129914], [126.93795947, 37.51296044], [126.93792006, 37.51295901], [126.93788631, 37.51295787]]]}, "properties": {"name": "노량진동 40-46", "status": "high", "capacity": 3, "active": 1, "industry": "일반 숙박", "vacancy_rate": 66.7, "vacancy_rate_lo": null, "vacancy_rate_hi": null, "stores": 1, "source": "stores+ledger", "capacity_method": "floor_approx", "active_pip": 0, "licensed": 0, "id": "1159010100100400046-1", "pnu": "1159010100100400046", "floors": 3, "height": 0.0}}, {"type": "Feature", "geometry": {"type": "Polygon", "coordinates": [[[126.93777684, 37.51260755], [126.93772807, 37.51260752], [126.93772841, 37.512614], [126.93772046, 37.5126154], [126.93772133, 37.51262779], [126.93768174, 37.51262889], [126.93768244, 37.51264775], [126.93767572, 37.5126486], [126.93767764, 37.51268464], [126.93778121, 37.51268188], [126.93777684, 37.51260755]]]}, "properties": {"name": "노량진동 39-33", "status": "partial", "capacity": 2, "active": 1, "industry": "", "vacancy_rate": 50.0, "source": "pip_only", "capacity_method": "floor_approx", "active_pip": 1, "licensed": 0, "id": "1159010100100390033-1", "pnu": "1159010100100390033", "floors": 2, "height": 0.0}}, {"type": "Feature", "geometry": {"type": "Polygon", "coordinates": [[[126.93639053, 37.51494491], [126.9363845, 37.51497194], [126.93647356, 37.51498606], [126.93647959, 37.51496157], [126.93639053, 37.51494491]]]}, "properties": {"name": "노량진동 13-6", "status": "full", "capacity": 47, "active": 47, "industry": "", "vacancy_rate": 0.0, "source": "pip_only", "capacity_method": "floor_approx", "active_pip": 47, "licensed": 0, "id": "1159010100100130006-6", "pnu": "1159010100100130006", "floors": 0, "height": 0.0}}, {"type": "Feature", "geometry": {"type": "Polygon", "coordinates": [[[126.93608066, 37.51458463], [126.9367898, 37.51469961], [126.93680471, 37.51462894], [126.9361014, 37.51451565], [126.93608066, 37.51458463]]]}, "properties": {"name": "노량진동 13-6", "status": "full", "capacity": 47, "active": 47, "industry": "", "vacancy_rate": 0.0, "source": "pip_only", "capacity_method": "floor_approx", "active_pip": 47, "licensed": 0, "id": "1159010100100130006-7", "pnu": "1159010100100130006", "floors": 0, "height": 0.0}}, {"type": "Feature", "geometry": {"type": "Polygon", "coordinates": [[[126.93662291, 37.51498389], [126.93661935, 37.51499994], [126.93661723, 37.51500951], [126.93670541, 37.5150242], [126.93671179, 37.51499999], [126.93662291, 37.51498389]]]}, "properties": {"name": "노량진동 13-6", "status": "full", "capacity": 47, "active": 47, "industry": "", "vacancy_rate": 0.0, "source": "pip_only", "capacity_method": "floor_approx", "active_pip": 47, "licensed": 0, "id": "1159010100100130006-8", "pnu": "1159010100100130006", "floors": 0, "height": 0.0}}, {"type": "Feature", "geometry": {"type": "Polygon", "coordinates": [[[126.93775054, 37.51301129], [126.93774518, 37.51307746], [126.9377503, 37.51308394], [126.9378323, 37.51308764], [126.93783283, 37.51308033], [126.93786218, 37.51307978], [126.93786576, 37.51301643], [126.93775054, 37.51301129]]]}, "properties": {"name": "노량진동 40-33", "status": "partial", "capacity": 2, "active": 1, "industry": "주점", "vacancy_rate": 50.0, "vacancy_rate_lo": null, "vacancy_rate_hi": null, "stores": 1, "source": "stores+ledger", "capacity_method": "floor_ouln", "active_pip": 0, "licensed": 0, "id": "1159010100100400033-1", "pnu": "1159010100100400033", "floors": 5, "height": 0.0}}, {"type": "Feature", "geometry": {"type": "Polygon", "coordinates": [[[126.93583881, 37.51279403], [126.93584853, 37.51280529], [126.93590546, 37.51278252], [126.93575232, 37.51268445], [126.93569554, 37.51273398], [126.93573934, 37.51276779], [126.93579221, 37.51273966], [126.93583881, 37.51279403]]]}, "properties": {"name": "노량진동 266-6", "status": "partial", "capacity": 3, "active": 2, "industry": "", "vacancy_rate": 33.3, "source": "pip_only", "capacity_method": "floor_approx", "active_pip": 1, "licensed": 2, "id": "1159010100102660006-3", "pnu": "1159010100102660006", "floors": 3, "height": 0.0}}, {"type": "Feature", "geometry": {"type": "Polygon", "coordinates": [[[126.9370318, 37.51466454], [126.93701352, 37.51473379], [126.93771702, 37.51484932], [126.93773704, 37.51478175], [126.9370318, 37.51466454]]]}, "properties": {"name": "노량진동 13-6", "status": "full", "capacity": 47, "active": 47, "industry": "", "vacancy_rate": 0.0, "source": "pip_only", "capacity_method": "floor_approx", "active_pip": 47, "licensed": 0, "id": "1159010100100130006-9", "pnu": "1159010100100130006", "floors": 0, "height": 0.0}}, {"type": "Feature", "geometry": {"type": "Polygon", "coordinates": [[[126.93815982, 37.51282455], [126.93815902, 37.51293943], [126.93826719, 37.51294258], [126.9382678, 37.51282517], [126.93815982, 37.51282455]]]}, "properties": {"name": "노량진동 40-38", "status": "empty", "capacity": 4, "active": 0, "industry": "", "vacancy_rate": 100.0, "source": "polygon_only", "capacity_method": "floor_approx", "active_pip": 0, "licensed": 0, "id": "1159010100100400038-1", "pnu": "1159010100100400038", "floors": 4, "height": 11.8}}, {"type": "Feature", "geometry": {"type": "Polygon", "coordinates": [[[126.93710811, 37.51428362], [126.93703936, 37.51427374], [126.93699627, 37.5144525], [126.93706501, 37.51445958], [126.93710811, 37.51428362]]]}, "properties": {"name": "노량진동 13-6", "status": "full", "capacity": 47, "active": 47, "industry": "", "vacancy_rate": 0.0, "source": "pip_only", "capacity_method": "floor_approx", "active_pip": 47, "licensed": 0, "id": "1159010100100130006-10", "pnu": "1159010100100130006", "floors": 0, "height": 0.0}}, {"type": "Feature", "geometry": {"type": "Polygon", "coordinates": [[[126.93615021, 37.51301832], [126.93620358, 37.51302258], [126.93621794, 37.51297753], [126.93621989, 37.51297106], [126.93618879, 37.51296372], [126.93615662, 37.51296962], [126.93615608, 37.5129806], [126.93615021, 37.51301832]]]}, "properties": {"name": "노량진동 27-13", "status": "partial", "capacity": 2, "active": 1, "industry": "한식", "vacancy_rate": 50.0, "vacancy_rate_lo": null, "vacancy_rate_hi": null, "stores": 1, "source": "stores+ledger", "capacity_method": "floor_ouln", "active_pip": 0, "licensed": 1, "id": "1159010100100270013-1", "pnu": "1159010100100270013", "floors": 2, "height": 0.0}}, {"type": "Feature", "geometry": {"type": "Polygon", "coordinates": [[[126.93729752, 37.51454501], [126.93729381, 37.51455769], [126.9373629, 37.51456983], [126.93736556, 37.51455857], [126.93729752, 37.51454501]]]}, "properties": {"name": "노량진동 13-6", "status": "full", "capacity": 47, "active": 47, "industry": "", "vacancy_rate": 0.0, "source": "pip_only", "capacity_method": "floor_approx", "active_pip": 47, "licensed": 0, "id": "1159010100100130006-11", "pnu": "1159010100100130006", "floors": 0, "height": 0.0}}, {"type": "Feature", "geometry": {"type": "Polygon", "coordinates": [[[126.93812173, 37.51309917], [126.93822391, 37.51310417], [126.93822506, 37.51308618], [126.93822958, 37.51308753], [126.93823242, 37.51305246], [126.9382217, 37.513052], [126.93822397, 37.51303132], [126.93822963, 37.51303177], [126.93823133, 37.51301199], [126.93823585, 37.51301199], [126.93824039, 37.51297781], [126.93813313, 37.51297325], [126.93812173, 37.51309917]]]}, "properties": {"name": "노량진동 40-30", "status": "partial", "capacity": 2, "active": 1, "industry": "한식", "vacancy_rate": 50.0, "vacancy_rate_lo": null, "vacancy_rate_hi": null, "stores": 1, "source": "stores+ledger", "capacity_method": "floor_ouln", "active_pip": 0, "licensed": 1, "id": "1159010100100400030-1", "pnu": "1159010100100400030", "floors": 2, "height": 2.8}}, {"type": "Feature", "geometry": {"type": "Polygon", "coordinates": [[[126.93620019, 37.51305918], [126.93624137, 37.51306314], [126.93624455, 37.51306314], [126.9362584, 37.51299277], [126.93621794, 37.51297753], [126.93620854, 37.51302033], [126.93620588, 37.51302005], [126.93620534, 37.51302398], [126.93620126, 37.51305158], [126.93620019, 37.51305918]]]}, "properties": {"name": "現세븐일레븐편의점부분", "status": "full", "capacity": 4, "active": 4, "industry": "중식", "vacancy_rate": 0.0, "vacancy_rate_lo": null, "vacancy_rate_hi": null, "stores": 4, "source": "stores+ledger", "capacity_method": "floor_ouln", "active_pip": 0, "licensed": 2, "id": "1159010100100270010-2", "pnu": "1159010100100270010", "floors": 0, "height": 0.0}}, {"type": "Feature", "geometry": {"type": "Polygon", "coordinates": [[[126.93583881, 37.51279403], [126.93582521, 37.51279599], [126.93582222, 37.5127867], [126.93566931, 37.51282154], [126.93568517, 37.51287053], [126.93591868, 37.51282195], [126.93590546, 37.51278252], [126.93584853, 37.51280529], [126.93583881, 37.51279403]]]}, "properties": {"name": "노량진동 265-1", "status": "high", "capacity": 3, "active": 1, "industry": "", "vacancy_rate": 66.7, "source": "pip_only", "capacity_method": "floor_approx", "active_pip": 0, "licensed": 1, "id": "1159010100102650001-1", "pnu": "1159010100102650001", "floors": 3, "height": 0.0}}, {"type": "Feature", "geometry": {"type": "Polygon", "coordinates": [[[126.93864166, 37.51262887], [126.93865029, 37.51265314], [126.93863723, 37.51265608], [126.93866805, 37.51274278], [126.93875838, 37.51272239], [126.93872756, 37.51263571], [126.9387232, 37.51263669], [126.93871458, 37.51261242], [126.93864166, 37.51262887]]]}, "properties": {"name": "노량진동 39-4", "status": "empty", "capacity": 9, "active": 0, "industry": "", "vacancy_rate": 100.0, "source": "polygon_only", "capacity_method": "floor_approx", "active_pip": 0, "licensed": 0, "id": "1159010100100390004-1", "pnu": "1159010100100390004", "floors": 9, "height": 29.6}}, {"type": "Feature", "geometry": {"type": "Polygon", "coordinates": [[[126.93876885, 37.51324777], [126.93881693, 37.51325061], [126.93903871, 37.51326369], [126.93904317, 37.51321047], [126.93902374, 37.51320933], [126.93903391, 37.51307898], [126.9387349, 37.51306643], [126.9387349, 37.51306305], [126.93870185, 37.5130605], [126.93869507, 37.51313484], [126.93871151, 37.51313512], [126.93870951, 37.51319454], [126.93872187, 37.5132151], [126.93871973, 37.51324494], [126.93876885, 37.51324777]]]}, "properties": {"name": "노량진동 42-11", "status": "partial", "capacity": 5, "active": 4, "industry": "의원", "vacancy_rate": 20.0, "vacancy_rate_lo": null, "vacancy_rate_hi": null, "stores": 4, "source": "stores+ledger", "capacity_method": "floor_ouln", "active_pip": 0, "licensed": 0, "id": "1159010100100420011-3", "pnu": "1159010100100420011", "floors": 6, "height": 26.9}}, {"type": "Feature", "geometry": {"type": "Polygon", "coordinates": [[[126.9390395, 37.51294974], [126.93904497, 37.51296636], [126.93906119, 37.51301423], [126.93926534, 37.51296816], [126.93927222, 37.51299492], [126.93935494, 37.51297552], [126.93934578, 37.51294877], [126.93965176, 37.51288248], [126.93963024, 37.51281545], [126.93965057, 37.51281125], [126.93964969, 37.51280927], [126.93962836, 37.51275239], [126.93971586, 37.51273188], [126.93969699, 37.51267359], [126.93909829, 37.51280927], [126.93897067, 37.51283793], [126.93901192, 37.51295536], [126.93903915, 37.5129489], [126.9390395, 37.51294974]]]}, "properties": {"name": "노량진동 46-6", "status": "partial", "capacity": 7, "active": 5, "industry": "일반 교육", "vacancy_rate": 28.6, "vacancy_rate_lo": null, "vacancy_rate_hi": null, "stores": 5, "source": "stores+ledger", "capacity_method": "floor_ouln", "active_pip": 0, "licensed": 1, "id": "1159010100100460006-2", "pnu": "1159010100100460006", "floors": 7, "height": 25.0}}, {"type": "Feature", "geometry": {"type": "Polygon", "coordinates": [[[126.93773383, 37.51312673], [126.93772683, 37.51323681], [126.93792001, 37.51324819], [126.93838638, 37.51327574], [126.9383893, 37.51316311], [126.9379201, 37.51313669], [126.93773383, 37.51312673]]]}, "properties": {"name": "나", "status": "high", "capacity": 36, "active": 16, "industry": "기타 간이", "vacancy_rate": 55.6, "vacancy_rate_lo": null, "vacancy_rate_hi": null, "stores": 16, "source": "stores+ledger", "capacity_method": "expos_units", "active_pip": 0, "licensed": 10, "id": "1159010100100410005-1", "pnu": "1159010100100410005", "floors": 5, "height": 0.0}}, {"type": "Feature", "geometry": {"type": "Polygon", "coordinates": [[[126.93806695, 37.51292643], [126.93814578, 37.51292788], [126.93814956, 37.51283834], [126.93802568, 37.51283743], [126.9380233, 37.51292556], [126.93806695, 37.51292643]]]}, "properties": {"name": "휴게실", "status": "full", "capacity": 3, "active": 3, "industry": "서양식", "vacancy_rate": 0.0, "vacancy_rate_lo": null, "vacancy_rate_hi": null, "stores": 3, "source": "stores+ledger", "capacity_method": "floor_ouln", "active_pip": 0, "licensed": 1, "id": "1159010100100400039-2", "pnu": "1159010100100400039", "floors": 4, "height": 12.9}}, {"type": "Feature", "geometry": {"type": "Polygon", "coordinates": [[[126.93671723, 37.51274749], [126.93658466, 37.51276346], [126.93659452, 37.51280936], [126.93659558, 37.51281415], [126.93658197, 37.51281583], [126.9365904, 37.51287074], [126.93666906, 37.51286234], [126.93666835, 37.51285389], [126.93673676, 37.51284519], [126.93672954, 37.51280915], [126.93671723, 37.51274749]]]}, "properties": {"name": "일부", "status": "partial", "capacity": 3, "active": 2, "industry": "일식", "vacancy_rate": 33.3, "vacancy_rate_lo": null, "vacancy_rate_hi": null, "stores": 2, "source": "stores+ledger", "capacity_method": "floor_ouln", "active_pip": 0, "licensed": 1, "id": "1159010100100310018-1", "pnu": "1159010100100310018", "floors": 4, "height": 0.0}}, {"type": "Feature", "geometry": {"type": "Polygon", "coordinates": [[[126.93788412, 37.51453012], [126.93787188, 37.51458248], [126.93789503, 37.51458644], [126.93790551, 37.51453351], [126.93788412, 37.51453012]]]}, "properties": {"name": "노량진동 13-6", "status": "full", "capacity": 47, "active": 47, "industry": "", "vacancy_rate": 0.0, "source": "pip_only", "capacity_method": "floor_approx", "active_pip": 47, "licensed": 0, "id": "1159010100100130006-12", "pnu": "1159010100100130006", "floors": 0, "height": 0.0}}, {"type": "Feature", "geometry": {"type": "Polygon", "coordinates": [[[126.93639053, 37.51494491], [126.93672893, 37.515], [126.93678671, 37.5150096], [126.93678902, 37.51500004], [126.93686119, 37.51471372], [126.93608066, 37.51458463], [126.93600503, 37.5145722], [126.93592912, 37.51486976], [126.93639053, 37.51494491]]]}, "properties": {"name": "노량진동 13-6", "status": "full", "capacity": 47, "active": 47, "industry": "", "vacancy_rate": 0.0, "source": "pip_only", "capacity_method": "floor_approx", "active_pip": 47, "licensed": 0, "id": "1159010100100130006-13", "pnu": "1159010100100130006", "floors": 0, "height": 0.0}}, {"type": "Feature", "geometry": {"type": "Polygon", "coordinates": [[[126.93609911, 37.51304955], [126.93610589, 37.51297381], [126.93598665, 37.51291912], [126.93595676, 37.51313169], [126.93608914, 37.51313936], [126.93609911, 37.51304955]]]}, "properties": {"name": "노량진동 27-11", "status": "empty", "capacity": 3, "active": 0, "industry": "", "vacancy_rate": 100.0, "source": "polygon_only", "capacity_method": "floor_approx", "active_pip": 0, "licensed": 0, "id": "1159010100100270011-1", "pnu": "1159010100100270011", "floors": 3, "height": 0.0}}, {"type": "Feature", "geometry": {"type": "Polygon", "coordinates": [[[126.93639711, 37.51281404], [126.93636315, 37.5128495], [126.93635572, 37.5128464], [126.93631662, 37.51288974], [126.93654343, 37.51303261], [126.93665866, 37.51302226], [126.9366439, 37.51292652], [126.93660024, 37.5129279], [126.93652094, 37.5128738], [126.93651174, 37.51288224], [126.93639711, 37.51281404]]]}, "properties": {"name": "경성빌딩", "status": "full", "capacity": 8, "active": 8, "industry": "의원", "vacancy_rate": 0.0, "vacancy_rate_lo": null, "vacancy_rate_hi": null, "stores": 8, "source": "stores+ledger", "capacity_method": "floor_ouln", "active_pip": 0, "licensed": 1, "id": "1159010100100310015-1", "pnu": "1159010100100310015", "floors": 6, "height": 23.15}}, {"type": "Feature", "geometry": {"type": "Polygon", "coordinates": [[[126.93828675, 37.51300059], [126.93827641, 37.51312701], [126.9383729, 37.51313157], [126.9383852, 37.51300374], [126.93828675, 37.51300059]]]}, "properties": {"name": "노량진동 40-28", "status": "empty", "capacity": 2, "active": 0, "industry": "", "vacancy_rate": 100.0, "source": "polygon_only", "capacity_method": "floor_approx", "active_pip": 0, "licensed": 0, "id": "1159010100100400028-1", "pnu": "1159010100100400028", "floors": 2, "height": 6.88}}, {"type": "Feature", "geometry": {"type": "Polygon", "coordinates": [[[126.93567396, 37.51275311], [126.93564302, 37.51277056], [126.93566508, 37.5128083], [126.93568029, 37.51280211], [126.93569815, 37.51279029], [126.93567396, 37.51275311]]]}, "properties": {"name": "노량진동 266-6", "status": "full", "capacity": 2, "active": 2, "industry": "", "vacancy_rate": 0.0, "source": "pip_only", "capacity_method": "floor_approx", "active_pip": 1, "licensed": 2, "id": "1159010100102660006-4", "pnu": "1159010100102660006", "floors": 0, "height": 0.0}}, {"type": "Feature", "geometry": {"type": "Polygon", "coordinates": [[[126.93579931, 37.51291564], [126.93568689, 37.51292487], [126.93569601, 37.5130178], [126.93580576, 37.51302292], [126.93579931, 37.51291564]]]}, "properties": {"name": "노량진동 28-10", "status": "partial", "capacity": 3, "active": 2, "industry": "기타 숙박", "vacancy_rate": 33.3, "vacancy_rate_lo": null, "vacancy_rate_hi": null, "stores": 2, "source": "stores+ledger", "capacity_method": "floor_ouln", "active_pip": 0, "licensed": 1, "id": "1159010100100280010-2", "pnu": "1159010100100280010", "floors": 4, "height": 0.0}}, {"type": "Feature", "geometry": {"type": "Polygon", "coordinates": [[[126.9360081, 37.51283608], [126.93597764, 37.5129087], [126.93610324, 37.51296846], [126.93611013, 37.51296847], [126.93611809, 37.51297354], [126.93618667, 37.5129595], [126.93619215, 37.51295134], [126.9360081, 37.51283608]]]}, "properties": {"name": "노량진동 31-3", "status": "empty", "capacity": 2, "active": 0, "industry": "", "vacancy_rate": 100.0, "source": "polygon_only", "capacity_method": "floor_approx", "active_pip": 0, "licensed": 0, "id": "1159010100100310003-1", "pnu": "1159010100100310003", "floors": 2, "height": 5.7}}, {"type": "Feature", "geometry": {"type": "Polygon", "coordinates": [[[126.94054778, 37.51446898], [126.94054795, 37.51447546], [126.940312, 37.51448154], [126.94031181, 37.5144942], [126.94028813, 37.51449672], [126.94029215, 37.51455417], [126.94029674, 37.51455417], [126.9402976, 37.5145767], [126.94047629, 37.51457368], [126.94051517, 37.51458328], [126.94051164, 37.51456582], [126.94055725, 37.51456331], [126.94055216, 37.51451037], [126.94062781, 37.51450084], [126.9406266, 37.51447099], [126.94054778, 37.51446898]]]}, "properties": {"name": "노량진동 15-26", "status": "full", "capacity": 1, "active": 1, "industry": "한식", "vacancy_rate": 0.0, "vacancy_rate_lo": null, "vacancy_rate_hi": null, "stores": 1, "source": "stores+ledger", "capacity_method": "floor_ouln", "active_pip": 0, "licensed": 1, "id": "1159010100100150026-1", "pnu": "1159010100100150026", "floors": 1, "height": 0.0}}, {"type": "Feature", "geometry": {"type": "Polygon", "coordinates": [[[126.94222089, 37.51291473], [126.94221113, 37.51297639], [126.9423214, 37.51298461], [126.94232302, 37.51295871], [126.94228131, 37.51295334], [126.9422861, 37.51292969], [126.94222089, 37.51291473]]]}, "properties": {"name": "노량진동 72-46", "status": "partial", "capacity": 2, "active": 1, "industry": "기타 숙박", "vacancy_rate": 50.0, "vacancy_rate_lo": null, "vacancy_rate_hi": null, "stores": 1, "source": "stores+ledger", "capacity_method": "floor_approx", "active_pip": 0, "licensed": 0, "id": "1159010100100720046-1", "pnu": "1159010100100720046", "floors": 2, "height": 0.0}}, {"type": "Feature", "geometry": {"type": "Polygon", "coordinates": [[[126.94295117, 37.5133518], [126.94291954, 37.51335376], [126.94285326, 37.51335767], [126.94284132, 37.5134959], [126.94279537, 37.51349617], [126.94279305, 37.51352235], [126.94291959, 37.51352832], [126.94294363, 37.51352974], [126.94295117, 37.5133518]]]}, "properties": {"name": "노량진동 73-3", "status": "full", "capacity": 4, "active": 4, "industry": "이용·미용", "vacancy_rate": 0.0, "vacancy_rate_lo": null, "vacancy_rate_hi": null, "stores": 4, "source": "stores+ledger", "capacity_method": "floor_ouln", "active_pip": 0, "licensed": 1, "id": "1159010100100730003-1", "pnu": "1159010100100730003", "floors": 4, "height": 0.0}}, {"type": "Feature", "geometry": {"type": "Polygon", "coordinates": [[[126.93968623, 37.51375535], [126.93993099, 37.51377068], [126.93993954, 37.51369353], [126.93969407, 37.51367792], [126.93968623, 37.51375535]]]}, "properties": {"name": "노량진동", "status": "full", "capacity": 3, "active": 3, "industry": "가구 소매", "vacancy_rate": 0.0, "vacancy_rate_lo": null, "vacancy_rate_hi": null, "stores": 3, "source": "stores+ledger", "capacity_method": "floor_ouln", "active_pip": 0, "licensed": 0, "id": "1159010100100400011-1", "pnu": "1159010100100400011", "floors": 3, "height": 0.0}}, {"type": "Feature", "geometry": {"type": "Polygon", "coordinates": [[[126.94075255, 37.51275126], [126.94063768, 37.51275684], [126.94063834, 37.51280921], [126.94063868, 37.51283089], [126.94079279, 37.51282731], [126.94079246, 37.51280929], [126.9407909, 37.51275804], [126.94075291, 37.51275999], [126.94075255, 37.51275126]]]}, "properties": {"name": "1~4층", "status": "high", "capacity": 4, "active": 1, "industry": "기타 숙박", "vacancy_rate": 75.0, "vacancy_rate_lo": null, "vacancy_rate_hi": null, "stores": 1, "source": "stores+ledger", "capacity_method": "floor_ouln", "active_pip": 0, "licensed": 0, "id": "1159010100100540009-1", "pnu": "1159010100100540009", "floors": 6, "height": 18.0}}, {"type": "Feature", "geometry": {"type": "Polygon", "coordinates": [[[126.94214897, 37.51383203], [126.94213459, 37.5139165], [126.94234365, 37.51393012], [126.94235255, 37.51384453], [126.94214897, 37.51383203]]]}, "properties": {"name": "금빌딩", "status": "partial", "capacity": 5, "active": 4, "industry": "한식", "vacancy_rate": 20.0, "vacancy_rate_lo": null, "vacancy_rate_hi": null, "stores": 4, "source": "stores+ledger", "capacity_method": "floor_ouln", "active_pip": 0, "licensed": 3, "id": "1159010100100670011-1", "pnu": "1159010100100670011", "floors": 5, "height": 0.0}}, {"type": "Feature", "geometry": {"type": "Polygon", "coordinates": [[[126.9432174, 37.5130484], [126.94321686, 37.51305403], [126.94317834, 37.51305232], [126.94317439, 37.51311989], [126.94325074, 37.51312416], [126.94325163, 37.51311289], [126.94328927, 37.51311432], [126.94329321, 37.51305154], [126.9432174, 37.5130484]]]}, "properties": {"name": "노량진동 72-11", "status": "partial", "capacity": 2, "active": 1, "industry": "", "vacancy_rate": 50.0, "source": "pip_only", "capacity_method": "floor_approx", "active_pip": 0, "licensed": 1, "id": "1159010100100720011-1", "pnu": "1159010100100720011", "floors": 2, "height": 7.6}}, {"type": "Feature", "geometry": {"type": "Polygon", "coordinates": [[[126.94340784, 37.51297828], [126.94342616, 37.51301183], [126.94344239, 37.51301253], [126.94344209, 37.51301697], [126.94352967, 37.51302074], [126.94353062, 37.51300656], [126.94351444, 37.51296486], [126.94347951, 37.51296388], [126.94347846, 37.51297563], [126.94344661, 37.51297447], [126.94340784, 37.51297828]]]}, "properties": {"name": "노량진동 100-8", "status": "empty", "capacity": 4, "active": 0, "industry": "", "vacancy_rate": 100.0, "source": "polygon_only", "capacity_method": "floor_approx", "active_pip": 0, "licensed": 0, "id": "1159010100101000008-1", "pnu": "1159010100101000008", "floors": 4, "height": 12.7}}, {"type": "Feature", "geometry": {"type": "Polygon", "coordinates": [[[126.94497864, 37.51267785], [126.94489831, 37.51280029], [126.94490008, 37.51280395], [126.94490202, 37.51280593], [126.94490926, 37.51280959], [126.94494283, 37.51282565], [126.94498456, 37.51280934], [126.9450001, 37.51280344], [126.9450307, 37.51279163], [126.94503794, 37.51277755], [126.9450274, 37.51271053], [126.94503306, 37.5127035], [126.94500002, 37.512688], [126.94497864, 37.51267785]]]}, "properties": {"name": "거성빌딩", "status": "partial", "capacity": 2, "active": 1, "industry": "유원지·오락", "vacancy_rate": 50.0, "vacancy_rate_lo": null, "vacancy_rate_hi": null, "stores": 1, "source": "stores+ledger", "capacity_method": "floor_ouln", "active_pip": 0, "licensed": 0, "id": "1159010100101170020-1", "pnu": "1159010100101170020", "floors": 4, "height": 13.5}}, {"type": "Feature", "geometry": {"type": "Polygon", "coordinates": [[[126.94436671, 37.51302304], [126.94436381, 37.51312187], [126.94453187, 37.51312561], [126.94453477, 37.51302734], [126.94436671, 37.51302304]]]}, "properties": {"name": "노량진동3", "status": "full", "capacity": 4, "active": 4, "industry": "유원지·오락", "vacancy_rate": 0.0, "vacancy_rate_lo": null, "vacancy_rate_hi": null, "stores": 4, "source": "stores+ledger", "capacity_method": "floor_ouln", "active_pip": 0, "licensed": 1, "id": "1159010100101170016-1", "pnu": "1159010100101170016", "floors": 5, "height": 16.2}}, {"type": "Feature", "geometry": {"type": "Polygon", "coordinates": [[[126.94453024, 37.51271039], [126.94476809, 37.5127746], [126.94480561, 37.51268567], [126.94467248, 37.51264969], [126.94465371, 37.51269333], [126.94455663, 37.51266456], [126.94453024, 37.51271039]]]}, "properties": {"name": "노량진동 117-21", "status": "full", "capacity": 3, "active": 3, "industry": "종합 소매", "vacancy_rate": 0.0, "vacancy_rate_lo": null, "vacancy_rate_hi": null, "stores": 3, "source": "stores+ledger", "capacity_method": "floor_ouln", "active_pip": 0, "licensed": 1, "id": "1159010100101170021-1", "pnu": "1159010100101170021", "floors": 3, "height": 8.7}}, {"type": "Feature", "geometry": {"type": "Polygon", "coordinates": [[[126.94490779, 37.51288674], [126.94482401, 37.51290331], [126.94477375, 37.5129841], [126.94476952, 37.51298663], [126.94476562, 37.51299451], [126.94476667, 37.51300014], [126.9447702, 37.51300409], [126.94491179, 37.51298248], [126.94490791, 37.51296446], [126.9449323, 37.51295996], [126.94490779, 37.51288674]]]}, "properties": {"name": "노량진동 117-19", "status": "partial", "capacity": 5, "active": 4, "industry": "도서관·사적지", "vacancy_rate": 20.0, "vacancy_rate_lo": null, "vacancy_rate_hi": null, "stores": 4, "source": "stores+ledger", "capacity_method": "floor_ouln", "active_pip": 0, "licensed": 1, "id": "1159010100101170019-1", "pnu": "1159010100101170019", "floors": 5, "height": 13.9}}, {"type": "Feature", "geometry": {"type": "Polygon", "coordinates": [[[126.9447492, 37.51498032], [126.9447479, 37.51498358], [126.94474742, 37.51498583], [126.94474725, 37.51498812], [126.94474738, 37.5149904], [126.94474799, 37.51499323], [126.94474874, 37.51499526], [126.94474982, 37.51499743], [126.94475106, 37.51499938], [126.94475341, 37.51500183], [126.94475537, 37.51500349], [126.94475754, 37.51500499], [126.9447599, 37.51500629], [126.94476239, 37.51500736], [126.94476508, 37.51500824], [126.94476846, 37.51500897], [126.94477162, 37.51500932], [126.9447764, 37.51500929], [126.94478063, 37.51500868], [126.94478336, 37.51500796], [126.94478723, 37.51500646], [126.94479075, 37.51500448], [126.94479381, 37.51500208], [126.94479526, 37.51500061], [126.94479668, 37.51499907], [126.94479772, 37.51499731], [126.94485509, 37.51501827], [126.944885, 37.51496637], [126.94490201, 37.51497141], [126.94500009, 37.5148002], [126.94484794, 37.51474489], [126.94474911, 37.51491739], [126.9447793, 37.51492837], [126.9447492, 37.51498032]]]}, "properties": {"name": "노량진동 12-1", "status": "empty", "capacity": 4, "active": 0, "industry": "", "vacancy_rate": 100.0, "source": "polygon_only", "capacity_method": "floor_approx", "active_pip": 0, "licensed": 0, "id": "1159010100100120001-1", "pnu": "1159010100100120001", "floors": 4, "height": 14.75}}, {"type": "Feature", "geometry": {"type": "Polygon", "coordinates": [[[126.9402058, 37.5137956], [126.94043845, 37.51380734], [126.94044859, 37.513725], [126.94022125, 37.51371056], [126.94021565, 37.51377731], [126.94020728, 37.51377749], [126.9402058, 37.5137956]]]}, "properties": {"name": "노량진동 60-14", "status": "partial", "capacity": 4, "active": 2, "industry": "가구 소매", "vacancy_rate": 50.0, "vacancy_rate_lo": null, "vacancy_rate_hi": null, "stores": 2, "source": "stores+ledger", "capacity_method": "floor_ouln", "active_pip": 0, "licensed": 0, "id": "1159010100100600014-1", "pnu": "1159010100100600014", "floors": 0, "height": 0.0}}, {"type": "Feature", "geometry": {"type": "Polygon", "coordinates": [[[126.93993342, 37.51272129], [126.93990602, 37.51272831], [126.93991077, 37.51274746], [126.93993871, 37.51274127], [126.93993342, 37.51272129]]]}, "properties": {"name": "노량진동 46-6", "status": "partial", "capacity": 7, "active": 5, "industry": "일반 교육", "vacancy_rate": 28.6, "vacancy_rate_lo": null, "vacancy_rate_hi": null, "stores": 5, "source": "stores+ledger", "capacity_method": "floor_ouln", "active_pip": 0, "licensed": 1, "id": "1159010100100460006-3", "pnu": "1159010100100460006", "floors": 0, "height": 0.0}}, {"type": "Feature", "geometry": {"type": "Polygon", "coordinates": [[[126.94000353, 37.51454361], [126.93999999, 37.5145605], [126.93999166, 37.51459907], [126.93999997, 37.51460048], [126.94006641, 37.51461121], [126.94007953, 37.51455519], [126.94000353, 37.51454361]]]}, "properties": {"name": "노량진동", "status": "high", "capacity": 12, "active": 2, "industry": "종합 소매", "vacancy_rate": 83.3, "vacancy_rate_lo": null, "vacancy_rate_hi": null, "stores": 2, "source": "stores+ledger", "capacity_method": "floor_ouln", "active_pip": 0, "licensed": 0, "id": "1159010100100150022-1", "pnu": "1159010100100150022", "floors": 0, "height": 0.0}}, {"type": "Feature", "geometry": {"type": "Polygon", "coordinates": [[[126.93964715, 37.51378095], [126.94000007, 37.51379407], [126.9400356, 37.51379522], [126.9400395, 37.51376763], [126.93999993, 37.51376479], [126.93993347, 37.51376025], [126.93993188, 37.51377208], [126.93968606, 37.5137562], [126.93968623, 37.51375535], [126.93969407, 37.51367792], [126.93969424, 37.51367679], [126.93964865, 37.51367537], [126.93964081, 37.51374068], [126.93965212, 37.51374182], [126.93964715, 37.51378095]]]}, "properties": {"name": "노량진동", "status": "full", "capacity": 3, "active": 3, "industry": "가구 소매", "vacancy_rate": 0.0, "vacancy_rate_lo": null, "vacancy_rate_hi": null, "stores": 3, "source": "stores+ledger", "capacity_method": "floor_ouln", "active_pip": 0, "licensed": 0, "id": "1159010100100400011-2", "pnu": "1159010100100400011", "floors": 0, "height": 0.0}}, {"type": "Feature", "geometry": {"type": "Polygon", "coordinates": [[[126.94257366, 37.51268431], [126.94250413, 37.51277916], [126.94246914, 37.51277464], [126.94245409, 37.51280927], [126.9424371, 37.51284868], [126.94248231, 37.51288164], [126.94261166, 37.51289381], [126.94262464, 37.51280935], [126.94264293, 37.51268969], [126.94257366, 37.51268431]]]}, "properties": {"name": "노량진동 72-35", "status": "empty", "capacity": 4, "active": 0, "industry": "", "vacancy_rate": 100.0, "source": "polygon_only", "capacity_method": "floor_approx", "active_pip": 0, "licensed": 0, "id": "1159010100100720035-3", "pnu": "1159010100100720035", "floors": 4, "height": 22.0}}, {"type": "Feature", "geometry": {"type": "Polygon", "coordinates": [[[126.94202277, 37.51269981], [126.94195667, 37.51270343], [126.94196595, 37.51280931], [126.94196684, 37.51281889], [126.94211405, 37.51281248], [126.94211371, 37.51280938], [126.94210424, 37.51270998], [126.94209364, 37.51270688], [126.94202348, 37.51271107], [126.94202277, 37.51269981]]]}, "properties": {"name": "노량진동 58-11", "status": "partial", "capacity": 2, "active": 1, "industry": "일반 숙박", "vacancy_rate": 50.0, "vacancy_rate_lo": null, "vacancy_rate_hi": null, "stores": 1, "source": "stores+ledger", "capacity_method": "floor_approx", "active_pip": 0, "licensed": 0, "id": "1159010100100580011-1", "pnu": "1159010100100580011", "floors": 2, "height": 0.0}}, {"type": "Feature", "geometry": {"type": "Polygon", "coordinates": [[[126.94090288, 37.51261732], [126.94083237, 37.51262122], [126.94084396, 37.51270345], [126.94099844, 37.51269395], [126.94098824, 37.51261961], [126.94090271, 37.51262267], [126.94090288, 37.51261732]]]}, "properties": {"name": "퍼스트원룸텔대명", "status": "high", "capacity": 5, "active": 2, "industry": "기타 숙박", "vacancy_rate": 60.0, "vacancy_rate_lo": null, "vacancy_rate_hi": null, "stores": 2, "source": "stores+ledger", "capacity_method": "floor_ouln", "active_pip": 0, "licensed": 0, "id": "1159010100100560017-1", "pnu": "1159010100100560017", "floors": 6, "height": 18.0}}, {"type": "Feature", "geometry": {"type": "Polygon", "coordinates": [[[126.94081396, 37.51287659], [126.94081986, 37.51300217], [126.94090435, 37.51300081], [126.94090471, 37.51297997], [126.94092133, 37.51298026], [126.9409184, 37.51287692], [126.94081396, 37.51287659]]]}, "properties": {"name": "노량진동 56-24", "status": "high", "capacity": 5, "active": 1, "industry": "기타 숙박", "vacancy_rate": 80.0, "vacancy_rate_lo": null, "vacancy_rate_hi": null, "stores": 1, "source": "stores+ledger", "capacity_method": "floor_ouln", "active_pip": 0, "licensed": 0, "id": "1159010100100560024-1", "pnu": "1159010100100560024", "floors": 5, "height": 17.6}}, {"type": "Feature", "geometry": {"type": "Polygon", "coordinates": [[[126.93949719, 37.5130001], [126.93949739, 37.51297165], [126.93946912, 37.51297023], [126.93946856, 37.51299867], [126.93949719, 37.5130001]]]}, "properties": {"name": "노량진동 46-6", "status": "partial", "capacity": 7, "active": 5, "industry": "일반 교육", "vacancy_rate": 28.6, "vacancy_rate_lo": null, "vacancy_rate_hi": null, "stores": 5, "source": "stores+ledger", "capacity_method": "floor_ouln", "active_pip": 0, "licensed": 1, "id": "1159010100100460006-4", "pnu": "1159010100100460006", "floors": 0, "height": 0.0}}, {"type": "Feature", "geometry": {"type": "Polygon", "coordinates": [[[126.93947864, 37.51321829], [126.93947186, 37.51331037], [126.93982583, 37.5133342], [126.93983435, 37.51329844], [126.93980203, 37.51325957], [126.93969882, 37.51325247], [126.93970025, 37.5132415], [126.93963168, 37.51323696], [126.93963257, 37.5132271], [126.93947864, 37.51321829]]]}, "properties": {"name": "설약국", "status": "partial", "capacity": 9, "active": 8, "industry": "기타 간이", "vacancy_rate": 11.1, "vacancy_rate_lo": null, "vacancy_rate_hi": null, "stores": 8, "source": "stores+ledger", "capacity_method": "expos_units", "active_pip": 0, "licensed": 4, "id": "1159010100100440011-1", "pnu": "1159010100100440011", "floors": 3, "height": 0.0}}, {"type": "Feature", "geometry": {"type": "Polygon", "coordinates": [[[126.94044729, 37.51304141], [126.94044711, 37.5130324], [126.94044661, 37.51299946], [126.94044644, 37.51299157], [126.94044528, 37.51289781], [126.94044495, 37.51287415], [126.94038415, 37.51287328], [126.94038553, 37.51312162], [126.94044846, 37.51312137], [126.94044729, 37.51304141]]]}, "properties": {"name": "더써밋타워", "status": "full", "capacity": 2, "active": 2, "industry": "종합 소매", "vacancy_rate": 0.0, "vacancy_rate_lo": null, "vacancy_rate_hi": null, "stores": 2, "source": "stores+ledger", "capacity_method": "expos_units", "active_pip": 0, "licensed": 2, "id": "1159010100100540004-1", "pnu": "1159010100100540004", "floors": 4, "height": 0.0}}, {"type": "Feature", "geometry": {"type": "Polygon", "coordinates": [[[126.94454342, 37.51304678], [126.94454074, 37.51310112], [126.94456901, 37.51310198], [126.94456994, 37.51304707], [126.94454342, 37.51304678]]]}, "properties": {"name": "노량진동3", "status": "full", "capacity": 4, "active": 4, "industry": "유원지·오락", "vacancy_rate": 0.0, "vacancy_rate_lo": null, "vacancy_rate_hi": null, "stores": 4, "source": "stores+ledger", "capacity_method": "floor_ouln", "active_pip": 0, "licensed": 1, "id": "1159010100101170016-2", "pnu": "1159010100101170016", "floors": 0, "height": 0.0}}, {"type": "Feature", "geometry": {"type": "Polygon", "coordinates": [[[126.94506369, 37.51286344], [126.94500005, 37.51287495], [126.94492899, 37.51288787], [126.94494945, 37.51295179], [126.945, 37.51294197], [126.94508219, 37.51292567], [126.94506369, 37.51286344]]]}, "properties": {"name": "타코야끼제작소", "status": "full", "capacity": 4, "active": 4, "industry": "일식", "vacancy_rate": 0.0, "vacancy_rate_lo": null, "vacancy_rate_hi": null, "stores": 4, "source": "stores+ledger", "capacity_method": "floor_ouln", "active_pip": 0, "licensed": 3, "id": "1159010100101170031-1", "pnu": "1159010100101170031", "floors": 4, "height": 10.4}}, {"type": "Feature", "geometry": {"type": "Polygon", "coordinates": [[[126.94361212, 37.51318121], [126.94361035, 37.51319331], [126.94359285, 37.51319275], [126.9435866, 37.51326961], [126.94368504, 37.51327754], [126.94369324, 37.51318434], [126.94361212, 37.51318121]]]}, "properties": {"name": "노량진동 100-2", "status": "partial", "capacity": 2, "active": 1, "industry": "중식", "vacancy_rate": 50.0, "vacancy_rate_lo": null, "vacancy_rate_hi": null, "stores": 1, "source": "stores+ledger", "capacity_method": "floor_ouln", "active_pip": 0, "licensed": 0, "id": "1159010100101000002-1", "pnu": "1159010100101000002", "floors": 3, "height": 0.0}}, {"type": "Feature", "geometry": {"type": "Polygon", "coordinates": [[[126.94330852, 37.51293003], [126.94337283, 37.5127707], [126.94329609, 37.51275105], [126.94329769, 37.51274709], [126.94325728, 37.51273589], [126.94323874, 37.51278486], [126.94323564, 37.51283252], [126.94324219, 37.5128359], [126.94323355, 37.51285852], [126.94322612, 37.51285672], [126.94320636, 37.51290366], [126.94330852, 37.51293003]]]}, "properties": {"name": "노량진동 72-68", "status": "partial", "capacity": 3, "active": 2, "industry": "한식", "vacancy_rate": 33.3, "vacancy_rate_lo": null, "vacancy_rate_hi": null, "stores": 2, "source": "stores+ledger", "capacity_method": "floor_ouln", "active_pip": 0, "licensed": 1, "id": "1159010100100720068-1", "pnu": "1159010100100720068", "floors": 3, "height": 0.0}}, {"type": "Feature", "geometry": {"type": "Polygon", "coordinates": [[[126.94321166, 37.51314751], [126.94320328, 37.51323788], [126.94330525, 37.51324357], [126.94331185, 37.51316839], [126.94327562, 37.51316725], [126.94327705, 37.51315035], [126.94321166, 37.51314751]]]}, "properties": {"name": "노량진동 72-8", "status": "partial", "capacity": 2, "active": 1, "industry": "기타 숙박", "vacancy_rate": 50.0, "vacancy_rate_lo": null, "vacancy_rate_hi": null, "stores": 1, "source": "stores+ledger", "capacity_method": "floor_ouln", "active_pip": 0, "licensed": 1, "id": "1159010100100720008-1", "pnu": "1159010100100720008", "floors": 2, "height": 0.0}}, {"type": "Feature", "geometry": {"type": "Polygon", "coordinates": [[[126.94435636, 37.51315677], [126.94435681, 37.51326012], [126.9445562, 37.51321487], [126.94457975, 37.51316252], [126.94457657, 37.51315773], [126.94435636, 37.51315677]]]}, "properties": {"name": "노량진동 117-15", "status": "full", "capacity": 3, "active": 3, "industry": "중식", "vacancy_rate": 0.0, "vacancy_rate_lo": null, "vacancy_rate_hi": null, "stores": 3, "source": "stores+ledger", "capacity_method": "floor_ouln", "active_pip": 0, "licensed": 2, "id": "1159010100101170015-1", "pnu": "1159010100101170015", "floors": 3, "height": 0.0}}, {"type": "Feature", "geometry": {"type": "Polygon", "coordinates": [[[126.9427714, 37.5129672], [126.94277664, 37.51299676], [126.94285938, 37.51298752], [126.942855, 37.51296018], [126.9427714, 37.5129672]]]}, "properties": {"name": "노량진동 72-35", "status": "empty", "capacity": 1, "active": 0, "industry": "", "vacancy_rate": 100.0, "source": "polygon_only", "capacity_method": "floor_approx", "active_pip": 0, "licensed": 0, "id": "1159010100100720035-4", "pnu": "1159010100100720035", "floors": 1, "height": 0.0}}, {"type": "Feature", "geometry": {"type": "Polygon", "coordinates": [[[126.94328984, 37.51283783], [126.94328258, 37.512855], [126.94324689, 37.51284569], [126.94321661, 37.51292282], [126.94328482, 37.51293806], [126.94328818, 37.51293131], [126.94331168, 37.51293751], [126.94334533, 37.51285053], [126.94328984, 37.51283783]]]}, "properties": {"name": "노량진동 72-68", "status": "partial", "capacity": 3, "active": 2, "industry": "한식", "vacancy_rate": 33.3, "vacancy_rate_lo": null, "vacancy_rate_hi": null, "stores": 2, "source": "stores+ledger", "capacity_method": "floor_ouln", "active_pip": 0, "licensed": 1, "id": "1159010100100720068-2", "pnu": "1159010100100720068", "floors": 0, "height": 0.0}}, {"type": "Feature", "geometry": {"type": "Polygon", "coordinates": [[[126.94343926, 37.51391177], [126.94342555, 37.51402497], [126.94352929, 37.51403317], [126.94353907, 37.51396307], [126.94351928, 37.51396052], [126.94352425, 37.51391914], [126.94343926, 37.51391177]]]}, "properties": {"name": "노량진동 67-8", "status": "empty", "capacity": 2, "active": 0, "industry": "", "vacancy_rate": 100.0, "source": "polygon_only", "capacity_method": "floor_approx", "active_pip": 0, "licensed": 0, "id": "1159010100100670008-1", "pnu": "1159010100100670008", "floors": 2, "height": 0.0}}, {"type": "Feature", "geometry": {"type": "Polygon", "coordinates": [[[126.94043981, 37.51380788], [126.94053064, 37.51381108], [126.94054009, 37.51373306], [126.94045028, 37.51372554], [126.94043981, 37.51380788]]]}, "properties": {"name": "노량진동 60-14", "status": "partial", "capacity": 4, "active": 2, "industry": "가구 소매", "vacancy_rate": 50.0, "vacancy_rate_lo": null, "vacancy_rate_hi": null, "stores": 2, "source": "stores+ledger", "capacity_method": "floor_ouln", "active_pip": 0, "licensed": 0, "id": "1159010100100600014-2", "pnu": "1159010100100600014", "floors": 0, "height": 0.0}}, {"type": "Feature", "geometry": {"type": "Polygon", "coordinates": [[[126.94112775, 37.512763], [126.94112792, 37.51277567], [126.94100739, 37.51277364], [126.94100859, 37.5128094], [126.94100945, 37.51283924], [126.94118035, 37.51284102], [126.94118002, 37.5128092], [126.94117989, 37.51276331], [126.94112775, 37.512763]]]}, "properties": {"name": "노량진동 56-8", "status": "high", "capacity": 6, "active": 2, "industry": "기타 숙박", "vacancy_rate": 66.7, "vacancy_rate_lo": null, "vacancy_rate_hi": null, "stores": 2, "source": "stores+ledger", "capacity_method": "floor_ouln", "active_pip": 0, "licensed": 0, "id": "1159010100100560008-1", "pnu": "1159010100100560008", "floors": 6, "height": 0.0}}, {"type": "Feature", "geometry": {"type": "Polygon", "coordinates": [[[126.94193401, 37.51305073], [126.94196545, 37.51305376], [126.94196538, 37.5130542], [126.9419965, 37.5130572], [126.9420089, 37.51297535], [126.94198701, 37.51297325], [126.94198694, 37.51297369], [126.94194629, 37.51296978], [126.94193401, 37.51305073]]]}, "properties": {"name": "노량진동 58-8", "status": "full", "capacity": 1, "active": 1, "industry": "오락용품 소매", "vacancy_rate": 0.0, "vacancy_rate_lo": null, "vacancy_rate_hi": null, "stores": 1, "source": "stores+ledger", "capacity_method": "floor_ouln", "active_pip": 0, "licensed": 0, "id": "1159010100100580008-1", "pnu": "1159010100100580008", "floors": 3, "height": 8.1}}, {"type": "Feature", "geometry": {"type": "Polygon", "coordinates": [[[126.94466293, 37.51622364], [126.94471385, 37.51624237], [126.94471761, 37.51623579], [126.94475201, 37.5162483], [126.94481638, 37.51613597], [126.94473669, 37.516107], [126.94471576, 37.51614353], [126.9447043, 37.51613936], [126.94470272, 37.5161421], [126.94470845, 37.51614419], [126.94466293, 37.51622364]]]}, "properties": {"name": "낙지판매장", "status": "full", "capacity": 1, "active": 1, "industry": "식료품 소매", "vacancy_rate": 0.0, "vacancy_rate_lo": null, "vacancy_rate_hi": null, "stores": 1, "source": "stores+ledger", "capacity_method": "floor_approx", "active_pip": 0, "licensed": 0, "id": "1159010100100020003-1", "pnu": "1159010100100020003", "floors": 1, "height": 0.0}}, {"type": "Feature", "geometry": {"type": "Polygon", "coordinates": [[[126.94397708, 37.51604134], [126.94397934, 37.51603954], [126.94397708, 37.51603774], [126.94397482, 37.51603954], [126.94397708, 37.51604134]]]}, "properties": {"name": "노량진동 13-17", "status": "empty", "capacity": 3, "active": 0, "industry": "", "vacancy_rate": 100.0, "source": "polygon_only", "capacity_method": "floor_approx", "active_pip": 0, "licensed": 0, "id": "1159010100100130017-1", "pnu": "1159010100100130017", "floors": 3, "height": 12.3}}, {"type": "Feature", "geometry": {"type": "Polygon", "coordinates": [[[126.94076184, 37.51338926], [126.94100109, 37.51340212], [126.94100824, 37.51331762], [126.94085928, 37.51330961], [126.94086057, 37.51329433], [126.94077029, 37.51328948], [126.94076184, 37.51338926]]]}, "properties": {"name": "이도타워", "status": "high", "capacity": 18, "active": 7, "industry": "기타 교육", "vacancy_rate": 61.1, "vacancy_rate_lo": null, "vacancy_rate_hi": null, "stores": 7, "source": "stores+ledger", "capacity_method": "floor_ouln", "active_pip": 0, "licensed": 1, "id": "1159010100100620008-1", "pnu": "1159010100100620008", "floors": 19, "height": 89.88}}, {"type": "Feature", "geometry": {"type": "Polygon", "coordinates": [[[126.93966643, 37.51310379], [126.93963849, 37.51313081], [126.93963986, 37.51317445], [126.93974797, 37.51323505], [126.93976565, 37.51321731], [126.93978387, 37.51321339], [126.93981146, 37.51318159], [126.93966643, 37.51310379]]]}, "properties": {"name": "노량진동 44-16", "status": "full", "capacity": 4, "active": 4, "industry": "주점", "vacancy_rate": 0.0, "vacancy_rate_lo": null, "vacancy_rate_hi": null, "stores": 4, "source": "stores+ledger", "capacity_method": "floor_ouln", "active_pip": 0, "licensed": 3, "id": "1159010100100440016-1", "pnu": "1159010100100440016", "floors": 3, "height": 0.0}}, {"type": "Feature", "geometry": {"type": "Polygon", "coordinates": [[[126.94004075, 37.51376763], [126.94003755, 37.51379438], [126.94014075, 37.51379922], [126.94014253, 37.51379105], [126.94020455, 37.51379447], [126.94020598, 37.51377729], [126.94004075, 37.51376763]]]}, "properties": {"name": "노량진동 40-10", "status": "full", "capacity": 1, "active": 1, "industry": "", "vacancy_rate": 0.0, "source": "pip_only", "capacity_method": "floor_approx", "active_pip": 0, "licensed": 1, "id": "1159010100100400010-1", "pnu": "1159010100100400010", "floors": 0, "height": 0.0}}, {"type": "Feature", "geometry": {"type": "Polygon", "coordinates": [[[126.94002674, 37.51270529], [126.94000006, 37.51271034], [126.93995286, 37.51271876], [126.9399818, 37.51278466], [126.94, 37.51278382], [126.94009579, 37.51277824], [126.94009408, 37.51271095], [126.94002674, 37.51270529]]]}, "properties": {"name": "대명학원", "status": "full", "capacity": 3, "active": 3, "industry": "교육 지원", "vacancy_rate": 0.0, "vacancy_rate_lo": null, "vacancy_rate_hi": null, "stores": 3, "source": "stores+ledger", "capacity_method": "floor_ouln", "active_pip": 0, "licensed": 1, "id": "1159010100100450013-1", "pnu": "1159010100100450013", "floors": 3, "height": 0.0}}, {"type": "Feature", "geometry": {"type": "Polygon", "coordinates": [[[126.94335679, 37.51287503], [126.94346157, 37.51290634], [126.94358337, 37.5128695], [126.94363588, 37.51283433], [126.94363871, 37.51282954], [126.9436389, 37.51282082], [126.94362619, 37.51280926], [126.94358486, 37.5127718], [126.94341948, 37.51272329], [126.94337982, 37.51280944], [126.94335061, 37.51287305], [126.94335679, 37.51287503]]]}, "properties": {"name": "청암빌딩", "status": "full", "capacity": 5, "active": 5, "industry": "유원지·오락", "vacancy_rate": 0.0, "vacancy_rate_lo": null, "vacancy_rate_hi": null, "stores": 5, "source": "stores+ledger", "capacity_method": "floor_ouln", "active_pip": 0, "licensed": 2, "id": "1159010100100950000-1", "pnu": "1159010100100950000", "floors": 5, "height": 0.0}}, {"type": "Feature", "geometry": {"type": "Polygon", "coordinates": [[[126.94332783, 37.51306478], [126.94332424, 37.51315122], [126.94341437, 37.51315577], [126.94341938, 37.51306708], [126.94332783, 37.51306478]]]}, "properties": {"name": "노량진동 72-10", "status": "full", "capacity": 2, "active": 2, "industry": "", "vacancy_rate": 0.0, "source": "pip_only", "capacity_method": "floor_approx", "active_pip": 0, "licensed": 2, "id": "1159010100100720010-1", "pnu": "1159010100100720010", "floors": 1, "height": 0.0}}, {"type": "Feature", "geometry": {"type": "Polygon", "coordinates": [[[126.94436149, 37.51290647], [126.94435702, 37.51299093], [126.94460125, 37.51299613], [126.94460379, 37.51291616], [126.94436149, 37.51290647]]]}, "properties": {"name": "노량진동 117-17", "status": "high", "capacity": 5, "active": 2, "industry": "주점", "vacancy_rate": 60.0, "vacancy_rate_lo": null, "vacancy_rate_hi": null, "stores": 2, "source": "stores+ledger", "capacity_method": "floor_ouln", "active_pip": 0, "licensed": 2, "id": "1159010100101170017-1", "pnu": "1159010100101170017", "floors": 5, "height": 17.5}}, {"type": "Feature", "geometry": {"type": "Polygon", "coordinates": [[[126.94373817, 37.51405777], [126.94373267, 37.51409014], [126.94380283, 37.51409638], [126.94380922, 37.51405837], [126.94380339, 37.51405809], [126.94382558, 37.51392915], [126.94376072, 37.51392517], [126.9437593, 37.51393362], [126.94373817, 37.51405777]]]}, "properties": {"name": "노량진동 112-10", "status": "full", "capacity": 1, "active": 1, "industry": "안경·정밀기기 소매", "vacancy_rate": 0.0, "vacancy_rate_lo": null, "vacancy_rate_hi": null, "stores": 1, "source": "stores+ledger", "capacity_method": "floor_ouln", "active_pip": 0, "licensed": 0, "id": "1159010100101120010-1", "pnu": "1159010100101120010", "floors": 1, "height": 0.0}}, {"type": "Feature", "geometry": {"type": "Polygon", "coordinates": [[[126.94475213, 37.5128388], [126.94476417, 37.51280052], [126.94471859, 37.51279121], [126.94470565, 37.51282695], [126.94475213, 37.5128388]]]}, "properties": {"name": "노량진동 117-24", "status": "full", "capacity": 8, "active": 8, "industry": "기타 숙박", "vacancy_rate": 0.0, "vacancy_rate_lo": null, "vacancy_rate_hi": null, "stores": 8, "source": "stores+ledger", "capacity_method": "floor_ouln", "active_pip": 0, "licensed": 2, "id": "1159010100101170024-1", "pnu": "1159010100101170024", "floors": 0, "height": 0.0}}, {"type": "Feature", "geometry": {"type": "Polygon", "coordinates": [[[126.94487674, 37.51305538], [126.94475636, 37.5130787], [126.94475442, 37.51307025], [126.94473905, 37.5130739], [126.94473233, 37.51307052], [126.94468615, 37.51314398], [126.94469567, 37.51317552], [126.9449099, 37.51313283], [126.94488204, 37.51305426], [126.94487674, 37.51305538]]]}, "properties": {"name": "로얄빌딩", "status": "full", "capacity": 3, "active": 3, "industry": "한식", "vacancy_rate": 0.0, "vacancy_rate_lo": null, "vacancy_rate_hi": null, "stores": 3, "source": "stores+ledger", "capacity_method": "floor_ouln", "active_pip": 0, "licensed": 2, "id": "1159010100101260015-1", "pnu": "1159010100101260015", "floors": 3, "height": 10.3}}, {"type": "Feature", "geometry": {"type": "Polygon", "coordinates": [[[126.94369999, 37.51290025], [126.94364484, 37.51290332], [126.94360153, 37.51292357], [126.94358827, 37.51292384], [126.94358058, 37.51304407], [126.94367018, 37.51304495], [126.943696, 37.51302723], [126.94369999, 37.51290025]]]}, "properties": {"name": "입구우측상가", "status": "full", "capacity": 5, "active": 5, "industry": "비알코올 ", "vacancy_rate": 0.0, "vacancy_rate_lo": null, "vacancy_rate_hi": null, "stores": 5, "source": "stores+ledger", "capacity_method": "floor_ouln", "active_pip": 0, "licensed": 4, "id": "1159010100100970001-1", "pnu": "1159010100100970001", "floors": 4, "height": 11.2}}, {"type": "Feature", "geometry": {"type": "Polygon", "coordinates": [[[126.94436578, 37.51261534], [126.94436059, 37.51270093], [126.9444728, 37.51270521], [126.94447798, 37.5126427], [126.94436578, 37.51261534]]]}, "properties": {"name": "노량진동 117-7", "status": "partial", "capacity": 3, "active": 2, "industry": "비알코올 ", "vacancy_rate": 33.3, "vacancy_rate_lo": null, "vacancy_rate_hi": null, "stores": 2, "source": "stores+ledger", "capacity_method": "floor_ouln", "active_pip": 0, "licensed": 1, "id": "1159010100101170007-1", "pnu": "1159010100101170007", "floors": 3, "height": 10.15}}, {"type": "Feature", "geometry": {"type": "Polygon", "coordinates": [[[126.94298558, 37.51297705], [126.9427125, 37.51300592], [126.94271231, 37.51304112], [126.94265061, 37.51304841], [126.94265097, 37.51305319], [126.94261579, 37.51305712], [126.94261896, 37.51308669], [126.94261277, 37.51308838], [126.94262841, 37.51318355], [126.94261039, 37.51318551], [126.94263412, 37.51334826], [126.94296427, 37.51331999], [126.94296025, 37.51328001], [126.9430108, 37.51327495], [126.94300904, 37.51324567], [126.94302849, 37.51324483], [126.94302884, 37.51323808], [126.94305854, 37.51323528], [126.94305626, 37.513206], [126.94305839, 37.51320572], [126.94304362, 37.51310603], [126.94305069, 37.51310661], [126.9430521, 37.5131128], [126.94306146, 37.51311252], [126.9430613, 37.51310492], [126.94307031, 37.51310379], [126.94306223, 37.51303959], [126.94305463, 37.51303874], [126.94304935, 37.51301171], [126.94302408, 37.51300438], [126.94302093, 37.51297932], [126.94298699, 37.51298184], [126.94298558, 37.51297705]]]}, "properties": {"name": "노량진동 72-35", "status": "empty", "capacity": 5, "active": 0, "industry": "", "vacancy_rate": 100.0, "source": "polygon_only", "capacity_method": "floor_approx", "active_pip": 0, "licensed": 0, "id": "1159010100100720035-5", "pnu": "1159010100100720035", "floors": 5, "height": 0.0}}, {"type": "Feature", "geometry": {"type": "Polygon", "coordinates": [[[126.94295877, 37.51335265], [126.94294555, 37.51355227], [126.94300811, 37.51355371], [126.94301709, 37.51335325], [126.94295877, 37.51335265]]]}, "properties": {"name": "노량진동 73-1", "status": "high", "capacity": 3, "active": 1, "industry": "한식", "vacancy_rate": 66.7, "vacancy_rate_lo": null, "vacancy_rate_hi": null, "stores": 1, "source": "stores+ledger", "capacity_method": "floor_ouln", "active_pip": 0, "licensed": 1, "id": "1159010100100730001-1", "pnu": "1159010100100730001", "floors": 3, "height": 0.0}}, {"type": "Feature", "geometry": {"type": "Polygon", "coordinates": [[[126.94475213, 37.5128388], [126.94479842, 37.51285206], [126.94481701, 37.51281237], [126.94476876, 37.51280164], [126.94475213, 37.5128388]]]}, "properties": {"name": "노량진동 117-24", "status": "full", "capacity": 8, "active": 8, "industry": "기타 숙박", "vacancy_rate": 0.0, "vacancy_rate_lo": null, "vacancy_rate_hi": null, "stores": 8, "source": "stores+ledger", "capacity_method": "floor_ouln", "active_pip": 0, "licensed": 2, "id": "1159010100101170024-2", "pnu": "1159010100101170024", "floors": 0, "height": 0.0}}, {"type": "Feature", "geometry": {"type": "Polygon", "coordinates": [[[126.94328353, 37.51397911], [126.94336549, 37.51398424], [126.94336519, 37.51398741], [126.94341868, 37.51399075], [126.94342538, 37.51392275], [126.94328992, 37.51391428], [126.94328353, 37.51397911]]]}, "properties": {"name": "노량진동 67-9", "status": "partial", "capacity": 5, "active": 3, "industry": "교육 지원", "vacancy_rate": 40.0, "vacancy_rate_lo": null, "vacancy_rate_hi": null, "stores": 3, "source": "stores+ledger", "capacity_method": "floor_ouln", "active_pip": 0, "licensed": 3, "id": "1159010100100670009-1", "pnu": "1159010100100670009", "floors": 5, "height": 18.9}}, {"type": "Feature", "geometry": {"type": "Polygon", "coordinates": [[[126.94482612, 37.51625873], [126.94558861, 37.51653591], [126.94569798, 37.51634502], [126.94493548, 37.51606785], [126.94482612, 37.51625873]]]}, "properties": {"name": "낙지판매장", "status": "full", "capacity": 1, "active": 1, "industry": "식료품 소매", "vacancy_rate": 0.0, "vacancy_rate_lo": null, "vacancy_rate_hi": null, "stores": 1, "source": "stores+ledger", "capacity_method": "floor_approx", "active_pip": 0, "licensed": 0, "id": "1159010100100020003-2", "pnu": "1159010100100020003", "floors": 1, "height": 10.15}}, {"type": "Feature", "geometry": {"type": "Polygon", "coordinates": [[[126.94258158, 37.51340314], [126.94257001, 37.51352872], [126.94266597, 37.51353327], [126.94266956, 37.51346598], [126.94270755, 37.5134674], [126.94271184, 37.51340687], [126.94258158, 37.51340314]]]}, "properties": {"name": "유니동화", "status": "partial", "capacity": 5, "active": 3, "industry": "의원", "vacancy_rate": 40.0, "vacancy_rate_lo": null, "vacancy_rate_hi": null, "stores": 3, "source": "stores+ledger", "capacity_method": "floor_ouln", "active_pip": 0, "licensed": 0, "id": "1159010100100720057-1", "pnu": "1159010100100720057", "floors": 5, "height": 0.0}}, {"type": "Feature", "geometry": {"type": "Polygon", "coordinates": [[[126.94080403, 37.51314661], [126.94064408, 37.51314738], [126.94064685, 37.51323128], [126.94080432, 37.51323052], [126.94080403, 37.51314661]]]}, "properties": {"name": "노량진동 54-1", "status": "empty", "capacity": 3, "active": 0, "industry": "", "vacancy_rate": 100.0, "source": "polygon_only", "capacity_method": "floor_approx", "active_pip": 0, "licensed": 0, "id": "1159010100100540001-1", "pnu": "1159010100100540001", "floors": 3, "height": 0.0}}, {"type": "Feature", "geometry": {"type": "Polygon", "coordinates": [[[126.94210732, 37.51282739], [126.94200234, 37.51283467], [126.94198338, 37.5128921], [126.94204312, 37.51290677], [126.94204505, 37.51290311], [126.9420993, 37.51291524], [126.94214972, 37.51284516], [126.94210732, 37.51282739]]]}, "properties": {"name": "노량진동 58-10", "status": "partial", "capacity": 2, "active": 1, "industry": "한식", "vacancy_rate": 50.0, "vacancy_rate_lo": null, "vacancy_rate_hi": null, "stores": 1, "source": "stores+ledger", "capacity_method": "floor_ouln", "active_pip": 0, "licensed": 1, "id": "1159010100100580010-1", "pnu": "1159010100100580010", "floors": 2, "height": 0.0}}, {"type": "Feature", "geometry": {"type": "Polygon", "coordinates": [[[126.94044729, 37.51304141], [126.9404497, 37.51311152], [126.94057377, 37.51311158], [126.94057311, 37.51304063], [126.94044729, 37.51304141]]]}, "properties": {"name": "더써밋타워", "status": "full", "capacity": 2, "active": 2, "industry": "종합 소매", "vacancy_rate": 0.0, "vacancy_rate_lo": null, "vacancy_rate_hi": null, "stores": 2, "source": "stores+ledger", "capacity_method": "expos_units", "active_pip": 0, "licensed": 2, "id": "1159010100100540004-2", "pnu": "1159010100100540004", "floors": 1, "height": 0.0}}, {"type": "Feature", "geometry": {"type": "Polygon", "coordinates": [[[126.94188652, 37.51381642], [126.94188705, 37.51381023], [126.94182714, 37.51380795], [126.9418239, 37.51390171], [126.94187745, 37.51390624], [126.94187798, 37.51390089], [126.94188652, 37.51381642]]]}, "properties": {"name": "노량진동 67-16", "status": "partial", "capacity": 5, "active": 4, "industry": "식료품 소매", "vacancy_rate": 20.0, "vacancy_rate_lo": null, "vacancy_rate_hi": null, "stores": 4, "source": "stores+ledger", "capacity_method": "floor_ouln", "active_pip": 0, "licensed": 1, "id": "1159010100100670016-1", "pnu": "1159010100100670016", "floors": 0, "height": 0.0}}, {"type": "Feature", "geometry": {"type": "Polygon", "coordinates": [[[126.94082061, 37.51323661], [126.94095622, 37.51323205], [126.94095207, 37.51315373], [126.94081646, 37.51315829], [126.94082061, 37.51323661]]]}, "properties": {"name": "노량진동 56-20", "status": "high", "capacity": 5, "active": 2, "industry": "도서관·사적지", "vacancy_rate": 60.0, "vacancy_rate_lo": null, "vacancy_rate_hi": null, "stores": 2, "source": "stores+ledger", "capacity_method": "floor_ouln", "active_pip": 0, "licensed": 0, "id": "1159010100100560020-1", "pnu": "1159010100100560020", "floors": 6, "height": 19.7}}, {"type": "Feature", "geometry": {"type": "Polygon", "coordinates": [[[126.94226946, 37.5134137], [126.94226694, 37.51348606], [126.94230847, 37.51348805], [126.94231171, 37.51341541], [126.94226946, 37.5134137]]]}, "properties": {"name": "이데아빌딩", "status": "high", "capacity": 26, "active": 8, "industry": "기타 교육", "vacancy_rate": 69.2, "vacancy_rate_lo": null, "vacancy_rate_hi": null, "stores": 8, "source": "stores+ledger", "capacity_method": "expos_units", "active_pip": 0, "licensed": 0, "id": "1159010100100710002-1", "pnu": "1159010100100710002", "floors": 0, "height": 0.0}}, {"type": "Feature", "geometry": {"type": "Polygon", "coordinates": [[[126.94201058, 37.51314213], [126.94192982, 37.51313928], [126.9419291, 37.51315082], [126.94196939, 37.51317027], [126.94200473, 37.5131717], [126.94201058, 37.51314213]]]}, "properties": {"name": "노량진동 59-34", "status": "empty", "capacity": 2, "active": 0, "industry": "", "vacancy_rate": 100.0, "source": "polygon_only", "capacity_method": "floor_approx", "active_pip": 0, "licensed": 0, "id": "1159010100100590034-1", "pnu": "1159010100100590034", "floors": 2, "height": 0.0}}, {"type": "Feature", "geometry": {"type": "Polygon", "coordinates": [[[126.94161489, 37.51337874], [126.94161199, 37.51344491], [126.94177723, 37.51346075], [126.94178418, 37.51338333], [126.94161489, 37.51337874]]]}, "properties": {"name": "노량진동 59-30", "status": "partial", "capacity": 2, "active": 1, "industry": "오락용품 소매", "vacancy_rate": 50.0, "vacancy_rate_lo": null, "vacancy_rate_hi": null, "stores": 1, "source": "stores+ledger", "capacity_method": "floor_ouln", "active_pip": 0, "licensed": 0, "id": "1159010100100590030-1", "pnu": "1159010100100590030", "floors": 3, "height": 12.35}}, {"type": "Feature", "geometry": {"type": "Polygon", "coordinates": [[[126.94213445, 37.51294989], [126.94207479, 37.5130715], [126.94216669, 37.51307831], [126.9421828, 37.5130448], [126.94219666, 37.51295442], [126.94213445, 37.51294989]]]}, "properties": {"name": "노량진동 58-39", "status": "full", "capacity": 3, "active": 3, "industry": "한식", "vacancy_rate": 0.0, "vacancy_rate_lo": null, "vacancy_rate_hi": null, "stores": 3, "source": "stores+ledger", "capacity_method": "floor_ouln", "active_pip": 0, "licensed": 2, "id": "1159010100100580039-1", "pnu": "1159010100100580039", "floors": 3, "height": 0.0}}, {"type": "Feature", "geometry": {"type": "Polygon", "coordinates": [[[126.94203692, 37.51382804], [126.94201442, 37.51391137], [126.94213158, 37.51391565], [126.94214614, 37.51383203], [126.94203692, 37.51382804]]]}, "properties": {"name": "노량진동 67-12", "status": "partial", "capacity": 4, "active": 3, "industry": "비알코올 ", "vacancy_rate": 25.0, "vacancy_rate_lo": null, "vacancy_rate_hi": null, "stores": 3, "source": "stores+ledger", "capacity_method": "floor_ouln", "active_pip": 0, "licensed": 2, "id": "1159010100100670012-1", "pnu": "1159010100100670012", "floors": 4, "height": 0.0}}, {"type": "Feature", "geometry": {"type": "Polygon", "coordinates": [[[126.94044711, 37.5130324], [126.94049041, 37.51303129], [126.94048989, 37.51301524], [126.94053921, 37.51301526], [126.94053869, 37.51299724], [126.94044661, 37.51299946], [126.94044711, 37.5130324]]]}, "properties": {"name": "더써밋타워", "status": "full", "capacity": 2, "active": 2, "industry": "종합 소매", "vacancy_rate": 0.0, "vacancy_rate_lo": null, "vacancy_rate_hi": null, "stores": 2, "source": "stores+ledger", "capacity_method": "expos_units", "active_pip": 0, "licensed": 2, "id": "1159010100100540004-3", "pnu": "1159010100100540004", "floors": 0, "height": 0.0}}, {"type": "Feature", "geometry": {"type": "Polygon", "coordinates": [[[126.94196328, 37.51330176], [126.94196059, 37.51335244], [126.94199682, 37.51335415], [126.94200057, 37.51330262], [126.94196328, 37.51330176]]]}, "properties": {"name": "노량진동 59-44", "status": "full", "capacity": 1, "active": 1, "industry": "비알코올 ", "vacancy_rate": 0.0, "vacancy_rate_lo": null, "vacancy_rate_hi": null, "stores": 1, "source": "stores+ledger", "capacity_method": "floor_ouln", "active_pip": 0, "licensed": 1, "id": "1159010100100590044-1", "pnu": "1159010100100590044", "floors": 1, "height": 0.0}}, {"type": "Feature", "geometry": {"type": "Polygon", "coordinates": [[[126.94103694, 37.51384726], [126.94103912, 37.51375969], [126.94073605, 37.51374349], [126.94072838, 37.51382627], [126.94103694, 37.51384726]]]}, "properties": {"name": "노량진동 60-19", "status": "partial", "capacity": 4, "active": 2, "industry": "가구 소매", "vacancy_rate": 50.0, "vacancy_rate_lo": null, "vacancy_rate_hi": null, "stores": 2, "source": "stores+ledger", "capacity_method": "floor_ouln", "active_pip": 0, "licensed": 0, "id": "1159010100100600019-1", "pnu": "1159010100100600019", "floors": 2, "height": 0.0}}, {"type": "Feature", "geometry": {"type": "Polygon", "coordinates": [[[126.94184251, 37.51336955], [126.9417895, 37.51337037], [126.94178589, 37.51347088], [126.94198522, 37.51349013], [126.94199504, 37.51337555], [126.9419406, 37.51337102], [126.94193971, 37.51338284], [126.94184199, 37.51337462], [126.94184251, 37.51336955]]]}, "properties": {"name": "노량진동 59-29", "status": "partial", "capacity": 6, "active": 4, "industry": "비알코올 ", "vacancy_rate": 33.3, "vacancy_rate_lo": null, "vacancy_rate_hi": null, "stores": 4, "source": "stores+ledger", "capacity_method": "floor_ouln", "active_pip": 0, "licensed": 2, "id": "1159010100100590029-1", "pnu": "1159010100100590029", "floors": 6, "height": 6.6}}, {"type": "Feature", "geometry": {"type": "Polygon", "coordinates": [[[126.94066357, 37.51373866], [126.94065468, 37.5138206], [126.94072503, 37.51382316], [126.94073145, 37.51374348], [126.94066357, 37.51373866]]]}, "properties": {"name": "노량진동 60-19", "status": "partial", "capacity": 4, "active": 2, "industry": "가구 소매", "vacancy_rate": 50.0, "vacancy_rate_lo": null, "vacancy_rate_hi": null, "stores": 2, "source": "stores+ledger", "capacity_method": "floor_ouln", "active_pip": 0, "licensed": 0, "id": "1159010100100600019-2", "pnu": "1159010100100600019", "floors": 0, "height": 0.0}}, {"type": "Feature", "geometry": {"type": "Polygon", "coordinates": [[[126.94038518, 37.51312359], [126.94038561, 37.5132517], [126.94041352, 37.51327227], [126.94044356, 37.51326609], [126.94044276, 37.5131729], [126.94045743, 37.5131729], [126.9404603, 37.51312448], [126.94038518, 37.51312359]]]}, "properties": {"name": "노량진동 54-3", "status": "empty", "capacity": 3, "active": 0, "industry": "", "vacancy_rate": 100.0, "source": "polygon_only", "capacity_method": "floor_approx", "active_pip": 0, "licensed": 0, "id": "1159010100100540003-1", "pnu": "1159010100100540003", "floors": 3, "height": 0.0}}, {"type": "Feature", "geometry": {"type": "Polygon", "coordinates": [[[126.94218823, 37.51288037], [126.94213782, 37.51293384], [126.94220797, 37.51295415], [126.94222056, 37.51289587], [126.94218823, 37.51288037]]]}, "properties": {"name": "노량진동 58-39", "status": "full", "capacity": 3, "active": 3, "industry": "한식", "vacancy_rate": 0.0, "vacancy_rate_lo": null, "vacancy_rate_hi": null, "stores": 3, "source": "stores+ledger", "capacity_method": "floor_ouln", "active_pip": 0, "licensed": 2, "id": "1159010100100580039-2", "pnu": "1159010100100580039", "floors": 0, "height": 0.0}}, {"type": "Feature", "geometry": {"type": "Polygon", "coordinates": [[[126.94187798, 37.51390089], [126.94201087, 37.51391165], [126.94203268, 37.51382747], [126.94188652, 37.51381642], [126.94187798, 37.51390089]]]}, "properties": {"name": "노량진동 67-16", "status": "partial", "capacity": 5, "active": 4, "industry": "식료품 소매", "vacancy_rate": 20.0, "vacancy_rate_lo": null, "vacancy_rate_hi": null, "stores": 4, "source": "stores+ledger", "capacity_method": "floor_ouln", "active_pip": 0, "licensed": 1, "id": "1159010100100670016-2", "pnu": "1159010100100670016", "floors": 5, "height": 0.0}}, {"type": "Feature", "geometry": {"type": "Polygon", "coordinates": [[[126.94121603, 37.51274739], [126.94121614, 37.5128474], [126.94141691, 37.51284726], [126.94141679, 37.51274004], [126.9413427, 37.5127401], [126.94134271, 37.5127473], [126.94121603, 37.51274739]]]}, "properties": {"name": "제이와이빌딩", "status": "high", "capacity": 12, "active": 3, "industry": "종합 소매", "vacancy_rate": 75.0, "vacancy_rate_lo": null, "vacancy_rate_hi": null, "stores": 3, "source": "stores+ledger", "capacity_method": "expos_units", "active_pip": 0, "licensed": 0, "id": "1159010100100560009-1", "pnu": "1159010100100560009", "floors": 9, "height": 34.2}}, {"type": "Feature", "geometry": {"type": "Polygon", "coordinates": [[[126.9405723, 37.51286475], [126.94056995, 37.51277411], [126.94054477, 37.5127745], [126.94054345, 37.5127559], [126.94044943, 37.5127575], [126.94044967, 37.51278036], [126.94043481, 37.5127807], [126.94043789, 37.51286777], [126.9405723, 37.51286475]]]}, "properties": {"name": "지", "status": "high", "capacity": 6, "active": 2, "industry": "한식", "vacancy_rate": 66.7, "vacancy_rate_lo": null, "vacancy_rate_hi": null, "stores": 2, "source": "stores+ledger", "capacity_method": "floor_ouln", "active_pip": 0, "licensed": 1, "id": "1159010100100540008-1", "pnu": "1159010100100540008", "floors": 6, "height": 24.5}}, {"type": "Feature", "geometry": {"type": "Polygon", "coordinates": [[[126.94056547, 37.51288987], [126.94058514, 37.51288978], [126.94058502, 37.51287357], [126.94056536, 37.51287366], [126.94056547, 37.51288987]]]}, "properties": {"name": "지", "status": "high", "capacity": 6, "active": 2, "industry": "한식", "vacancy_rate": 66.7, "vacancy_rate_lo": null, "vacancy_rate_hi": null, "stores": 2, "source": "stores+ledger", "capacity_method": "floor_ouln", "active_pip": 0, "licensed": 1, "id": "1159010100100540008-2", "pnu": "1159010100100540008", "floors": 0, "height": 0.0}}, {"type": "Feature", "geometry": {"type": "Polygon", "coordinates": [[[126.9408021, 37.51286718], [126.940841, 37.51286638], [126.94084073, 37.51285777], [126.94085316, 37.51285747], [126.94085306, 37.51285433], [126.94086935, 37.51285399], [126.94086917, 37.51284859], [126.94094153, 37.5128471], [126.94093879, 37.51276207], [126.9407988, 37.51276495], [126.9408021, 37.51286718]]]}, "properties": {"name": "메종수에뜨", "status": "high", "capacity": 7, "active": 2, "industry": "기타 교육", "vacancy_rate": 71.4, "vacancy_rate_lo": null, "vacancy_rate_hi": null, "stores": 2, "source": "stores+ledger", "capacity_method": "floor_ouln", "active_pip": 0, "licensed": 0, "id": "1159010100100560026-1", "pnu": "1159010100100560026", "floors": 10, "height": 30.0}}, {"type": "Feature", "geometry": {"type": "Polygon", "coordinates": [[[126.94451838, 37.51273535], [126.94436886, 37.51273641], [126.94436651, 37.51280906], [126.94436472, 37.51286367], [126.94466497, 37.51287086], [126.94466608, 37.5128092], [126.94466663, 37.51278583], [126.94463058, 37.51278384], [126.94463059, 37.51277314], [126.94459347, 37.51277285], [126.94459436, 37.5127613], [126.94455548, 37.51276184], [126.94455549, 37.51275227], [126.94451907, 37.51275], [126.94451838, 37.51273535]]]}, "properties": {"name": "노량진동 117-24", "status": "full", "capacity": 8, "active": 8, "industry": "기타 숙박", "vacancy_rate": 0.0, "vacancy_rate_lo": null, "vacancy_rate_hi": null, "stores": 8, "source": "stores+ledger", "capacity_method": "floor_ouln", "active_pip": 0, "licensed": 2, "id": "1159010100101170024-3", "pnu": "1159010100101170024", "floors": 5, "height": 0.0}}, {"type": "Feature", "geometry": {"type": "Polygon", "coordinates": [[[126.94507527, 37.51296847], [126.94499997, 37.51298251], [126.94494518, 37.51299262], [126.94493386, 37.51300783], [126.94495818, 37.51309287], [126.94500007, 37.51308528], [126.94510348, 37.51306618], [126.94507527, 37.51296847]]]}, "properties": {"name": "노량진동 126-14", "status": "partial", "capacity": 5, "active": 3, "industry": "한식", "vacancy_rate": 40.0, "vacancy_rate_lo": null, "vacancy_rate_hi": null, "stores": 3, "source": "stores+ledger", "capacity_method": "floor_ouln", "active_pip": 0, "licensed": 2, "id": "1159010100101260014-1", "pnu": "1159010100101260014", "floors": 5, "height": 0.0}}, {"type": "Feature", "geometry": {"type": "Polygon", "coordinates": [[[126.94332423, 37.51315798], [126.94331286, 37.51324723], [126.94340405, 37.51325488], [126.94341153, 37.51317689], [126.9433767, 37.51317434], [126.94337743, 37.51316166], [126.94332423, 37.51315798]]]}, "properties": {"name": "노량진동 72-7", "status": "partial", "capacity": 2, "active": 1, "industry": "", "vacancy_rate": 50.0, "source": "pip_only", "capacity_method": "floor_approx", "active_pip": 0, "licensed": 1, "id": "1159010100100720007-1", "pnu": "1159010100100720007", "floors": 2, "height": 0.0}}, {"type": "Feature", "geometry": {"type": "Polygon", "coordinates": [[[126.94302269, 37.51344729], [126.94301907, 37.51355428], [126.9431221, 37.51356052], [126.94312678, 37.51345127], [126.94302269, 37.51344729]]]}, "properties": {"name": "노량진동 75-2", "status": "high", "capacity": 3, "active": 1, "industry": "비알코올 ", "vacancy_rate": 66.7, "vacancy_rate_lo": null, "vacancy_rate_hi": null, "stores": 1, "source": "stores+ledger", "capacity_method": "floor_ouln", "active_pip": 0, "licensed": 1, "id": "1159010100100750002-1", "pnu": "1159010100100750002", "floors": 3, "height": 0.0}}, {"type": "Feature", "geometry": {"type": "Polygon", "coordinates": [[[126.93999999, 37.51318866], [126.94002041, 37.51314723], [126.94003216, 37.51310923], [126.94002863, 37.51283777], [126.93999999, 37.51284399], [126.9398648, 37.51287893], [126.93982433, 37.51311765], [126.93988514, 37.51316736], [126.93993945, 37.51324892], [126.93998037, 37.51321224], [126.93998616, 37.51321345], [126.93999999, 37.51318866]]]}, "properties": {"name": "노량진아이비빌딩", "status": "high", "capacity": 27, "active": 6, "industry": "기타 교육", "vacancy_rate": 77.8, "vacancy_rate_lo": null, "vacancy_rate_hi": null, "stores": 6, "source": "stores+ledger", "capacity_method": "expos_units", "active_pip": 0, "licensed": 3, "id": "1159010100100450003-1", "pnu": "1159010100100450003", "floors": 11, "height": 39.15}}, {"type": "Feature", "geometry": {"type": "Polygon", "coordinates": [[[126.94208943, 37.51311571], [126.94207278, 37.51340233], [126.94229792, 37.51341259], [126.94230801, 37.51340358], [126.94232217, 37.51313947], [126.9423137, 37.51313102], [126.94208943, 37.51311571]]]}, "properties": {"name": "이데아빌딩", "status": "high", "capacity": 26, "active": 8, "industry": "기타 교육", "vacancy_rate": 69.2, "vacancy_rate_lo": null, "vacancy_rate_hi": null, "stores": 8, "source": "stores+ledger", "capacity_method": "expos_units", "active_pip": 0, "licensed": 0, "id": "1159010100100710002-2", "pnu": "1159010100100710002", "floors": 11, "height": 47.62}}, {"type": "Feature", "geometry": {"type": "Polygon", "coordinates": [[[126.94060686, 37.51328194], [126.94049816, 37.51329343], [126.94046651, 37.5133165], [126.94059616, 37.5134106], [126.94077801, 37.5134138], [126.94078092, 37.51330991], [126.94061603, 37.51330616], [126.94060686, 37.51328194]]]}, "properties": {"name": "노량진동 62-7", "status": "partial", "capacity": 4, "active": 3, "industry": "", "vacancy_rate": 25.0, "source": "pip_only", "capacity_method": "floor_approx", "active_pip": 3, "licensed": 2, "id": "1159010100100620007-1", "pnu": "1159010100100620007", "floors": 4, "height": 14.1}}, {"type": "Feature", "geometry": {"type": "Polygon", "coordinates": [[[126.94361166, 37.51308153], [126.94360665, 37.51317417], [126.94369802, 37.5131773], [126.94370674, 37.51308495], [126.94361166, 37.51308153]]]}, "properties": {"name": "노량진동 100-3", "status": "full", "capacity": 2, "active": 2, "industry": "기타 간이", "vacancy_rate": 0.0, "vacancy_rate_lo": null, "vacancy_rate_hi": null, "stores": 2, "source": "stores+ledger", "capacity_method": "floor_ouln", "active_pip": 0, "licensed": 2, "id": "1159010100101000003-1", "pnu": "1159010100101000003", "floors": 1, "height": 0.0}}, {"type": "Feature", "geometry": {"type": "Polygon", "coordinates": [[[126.9409351, 37.51300758], [126.94082092, 37.5130078], [126.94082738, 37.5131117], [126.94086113, 37.51311229], [126.94086058, 37.51314325], [126.94093216, 37.51314414], [126.9409351, 37.51300758]]]}, "properties": {"name": "다솔미가", "status": "full", "capacity": 2, "active": 2, "industry": "기타 숙박", "vacancy_rate": 0.0, "vacancy_rate_lo": null, "vacancy_rate_hi": null, "stores": 2, "source": "stores+ledger", "capacity_method": "floor_ouln", "active_pip": 0, "licensed": 0, "id": "1159010100100560023-1", "pnu": "1159010100100560023", "floors": 6, "height": 18.0}}, {"type": "Feature", "geometry": {"type": "Polygon", "coordinates": [[[126.94238697, 37.51323045], [126.94236502, 37.51349483], [126.94245179, 37.51349712], [126.94246949, 37.513235], [126.94238697, 37.51323045]]]}, "properties": {"name": "에이호", "status": "high", "capacity": 11, "active": 5, "industry": "종합 소매", "vacancy_rate": 54.5, "vacancy_rate_lo": null, "vacancy_rate_hi": null, "stores": 5, "source": "stores+ledger+pip", "capacity_method": "expos_units", "active_pip": 1, "licensed": 1, "id": "1159010100100720003-1", "pnu": "1159010100100720003", "floors": 5, "height": 0.0}}, {"type": "Feature", "geometry": {"type": "Polygon", "coordinates": [[[126.94488204, 37.51305426], [126.94491061, 37.51312945], [126.94495021, 37.51312018], [126.94491936, 37.51300951], [126.94486634, 37.51301962], [126.94487674, 37.51305538], [126.94488204, 37.51305426]]]}, "properties": {"name": "로얄빌딩", "status": "full", "capacity": 3, "active": 3, "industry": "한식", "vacancy_rate": 0.0, "vacancy_rate_lo": null, "vacancy_rate_hi": null, "stores": 3, "source": "stores+ledger", "capacity_method": "floor_ouln", "active_pip": 0, "licensed": 2, "id": "1159010100101260015-2", "pnu": "1159010100101260015", "floors": 0, "height": 0.0}}, {"type": "Feature", "geometry": {"type": "Polygon", "coordinates": [[[126.94349435, 37.51326956], [126.94349238, 37.5133056], [126.94347417, 37.51330587], [126.94347416, 37.5133163], [126.94348495, 37.51331658], [126.94347384, 37.51351197], [126.94345175, 37.51351338], [126.94344445, 37.51357953], [126.94365281, 37.51359119], [126.9436671, 37.51339241], [126.94365774, 37.51339015], [126.94366401, 37.51328091], [126.94349435, 37.51326956]]]}, "properties": {"name": "노량진동 100-1", "status": "partial", "capacity": 6, "active": 4, "industry": "서양식", "vacancy_rate": 33.3, "vacancy_rate_lo": null, "vacancy_rate_hi": null, "stores": 4, "source": "stores+ledger", "capacity_method": "floor_ouln", "active_pip": 0, "licensed": 2, "id": "1159010100101000001-1", "pnu": "1159010100101000001", "floors": 6, "height": 0.0}}, {"type": "Feature", "geometry": {"type": "Polygon", "coordinates": [[[126.94274667, 37.51338746], [126.94274523, 37.51341899], [126.94272191, 37.51341926], [126.94271709, 37.51348543], [126.94268014, 37.51348343], [126.94267642, 37.51351722], [126.94278598, 37.51352094], [126.9427876, 37.51348969], [126.94283655, 37.51349196], [126.94284246, 37.51339201], [126.94274667, 37.51338746]]]}, "properties": {"name": "일부", "status": "partial", "capacity": 5, "active": 3, "industry": "의약·화장품 소매", "vacancy_rate": 40.0, "vacancy_rate_lo": null, "vacancy_rate_hi": null, "stores": 3, "source": "stores+ledger", "capacity_method": "floor_ouln", "active_pip": 0, "licensed": 1, "id": "1159010100100700015-1", "pnu": "1159010100100700015", "floors": 5, "height": 0.0}}, {"type": "Feature", "geometry": {"type": "Polygon", "coordinates": [[[126.94133981, 37.51339444], [126.94134445, 37.51339381], [126.94134785, 37.51339165], [126.94134932, 37.51338778], [126.94136746, 37.51303578], [126.94136679, 37.51303172], [126.94136498, 37.51302794], [126.94136159, 37.51302569], [126.94106988, 37.51302473], [126.94105239, 37.51326825], [126.94108259, 37.51326898], [126.94108723, 37.51327079], [126.9410887, 37.51327367], [126.94108858, 37.51327556], [126.94108353, 37.51337511], [126.94108522, 37.5133789], [126.94108748, 37.51338178], [126.94109064, 37.51338476], [126.94133981, 37.51339444]]]}, "properties": {"name": "노량진동 56-1", "status": "empty", "capacity": 1, "active": 0, "industry": "", "vacancy_rate": 100.0, "source": "polygon_only", "capacity_method": "floor_approx", "active_pip": 0, "licensed": 0, "id": "1159010100100560001-1", "pnu": "1159010100100560001", "floors": 0, "height": 0.0}}, {"type": "Feature", "geometry": {"type": "Polygon", "coordinates": [[[126.93949719, 37.5130001], [126.93948719, 37.513142], [126.939595, 37.5131474], [126.93960303, 37.51303562], [126.93964915, 37.51303875], [126.93965468, 37.51297793], [126.93949916, 37.51297082], [126.93949719, 37.5130001]]]}, "properties": {"name": "노량진동 46-6", "status": "partial", "capacity": 7, "active": 5, "industry": "일반 교육", "vacancy_rate": 28.6, "vacancy_rate_lo": null, "vacancy_rate_hi": null, "stores": 5, "source": "stores+ledger", "capacity_method": "floor_ouln", "active_pip": 0, "licensed": 1, "id": "1159010100100460006-5", "pnu": "1159010100100460006", "floors": 5, "height": 25.0}}, {"type": "Feature", "geometry": {"type": "Polygon", "coordinates": [[[126.94447714, 37.51329114], [126.94436454, 37.51331728], [126.94437212, 37.5133415], [126.94437052, 37.51334938], [126.94437088, 37.51335839], [126.94437335, 37.51336656], [126.94437848, 37.51337417], [126.94438571, 37.51338064], [126.94439135, 37.5133981], [126.94439383, 37.51340458], [126.94440036, 37.51341022], [126.9444069, 37.51341246], [126.94441415, 37.51341247], [126.94441997, 37.51341163], [126.94442351, 37.51340994], [126.94442706, 37.51340685], [126.94443218, 37.51340037], [126.94443572, 37.51339502], [126.94448773, 37.51332014], [126.94447714, 37.51329114]]]}, "properties": {"name": "서원빌딩", "status": "partial", "capacity": 5, "active": 4, "industry": "비알코올 ", "vacancy_rate": 20.0, "vacancy_rate_lo": null, "vacancy_rate_hi": null, "stores": 4, "source": "stores+ledger", "capacity_method": "floor_ouln", "active_pip": 0, "licensed": 0, "id": "1159010100101170012-1", "pnu": "1159010100101170012", "floors": 5, "height": 17.0}}, {"type": "Feature", "geometry": {"type": "Polygon", "coordinates": [[[126.94021588, 37.51377617], [126.94022124, 37.51371057], [126.93999998, 37.51369722], [126.93994112, 37.51369381], [126.93993383, 37.51375913], [126.93999993, 37.51376311], [126.94021588, 37.51377617]]]}, "properties": {"name": "노량진동 60-15", "status": "full", "capacity": 4, "active": 4, "industry": "", "vacancy_rate": 0.0, "source": "pip_only", "capacity_method": "floor_approx", "active_pip": 4, "licensed": 1, "id": "1159010100100600015-1", "pnu": "1159010100100600015", "floors": 3, "height": 0.0}}, {"type": "Feature", "geometry": {"type": "Polygon", "coordinates": [[[126.94054065, 37.51373396], [126.94053087, 37.51381261], [126.94065223, 37.51382133], [126.94065941, 37.51373754], [126.94054065, 37.51373396]]]}, "properties": {"name": "노량진동 60-14", "status": "partial", "capacity": 4, "active": 2, "industry": "가구 소매", "vacancy_rate": 50.0, "vacancy_rate_lo": null, "vacancy_rate_hi": null, "stores": 2, "source": "stores+ledger", "capacity_method": "floor_ouln", "active_pip": 0, "licensed": 0, "id": "1159010100100600014-3", "pnu": "1159010100100600014", "floors": 2, "height": 0.0}}, {"type": "Feature", "geometry": {"type": "Polygon", "coordinates": [[[126.94408373, 37.51566031], [126.94407274, 37.51570564], [126.94407699, 37.51570705], [126.9440722, 37.51572873], [126.9440865, 37.51572958], [126.94408262, 37.51575323], [126.94417257, 37.51576622], [126.94419364, 37.51568739], [126.9441659, 37.51568316], [126.94416838, 37.51567387], [126.94408373, 37.51566031]]]}, "properties": {"name": "노량진동 13-17", "status": "empty", "capacity": 2, "active": 0, "industry": "", "vacancy_rate": 100.0, "source": "polygon_only", "capacity_method": "floor_approx", "active_pip": 0, "licensed": 0, "id": "1159010100100130017-2", "pnu": "1159010100100130017", "floors": 2, "height": 8.2}}]}