{"type": "FeatureCollection", "district": "yeonnam", "features": [{"type": "Feature", "geometry": {"type": "Polygon", "coordinates": [[[126.92400388, 37.55948035], [126.92395106, 37.55944059], [126.92393283, 37.55945598], [126.92388446, 37.55949514], [126.92388457, 37.55949974], [126.92388807, 37.55950478], [126.92389192, 37.55950758], [126.92389904, 37.55951299], [126.92388386, 37.55952569], [126.92391869, 37.55955166], [126.92400388, 37.55948035]]]}, "properties": {"name": "동교동 152-18", "status": "full", "capacity": 1, "active": 1, "industry": "주점", "vacancy_rate": 0.0, "vacancy_rate_lo": 0.0, "vacancy_rate_hi": 0.0, "stores": 2, "source": "stores+ledger", "capacity_method": "floor_ouln", "active_pip": 0, "licensed": 2, "com_floors": [1], "occ_floors": [1], "unknown_n": 0, "id": "1144012100101520018-1", "pnu": "1144012100101520018", "floors": 4, "height": 12.2}}, {"type": "Feature", "geometry": {"type": "Polygon", "coordinates": [[[126.92401422, 37.55932512], [126.92396017, 37.55928391], [126.92395314, 37.55928976], [126.9239165, 37.5592619], [126.92384888, 37.55931465], [126.92385361, 37.55933925], [126.92392847, 37.55939633], [126.92401422, 37.55932512]]]}, "properties": {"name": "일부", "status": "full", "capacity": 2, "active": 2, "industry": "주점", "vacancy_rate": 0.0, "vacancy_rate_lo": 0.0, "vacancy_rate_hi": 0.0, "stores": 4, "source": "stores+ledger", "capacity_method": "floor_ouln", "active_pip": 0, "licensed": 3, "com_floors": [1, 2], "occ_floors": [1, 2], "unknown_n": 0, "id": "1144012100101520015-1", "pnu": "1144012100101520015", "floors": 2, "height": 0.0}}, {"type": "Feature", "geometry": {"type": "Polygon", "coordinates": [[[126.92325609, 37.55971557], [126.92318507, 37.55966029], [126.92319289, 37.55965147], [126.92314436, 37.55962215], [126.9230611, 37.55969346], [126.92307568, 37.559715], [126.92308882, 37.55970059], [126.9231922, 37.55977202], [126.92325609, 37.55971557]]]}, "properties": {"name": "동교동 197-32", "status": "partial", "capacity": 4, "active": 3, "industry": "섬유·의복·신발 소매", "vacancy_rate": 25.0, "vacancy_rate_lo": 25.0, "vacancy_rate_hi": 25.0, "stores": 1, "source": "stores+ledger", "capacity_method": "floor_ouln", "active_pip": 0, "licensed": 1, "com_floors": [1, 2, 3, 4], "occ_floors": [1, 3, 4], "unknown_n": 0, "id": "1144012100101970032-1", "pnu": "1144012100101970032", "floors": 6, "height": 17.9}}, {"type": "Feature", "geometry": {"type": "Polygon", "coordinates": [[[126.92181933, 37.55792994], [126.92170706, 37.5578167], [126.92160389, 37.5578815], [126.92171593, 37.55799501], [126.92181933, 37.55792994]]]}, "properties": {"name": "지", "status": "high", "capacity": 4, "active": 1, "industry": "비알코올 ", "vacancy_rate": 75.0, "vacancy_rate_lo": 75.0, "vacancy_rate_hi": 75.0, "stores": 3, "source": "stores+ledger", "capacity_method": "floor_ouln", "active_pip": 0, "licensed": 1, "com_floors": [1, 2, 4, 5], "occ_floors": [1], "unknown_n": 0, "id": "1144012100102000018-1", "pnu": "1144012100102000018", "floors": 6, "height": 19.65}}, {"type": "Feature", "geometry": {"type": "Polygon", "coordinates": [[[126.9232822, 37.55908679], [126.92331742, 37.55906121], [126.92331335, 37.55905761], [126.92339207, 37.55900044], [126.92335091, 37.55896457], [126.92332362, 37.55898436], [126.92327986, 37.55894614], [126.92326558, 37.55895639], [126.92325812, 37.55894981], [126.92318359, 37.55900382], [126.92326851, 37.55907804], [126.92327044, 37.55907651], [126.9232822, 37.55908679]]]}, "properties": {"name": "동교동 198-14", "status": "full", "capacity": 2, "active": 2, "industry": "비알코올 ", "vacancy_rate": 0.0, "vacancy_rate_lo": 0.0, "vacancy_rate_hi": 100.0, "stores": 2, "source": "stores+ledger", "capacity_method": "floor_ouln", "active_pip": 0, "licensed": 0, "com_floors": [1, 2], "occ_floors": [], "unknown_n": 2, "id": "1144012100101980014-1", "pnu": "1144012100101980014", "floors": 2, "height": 0.0}}, {"type": "Feature", "geometry": {"type": "Polygon", "coordinates": [[[126.92301419, 37.55909409], [126.92293809, 37.55902844], [126.92287613, 37.55907417], [126.92281361, 37.55911783], [126.92288665, 37.55918374], [126.92301419, 37.55909409]]]}, "properties": {"name": "제이에스빌딩", "status": "high", "capacity": 6, "active": 2, "industry": "안경·정밀기기 소매", "vacancy_rate": 66.7, "vacancy_rate_lo": 66.7, "vacancy_rate_hi": 66.7, "stores": 4, "source": "stores+ledger", "capacity_method": "floor_ouln", "active_pip": 0, "licensed": 1, "com_floors": [1, 2, 3, 4, 5, 6], "occ_floors": [1, 2], "unknown_n": 0, "id": "1144012100101980003-1", "pnu": "1144012100101980003", "floors": 6, "height": 21.76}}, {"type": "Feature", "geometry": {"type": "Polygon", "coordinates": [[[126.92204637, 37.55922625], [126.92212905, 37.5591636], [126.92205385, 37.55910085], [126.92196811, 37.55916593], [126.92199118, 37.55918514], [126.92199435, 37.5591828], [126.92204637, 37.55922625]]]}, "properties": {"name": "동교동 204-11", "status": "full", "capacity": 2, "active": 2, "industry": "중식", "vacancy_rate": 0.0, "vacancy_rate_lo": 0.0, "vacancy_rate_hi": 0.0, "stores": 7, "source": "stores+ledger", "capacity_method": "floor_ouln", "active_pip": 0, "licensed": 7, "com_floors": [1, 2], "occ_floors": [1, 2], "unknown_n": 0, "id": "1144012100102040011-1", "pnu": "1144012100102040011", "floors": 4, "height": 0.0}}, {"type": "Feature", "geometry": {"type": "Polygon", "coordinates": [[[126.92321024, 37.5577438], [126.92314578, 37.55769394], [126.92311803, 37.55771977], [126.9231179, 37.55771987], [126.92309348, 37.55770634], [126.92301487, 37.55777179], [126.92306377, 37.55782923], [126.92311687, 37.55782795], [126.92315485, 37.55779314], [126.92321024, 37.5577438]]]}, "properties": {"name": "법정빌딩", "status": "full", "capacity": 5, "active": 5, "industry": "유원지·오락", "vacancy_rate": 0.0, "vacancy_rate_lo": 0.0, "vacancy_rate_hi": 20.0, "stores": 3, "source": "stores+ledger", "capacity_method": "floor_ouln", "active_pip": 0, "licensed": 1, "com_floors": [1, 2, 3, 4, 5], "occ_floors": [1, 2, 3, 5], "unknown_n": 1, "id": "1144012100101580026-1", "pnu": "1144012100101580026", "floors": 5, "height": 18.1}}, {"type": "Feature", "geometry": {"type": "Polygon", "coordinates": [[[126.9204308, 37.55916815], [126.92038397, 37.55913784], [126.92036437, 37.55915702], [126.92031552, 37.55912527], [126.92031042, 37.55913022], [126.92029594, 37.55912084], [126.92023748, 37.55917793], [126.92035284, 37.5592527], [126.9204308, 37.55916815]]]}, "properties": {"name": "연남동 568-45", "status": "empty", "capacity": 2, "active": 0, "industry": "", "vacancy_rate": 100.0, "source": "polygon_only", "capacity_method": "floor_approx", "active_pip": 0, "licensed": 0, "id": "1144012400105680045-1", "pnu": "1144012400105680045", "floors": 2, "height": 0.0}}, {"type": "Feature", "geometry": {"type": "Polygon", "coordinates": [[[126.92282433, 37.55830757], [126.92275573, 37.55823828], [126.9226091, 37.55833122], [126.92267376, 37.55840204], [126.92282433, 37.55830757]]]}, "properties": {"name": "희경빌딩", "status": "full", "capacity": 4, "active": 4, "industry": "기타 교육", "vacancy_rate": 0.0, "vacancy_rate_lo": 0.0, "vacancy_rate_hi": 25.0, "stores": 3, "source": "stores+ledger", "capacity_method": "floor_ouln", "active_pip": 0, "licensed": 0, "com_floors": [1, 2, 3, 5], "occ_floors": [1, 2, 5], "unknown_n": 1, "id": "1144012100102000036-1", "pnu": "1144012100102000036", "floors": 6, "height": 18.9}}, {"type": "Feature", "geometry": {"type": "Polygon", "coordinates": [[[126.92300632, 37.55827111], [126.92307381, 37.55823475], [126.92299423, 37.55814127], [126.92292797, 37.55818186], [126.92291178, 37.55819077], [126.92286875, 37.55821398], [126.92291149, 37.55826023], [126.922922, 37.55827123], [126.92295281, 37.55825341], [126.92298242, 37.55828533], [126.9230062, 37.55827129], [126.92300632, 37.55827111]]]}, "properties": {"name": "건영빌딩", "status": "partial", "capacity": 6, "active": 5, "industry": "기타 간이", "vacancy_rate": 16.7, "vacancy_rate_lo": 16.7, "vacancy_rate_hi": 33.3, "stores": 5, "source": "stores+ledger", "capacity_method": "floor_ouln", "active_pip": 0, "licensed": 2, "com_floors": [1, 2, 3, 5, 6, 8], "occ_floors": [1, 2, 3, 6], "unknown_n": 1, "id": "1144012100102000024-1", "pnu": "1144012100102000024", "floors": 8, "height": 24.18}}, {"type": "Feature", "geometry": {"type": "Polygon", "coordinates": [[[126.92204412, 37.55855366], [126.92195571, 37.55846405], [126.92193918, 37.55847836], [126.92191656, 37.55845879], [126.92172911, 37.55859102], [126.92179898, 37.55866027], [126.92193563, 37.55862008], [126.92197492, 37.55860119], [126.92204412, 37.55855366]]]}, "properties": {"name": "동교동 204-41", "status": "empty", "capacity": 4, "active": 0, "industry": "", "vacancy_rate": 100.0, "source": "polygon_only", "capacity_method": "floor_approx", "active_pip": 0, "licensed": 0, "id": "1144012100102040041-1", "pnu": "1144012100102040041", "floors": 4, "height": 15.6}}, {"type": "Feature", "geometry": {"type": "Polygon", "coordinates": [[[126.92119724, 37.55962062], [126.92110454, 37.5595574], [126.9210493, 37.55961301], [126.92115134, 37.55967612], [126.92116748, 37.55966112], [126.9211595, 37.55965569], [126.92119724, 37.55962062]]]}, "properties": {"name": "연남동 568-13", "status": "empty", "capacity": 4, "active": 0, "industry": "", "vacancy_rate": 100.0, "source": "polygon_only", "capacity_method": "floor_approx", "active_pip": 0, "licensed": 0, "id": "1144012400105680013-1", "pnu": "1144012400105680013", "floors": 4, "height": 12.85}}, {"type": "Feature", "geometry": {"type": "Polygon", "coordinates": [[[126.92006344, 37.55915528], [126.92001548, 37.55912822], [126.91991157, 37.5592424], [126.91997027, 37.55927623], [126.92002935, 37.55927257], [126.92007683, 37.55921917], [126.92003012, 37.55919283], [126.92006344, 37.55915528]]]}, "properties": {"name": "연남동 570-23", "status": "full", "capacity": 3, "active": 3, "industry": "", "vacancy_rate": 0.0, "source": "pip_only", "capacity_method": "floor_approx", "active_pip": 0, "licensed": 3, "id": "1144012400105700023-1", "pnu": "1144012400105700023", "floors": 2, "height": 5.2}}, {"type": "Feature", "geometry": {"type": "Polygon", "coordinates": [[[126.92124554, 37.55953342], [126.92129299, 37.55948921], [126.92131314, 37.55950283], [126.92141135, 37.5594109], [126.92134632, 37.55936716], [126.92120119, 37.55950365], [126.92124554, 37.55953342]]]}, "properties": {"name": "민호빌딩", "status": "full", "capacity": 1, "active": 1, "industry": "한식", "vacancy_rate": 0.0, "vacancy_rate_lo": null, "vacancy_rate_hi": null, "stores": 1, "source": "stores+ledger", "capacity_method": "expos_units", "active_pip": 0, "licensed": 1, "com_floors": null, "occ_floors": null, "unknown_n": null, "id": "1144012400105680030-1", "pnu": "1144012400105680030", "floors": 5, "height": 17.1}}, {"type": "Feature", "geometry": {"type": "Polygon", "coordinates": [[[126.92105247, 37.55865554], [126.92095566, 37.55859456], [126.92090262, 37.55864796], [126.92089177, 37.55864111], [126.92085223, 37.55868099], [126.9209599, 37.55874873], [126.92105247, 37.55865554]]]}, "properties": {"name": "동교동 204-53", "status": "empty", "capacity": 2, "active": 0, "industry": "", "vacancy_rate": 100.0, "source": "polygon_only", "capacity_method": "floor_approx", "active_pip": 0, "licensed": 0, "id": "1144012100102040053-1", "pnu": "1144012100102040053", "floors": 2, "height": 0.0}}, {"type": "Feature", "geometry": {"type": "Polygon", "coordinates": [[[126.92181008, 37.5587638], [126.92179607, 37.55875126], [126.92173738, 37.55879502], [126.92174994, 37.55880637], [126.92181008, 37.5587638]]]}, "properties": {"name": "동교동 204-17", "status": "full", "capacity": 2, "active": 2, "industry": "이용·미용", "vacancy_rate": 0.0, "vacancy_rate_lo": 0.0, "vacancy_rate_hi": 50.0, "stores": 4, "source": "stores+ledger", "capacity_method": "floor_ouln", "active_pip": 0, "licensed": 0, "com_floors": [1, 3], "occ_floors": [3], "unknown_n": 1, "id": "1144012100102040017-1", "pnu": "1144012100102040017", "floors": 0, "height": 0.0}}, {"type": "Feature", "geometry": {"type": "Polygon", "coordinates": [[[126.92019323, 37.55875137], [126.92006293, 37.5586756], [126.92000321, 37.5587407], [126.92013351, 37.55881647], [126.92019323, 37.55875137]]]}, "properties": {"name": "연남동 570-31", "status": "high", "capacity": 6, "active": 2, "industry": "기타 교육", "vacancy_rate": 66.7, "vacancy_rate_lo": null, "vacancy_rate_hi": null, "stores": 2, "source": "stores+ledger", "capacity_method": "floor_approx", "active_pip": 0, "licensed": 0, "com_floors": null, "occ_floors": null, "unknown_n": null, "id": "1144012400105700031-1", "pnu": "1144012400105700031", "floors": 3, "height": 11.4}}, {"type": "Feature", "geometry": {"type": "Polygon", "coordinates": [[[126.92193821, 37.55886732], [126.92182038, 37.55877056], [126.92175649, 37.55881755], [126.92188225, 37.55891053], [126.92193821, 37.55886732]]]}, "properties": {"name": "동교동 204-17", "status": "full", "capacity": 2, "active": 2, "industry": "이용·미용", "vacancy_rate": 0.0, "vacancy_rate_lo": 0.0, "vacancy_rate_hi": 50.0, "stores": 4, "source": "stores+ledger", "capacity_method": "floor_ouln", "active_pip": 0, "licensed": 0, "com_floors": [1, 3], "occ_floors": [3], "unknown_n": 1, "id": "1144012100102040017-2", "pnu": "1144012100102040017", "floors": 4, "height": 13.1}}, {"type": "Feature", "geometry": {"type": "Polygon", "coordinates": [[[126.92137449, 37.55824358], [126.92148698, 37.55833753], [126.92168605, 37.55819818], [126.92158001, 37.55809922], [126.92137449, 37.55824358]]]}, "properties": {"name": "동교동 204-45", "status": "partial", "capacity": 3, "active": 2, "industry": "기타 개인", "vacancy_rate": 33.3, "vacancy_rate_lo": 33.3, "vacancy_rate_hi": 66.7, "stores": 1, "source": "stores+ledger", "capacity_method": "floor_ouln", "active_pip": 0, "licensed": 1, "com_floors": [1, 2, 3], "occ_floors": [1], "unknown_n": 1, "id": "1144012100102040045-1", "pnu": "1144012100102040045", "floors": 5, "height": 19.6}}, {"type": "Feature", "geometry": {"type": "Polygon", "coordinates": [[[126.923132, 37.55892668], [126.92319635, 37.55896874], [126.92329085, 37.55886868], [126.9232398, 37.55883876], [126.92324642, 37.55883431], [126.92321907, 37.55881826], [126.92314516, 37.55888859], [126.92315775, 37.55889761], [126.923132, 37.55892668]]]}, "properties": {"name": "동교동 198-13", "status": "full", "capacity": 4, "active": 4, "industry": "이용·미용", "vacancy_rate": 0.0, "vacancy_rate_lo": 0.0, "vacancy_rate_hi": 0.0, "stores": 3, "source": "stores+ledger", "capacity_method": "floor_ouln", "active_pip": 0, "licensed": 1, "com_floors": [1, 2, 3, 5], "occ_floors": [1, 2, 3, 5], "unknown_n": 0, "id": "1144012100101980013-1", "pnu": "1144012100101980013", "floors": 6, "height": 17.95}}, {"type": "Feature", "geometry": {"type": "Polygon", "coordinates": [[[126.92273502, 37.55821364], [126.9226638, 37.55813533], [126.92254669, 37.55820764], [126.92262113, 37.55828225], [126.92273502, 37.55821364]]]}, "properties": {"name": "교동빌딩", "status": "full", "capacity": 2, "active": 2, "industry": "이용·미용", "vacancy_rate": 0.0, "vacancy_rate_lo": 0.0, "vacancy_rate_hi": 0.0, "stores": 2, "source": "stores+ledger", "capacity_method": "floor_ouln", "active_pip": 0, "licensed": 0, "com_floors": [1, 5], "occ_floors": [1, 5], "unknown_n": 0, "id": "1144012100102000034-1", "pnu": "1144012100102000034", "floors": 5, "height": 15.35}}, {"type": "Feature", "geometry": {"type": "Polygon", "coordinates": [[[126.9197063, 37.55825612], [126.91960247, 37.55819424], [126.91952837, 37.55827311], [126.91963287, 37.55833562], [126.91964001, 37.55832788], [126.91966687, 37.55829835], [126.91966687, 37.55829817], [126.9197063, 37.55825612]]]}, "properties": {"name": "일부", "status": "full", "capacity": 1, "active": 1, "industry": "한식", "vacancy_rate": 0.0, "vacancy_rate_lo": 0.0, "vacancy_rate_hi": 0.0, "stores": 2, "source": "stores+ledger", "capacity_method": "floor_ouln", "active_pip": 0, "licensed": 0, "com_floors": [1], "occ_floors": [1], "unknown_n": 0, "id": "1144012400105700038-1", "pnu": "1144012400105700038", "floors": 1, "height": 0.0}}, {"type": "Feature", "geometry": {"type": "Polygon", "coordinates": [[[126.92348159, 37.55900699], [126.92347559, 37.55900555], [126.92346959, 37.55900824], [126.92337128, 37.55908071], [126.92346366, 37.55915871], [126.92352766, 37.55911009], [126.92348159, 37.55900699]]]}, "properties": {"name": "동교동 198-27", "status": "full", "capacity": 3, "active": 3, "industry": "이용·미용", "vacancy_rate": 0.0, "vacancy_rate_lo": 0.0, "vacancy_rate_hi": 0.0, "stores": 3, "source": "stores+ledger", "capacity_method": "floor_ouln", "active_pip": 0, "licensed": 3, "com_floors": [1, 2, 3], "occ_floors": [1, 2, 3], "unknown_n": 0, "id": "1144012100101980027-1", "pnu": "1144012100101980027", "floors": 5, "height": 0.0}}, {"type": "Feature", "geometry": {"type": "Polygon", "coordinates": [[[126.92290029, 37.55725859], [126.92278653, 37.55717527], [126.92267472, 37.55727232], [126.92278883, 37.55735574], [126.92290029, 37.55725859]]]}, "properties": {"name": "동교동 158-29", "status": "partial", "capacity": 4, "active": 2, "industry": "애완동물·용품 소매", "vacancy_rate": 50.0, "vacancy_rate_lo": 50.0, "vacancy_rate_hi": 50.0, "stores": 2, "source": "stores+ledger", "capacity_method": "floor_ouln", "active_pip": 0, "licensed": 0, "com_floors": [1, 2, 3, 4], "occ_floors": [1, 4], "unknown_n": 0, "id": "1144012100101580029-1", "pnu": "1144012100101580029", "floors": 6, "height": 0.0}}, {"type": "Feature", "geometry": {"type": "Polygon", "coordinates": [[[126.92353804, 37.55956902], [126.92360526, 37.55952522], [126.92358448, 37.55942001], [126.92352308, 37.5594274], [126.92344464, 37.55947852], [126.92353804, 37.55956902]]]}, "properties": {"name": "홍대LJ빌딩", "status": "full", "capacity": 4, "active": 4, "industry": "주점", "vacancy_rate": 0.0, "vacancy_rate_lo": 0.0, "vacancy_rate_hi": 25.0, "stores": 3, "source": "stores+ledger", "capacity_method": "floor_ouln", "active_pip": 0, "licensed": 3, "com_floors": [1, 2, 3, 4], "occ_floors": [1, 2, 4], "unknown_n": 1, "id": "1144012100101980030-1", "pnu": "1144012100101980030", "floors": 4, "height": 16.0}}, {"type": "Feature", "geometry": {"type": "Polygon", "coordinates": [[[126.92089002, 37.55771298], [126.9210249, 37.5575819], [126.92101434, 37.557575], [126.92104673, 37.55754353], [126.92103457, 37.55753561], [126.92103861, 37.55753168], [126.92096024, 37.55748057], [126.92089641, 37.55754261], [126.92088936, 37.55753801], [126.92078189, 37.55764246], [126.92089002, 37.55771298]]]}, "properties": {"name": "동교동 203-40", "status": "full", "capacity": 3, "active": 3, "industry": "이용·미용", "vacancy_rate": 0.0, "vacancy_rate_lo": 0.0, "vacancy_rate_hi": 0.0, "stores": 1, "source": "stores+ledger", "capacity_method": "floor_ouln", "active_pip": 0, "licensed": 1, "com_floors": [1, 2, 3], "occ_floors": [1, 2, 3], "unknown_n": 0, "id": "1144012100102030040-1", "pnu": "1144012100102030040", "floors": 4, "height": 13.45}}, {"type": "Feature", "geometry": {"type": "Polygon", "coordinates": [[[126.92083391, 37.5577806], [126.92070497, 37.55766905], [126.92058153, 37.55775947], [126.92071047, 37.55787102], [126.92083391, 37.5577806]]]}, "properties": {"name": "동교동 203-6", "status": "empty", "capacity": 5, "active": 0, "industry": "", "vacancy_rate": 100.0, "source": "polygon_only", "capacity_method": "floor_approx", "active_pip": 0, "licensed": 0, "id": "1144012100102030006-1", "pnu": "1144012100102030006", "floors": 5, "height": 15.0}}, {"type": "Feature", "geometry": {"type": "Polygon", "coordinates": [[[126.91956788, 37.55973987], [126.91946607, 37.55967908], [126.91939221, 37.55975742], [126.91948541, 37.55981001], [126.91949561, 37.55979857], [126.91951824, 37.55979246], [126.91956788, 37.55973987]]]}, "properties": {"name": "연남동 564-4", "status": "full", "capacity": 2, "active": 2, "industry": "기타 상품 소매", "vacancy_rate": 0.0, "vacancy_rate_lo": 0.0, "vacancy_rate_hi": 50.0, "stores": 1, "source": "stores+ledger", "capacity_method": "floor_ouln", "active_pip": 0, "licensed": 0, "com_floors": [1, 3], "occ_floors": [3], "unknown_n": 1, "id": "1144012400105640004-1", "pnu": "1144012400105640004", "floors": 5, "height": 14.5}}, {"type": "Feature", "geometry": {"type": "Polygon", "coordinates": [[[126.92365156, 37.55969538], [126.92365122, 37.55969448], [126.92364806, 37.55969538], [126.9236468, 37.55969673], [126.92355812, 37.55975451], [126.92355779, 37.55975505], [126.92357863, 37.55985165], [126.923683, 37.55983757], [126.92366802, 37.55976746], [126.92365303, 37.55969879], [126.92365269, 37.55969727], [126.92365156, 37.55969538]]]}, "properties": {"name": "승남빌딩", "status": "full", "capacity": 1, "active": 1, "industry": "한식", "vacancy_rate": 0.0, "vacancy_rate_lo": 0.0, "vacancy_rate_hi": 0.0, "stores": 2, "source": "stores+ledger", "capacity_method": "floor_ouln", "active_pip": 0, "licensed": 1, "com_floors": [1], "occ_floors": [1], "unknown_n": 0, "id": "1144012100101980022-1", "pnu": "1144012100101980022", "floors": 4, "height": 0.0}}, {"type": "Feature", "geometry": {"type": "Polygon", "coordinates": [[[126.92222428, 37.55977789], [126.9223099, 37.55983606], [126.92248484, 37.5596729], [126.92239923, 37.55961472], [126.92222428, 37.55977789]]]}, "properties": {"name": "브라카빌딩", "status": "high", "capacity": 3, "active": 1, "industry": "이용·미용", "vacancy_rate": 66.7, "vacancy_rate_lo": 66.7, "vacancy_rate_hi": 66.7, "stores": 1, "source": "stores+ledger", "capacity_method": "floor_ouln", "active_pip": 0, "licensed": 0, "com_floors": [1, 2, 3], "occ_floors": [2], "unknown_n": 0, "id": "1144012100101970014-1", "pnu": "1144012100101970014", "floors": 5, "height": 16.85}}, {"type": "Feature", "geometry": {"type": "Polygon", "coordinates": [[[126.91952998, 37.55834844], [126.91948045, 37.55831732], [126.91939796, 37.55840052], [126.91941142, 37.55840891], [126.91940881, 37.55841151], [126.9195132, 37.55847772], [126.9195166, 37.55847988], [126.91957042, 37.55842442], [126.91954734, 37.55841017], [126.91956185, 37.55839531], [126.91951344, 37.55836545], [126.91952998, 37.55834844]]]}, "properties": {"name": "일부", "status": "full", "capacity": 1, "active": 1, "industry": "한식", "vacancy_rate": 0.0, "vacancy_rate_lo": 0.0, "vacancy_rate_hi": 0.0, "stores": 2, "source": "stores+ledger", "capacity_method": "floor_ouln", "active_pip": 0, "licensed": 0, "com_floors": [1], "occ_floors": [1], "unknown_n": 0, "id": "1144012400105700038-2", "pnu": "1144012400105700038", "floors": 5, "height": 16.7}}, {"type": "Feature", "geometry": {"type": "Polygon", "coordinates": [[[126.92334121, 37.55761711], [126.92335887, 37.55760109], [126.92335888, 37.55760118], [126.92336135, 37.55760388], [126.92336363, 37.55760505], [126.92337438, 37.55760578], [126.92351665, 37.55748668], [126.92351981, 37.55748217], [126.92352107, 37.55747442], [126.92351994, 37.55747028], [126.92351859, 37.55746821], [126.92351508, 37.55746496], [126.9233701, 37.55735296], [126.92336535, 37.55735008], [126.92336286, 37.55734917], [126.92335879, 37.55734845], [126.92335619, 37.55734827], [126.92335087, 37.55734835], [126.92330296, 37.55738724], [126.92331325, 37.55739527], [126.92320756, 37.55748656], [126.92326953, 37.55753526], [126.92324336, 37.55755668], [126.92324336, 37.55755659], [126.92323104, 37.55755001], [126.92321947, 37.55756351], [126.92331775, 37.55763665], [126.92332568, 37.55764053], [126.92333666, 37.55763684], [126.92334322, 37.55762919], [126.92334323, 37.55762216], [126.92334121, 37.55761711]]]}, "properties": {"name": "금화빌딩", "status": "full", "capacity": 5, "active": 5, "industry": "주점", "vacancy_rate": 0.0, "vacancy_rate_lo": 0.0, "vacancy_rate_hi": 20.0, "stores": 9, "source": "stores+ledger", "capacity_method": "floor_ouln", "active_pip": 0, "licensed": 3, "com_floors": [1, 2, 3, 5, 6], "occ_floors": [1, 2, 5, 6], "unknown_n": 1, "id": "1144012100101580001-1", "pnu": "1144012100101580001", "floors": 6, "height": 20.6}}, {"type": "Feature", "geometry": {"type": "Polygon", "coordinates": [[[126.92262797, 37.55771197], [126.9225502, 37.55762272], [126.92244501, 37.55767483], [126.9225178, 37.55776713], [126.92262797, 37.55771197]]]}, "properties": {"name": "동진빌딩", "status": "full", "capacity": 7, "active": 7, "industry": "기타 생활용품 소매", "vacancy_rate": 0.0, "vacancy_rate_lo": 0.0, "vacancy_rate_hi": 42.9, "stores": 8, "source": "stores+ledger", "capacity_method": "floor_ouln", "active_pip": 0, "licensed": 0, "com_floors": [1, 2, 3, 4, 5, 6, 7], "occ_floors": [1, 3, 5, 7], "unknown_n": 3, "id": "1144012100102000029-1", "pnu": "1144012100102000029", "floors": 8, "height": 22.85}}, {"type": "Feature", "geometry": {"type": "Polygon", "coordinates": [[[126.9232094, 37.55933748], [126.92313872, 37.55927121], [126.9230308, 37.55934367], [126.92310145, 37.55941003], [126.9232094, 37.55933748]]]}, "properties": {"name": "신흥빌딩", "status": "partial", "capacity": 2, "active": 1, "industry": "서양식", "vacancy_rate": 50.0, "vacancy_rate_lo": 50.0, "vacancy_rate_hi": 50.0, "stores": 1, "source": "stores+ledger", "capacity_method": "floor_ouln", "active_pip": 0, "licensed": 1, "com_floors": [1, 2], "occ_floors": [1], "unknown_n": 0, "id": "1144012100101980005-1", "pnu": "1144012100101980005", "floors": 6, "height": 17.9}}, {"type": "Feature", "geometry": {"type": "Polygon", "coordinates": [[[126.92210459, 37.55776461], [126.92198317, 37.55764316], [126.92189212, 37.55770067], [126.92201456, 37.55782221], [126.92205171, 37.55779818], [126.92210459, 37.55776461]]]}, "properties": {"name": "서일빌딩", "status": "partial", "capacity": 4, "active": 3, "industry": "이용·미용", "vacancy_rate": 25.0, "vacancy_rate_lo": 25.0, "vacancy_rate_hi": 25.0, "stores": 1, "source": "stores+ledger", "capacity_method": "floor_ouln", "active_pip": 0, "licensed": 0, "com_floors": [2, 3, 4, 5], "occ_floors": [3, 4, 5], "unknown_n": 0, "id": "1144012100102000020-1", "pnu": "1144012100102000020", "floors": 6, "height": 17.85}}, {"type": "Feature", "geometry": {"type": "Polygon", "coordinates": [[[126.92186203, 37.55973727], [126.92173265, 37.55964285], [126.92163737, 37.55973893], [126.92175792, 37.5598246], [126.92186203, 37.55973727]]]}, "properties": {"name": "연남동 567-11", "status": "partial", "capacity": 5, "active": 3, "industry": "종합 소매", "vacancy_rate": 40.0, "vacancy_rate_lo": 40.0, "vacancy_rate_hi": 60.0, "stores": 1, "source": "stores+ledger", "capacity_method": "floor_ouln", "active_pip": 0, "licensed": 1, "com_floors": [1, 2, 3, 4, 5], "occ_floors": [1, 4], "unknown_n": 1, "id": "1144012400105670011-1", "pnu": "1144012400105670011", "floors": 5, "height": 16.6}}, {"type": "Feature", "geometry": {"type": "Polygon", "coordinates": [[[126.92378057, 37.55749176], [126.92377991, 37.55751626], [126.92390276, 37.5576057], [126.92393548, 37.55757777], [126.9240822, 37.55768668], [126.92406058, 37.55770513], [126.92411212, 37.55774337], [126.92431378, 37.55757124], [126.92426139, 37.55753235], [126.92425714, 37.55753598], [126.92398998, 37.55733767], [126.92394908, 37.5573726], [126.923935, 37.55736202], [126.92378057, 37.55749176]]]}, "properties": {"name": "스퀘어", "status": "empty", "capacity": 3, "active": 0, "industry": "일반 교육", "vacancy_rate": 100.0, "vacancy_rate_lo": 100.0, "vacancy_rate_hi": 100.0, "stores": 1, "source": "stores+ledger", "capacity_method": "floor_ouln", "active_pip": 0, "licensed": 0, "com_floors": [1, 2, 3], "occ_floors": [], "unknown_n": 0, "id": "1144012100101560004-1", "pnu": "1144012100101560004", "floors": 4, "height": 24.09}}, {"type": "Feature", "geometry": {"type": "Polygon", "coordinates": [[[126.92013596, 37.55779816], [126.9201678, 37.55776881], [126.92017378, 37.55777296], [126.92020074, 37.5577482], [126.92019623, 37.55774505], [126.9202412, 37.55770372], [126.92014948, 37.55764059], [126.92011912, 37.55766859], [126.92011482, 37.55766561], [126.92010089, 37.55767849], [126.92007985, 37.55766406], [126.92001403, 37.55772465], [126.9201208, 37.55779815], [126.92012938, 37.5578042], [126.92013596, 37.55779816]]]}, "properties": {"name": "동교동 203-36", "status": "partial", "capacity": 2, "active": 1, "industry": "서양식", "vacancy_rate": 50.0, "vacancy_rate_lo": 50.0, "vacancy_rate_hi": 100.0, "stores": 1, "source": "stores+ledger", "capacity_method": "floor_ouln", "active_pip": 0, "licensed": 0, "com_floors": [1, 2], "occ_floors": [], "unknown_n": 1, "id": "1144012100102030036-1", "pnu": "1144012100102030036", "floors": 2, "height": 0.0}}, {"type": "Feature", "geometry": {"type": "Polygon", "coordinates": [[[126.92002074, 37.55791674], [126.92012972, 37.5578123], [126.92010892, 37.55779814], [126.92004377, 37.55775404], [126.91999664, 37.55779816], [126.91997727, 37.5578167], [126.91995668, 37.55780308], [126.91991262, 37.55784531], [126.92002074, 37.55791674]]]}, "properties": {"name": "동교동 203-35", "status": "full", "capacity": 1, "active": 1, "industry": "기타 간이", "vacancy_rate": 0.0, "vacancy_rate_lo": 0.0, "vacancy_rate_hi": 0.0, "stores": 1, "source": "stores+ledger", "capacity_method": "floor_ouln", "active_pip": 0, "licensed": 0, "com_floors": [1], "occ_floors": [1], "unknown_n": 0, "id": "1144012100102030035-1", "pnu": "1144012100102030035", "floors": 2, "height": 0.0}}, {"type": "Feature", "geometry": {"type": "Polygon", "coordinates": [[[126.92245584, 37.55890641], [126.92238043, 37.55883284], [126.92235994, 37.55883525], [126.9223322, 37.55884812], [126.92230309, 37.55887279], [126.9223033, 37.55888864], [126.92241444, 37.55898693], [126.92245998, 37.55895056], [126.92245584, 37.55890641]]]}, "properties": {"name": "우측", "status": "partial", "capacity": 3, "active": 2, "industry": "가전·통신 소매", "vacancy_rate": 33.3, "vacancy_rate_lo": 33.3, "vacancy_rate_hi": 66.7, "stores": 2, "source": "stores+ledger", "capacity_method": "floor_ouln", "active_pip": 0, "licensed": 1, "com_floors": [1, 2, 3], "occ_floors": [1], "unknown_n": 1, "id": "1144012100102040037-1", "pnu": "1144012100102040037", "floors": 5, "height": 0.0}}, {"type": "Feature", "geometry": {"type": "Polygon", "coordinates": [[[126.91938786, 37.5592962], [126.91948717, 37.55935502], [126.91953923, 37.55929952], [126.91956466, 37.55931458], [126.91967597, 37.5591955], [126.91957746, 37.55913714], [126.91957323, 37.55914165], [126.9195469, 37.55912606], [126.91938786, 37.5592962]]]}, "properties": {"name": "신원빌딩", "status": "full", "capacity": 1, "active": 1, "industry": "비알코올 ", "vacancy_rate": 0.0, "vacancy_rate_lo": 0.0, "vacancy_rate_hi": 0.0, "stores": 1, "source": "stores+ledger", "capacity_method": "floor_ouln", "active_pip": 0, "licensed": 1, "com_floors": [1], "occ_floors": [1], "unknown_n": 0, "id": "1144012400105640020-1", "pnu": "1144012400105640020", "floors": 5, "height": 17.2}}, {"type": "Feature", "geometry": {"type": "Polygon", "coordinates": [[[126.9211819, 37.55842958], [126.92127914, 37.55849491], [126.9213368, 37.55843635], [126.92130604, 37.55841509], [126.92135894, 37.55836516], [126.92129605, 37.55832379], [126.9211819, 37.55842958]]]}, "properties": {"name": "동교동 204-49", "status": "empty", "capacity": 5, "active": 0, "industry": "", "vacancy_rate": 100.0, "source": "polygon_only", "capacity_method": "floor_approx", "active_pip": 0, "licensed": 0, "id": "1144012100102040049-1", "pnu": "1144012100102040049", "floors": 5, "height": 21.3}}, {"type": "Feature", "geometry": {"type": "Polygon", "coordinates": [[[126.9222709, 37.56000766], [126.92220258, 37.55996139], [126.92215376, 37.56000686], [126.92212872, 37.56002991], [126.9222011, 37.56007942], [126.9222709, 37.56000766]]]}, "properties": {"name": "연남동 567-15", "status": "full", "capacity": 1, "active": 1, "industry": "일반 숙박", "vacancy_rate": 0.0, "vacancy_rate_lo": 0.0, "vacancy_rate_hi": 100.0, "stores": 1, "source": "stores+ledger", "capacity_method": "floor_ouln", "active_pip": 0, "licensed": 0, "com_floors": [1], "occ_floors": [], "unknown_n": 1, "id": "1144012400105670015-1", "pnu": "1144012400105670015", "floors": 4, "height": 11.0}}, {"type": "Feature", "geometry": {"type": "Polygon", "coordinates": [[[126.92170233, 37.55853218], [126.92191844, 37.55839036], [126.92187009, 37.55834345], [126.92186071, 37.55834942], [126.92183968, 37.55833052], [126.92163241, 37.55846596], [126.92170233, 37.55853218]]]}, "properties": {"name": "동교동 204-31", "status": "empty", "capacity": 6, "active": 0, "industry": "", "vacancy_rate": 100.0, "source": "polygon_only", "capacity_method": "floor_approx", "active_pip": 0, "licensed": 0, "id": "1144012100102040031-1", "pnu": "1144012100102040031", "floors": 6, "height": 18.2}}, {"type": "Feature", "geometry": {"type": "Polygon", "coordinates": [[[126.92144647, 37.56089252], [126.92135191, 37.56083705], [126.92130749, 37.56088504], [126.92130738, 37.56088522], [126.92129514, 37.5609017], [126.92129457, 37.56090413], [126.92129547, 37.56090756], [126.92129795, 37.56091125], [126.9213829, 37.56096114], [126.92144647, 37.56089252]]]}, "properties": {"name": "L&K", "status": "full", "capacity": 2, "active": 2, "industry": "이용·미용", "vacancy_rate": 0.0, "vacancy_rate_lo": 0.0, "vacancy_rate_hi": 0.0, "stores": 5, "source": "stores+ledger", "capacity_method": "floor_ouln", "active_pip": 0, "licensed": 3, "com_floors": [1, 2], "occ_floors": [1, 2], "unknown_n": 0, "id": "1144012400105660019-1", "pnu": "1144012400105660019", "floors": 4, "height": 13.6}}, {"type": "Feature", "geometry": {"type": "Polygon", "coordinates": [[[126.9209657, 37.55925979], [126.92106264, 37.55934227], [126.9211588, 37.55926871], [126.92105834, 37.55918893], [126.9209657, 37.55925979]]]}, "properties": {"name": "카라빌딩", "status": "high", "capacity": 3, "active": 1, "industry": "이용·미용", "vacancy_rate": 66.7, "vacancy_rate_lo": 66.7, "vacancy_rate_hi": 100.0, "stores": 1, "source": "stores+ledger", "capacity_method": "floor_ouln", "active_pip": 0, "licensed": 0, "com_floors": [1, 2, 4], "occ_floors": [], "unknown_n": 1, "id": "1144012400105680039-1", "pnu": "1144012400105680039", "floors": 5, "height": 15.95}}, {"type": "Feature", "geometry": {"type": "Polygon", "coordinates": [[[126.9207933, 37.55843146], [126.92071356, 37.55837852], [126.92067176, 37.55841841], [126.92061579, 37.55847793], [126.92069846, 37.5585334], [126.92076043, 37.55847469], [126.92075444, 37.55847001], [126.92075353, 37.55846937], [126.9207933, 37.55843146]]]}, "properties": {"name": "금양빌딩", "status": "full", "capacity": 2, "active": 2, "industry": "기타 교육", "vacancy_rate": 0.0, "vacancy_rate_lo": 0.0, "vacancy_rate_hi": 0.0, "stores": 9, "source": "stores+ledger", "capacity_method": "floor_ouln", "active_pip": 0, "licensed": 1, "com_floors": [1, 2], "occ_floors": [1, 2], "unknown_n": 0, "id": "1144012100102030046-1", "pnu": "1144012100102030046", "floors": 4, "height": 0.0}}, {"type": "Feature", "geometry": {"type": "Polygon", "coordinates": [[[126.92375335, 37.56054463], [126.92367428, 37.56050493], [126.92360288, 37.56059489], [126.92368478, 37.56063109], [126.92375335, 37.56054463]]]}, "properties": {"name": "제", "status": "full", "capacity": 3, "active": 3, "industry": "이용·미용", "vacancy_rate": 0.0, "vacancy_rate_lo": 0.0, "vacancy_rate_hi": 0.0, "stores": 6, "source": "stores+ledger", "capacity_method": "floor_ouln", "active_pip": 0, "licensed": 2, "com_floors": [1, 2, 3], "occ_floors": [1, 2, 3], "unknown_n": 0, "id": "1144012400103730014-1", "pnu": "1144012400103730014", "floors": 3, "height": 10.05}}, {"type": "Feature", "geometry": {"type": "Polygon", "coordinates": [[[126.91914776, 37.55971712], [126.91904835, 37.55965843], [126.9189756, 37.55973785], [126.91907559, 37.55979594], [126.91914776, 37.55971712]]]}, "properties": {"name": "우측", "status": "full", "capacity": 2, "active": 2, "industry": "기타 교육", "vacancy_rate": 0.0, "vacancy_rate_lo": 0.0, "vacancy_rate_hi": 0.0, "stores": 3, "source": "stores+ledger", "capacity_method": "floor_ouln", "active_pip": 0, "licensed": 1, "com_floors": [1, 2], "occ_floors": [1, 2], "unknown_n": 0, "id": "1144012400105630010-1", "pnu": "1144012400105630010", "floors": 4, "height": 13.3}}, {"type": "Feature", "geometry": {"type": "Polygon", "coordinates": [[[126.91888986, 37.56000719], [126.9188766, 37.55991762], [126.91881695, 37.55992326], [126.91881909, 37.55993822], [126.91873204, 37.55994635], [126.91873552, 37.55996951], [126.91870643, 37.55997219], [126.91871408, 37.56002365], [126.91888986, 37.56000719]]]}, "properties": {"name": "전체", "status": "full", "capacity": 1, "active": 1, "industry": "기타 간이", "vacancy_rate": 0.0, "vacancy_rate_lo": 0.0, "vacancy_rate_hi": 0.0, "stores": 1, "source": "stores+ledger", "capacity_method": "floor_ouln", "active_pip": 0, "licensed": 1, "com_floors": [1], "occ_floors": [1], "unknown_n": 0, "id": "1144012400105630007-1", "pnu": "1144012400105630007", "floors": 1, "height": 0.0}}, {"type": "Feature", "geometry": {"type": "Polygon", "coordinates": [[[126.91889391, 37.55794661], [126.91896472, 37.557879], [126.91912499, 37.55796777], [126.91917859, 37.55790725], [126.91894245, 37.55775274], [126.91883356, 37.55776853], [126.91871571, 37.5578972], [126.91886546, 37.5579866], [126.91889391, 37.55794661]]]}, "properties": {"name": "이노베이스빌딩", "status": "partial", "capacity": 3, "active": 2, "industry": "의원", "vacancy_rate": 33.3, "vacancy_rate_lo": 33.3, "vacancy_rate_hi": 33.3, "stores": 2, "source": "stores+ledger", "capacity_method": "floor_ouln", "active_pip": 0, "licensed": 0, "com_floors": [1, 2, 3], "occ_floors": [1, 3], "unknown_n": 0, "id": "1144012400105710010-1", "pnu": "1144012400105710010", "floors": 7, "height": 30.1}}, {"type": "Feature", "geometry": {"type": "Polygon", "coordinates": [[[126.92135499, 37.55703718], [126.92136088, 37.55703205], [126.92131395, 37.55699806], [126.92127329, 37.55703352], [126.92127102, 37.55703191], [126.92123806, 37.55706072], [126.92132964, 37.55712699], [126.92139822, 37.5570686], [126.92135499, 37.55703718]]]}, "properties": {"name": "동교동 201-39", "status": "full", "capacity": 3, "active": 3, "industry": "이용·미용", "vacancy_rate": 0.0, "vacancy_rate_lo": 0.0, "vacancy_rate_hi": 0.0, "stores": 4, "source": "stores+ledger", "capacity_method": "floor_ouln", "active_pip": 0, "licensed": 0, "com_floors": [1, 2, 4], "occ_floors": [1, 2, 4], "unknown_n": 0, "id": "1144012100102010039-1", "pnu": "1144012100102010039", "floors": 5, "height": 13.3}}, {"type": "Feature", "geometry": {"type": "Polygon", "coordinates": [[[126.91986468, 37.55685531], [126.91985231, 37.55684599], [126.91982594, 37.55686919], [126.91997079, 37.55697602], [126.92000708, 37.55694504], [126.92006491, 37.55698818], [126.92002697, 37.55702056], [126.92011152, 37.5570828], [126.92017688, 37.55702672], [126.92016288, 37.55701698], [126.92018399, 37.55699813], [126.92011356, 37.5569468], [126.92008348, 37.55697223], [126.9200469, 37.55694506], [126.92014904, 37.55685709], [126.91999565, 37.55674368], [126.91986468, 37.55685531]]]}, "properties": {"name": "동교동 205-6", "status": "full", "capacity": 3, "active": 3, "industry": "비알코올 ", "vacancy_rate": 0.0, "vacancy_rate_lo": 0.0, "vacancy_rate_hi": 0.0, "stores": 1, "source": "stores+ledger", "capacity_method": "floor_ouln", "active_pip": 0, "licensed": 1, "com_floors": [1, 3, 4], "occ_floors": [1, 3, 4], "unknown_n": 0, "id": "1144012100102050006-1", "pnu": "1144012100102050006", "floors": 8, "height": 30.75}}, {"type": "Feature", "geometry": {"type": "Polygon", "coordinates": [[[126.92385111, 37.56034855], [126.9238355, 37.56034043], [126.92383482, 37.56034115], [126.92369003, 37.56026609], [126.9236523, 37.56031165], [126.9238394, 37.56040476], [126.92384744, 37.56039449], [126.92384744, 37.5603944], [126.9238615, 37.5603772], [126.92385111, 37.56034855]]]}, "properties": {"name": "연남동 373-20", "status": "empty", "capacity": 3, "active": 0, "industry": "", "vacancy_rate": 100.0, "source": "polygon_only", "capacity_method": "floor_approx", "active_pip": 0, "licensed": 0, "id": "1144012400103730020-1", "pnu": "1144012400103730020", "floors": 3, "height": 0.0}}, {"type": "Feature", "geometry": {"type": "Polygon", "coordinates": [[[126.92052396, 37.56107976], [126.92042136, 37.56102114], [126.92036731, 37.5610811], [126.9204699, 37.56113974], [126.92052396, 37.56107976]]]}, "properties": {"name": "연남동 561-4", "status": "full", "capacity": 1, "active": 1, "industry": "이용·미용", "vacancy_rate": 0.0, "vacancy_rate_lo": 0.0, "vacancy_rate_hi": 0.0, "stores": 3, "source": "stores+ledger", "capacity_method": "floor_ouln", "active_pip": 0, "licensed": 1, "com_floors": [1], "occ_floors": [1], "unknown_n": 0, "id": "1144012400105610004-1", "pnu": "1144012400105610004", "floors": 3, "height": 0.0}}, {"type": "Feature", "geometry": {"type": "Polygon", "coordinates": [[[126.92056666, 37.56072102], [126.92046271, 37.56066229], [126.92041863, 37.56071181], [126.92051771, 37.56077594], [126.92056666, 37.56072102]]]}, "properties": {"name": "연남동 562-36", "status": "full", "capacity": 2, "active": 2, "industry": "중식", "vacancy_rate": 0.0, "vacancy_rate_lo": 0.0, "vacancy_rate_hi": 0.0, "stores": 1, "source": "stores+ledger", "capacity_method": "floor_ouln", "active_pip": 0, "licensed": 1, "com_floors": [1, 2], "occ_floors": [1, 2], "unknown_n": 0, "id": "1144012400105620036-1", "pnu": "1144012400105620036", "floors": 4, "height": 0.0}}, {"type": "Feature", "geometry": {"type": "Polygon", "coordinates": [[[126.92292014, 37.56084629], [126.92272512, 37.56074308], [126.92267345, 37.56080495], [126.9226635, 37.56079962], [126.92265976, 37.56080413], [126.92265953, 37.56080395], [126.92262225, 37.56084861], [126.92268073, 37.56087955], [126.92269894, 37.56089128], [126.92269554, 37.56089461], [126.92283343, 37.56096579], [126.92292001, 37.56085935], [126.92292772, 37.56085034], [126.92292014, 37.56084629]]]}, "properties": {"name": "외", "status": "full", "capacity": 4, "active": 4, "industry": "주점", "vacancy_rate": 0.0, "vacancy_rate_lo": 0.0, "vacancy_rate_hi": 25.0, "stores": 2, "source": "stores+ledger", "capacity_method": "floor_ouln", "active_pip": 0, "licensed": 2, "com_floors": [1, 2, 3, 4], "occ_floors": [1, 2, 3], "unknown_n": 1, "id": "1144012400105670042-1", "pnu": "1144012400105670042", "floors": 7, "height": 25.37}}, {"type": "Feature", "geometry": {"type": "Polygon", "coordinates": [[[126.92067896, 37.56091219], [126.92058135, 37.56085302], [126.92052945, 37.56090723], [126.92058455, 37.5609406], [126.92058295, 37.5609424], [126.9206273, 37.56096928], [126.92062752, 37.56096937], [126.92067896, 37.56091219]]]}, "properties": {"name": "우측", "status": "full", "capacity": 2, "active": 2, "industry": "한식", "vacancy_rate": 0.0, "vacancy_rate_lo": 0.0, "vacancy_rate_hi": 50.0, "stores": 2, "source": "stores+ledger", "capacity_method": "floor_ouln", "active_pip": 0, "licensed": 1, "com_floors": [1, 2], "occ_floors": [1], "unknown_n": 1, "id": "1144012400105610006-1", "pnu": "1144012400105610006", "floors": 3, "height": 0.0}}, {"type": "Feature", "geometry": {"type": "Polygon", "coordinates": [[[126.92361759, 37.56049381], [126.92354281, 37.56045529], [126.92347969, 37.56053309], [126.92356329, 37.56057614], [126.92356385, 37.5605764], [126.92362811, 37.56049877], [126.92361759, 37.56049381]]]}, "properties": {"name": "일부", "status": "full", "capacity": 2, "active": 2, "industry": "기타 간이", "vacancy_rate": 0.0, "vacancy_rate_lo": 0.0, "vacancy_rate_hi": 0.0, "stores": 2, "source": "stores+ledger", "capacity_method": "floor_ouln", "active_pip": 0, "licensed": 2, "com_floors": [1, 2], "occ_floors": [1, 2], "unknown_n": 0, "id": "1144012400103730015-1", "pnu": "1144012400103730015", "floors": 4, "height": 0.0}}, {"type": "Feature", "geometry": {"type": "Polygon", "coordinates": [[[126.92402676, 37.56123875], [126.92401692, 37.56123406], [126.92402644, 37.56122173], [126.92394488, 37.56118211], [126.92390251, 37.56123435], [126.92387569, 37.56122037], [126.92384418, 37.56125864], [126.92396647, 37.56131783], [126.92402676, 37.56123875]]]}, "properties": {"name": "연남동 259-15", "status": "empty", "capacity": 2, "active": 0, "industry": "", "vacancy_rate": 100.0, "source": "polygon_only", "capacity_method": "floor_approx", "active_pip": 0, "licensed": 0, "id": "1144012400102590015-1", "pnu": "1144012400102590015", "floors": 2, "height": 8.95}}, {"type": "Feature", "geometry": {"type": "Polygon", "coordinates": [[[126.91950109, 37.56027079], [126.91951015, 37.56026133], [126.91952125, 37.56026801], [126.91959433, 37.56019174], [126.91951515, 37.56014367], [126.91946778, 37.56019301], [126.919455, 37.56018516], [126.9194201, 37.56022154], [126.91950109, 37.56027079]]]}, "properties": {"name": "연남동 562-39", "status": "empty", "capacity": 1, "active": 0, "industry": "", "vacancy_rate": 100.0, "source": "polygon_only", "capacity_method": "floor_approx", "active_pip": 0, "licensed": 0, "id": "1144012400105620039-1", "pnu": "1144012400105620039", "floors": 1, "height": 6.8}}, {"type": "Feature", "geometry": {"type": "Polygon", "coordinates": [[[126.92366802, 37.56064765], [126.92359245, 37.5606112], [126.92353601, 37.56068532], [126.92361158, 37.56072177], [126.92366802, 37.56064765]]]}, "properties": {"name": "연남동 373-13", "status": "full", "capacity": 3, "active": 3, "industry": "서양식", "vacancy_rate": 0.0, "vacancy_rate_lo": 0.0, "vacancy_rate_hi": 0.0, "stores": 4, "source": "stores+ledger", "capacity_method": "floor_ouln", "active_pip": 0, "licensed": 3, "com_floors": [1, 2, 4], "occ_floors": [1, 2, 4], "unknown_n": 0, "id": "1144012400103730013-1", "pnu": "1144012400103730013", "floors": 4, "height": 0.0}}, {"type": "Feature", "geometry": {"type": "Polygon", "coordinates": [[[126.92459028, 37.56058733], [126.9246074, 37.56056266], [126.92461939, 37.56056798], [126.92464376, 37.56053277], [126.92458007, 37.5605048], [126.92458438, 37.56049849], [126.92451389, 37.56046763], [126.92446787, 37.56052517], [126.9245792, 37.56058246], [126.92459028, 37.56058733]]]}, "properties": {"name": "연트럴타워", "status": "full", "capacity": 5, "active": 5, "industry": "이용·미용", "vacancy_rate": 0.0, "vacancy_rate_lo": 0.0, "vacancy_rate_hi": 60.0, "stores": 9, "source": "stores+ledger", "capacity_method": "floor_ouln", "active_pip": 0, "licensed": 2, "com_floors": [1, 2, 3, 4, 5], "occ_floors": [1, 2], "unknown_n": 3, "id": "1144012100101500002-1", "pnu": "1144012100101500002", "floors": 5, "height": 16.05}}, {"type": "Feature", "geometry": {"type": "Polygon", "coordinates": [[[126.92152113, 37.5604097], [126.92162383, 37.56047038], [126.92167442, 37.56041612], [126.9216317, 37.56039088], [126.92165194, 37.56036918], [126.9216307, 37.56035719], [126.92159162, 37.5603341], [126.92152113, 37.5604097]]]}, "properties": {"name": "일부", "status": "full", "capacity": 2, "active": 2, "industry": "한식", "vacancy_rate": 0.0, "vacancy_rate_lo": 0.0, "vacancy_rate_hi": 0.0, "stores": 4, "source": "stores+ledger", "capacity_method": "floor_ouln", "active_pip": 0, "licensed": 4, "com_floors": [1, 2], "occ_floors": [1, 2], "unknown_n": 0, "id": "1144012400105660012-1", "pnu": "1144012400105660012", "floors": 3, "height": 12.0}}, {"type": "Feature", "geometry": {"type": "Polygon", "coordinates": [[[126.92185356, 37.56113336], [126.92180447, 37.56110278], [126.9217996, 37.56110774], [126.92176328, 37.56108519], [126.92170732, 37.5611421], [126.92174261, 37.56116401], [126.9218374, 37.5612175], [126.92188692, 37.56116185], [126.92184891, 37.56113814], [126.92185356, 37.56113336]]]}, "properties": {"name": "연남동 566-38", "status": "full", "capacity": 2, "active": 2, "industry": "비알코올 ", "vacancy_rate": 0.0, "vacancy_rate_lo": 0.0, "vacancy_rate_hi": 0.0, "stores": 4, "source": "stores+ledger", "capacity_method": "floor_ouln", "active_pip": 0, "licensed": 4, "com_floors": [1, 2], "occ_floors": [1, 2], "unknown_n": 0, "id": "1144012400105660038-1", "pnu": "1144012400105660038", "floors": 5, "height": 14.9}}, {"type": "Feature", "geometry": {"type": "Polygon", "coordinates": [[[126.92136138, 37.56022293], [126.92132157, 37.56019849], [126.92131726, 37.560203], [126.92125641, 37.56016566], [126.92123805, 37.56018456], [126.92121781, 37.56017221], [126.9210704, 37.56032447], [126.92119832, 37.5604033], [126.92126302, 37.56033667], [126.92125578, 37.56033225], [126.92136138, 37.56022293]]]}, "properties": {"name": "케이시피빌딩", "status": "partial", "capacity": 5, "active": 4, "industry": "한식", "vacancy_rate": 20.0, "vacancy_rate_lo": 20.0, "vacancy_rate_hi": 60.0, "stores": 3, "source": "stores+ledger", "capacity_method": "floor_ouln", "active_pip": 0, "licensed": 1, "com_floors": [1, 2, 3, 4, 5], "occ_floors": [1, 4], "unknown_n": 2, "id": "1144012400105660055-1", "pnu": "1144012400105660055", "floors": 5, "height": 15.75}}, {"type": "Feature", "geometry": {"type": "Polygon", "coordinates": [[[126.92355558, 37.56058667], [126.92347006, 37.56054328], [126.92341986, 37.56060622], [126.92340138, 37.56062784], [126.92348023, 37.56066555], [126.92348691, 37.56066826], [126.92355558, 37.56058667]]]}, "properties": {"name": "연남동 373-12", "status": "full", "capacity": 4, "active": 4, "industry": "일식", "vacancy_rate": 0.0, "vacancy_rate_lo": 0.0, "vacancy_rate_hi": 25.0, "stores": 5, "source": "stores+ledger", "capacity_method": "floor_ouln", "active_pip": 0, "licensed": 2, "com_floors": [1, 2, 3, 4], "occ_floors": [1, 2, 4], "unknown_n": 1, "id": "1144012400103730012-1", "pnu": "1144012400103730012", "floors": 5, "height": 15.1}}, {"type": "Feature", "geometry": {"type": "Polygon", "coordinates": [[[126.92209271, 37.56100942], [126.92225111, 37.56110352], [126.92238899, 37.56095512], [126.92223358, 37.56086267], [126.92209271, 37.56100942]]]}, "properties": {"name": "연남동 566-43", "status": "partial", "capacity": 3, "active": 2, "industry": "기타 개인", "vacancy_rate": 33.3, "vacancy_rate_lo": 33.3, "vacancy_rate_hi": 66.7, "stores": 1, "source": "stores+ledger", "capacity_method": "floor_ouln", "active_pip": 0, "licensed": 0, "com_floors": [1, 2, 3], "occ_floors": [3], "unknown_n": 1, "id": "1144012400105660043-1", "pnu": "1144012400105660043", "floors": 5, "height": 20.08}}, {"type": "Feature", "geometry": {"type": "Polygon", "coordinates": [[[126.92359721, 37.56004862], [126.92352777, 37.56000425], [126.92350567, 37.56002621], [126.92346507, 37.56000042], [126.92344377, 37.56002158], [126.9234604, 37.56003222], [126.92344839, 37.5600442], [126.92354441, 37.56010544], [126.92359721, 37.56004862]]]}, "properties": {"name": "동교동 197-18", "status": "partial", "capacity": 2, "active": 1, "industry": "의원", "vacancy_rate": 50.0, "vacancy_rate_lo": 50.0, "vacancy_rate_hi": 100.0, "stores": 1, "source": "stores+ledger", "capacity_method": "floor_ouln", "active_pip": 0, "licensed": 0, "com_floors": [1, 2], "occ_floors": [], "unknown_n": 1, "id": "1144012100101970018-1", "pnu": "1144012100101970018", "floors": 4, "height": 0.0}}, {"type": "Feature", "geometry": {"type": "Polygon", "coordinates": [[[126.92285017, 37.5601067], [126.92273491, 37.56002355], [126.92272665, 37.56002589], [126.92272642, 37.56002535], [126.92271714, 37.56002795], [126.92266118, 37.56007963], [126.92266129, 37.56008837], [126.92278536, 37.56016945], [126.92279623, 37.56016712], [126.92285118, 37.56011255], [126.92285017, 37.5601067]]]}, "properties": {"name": "일부", "status": "partial", "capacity": 4, "active": 2, "industry": "비알코올 ", "vacancy_rate": 50.0, "vacancy_rate_lo": 50.0, "vacancy_rate_hi": 50.0, "stores": 2, "source": "stores+ledger", "capacity_method": "floor_ouln", "active_pip": 0, "licensed": 2, "com_floors": [1, 2, 3, 4], "occ_floors": [1, 2], "unknown_n": 0, "id": "1144012100101970015-1", "pnu": "1144012100101970015", "floors": 4, "height": 0.0}}, {"type": "Feature", "geometry": {"type": "Polygon", "coordinates": [[[126.92154345, 37.55950775], [126.92145997, 37.55945004], [126.92140276, 37.55950244], [126.92148624, 37.55956016], [126.92154345, 37.55950775]]]}, "properties": {"name": "연남동 568-26", "status": "full", "capacity": 2, "active": 2, "industry": "서양식", "vacancy_rate": 0.0, "vacancy_rate_lo": 0.0, "vacancy_rate_hi": 0.0, "stores": 1, "source": "stores+ledger", "capacity_method": "floor_ouln", "active_pip": 0, "licensed": 1, "com_floors": [1, 2], "occ_floors": [1, 2], "unknown_n": 0, "id": "1144012400105680026-1", "pnu": "1144012400105680026", "floors": 2, "height": 6.0}}, {"type": "Feature", "geometry": {"type": "Polygon", "coordinates": [[[126.92145997, 37.55978494], [126.92134506, 37.55970972], [126.92129996, 37.55975591], [126.92131433, 37.55976511], [126.92128192, 37.55979545], [126.92138474, 37.55985634], [126.92145997, 37.55978494]]]}, "properties": {"name": "준빌딩", "status": "partial", "capacity": 2, "active": 1, "industry": "기타 간이", "vacancy_rate": 50.0, "vacancy_rate_lo": 50.0, "vacancy_rate_hi": 50.0, "stores": 1, "source": "stores+ledger", "capacity_method": "floor_ouln", "active_pip": 0, "licensed": 1, "com_floors": [1, 2], "occ_floors": [1], "unknown_n": 0, "id": "1144012400105680022-1", "pnu": "1144012400105680022", "floors": 4, "height": 12.52}}, {"type": "Feature", "geometry": {"type": "Polygon", "coordinates": [[[126.92302873, 37.55980894], [126.92298043, 37.55977486], [126.92292017, 37.55982906], [126.92288335, 37.55986435], [126.92288787, 37.55986733], [126.92288753, 37.55986769], [126.92292022, 37.55988934], [126.92302042, 37.55995995], [126.92310176, 37.55988684], [126.9230123, 37.55982371], [126.92302873, 37.55980894]]]}, "properties": {"name": "동교동 197-31", "status": "full", "capacity": 1, "active": 1, "industry": "한식", "vacancy_rate": 0.0, "vacancy_rate_lo": 0.0, "vacancy_rate_hi": 0.0, "stores": 1, "source": "stores+ledger", "capacity_method": "floor_ouln", "active_pip": 0, "licensed": 1, "com_floors": [1], "occ_floors": [1], "unknown_n": 0, "id": "1144012100101970031-1", "pnu": "1144012100101970031", "floors": 2, "height": 9.3}}, {"type": "Feature", "geometry": {"type": "Polygon", "coordinates": [[[126.91961444, 37.55779817], [126.91957565, 37.55777228], [126.91944797, 37.55789293], [126.91956185, 37.55796941], [126.91968965, 37.55784858], [126.91961444, 37.55779817]]]}, "properties": {"name": "동교동 203-10", "status": "full", "capacity": 2, "active": 2, "industry": "비알코올 ", "vacancy_rate": 0.0, "vacancy_rate_lo": 0.0, "vacancy_rate_hi": 50.0, "stores": 2, "source": "stores+ledger", "capacity_method": "floor_ouln", "active_pip": 0, "licensed": 2, "com_floors": [1, 2], "occ_floors": [1], "unknown_n": 1, "id": "1144012100102030010-1", "pnu": "1144012100102030010", "floors": 2, "height": 7.8}}, {"type": "Feature", "geometry": {"type": "Polygon", "coordinates": [[[126.9199062, 37.55802118], [126.92001688, 37.55791899], [126.91993025, 37.55785956], [126.91986466, 37.55792015], [126.91984395, 37.55790599], [126.91979899, 37.55794759], [126.9199062, 37.55802118]]]}, "properties": {"name": "동교동 203-34", "status": "empty", "capacity": 2, "active": 0, "industry": "", "vacancy_rate": 100.0, "source": "polygon_only", "capacity_method": "floor_approx", "active_pip": 0, "licensed": 0, "id": "1144012100102030034-1", "pnu": "1144012100102030034", "floors": 2, "height": 10.15}}, {"type": "Feature", "geometry": {"type": "Polygon", "coordinates": [[[126.92112049, 37.55789623], [126.9210991, 37.55789557], [126.92109253, 37.55789747], [126.92107736, 37.55790394], [126.92103747, 37.55795437], [126.92121334, 37.55807297], [126.92126851, 37.55802092], [126.92121446, 37.55798459], [126.92122998, 37.55797], [126.92112049, 37.55789623]]]}, "properties": {"name": "정암빌딩", "status": "full", "capacity": 3, "active": 3, "industry": "이용·미용", "vacancy_rate": 0.0, "vacancy_rate_lo": 0.0, "vacancy_rate_hi": 66.7, "stores": 5, "source": "stores+ledger", "capacity_method": "floor_ouln", "active_pip": 0, "licensed": 2, "com_floors": [1, 5, 6], "occ_floors": [1], "unknown_n": 2, "id": "1144012100102030050-1", "pnu": "1144012100102030050", "floors": 6, "height": 18.0}}, {"type": "Feature", "geometry": {"type": "Polygon", "coordinates": [[[126.92192831, 37.55935025], [126.92184178, 37.55929009], [126.92177484, 37.55935105], [126.92186136, 37.55941129], [126.92192831, 37.55935025]]]}, "properties": {"name": "동교동 204-58", "status": "full", "capacity": 2, "active": 2, "industry": "식료품 소매", "vacancy_rate": 0.0, "vacancy_rate_lo": 0.0, "vacancy_rate_hi": 50.0, "stores": 1, "source": "stores+ledger", "capacity_method": "floor_ouln", "active_pip": 0, "licensed": 1, "com_floors": [1, 2], "occ_floors": [1], "unknown_n": 1, "id": "1144012100102040058-1", "pnu": "1144012100102040058", "floors": 3, "height": 0.0}}, {"type": "Feature", "geometry": {"type": "Polygon", "coordinates": [[[126.92092325, 37.56034338], [126.92110341, 37.56015321], [126.92110781, 37.56015583], [126.92114895, 37.56011242], [126.9211371, 37.56007052], [126.92108824, 37.56004076], [126.92108223, 37.56004697], [126.92091054, 37.55994252], [126.9209162, 37.55993658], [126.92089336, 37.55992268], [126.9207847, 37.56003586], [126.9208348, 37.56006644], [126.92084103, 37.56005996], [126.92084115, 37.56005996], [126.92094272, 37.56011967], [126.92094238, 37.56012003], [126.92094622, 37.56012229], [126.92093002, 37.56013967], [126.92094823, 37.5601504], [126.92094868, 37.56015139], [126.92082269, 37.56029033], [126.92081906, 37.56028816], [126.92079629, 37.56031329], [126.92085319, 37.56034603], [126.9208542, 37.56034684], [126.9208482, 37.56035161], [126.92089412, 37.56038048], [126.92092879, 37.56034698], [126.92092325, 37.56034338]]]}, "properties": {"name": "지남빌딩", "status": "full", "capacity": 3, "active": 3, "industry": "이용·미용", "vacancy_rate": 0.0, "vacancy_rate_lo": 0.0, "vacancy_rate_hi": 0.0, "stores": 15, "source": "stores+ledger", "capacity_method": "floor_ouln", "active_pip": 0, "licensed": 0, "com_floors": [1, 2, 3], "occ_floors": [1, 2, 3], "unknown_n": 0, "id": "1144012400105650015-1", "pnu": "1144012400105650015", "floors": 5, "height": 16.5}}, {"type": "Feature", "geometry": {"type": "Polygon", "coordinates": [[[126.92002099, 37.55905876], [126.91993186, 37.55900761], [126.9198233, 37.55912774], [126.91991266, 37.55917887], [126.92002099, 37.55905876]]]}, "properties": {"name": "일부", "status": "full", "capacity": 2, "active": 2, "industry": "섬유·의복·신발 소매", "vacancy_rate": 0.0, "vacancy_rate_lo": 0.0, "vacancy_rate_hi": 0.0, "stores": 4, "source": "stores+ledger", "capacity_method": "floor_ouln", "active_pip": 0, "licensed": 1, "com_floors": [1, 2], "occ_floors": [1, 2], "unknown_n": 0, "id": "1144012400105700020-1", "pnu": "1144012400105700020", "floors": 4, "height": 0.0}}, {"type": "Feature", "geometry": {"type": "Polygon", "coordinates": [[[126.92085105, 37.55904301], [126.92077505, 37.5589862], [126.92077052, 37.55899043], [126.92074315, 37.55897203], [126.92057299, 37.55913274], [126.9206801, 37.55920462], [126.92085105, 37.55904301]]]}, "properties": {"name": "연남동 568-33", "status": "empty", "capacity": 5, "active": 0, "industry": "", "vacancy_rate": 100.0, "source": "polygon_only", "capacity_method": "floor_approx", "active_pip": 0, "licensed": 0, "id": "1144012400105680033-1", "pnu": "1144012400105680033", "floors": 5, "height": 17.6}}, {"type": "Feature", "geometry": {"type": "Polygon", "coordinates": [[[126.92221033, 37.55872073], [126.92216725, 37.55868205], [126.92215468, 37.55869087], [126.92211273, 37.55865318], [126.92210185, 37.55866083], [126.92209992, 37.55866254], [126.92209688, 37.55866029], [126.92202676, 37.55871178], [126.9221256, 37.55879077], [126.92221033, 37.55872073]]]}, "properties": {"name": "동교동 204-34", "status": "empty", "capacity": 1, "active": 0, "industry": "한식", "vacancy_rate": 100.0, "vacancy_rate_lo": 100.0, "vacancy_rate_hi": 100.0, "stores": 1, "source": "stores+ledger", "capacity_method": "floor_ouln", "active_pip": 0, "licensed": 0, "com_floors": [1], "occ_floors": [], "unknown_n": 0, "id": "1144012100102040034-1", "pnu": "1144012100102040034", "floors": 2, "height": 0.0}}, {"type": "Feature", "geometry": {"type": "Polygon", "coordinates": [[[126.92340034, 37.55877457], [126.92341201, 37.55876629], [126.92336561, 37.55864616], [126.92329294, 37.55866422], [126.92329428, 37.55866746], [126.92328296, 37.55867043], [126.92330204, 37.55871594], [126.92331666, 37.55871208], [126.92332682, 37.55873641], [126.92329297, 37.5587454], [126.92330482, 37.5587737], [126.92332361, 37.55876875], [126.9233331, 37.55879138], [126.92334509, 37.5587985], [126.92334735, 37.55879895], [126.9233512, 37.5587995], [126.92335357, 37.55879959], [126.92336139, 37.55879698], [126.92336512, 37.55879374], [126.92336637, 37.5587832], [126.92340034, 37.55877457]]]}, "properties": {"name": "동교동 199-2", "status": "full", "capacity": 3, "active": 3, "industry": "비알코올 ", "vacancy_rate": 0.0, "vacancy_rate_lo": 0.0, "vacancy_rate_hi": 33.3, "stores": 3, "source": "stores+ledger", "capacity_method": "floor_ouln", "active_pip": 0, "licensed": 0, "com_floors": [1, 2, 4], "occ_floors": [2, 4], "unknown_n": 1, "id": "1144012100101990002-1", "pnu": "1144012100101990002", "floors": 5, "height": 0.0}}, {"type": "Feature", "geometry": {"type": "Polygon", "coordinates": [[[126.92076096, 37.55755739], [126.92067942, 37.55749165], [126.92060771, 37.55755593], [126.92070915, 37.5576334], [126.92076646, 37.55758577], [126.92075799, 37.55757928], [126.92075594, 37.55757766], [126.92076558, 37.55757019], [126.92075528, 37.55756189], [126.92076096, 37.55755739]]]}, "properties": {"name": "동교동 203-28", "status": "empty", "capacity": 2, "active": 0, "industry": "", "vacancy_rate": 100.0, "source": "polygon_only", "capacity_method": "floor_approx", "active_pip": 0, "licensed": 0, "id": "1144012100102030028-1", "pnu": "1144012100102030028", "floors": 2, "height": 0.0}}, {"type": "Feature", "geometry": {"type": "Polygon", "coordinates": [[[126.92300328, 37.55759491], [126.92299354, 37.55759383], [126.92290927, 37.55766576], [126.92299455, 37.55772618], [126.92301988, 37.55774719], [126.92302303, 37.55774954], [126.92308443, 37.55769777], [126.92308443, 37.55769768], [126.92311173, 37.55767408], [126.92300328, 37.55759491]]]}, "properties": {"name": "동교동 158-25", "status": "full", "capacity": 3, "active": 3, "industry": "욕탕·신체관리", "vacancy_rate": 0.0, "vacancy_rate_lo": 0.0, "vacancy_rate_hi": 0.0, "stores": 6, "source": "stores+ledger", "capacity_method": "floor_ouln", "active_pip": 0, "licensed": 3, "com_floors": [1, 2, 5], "occ_floors": [1, 2, 5], "unknown_n": 0, "id": "1144012100101580025-1", "pnu": "1144012100101580025", "floors": 5, "height": 0.0}}, {"type": "Feature", "geometry": {"type": "Polygon", "coordinates": [[[126.92104048, 37.55778301], [126.92107175, 37.55775311], [126.92108023, 37.55775871], [126.92112555, 37.55771296], [126.9211447, 37.55769459], [126.92109019, 37.55765833], [126.92107217, 37.55767554], [126.92099448, 37.55762403], [126.92098179, 37.55763611], [126.92091506, 37.55769985], [126.92104048, 37.55778301]]]}, "properties": {"name": "우퍼빌딩", "status": "full", "capacity": 2, "active": 2, "industry": "유원지·오락", "vacancy_rate": 0.0, "vacancy_rate_lo": 0.0, "vacancy_rate_hi": 0.0, "stores": 4, "source": "stores+ledger", "capacity_method": "floor_ouln", "active_pip": 0, "licensed": 1, "com_floors": [1, 2], "occ_floors": [1, 2], "unknown_n": 0, "id": "1144012100102030030-1", "pnu": "1144012100102030030", "floors": 3, "height": 11.89}}, {"type": "Feature", "geometry": {"type": "Polygon", "coordinates": [[[126.92256201, 37.55901441], [126.92251413, 37.55901213], [126.92231784, 37.55916409], [126.92241363, 37.55923605], [126.92244942, 37.5592058], [126.92244252, 37.55920057], [126.92261753, 37.55906482], [126.92256201, 37.55901441]]]}, "properties": {"name": "동교동 197-4", "status": "full", "capacity": 2, "active": 2, "industry": "한식", "vacancy_rate": 0.0, "vacancy_rate_lo": 0.0, "vacancy_rate_hi": 50.0, "stores": 4, "source": "stores+ledger+pip", "capacity_method": "floor_ouln", "active_pip": 1, "licensed": 3, "com_floors": [1, 2], "occ_floors": [1], "unknown_n": 1, "id": "1144012100101970004-1", "pnu": "1144012100101970004", "floors": 2, "height": 0.0}}, {"type": "Feature", "geometry": {"type": "Polygon", "coordinates": [[[126.92201701, 37.55927886], [126.92190367, 37.55919914], [126.9218458, 37.55925135], [126.92195912, 37.55933108], [126.92201701, 37.55927886]]]}, "properties": {"name": "동교동 204-9", "status": "high", "capacity": 5, "active": 2, "industry": "", "vacancy_rate": 60.0, "source": "pip_only", "capacity_method": "floor_approx", "active_pip": 0, "licensed": 2, "id": "1144012100102040009-1", "pnu": "1144012100102040009", "floors": 5, "height": 13.8}}, {"type": "Feature", "geometry": {"type": "Polygon", "coordinates": [[[126.92039721, 37.55883161], [126.92043789, 37.55878794], [126.92044399, 37.55879154], [126.92045962, 37.5587748], [126.92033227, 37.55869056], [126.92027029, 37.55875574], [126.92034189, 37.55879895], [126.92039721, 37.55883161]]]}, "properties": {"name": "연남동 570-28", "status": "partial", "capacity": 2, "active": 1, "industry": "비알코올 ", "vacancy_rate": 50.0, "vacancy_rate_lo": 50.0, "vacancy_rate_hi": 50.0, "stores": 1, "source": "stores+ledger", "capacity_method": "floor_ouln", "active_pip": 0, "licensed": 1, "com_floors": [1, 4], "occ_floors": [1], "unknown_n": 0, "id": "1144012400105700028-1", "pnu": "1144012400105700028", "floors": 4, "height": 0.0}}, {"type": "Feature", "geometry": {"type": "Polygon", "coordinates": [[[126.92357164, 37.55926248], [126.92354547, 37.55917309], [126.92342792, 37.55924564], [126.92348864, 37.55930802], [126.92357164, 37.55926248]]]}, "properties": {"name": "동교동 198-24", "status": "full", "capacity": 2, "active": 2, "industry": "기타 교육", "vacancy_rate": 0.0, "vacancy_rate_lo": 0.0, "vacancy_rate_hi": 0.0, "stores": 3, "source": "stores+ledger", "capacity_method": "floor_ouln", "active_pip": 0, "licensed": 0, "com_floors": [2, 3], "occ_floors": [2, 3], "unknown_n": 0, "id": "1144012100101980024-1", "pnu": "1144012100101980024", "floors": 6, "height": 20.2}}, {"type": "Feature", "geometry": {"type": "Polygon", "coordinates": [[[126.92334641, 37.55927541], [126.92325662, 37.55919327], [126.92318176, 37.5592452], [126.92326736, 37.55932752], [126.92334641, 37.55927541]]]}, "properties": {"name": "동교동 198-25", "status": "empty", "capacity": 4, "active": 0, "industry": "", "vacancy_rate": 100.0, "source": "polygon_only", "capacity_method": "floor_approx", "active_pip": 0, "licensed": 0, "id": "1144012100101980025-1", "pnu": "1144012100101980025", "floors": 4, "height": 10.4}}, {"type": "Feature", "geometry": {"type": "Polygon", "coordinates": [[[126.91981103, 37.55801264], [126.91969476, 37.55793257], [126.91961727, 37.5580036], [126.91974677, 37.55809289], [126.91978948, 37.55805363], [126.91977636, 37.55804452], [126.91981103, 37.55801264]]]}, "properties": {"name": "동교동 203-13", "status": "empty", "capacity": 7, "active": 0, "industry": "", "vacancy_rate": 100.0, "source": "polygon_only", "capacity_method": "floor_approx", "active_pip": 0, "licensed": 0, "id": "1144012100102030013-1", "pnu": "1144012100102030013", "floors": 7, "height": 22.62}}, {"type": "Feature", "geometry": {"type": "Polygon", "coordinates": [[[126.92089475, 37.55828368], [126.92084352, 37.55825049], [126.92075435, 37.55833765], [126.92086552, 37.5584152], [126.92094347, 37.55833894], [126.92088025, 37.5582979], [126.92089475, 37.55828368]]]}, "properties": {"name": "동교동 203-49", "status": "empty", "capacity": 2, "active": 0, "industry": "", "vacancy_rate": 100.0, "source": "polygon_only", "capacity_method": "floor_approx", "active_pip": 0, "licensed": 0, "id": "1144012100102030049-1", "pnu": "1144012100102030049", "floors": 2, "height": 10.6}}, {"type": "Feature", "geometry": {"type": "Polygon", "coordinates": [[[126.91978602, 37.55831825], [126.91975582, 37.55830147], [126.91970891, 37.55835514], [126.91968863, 37.55837711], [126.91977911, 37.55842943], [126.91984687, 37.55835578], [126.91978489, 37.55831969], [126.91978602, 37.55831825]]]}, "properties": {"name": "연남동 570-36", "status": "full", "capacity": 2, "active": 2, "industry": "비알코올 ", "vacancy_rate": 0.0, "vacancy_rate_lo": 0.0, "vacancy_rate_hi": 0.0, "stores": 2, "source": "stores+ledger", "capacity_method": "floor_ouln", "active_pip": 0, "licensed": 1, "com_floors": [1, 3], "occ_floors": [1, 3], "unknown_n": 0, "id": "1144012400105700036-1", "pnu": "1144012400105700036", "floors": 4, "height": 0.0}}, {"type": "Feature", "geometry": {"type": "Polygon", "coordinates": [[[126.92053501, 37.55823677], [126.92042123, 37.55816146], [126.92021935, 37.55835476], [126.92034963, 37.55844144], [126.9203604, 37.55843117], [126.92034287, 37.55841954], [126.92053501, 37.55823677]]]}, "properties": {"name": "신원빌딩", "status": "full", "capacity": 2, "active": 2, "industry": "섬유·의복·신발 소매", "vacancy_rate": 0.0, "vacancy_rate_lo": 0.0, "vacancy_rate_hi": 0.0, "stores": 1, "source": "stores+ledger", "capacity_method": "floor_ouln", "active_pip": 0, "licensed": 0, "com_floors": [3, 5], "occ_floors": [3, 5], "unknown_n": 0, "id": "1144012100102030002-1", "pnu": "1144012100102030002", "floors": 7, "height": 25.65}}, {"type": "Feature", "geometry": {"type": "Polygon", "coordinates": [[[126.92074519, 37.55833305], [126.92083492, 37.55824489], [126.9207993, 37.55821802], [126.9207814, 37.55823305], [126.92072068, 37.55818725], [126.9206382, 37.55826306], [126.92070526, 37.55830942], [126.92070776, 37.55830716], [126.92074519, 37.55833305]]]}, "properties": {"name": "동교동 203-48", "status": "empty", "capacity": 2, "active": 0, "industry": "", "vacancy_rate": 100.0, "source": "polygon_only", "capacity_method": "floor_approx", "active_pip": 0, "licensed": 0, "id": "1144012100102030048-1", "pnu": "1144012100102030048", "floors": 2, "height": 0.0}}, {"type": "Feature", "geometry": {"type": "Polygon", "coordinates": [[[126.92371812, 37.55858493], [126.92367702, 37.55847886], [126.92358487, 37.55850142], [126.92362608, 37.55860759], [126.92371812, 37.55858493]]]}, "properties": {"name": "동교동 153-8", "status": "full", "capacity": 3, "active": 3, "industry": "한식", "vacancy_rate": 0.0, "vacancy_rate_lo": 0.0, "vacancy_rate_hi": 0.0, "stores": 2, "source": "stores+ledger", "capacity_method": "floor_ouln", "active_pip": 0, "licensed": 2, "com_floors": [1, 2, 3], "occ_floors": [1, 2, 3], "unknown_n": 0, "id": "1144012100101530008-1", "pnu": "1144012100101530008", "floors": 4, "height": 14.0}}, {"type": "Feature", "geometry": {"type": "Polygon", "coordinates": [[[126.91921094, 37.55844977], [126.91910801, 37.55839167], [126.9189946, 37.55850512], [126.91909367, 37.5585678], [126.91910613, 37.55855538], [126.91921094, 37.55844977]]]}, "properties": {"name": "연남동 570-48", "status": "empty", "capacity": 2, "active": 0, "industry": "", "vacancy_rate": 100.0, "source": "polygon_only", "capacity_method": "floor_approx", "active_pip": 0, "licensed": 0, "id": "1144012400105700048-1", "pnu": "1144012400105700048", "floors": 2, "height": 0.0}}, {"type": "Feature", "geometry": {"type": "Polygon", "coordinates": [[[126.92066942, 37.5585941], [126.92044626, 37.55846114], [126.92038293, 37.5585284], [126.92060043, 37.55865812], [126.92066942, 37.5585941]]]}, "properties": {"name": "함께일하는재단", "status": "partial", "capacity": 5, "active": 4, "industry": "기타 교육", "vacancy_rate": 20.0, "vacancy_rate_lo": 20.0, "vacancy_rate_hi": 40.0, "stores": 13, "source": "stores+ledger", "capacity_method": "floor_ouln", "active_pip": 0, "licensed": 0, "com_floors": [1, 2, 3, 4, 5], "occ_floors": [3, 4, 5], "unknown_n": 1, "id": "1144012100102030004-1", "pnu": "1144012100102030004", "floors": 6, "height": 20.6}}, {"type": "Feature", "geometry": {"type": "Polygon", "coordinates": [[[126.92329476, 37.55864818], [126.92328403, 37.55862169], [126.92334652, 37.55860506], [126.92330295, 37.55850052], [126.92314944, 37.55854114], [126.92316197, 37.55857196], [126.92309698, 37.55858868], [126.9231199, 37.55864528], [126.9231799, 37.55862982], [126.92319751, 37.55867317], [126.92329476, 37.55864818]]]}, "properties": {"name": "현우빌딩", "status": "full", "capacity": 5, "active": 5, "industry": "의원", "vacancy_rate": 0.0, "vacancy_rate_lo": 0.0, "vacancy_rate_hi": 20.0, "stores": 6, "source": "stores+ledger", "capacity_method": "floor_ouln", "active_pip": 0, "licensed": 0, "com_floors": [1, 2, 3, 5, 6], "occ_floors": [2, 3, 5, 6], "unknown_n": 1, "id": "1144012100101990001-1", "pnu": "1144012100101990001", "floors": 6, "height": 23.1}}, {"type": "Feature", "geometry": {"type": "Polygon", "coordinates": [[[126.92097355, 37.55976307], [126.92092648, 37.55973638], [126.92086508, 37.55980509], [126.92097242, 37.55986598], [126.9210174, 37.55981564], [126.9210113, 37.55981221], [126.92101911, 37.55980356], [126.92096494, 37.5597728], [126.92097355, 37.55976307]]]}, "properties": {"name": "연남동 568-15", "status": "full", "capacity": 2, "active": 2, "industry": "기타 간이", "vacancy_rate": 0.0, "vacancy_rate_lo": 0.0, "vacancy_rate_hi": 0.0, "stores": 1, "source": "stores+ledger", "capacity_method": "floor_ouln", "active_pip": 0, "licensed": 1, "com_floors": [1, 2], "occ_floors": [1, 2], "unknown_n": 0, "id": "1144012400105680015-1", "pnu": "1144012400105680015", "floors": 2, "height": 0.0}}, {"type": "Feature", "geometry": {"type": "Polygon", "coordinates": [[[126.92343495, 37.55935448], [126.92339367, 37.55931454], [126.92318981, 37.5594591], [126.92327528, 37.55954656], [126.92345048, 37.55943756], [126.92343495, 37.55935448]]]}, "properties": {"name": "동교동 198-20", "status": "empty", "capacity": 10, "active": 0, "industry": "", "vacancy_rate": 100.0, "source": "polygon_only", "capacity_method": "floor_approx", "active_pip": 0, "licensed": 0, "id": "1144012100101980020-1", "pnu": "1144012100101980020", "floors": 10, "height": 33.7}}, {"type": "Feature", "geometry": {"type": "Polygon", "coordinates": [[[126.91955299, 37.5602426], [126.91966964, 37.5603165], [126.91973072, 37.56026411], [126.91971806, 37.56025652], [126.91973543, 37.56023972], [126.91963096, 37.56017034], [126.91955299, 37.5602426]]]}, "properties": {"name": "스카이제이빌리지", "status": "full", "capacity": 1, "active": 1, "industry": "기타 교육", "vacancy_rate": 0.0, "vacancy_rate_lo": null, "vacancy_rate_hi": null, "stores": 1, "source": "stores+ledger", "capacity_method": "expos_units", "active_pip": 0, "licensed": 0, "com_floors": null, "occ_floors": null, "unknown_n": null, "id": "1144012400105620006-1", "pnu": "1144012400105620006", "floors": 5, "height": 16.1}}, {"type": "Feature", "geometry": {"type": "Polygon", "coordinates": [[[126.91863555, 37.55929655], [126.91878897, 37.55938571], [126.91885659, 37.55931208], [126.91869381, 37.55921543], [126.91863318, 37.55928395], [126.91863555, 37.55929655]]]}, "properties": {"name": "도화엘리시아", "status": "full", "capacity": 3, "active": 3, "industry": "이용·미용", "vacancy_rate": 0.0, "vacancy_rate_lo": null, "vacancy_rate_hi": null, "stores": 3, "source": "stores+ledger", "capacity_method": "expos_units", "active_pip": 0, "licensed": 1, "com_floors": null, "occ_floors": null, "unknown_n": null, "id": "1144012400105640025-1", "pnu": "1144012400105640025", "floors": 5, "height": 14.6}}, {"type": "Feature", "geometry": {"type": "Polygon", "coordinates": [[[126.92015379, 37.55912255], [126.92020228, 37.55907123], [126.92015591, 37.55904624], [126.92017801, 37.55902021], [126.92012993, 37.55899432], [126.92006262, 37.55907374], [126.92012607, 37.55910956], [126.92012834, 37.55910721], [126.92015379, 37.55912255]]]}, "properties": {"name": "연남동 570-25", "status": "partial", "capacity": 3, "active": 2, "industry": "의원", "vacancy_rate": 33.3, "vacancy_rate_lo": 33.3, "vacancy_rate_hi": 66.7, "stores": 2, "source": "stores+ledger", "capacity_method": "floor_ouln", "active_pip": 0, "licensed": 2, "com_floors": [1, 2, 3], "occ_floors": [1], "unknown_n": 1, "id": "1144012400105700025-1", "pnu": "1144012400105700025", "floors": 3, "height": 9.3}}, {"type": "Feature", "geometry": {"type": "Polygon", "coordinates": [[[126.92197372, 37.55900132], [126.92199388, 37.55898601], [126.92199603, 37.55898783], [126.92203352, 37.55895928], [126.92202617, 37.55895315], [126.92204021, 37.55894244], [126.92200052, 37.55890934], [126.92199327, 37.55891484], [126.92196071, 37.55888769], [126.92192763, 37.55891281], [126.92192616, 37.55891164], [126.92189467, 37.55893558], [126.92197372, 37.55900132]]]}, "properties": {"name": "경윤빌딩", "status": "full", "capacity": 3, "active": 3, "industry": "이용·미용", "vacancy_rate": 0.0, "vacancy_rate_lo": 0.0, "vacancy_rate_hi": 0.0, "stores": 5, "source": "stores+ledger", "capacity_method": "floor_ouln", "active_pip": 0, "licensed": 3, "com_floors": [1, 2, 3], "occ_floors": [1, 2, 3], "unknown_n": 0, "id": "1144012100102040055-1", "pnu": "1144012100102040055", "floors": 3, "height": 11.05}}, {"type": "Feature", "geometry": {"type": "Polygon", "coordinates": [[[126.91919816, 37.55813104], [126.91931258, 37.55819788], [126.91943251, 37.55806775], [126.91931809, 37.55800091], [126.91919816, 37.55813104]]]}, "properties": {"name": "연남동 570-46", "status": "empty", "capacity": 4, "active": 0, "industry": "", "vacancy_rate": 100.0, "source": "polygon_only", "capacity_method": "floor_approx", "active_pip": 0, "licensed": 0, "id": "1144012400105700046-1", "pnu": "1144012400105700046", "floors": 4, "height": 16.85}}, {"type": "Feature", "geometry": {"type": "Polygon", "coordinates": [[[126.92223539, 37.55900821], [126.92229698, 37.55905979], [126.92237243, 37.55900269], [126.92231083, 37.55895112], [126.92223539, 37.55900821]]]}, "properties": {"name": "일부호", "status": "full", "capacity": 3, "active": 3, "industry": "서양식", "vacancy_rate": 0.0, "vacancy_rate_lo": 0.0, "vacancy_rate_hi": 0.0, "stores": 2, "source": "stores+ledger", "capacity_method": "floor_ouln", "active_pip": 0, "licensed": 2, "com_floors": [1, 2, 3], "occ_floors": [1, 2, 3], "unknown_n": 0, "id": "1144012100102040022-1", "pnu": "1144012100102040022", "floors": 4, "height": 13.4}}, {"type": "Feature", "geometry": {"type": "Polygon", "coordinates": [[[126.92113945, 37.55994651], [126.92116376, 37.55996101], [126.92115957, 37.55996547], [126.9212138, 37.55999781], [126.92124253, 37.55999054], [126.92128385, 37.55994663], [126.92118006, 37.55988474], [126.92114854, 37.55991824], [126.92115976, 37.55992493], [126.92113945, 37.55994651]]]}, "properties": {"name": "호산나빌", "status": "full", "capacity": 1, "active": 1, "industry": "한식", "vacancy_rate": 0.0, "vacancy_rate_lo": null, "vacancy_rate_hi": null, "stores": 1, "source": "stores+ledger", "capacity_method": "expos_units", "active_pip": 0, "licensed": 1, "com_floors": null, "occ_floors": null, "unknown_n": null, "id": "1144012400105680020-1", "pnu": "1144012400105680020", "floors": 4, "height": 11.2}}, {"type": "Feature", "geometry": {"type": "Polygon", "coordinates": [[[126.91907459, 37.55910851], [126.91917517, 37.55900724], [126.9190785, 37.55894639], [126.91897791, 37.55904766], [126.91907459, 37.55910851]]]}, "properties": {"name": "연남동 564-34", "status": "empty", "capacity": 2, "active": 0, "industry": "", "vacancy_rate": 100.0, "source": "polygon_only", "capacity_method": "floor_approx", "active_pip": 0, "licensed": 0, "id": "1144012400105640034-1", "pnu": "1144012400105640034", "floors": 2, "height": 7.45}}, {"type": "Feature", "geometry": {"type": "Polygon", "coordinates": [[[126.92047628, 37.55907556], [126.92050721, 37.55904755], [126.92054295, 37.55907344], [126.92068999, 37.55894361], [126.92055428, 37.55885162], [126.92053932, 37.55887035], [126.9205314, 37.55886124], [126.92038253, 37.559009], [126.92047628, 37.55907556]]]}, "properties": {"name": "연남동 568-48", "status": "empty", "capacity": 5, "active": 0, "industry": "", "vacancy_rate": 100.0, "source": "polygon_only", "capacity_method": "floor_approx", "active_pip": 0, "licensed": 0, "id": "1144012400105680048-1", "pnu": "1144012400105680048", "floors": 5, "height": 17.6}}, {"type": "Feature", "geometry": {"type": "Polygon", "coordinates": [[[126.92026197, 37.55880917], [126.92023472, 37.55879284], [126.92018361, 37.55884696], [126.92020295, 37.55886067], [126.92019616, 37.5588667], [126.92019604, 37.55886679], [126.92031629, 37.55893733], [126.92032331, 37.55893039], [126.9203309, 37.55892256], [126.92037395, 37.55888223], [126.92037125, 37.55887348], [126.92026197, 37.55880917]]]}, "properties": {"name": "연남동 570-27", "status": "full", "capacity": 3, "active": 3, "industry": "기타 교육", "vacancy_rate": 0.0, "vacancy_rate_lo": 0.0, "vacancy_rate_hi": 0.0, "stores": 2, "source": "stores+ledger", "capacity_method": "floor_ouln", "active_pip": 0, "licensed": 1, "com_floors": [1, 2, 3], "occ_floors": [1, 2, 3], "unknown_n": 0, "id": "1144012400105700027-1", "pnu": "1144012400105700027", "floors": 4, "height": 12.2}}, {"type": "Feature", "geometry": {"type": "Polygon", "coordinates": [[[126.92309912, 37.55827225], [126.92307289, 37.55824493], [126.92298604, 37.5582947], [126.92301385, 37.55832535], [126.92298191, 37.55834371], [126.92303459, 37.55840195], [126.92306709, 37.55838332], [126.9230671, 37.55838116], [126.92306585, 37.55838116], [126.92315226, 37.55833382], [126.92309912, 37.55827225]]]}, "properties": {"name": "동교동 200-23", "status": "full", "capacity": 5, "active": 5, "industry": "기타 교육", "vacancy_rate": 0.0, "vacancy_rate_lo": 0.0, "vacancy_rate_hi": 40.0, "stores": 4, "source": "stores+ledger", "capacity_method": "floor_ouln", "active_pip": 0, "licensed": 1, "com_floors": [1, 2, 4, 5, 6], "occ_floors": [1, 5, 6], "unknown_n": 2, "id": "1144012100102000023-1", "pnu": "1144012100102000023", "floors": 8, "height": 27.18}}, {"type": "Feature", "geometry": {"type": "Polygon", "coordinates": [[[126.92298597, 37.55813099], [126.9229706, 37.55811413], [126.92291975, 37.55814509], [126.92293807, 37.55816402], [126.92298597, 37.55813099]]]}, "properties": {"name": "동교동 200-25", "status": "full", "capacity": 1, "active": 1, "industry": "일식", "vacancy_rate": 0.0, "vacancy_rate_lo": 0.0, "vacancy_rate_hi": 0.0, "stores": 1, "source": "stores+ledger", "capacity_method": "floor_ouln", "active_pip": 0, "licensed": 1, "com_floors": [1], "occ_floors": [1], "unknown_n": 0, "id": "1144012100102000025-1", "pnu": "1144012100102000025", "floors": 0, "height": 0.0}}, {"type": "Feature", "geometry": {"type": "Polygon", "coordinates": [[[126.92108364, 37.55900562], [126.92118844, 37.55907755], [126.92120859, 37.55905891], [126.92123828, 37.55907929], [126.92125636, 37.5590626], [126.92125898, 37.55906441], [126.92128609, 37.55903938], [126.92129481, 37.55904537], [126.92138139, 37.55896542], [126.921336, 37.55893427], [126.9213337, 37.55893637], [126.9212358, 37.55886932], [126.92108364, 37.55900562]]]}, "properties": {"name": "동교동 204-3", "status": "high", "capacity": 4, "active": 1, "industry": "비알코올 ", "vacancy_rate": 75.0, "vacancy_rate_lo": 75.0, "vacancy_rate_hi": 75.0, "stores": 1, "source": "stores+ledger", "capacity_method": "floor_ouln", "active_pip": 0, "licensed": 1, "com_floors": [1, 2, 6, 7], "occ_floors": [1], "unknown_n": 0, "id": "1144012100102040003-1", "pnu": "1144012100102040003", "floors": 7, "height": 22.72}}, {"type": "Feature", "geometry": {"type": "Polygon", "coordinates": [[[126.92119534, 37.55787839], [126.92125932, 37.55792287], [126.92126777, 37.55791544], [126.92131955, 37.5579513], [126.92138998, 37.55788853], [126.92128918, 37.55779301], [126.92120229, 37.55787084], [126.92120282, 37.55787163], [126.92119534, 37.55787839]]]}, "properties": {"name": "마로빌딩", "status": "partial", "capacity": 2, "active": 1, "industry": "스포츠 서비스", "vacancy_rate": 50.0, "vacancy_rate_lo": 50.0, "vacancy_rate_hi": 50.0, "stores": 2, "source": "stores+ledger", "capacity_method": "floor_ouln", "active_pip": 0, "licensed": 0, "com_floors": [1, 2], "occ_floors": [1], "unknown_n": 0, "id": "1144012100102030008-1", "pnu": "1144012100102030008", "floors": 6, "height": 20.6}}, {"type": "Feature", "geometry": {"type": "Polygon", "coordinates": [[[126.9205361, 37.55945239], [126.92043384, 37.55939538], [126.92035532, 37.55947561], [126.92045214, 37.55953793], [126.9205361, 37.55945239]]]}, "properties": {"name": "연남동 568-1", "status": "empty", "capacity": 6, "active": 0, "industry": "", "vacancy_rate": 100.0, "source": "polygon_only", "capacity_method": "floor_approx", "active_pip": 0, "licensed": 0, "id": "1144012400105680001-1", "pnu": "1144012400105680001", "floors": 6, "height": 17.8}}, {"type": "Feature", "geometry": {"type": "Polygon", "coordinates": [[[126.92253041, 37.55990358], [126.92242196, 37.55982432], [126.92236044, 37.55987771], [126.92238657, 37.55989683], [126.92238147, 37.55990142], [126.92247218, 37.55996311], [126.92253041, 37.55990358]]]}, "properties": {"name": "동교동 197-25", "status": "full", "capacity": 4, "active": 4, "industry": "서양식", "vacancy_rate": 0.0, "vacancy_rate_lo": 0.0, "vacancy_rate_hi": 0.0, "stores": 1, "source": "stores+ledger", "capacity_method": "floor_ouln", "active_pip": 0, "licensed": 1, "com_floors": [1, 2, 3, 4], "occ_floors": [1, 2, 3, 4], "unknown_n": 0, "id": "1144012100101970025-1", "pnu": "1144012100101970025", "floors": 6, "height": 20.7}}, {"type": "Feature", "geometry": {"type": "Polygon", "coordinates": [[[126.92140089, 37.56011007], [126.92143499, 37.56007261], [126.9214351, 37.56007252], [126.92147408, 37.56003083], [126.9214, 37.55998834], [126.92134707, 37.56004633], [126.92135239, 37.56004931], [126.92132997, 37.56007389], [126.92133957, 37.56007939], [126.9213423, 37.56007633], [126.92140089, 37.56011007]]]}, "properties": {"name": "다인빌딩", "status": "full", "capacity": 3, "active": 3, "industry": "이용·미용", "vacancy_rate": 0.0, "vacancy_rate_lo": 0.0, "vacancy_rate_hi": 0.0, "stores": 2, "source": "stores+ledger", "capacity_method": "floor_ouln", "active_pip": 0, "licensed": 1, "com_floors": [1, 2, 3], "occ_floors": [1, 2, 3], "unknown_n": 0, "id": "1144012400105670001-1", "pnu": "1144012400105670001", "floors": 5, "height": 0.0}}, {"type": "Feature", "geometry": {"type": "Polygon", "coordinates": [[[126.92264594, 37.56025893], [126.92257898, 37.56021275], [126.92250127, 37.56028406], [126.92249991, 37.56028613], [126.92259639, 37.56035107], [126.92266675, 37.56027714], [126.922643, 37.5602628], [126.922643, 37.56026271], [126.92264594, 37.56025893]]]}, "properties": {"name": "연남동 567-30", "status": "partial", "capacity": 3, "active": 2, "industry": "섬유·의복·신발 소매", "vacancy_rate": 33.3, "vacancy_rate_lo": 33.3, "vacancy_rate_hi": 33.3, "stores": 2, "source": "stores+ledger", "capacity_method": "floor_ouln", "active_pip": 0, "licensed": 0, "com_floors": [1, 2, 3], "occ_floors": [1, 3], "unknown_n": 0, "id": "1144012400105670030-1", "pnu": "1144012400105670030", "floors": 4, "height": 0.0}}, {"type": "Feature", "geometry": {"type": "Polygon", "coordinates": [[[126.92317333, 37.56029089], [126.9230643, 37.56021667], [126.92296585, 37.5603077], [126.92307545, 37.56038228], [126.92317333, 37.56029089]]]}, "properties": {"name": "동교동 197-16", "status": "full", "capacity": 1, "active": 1, "industry": "일반 숙박", "vacancy_rate": 0.0, "vacancy_rate_lo": 0.0, "vacancy_rate_hi": 0.0, "stores": 1, "source": "stores+ledger", "capacity_method": "floor_ouln", "active_pip": 0, "licensed": 0, "com_floors": [1], "occ_floors": [1], "unknown_n": 0, "id": "1144012100101970016-1", "pnu": "1144012100101970016", "floors": 3, "height": 0.0}}, {"type": "Feature", "geometry": {"type": "Polygon", "coordinates": [[[126.92285202, 37.55896811], [126.92272876, 37.55886171], [126.92264722, 37.55891788], [126.92264875, 37.55896257], [126.92274601, 37.55904273], [126.92285202, 37.55896811]]]}, "properties": {"name": "한양빌딩", "status": "partial", "capacity": 5, "active": 4, "industry": "종합 소매", "vacancy_rate": 20.0, "vacancy_rate_lo": 20.0, "vacancy_rate_hi": 40.0, "stores": 2, "source": "stores+ledger", "capacity_method": "floor_ouln", "active_pip": 0, "licensed": 1, "com_floors": [1, 2, 3, 4, 5], "occ_floors": [1, 4, 5], "unknown_n": 1, "id": "1144012100101980001-1", "pnu": "1144012100101980001", "floors": 6, "height": 19.75}}, {"type": "Feature", "geometry": {"type": "Polygon", "coordinates": [[[126.9216932, 37.55841161], [126.92165193, 37.55837185], [126.92163449, 37.55838337], [126.92155941, 37.55831097], [126.92147425, 37.55836696], [126.92159455, 37.55848282], [126.9216932, 37.55841161]]]}, "properties": {"name": "동교동 204-30", "status": "empty", "capacity": 2, "active": 0, "industry": "", "vacancy_rate": 100.0, "source": "polygon_only", "capacity_method": "floor_approx", "active_pip": 0, "licensed": 0, "id": "1144012100102040030-1", "pnu": "1144012100102040030", "floors": 2, "height": 0.0}}, {"type": "Feature", "geometry": {"type": "Polygon", "coordinates": [[[126.92183667, 37.55811808], [126.92198232, 37.55802159], [126.92191312, 37.55796171], [126.92185377, 37.55800087], [126.92186903, 37.55801547], [126.92185295, 37.5580261], [126.92183916, 37.55801275], [126.92177268, 37.55805658], [126.92183667, 37.55811808]]]}, "properties": {"name": "제이케이빌딩", "status": "full", "capacity": 1, "active": 1, "industry": "기타 간이", "vacancy_rate": 0.0, "vacancy_rate_lo": null, "vacancy_rate_hi": null, "stores": 1, "source": "stores+ledger", "capacity_method": "expos_units", "active_pip": 0, "licensed": 1, "com_floors": null, "occ_floors": null, "unknown_n": null, "id": "1144012100102000001-1", "pnu": "1144012100102000001", "floors": 6, "height": 17.14}}, {"type": "Feature", "geometry": {"type": "Polygon", "coordinates": [[[126.92162988, 37.5577069], [126.92156973, 37.55764578], [126.92154697, 37.55765666], [126.92154188, 37.55764999], [126.92143044, 37.55772443], [126.92150155, 37.5577952], [126.92162988, 37.5577069]]]}, "properties": {"name": "동교동 201-1", "status": "partial", "capacity": 5, "active": 3, "industry": "서양식", "vacancy_rate": 40.0, "vacancy_rate_lo": 40.0, "vacancy_rate_hi": 80.0, "stores": 3, "source": "stores+ledger", "capacity_method": "floor_ouln", "active_pip": 0, "licensed": 2, "com_floors": [1, 2, 3, 4, 5], "occ_floors": [1], "unknown_n": 2, "id": "1144012100102010001-1", "pnu": "1144012100102010001", "floors": 6, "height": 18.6}}, {"type": "Feature", "geometry": {"type": "Polygon", "coordinates": [[[126.92247062, 37.5601509], [126.92245964, 37.56015086], [126.92245647, 37.5601512], [126.92241773, 37.56018363], [126.92241762, 37.56018372], [126.92234455, 37.56024918], [126.92234455, 37.56024927], [126.92231136, 37.56027943], [126.92238239, 37.56032326], [126.92254144, 37.56018786], [126.92248783, 37.56015169], [126.92248443, 37.56015116], [126.92247062, 37.5601509]]]}, "properties": {"name": "연남동 567-28", "status": "high", "capacity": 5, "active": 1, "industry": "", "vacancy_rate": 80.0, "source": "pip_only", "capacity_method": "floor_approx", "active_pip": 0, "licensed": 1, "id": "1144012400105670028-1", "pnu": "1144012400105670028", "floors": 5, "height": 15.45}}, {"type": "Feature", "geometry": {"type": "Polygon", "coordinates": [[[126.92118247, 37.55987557], [126.92110363, 37.55982939], [126.92106669, 37.55986936], [126.9210581, 37.55986432], [126.92102716, 37.55989772], [126.92111471, 37.55994896], [126.92118247, 37.55987557]]]}, "properties": {"name": "연남동 568-19", "status": "high", "capacity": 4, "active": 1, "industry": "", "vacancy_rate": 75.0, "source": "pip_only", "capacity_method": "floor_approx", "active_pip": 0, "licensed": 1, "id": "1144012400105680019-1", "pnu": "1144012400105680019", "floors": 4, "height": 11.7}}, {"type": "Feature", "geometry": {"type": "Polygon", "coordinates": [[[126.92290109, 37.55802318], [126.92281359, 37.55793257], [126.9227308, 37.55798333], [126.92281831, 37.55807376], [126.92290109, 37.55802318]]]}, "properties": {"name": "우성빌딩", "status": "full", "capacity": 4, "active": 4, "industry": "이용·미용", "vacancy_rate": 0.0, "vacancy_rate_lo": 0.0, "vacancy_rate_hi": 0.0, "stores": 3, "source": "stores+ledger", "capacity_method": "floor_ouln", "active_pip": 0, "licensed": 1, "com_floors": [1, 2, 3, 5], "occ_floors": [1, 2, 3, 5], "unknown_n": 0, "id": "1144012100102000026-1", "pnu": "1144012100102000026", "floors": 6, "height": 22.4}}, {"type": "Feature", "geometry": {"type": "Polygon", "coordinates": [[[126.92173996, 37.55925011], [126.92157847, 37.55913846], [126.92144592, 37.55926009], [126.92161479, 37.55937085], [126.92173996, 37.55925011]]]}, "properties": {"name": "덕산빌딩", "status": "partial", "capacity": 4, "active": 3, "industry": "한식", "vacancy_rate": 25.0, "vacancy_rate_lo": null, "vacancy_rate_hi": null, "stores": 3, "source": "stores+ledger", "capacity_method": "expos_units", "active_pip": 0, "licensed": 3, "com_floors": null, "occ_floors": null, "unknown_n": null, "id": "1144012100102040057-1", "pnu": "1144012100102040057", "floors": 5, "height": 0.0}}, {"type": "Feature", "geometry": {"type": "Polygon", "coordinates": [[[126.91973908, 37.55971293], [126.91982606, 37.55978512], [126.91990602, 37.55971806], [126.91981668, 37.55964648], [126.91973908, 37.55971293]]]}, "properties": {"name": "연남동 565-29", "status": "empty", "capacity": 6, "active": 0, "industry": "", "vacancy_rate": 100.0, "source": "polygon_only", "capacity_method": "floor_approx", "active_pip": 0, "licensed": 0, "id": "1144012400105650029-1", "pnu": "1144012400105650029", "floors": 6, "height": 15.1}}, {"type": "Feature", "geometry": {"type": "Polygon", "coordinates": [[[126.92197229, 37.55792311], [126.92204401, 37.55799642], [126.92217496, 37.55791372], [126.92210104, 37.55784138], [126.92197229, 37.55792311]]]}, "properties": {"name": "동교동 200-15", "status": "high", "capacity": 4, "active": 1, "industry": "오락용품 소매", "vacancy_rate": 75.0, "vacancy_rate_lo": 75.0, "vacancy_rate_hi": 75.0, "stores": 1, "source": "stores+ledger", "capacity_method": "floor_ouln", "active_pip": 0, "licensed": 0, "com_floors": [1, 4, 5, 6], "occ_floors": [1], "unknown_n": 0, "id": "1144012100102000015-1", "pnu": "1144012100102000015", "floors": 6, "height": 18.6}}, {"type": "Feature", "geometry": {"type": "Polygon", "coordinates": [[[126.92292278, 37.55816762], [126.92284094, 37.55807846], [126.92275815, 37.55813318], [126.92283886, 37.55822271], [126.92292278, 37.55816762]]]}, "properties": {"name": "동교동 200-25", "status": "full", "capacity": 1, "active": 1, "industry": "일식", "vacancy_rate": 0.0, "vacancy_rate_lo": 0.0, "vacancy_rate_hi": 0.0, "stores": 1, "source": "stores+ledger", "capacity_method": "floor_ouln", "active_pip": 0, "licensed": 1, "com_floors": [1], "occ_floors": [1], "unknown_n": 0, "id": "1144012100102000025-2", "pnu": "1144012100102000025", "floors": 2, "height": 0.0}}, {"type": "Feature", "geometry": {"type": "Polygon", "coordinates": [[[126.922558, 37.55817129], [126.92266183, 37.55810374], [126.92257772, 37.55800486], [126.92248267, 37.5580681], [126.92251673, 37.55814343], [126.92252297, 37.55813936], [126.922558, 37.55817129]]]}, "properties": {"name": "동교동 200-33", "status": "full", "capacity": 2, "active": 2, "industry": "일식", "vacancy_rate": 0.0, "vacancy_rate_lo": 0.0, "vacancy_rate_hi": 0.0, "stores": 3, "source": "stores+ledger", "capacity_method": "floor_ouln", "active_pip": 0, "licensed": 1, "com_floors": [1, 6], "occ_floors": [1, 6], "unknown_n": 0, "id": "1144012100102000033-1", "pnu": "1144012100102000033", "floors": 6, "height": 22.1}}, {"type": "Feature", "geometry": {"type": "Polygon", "coordinates": [[[126.92115597, 37.55840935], [126.92126164, 37.55830999], [126.92125171, 37.5583033], [126.92126268, 37.55829298], [126.92123987, 37.55827679], [126.92126367, 37.5582544], [126.9212112, 37.55821903], [126.92119704, 37.55823235], [126.9211866, 37.55822606], [126.92104919, 37.55835568], [126.92111051, 37.55839702], [126.92112185, 37.55838636], [126.92115597, 37.55840935]]]}, "properties": {"name": "동교동 204-50", "status": "full", "capacity": 2, "active": 2, "industry": "비알코올 ", "vacancy_rate": 0.0, "vacancy_rate_lo": 0.0, "vacancy_rate_hi": 50.0, "stores": 3, "source": "stores+ledger", "capacity_method": "floor_ouln", "active_pip": 0, "licensed": 2, "com_floors": [1, 2], "occ_floors": [1], "unknown_n": 1, "id": "1144012100102040050-1", "pnu": "1144012100102040050", "floors": 5, "height": 16.7}}, {"type": "Feature", "geometry": {"type": "Polygon", "coordinates": [[[126.9213288, 37.55968933], [126.92137988, 37.55964276], [126.92128302, 37.55957546], [126.92123196, 37.55962201], [126.9213288, 37.55968933]]]}, "properties": {"name": "무지개주택", "status": "full", "capacity": 1, "active": 1, "industry": "기타 교육", "vacancy_rate": 0.0, "vacancy_rate_lo": 0.0, "vacancy_rate_hi": 100.0, "stores": 1, "source": "stores+ledger", "capacity_method": "floor_ouln", "active_pip": 0, "licensed": 0, "com_floors": [1], "occ_floors": [], "unknown_n": 1, "id": "1144012400105680028-1", "pnu": "1144012400105680028", "floors": 3, "height": 10.7}}, {"type": "Feature", "geometry": {"type": "Polygon", "coordinates": [[[126.9202927, 37.55865322], [126.92015471, 37.55857222], [126.92009795, 37.55863345], [126.92023605, 37.55871446], [126.9202927, 37.55865322]]]}, "properties": {"name": "성산", "status": "high", "capacity": 4, "active": 1, "industry": "자동차 수리·세차", "vacancy_rate": 75.0, "vacancy_rate_lo": 75.0, "vacancy_rate_hi": 100.0, "stores": 1, "source": "stores+ledger", "capacity_method": "floor_ouln", "active_pip": 0, "licensed": 0, "com_floors": [1, 2, 3, 4], "occ_floors": [], "unknown_n": 1, "id": "1144012400105700030-1", "pnu": "1144012400105700030", "floors": 4, "height": 12.9}}, {"type": "Feature", "geometry": {"type": "Polygon", "coordinates": [[[126.92177153, 37.55948214], [126.9218088, 37.55944775], [126.92181446, 37.5594518], [126.92184731, 37.55942191], [126.92174191, 37.55934868], [126.92170611, 37.55938136], [126.92171526, 37.55938723], [126.92168241, 37.55941991], [126.92177153, 37.55948214]]]}, "properties": {"name": "동교빌딩", "status": "full", "capacity": 3, "active": 3, "industry": "기타 교육", "vacancy_rate": 0.0, "vacancy_rate_lo": 0.0, "vacancy_rate_hi": 0.0, "stores": 2, "source": "stores+ledger", "capacity_method": "floor_ouln", "active_pip": 0, "licensed": 1, "com_floors": [1, 3, 4], "occ_floors": [1, 3, 4], "unknown_n": 0, "id": "1144012100102040006-1", "pnu": "1144012100102040006", "floors": 5, "height": 14.4}}, {"type": "Feature", "geometry": {"type": "Polygon", "coordinates": [[[126.92156591, 37.55967338], [126.92147623, 37.55960926], [126.92137789, 37.55970415], [126.9214756, 37.55976837], [126.92156591, 37.55967338]]]}, "properties": {"name": "우측", "status": "full", "capacity": 1, "active": 1, "industry": "중고 상품 소매", "vacancy_rate": 0.0, "vacancy_rate_lo": 0.0, "vacancy_rate_hi": 0.0, "stores": 5, "source": "stores+ledger", "capacity_method": "floor_ouln", "active_pip": 0, "licensed": 3, "com_floors": [1], "occ_floors": [1], "unknown_n": 0, "id": "1144012400105680023-1", "pnu": "1144012400105680023", "floors": 3, "height": 0.0}}, {"type": "Feature", "geometry": {"type": "Polygon", "coordinates": [[[126.92274598, 37.55796902], [126.92266414, 37.55787761], [126.92257693, 37.55792809], [126.92265822, 37.5580178], [126.92274598, 37.55796902]]]}, "properties": {"name": "동아빌딩", "status": "full", "capacity": 3, "active": 3, "industry": "한식", "vacancy_rate": 0.0, "vacancy_rate_lo": 0.0, "vacancy_rate_hi": 33.3, "stores": 2, "source": "stores+ledger", "capacity_method": "floor_ouln", "active_pip": 0, "licensed": 1, "com_floors": [1, 2, 3], "occ_floors": [1, 2], "unknown_n": 1, "id": "1144012100102000027-1", "pnu": "1144012100102000027", "floors": 4, "height": 15.35}}, {"type": "Feature", "geometry": {"type": "Polygon", "coordinates": [[[126.92055436, 37.56025897], [126.92051025, 37.56023156], [126.920503, 37.56023893], [126.9204711, 37.56021909], [126.92045014, 37.56024044], [126.92043691, 37.56023223], [126.92039748, 37.56027239], [126.92048661, 37.56032795], [126.92055436, 37.56025897]]]}, "properties": {"name": "연남동 565-16", "status": "empty", "capacity": 2, "active": 0, "industry": "", "vacancy_rate": 100.0, "source": "polygon_only", "capacity_method": "floor_approx", "active_pip": 0, "licensed": 0, "id": "1144012400105650016-1", "pnu": "1144012400105650016", "floors": 2, "height": 0.0}}, {"type": "Feature", "geometry": {"type": "Polygon", "coordinates": [[[126.91954291, 37.5582269], [126.91943263, 37.55816159], [126.91934074, 37.55825993], [126.91945101, 37.55832523], [126.91954291, 37.5582269]]]}, "properties": {"name": "연남동 570-45", "status": "full", "capacity": 2, "active": 2, "industry": "일반 숙박", "vacancy_rate": 0.0, "vacancy_rate_lo": 0.0, "vacancy_rate_hi": 50.0, "stores": 1, "source": "stores+ledger", "capacity_method": "floor_ouln", "active_pip": 0, "licensed": 1, "com_floors": [1, 2], "occ_floors": [1], "unknown_n": 1, "id": "1144012400105700045-1", "pnu": "1144012400105700045", "floors": 3, "height": 9.9}}, {"type": "Feature", "geometry": {"type": "Polygon", "coordinates": [[[126.92301826, 37.56019961], [126.92292213, 37.56012945], [126.92283659, 37.56020823], [126.92294381, 37.56027813], [126.92301826, 37.56019961]]]}, "properties": {"name": "구성빌딩", "status": "full", "capacity": 3, "active": 3, "industry": "이용·미용", "vacancy_rate": 0.0, "vacancy_rate_lo": 0.0, "vacancy_rate_hi": 33.3, "stores": 1, "source": "stores+ledger", "capacity_method": "floor_ouln", "active_pip": 0, "licensed": 0, "com_floors": [1, 2, 6], "occ_floors": [2, 6], "unknown_n": 1, "id": "1144012100101970034-1", "pnu": "1144012100101970034", "floors": 6, "height": 19.6}}, {"type": "Feature", "geometry": {"type": "Polygon", "coordinates": [[[126.92110908, 37.56088941], [126.92103487, 37.56084476], [126.92100715, 37.56084728], [126.92096568, 37.56089239], [126.9210573, 37.56094578], [126.92110908, 37.56088941]]]}, "properties": {"name": "일부", "status": "full", "capacity": 1, "active": 1, "industry": "이용·미용", "vacancy_rate": 0.0, "vacancy_rate_lo": 0.0, "vacancy_rate_hi": 0.0, "stores": 3, "source": "stores+ledger", "capacity_method": "floor_ouln", "active_pip": 0, "licensed": 1, "com_floors": [1], "occ_floors": [1], "unknown_n": 0, "id": "1144012400105610025-1", "pnu": "1144012400105610025", "floors": 3, "height": 0.0}}, {"type": "Feature", "geometry": {"type": "Polygon", "coordinates": [[[126.92084381, 37.56043684], [126.92081847, 37.56042268], [126.92077768, 37.56046878], [126.92080301, 37.56048305], [126.92084381, 37.56043684]]]}, "properties": {"name": "우측", "status": "full", "capacity": 2, "active": 2, "industry": "기타 간이", "vacancy_rate": 0.0, "vacancy_rate_lo": 0.0, "vacancy_rate_hi": 0.0, "stores": 4, "source": "stores+ledger", "capacity_method": "floor_ouln", "active_pip": 0, "licensed": 2, "com_floors": [1, 2], "occ_floors": [1, 2], "unknown_n": 0, "id": "1144012400105650014-1", "pnu": "1144012400105650014", "floors": 0, "height": 0.0}}, {"type": "Feature", "geometry": {"type": "Polygon", "coordinates": [[[126.92118961, 37.56071603], [126.92110444, 37.5606702], [126.92103352, 37.56074313], [126.92112795, 37.56080032], [126.92114009, 37.560786], [126.92113353, 37.56078248], [126.92118961, 37.56071603]]]}, "properties": {"name": "연남동 566-3", "status": "partial", "capacity": 3, "active": 2, "industry": "애완동물·용품 소매", "vacancy_rate": 33.3, "vacancy_rate_lo": 33.3, "vacancy_rate_hi": 33.3, "stores": 2, "source": "stores+ledger", "capacity_method": "floor_ouln", "active_pip": 0, "licensed": 2, "com_floors": [1, 2, 5], "occ_floors": [1, 2], "unknown_n": 0, "id": "1144012400105660003-1", "pnu": "1144012400105660003", "floors": 5, "height": 14.8}}, {"type": "Feature", "geometry": {"type": "Polygon", "coordinates": [[[126.92015931, 37.56147217], [126.92007674, 37.56142562], [126.92002784, 37.5614301], [126.92002784, 37.56143045], [126.91998818, 37.56147251], [126.92009733, 37.56153781], [126.92015931, 37.56147217]]]}, "properties": {"name": "좌측호", "status": "full", "capacity": 1, "active": 1, "industry": "기타 간이", "vacancy_rate": 0.0, "vacancy_rate_lo": 0.0, "vacancy_rate_hi": 0.0, "stores": 2, "source": "stores+ledger", "capacity_method": "floor_ouln", "active_pip": 0, "licensed": 2, "com_floors": [1], "occ_floors": [1], "unknown_n": 0, "id": "1144012400105040023-1", "pnu": "1144012400105040023", "floors": 4, "height": 0.0}}, {"type": "Feature", "geometry": {"type": "Polygon", "coordinates": [[[126.92136523, 37.56140667], [126.92131897, 37.56138051], [126.9213107, 37.56138961], [126.92125968, 37.56136074], [126.92125164, 37.56136975], [126.92124304, 37.56136487], [126.92123794, 37.56137055], [126.92123195, 37.56136712], [126.92118277, 37.56142214], [126.92129475, 37.56148555], [126.92136523, 37.56140667]]]}, "properties": {"name": "연남동 561-36", "status": "empty", "capacity": 2, "active": 0, "industry": "", "vacancy_rate": 100.0, "source": "polygon_only", "capacity_method": "floor_approx", "active_pip": 0, "licensed": 0, "id": "1144012400105610036-1", "pnu": "1144012400105610036", "floors": 2, "height": 0.0}}, {"type": "Feature", "geometry": {"type": "Polygon", "coordinates": [[[126.92039975, 37.56143161], [126.92028924, 37.56136901], [126.92023258, 37.5614324], [126.92032963, 37.56148733], [126.92035957, 37.56148153], [126.92039975, 37.56143161]]]}, "properties": {"name": "연남동 561-16", "status": "partial", "capacity": 3, "active": 2, "industry": "기타 교육", "vacancy_rate": 33.3, "vacancy_rate_lo": 33.3, "vacancy_rate_hi": 33.3, "stores": 1, "source": "stores+ledger", "capacity_method": "floor_ouln", "active_pip": 0, "licensed": 0, "com_floors": [1, 2, 3], "occ_floors": [1, 2], "unknown_n": 0, "id": "1144012400105610016-1", "pnu": "1144012400105610016", "floors": 5, "height": 14.0}}, {"type": "Feature", "geometry": {"type": "Polygon", "coordinates": [[[126.91984365, 37.56094388], [126.91974344, 37.56088399], [126.91960735, 37.56102833], [126.91970756, 37.56108823], [126.91984365, 37.56094388]]]}, "properties": {"name": "현대하이츠빌라", "status": "partial", "capacity": 2, "active": 1, "industry": "중고 상품 소매", "vacancy_rate": 50.0, "vacancy_rate_lo": null, "vacancy_rate_hi": null, "stores": 1, "source": "stores+ledger", "capacity_method": "expos_units", "active_pip": 0, "licensed": 0, "com_floors": null, "occ_floors": null, "unknown_n": null, "id": "1144012400105620046-1", "pnu": "1144012400105620046", "floors": 5, "height": 14.45}}, {"type": "Feature", "geometry": {"type": "Polygon", "coordinates": [[[126.92067308, 37.56155109], [126.92058826, 37.56149445], [126.92051494, 37.56157297], [126.92060374, 37.56162528], [126.92067308, 37.56155109]]]}, "properties": {"name": "연남동 561-27", "status": "empty", "capacity": 5, "active": 0, "industry": "", "vacancy_rate": 100.0, "source": "polygon_only", "capacity_method": "floor_approx", "active_pip": 0, "licensed": 0, "id": "1144012400105610027-1", "pnu": "1144012400105610027", "floors": 5, "height": 16.1}}, {"type": "Feature", "geometry": {"type": "Polygon", "coordinates": [[[126.91993664, 37.56136092], [126.91992948, 37.56135653], [126.91993912, 37.56134656], [126.91984154, 37.5612868], [126.9198195, 37.5613096], [126.91981145, 37.56130466], [126.91978183, 37.56133531], [126.91981048, 37.56135285], [126.91980428, 37.56135927], [126.91986516, 37.56139655], [126.91987136, 37.56139013], [126.91989999, 37.56140768], [126.91991997, 37.56138701], [126.9199146, 37.56138372], [126.91993664, 37.56136092]]]}, "properties": {"name": "연남동 493-29", "status": "high", "capacity": 5, "active": 1, "industry": "", "vacancy_rate": 80.0, "source": "pip_only", "capacity_method": "floor_approx", "active_pip": 0, "licensed": 1, "id": "1144012400104930029-1", "pnu": "1144012400104930029", "floors": 5, "height": 13.25}}, {"type": "Feature", "geometry": {"type": "Polygon", "coordinates": [[[126.9213821, 37.56053749], [126.92139286, 37.5605247], [126.92140417, 37.56053075], [126.92147421, 37.560447], [126.92136211, 37.56038745], [126.92137221, 37.56036801], [126.9213307, 37.56033644], [126.92124017, 37.56043135], [126.92125307, 37.56043721], [126.92124173, 37.56045252], [126.9213821, 37.56053749]]]}, "properties": {"name": "연남동 566-11", "status": "full", "capacity": 1, "active": 1, "industry": "장식품 소매", "vacancy_rate": 0.0, "vacancy_rate_lo": 0.0, "vacancy_rate_hi": 0.0, "stores": 1, "source": "stores+ledger", "capacity_method": "floor_ouln", "active_pip": 0, "licensed": 0, "com_floors": [1], "occ_floors": [1], "unknown_n": 0, "id": "1144012400105660011-1", "pnu": "1144012400105660011", "floors": 2, "height": 9.5}}, {"type": "Feature", "geometry": {"type": "Polygon", "coordinates": [[[126.92141656, 37.56149187], [126.92145573, 37.56145037], [126.92146741, 37.56145736], [126.92149308, 37.56143017], [126.9214014, 37.56137533], [126.92133656, 37.56144402], [126.92136532, 37.56146123], [126.92137275, 37.56145335], [126.92139612, 37.56146733], [126.92138869, 37.5614752], [126.92141656, 37.56149187]]]}, "properties": {"name": "연남동 561-42", "status": "empty", "capacity": 4, "active": 0, "industry": "", "vacancy_rate": 100.0, "source": "polygon_only", "capacity_method": "floor_approx", "active_pip": 0, "licensed": 0, "id": "1144012400105610042-1", "pnu": "1144012400105610042", "floors": 4, "height": 13.3}}, {"type": "Feature", "geometry": {"type": "Polygon", "coordinates": [[[126.91950494, 37.56133433], [126.91944848, 37.56130113], [126.91941166, 37.56134084], [126.91941697, 37.561344], [126.91940507, 37.56135678], [126.91951569, 37.56142182], [126.91956159, 37.5613723], [126.91950209, 37.5613373], [126.91950494, 37.56133433]]]}, "properties": {"name": "좌측", "status": "full", "capacity": 1, "active": 1, "industry": "기타 간이", "vacancy_rate": 0.0, "vacancy_rate_lo": 0.0, "vacancy_rate_hi": 0.0, "stores": 3, "source": "stores+ledger", "capacity_method": "floor_ouln", "active_pip": 0, "licensed": 1, "com_floors": [1], "occ_floors": [1], "unknown_n": 0, "id": "1144012400104930016-1", "pnu": "1144012400104930016", "floors": 2, "height": 6.5}}, {"type": "Feature", "geometry": {"type": "Polygon", "coordinates": [[[126.92075909, 37.56037868], [126.92070503, 37.56034845], [126.92065766, 37.56040213], [126.92077621, 37.56046833], [126.92080091, 37.56044033], [126.92077501, 37.56042581], [126.92078792, 37.56041122], [126.92074935, 37.56038966], [126.92075909, 37.56037868]]]}, "properties": {"name": "우측", "status": "full", "capacity": 2, "active": 2, "industry": "기타 간이", "vacancy_rate": 0.0, "vacancy_rate_lo": 0.0, "vacancy_rate_hi": 0.0, "stores": 4, "source": "stores+ledger", "capacity_method": "floor_ouln", "active_pip": 0, "licensed": 2, "com_floors": [1, 2], "occ_floors": [1, 2], "unknown_n": 0, "id": "1144012400105650014-2", "pnu": "1144012400105650014", "floors": 2, "height": 0.0}}, {"type": "Feature", "geometry": {"type": "Polygon", "coordinates": [[[126.91877894, 37.56077948], [126.91881685, 37.56080237], [126.91881039, 37.56080916], [126.91883474, 37.56082385], [126.91882615, 37.56083287], [126.91888663, 37.56086936], [126.91898278, 37.56076843], [126.9188172, 37.56066847], [126.91877371, 37.56071413], [126.91878724, 37.5607223], [126.91877526, 37.56073487], [126.91878609, 37.5607414], [126.91877685, 37.56075109], [126.91879534, 37.56076225], [126.91879328, 37.56076434], [126.91877894, 37.56077948]]]}, "properties": {"name": "진홍하우스", "status": "full", "capacity": 1, "active": 1, "industry": "이용·미용", "vacancy_rate": 0.0, "vacancy_rate_lo": null, "vacancy_rate_hi": null, "stores": 1, "source": "stores+ledger", "capacity_method": "expos_units", "active_pip": 0, "licensed": 0, "com_floors": null, "occ_floors": null, "unknown_n": null, "id": "1144012400104930044-1", "pnu": "1144012400104930044", "floors": 5, "height": 15.4}}, {"type": "Feature", "geometry": {"type": "Polygon", "coordinates": [[[126.91913138, 37.56096547], [126.91907628, 37.56093345], [126.91901136, 37.56100422], [126.91912674, 37.56107124], [126.91918215, 37.56101083], [126.91915964, 37.56099775], [126.91916416, 37.56099279], [126.91912639, 37.56097087], [126.91913138, 37.56096547]]]}, "properties": {"name": "연남동 493-21", "status": "full", "capacity": 1, "active": 1, "industry": "섬유·의복·신발 소매", "vacancy_rate": 0.0, "vacancy_rate_lo": 0.0, "vacancy_rate_hi": 0.0, "stores": 2, "source": "stores+ledger", "capacity_method": "floor_ouln", "active_pip": 0, "licensed": 0, "com_floors": [1], "occ_floors": [1], "unknown_n": 0, "id": "1144012400104930021-1", "pnu": "1144012400104930021", "floors": 2, "height": 7.75}}, {"type": "Feature", "geometry": {"type": "Polygon", "coordinates": [[[126.92159946, 37.56048726], [126.92149992, 37.56042566], [126.92144485, 37.56049392], [126.92153816, 37.56054777], [126.92159946, 37.56048726]]]}, "properties": {"name": "연남동 566-13", "status": "partial", "capacity": 2, "active": 1, "industry": "일반 숙박", "vacancy_rate": 50.0, "vacancy_rate_lo": 50.0, "vacancy_rate_hi": 50.0, "stores": 1, "source": "stores+ledger", "capacity_method": "floor_ouln", "active_pip": 0, "licensed": 0, "com_floors": [1, 3], "occ_floors": [3], "unknown_n": 0, "id": "1144012400105660013-1", "pnu": "1144012400105660013", "floors": 4, "height": 10.6}}, {"type": "Feature", "geometry": {"type": "Polygon", "coordinates": [[[126.92452563, 37.56139305], [126.92452261, 37.56136242], [126.92440817, 37.56136946], [126.92441108, 37.5614001], [126.92452563, 37.56139305]]]}, "properties": {"name": "연남동 260-27", "status": "partial", "capacity": 4, "active": 2, "industry": "한식", "vacancy_rate": 50.0, "vacancy_rate_lo": 50.0, "vacancy_rate_hi": 100.0, "stores": 2, "source": "stores+ledger", "capacity_method": "floor_ouln", "active_pip": 0, "licensed": 0, "com_floors": [1, 2, 3, 4], "occ_floors": [], "unknown_n": 2, "id": "1144012400102600027-1", "pnu": "1144012400102600027", "floors": 0, "height": 0.0}}, {"type": "Feature", "geometry": {"type": "Polygon", "coordinates": [[[126.92449592, 37.56112157], [126.92448751, 37.56103254], [126.92443171, 37.56103395], [126.92443204, 37.56104476], [126.92439208, 37.56104573], [126.9243933, 37.56107681], [126.92438266, 37.56107707], [126.92438636, 37.56112429], [126.92449592, 37.56112157]]]}, "properties": {"name": "동교동 151-10", "status": "full", "capacity": 1, "active": 1, "industry": "비알코올 ", "vacancy_rate": 0.0, "vacancy_rate_lo": 0.0, "vacancy_rate_hi": 0.0, "stores": 2, "source": "stores+ledger", "capacity_method": "floor_ouln", "active_pip": 0, "licensed": 1, "com_floors": [1], "occ_floors": [1], "unknown_n": 0, "id": "1144012100101510010-1", "pnu": "1144012100101510010", "floors": 2, "height": 0.0}}, {"type": "Feature", "geometry": {"type": "Polygon", "coordinates": [[[126.92446619, 37.56051734], [126.9244179, 37.56048388], [126.92441631, 37.56049361], [126.92441367, 37.56052036], [126.92441726, 37.56055758], [126.92444771, 37.56055643], [126.92445089, 37.56054363], [126.92446619, 37.56051734]]]}, "properties": {"name": "동교동 150-1", "status": "full", "capacity": 4, "active": 4, "industry": "비알코올 ", "vacancy_rate": 0.0, "vacancy_rate_lo": 0.0, "vacancy_rate_hi": 25.0, "stores": 6, "source": "stores+ledger", "capacity_method": "floor_ouln", "active_pip": 0, "licensed": 4, "com_floors": [1, 2, 3, 4], "occ_floors": [1, 2, 3], "unknown_n": 1, "id": "1144012100101500001-1", "pnu": "1144012100101500001", "floors": 0, "height": 0.0}}, {"type": "Feature", "geometry": {"type": "Polygon", "coordinates": [[[126.92462225, 37.56110309], [126.92461517, 37.56104074], [126.92461371, 37.56104082], [126.92461213, 37.56102659], [126.92460195, 37.56102739], [126.92460194, 37.56102757], [126.92449645, 37.56103516], [126.9245051, 37.56111148], [126.92462225, 37.56110309]]]}, "properties": {"name": "일부", "status": "full", "capacity": 3, "active": 3, "industry": "비알코올 ", "vacancy_rate": 0.0, "vacancy_rate_lo": 0.0, "vacancy_rate_hi": 0.0, "stores": 4, "source": "stores+ledger", "capacity_method": "floor_ouln", "active_pip": 0, "licensed": 4, "com_floors": [1, 2, 3], "occ_floors": [1, 2, 3], "unknown_n": 0, "id": "1144012400102600031-1", "pnu": "1144012400102600031", "floors": 3, "height": 9.3}}, {"type": "Feature", "geometry": {"type": "Polygon", "coordinates": [[[126.92449546, 37.56078215], [126.92444333, 37.56069857], [126.92438956, 37.56071421], [126.92438221, 37.56081165], [126.92438508, 37.56081435], [126.92443749, 37.56080365], [126.92449546, 37.56078215]]]}, "properties": {"name": "동교동 149-15", "status": "full", "capacity": 1, "active": 1, "industry": "한식", "vacancy_rate": 0.0, "vacancy_rate_lo": 0.0, "vacancy_rate_hi": 0.0, "stores": 1, "source": "stores+ledger", "capacity_method": "floor_ouln", "active_pip": 0, "licensed": 1, "com_floors": [1], "occ_floors": [1], "unknown_n": 0, "id": "1144012100101490015-1", "pnu": "1144012100101490015", "floors": 1, "height": 0.0}}, {"type": "Feature", "geometry": {"type": "Polygon", "coordinates": [[[126.92453612, 37.56041629], [126.92445173, 37.56037686], [126.92441955, 37.56041279], [126.92442062, 37.56048172], [126.92447187, 37.56050518], [126.92453612, 37.56041629]]]}, "properties": {"name": "일부호", "status": "full", "capacity": 2, "active": 2, "industry": "중식", "vacancy_rate": 0.0, "vacancy_rate_lo": 0.0, "vacancy_rate_hi": 0.0, "stores": 6, "source": "stores+ledger", "capacity_method": "floor_ouln", "active_pip": 0, "licensed": 4, "com_floors": [1, 2], "occ_floors": [1, 2], "unknown_n": 0, "id": "1144012100101500003-1", "pnu": "1144012100101500003", "floors": 2, "height": 0.0}}, {"type": "Feature", "geometry": {"type": "Polygon", "coordinates": [[[126.92365949, 37.55736053], [126.923832, 37.55721523], [126.92361239, 37.55705038], [126.9234034, 37.55722657], [126.92351773, 37.55731251], [126.92355454, 37.55728145], [126.92365949, 37.55736053]]]}, "properties": {"name": "상진빌딩", "status": "full", "capacity": 12, "active": 12, "industry": "의원", "vacancy_rate": 0.0, "vacancy_rate_lo": 0.0, "vacancy_rate_hi": 0.0, "stores": 18, "source": "stores+ledger", "capacity_method": "floor_ouln", "active_pip": 0, "licensed": 1, "com_floors": [1, 3, 4, 5, 6, 7, 8, 11, 12, 13, 14, 15], "occ_floors": [1, 3, 4, 5, 6, 7, 8, 11, 12, 13, 14, 15], "unknown_n": 0, "id": "1144012100101590001-1", "pnu": "1144012100101590001", "floors": 15, "height": 68.75}}, {"type": "Feature", "geometry": {"type": "Polygon", "coordinates": [[[126.9227131, 37.55714513], [126.92264254, 37.55709354], [126.92255588, 37.55716628], [126.92267157, 37.55725358], [126.92275935, 37.55717984], [126.9227131, 37.55714513]]]}, "properties": {"name": "유석빌딩", "status": "partial", "capacity": 4, "active": 2, "industry": "기타 교육", "vacancy_rate": 50.0, "vacancy_rate_lo": 50.0, "vacancy_rate_hi": 50.0, "stores": 2, "source": "stores+ledger", "capacity_method": "floor_ouln", "active_pip": 0, "licensed": 1, "com_floors": [1, 2, 3, 5], "occ_floors": [1, 3], "unknown_n": 0, "id": "1144012100101580028-1", "pnu": "1144012100101580028", "floors": 5, "height": 0.0}}, {"type": "Feature", "geometry": {"type": "Polygon", "coordinates": [[[126.92278069, 37.55695616], [126.92255839, 37.55678093], [126.92245818, 37.55686003], [126.92268415, 37.55703338], [126.92278069, 37.55695616]]]}, "properties": {"name": "D", "status": "full", "capacity": 2, "active": 2, "industry": "세탁", "vacancy_rate": 0.0, "vacancy_rate_lo": 0.0, "vacancy_rate_hi": 0.0, "stores": 4, "source": "stores+ledger", "capacity_method": "floor_ouln", "active_pip": 0, "licensed": 1, "com_floors": [1, 2], "occ_floors": [1, 2], "unknown_n": 0, "id": "1144012100101580006-1", "pnu": "1144012100101580006", "floors": 3, "height": 10.8}}, {"type": "Feature", "geometry": {"type": "Polygon", "coordinates": [[[126.92316555, 37.55737305], [126.9232543, 37.5572978], [126.92291796, 37.55704468], [126.92282821, 37.55712503], [126.92291627, 37.55719084], [126.92289109, 37.55721219], [126.92310446, 37.55737166], [126.92313221, 37.55734814], [126.92316555, 37.55737305]]]}, "properties": {"name": "동교동 158-2", "status": "high", "capacity": 6, "active": 1, "industry": "", "vacancy_rate": 83.3, "source": "pip_only", "capacity_method": "floor_approx", "active_pip": 0, "licensed": 1, "id": "1144012100101580002-1", "pnu": "1144012100101580002", "floors": 6, "height": 22.85}}, {"type": "Feature", "geometry": {"type": "Polygon", "coordinates": [[[126.92309894, 37.5574582], [126.9229992, 37.55738237], [126.92286848, 37.55749139], [126.92290512, 37.55751934], [126.92290512, 37.55751943], [126.92291179, 37.55752476], [126.92296822, 37.55756759], [126.92309894, 37.5574582]]]}, "properties": {"name": "동교동 158-20", "status": "full", "capacity": 3, "active": 3, "industry": "스포츠 서비스", "vacancy_rate": 0.0, "vacancy_rate_lo": 0.0, "vacancy_rate_hi": 0.0, "stores": 3, "source": "stores+ledger", "capacity_method": "floor_ouln", "active_pip": 0, "licensed": 1, "com_floors": [1, 3, 4], "occ_floors": [1, 3, 4], "unknown_n": 0, "id": "1144012100101580020-1", "pnu": "1144012100101580020", "floors": 4, "height": 0.0}}, {"type": "Feature", "geometry": {"type": "Polygon", "coordinates": [[[126.92299276, 37.55736704], [126.92288963, 37.55729246], [126.92281713, 37.55735341], [126.92276435, 37.55739509], [126.92287404, 37.55747256], [126.92291177, 37.55743861], [126.92291811, 37.55743286], [126.92299276, 37.55736704]]]}, "properties": {"name": "혜원빌딩", "status": "partial", "capacity": 5, "active": 3, "industry": "기타 교육", "vacancy_rate": 40.0, "vacancy_rate_lo": 40.0, "vacancy_rate_hi": 40.0, "stores": 4, "source": "stores+ledger", "capacity_method": "floor_ouln", "active_pip": 0, "licensed": 1, "com_floors": [1, 2, 3, 4, 5], "occ_floors": [1, 2, 5], "unknown_n": 0, "id": "1144012100101580024-1", "pnu": "1144012100101580024", "floors": 5, "height": 0.0}}, {"type": "Feature", "geometry": {"type": "Polygon", "coordinates": [[[126.92207189, 37.55721769], [126.9219571, 37.55713589], [126.92189367, 37.55718828], [126.92198652, 37.55724943], [126.92198403, 37.55725177], [126.92201513, 37.55727234], [126.922072, 37.55721778], [126.92207189, 37.55721769]]]}, "properties": {"name": "동교동 201-6", "status": "full", "capacity": 3, "active": 3, "industry": "기타 간이", "vacancy_rate": 0.0, "vacancy_rate_lo": 0.0, "vacancy_rate_hi": 0.0, "stores": 4, "source": "stores+ledger", "capacity_method": "floor_ouln", "active_pip": 0, "licensed": 3, "com_floors": [1, 2, 4], "occ_floors": [1, 2, 4], "unknown_n": 0, "id": "1144012100102010006-1", "pnu": "1144012100102010006", "floors": 5, "height": 16.7}}, {"type": "Feature", "geometry": {"type": "Polygon", "coordinates": [[[126.92229318, 37.55695708], [126.92219696, 37.55688791], [126.92213204, 37.55694508], [126.9222284, 37.55701425], [126.92229318, 37.55695708]]]}, "properties": {"name": "동교동 158-14", "status": "full", "capacity": 2, "active": 2, "industry": "욕탕·신체관리", "vacancy_rate": 0.0, "vacancy_rate_lo": 0.0, "vacancy_rate_hi": 0.0, "stores": 3, "source": "stores+ledger", "capacity_method": "floor_ouln", "active_pip": 0, "licensed": 1, "com_floors": [1, 2], "occ_floors": [1, 2], "unknown_n": 0, "id": "1144012100101580014-1", "pnu": "1144012100101580014", "floors": 4, "height": 0.0}}, {"type": "Feature", "geometry": {"type": "Polygon", "coordinates": [[[126.92110689, 37.55727092], [126.92105578, 37.55723205], [126.92096051, 37.557311], [126.92101795, 37.55736447], [126.92104683, 37.55733899], [126.92103825, 37.55733313], [126.92110689, 37.55727092]]]}, "properties": {"name": "동교동 201-26", "status": "partial", "capacity": 6, "active": 3, "industry": "장식품 소매", "vacancy_rate": 50.0, "vacancy_rate_lo": 50.0, "vacancy_rate_hi": 50.0, "stores": 2, "source": "stores+ledger", "capacity_method": "floor_ouln", "active_pip": 0, "licensed": 0, "com_floors": [1, 2, 3, 4, 5, 6], "occ_floors": [1, 3, 5], "unknown_n": 0, "id": "1144012100102010026-1", "pnu": "1144012100102010026", "floors": 6, "height": 20.0}}, {"type": "Feature", "geometry": {"type": "Polygon", "coordinates": [[[126.92033624, 37.55731041], [126.92022598, 37.55722852], [126.92019313, 37.55725706], [126.9201842, 37.55725057], [126.92011657, 37.55730927], [126.92012833, 37.55731784], [126.92011768, 37.55732702], [126.92022624, 37.55740593], [126.92033624, 37.55731041]]]}, "properties": {"name": "동교동 203-16", "status": "empty", "capacity": 6, "active": 0, "industry": "", "vacancy_rate": 100.0, "source": "polygon_only", "capacity_method": "floor_approx", "active_pip": 0, "licensed": 0, "id": "1144012100102030016-1", "pnu": "1144012100102030016", "floors": 6, "height": 18.3}}, {"type": "Feature", "geometry": {"type": "Polygon", "coordinates": [[[126.92205897, 37.55745085], [126.92210314, 37.5574171], [126.92199153, 37.55732854], [126.92198802, 37.55732728], [126.92193183, 37.55738004], [126.92200782, 37.55744127], [126.92202594, 37.55742704], [126.92205897, 37.55745085]]]}, "properties": {"name": "동교동 201-9", "status": "partial", "capacity": 3, "active": 2, "industry": "이용·미용", "vacancy_rate": 33.3, "vacancy_rate_lo": 33.3, "vacancy_rate_hi": 33.3, "stores": 1, "source": "stores+ledger", "capacity_method": "floor_ouln", "active_pip": 0, "licensed": 0, "com_floors": [1, 2, 3], "occ_floors": [2, 3], "unknown_n": 0, "id": "1144012100102010009-1", "pnu": "1144012100102010009", "floors": 5, "height": 16.5}}, {"type": "Feature", "geometry": {"type": "Polygon", "coordinates": [[[126.92126226, 37.55740834], [126.92117687, 37.55733962], [126.92109951, 37.55740093], [126.92118501, 37.55746946], [126.92126226, 37.55740834]]]}, "properties": {"name": "우측", "status": "high", "capacity": 6, "active": 1, "industry": "기타 간이", "vacancy_rate": 83.3, "vacancy_rate_lo": 83.3, "vacancy_rate_hi": 83.3, "stores": 3, "source": "stores+ledger", "capacity_method": "floor_ouln", "active_pip": 0, "licensed": 2, "com_floors": [1, 2, 3, 4, 5, 6], "occ_floors": [1], "unknown_n": 0, "id": "1144012100102010041-1", "pnu": "1144012100102010041", "floors": 6, "height": 17.7}}, {"type": "Feature", "geometry": {"type": "Polygon", "coordinates": [[[126.9219474, 37.55754448], [126.92200685, 37.55750136], [126.9218957, 37.55740398], [126.92186852, 37.55742406], [126.92186841, 37.55742424], [126.92182457, 37.55745709], [126.92185601, 37.55747874], [126.92191923, 37.55753707], [126.92192522, 37.55753086], [126.9219474, 37.55754448]]]}, "properties": {"name": "동교동 201-10", "status": "full", "capacity": 3, "active": 3, "industry": "비알코올 ", "vacancy_rate": 0.0, "vacancy_rate_lo": 0.0, "vacancy_rate_hi": 33.3, "stores": 3, "source": "stores+ledger", "capacity_method": "floor_ouln", "active_pip": 0, "licensed": 1, "com_floors": [1, 2, 3], "occ_floors": [1, 2], "unknown_n": 1, "id": "1144012100102010010-1", "pnu": "1144012100102010010", "floors": 4, "height": 13.25}}, {"type": "Feature", "geometry": {"type": "Polygon", "coordinates": [[[126.92251122, 37.55763512], [126.92246647, 37.55758218], [126.92250008, 37.55756444], [126.92237928, 37.55742532], [126.92223932, 37.55750217], [126.92235808, 37.55764189], [126.92239923, 37.55761973], [126.92244425, 37.55767268], [126.92251122, 37.55763512]]]}, "properties": {"name": "디비엠빌딩", "status": "full", "capacity": 3, "active": 3, "industry": "의원", "vacancy_rate": 0.0, "vacancy_rate_lo": 0.0, "vacancy_rate_hi": 0.0, "stores": 7, "source": "stores+ledger", "capacity_method": "floor_ouln", "active_pip": 0, "licensed": 4, "com_floors": [1, 2, 6], "occ_floors": [1, 2, 6], "unknown_n": 0, "id": "1144012100102000030-1", "pnu": "1144012100102000030", "floors": 8, "height": 28.65}}, {"type": "Feature", "geometry": {"type": "Polygon", "coordinates": [[[126.92177665, 37.5576251], [126.92169703, 37.55755405], [126.92162987, 37.55760176], [126.92170958, 37.55767262], [126.92177665, 37.5576251]]]}, "properties": {"name": "동남빌딩", "status": "partial", "capacity": 4, "active": 2, "industry": "기타 간이", "vacancy_rate": 50.0, "vacancy_rate_lo": 50.0, "vacancy_rate_hi": 50.0, "stores": 1, "source": "stores+ledger", "capacity_method": "floor_ouln", "active_pip": 0, "licensed": 0, "com_floors": [2, 4, 5, 6], "occ_floors": [2, 4], "unknown_n": 0, "id": "1144012100102010013-1", "pnu": "1144012100102010013", "floors": 6, "height": 17.3}}, {"type": "Feature", "geometry": {"type": "Polygon", "coordinates": [[[126.92246827, 37.55696512], [126.92238333, 37.55690398], [126.92229906, 37.55697826], [126.92241418, 37.55706104], [126.92242257, 37.55705429], [126.92249858, 37.55698803], [126.92246748, 37.55696575], [126.92246827, 37.55696512]]]}, "properties": {"name": "삼진빌딩", "status": "partial", "capacity": 5, "active": 4, "industry": "기타 교육", "vacancy_rate": 20.0, "vacancy_rate_lo": 20.0, "vacancy_rate_hi": 20.0, "stores": 4, "source": "stores+ledger", "capacity_method": "floor_ouln", "active_pip": 0, "licensed": 1, "com_floors": [1, 2, 3, 4, 5], "occ_floors": [1, 2, 3, 4], "unknown_n": 0, "id": "1144012100101580011-1", "pnu": "1144012100101580011", "floors": 5, "height": 0.0}}, {"type": "Feature", "geometry": {"type": "Polygon", "coordinates": [[[126.92051889, 37.55721935], [126.92060362, 37.55714418], [126.92046056, 37.55704209], [126.92036926, 37.55712311], [126.92046934, 37.55719454], [126.92047433, 37.55719022], [126.92050905, 37.55721493], [126.92050939, 37.55721511], [126.92051889, 37.55721935]]]}, "properties": {"name": "일부호", "status": "full", "capacity": 3, "active": 3, "industry": "한식", "vacancy_rate": 0.0, "vacancy_rate_lo": 0.0, "vacancy_rate_hi": 0.0, "stores": 8, "source": "stores+ledger", "capacity_method": "floor_ouln", "active_pip": 0, "licensed": 5, "com_floors": [1, 2, 3], "occ_floors": [1, 2, 3], "unknown_n": 0, "id": "1144012100102030018-1", "pnu": "1144012100102030018", "floors": 3, "height": 12.96}}, {"type": "Feature", "geometry": {"type": "Polygon", "coordinates": [[[126.9201173, 37.55714655], [126.91999369, 37.55706222], [126.91991846, 37.5571375], [126.92003641, 37.55722406], [126.9201173, 37.55714655]]]}, "properties": {"name": "동교동 205-7", "status": "empty", "capacity": 6, "active": 0, "industry": "", "vacancy_rate": 100.0, "source": "polygon_only", "capacity_method": "floor_approx", "active_pip": 0, "licensed": 0, "id": "1144012100102050007-1", "pnu": "1144012100102050007", "floors": 6, "height": 18.6}}, {"type": "Feature", "geometry": {"type": "Polygon", "coordinates": [[[126.91975536, 37.5571527], [126.91960111, 37.55704141], [126.91942982, 37.55719159], [126.91953997, 37.55727112], [126.91953906, 37.55727193], [126.91963643, 37.55734228], [126.91968197, 37.5573023], [126.91962531, 37.55726136], [126.91965851, 37.55723228], [126.91975536, 37.5571527]]]}, "properties": {"name": "동교동 205-20", "status": "empty", "capacity": 2, "active": 0, "industry": "", "vacancy_rate": 100.0, "source": "polygon_only", "capacity_method": "floor_approx", "active_pip": 0, "licensed": 0, "id": "1144012100102050020-1", "pnu": "1144012100102050020", "floors": 2, "height": 0.0}}, {"type": "Feature", "geometry": {"type": "Polygon", "coordinates": [[[126.92180133, 37.55717912], [126.92170429, 37.55710833], [126.9216352, 37.55716802], [126.92173178, 37.5572389], [126.92180133, 37.55717912]]]}, "properties": {"name": "동교동 201-52", "status": "full", "capacity": 1, "active": 1, "industry": "종합 소매", "vacancy_rate": 0.0, "vacancy_rate_lo": 0.0, "vacancy_rate_hi": 0.0, "stores": 2, "source": "stores+ledger", "capacity_method": "floor_ouln", "active_pip": 0, "licensed": 0, "com_floors": [1], "occ_floors": [1], "unknown_n": 0, "id": "1144012100102010052-1", "pnu": "1144012100102010052", "floors": 4, "height": 11.6}}, {"type": "Feature", "geometry": {"type": "Polygon", "coordinates": [[[126.9213839, 37.55720561], [126.92133934, 37.55717187], [126.92126923, 37.55723076], [126.92138187, 37.5573158], [126.92144473, 37.55726304], [126.92137676, 37.55721164], [126.9213839, 37.55720561]]]}, "properties": {"name": "엘디", "status": "partial", "capacity": 3, "active": 2, "industry": "이용·미용", "vacancy_rate": 33.3, "vacancy_rate_lo": 33.3, "vacancy_rate_hi": 33.3, "stores": 2, "source": "stores+ledger", "capacity_method": "floor_ouln", "active_pip": 0, "licensed": 0, "com_floors": [1, 2, 5], "occ_floors": [2, 5], "unknown_n": 0, "id": "1144012100102010043-1", "pnu": "1144012100102010043", "floors": 2, "height": 0.0}}, {"type": "Feature", "geometry": {"type": "Polygon", "coordinates": [[[126.91841433, 37.55721572], [126.91851457, 37.55729133], [126.91854922, 37.55726407], [126.91857532, 37.55728524], [126.91859559, 37.55726638], [126.91869451, 37.55734046], [126.91904707, 37.55704658], [126.9189078, 37.55694749], [126.91878432, 37.55704806], [126.91868538, 37.55698009], [126.91841433, 37.55721572]]]}, "properties": {"name": "서교동 447-1", "status": "high", "capacity": 14, "active": 3, "industry": "", "vacancy_rate": 78.6, "source": "pip_only", "capacity_method": "floor_approx", "active_pip": 0, "licensed": 3, "id": "1144012000104470001-1", "pnu": "1144012000104470001", "floors": 14, "height": 58.76}}, {"type": "Feature", "geometry": {"type": "Polygon", "coordinates": [[[126.92055079, 37.55720161], [126.92065135, 37.55727271], [126.92072482, 37.5572074], [126.92062434, 37.55713886], [126.92055079, 37.55720161]]]}, "properties": {"name": "동교동 203-19", "status": "partial", "capacity": 3, "active": 2, "industry": "이용·미용", "vacancy_rate": 33.3, "vacancy_rate_lo": 33.3, "vacancy_rate_hi": 33.3, "stores": 1, "source": "stores+ledger", "capacity_method": "floor_ouln", "active_pip": 0, "licensed": 0, "com_floors": [1, 2, 3], "occ_floors": [2, 3], "unknown_n": 0, "id": "1144012100102030019-1", "pnu": "1144012100102030019", "floors": 5, "height": 14.55}}, {"type": "Feature", "geometry": {"type": "Polygon", "coordinates": [[[126.92180312, 37.557433], [126.92186415, 37.55738454], [126.92177285, 37.55731167], [126.92171182, 37.55736012], [126.92180312, 37.557433]]]}, "properties": {"name": "명칭없음", "status": "partial", "capacity": 2, "active": 1, "industry": "이용·미용", "vacancy_rate": 50.0, "vacancy_rate_lo": null, "vacancy_rate_hi": null, "stores": 1, "source": "stores+ledger", "capacity_method": "expos_units", "active_pip": 0, "licensed": 1, "com_floors": null, "occ_floors": null, "unknown_n": null, "id": "1144012100102010004-1", "pnu": "1144012100102010004", "floors": 5, "height": 13.45}}, {"type": "Feature", "geometry": {"type": "Polygon", "coordinates": [[[126.92124171, 37.55718411], [126.92131239, 37.55712042], [126.92124127, 37.55706632], [126.92116767, 37.5571283], [126.92124171, 37.55718411]]]}, "properties": {"name": "동교동 201-28", "status": "full", "capacity": 1, "active": 1, "industry": "이용·미용", "vacancy_rate": 0.0, "vacancy_rate_lo": 0.0, "vacancy_rate_hi": 0.0, "stores": 1, "source": "stores+ledger", "capacity_method": "floor_ouln", "active_pip": 0, "licensed": 1, "com_floors": [1], "occ_floors": [1], "unknown_n": 0, "id": "1144012100102010028-1", "pnu": "1144012100102010028", "floors": 5, "height": 13.3}}, {"type": "Feature", "geometry": {"type": "Polygon", "coordinates": [[[126.92137651, 37.55731405], [126.92127794, 37.55724553], [126.92121216, 37.55730147], [126.92131336, 37.55736955], [126.92137651, 37.55731405]]]}, "properties": {"name": "동교동 201-42", "status": "empty", "capacity": 5, "active": 0, "industry": "", "vacancy_rate": 100.0, "source": "polygon_only", "capacity_method": "floor_approx", "active_pip": 0, "licensed": 0, "id": "1144012100102010042-1", "pnu": "1144012100102010042", "floors": 5, "height": 13.8}}, {"type": "Feature", "geometry": {"type": "Polygon", "coordinates": [[[126.92038564, 37.55728227], [126.92047385, 37.55720669], [126.92034285, 37.55710979], [126.92024077, 37.55719724], [126.92031187, 37.55724983], [126.92032263, 37.55724061], [126.92032573, 37.55723795], [126.92038564, 37.55728227]]]}, "properties": {"name": "동교동 203-17", "status": "full", "capacity": 2, "active": 2, "industry": "섬유·의복·신발 소매", "vacancy_rate": 0.0, "vacancy_rate_lo": 0.0, "vacancy_rate_hi": 100.0, "stores": 3, "source": "stores+ledger", "capacity_method": "floor_ouln", "active_pip": 0, "licensed": 0, "com_floors": [1, 2], "occ_floors": [], "unknown_n": 2, "id": "1144012100102030017-1", "pnu": "1144012100102030017", "floors": 5, "height": 18.6}}, {"type": "Feature", "geometry": {"type": "Polygon", "coordinates": [[[126.91918345, 37.55770822], [126.91930896, 37.55760452], [126.91930918, 37.55760506], [126.9193273, 37.55758966], [126.91929112, 37.5575627], [126.91927865, 37.55757323], [126.91925366, 37.55755456], [126.91924563, 37.55756141], [126.91924586, 37.5575615], [126.91926169, 37.55756962], [126.91918727, 37.55763498], [126.9191315, 37.55759475], [126.91914953, 37.557579], [126.91912565, 37.55756177], [126.9192139, 37.55748426], [126.91915657, 37.55744295], [126.91902969, 37.55755432], [126.91903428, 37.55759901], [126.91918345, 37.55770822]]]}, "properties": {"name": "우도빌딩", "status": "partial", "capacity": 2, "active": 1, "industry": "기타 간이", "vacancy_rate": 50.0, "vacancy_rate_lo": 50.0, "vacancy_rate_hi": 50.0, "stores": 3, "source": "stores+ledger", "capacity_method": "floor_ouln", "active_pip": 0, "licensed": 0, "com_floors": [1, 2], "occ_floors": [1], "unknown_n": 0, "id": "1144012100102050003-1", "pnu": "1144012100102050003", "floors": 3, "height": 11.38}}, {"type": "Feature", "geometry": {"type": "Polygon", "coordinates": [[[126.9239517, 37.55959303], [126.92392467, 37.55957391], [126.92390293, 37.55959309], [126.92391035, 37.55964454], [126.92391046, 37.55964472], [126.92391947, 37.55969077], [126.92396045, 37.55971922], [126.92402928, 37.55965841], [126.92402928, 37.55965832], [126.92394525, 37.5595988], [126.9239517, 37.55959303]]]}, "properties": {"name": "동교동 152-22", "status": "full", "capacity": 3, "active": 3, "industry": "한식", "vacancy_rate": 0.0, "vacancy_rate_lo": 0.0, "vacancy_rate_hi": 0.0, "stores": 4, "source": "stores+ledger", "capacity_method": "floor_ouln", "active_pip": 0, "licensed": 2, "com_floors": [1, 2, 3], "occ_floors": [1, 2, 3], "unknown_n": 0, "id": "1144012100101520022-1", "pnu": "1144012100101520022", "floors": 3, "height": 8.55}}, {"type": "Feature", "geometry": {"type": "Polygon", "coordinates": [[[126.92439998, 37.55973369], [126.92444395, 37.55967435], [126.92443913, 37.55963128], [126.92438349, 37.5595926], [126.924294, 37.55966804], [126.92434987, 37.55970997], [126.92435859, 37.55970268], [126.92439998, 37.55973369]]]}, "properties": {"name": "동교동 152-9", "status": "full", "capacity": 1, "active": 1, "industry": "주점", "vacancy_rate": 0.0, "vacancy_rate_lo": 0.0, "vacancy_rate_hi": 0.0, "stores": 2, "source": "stores+ledger", "capacity_method": "floor_ouln", "active_pip": 0, "licensed": 2, "com_floors": [1], "occ_floors": [1], "unknown_n": 0, "id": "1144012100101520009-1", "pnu": "1144012100101520009", "floors": 3, "height": 9.0}}, {"type": "Feature", "geometry": {"type": "Polygon", "coordinates": [[[126.92433597, 37.55934136], [126.9242818, 37.55930303], [126.92421258, 37.55936498], [126.92426676, 37.5594033], [126.92433597, 37.55934136]]]}, "properties": {"name": "동교동 153-16", "status": "full", "capacity": 1, "active": 1, "industry": "섬유·의복·신발 소매", "vacancy_rate": 0.0, "vacancy_rate_lo": 0.0, "vacancy_rate_hi": 0.0, "stores": 1, "source": "stores+ledger", "capacity_method": "floor_ouln", "active_pip": 0, "licensed": 0, "com_floors": [1], "occ_floors": [1], "unknown_n": 0, "id": "1144012100101530016-1", "pnu": "1144012100101530016", "floors": 3, "height": 0.0}}, {"type": "Feature", "geometry": {"type": "Polygon", "coordinates": [[[126.92437323, 37.55977153], [126.9242746, 37.55970731], [126.92421127, 37.55976746], [126.92431182, 37.55983455], [126.92437323, 37.55977153]]]}, "properties": {"name": "홍대입구역3번출구앞", "status": "full", "capacity": 2, "active": 2, "industry": "섬유·의복·신발 소매", "vacancy_rate": 0.0, "vacancy_rate_lo": 0.0, "vacancy_rate_hi": 50.0, "stores": 4, "source": "stores+ledger", "capacity_method": "floor_ouln", "active_pip": 0, "licensed": 1, "com_floors": [1, 2], "occ_floors": [2], "unknown_n": 1, "id": "1144012100101520007-1", "pnu": "1144012100101520007", "floors": 3, "height": 8.8}}, {"type": "Feature", "geometry": {"type": "Polygon", "coordinates": [[[126.9242733, 37.55987679], [126.92429879, 37.55985221], [126.92419803, 37.5597742], [126.92412904, 37.55983065], [126.92420164, 37.55988692], [126.92421354, 37.5598772], [126.92421365, 37.55987702], [126.92421728, 37.5598736], [126.92425754, 37.55990002], [126.92427827, 37.55988003], [126.9242733, 37.55987679]]]}, "properties": {"name": "동교동 152-6", "status": "full", "capacity": 2, "active": 2, "industry": "섬유·의복·신발 소매", "vacancy_rate": 0.0, "vacancy_rate_lo": 0.0, "vacancy_rate_hi": 0.0, "stores": 3, "source": "stores+ledger", "capacity_method": "floor_ouln", "active_pip": 0, "licensed": 0, "com_floors": [1, 2], "occ_floors": [1, 2], "unknown_n": 0, "id": "1144012100101520006-1", "pnu": "1144012100101520006", "floors": 4, "height": 13.3}}, {"type": "Feature", "geometry": {"type": "Polygon", "coordinates": [[[126.92453004, 37.56027231], [126.92449045, 37.56025381], [126.92443333, 37.56033108], [126.92453333, 37.56037782], [126.92458524, 37.56030748], [126.92453004, 37.56027231]]]}, "properties": {"name": "동교동 150-6", "status": "full", "capacity": 3, "active": 3, "industry": "섬유·의복·신발 소매", "vacancy_rate": 0.0, "vacancy_rate_lo": 0.0, "vacancy_rate_hi": 0.0, "stores": 4, "source": "stores+ledger", "capacity_method": "floor_ouln", "active_pip": 0, "licensed": 1, "com_floors": [1, 2, 3], "occ_floors": [1, 2, 3], "unknown_n": 0, "id": "1144012100101500006-1", "pnu": "1144012100101500006", "floors": 3, "height": 0.0}}, {"type": "Feature", "geometry": {"type": "Polygon", "coordinates": [[[126.92462598, 37.55874166], [126.92446414, 37.55862235], [126.92434395, 37.55872581], [126.9245058, 37.55884467], [126.92462598, 37.55874166]]]}, "properties": {"name": "동교동 154-25", "status": "high", "capacity": 6, "active": 1, "industry": "", "vacancy_rate": 83.3, "source": "pip_only", "capacity_method": "floor_approx", "active_pip": 0, "licensed": 1, "id": "1144012100101540025-1", "pnu": "1144012100101540025", "floors": 6, "height": 19.7}}, {"type": "Feature", "geometry": {"type": "Polygon", "coordinates": [[[126.92470611, 37.55818229], [126.92460131, 37.55805969], [126.92459305, 37.5580631], [126.92459282, 37.55806328], [126.92453835, 37.55809208], [126.92449329, 37.55811476], [126.92451318, 37.55813982], [126.92459909, 37.55824015], [126.92470611, 37.55818229]]]}, "properties": {"name": "대명빌딩", "status": "full", "capacity": 3, "active": 3, "industry": "오락용품 소매", "vacancy_rate": 0.0, "vacancy_rate_lo": 0.0, "vacancy_rate_hi": 0.0, "stores": 4, "source": "stores+ledger", "capacity_method": "floor_ouln", "active_pip": 0, "licensed": 2, "com_floors": [1, 2, 3], "occ_floors": [1, 2, 3], "unknown_n": 0, "id": "1144012100101550020-1", "pnu": "1144012100101550020", "floors": 5, "height": 16.4}}, {"type": "Feature", "geometry": {"type": "Polygon", "coordinates": [[[126.92434076, 37.5581943], [126.92425312, 37.55812253], [126.9241804, 37.55817879], [126.92426804, 37.55825058], [126.92434076, 37.5581943]]]}, "properties": {"name": "동교동 154-18", "status": "partial", "capacity": 2, "active": 1, "industry": "종합 소매", "vacancy_rate": 50.0, "vacancy_rate_lo": 50.0, "vacancy_rate_hi": 50.0, "stores": 1, "source": "stores+ledger", "capacity_method": "floor_ouln", "active_pip": 0, "licensed": 0, "com_floors": [1, 2], "occ_floors": [2], "unknown_n": 0, "id": "1144012100101540018-1", "pnu": "1144012100101540018", "floors": 4, "height": 0.0}}, {"type": "Feature", "geometry": {"type": "Polygon", "coordinates": [[[126.92439662, 37.55834535], [126.92431136, 37.5582706], [126.92424511, 37.55831868], [126.92433083, 37.55839324], [126.92439662, 37.55834535]]]}, "properties": {"name": "동교동 154-16", "status": "full", "capacity": 2, "active": 2, "industry": "기타 교육", "vacancy_rate": 0.0, "vacancy_rate_lo": 0.0, "vacancy_rate_hi": 0.0, "stores": 2, "source": "stores+ledger", "capacity_method": "floor_ouln", "active_pip": 0, "licensed": 0, "com_floors": [1, 2], "occ_floors": [1, 2], "unknown_n": 0, "id": "1144012100101540016-1", "pnu": "1144012100101540016", "floors": 4, "height": 12.6}}, {"type": "Feature", "geometry": {"type": "Polygon", "coordinates": [[[126.92457141, 37.55833524], [126.92453894, 37.55830435], [126.92445593, 37.55835809], [126.92455453, 37.55844041], [126.92461636, 37.55840568], [126.92457837, 37.55837385], [126.92458856, 37.55836619], [126.92456131, 37.55834338], [126.92457141, 37.55833524]]]}, "properties": {"name": "삼통빌딩", "status": "full", "capacity": 3, "active": 3, "industry": "이용·미용", "vacancy_rate": 0.0, "vacancy_rate_lo": 0.0, "vacancy_rate_hi": 0.0, "stores": 4, "source": "stores+ledger", "capacity_method": "floor_ouln", "active_pip": 0, "licensed": 2, "com_floors": [1, 2, 4], "occ_floors": [1, 2, 4], "unknown_n": 0, "id": "1144012100101540012-1", "pnu": "1144012100101540012", "floors": 4, "height": 11.2}}, {"type": "Feature", "geometry": {"type": "Polygon", "coordinates": [[[126.92418882, 37.55824314], [126.92413862, 37.55819968], [126.924071, 37.55824919], [126.92418951, 37.55834576], [126.92425363, 37.55829598], [126.92418882, 37.55824314]]]}, "properties": {"name": "동교동 154-19", "status": "partial", "capacity": 3, "active": 2, "industry": "중식", "vacancy_rate": 33.3, "vacancy_rate_lo": 33.3, "vacancy_rate_hi": 66.7, "stores": 2, "source": "stores+ledger", "capacity_method": "floor_ouln", "active_pip": 0, "licensed": 1, "com_floors": [1, 2, 3], "occ_floors": [1], "unknown_n": 1, "id": "1144012100101540019-1", "pnu": "1144012100101540019", "floors": 3, "height": 0.0}}, {"type": "Feature", "geometry": {"type": "Polygon", "coordinates": [[[126.92398662, 37.55842951], [126.92391152, 37.55836017], [126.92390927, 37.5583617], [126.92386011, 37.5583951], [126.9238443, 37.55842611], [126.9239169, 37.55847913], [126.92398662, 37.55842951]]]}, "properties": {"name": "동교동 154-22", "status": "partial", "capacity": 2, "active": 1, "industry": "주점", "vacancy_rate": 50.0, "vacancy_rate_lo": 50.0, "vacancy_rate_hi": 50.0, "stores": 3, "source": "stores+ledger", "capacity_method": "floor_ouln", "active_pip": 0, "licensed": 3, "com_floors": [1, 2], "occ_floors": [1], "unknown_n": 0, "id": "1144012100101540022-1", "pnu": "1144012100101540022", "floors": 2, "height": 0.0}}, {"type": "Feature", "geometry": {"type": "Polygon", "coordinates": [[[126.92402415, 37.5584726], [126.92398309, 37.55843726], [126.9239806, 37.5584387], [126.92391951, 37.55848102], [126.92396807, 37.55851681], [126.92402415, 37.5584726]]]}, "properties": {"name": "동교동 154-22", "status": "partial", "capacity": 2, "active": 1, "industry": "주점", "vacancy_rate": 50.0, "vacancy_rate_lo": 50.0, "vacancy_rate_hi": 50.0, "stores": 3, "source": "stores+ledger", "capacity_method": "floor_ouln", "active_pip": 0, "licensed": 3, "com_floors": [1, 2], "occ_floors": [1], "unknown_n": 0, "id": "1144012100101540022-2", "pnu": "1144012100101540022", "floors": 1, "height": 0.0}}, {"type": "Feature", "geometry": {"type": "Polygon", "coordinates": [[[126.92431307, 37.55849369], [126.92417838, 37.55838125], [126.92402865, 37.55849495], [126.92416333, 37.55860739], [126.92431307, 37.55849369]]]}, "properties": {"name": "류석프라자", "status": "partial", "capacity": 5, "active": 3, "industry": "섬유·의복·신발 소매", "vacancy_rate": 40.0, "vacancy_rate_lo": 40.0, "vacancy_rate_hi": 60.0, "stores": 3, "source": "stores+ledger", "capacity_method": "floor_ouln", "active_pip": 0, "licensed": 2, "com_floors": [1, 2, 3, 4, 5], "occ_floors": [1, 2], "unknown_n": 1, "id": "1144012100101540023-1", "pnu": "1144012100101540023", "floors": 5, "height": 0.0}}, {"type": "Feature", "geometry": {"type": "Polygon", "coordinates": [[[126.9238452, 37.55929887], [126.92391362, 37.5592296], [126.92388698, 37.5592103], [126.92383243, 37.55923762], [126.9238452, 37.55929887]]]}, "properties": {"name": "동교동 152-28", "status": "full", "capacity": 3, "active": 3, "industry": "한식", "vacancy_rate": 0.0, "vacancy_rate_lo": 0.0, "vacancy_rate_hi": 0.0, "stores": 1, "source": "stores+ledger", "capacity_method": "floor_ouln", "active_pip": 0, "licensed": 1, "com_floors": [1, 2, 4], "occ_floors": [1, 2, 4], "unknown_n": 0, "id": "1144012100101520028-1", "pnu": "1144012100101520028", "floors": 4, "height": 13.3}}, {"type": "Feature", "geometry": {"type": "Polygon", "coordinates": [[[126.92392919, 37.55858588], [126.92384029, 37.55851645], [126.92364749, 37.558685], [126.92371332, 37.55873126], [126.92367764, 37.5587634], [126.92370546, 37.55878342], [126.92392919, 37.55858588]]]}, "properties": {"name": "태전빌딩", "status": "full", "capacity": 2, "active": 2, "industry": "기타 간이", "vacancy_rate": 0.0, "vacancy_rate_lo": 0.0, "vacancy_rate_hi": 50.0, "stores": 3, "source": "stores+ledger", "capacity_method": "floor_ouln", "active_pip": 0, "licensed": 2, "com_floors": [1, 2], "occ_floors": [1], "unknown_n": 1, "id": "1144012100101530033-1", "pnu": "1144012100101530033", "floors": 3, "height": 16.77}}, {"type": "Feature", "geometry": {"type": "Polygon", "coordinates": [[[126.92377699, 37.55844811], [126.9237754, 37.55844757], [126.9236732, 37.55844805], [126.92371271, 37.55854611], [126.92376501, 37.55854523], [126.92382731, 37.55848536], [126.92377699, 37.55844811]]]}, "properties": {"name": "동교동 153-7", "status": "empty", "capacity": 3, "active": 0, "industry": "", "vacancy_rate": 100.0, "source": "polygon_only", "capacity_method": "floor_approx", "active_pip": 0, "licensed": 0, "id": "1144012100101530007-1", "pnu": "1144012100101530007", "floors": 3, "height": 8.82}}, {"type": "Feature", "geometry": {"type": "Polygon", "coordinates": [[[126.92411024, 37.55939114], [126.92402768, 37.55933648], [126.92396163, 37.55939978], [126.92404148, 37.55945263], [126.92404159, 37.55945263], [126.92411024, 37.55939114]]]}, "properties": {"name": "동교동 152-14", "status": "full", "capacity": 2, "active": 2, "industry": "일식", "vacancy_rate": 0.0, "vacancy_rate_lo": 0.0, "vacancy_rate_hi": 0.0, "stores": 2, "source": "stores+ledger", "capacity_method": "floor_ouln", "active_pip": 0, "licensed": 1, "com_floors": [1, 2], "occ_floors": [1, 2], "unknown_n": 0, "id": "1144012100101520014-1", "pnu": "1144012100101520014", "floors": 4, "height": 0.0}}, {"type": "Feature", "geometry": {"type": "Polygon", "coordinates": [[[126.92387466, 37.5594686], [126.92393388, 37.55941637], [126.92385725, 37.55937933], [126.92387466, 37.5594686]]]}, "properties": {"name": "동교동 152-17", "status": "full", "capacity": 2, "active": 2, "industry": "기타 간이", "vacancy_rate": 0.0, "vacancy_rate_lo": 0.0, "vacancy_rate_hi": 0.0, "stores": 2, "source": "stores+ledger", "capacity_method": "floor_ouln", "active_pip": 0, "licensed": 1, "com_floors": [1, 3], "occ_floors": [1, 3], "unknown_n": 0, "id": "1144012100101520017-1", "pnu": "1144012100101520017", "floors": 4, "height": 11.3}}, {"type": "Feature", "geometry": {"type": "Polygon", "coordinates": [[[126.92425065, 37.55910669], [126.9241595, 37.55903995], [126.92411328, 37.55907993], [126.92412165, 37.55908606], [126.92410919, 37.55909687], [126.92411835, 37.55910363], [126.92409298, 37.5591256], [126.9241666, 37.55917943], [126.92425065, 37.55910669]]]}, "properties": {"name": "동교동 153-25", "status": "full", "capacity": 1, "active": 1, "industry": "서양식", "vacancy_rate": 0.0, "vacancy_rate_lo": 0.0, "vacancy_rate_hi": 0.0, "stores": 2, "source": "stores+ledger", "capacity_method": "floor_ouln", "active_pip": 0, "licensed": 1, "com_floors": [1], "occ_floors": [1], "unknown_n": 0, "id": "1144012100101530025-1", "pnu": "1144012100101530025", "floors": 3, "height": 9.3}}, {"type": "Feature", "geometry": {"type": "Polygon", "coordinates": [[[126.92451637, 37.55826965], [126.92443288, 37.55819184], [126.92435237, 37.55824846], [126.92443774, 37.55832501], [126.92451637, 37.55826965]]]}, "properties": {"name": "동교동 154-15", "status": "full", "capacity": 3, "active": 3, "industry": "한식", "vacancy_rate": 0.0, "vacancy_rate_lo": 0.0, "vacancy_rate_hi": 0.0, "stores": 3, "source": "stores+ledger", "capacity_method": "floor_ouln", "active_pip": 0, "licensed": 2, "com_floors": [1, 2, 3], "occ_floors": [1, 2, 3], "unknown_n": 0, "id": "1144012100101540015-1", "pnu": "1144012100101540015", "floors": 5, "height": 13.4}}, {"type": "Feature", "geometry": {"type": "Polygon", "coordinates": [[[126.92326204, 37.56043061], [126.92328618, 37.56040251], [126.92327881, 37.56039719], [126.92327781, 37.5603971], [126.92327826, 37.56039332], [126.92327659, 37.56037304], [126.92326358, 37.56035808], [126.92320554, 37.56033723], [126.92320215, 37.56033083], [126.92319244, 37.56030722], [126.92318282, 37.56030415], [126.92317467, 37.56030288], [126.92310636, 37.56036284], [126.92310466, 37.56036671], [126.92310262, 37.56036851], [126.92315341, 37.56039954], [126.92316508, 37.56039], [126.92317288, 37.56039595], [126.92318124, 37.56040659], [126.92319062, 37.56042002], [126.92320533, 37.56042742], [126.92322264, 37.56043013], [126.92325388, 37.56042619], [126.92326204, 37.56043061]]]}, "properties": {"name": "동교동 197-39", "status": "full", "capacity": 4, "active": 4, "industry": "비알코올 ", "vacancy_rate": 0.0, "vacancy_rate_lo": 0.0, "vacancy_rate_hi": 0.0, "stores": 1, "source": "stores+ledger", "capacity_method": "floor_ouln", "active_pip": 0, "licensed": 1, "com_floors": [1, 2, 5, 7], "occ_floors": [1, 2, 5, 7], "unknown_n": 0, "id": "1144012100101970039-1", "pnu": "1144012100101970039", "floors": 7, "height": 22.65}}, {"type": "Feature", "geometry": {"type": "Polygon", "coordinates": [[[126.92307287, 37.56068816], [126.92309826, 37.56065403], [126.92311003, 37.56065134], [126.92308487, 37.56055665], [126.92307595, 37.56055761], [126.92302775, 37.56053388], [126.923001, 37.56056828], [126.92300101, 37.56057684], [126.92298754, 37.56057684], [126.92300714, 37.56066046], [126.9230196, 37.56065858], [126.92302231, 37.56065814], [126.92302502, 37.56066876], [126.92307287, 37.56068816]]]}, "properties": {"name": "연남동 567-47", "status": "full", "capacity": 2, "active": 2, "industry": "섬유·의복·신발 소매", "vacancy_rate": 0.0, "vacancy_rate_lo": 0.0, "vacancy_rate_hi": 0.0, "stores": 4, "source": "stores+ledger", "capacity_method": "floor_ouln", "active_pip": 0, "licensed": 1, "com_floors": [1, 2], "occ_floors": [1, 2], "unknown_n": 0, "id": "1144012400105670047-1", "pnu": "1144012400105670047", "floors": 4, "height": 0.0}}, {"type": "Feature", "geometry": {"type": "Polygon", "coordinates": [[[126.92270524, 37.56113662], [126.92275953, 37.5610635], [126.92275897, 37.56106476], [126.92276202, 37.56106557], [126.92277902, 37.56104405], [126.92268321, 37.56099614], [126.92262178, 37.56107405], [126.92262167, 37.56107414], [126.92259164, 37.56111123], [126.92268644, 37.56115976], [126.92270524, 37.56113662]]]}, "properties": {"name": "연남동 566-67", "status": "full", "capacity": 1, "active": 1, "industry": "일식", "vacancy_rate": 0.0, "vacancy_rate_lo": 0.0, "vacancy_rate_hi": 0.0, "stores": 3, "source": "stores+ledger", "capacity_method": "floor_ouln", "active_pip": 0, "licensed": 3, "com_floors": [1], "occ_floors": [1], "unknown_n": 0, "id": "1144012400105660067-1", "pnu": "1144012400105660067", "floors": 3, "height": 0.0}}, {"type": "Feature", "geometry": {"type": "Polygon", "coordinates": [[[126.9231767, 37.56098268], [126.92314273, 37.56096583], [126.92310232, 37.56100726], [126.92313829, 37.56102537], [126.9231767, 37.56098268]]]}, "properties": {"name": "코오롱하늘채아파트", "status": "high", "capacity": 208, "active": 15, "industry": "이용·미용", "vacancy_rate": 92.8, "vacancy_rate_lo": null, "vacancy_rate_hi": null, "stores": 15, "source": "stores+ledger", "capacity_method": "expos_units", "active_pip": 0, "licensed": 3, "com_floors": null, "occ_floors": null, "unknown_n": null, "id": "1144012400105730000-1", "pnu": "1144012400105730000", "floors": 1, "height": 2.7}}, {"type": "Feature", "geometry": {"type": "Polygon", "coordinates": [[[126.9224484, 37.56084579], [126.92232251, 37.56077066], [126.92225566, 37.56084351], [126.92239005, 37.56091053], [126.9224484, 37.56084579]]]}, "properties": {"name": "연남동 566-45", "status": "full", "capacity": 2, "active": 2, "industry": "의약·화장품 소매", "vacancy_rate": 0.0, "vacancy_rate_lo": 0.0, "vacancy_rate_hi": 0.0, "stores": 2, "source": "stores+ledger", "capacity_method": "floor_ouln", "active_pip": 0, "licensed": 0, "com_floors": [2, 5], "occ_floors": [2, 5], "unknown_n": 0, "id": "1144012400105660045-1", "pnu": "1144012400105660045", "floors": 5, "height": 14.07}}, {"type": "Feature", "geometry": {"type": "Polygon", "coordinates": [[[126.92339307, 37.56078307], [126.9234605, 37.56070266], [126.92337385, 37.56065773], [126.92332773, 37.56071419], [126.92332705, 37.56071383], [126.92330699, 37.56073832], [126.92338606, 37.56077937], [126.92338617, 37.56077937], [126.92339307, 37.56078307]]]}, "properties": {"name": "연남동 373-9", "status": "partial", "capacity": 4, "active": 3, "industry": "중식", "vacancy_rate": 25.0, "vacancy_rate_lo": 25.0, "vacancy_rate_hi": 25.0, "stores": 4, "source": "stores+ledger", "capacity_method": "floor_ouln", "active_pip": 0, "licensed": 4, "com_floors": [1, 2, 3, 4], "occ_floors": [1, 2, 3], "unknown_n": 0, "id": "1144012400103730009-1", "pnu": "1144012400103730009", "floors": 4, "height": 12.05}}, {"type": "Feature", "geometry": {"type": "Polygon", "coordinates": [[[126.92296237, 37.56082811], [126.92302221, 37.56075543], [126.92292006, 37.56070294], [126.92288726, 37.56068543], [126.92282323, 37.56076225], [126.92291294, 37.5608052], [126.92291419, 37.56080348], [126.92292018, 37.56080637], [126.92296237, 37.56082811]]]}, "properties": {"name": "연남동 567-56", "status": "full", "capacity": 1, "active": 1, "industry": "한식", "vacancy_rate": 0.0, "vacancy_rate_lo": 0.0, "vacancy_rate_hi": 0.0, "stores": 1, "source": "stores+ledger", "capacity_method": "floor_ouln", "active_pip": 0, "licensed": 0, "com_floors": [1], "occ_floors": [1], "unknown_n": 0, "id": "1144012400105670056-1", "pnu": "1144012400105670056", "floors": 2, "height": 8.9}}, {"type": "Feature", "geometry": {"type": "Polygon", "coordinates": [[[126.92336203, 37.56081053], [126.92328104, 37.56076786], [126.92322019, 37.56084107], [126.92328308, 37.56087418], [126.92328206, 37.56087553], [126.92331295, 37.56089177], [126.92335725, 37.5608363], [126.92334504, 37.56082917], [126.92336203, 37.56081062], [126.92336203, 37.56081053]]]}, "properties": {"name": "연남동 373-6", "status": "full", "capacity": 1, "active": 1, "industry": "일식", "vacancy_rate": 0.0, "vacancy_rate_lo": 0.0, "vacancy_rate_hi": 0.0, "stores": 2, "source": "stores+ledger", "capacity_method": "floor_ouln", "active_pip": 0, "licensed": 2, "com_floors": [1], "occ_floors": [1], "unknown_n": 0, "id": "1144012400103730006-1", "pnu": "1144012400103730006", "floors": 4, "height": 0.0}}, {"type": "Feature", "geometry": {"type": "Polygon", "coordinates": [[[126.92403581, 37.56136408], [126.92390799, 37.56129824], [126.92384894, 37.56137073], [126.92403333, 37.56146167], [126.92403323, 37.561455], [126.92404252, 37.56144591], [126.92403581, 37.56136408]]]}, "properties": {"name": "연남동 259-12", "status": "empty", "capacity": 5, "active": 0, "industry": "", "vacancy_rate": 100.0, "source": "polygon_only", "capacity_method": "floor_approx", "active_pip": 0, "licensed": 0, "id": "1144012400102590012-1", "pnu": "1144012400102590012", "floors": 5, "height": 17.1}}, {"type": "Feature", "geometry": {"type": "Polygon", "coordinates": [[[126.92222095, 37.56079636], [126.92208839, 37.56071798], [126.92208612, 37.5607205], [126.92207142, 37.56071175], [126.92211855, 37.56066124], [126.92201766, 37.56060161], [126.92194831, 37.5606832], [126.9220129, 37.56071802], [126.92201312, 37.5607182], [126.92201493, 37.56072126], [126.92201798, 37.56072433], [126.92202319, 37.56072739], [126.92203031, 37.56072992], [126.92203393, 37.56073073], [126.9220388, 37.56073128], [126.92204287, 37.56073119], [126.92204627, 37.56073065], [126.92205012, 37.56072984], [126.9220525, 37.56072877], [126.92206244, 37.56074283], [126.92202981, 37.56077731], [126.92216384, 37.56085759], [126.92222095, 37.56079636]]]}, "properties": {"name": "연남동 566-41", "status": "empty", "capacity": 2, "active": 0, "industry": "", "vacancy_rate": 100.0, "source": "polygon_only", "capacity_method": "floor_approx", "active_pip": 0, "licensed": 0, "id": "1144012400105660041-1", "pnu": "1144012400105660041", "floors": 2, "height": 0.0}}, {"type": "Feature", "geometry": {"type": "Polygon", "coordinates": [[[126.92398525, 37.56110457], [126.9239391, 37.56107895], [126.923934, 37.5610848], [126.92387835, 37.56105387], [126.92383335, 37.56111393], [126.92385213, 37.56112431], [126.92385247, 37.56112467], [126.92393777, 37.56116625], [126.92398525, 37.56110457]]]}, "properties": {"name": "연남동 259-3", "status": "partial", "capacity": 4, "active": 2, "industry": "주점", "vacancy_rate": 50.0, "vacancy_rate_lo": 50.0, "vacancy_rate_hi": 50.0, "stores": 1, "source": "stores+ledger", "capacity_method": "floor_ouln", "active_pip": 0, "licensed": 1, "com_floors": [1, 2, 3, 4], "occ_floors": [1, 2], "unknown_n": 0, "id": "1144012400102590003-1", "pnu": "1144012400102590003", "floors": 5, "height": 13.9}}, {"type": "Feature", "geometry": {"type": "Polygon", "coordinates": [[[126.92349146, 37.56086161], [126.92341692, 37.56082426], [126.92334812, 37.56091134], [126.92342268, 37.56094869], [126.92349146, 37.56086161]]]}, "properties": {"name": "연남동 373-7", "status": "partial", "capacity": 4, "active": 2, "industry": "의원", "vacancy_rate": 50.0, "vacancy_rate_lo": 50.0, "vacancy_rate_hi": 75.0, "stores": 2, "source": "stores+ledger", "capacity_method": "floor_ouln", "active_pip": 0, "licensed": 1, "com_floors": [1, 2, 3, 4], "occ_floors": [4], "unknown_n": 1, "id": "1144012400103730007-1", "pnu": "1144012400103730007", "floors": 4, "height": 13.8}}, {"type": "Feature", "geometry": {"type": "Polygon", "coordinates": [[[126.92311925, 37.56126358], [126.92301948, 37.56121215], [126.92260085, 37.56172626], [126.92270674, 37.56177904], [126.92311925, 37.56126358]]]}, "properties": {"name": "코오롱하늘채아파트", "status": "high", "capacity": 208, "active": 15, "industry": "이용·미용", "vacancy_rate": 92.8, "vacancy_rate_lo": null, "vacancy_rate_hi": null, "stores": 15, "source": "stores+ledger", "capacity_method": "expos_units", "active_pip": 0, "licensed": 3, "com_floors": null, "occ_floors": null, "unknown_n": null, "id": "1144012400105730000-2", "pnu": "1144012400105730000", "floors": 14, "height": 37.25}}, {"type": "Feature", "geometry": {"type": "Polygon", "coordinates": [[[126.92293218, 37.56057968], [126.92295428, 37.56055961], [126.92295994, 37.56056358], [126.92301532, 37.56051324], [126.9229391, 37.56045985], [126.92292029, 37.56047948], [126.92286398, 37.56053532], [126.92292019, 37.5605713], [126.92293218, 37.56057968]]]}, "properties": {"name": "연남동 567-40", "status": "full", "capacity": 3, "active": 3, "industry": "비알코올 ", "vacancy_rate": 0.0, "vacancy_rate_lo": 0.0, "vacancy_rate_hi": 0.0, "stores": 2, "source": "stores+ledger", "capacity_method": "floor_ouln", "active_pip": 0, "licensed": 1, "com_floors": [1, 2, 3], "occ_floors": [1, 2, 3], "unknown_n": 0, "id": "1144012400105670040-1", "pnu": "1144012400105670040", "floors": 4, "height": 0.0}}, {"type": "Feature", "geometry": {"type": "Polygon", "coordinates": [[[126.9221602, 37.56131376], [126.92209334, 37.56128326], [126.92203646, 37.56135135], [126.92215127, 37.56141611], [126.92220442, 37.56135451], [126.92215272, 37.56132322], [126.9221602, 37.56131376]]]}, "properties": {"name": "우측호", "status": "partial", "capacity": 2, "active": 1, "industry": "주점", "vacancy_rate": 50.0, "vacancy_rate_lo": 50.0, "vacancy_rate_hi": 50.0, "stores": 3, "source": "stores+ledger", "capacity_method": "floor_ouln", "active_pip": 0, "licensed": 3, "com_floors": [1, 2], "occ_floors": [1], "unknown_n": 0, "id": "1144012400105660060-1", "pnu": "1144012400105660060", "floors": 2, "height": 9.8}}, {"type": "Feature", "geometry": {"type": "Polygon", "coordinates": [[[126.92221117, 37.56125404], [126.92222911, 37.56123435], [126.92224377, 37.56124281], [126.92224642, 37.56123988], [126.92228615, 37.5612622], [126.92235095, 37.56119103], [126.92224001, 37.56112703], [126.92215427, 37.56122121], [126.92221117, 37.56125404]]]}, "properties": {"name": "연남동 566-61", "status": "full", "capacity": 3, "active": 3, "industry": "서양식", "vacancy_rate": 0.0, "vacancy_rate_lo": 0.0, "vacancy_rate_hi": 0.0, "stores": 2, "source": "stores+ledger", "capacity_method": "floor_ouln", "active_pip": 0, "licensed": 1, "com_floors": [1, 2, 3], "occ_floors": [1, 2, 3], "unknown_n": 0, "id": "1144012400105660061-1", "pnu": "1144012400105660061", "floors": 5, "height": 16.4}}, {"type": "Feature", "geometry": {"type": "Polygon", "coordinates": [[[126.92406902, 37.56137646], [126.92411532, 37.56137358], [126.92414391, 37.56135649], [126.92413591, 37.561314], [126.92406035, 37.56132145], [126.92406902, 37.56137646]]]}, "properties": {"name": "연남동 259-9", "status": "empty", "capacity": 4, "active": 0, "industry": "", "vacancy_rate": 100.0, "source": "polygon_only", "capacity_method": "floor_approx", "active_pip": 0, "licensed": 0, "id": "1144012400102590009-1", "pnu": "1144012400102590009", "floors": 4, "height": 14.69}}, {"type": "Feature", "geometry": {"type": "Polygon", "coordinates": [[[126.92180902, 37.56140558], [126.92190948, 37.56146563], [126.92195131, 37.56142128], [126.92194608, 37.561392], [126.9218785, 37.5613516], [126.9218577, 37.56135396], [126.92180902, 37.56140558]]]}, "properties": {"name": "미스바", "status": "full", "capacity": 3, "active": 3, "industry": "기타 간이", "vacancy_rate": 0.0, "vacancy_rate_lo": null, "vacancy_rate_hi": null, "stores": 3, "source": "stores+ledger", "capacity_method": "expos_units", "active_pip": 0, "licensed": 1, "com_floors": null, "occ_floors": null, "unknown_n": null, "id": "1144012400105150012-1", "pnu": "1144012400105150012", "floors": 5, "height": 13.6}}, {"type": "Feature", "geometry": {"type": "Polygon", "coordinates": [[[126.92200817, 37.56047745], [126.92207559, 37.56040947], [126.92197673, 37.56034219], [126.92190037, 37.56041323], [126.92199573, 37.56047312], [126.92199788, 37.56047096], [126.92200817, 37.56047745]]]}, "properties": {"name": "연남동 567-17", "status": "partial", "capacity": 3, "active": 2, "industry": "기타 간이", "vacancy_rate": 33.3, "vacancy_rate_lo": 33.3, "vacancy_rate_hi": 33.3, "stores": 2, "source": "stores+ledger", "capacity_method": "floor_ouln", "active_pip": 0, "licensed": 2, "com_floors": [1, 2, 3], "occ_floors": [1, 2], "unknown_n": 0, "id": "1144012400105670017-1", "pnu": "1144012400105670017", "floors": 4, "height": 12.1}}, {"type": "Feature", "geometry": {"type": "Polygon", "coordinates": [[[126.92450418, 37.55898729], [126.92440726, 37.55891551], [126.92434428, 37.55896935], [126.92444109, 37.55904113], [126.92450418, 37.55898729]]]}, "properties": {"name": "일부", "status": "full", "capacity": 2, "active": 2, "industry": "기타 간이", "vacancy_rate": 0.0, "vacancy_rate_lo": 0.0, "vacancy_rate_hi": 0.0, "stores": 3, "source": "stores+ledger", "capacity_method": "floor_ouln", "active_pip": 0, "licensed": 3, "com_floors": [1, 2], "occ_floors": [1, 2], "unknown_n": 0, "id": "1144012100101530003-1", "pnu": "1144012100101530003", "floors": 4, "height": 0.0}}, {"type": "Feature", "geometry": {"type": "Polygon", "coordinates": [[[126.92267409, 37.5577657], [126.92264211, 37.5577264], [126.9225351, 37.55777768], [126.92261548, 37.5578736], [126.92271489, 37.55782312], [126.92266855, 37.55776858], [126.92267409, 37.5577657]]]}, "properties": {"name": "화봉빌딩", "status": "partial", "capacity": 8, "active": 5, "industry": "기타 교육", "vacancy_rate": 37.5, "vacancy_rate_lo": 37.5, "vacancy_rate_hi": 37.5, "stores": 5, "source": "stores+ledger", "capacity_method": "floor_ouln", "active_pip": 0, "licensed": 2, "com_floors": [1, 2, 3, 4, 5, 6, 7, 8], "occ_floors": [1, 2, 3, 4, 5], "unknown_n": 0, "id": "1144012100102000028-1", "pnu": "1144012100102000028", "floors": 8, "height": 26.35}}, {"type": "Feature", "geometry": {"type": "Polygon", "coordinates": [[[126.92413328, 37.55955973], [126.92415254, 37.55954136], [126.92416306, 37.5595483], [126.92421664, 37.55949725], [126.92418192, 37.55947101], [126.92417546, 37.55947641], [126.92411439, 37.55943024], [126.9240624, 37.55947201], [126.92406817, 37.5594758], [126.92404303, 37.55949975], [126.92413328, 37.55955973]]]}, "properties": {"name": "동교동 152-13", "status": "full", "capacity": 2, "active": 2, "industry": "한식", "vacancy_rate": 0.0, "vacancy_rate_lo": 0.0, "vacancy_rate_hi": 0.0, "stores": 4, "source": "stores+ledger", "capacity_method": "floor_ouln", "active_pip": 0, "licensed": 1, "com_floors": [1, 4], "occ_floors": [1, 4], "unknown_n": 0, "id": "1144012100101520013-1", "pnu": "1144012100101520013", "floors": 4, "height": 13.73}}, {"type": "Feature", "geometry": {"type": "Polygon", "coordinates": [[[126.9243388, 37.55789752], [126.92441751, 37.55784216], [126.9244511, 37.55786335], [126.92449969, 37.55782689], [126.92451609, 37.55784087], [126.9245904, 37.55777613], [126.92434261, 37.55759605], [126.92427067, 37.5576588], [126.9242942, 37.55767593], [126.92424934, 37.55771501], [126.92423373, 37.55770365], [126.92416033, 37.55776757], [126.9243388, 37.55789752]]]}, "properties": {"name": "마젤란21오피스텔", "status": "full", "capacity": 17, "active": 17, "industry": "기타 교육", "vacancy_rate": 0.0, "vacancy_rate_lo": null, "vacancy_rate_hi": null, "stores": 17, "source": "stores+ledger", "capacity_method": "expos_units", "active_pip": 0, "licensed": 0, "com_floors": null, "occ_floors": null, "unknown_n": null, "id": "1144012100101560002-1", "pnu": "1144012100101560002", "floors": 18, "height": 65.5}}, {"type": "Feature", "geometry": {"type": "Polygon", "coordinates": [[[126.92085547, 37.55871866], [126.92078931, 37.55867311], [126.9207117, 37.55875009], [126.92084651, 37.5588401], [126.92092537, 37.5587652], [126.92085547, 37.55871866]]]}, "properties": {"name": "동교동 204-54", "status": "full", "capacity": 4, "active": 4, "industry": "중식", "vacancy_rate": 0.0, "vacancy_rate_lo": 0.0, "vacancy_rate_hi": 0.0, "stores": 1, "source": "stores+ledger", "capacity_method": "floor_ouln", "active_pip": 0, "licensed": 1, "com_floors": [1, 2, 3, 4], "occ_floors": [1, 2, 3, 4], "unknown_n": 0, "id": "1144012100102040054-1", "pnu": "1144012100102040054", "floors": 5, "height": 14.7}}, {"type": "Feature", "geometry": {"type": "Polygon", "coordinates": [[[126.92415322, 37.56111098], [126.92414574, 37.56099682], [126.92408677, 37.56099931], [126.92406558, 37.56102479], [126.92406102, 37.561052], [126.92406674, 37.56111101], [126.92407239, 37.56111066], [126.92407296, 37.56111589], [126.92415322, 37.56111098]]]}, "properties": {"name": "츄츄빌딩", "status": "partial", "capacity": 4, "active": 3, "industry": "서양식", "vacancy_rate": 25.0, "vacancy_rate_lo": 25.0, "vacancy_rate_hi": 50.0, "stores": 3, "source": "stores+ledger", "capacity_method": "floor_ouln", "active_pip": 0, "licensed": 2, "com_floors": [1, 2, 3, 4], "occ_floors": [1, 2], "unknown_n": 1, "id": "1144012400102590005-1", "pnu": "1144012400102590005", "floors": 4, "height": 13.3}}, {"type": "Feature", "geometry": {"type": "Polygon", "coordinates": [[[126.9203097, 37.56086348], [126.92026491, 37.56083723], [126.92020553, 37.56090143], [126.92021356, 37.56090612], [126.92020155, 37.56091908], [126.92032847, 37.56099336], [126.92037918, 37.56093874], [126.92034201, 37.56091684], [126.92035142, 37.56090657], [126.92029848, 37.56087563], [126.9203097, 37.56086348]]]}, "properties": {"name": "연남동 562-34", "status": "full", "capacity": 1, "active": 1, "industry": "일반 숙박", "vacancy_rate": 0.0, "vacancy_rate_lo": 0.0, "vacancy_rate_hi": 0.0, "stores": 3, "source": "stores+ledger", "capacity_method": "floor_ouln", "active_pip": 0, "licensed": 1, "com_floors": [1], "occ_floors": [1], "unknown_n": 0, "id": "1144012400105620034-1", "pnu": "1144012400105620034", "floors": 1, "height": 0.0}}, {"type": "Feature", "geometry": {"type": "Polygon", "coordinates": [[[126.92426981, 37.55963361], [126.92431569, 37.55959156], [126.92432327, 37.55959679], [126.9243551, 37.55956771], [126.92428792, 37.55951603], [126.92426292, 37.55951466], [126.92419199, 37.55957968], [126.92426981, 37.55963361]]]}, "properties": {"name": "동교동 152-11", "status": "full", "capacity": 3, "active": 3, "industry": "중식", "vacancy_rate": 0.0, "vacancy_rate_lo": 0.0, "vacancy_rate_hi": 33.3, "stores": 4, "source": "stores+ledger", "capacity_method": "floor_ouln", "active_pip": 0, "licensed": 2, "com_floors": [1, 2, 3], "occ_floors": [1, 3], "unknown_n": 1, "id": "1144012100101520011-1", "pnu": "1144012100101520011", "floors": 3, "height": 10.6}}, {"type": "Feature", "geometry": {"type": "Polygon", "coordinates": [[[126.92451514, 37.56057485], [126.92449421, 37.56056754], [126.92447316, 37.56056834], [126.92447261, 37.56055743], [126.92441647, 37.56055956], [126.92442454, 37.5606339], [126.92452086, 37.5606272], [126.92451514, 37.56057485]]]}, "properties": {"name": "동교동 150-1", "status": "full", "capacity": 4, "active": 4, "industry": "비알코올 ", "vacancy_rate": 0.0, "vacancy_rate_lo": 0.0, "vacancy_rate_hi": 25.0, "stores": 6, "source": "stores+ledger", "capacity_method": "floor_ouln", "active_pip": 0, "licensed": 4, "com_floors": [1, 2, 3, 4], "occ_floors": [1, 2, 3], "unknown_n": 1, "id": "1144012100101500001-2", "pnu": "1144012100101500001", "floors": 4, "height": 13.0}}, {"type": "Feature", "geometry": {"type": "Polygon", "coordinates": [[[126.91981545, 37.55948155], [126.91972146, 37.55942445], [126.91969562, 37.55945137], [126.91968793, 37.55944668], [126.91965745, 37.55947856], [126.91966232, 37.55948144], [126.91963965, 37.55950485], [126.9197367, 37.55956384], [126.91981545, 37.55948155]]]}, "properties": {"name": "우측", "status": "partial", "capacity": 2, "active": 1, "industry": "섬유·의복·신발 소매", "vacancy_rate": 50.0, "vacancy_rate_lo": 50.0, "vacancy_rate_hi": 50.0, "stores": 1, "source": "stores+ledger", "capacity_method": "floor_ouln", "active_pip": 0, "licensed": 0, "com_floors": [1, 3], "occ_floors": [1], "unknown_n": 0, "id": "1144012400105640009-1", "pnu": "1144012400105640009", "floors": 5, "height": 15.5}}, {"type": "Feature", "geometry": {"type": "Polygon", "coordinates": [[[126.92288723, 37.55940152], [126.92285171, 37.55937654], [126.92266443, 37.55955868], [126.92275492, 37.55962235], [126.92293084, 37.55946389], [126.92286752, 37.55941934], [126.92288723, 37.55940152]]]}, "properties": {"name": "사옥", "status": "full", "capacity": 2, "active": 2, "industry": "비알코올 ", "vacancy_rate": 0.0, "vacancy_rate_lo": 0.0, "vacancy_rate_hi": 0.0, "stores": 2, "source": "stores+ledger", "capacity_method": "floor_ouln", "active_pip": 0, "licensed": 0, "com_floors": [1, 6], "occ_floors": [1, 6], "unknown_n": 0, "id": "1144012100101970042-1", "pnu": "1144012100101970042", "floors": 6, "height": 24.25}}, {"type": "Feature", "geometry": {"type": "Polygon", "coordinates": [[[126.92369243, 37.55991038], [126.92367789, 37.55985361], [126.92363634, 37.55986034], [126.92358436, 37.55989598], [126.92365367, 37.55996072], [126.92368289, 37.55994092], [126.92369243, 37.55991038]]]}, "properties": {"name": "동교동 198-19", "status": "full", "capacity": 1, "active": 1, "industry": "한식", "vacancy_rate": 0.0, "vacancy_rate_lo": 0.0, "vacancy_rate_hi": 0.0, "stores": 1, "source": "stores+ledger", "capacity_method": "floor_ouln", "active_pip": 0, "licensed": 1, "com_floors": [1], "occ_floors": [1], "unknown_n": 0, "id": "1144012100101980019-1", "pnu": "1144012100101980019", "floors": 3, "height": 0.0}}, {"type": "Feature", "geometry": {"type": "Polygon", "coordinates": [[[126.92372739, 37.56036378], [126.92364561, 37.5603203], [126.92358589, 37.56039144], [126.92358589, 37.56039162], [126.92356991, 37.56041197], [126.92365305, 37.56045347], [126.92365294, 37.56045374], [126.92368376, 37.56041583], [126.92372739, 37.56036378]]]}, "properties": {"name": "연남동 373-17", "status": "full", "capacity": 1, "active": 1, "industry": "한식", "vacancy_rate": 0.0, "vacancy_rate_lo": 0.0, "vacancy_rate_hi": 0.0, "stores": 1, "source": "stores+ledger", "capacity_method": "floor_ouln", "active_pip": 0, "licensed": 1, "com_floors": [1], "occ_floors": [1], "unknown_n": 0, "id": "1144012400103730017-1", "pnu": "1144012400103730017", "floors": 4, "height": 0.0}}, {"type": "Feature", "geometry": {"type": "Polygon", "coordinates": [[[126.92005509, 37.56103124], [126.91995273, 37.56096828], [126.91978412, 37.5611444], [126.91988853, 37.56119782], [126.92005509, 37.56103124]]]}, "properties": {"name": "연남동 562-23", "status": "high", "capacity": 4, "active": 1, "industry": "세탁", "vacancy_rate": 75.0, "vacancy_rate_lo": 75.0, "vacancy_rate_hi": 75.0, "stores": 1, "source": "stores+ledger", "capacity_method": "floor_ouln", "active_pip": 0, "licensed": 0, "com_floors": [1, 2, 3, 4], "occ_floors": [1], "unknown_n": 0, "id": "1144012400105620023-1", "pnu": "1144012400105620023", "floors": 4, "height": 15.4}}, {"type": "Feature", "geometry": {"type": "Polygon", "coordinates": [[[126.92119108, 37.5587887], [126.92109314, 37.55872088], [126.92091211, 37.55888006], [126.92104421, 37.55897214], [126.92113008, 37.55889435], [126.92110056, 37.55887207], [126.92119108, 37.5587887]]]}, "properties": {"name": "민턴빌딩", "status": "full", "capacity": 3, "active": 3, "industry": "한식", "vacancy_rate": 0.0, "vacancy_rate_lo": 0.0, "vacancy_rate_hi": 0.0, "stores": 3, "source": "stores+ledger", "capacity_method": "floor_ouln", "active_pip": 0, "licensed": 1, "com_floors": [1, 2, 3], "occ_floors": [1, 2, 3], "unknown_n": 0, "id": "1144012100102040001-1", "pnu": "1144012100102040001", "floors": 6, "height": 21.65}}, {"type": "Feature", "geometry": {"type": "Polygon", "coordinates": [[[126.92107244, 37.56064603], [126.92098772, 37.56059543], [126.92091758, 37.56066989], [126.92100229, 37.56072049], [126.92107244, 37.56064603]]]}, "properties": {"name": "연남동 566-2", "status": "high", "capacity": 4, "active": 1, "industry": "", "vacancy_rate": 75.0, "source": "pip_only", "capacity_method": "floor_approx", "active_pip": 0, "licensed": 1, "id": "1144012400105660002-1", "pnu": "1144012400105660002", "floors": 4, "height": 0.0}}, {"type": "Feature", "geometry": {"type": "Polygon", "coordinates": [[[126.92246761, 37.56065218], [126.92240813, 37.56060637], [126.92239068, 37.5606205], [126.92236298, 37.56059877], [126.92230848, 37.5606482], [126.92230791, 37.56065974], [126.92237915, 37.56071186], [126.92240576, 37.56071214], [126.92246761, 37.56065218]]]}, "properties": {"name": "연남동 567-34", "status": "full", "capacity": 2, "active": 2, "industry": "서양식", "vacancy_rate": 0.0, "vacancy_rate_lo": 0.0, "vacancy_rate_hi": 0.0, "stores": 1, "source": "stores+ledger", "capacity_method": "floor_ouln", "active_pip": 0, "licensed": 1, "com_floors": [1, 2], "occ_floors": [1, 2], "unknown_n": 0, "id": "1144012400105670034-1", "pnu": "1144012400105670034", "floors": 4, "height": 12.5}}, {"type": "Feature", "geometry": {"type": "Polygon", "coordinates": [[[126.9203889, 37.55758605], [126.92029289, 37.55752256], [126.92024213, 37.55757136], [126.9202531, 37.55757759], [126.92022206, 37.55761234], [126.9203028, 37.55766863], [126.9203889, 37.55758605]]]}, "properties": {"name": "동교동 203-22", "status": "full", "capacity": 2, "active": 2, "industry": "기타 교육", "vacancy_rate": 0.0, "vacancy_rate_lo": 0.0, "vacancy_rate_hi": 50.0, "stores": 1, "source": "stores+ledger", "capacity_method": "floor_ouln", "active_pip": 0, "licensed": 0, "com_floors": [1, 5], "occ_floors": [1], "unknown_n": 1, "id": "1144012100102030022-1", "pnu": "1144012100102030022", "floors": 2, "height": 8.37}}, {"type": "Feature", "geometry": {"type": "Polygon", "coordinates": [[[126.92267285, 37.5611712], [126.9225734, 37.56112122], [126.92247004, 37.56125153], [126.92256937, 37.56130151], [126.92267285, 37.5611712]]]}, "properties": {"name": "연남동 566-64", "status": "full", "capacity": 1, "active": 1, "industry": "기타 생활용품 소매", "vacancy_rate": 0.0, "vacancy_rate_lo": 0.0, "vacancy_rate_hi": 0.0, "stores": 5, "source": "stores+ledger", "capacity_method": "floor_ouln", "active_pip": 0, "licensed": 2, "com_floors": [1], "occ_floors": [1], "unknown_n": 0, "id": "1144012400105660064-1", "pnu": "1144012400105660064", "floors": 2, "height": 0.0}}, {"type": "Feature", "geometry": {"type": "Polygon", "coordinates": [[[126.92112248, 37.56041352], [126.92103551, 37.56035832], [126.92097794, 37.56042441], [126.92103913, 37.56045815], [126.92103766, 37.56045977], [126.92106243, 37.56047348], [126.92112248, 37.56041352]]]}, "properties": {"name": "연남동 566-8", "status": "full", "capacity": 1, "active": 1, "industry": "한식", "vacancy_rate": 0.0, "vacancy_rate_lo": 0.0, "vacancy_rate_hi": 0.0, "stores": 1, "source": "stores+ledger", "capacity_method": "floor_ouln", "active_pip": 0, "licensed": 1, "com_floors": [1], "occ_floors": [1], "unknown_n": 0, "id": "1144012400105660008-1", "pnu": "1144012400105660008", "floors": 3, "height": 9.7}}, {"type": "Feature", "geometry": {"type": "Polygon", "coordinates": [[[126.92040257, 37.56049557], [126.92035043, 37.56046472], [126.92030193, 37.56051676], [126.92030838, 37.56052055], [126.92027529, 37.56055603], [126.92040084, 37.56063017], [126.92046441, 37.56056201], [126.92041554, 37.56053324], [126.92042234, 37.56052603], [126.92039135, 37.56050772], [126.92040257, 37.56049557]]]}, "properties": {"name": "연남동 562-32", "status": "empty", "capacity": 4, "active": 0, "industry": "", "vacancy_rate": 100.0, "source": "polygon_only", "capacity_method": "floor_approx", "active_pip": 0, "licensed": 0, "id": "1144012400105620032-1", "pnu": "1144012400105620032", "floors": 4, "height": 10.7}}, {"type": "Feature", "geometry": {"type": "Polygon", "coordinates": [[[126.92233634, 37.55878776], [126.92225889, 37.55871148], [126.9221718, 37.55876764], [126.92216488, 37.55877989], [126.92222819, 37.55884499], [126.92224234, 37.55884373], [126.92224879, 37.55884176], [126.92233634, 37.55878776]]]}, "properties": {"name": "일부", "status": "full", "capacity": 3, "active": 3, "industry": "이용·미용", "vacancy_rate": 0.0, "vacancy_rate_lo": 0.0, "vacancy_rate_hi": 0.0, "stores": 3, "source": "stores+ledger", "capacity_method": "floor_ouln", "active_pip": 0, "licensed": 2, "com_floors": [1, 2, 3], "occ_floors": [1, 2, 3], "unknown_n": 0, "id": "1144012100102040036-1", "pnu": "1144012100102040036", "floors": 4, "height": 12.0}}, {"type": "Feature", "geometry": {"type": "Polygon", "coordinates": [[[126.92240002, 37.55947534], [126.92249224, 37.55939134], [126.92250162, 37.55939784], [126.92255815, 37.55934634], [126.9224834, 37.55928763], [126.92243673, 37.55932535], [126.92240202, 37.55929821], [126.92237972, 37.55930333], [126.92232602, 37.55934672], [126.92230013, 37.55932634], [126.92231599, 37.55931356], [126.92221975, 37.55923637], [126.92216243, 37.5592885], [126.92225946, 37.55935605], [126.92227079, 37.5593457], [126.92229488, 37.55936247], [126.92227019, 37.55938498], [126.92240002, 37.55947534]]]}, "properties": {"name": "동교동 197-2", "status": "empty", "capacity": 3, "active": 0, "industry": "", "vacancy_rate": 100.0, "source": "polygon_only", "capacity_method": "floor_approx", "active_pip": 0, "licensed": 0, "id": "1144012100101970002-1", "pnu": "1144012100101970002", "floors": 3, "height": 7.8}}, {"type": "Feature", "geometry": {"type": "Polygon", "coordinates": [[[126.92020324, 37.55827141], [126.92005667, 37.55817706], [126.9200399, 37.55819363], [126.91999141, 37.55824144], [126.91999161, 37.55826225], [126.92014452, 37.55837255], [126.9201743, 37.55834437], [126.92014615, 37.55832552], [126.92020324, 37.55827141]]]}, "properties": {"name": "삼기빌딩", "status": "partial", "capacity": 5, "active": 3, "industry": "한식", "vacancy_rate": 40.0, "vacancy_rate_lo": 40.0, "vacancy_rate_hi": 40.0, "stores": 2, "source": "stores+ledger", "capacity_method": "floor_ouln", "active_pip": 0, "licensed": 2, "com_floors": [1, 2, 3, 5, 6], "occ_floors": [1, 3, 5], "unknown_n": 0, "id": "1144012100102030056-1", "pnu": "1144012100102030056", "floors": 6, "height": 21.1}}, {"type": "Feature", "geometry": {"type": "Polygon", "coordinates": [[[126.92380079, 37.56019237], [126.92376821, 37.56017622], [126.92369897, 37.56025718], [126.92369952, 37.56026934], [126.92381435, 37.56032528], [126.92382671, 37.56031024], [126.92381825, 37.56026897], [126.92377743, 37.56024633], [126.92381062, 37.56020833], [126.92380396, 37.56019724], [126.92380079, 37.56019237]]]}, "properties": {"name": "연남동 358-1", "status": "full", "capacity": 2, "active": 2, "industry": "비알코올 ", "vacancy_rate": 0.0, "vacancy_rate_lo": 0.0, "vacancy_rate_hi": 0.0, "stores": 2, "source": "stores+ledger", "capacity_method": "floor_ouln", "active_pip": 0, "licensed": 1, "com_floors": [1, 2], "occ_floors": [1, 2], "unknown_n": 0, "id": "1144012400103580001-1", "pnu": "1144012400103580001", "floors": 3, "height": 0.0}}, {"type": "Feature", "geometry": {"type": "Polygon", "coordinates": [[[126.92166591, 37.56113333], [126.92169853, 37.56109902], [126.92170147, 37.56110083], [126.92174057, 37.56105959], [126.92168615, 37.56102684], [126.92168547, 37.56102747], [126.92164351, 37.56100222], [126.92160828, 37.56103941], [126.92160352, 37.56103652], [126.92156772, 37.56107425], [126.92166591, 37.56113333]]]}, "properties": {"name": "연남동 566-37", "status": "empty", "capacity": 2, "active": 0, "industry": "", "vacancy_rate": 100.0, "source": "polygon_only", "capacity_method": "floor_approx", "active_pip": 0, "licensed": 0, "id": "1144012400105660037-1", "pnu": "1144012400105660037", "floors": 2, "height": 0.0}}, {"type": "Feature", "geometry": {"type": "Polygon", "coordinates": [[[126.92028043, 37.55827308], [126.92033991, 37.5582151], [126.92034331, 37.55821727], [126.92038999, 37.55817342], [126.92028853, 37.55810478], [126.92021161, 37.5581769], [126.92021545, 37.55817961], [126.92021919, 37.55818132], [126.92018724, 37.55821247], [126.92028043, 37.55827308]]]}, "properties": {"name": "SANTOH빌딩", "status": "partial", "capacity": 2, "active": 1, "industry": "서양식", "vacancy_rate": 50.0, "vacancy_rate_lo": 50.0, "vacancy_rate_hi": 50.0, "stores": 1, "source": "stores+ledger", "capacity_method": "floor_ouln", "active_pip": 0, "licensed": 1, "com_floors": [1, 4], "occ_floors": [1], "unknown_n": 0, "id": "1144012100102030057-1", "pnu": "1144012100102030057", "floors": 2, "height": 0.0}}, {"type": "Feature", "geometry": {"type": "Polygon", "coordinates": [[[126.92318697, 37.55747402], [126.92313642, 37.55744002], [126.92310776, 37.55746586], [126.9231176, 37.55747524], [126.92306039, 37.55752585], [126.92309058, 37.55755153], [126.92318697, 37.55747402]]]}, "properties": {"name": "금화빌딩", "status": "full", "capacity": 5, "active": 5, "industry": "주점", "vacancy_rate": 0.0, "vacancy_rate_lo": 0.0, "vacancy_rate_hi": 20.0, "stores": 9, "source": "stores+ledger", "capacity_method": "floor_ouln", "active_pip": 0, "licensed": 3, "com_floors": [1, 2, 3, 5, 6], "occ_floors": [1, 2, 5, 6], "unknown_n": 1, "id": "1144012100101580001-2", "pnu": "1144012100101580001", "floors": 0, "height": 0.0}}, {"type": "Feature", "geometry": {"type": "Polygon", "coordinates": [[[126.92144703, 37.55818741], [126.92137062, 37.55810983], [126.92131444, 37.55814773], [126.92130461, 37.55813835], [126.92125885, 37.55817246], [126.92134138, 37.55825488], [126.92135463, 37.55824642], [126.92144703, 37.55818741]]]}, "properties": {"name": "동교동 204-28", "status": "partial", "capacity": 2, "active": 1, "industry": "한식", "vacancy_rate": 50.0, "vacancy_rate_lo": 50.0, "vacancy_rate_hi": 50.0, "stores": 1, "source": "stores+ledger", "capacity_method": "floor_ouln", "active_pip": 0, "licensed": 1, "com_floors": [1, 2], "occ_floors": [2], "unknown_n": 0, "id": "1144012100102040028-1", "pnu": "1144012100102040028", "floors": 2, "height": 0.0}}, {"type": "Feature", "geometry": {"type": "Polygon", "coordinates": [[[126.92291169, 37.55883138], [126.92284373, 37.55877421], [126.92283455, 37.55878105], [126.92283149, 37.55878123], [126.92282878, 37.55878132], [126.92282165, 37.55878357], [126.92277351, 37.55881903], [126.92277056, 37.5588221], [126.92276897, 37.55882759], [126.92275912, 37.55883722], [126.92291177, 37.55896797], [126.92291449, 37.55897031], [126.92299763, 37.5589091], [126.92299933, 37.5589073], [126.92300001, 37.55890541], [126.92291169, 37.55883138]]]}, "properties": {"name": "일부", "status": "full", "capacity": 2, "active": 2, "industry": "이용·미용", "vacancy_rate": 0.0, "vacancy_rate_lo": 0.0, "vacancy_rate_hi": 0.0, "stores": 5, "source": "stores+ledger", "capacity_method": "floor_ouln", "active_pip": 0, "licensed": 3, "com_floors": [1, 2], "occ_floors": [1, 2], "unknown_n": 0, "id": "1144012100101980008-1", "pnu": "1144012100101980008", "floors": 4, "height": 11.5}}, {"type": "Feature", "geometry": {"type": "Polygon", "coordinates": [[[126.92035078, 37.55791439], [126.92050447, 37.55803466], [126.92061759, 37.55794187], [126.9204556, 37.557829], [126.92035078, 37.55791439]]]}, "properties": {"name": "아이디어웍스", "status": "high", "capacity": 5, "active": 2, "industry": "기타 교육", "vacancy_rate": 60.0, "vacancy_rate_lo": 60.0, "vacancy_rate_hi": 60.0, "stores": 2, "source": "stores+ledger", "capacity_method": "floor_ouln", "active_pip": 0, "licensed": 0, "com_floors": [1, 2, 3, 4, 6], "occ_floors": [1, 4], "unknown_n": 0, "id": "1144012100102030052-1", "pnu": "1144012100102030052", "floors": 6, "height": 21.1}}, {"type": "Feature", "geometry": {"type": "Polygon", "coordinates": [[[126.92449382, 37.56094758], [126.92448499, 37.56084009], [126.92438176, 37.56084656], [126.92438223, 37.56094787], [126.92449382, 37.56094758]]]}, "properties": {"name": "연남동 260-51", "status": "full", "capacity": 2, "active": 2, "industry": "한식", "vacancy_rate": 0.0, "vacancy_rate_lo": 0.0, "vacancy_rate_hi": 0.0, "stores": 2, "source": "stores+ledger", "capacity_method": "floor_ouln", "active_pip": 0, "licensed": 2, "com_floors": [1, 2], "occ_floors": [1, 2], "unknown_n": 0, "id": "1144012400102600051-1", "pnu": "1144012400102600051", "floors": 2, "height": 8.63}}, {"type": "Feature", "geometry": {"type": "Polygon", "coordinates": [[[126.91937838, 37.55758777], [126.91950808, 37.55768357], [126.91959814, 37.55760629], [126.91946667, 37.55751103], [126.91937838, 37.55758777]]]}, "properties": {"name": "골드빌딩", "status": "partial", "capacity": 4, "active": 3, "industry": "자동차 수리·세차", "vacancy_rate": 25.0, "vacancy_rate_lo": 25.0, "vacancy_rate_hi": 25.0, "stores": 1, "source": "stores+ledger", "capacity_method": "floor_ouln", "active_pip": 0, "licensed": 0, "com_floors": [1, 2, 3, 4], "occ_floors": [1, 3, 4], "unknown_n": 0, "id": "1144012100102050022-1", "pnu": "1144012100102050022", "floors": 7, "height": 26.1}}, {"type": "Feature", "geometry": {"type": "Polygon", "coordinates": [[[126.92348717, 37.55997124], [126.92343763, 37.55993823], [126.92345565, 37.55992077], [126.92341504, 37.5598938], [126.92335205, 37.55995367], [126.92334956, 37.55995196], [126.92333178, 37.55996889], [126.92342463, 37.56003076], [126.92348717, 37.55997124]]]}, "properties": {"name": "동교동 197-40", "status": "full", "capacity": 1, "active": 1, "industry": "일식", "vacancy_rate": 0.0, "vacancy_rate_lo": 0.0, "vacancy_rate_hi": 0.0, "stores": 2, "source": "stores+ledger", "capacity_method": "floor_ouln", "active_pip": 0, "licensed": 0, "com_floors": [1], "occ_floors": [1], "unknown_n": 0, "id": "1144012100101970040-1", "pnu": "1144012100101970040", "floors": 1, "height": 0.0}}, {"type": "Feature", "geometry": {"type": "Polygon", "coordinates": [[[126.91971454, 37.55763853], [126.91981588, 37.55771151], [126.91988427, 37.55765081], [126.9197895, 37.55758313], [126.91973358, 37.55763276], [126.9197253, 37.55762897], [126.91971454, 37.55763853]]]}, "properties": {"name": "CM빌딩", "status": "partial", "capacity": 5, "active": 4, "industry": "이용·미용", "vacancy_rate": 20.0, "vacancy_rate_lo": 20.0, "vacancy_rate_hi": 20.0, "stores": 3, "source": "stores+ledger", "capacity_method": "floor_ouln", "active_pip": 0, "licensed": 1, "com_floors": [1, 2, 3, 4, 6], "occ_floors": [1, 3, 4, 6], "unknown_n": 0, "id": "1144012100102030011-1", "pnu": "1144012100102030011", "floors": 6, "height": 20.2}}, {"type": "Feature", "geometry": {"type": "Polygon", "coordinates": [[[126.92109422, 37.55781487], [126.92114678, 37.5578515], [126.92125668, 37.557752], [126.92124916, 37.55774671], [126.92125867, 37.55773827], [126.92118546, 37.55766488], [126.92116362, 37.5576849], [126.92116104, 37.5576831], [126.92113975, 37.55770244], [126.92114136, 37.55770364], [126.92107655, 37.55776422], [126.92109544, 37.55777692], [126.92109299, 37.55777925], [126.92109793, 37.55778271], [126.92109032, 37.55778956], [126.92110913, 37.55780277], [126.92109422, 37.55781487]]]}, "properties": {"name": "동교동 203-9", "status": "empty", "capacity": 7, "active": 0, "industry": "", "vacancy_rate": 100.0, "source": "polygon_only", "capacity_method": "floor_approx", "active_pip": 0, "licensed": 0, "id": "1144012100102030009-1", "pnu": "1144012100102030009", "floors": 7, "height": 19.9}}, {"type": "Feature", "geometry": {"type": "Polygon", "coordinates": [[[126.92138233, 37.55752221], [126.92129197, 37.55745467], [126.92119161, 37.5575401], [126.92128196, 37.55760765], [126.92138233, 37.55752221]]]}, "properties": {"name": "동교동 201-48", "status": "full", "capacity": 4, "active": 4, "industry": "기타 간이", "vacancy_rate": 0.0, "vacancy_rate_lo": 0.0, "vacancy_rate_hi": 25.0, "stores": 3, "source": "stores+ledger", "capacity_method": "floor_ouln", "active_pip": 0, "licensed": 2, "com_floors": [1, 2, 3, 4], "occ_floors": [1, 2, 3], "unknown_n": 1, "id": "1144012100102010048-1", "pnu": "1144012100102010048", "floors": 4, "height": 11.9}}, {"type": "Feature", "geometry": {"type": "Polygon", "coordinates": [[[126.92114314, 37.55713372], [126.92104668, 37.55705924], [126.92097702, 37.55711631], [126.92098358, 37.55712145], [126.92088469, 37.55720256], [126.92097459, 37.557272], [126.92114314, 37.55713372]]]}, "properties": {"name": "동교동 201-25", "status": "empty", "capacity": 2, "active": 0, "industry": "비알코올 ", "vacancy_rate": 100.0, "vacancy_rate_lo": 100.0, "vacancy_rate_hi": 100.0, "stores": 1, "source": "stores+ledger", "capacity_method": "floor_ouln", "active_pip": 0, "licensed": 1, "com_floors": [1, 2], "occ_floors": [], "unknown_n": 0, "id": "1144012100102010025-1", "pnu": "1144012100102010025", "floors": 2, "height": 0.0}}, {"type": "Feature", "geometry": {"type": "Polygon", "coordinates": [[[126.91995107, 37.55947713], [126.92005262, 37.55953742], [126.92012362, 37.55946163], [126.92005652, 37.5594218], [126.92005246, 37.55942614], [126.92003886, 37.55941806], [126.92000754, 37.55942136], [126.91999605, 37.55943363], [126.91999333, 37.55943202], [126.91995107, 37.55947713]]]}, "properties": {"name": "명칭없음", "status": "full", "capacity": 1, "active": 1, "industry": "이용·미용", "vacancy_rate": 0.0, "vacancy_rate_lo": null, "vacancy_rate_hi": null, "stores": 1, "source": "stores+ledger", "capacity_method": "expos_units", "active_pip": 0, "licensed": 0, "com_floors": null, "occ_floors": null, "unknown_n": null, "id": "1144012400105650005-1", "pnu": "1144012400105650005", "floors": 5, "height": 13.15}}, {"type": "Feature", "geometry": {"type": "Polygon", "coordinates": [[[126.92422104, 37.55995189], [126.9241352, 37.55989616], [126.92407176, 37.55995621], [126.92410264, 37.55997371], [126.92409776, 37.55997911], [126.9241636, 37.56001628], [126.92422104, 37.55995189]]]}, "properties": {"name": "우측", "status": "full", "capacity": 2, "active": 2, "industry": "서양식", "vacancy_rate": 0.0, "vacancy_rate_lo": 0.0, "vacancy_rate_hi": 0.0, "stores": 3, "source": "stores+ledger", "capacity_method": "floor_ouln", "active_pip": 0, "licensed": 1, "com_floors": [1, 2], "occ_floors": [1, 2], "unknown_n": 0, "id": "1144012100101520004-1", "pnu": "1144012100101520004", "floors": 2, "height": 6.3}}, {"type": "Feature", "geometry": {"type": "Polygon", "coordinates": [[[126.92072661, 37.55704653], [126.92084877, 37.55696804], [126.92067961, 37.55684205], [126.92059366, 37.5569154], [126.92060136, 37.55692299], [126.92060294, 37.55692455], [126.92064775, 37.55696875], [126.92068414, 37.55700469], [126.92072661, 37.55704653]]]}, "properties": {"name": "SJ빌딩", "status": "full", "capacity": 3, "active": 3, "industry": "식물 소매", "vacancy_rate": 0.0, "vacancy_rate_lo": 0.0, "vacancy_rate_hi": 0.0, "stores": 6, "source": "stores+ledger", "capacity_method": "floor_ouln", "active_pip": 0, "licensed": 2, "com_floors": [1, 2, 5], "occ_floors": [1, 2, 5], "unknown_n": 0, "id": "1144012100102010014-1", "pnu": "1144012100102010014", "floors": 7, "height": 22.7}}, {"type": "Feature", "geometry": {"type": "Polygon", "coordinates": [[[126.92030354, 37.56101768], [126.92018818, 37.56095226], [126.92014874, 37.56098887], [126.92015439, 37.56099221], [126.92013705, 37.56101112], [126.92024667, 37.56107498], [126.92030354, 37.56101768]]]}, "properties": {"name": "연남동 562-27", "status": "full", "capacity": 1, "active": 1, "industry": "기타 간이", "vacancy_rate": 0.0, "vacancy_rate_lo": 0.0, "vacancy_rate_hi": 0.0, "stores": 2, "source": "stores+ledger", "capacity_method": "floor_ouln", "active_pip": 0, "licensed": 2, "com_floors": [1], "occ_floors": [1], "unknown_n": 0, "id": "1144012400105620027-1", "pnu": "1144012400105620027", "floors": 4, "height": 11.3}}, {"type": "Feature", "geometry": {"type": "Polygon", "coordinates": [[[126.92312834, 37.55903064], [126.92309147, 37.55899953], [126.92307188, 37.55901421], [126.9230375, 37.55898508], [126.92302334, 37.5589957], [126.922997, 37.55897343], [126.92293526, 37.55902547], [126.92304122, 37.55910519], [126.92306229, 37.55908745], [126.92305754, 37.55908375], [126.92312834, 37.55903064]]]}, "properties": {"name": "좌측", "status": "full", "capacity": 1, "active": 1, "industry": "기타 간이", "vacancy_rate": 0.0, "vacancy_rate_lo": 0.0, "vacancy_rate_hi": 0.0, "stores": 3, "source": "stores+ledger", "capacity_method": "floor_ouln", "active_pip": 0, "licensed": 3, "com_floors": [1], "occ_floors": [1], "unknown_n": 0, "id": "1144012100101980007-1", "pnu": "1144012100101980007", "floors": 1, "height": 6.2}}, {"type": "Feature", "geometry": {"type": "Polygon", "coordinates": [[[126.92023288, 37.56009919], [126.92013209, 37.56003984], [126.9200904, 37.56008468], [126.92011222, 37.56009758], [126.92006906, 37.56014404], [126.92008659, 37.56015441], [126.9200611, 37.56018179], [126.92014412, 37.56023077], [126.92024372, 37.56012371], [126.920222, 37.5601109], [126.92023288, 37.56009919]]]}, "properties": {"name": "일부", "status": "full", "capacity": 1, "active": 1, "industry": "일식", "vacancy_rate": 0.0, "vacancy_rate_lo": 0.0, "vacancy_rate_hi": 0.0, "stores": 1, "source": "stores+ledger", "capacity_method": "floor_ouln", "active_pip": 0, "licensed": 1, "com_floors": [1], "occ_floors": [1], "unknown_n": 0, "id": "1144012400105650031-1", "pnu": "1144012400105650031", "floors": 1, "height": 5.0}}, {"type": "Feature", "geometry": {"type": "Polygon", "coordinates": [[[126.92120541, 37.55985264], [126.92124727, 37.55987803], [126.92124248, 37.55988304], [126.9213155, 37.55992716], [126.92136789, 37.55987243], [126.92137005, 37.55987389], [126.92137315, 37.55987066], [126.92125617, 37.5597996], [126.92120541, 37.55985264]]]}, "properties": {"name": "제이드빌", "status": "full", "capacity": 2, "active": 2, "industry": "일식", "vacancy_rate": 0.0, "vacancy_rate_lo": 0.0, "vacancy_rate_hi": 0.0, "stores": 2, "source": "stores+ledger", "capacity_method": "floor_ouln", "active_pip": 0, "licensed": 2, "com_floors": [1, 2], "occ_floors": [1, 2], "unknown_n": 0, "id": "1144012400105680021-1", "pnu": "1144012400105680021", "floors": 4, "height": 12.0}}, {"type": "Feature", "geometry": {"type": "Polygon", "coordinates": [[[126.92168119, 37.56048987], [126.92178334, 37.56055038], [126.92184821, 37.56048098], [126.92178419, 37.56044307], [126.92177947, 37.56044813], [126.92174949, 37.56043038], [126.92173599, 37.56044484], [126.92172781, 37.56044], [126.92168119, 37.56048987]]]}, "properties": {"name": "연남동 566-24", "status": "high", "capacity": 4, "active": 1, "industry": "서양식", "vacancy_rate": 75.0, "vacancy_rate_lo": 75.0, "vacancy_rate_hi": 75.0, "stores": 1, "source": "stores+ledger", "capacity_method": "floor_ouln", "active_pip": 0, "licensed": 1, "com_floors": [1, 2, 4, 5], "occ_floors": [1], "unknown_n": 0, "id": "1144012400105660024-1", "pnu": "1144012400105660024", "floors": 5, "height": 16.2}}, {"type": "Feature", "geometry": {"type": "Polygon", "coordinates": [[[126.92105338, 37.56099557], [126.92113459, 37.56104528], [126.92114286, 37.56103671], [126.92114448, 37.5610377], [126.92120278, 37.56097735], [126.92119163, 37.56096967], [126.92120043, 37.56096056], [126.92113109, 37.5609171], [126.92105338, 37.56099557]]]}, "properties": {"name": "연남동 561-65", "status": "empty", "capacity": 4, "active": 0, "industry": "", "vacancy_rate": 100.0, "source": "polygon_only", "capacity_method": "floor_approx", "active_pip": 0, "licensed": 0, "id": "1144012400105610065-1", "pnu": "1144012400105610065", "floors": 4, "height": 15.85}}, {"type": "Feature", "geometry": {"type": "Polygon", "coordinates": [[[126.923965, 37.55987136], [126.92398834, 37.55985209], [126.92399049, 37.55985363], [126.92401722, 37.55983157], [126.9240486, 37.55980681], [126.92401614, 37.55977814], [126.92401603, 37.55977805], [126.92398324, 37.55975118], [126.92397485, 37.55975766], [126.92397169, 37.55975513], [126.92396725, 37.55975719], [126.9239641, 37.55976056], [126.92396206, 37.55976361], [126.9239616, 37.5597681], [126.9239351, 37.55978837], [126.92394432, 37.55984513], [126.92394409, 37.55984549], [126.9239433, 37.55984801], [126.92394272, 37.55985423], [126.923965, 37.55987136]]]}, "properties": {"name": "옥탑호", "status": "full", "capacity": 2, "active": 2, "industry": "주점", "vacancy_rate": 0.0, "vacancy_rate_lo": 0.0, "vacancy_rate_hi": 0.0, "stores": 2, "source": "stores+ledger", "capacity_method": "floor_ouln", "active_pip": 0, "licensed": 1, "com_floors": [1, 5], "occ_floors": [1, 5], "unknown_n": 0, "id": "1144012100101520023-1", "pnu": "1144012100101520023", "floors": 5, "height": 15.0}}, {"type": "Feature", "geometry": {"type": "Polygon", "coordinates": [[[126.9235803, 37.56075716], [126.92354286, 37.56073803], [126.92354037, 37.56074109], [126.92350575, 37.56072341], [126.92344965, 37.56079293], [126.92352171, 37.56082956], [126.9235803, 37.56075716]]]}, "properties": {"name": "연남동 373-10", "status": "partial", "capacity": 4, "active": 2, "industry": "주점", "vacancy_rate": 50.0, "vacancy_rate_lo": 50.0, "vacancy_rate_hi": 50.0, "stores": 3, "source": "stores+ledger", "capacity_method": "floor_ouln", "active_pip": 0, "licensed": 2, "com_floors": [1, 2, 3, 4], "occ_floors": [1, 4], "unknown_n": 0, "id": "1144012400103730010-1", "pnu": "1144012400103730010", "floors": 5, "height": 15.45}}, {"type": "Feature", "geometry": {"type": "Polygon", "coordinates": [[[126.9239519, 37.56095655], [126.92404323, 37.56100255], [126.92409628, 37.56093579], [126.92409777, 37.5609532], [126.9241226, 37.56095172], [126.92411131, 37.5608322], [126.92410583, 37.56081803], [126.92410098, 37.560811], [126.92408469, 37.5608028], [126.92407201, 37.56080541], [126.92406804, 37.56081041], [126.9239519, 37.56095655]]]}, "properties": {"name": "파크연남", "status": "partial", "capacity": 7, "active": 4, "industry": "유원지·오락", "vacancy_rate": 42.9, "vacancy_rate_lo": 42.9, "vacancy_rate_hi": 57.1, "stores": 3, "source": "stores+ledger", "capacity_method": "floor_ouln", "active_pip": 0, "licensed": 1, "com_floors": [1, 2, 3, 4, 5, 6, 7], "occ_floors": [1, 3, 5], "unknown_n": 1, "id": "1144012400102590004-1", "pnu": "1144012400102590004", "floors": 7, "height": 21.9}}, {"type": "Feature", "geometry": {"type": "Polygon", "coordinates": [[[126.92270237, 37.55997289], [126.92261415, 37.55991553], [126.92253133, 37.5599963], [126.92261708, 37.56005203], [126.92270237, 37.55997289]]]}, "properties": {"name": "동교동 197-27", "status": "partial", "capacity": 4, "active": 3, "industry": "일식", "vacancy_rate": 25.0, "vacancy_rate_lo": 25.0, "vacancy_rate_hi": 25.0, "stores": 2, "source": "stores+ledger", "capacity_method": "floor_ouln", "active_pip": 0, "licensed": 1, "com_floors": [1, 3, 4, 5], "occ_floors": [1, 4, 5], "unknown_n": 0, "id": "1144012100101970027-1", "pnu": "1144012100101970027", "floors": 5, "height": 15.4}}, {"type": "Feature", "geometry": {"type": "Polygon", "coordinates": [[[126.92456977, 37.55949153], [126.9244932, 37.55944039], [126.92440801, 37.55952115], [126.92448458, 37.55957229], [126.92456977, 37.55949153]]]}, "properties": {"name": "동교동 153-1", "status": "partial", "capacity": 4, "active": 3, "industry": "섬유·의복·신발 소매", "vacancy_rate": 25.0, "vacancy_rate_lo": 25.0, "vacancy_rate_hi": 50.0, "stores": 3, "source": "stores+ledger", "capacity_method": "floor_ouln", "active_pip": 0, "licensed": 1, "com_floors": [1, 2, 3, 4], "occ_floors": [1, 2], "unknown_n": 1, "id": "1144012100101530001-1", "pnu": "1144012100101530001", "floors": 4, "height": 12.65}}, {"type": "Feature", "geometry": {"type": "Polygon", "coordinates": [[[126.92413287, 37.56130693], [126.92412142, 37.56121819], [126.92410726, 37.56121926], [126.92403323, 37.56122525], [126.92404368, 37.56130751], [126.92404604, 37.56132328], [126.9241203, 37.56131612], [126.92411929, 37.56130801], [126.92413287, 37.56130693]]]}, "properties": {"name": "창무빌딩", "status": "full", "capacity": 4, "active": 4, "industry": "한식", "vacancy_rate": 0.0, "vacancy_rate_lo": 0.0, "vacancy_rate_hi": 0.0, "stores": 7, "source": "stores+ledger", "capacity_method": "floor_ouln", "active_pip": 0, "licensed": 2, "com_floors": [1, 2, 3, 4], "occ_floors": [1, 2, 3, 4], "unknown_n": 0, "id": "1144012400102590010-1", "pnu": "1144012400102590010", "floors": 5, "height": 0.0}}, {"type": "Feature", "geometry": {"type": "Polygon", "coordinates": [[[126.92281501, 37.55929245], [126.92270655, 37.55921642], [126.92266554, 37.55925343], [126.92245868, 37.55944006], [126.92259428, 37.55953548], [126.92275777, 37.55937711], [126.92281883, 37.559322], [126.92279824, 37.55930758], [126.92281501, 37.55929245]]]}, "properties": {"name": "동교동앤트빌딩", "status": "full", "capacity": 4, "active": 4, "industry": "기타 교육", "vacancy_rate": 0.0, "vacancy_rate_lo": 0.0, "vacancy_rate_hi": 25.0, "stores": 3, "source": "stores+ledger", "capacity_method": "floor_ouln", "active_pip": 0, "licensed": 0, "com_floors": [1, 3, 4, 5], "occ_floors": [3, 4, 5], "unknown_n": 1, "id": "1144012100101970008-1", "pnu": "1144012100101970008", "floors": 6, "height": 21.15}}, {"type": "Feature", "geometry": {"type": "Polygon", "coordinates": [[[126.92407306, 37.56012642], [126.92404705, 37.55998827], [126.92397574, 37.55999678], [126.92400174, 37.56013493], [126.92407306, 37.56012642]]]}, "properties": {"name": "일부호", "status": "full", "capacity": 4, "active": 4, "industry": "유원지·오락", "vacancy_rate": 0.0, "vacancy_rate_lo": 0.0, "vacancy_rate_hi": 0.0, "stores": 11, "source": "stores+ledger", "capacity_method": "floor_ouln", "active_pip": 0, "licensed": 3, "com_floors": [1, 2, 3, 4], "occ_floors": [1, 2, 3, 4], "unknown_n": 0, "id": "1144012100101520001-1", "pnu": "1144012100101520001", "floors": 5, "height": 12.2}}, {"type": "Feature", "geometry": {"type": "Polygon", "coordinates": [[[126.92165926, 37.55958541], [126.92155635, 37.55951407], [126.92148644, 37.55958386], [126.92159298, 37.55965149], [126.92165926, 37.55958541]]]}, "properties": {"name": "연남동 568-25", "status": "full", "capacity": 2, "active": 2, "industry": "한식", "vacancy_rate": 0.0, "vacancy_rate_lo": 0.0, "vacancy_rate_hi": 50.0, "stores": 1, "source": "stores+ledger", "capacity_method": "floor_ouln", "active_pip": 0, "licensed": 1, "com_floors": [1, 2], "occ_floors": [1], "unknown_n": 1, "id": "1144012400105680025-1", "pnu": "1144012400105680025", "floors": 2, "height": 0.0}}, {"type": "Feature", "geometry": {"type": "Polygon", "coordinates": [[[126.92417552, 37.55975437], [126.92409806, 37.55969512], [126.92409285, 37.55969521], [126.92408493, 37.55969439], [126.92407904, 37.55969646], [126.92407485, 37.55969934], [126.92407304, 37.55970168], [126.92407247, 37.55970682], [126.92407292, 37.55970808], [126.92407631, 37.55971069], [126.924025, 37.55975265], [126.92410325, 37.55981333], [126.92417552, 37.55975437]]]}, "properties": {"name": "동교동 152-26", "status": "full", "capacity": 2, "active": 2, "industry": "기타 간이", "vacancy_rate": 0.0, "vacancy_rate_lo": 0.0, "vacancy_rate_hi": 0.0, "stores": 1, "source": "stores+ledger", "capacity_method": "floor_ouln", "active_pip": 0, "licensed": 1, "com_floors": [1, 3], "occ_floors": [1, 3], "unknown_n": 0, "id": "1144012100101520026-1", "pnu": "1144012100101520026", "floors": 4, "height": 11.7}}, {"type": "Feature", "geometry": {"type": "Polygon", "coordinates": [[[126.92402484, 37.55913132], [126.92393119, 37.55906729], [126.92387444, 37.55911978], [126.92396808, 37.55918391], [126.92402484, 37.55913132]]]}, "properties": {"name": "전체", "status": "full", "capacity": 3, "active": 3, "industry": "주점", "vacancy_rate": 0.0, "vacancy_rate_lo": 0.0, "vacancy_rate_hi": 0.0, "stores": 1, "source": "stores+ledger", "capacity_method": "floor_ouln", "active_pip": 0, "licensed": 1, "com_floors": [1, 2, 3], "occ_floors": [1, 2, 3], "unknown_n": 0, "id": "1144012100101530011-1", "pnu": "1144012100101530011", "floors": 4, "height": 11.1}}, {"type": "Feature", "geometry": {"type": "Polygon", "coordinates": [[[126.92155018, 37.55902474], [126.92146841, 37.55897044], [126.92128023, 37.55914484], [126.92137591, 37.55921446], [126.92140661, 37.55918673], [126.92139078, 37.55917266], [126.92155018, 37.55902474]]]}, "properties": {"name": "동교동 204-5", "status": "high", "capacity": 3, "active": 1, "industry": "한식", "vacancy_rate": 66.7, "vacancy_rate_lo": 66.7, "vacancy_rate_hi": 66.7, "stores": 1, "source": "stores+ledger", "capacity_method": "floor_ouln", "active_pip": 0, "licensed": 0, "com_floors": [1, 2, 3], "occ_floors": [1], "unknown_n": 0, "id": "1144012100102040005-1", "pnu": "1144012100102040005", "floors": 5, "height": 16.75}}, {"type": "Feature", "geometry": {"type": "Polygon", "coordinates": [[[126.92301444, 37.5588474], [126.92303233, 37.55883353], [126.92303223, 37.55883371], [126.9230439, 37.55881903], [126.92304378, 37.55881939], [126.92307195, 37.55883437], [126.92308439, 37.55883492], [126.92309606, 37.55883312], [126.92311304, 37.55882872], [126.92312018, 37.55882485], [126.92312527, 37.55882125], [126.92312866, 37.55881827], [126.92313105, 37.55881584], [126.92315881, 37.55878712], [126.92315891, 37.55878685], [126.92310496, 37.5587542], [126.9231172, 37.55874151], [126.9230111, 37.55867729], [126.92300351, 37.55868521], [126.92299039, 37.55867718], [126.92297386, 37.55868645], [126.92296832, 37.55868023], [126.9229118, 37.55872254], [126.92288665, 37.55874117], [126.92291164, 37.55876191], [126.92299815, 37.55883378], [126.92301444, 37.5588474]]]}, "properties": {"name": "호성빌딩", "status": "partial", "capacity": 5, "active": 4, "industry": "기타 교육", "vacancy_rate": 20.0, "vacancy_rate_lo": 20.0, "vacancy_rate_hi": 40.0, "stores": 3, "source": "stores+ledger", "capacity_method": "floor_ouln", "active_pip": 0, "licensed": 1, "com_floors": [1, 2, 3, 4, 5], "occ_floors": [1, 2, 4], "unknown_n": 1, "id": "1144012100101980011-1", "pnu": "1144012100101980011", "floors": 6, "height": 19.4}}, {"type": "Feature", "geometry": {"type": "Polygon", "coordinates": [[[126.92464149, 37.55941841], [126.92455971, 37.55936673], [126.92449581, 37.55943075], [126.92457759, 37.55948243], [126.92464149, 37.55941841]]]}, "properties": {"name": "좌측", "status": "partial", "capacity": 4, "active": 3, "industry": "섬유·의복·신발 소매", "vacancy_rate": 25.0, "vacancy_rate_lo": 25.0, "vacancy_rate_hi": 50.0, "stores": 3, "source": "stores+ledger", "capacity_method": "floor_ouln", "active_pip": 0, "licensed": 1, "com_floors": [1, 2, 3, 4], "occ_floors": [1, 2], "unknown_n": 1, "id": "1144012100101530030-1", "pnu": "1144012100101530030", "floors": 4, "height": 12.7}}, {"type": "Feature", "geometry": {"type": "Polygon", "coordinates": [[[126.92322676, 37.55840847], [126.92317996, 37.55835511], [126.92315086, 37.5583713], [126.92314894, 37.55836914], [126.92304271, 37.55842817], [126.92309144, 37.55848371], [126.92322676, 37.55840847]]]}, "properties": {"name": "동교동 200-8", "status": "full", "capacity": 1, "active": 1, "industry": "기타 간이", "vacancy_rate": 0.0, "vacancy_rate_lo": 0.0, "vacancy_rate_hi": 0.0, "stores": 5, "source": "stores+ledger", "capacity_method": "floor_ouln", "active_pip": 0, "licensed": 3, "com_floors": [1], "occ_floors": [1], "unknown_n": 0, "id": "1144012100102000008-1", "pnu": "1144012100102000008", "floors": 3, "height": 0.0}}, {"type": "Feature", "geometry": {"type": "Polygon", "coordinates": [[[126.92155386, 37.55810131], [126.92151824, 37.55806858], [126.92150805, 37.5580756], [126.92145073, 37.55802285], [126.92142196, 37.55804274], [126.9214093, 37.55803102], [126.92139616, 37.55804011], [126.92139616, 37.55804002], [126.92134655, 37.55807423], [126.92135864, 37.55809054], [126.92135468, 37.55809342], [126.92144943, 37.55817665], [126.92155386, 37.55810131]]]}, "properties": {"name": "동교동 204-29", "status": "empty", "capacity": 2, "active": 0, "industry": "", "vacancy_rate": 100.0, "source": "polygon_only", "capacity_method": "floor_approx", "active_pip": 0, "licensed": 0, "id": "1144012100102040029-1", "pnu": "1144012100102040029", "floors": 2, "height": 0.0}}, {"type": "Feature", "geometry": {"type": "Polygon", "coordinates": [[[126.92460526, 37.5608862], [126.92459992, 37.56080957], [126.92454806, 37.56081267], [126.92454826, 37.56082086], [126.92449498, 37.56082348], [126.92450021, 37.56089993], [126.92456971, 37.5608969], [126.92456904, 37.56088772], [126.92460526, 37.5608862]]]}, "properties": {"name": "연남동 260-52", "status": "full", "capacity": 3, "active": 3, "industry": "주점", "vacancy_rate": 0.0, "vacancy_rate_lo": 0.0, "vacancy_rate_hi": 0.0, "stores": 3, "source": "stores+ledger", "capacity_method": "floor_ouln", "active_pip": 0, "licensed": 3, "com_floors": [1, 2, 3], "occ_floors": [1, 2, 3], "unknown_n": 0, "id": "1144012400102600052-1", "pnu": "1144012400102600052", "floors": 3, "height": 9.4}}, {"type": "Feature", "geometry": {"type": "Polygon", "coordinates": [[[126.92444799, 37.55926079], [126.92437878, 37.55920948], [126.92431002, 37.55926818], [126.92437924, 37.55931949], [126.92444799, 37.55926079]]]}, "properties": {"name": "동교동 153-23", "status": "partial", "capacity": 3, "active": 2, "industry": "한식", "vacancy_rate": 33.3, "vacancy_rate_lo": 33.3, "vacancy_rate_hi": 33.3, "stores": 3, "source": "stores+ledger", "capacity_method": "floor_ouln", "active_pip": 0, "licensed": 3, "com_floors": [1, 2, 3], "occ_floors": [1, 2], "unknown_n": 0, "id": "1144012100101530023-1", "pnu": "1144012100101530023", "floors": 3, "height": 8.7}}, {"type": "Feature", "geometry": {"type": "Polygon", "coordinates": [[[126.92322972, 37.5600437], [126.92314208, 37.55997868], [126.92300363, 37.56011437], [126.92309807, 37.56017552], [126.92322972, 37.5600437]]]}, "properties": {"name": "동교동 197-35", "status": "empty", "capacity": 5, "active": 0, "industry": "", "vacancy_rate": 100.0, "source": "polygon_only", "capacity_method": "floor_approx", "active_pip": 0, "licensed": 0, "id": "1144012100101970035-1", "pnu": "1144012100101970035", "floors": 5, "height": 16.95}}, {"type": "Feature", "geometry": {"type": "Polygon", "coordinates": [[[126.92444457, 37.55940441], [126.92439142, 37.55936707], [126.92430339, 37.55944658], [126.92435655, 37.55948392], [126.92444457, 37.55940441]]]}, "properties": {"name": "동교동 153-18", "status": "full", "capacity": 2, "active": 2, "industry": "기타 간이", "vacancy_rate": 0.0, "vacancy_rate_lo": 0.0, "vacancy_rate_hi": 50.0, "stores": 1, "source": "stores+ledger", "capacity_method": "floor_ouln", "active_pip": 0, "licensed": 1, "com_floors": [1, 2], "occ_floors": [1], "unknown_n": 1, "id": "1144012100101530018-1", "pnu": "1144012100101530018", "floors": 4, "height": 0.0}}, {"type": "Feature", "geometry": {"type": "Polygon", "coordinates": [[[126.9240933, 37.56113987], [126.92400665, 37.56109944], [126.92395043, 37.5611759], [126.92402882, 37.56121641], [126.92408837, 37.56121087], [126.92409504, 37.56120996], [126.92409042, 37.5611877], [126.92409608, 37.56118699], [126.92408786, 37.56114734], [126.9240933, 37.56113987]]]}, "properties": {"name": "연남동 259-2", "status": "full", "capacity": 1, "active": 1, "industry": "섬유·의복·신발 소매", "vacancy_rate": 0.0, "vacancy_rate_lo": 0.0, "vacancy_rate_hi": 100.0, "stores": 1, "source": "stores+ledger", "capacity_method": "floor_ouln", "active_pip": 0, "licensed": 0, "com_floors": [1], "occ_floors": [], "unknown_n": 1, "id": "1144012400102590002-1", "pnu": "1144012400102590002", "floors": 4, "height": 11.55}}, {"type": "Feature", "geometry": {"type": "Polygon", "coordinates": [[[126.92364341, 37.55968807], [126.92364512, 37.55968284], [126.92364523, 37.55968285], [126.92358316, 37.55961956], [126.92359879, 37.55960714], [126.92360106, 37.55960543], [126.92360604, 37.55960101], [126.9236074, 37.55959885], [126.92360888, 37.55959542], [126.92360888, 37.55959246], [126.92360798, 37.55958885], [126.92360606, 37.55958552], [126.92360289, 37.55958308], [126.92359995, 37.55958226], [126.92359882, 37.55958128], [126.92359531, 37.55958028], [126.92359067, 37.55958027], [126.92358614, 37.55958118], [126.92353903, 37.55961079], [126.92354197, 37.55961467], [126.92354197, 37.55961476], [126.92347809, 37.55965517], [126.92343879, 37.55968181], [126.92352564, 37.5597635], [126.92364341, 37.55968807]]]}, "properties": {"name": "동교동 198-31", "status": "full", "capacity": 3, "active": 3, "industry": "스포츠 서비스", "vacancy_rate": 0.0, "vacancy_rate_lo": 0.0, "vacancy_rate_hi": 66.7, "stores": 3, "source": "stores+ledger", "capacity_method": "floor_ouln", "active_pip": 0, "licensed": 1, "com_floors": [1, 2, 3], "occ_floors": [1], "unknown_n": 2, "id": "1144012100101980031-1", "pnu": "1144012100101980031", "floors": 5, "height": 0.0}}, {"type": "Feature", "geometry": {"type": "Polygon", "coordinates": [[[126.9242562, 37.55966847], [126.92417839, 37.55961111], [126.92415064, 37.55963263], [126.92414588, 37.5596338], [126.92414226, 37.55963478], [126.92413603, 37.55963974], [126.92413252, 37.55964433], [126.92413059, 37.55965018], [126.92410623, 37.55967116], [126.92418562, 37.55972942], [126.9242562, 37.55966847]]]}, "properties": {"name": "일부호", "status": "full", "capacity": 4, "active": 4, "industry": "주점", "vacancy_rate": 0.0, "vacancy_rate_lo": 0.0, "vacancy_rate_hi": 0.0, "stores": 5, "source": "stores+ledger", "capacity_method": "floor_ouln", "active_pip": 0, "licensed": 5, "com_floors": [1, 2, 3, 4], "occ_floors": [1, 2, 3, 4], "unknown_n": 0, "id": "1144012100101520027-1", "pnu": "1144012100101520027", "floors": 4, "height": 12.2}}, {"type": "Feature", "geometry": {"type": "Polygon", "coordinates": [[[126.9243635, 37.55808827], [126.92434133, 37.55807483], [126.924299, 37.5580794], [126.92425471, 37.55811172], [126.92437627, 37.5582173], [126.92443764, 37.55817641], [126.9243635, 37.55808827]]]}, "properties": {"name": "동교동 154-17", "status": "full", "capacity": 1, "active": 1, "industry": "한식", "vacancy_rate": 0.0, "vacancy_rate_lo": 0.0, "vacancy_rate_hi": 0.0, "stores": 1, "source": "stores+ledger", "capacity_method": "floor_ouln", "active_pip": 0, "licensed": 1, "com_floors": [1], "occ_floors": [1], "unknown_n": 0, "id": "1144012100101540017-1", "pnu": "1144012100101540017", "floors": 1, "height": 0.0}}, {"type": "Feature", "geometry": {"type": "Polygon", "coordinates": [[[126.92415737, 37.55833772], [126.92407031, 37.55825775], [126.92401312, 37.55829726], [126.92410663, 37.55837607], [126.92415737, 37.55833772]]]}, "properties": {"name": "동교동 154-20", "status": "full", "capacity": 1, "active": 1, "industry": "일식", "vacancy_rate": 0.0, "vacancy_rate_lo": 0.0, "vacancy_rate_hi": 0.0, "stores": 3, "source": "stores+ledger", "capacity_method": "floor_ouln", "active_pip": 0, "licensed": 1, "com_floors": [1], "occ_floors": [1], "unknown_n": 0, "id": "1144012100101540020-1", "pnu": "1144012100101540020", "floors": 4, "height": 11.8}}, {"type": "Feature", "geometry": {"type": "Polygon", "coordinates": [[[126.92262874, 37.55708416], [126.92258825, 37.55705458], [126.92258667, 37.55705602], [126.92250728, 37.55699795], [126.92242504, 37.55706925], [126.92254491, 37.55715691], [126.92255114, 37.55715123], [126.92262874, 37.55708416]]]}, "properties": {"name": "전체", "status": "full", "capacity": 3, "active": 3, "industry": "종합 소매", "vacancy_rate": 0.0, "vacancy_rate_lo": 0.0, "vacancy_rate_hi": 0.0, "stores": 2, "source": "stores+ledger", "capacity_method": "floor_ouln", "active_pip": 0, "licensed": 1, "com_floors": [1, 2, 3], "occ_floors": [1, 2, 3], "unknown_n": 0, "id": "1144012100101580027-1", "pnu": "1144012100101580027", "floors": 5, "height": 0.0}}, {"type": "Feature", "geometry": {"type": "Polygon", "coordinates": [[[126.92135083, 37.55743748], [126.92143265, 37.55749925], [126.92151341, 37.55743147], [126.92143161, 37.55736969], [126.92135083, 37.55743748]]]}, "properties": {"name": "동교동 201-49", "status": "full", "capacity": 3, "active": 3, "industry": "이용·미용", "vacancy_rate": 0.0, "vacancy_rate_lo": 0.0, "vacancy_rate_hi": 0.0, "stores": 3, "source": "stores+ledger", "capacity_method": "floor_ouln", "active_pip": 0, "licensed": 1, "com_floors": [1, 2, 5], "occ_floors": [1, 2, 5], "unknown_n": 0, "id": "1144012100102010049-1", "pnu": "1144012100102010049", "floors": 5, "height": 15.7}}, {"type": "Feature", "geometry": {"type": "Polygon", "coordinates": [[[126.92157749, 37.55715014], [126.92165465, 37.55708153], [126.92159764, 37.55704086], [126.92158823, 37.55704923], [126.92156878, 37.55703535], [126.92153242, 37.55706758], [126.92150935, 37.55705116], [126.92147083, 37.55708537], [126.92155497, 37.55714544], [126.92156211, 37.55713914], [126.92157749, 37.55715014]]]}, "properties": {"name": "동교동 201-45", "status": "high", "capacity": 5, "active": 1, "industry": "", "vacancy_rate": 80.0, "source": "pip_only", "capacity_method": "floor_approx", "active_pip": 0, "licensed": 1, "id": "1144012100102010045-1", "pnu": "1144012100102010045", "floors": 5, "height": 13.2}}, {"type": "Feature", "geometry": {"type": "Polygon", "coordinates": [[[126.92289128, 37.55700225], [126.92282761, 37.55695626], [126.92270459, 37.5570643], [126.92271748, 37.55707358], [126.92276905, 37.55710975], [126.92289128, 37.55700225]]]}, "properties": {"name": "동교동 158-5", "status": "partial", "capacity": 4, "active": 3, "industry": "한식", "vacancy_rate": 25.0, "vacancy_rate_lo": 25.0, "vacancy_rate_hi": 50.0, "stores": 2, "source": "stores+ledger", "capacity_method": "floor_ouln", "active_pip": 0, "licensed": 1, "com_floors": [1, 2, 3, 4], "occ_floors": [1, 2], "unknown_n": 1, "id": "1144012100101580005-1", "pnu": "1144012100101580005", "floors": 4, "height": 12.0}}, {"type": "Feature", "geometry": {"type": "Polygon", "coordinates": [[[126.92190667, 37.55709801], [126.92179911, 37.55701811], [126.9217401, 37.55706673], [126.92185127, 37.55715077], [126.92190667, 37.55709801]]]}, "properties": {"name": "동교동 201-53", "status": "partial", "capacity": 5, "active": 3, "industry": "욕탕·신체관리", "vacancy_rate": 40.0, "vacancy_rate_lo": 40.0, "vacancy_rate_hi": 40.0, "stores": 4, "source": "stores+ledger", "capacity_method": "floor_ouln", "active_pip": 0, "licensed": 2, "com_floors": [1, 2, 3, 4, 5], "occ_floors": [1, 2, 3], "unknown_n": 0, "id": "1144012100102010053-1", "pnu": "1144012100102010053", "floors": 5, "height": 15.5}}, {"type": "Feature", "geometry": {"type": "Polygon", "coordinates": [[[126.92439048, 37.55699596], [126.9246266, 37.55717149], [126.92474833, 37.5570677], [126.9245122, 37.55689217], [126.92439048, 37.55699596]]]}, "properties": {"name": "삼양세븐스프링스", "status": "partial", "capacity": 7, "active": 5, "industry": "의원", "vacancy_rate": 28.6, "vacancy_rate_lo": 28.6, "vacancy_rate_hi": 57.1, "stores": 7, "source": "stores+ledger", "capacity_method": "floor_ouln", "active_pip": 0, "licensed": 0, "com_floors": [1, 2, 3, 4, 5, 6, 7], "occ_floors": [2, 3, 5], "unknown_n": 2, "id": "1144012100101660013-1", "pnu": "1144012100101660013", "floors": 7, "height": 26.95}}, {"type": "Feature", "geometry": {"type": "Polygon", "coordinates": [[[126.92254866, 37.55802295], [126.92246579, 37.55793126], [126.92241211, 37.55796465], [126.92242987, 37.55798584], [126.92242273, 37.55798953], [126.92243176, 37.55800035], [126.92242679, 37.55800296], [126.92244171, 37.55802081], [126.92243491, 37.5580244], [126.92244599, 37.55803757], [126.92243558, 37.55804306], [126.92246056, 37.5580729], [126.92247392, 37.55806579], [126.92254866, 37.55802295]]]}, "properties": {"name": "동교동 200-32", "status": "empty", "capacity": 2, "active": 0, "industry": "", "vacancy_rate": 100.0, "source": "polygon_only", "capacity_method": "floor_approx", "active_pip": 0, "licensed": 0, "id": "1144012100102000032-1", "pnu": "1144012100102000032", "floors": 2, "height": 6.6}}, {"type": "Feature", "geometry": {"type": "Polygon", "coordinates": [[[126.92281839, 37.56051141], [126.92290268, 37.5604337], [126.9228217, 37.56037797], [126.92273617, 37.56045685], [126.92279045, 37.56049418], [126.92279181, 37.56049301], [126.92281839, 37.56051141]]]}, "properties": {"name": "연남동 567-39", "status": "full", "capacity": 4, "active": 4, "industry": "이용·미용", "vacancy_rate": 0.0, "vacancy_rate_lo": 0.0, "vacancy_rate_hi": 0.0, "stores": 4, "source": "stores+ledger", "capacity_method": "floor_ouln", "active_pip": 0, "licensed": 1, "com_floors": [1, 2, 3, 4], "occ_floors": [1, 2, 3, 4], "unknown_n": 0, "id": "1144012400105670039-1", "pnu": "1144012400105670039", "floors": 4, "height": 0.0}}, {"type": "Feature", "geometry": {"type": "Polygon", "coordinates": [[[126.92413693, 37.56153832], [126.92412436, 37.56143551], [126.92404807, 37.56144131], [126.9240603, 37.56154449], [126.92413693, 37.56153832]]]}, "properties": {"name": "연남파크빌딩", "status": "high", "capacity": 4, "active": 1, "industry": "유원지·오락", "vacancy_rate": 75.0, "vacancy_rate_lo": 75.0, "vacancy_rate_hi": 75.0, "stores": 1, "source": "stores+ledger", "capacity_method": "floor_ouln", "active_pip": 0, "licensed": 0, "com_floors": [1, 2, 3, 5], "occ_floors": [1], "unknown_n": 0, "id": "1144012400102580016-1", "pnu": "1144012400102580016", "floors": 2, "height": 0.0}}, {"type": "Feature", "geometry": {"type": "Polygon", "coordinates": [[[126.92244359, 37.56144865], [126.92234099, 37.56139254], [126.92229375, 37.5614381], [126.92231105, 37.56144946], [126.92226913, 37.56148989], [126.9223646, 37.5615414], [126.92244359, 37.56144865]]]}, "properties": {"name": "연남동 566-46", "status": "empty", "capacity": 2, "active": 0, "industry": "", "vacancy_rate": 100.0, "source": "polygon_only", "capacity_method": "floor_approx", "active_pip": 0, "licensed": 0, "id": "1144012400105660046-1", "pnu": "1144012400105660046", "floors": 2, "height": 6.7}}, {"type": "Feature", "geometry": {"type": "Polygon", "coordinates": [[[126.92069634, 37.55791892], [126.92085308, 37.55803254], [126.92100704, 37.55788774], [126.9208426, 37.55777883], [126.92069634, 37.55791892]]]}, "properties": {"name": "교빌딩", "status": "partial", "capacity": 5, "active": 3, "industry": "스포츠 서비스", "vacancy_rate": 40.0, "vacancy_rate_lo": 40.0, "vacancy_rate_hi": 60.0, "stores": 4, "source": "stores+ledger", "capacity_method": "floor_ouln", "active_pip": 0, "licensed": 1, "com_floors": [1, 2, 3, 4, 5], "occ_floors": [1, 2], "unknown_n": 1, "id": "1144012100102030043-1", "pnu": "1144012100102030043", "floors": 5, "height": 19.4}}, {"type": "Feature", "geometry": {"type": "Polygon", "coordinates": [[[126.91931349, 37.55749469], [126.91946416, 37.55736126], [126.91946416, 37.55736136], [126.91949661, 37.55738507], [126.91955223, 37.5573369], [126.91949309, 37.55729361], [126.91941698, 37.55723816], [126.91940939, 37.55724481], [126.91940295, 37.55724012], [126.91919881, 37.55741776], [126.91920164, 37.55741983], [126.91921035, 37.55742569], [126.91920026, 37.55743515], [126.91930319, 37.55750477], [126.91931349, 37.55749469]]]}, "properties": {"name": "인안", "status": "full", "capacity": 2, "active": 2, "industry": "비알코올 ", "vacancy_rate": 0.0, "vacancy_rate_lo": 0.0, "vacancy_rate_hi": 0.0, "stores": 3, "source": "stores+ledger", "capacity_method": "floor_ouln", "active_pip": 0, "licensed": 1, "com_floors": [1, 2], "occ_floors": [1, 2], "unknown_n": 0, "id": "1144012100102050017-1", "pnu": "1144012100102050017", "floors": 6, "height": 18.2}}, {"type": "Feature", "geometry": {"type": "Polygon", "coordinates": [[[126.92060575, 37.56099575], [126.9205026, 37.56093379], [126.92044787, 37.56099782], [126.92055092, 37.56105365], [126.92060575, 37.56099575]]]}, "properties": {"name": "연남동 561-5", "status": "full", "capacity": 1, "active": 1, "industry": "식료품 소매", "vacancy_rate": 0.0, "vacancy_rate_lo": 0.0, "vacancy_rate_hi": 100.0, "stores": 1, "source": "stores+ledger", "capacity_method": "floor_ouln", "active_pip": 0, "licensed": 0, "com_floors": [1], "occ_floors": [], "unknown_n": 1, "id": "1144012400105610005-1", "pnu": "1144012400105610005", "floors": 3, "height": 9.7}}, {"type": "Feature", "geometry": {"type": "Polygon", "coordinates": [[[126.91936779, 37.55783368], [126.91942341, 37.55778236], [126.91942387, 37.55778281], [126.91942851, 37.55777849], [126.91943021, 37.55777705], [126.91943021, 37.55777615], [126.91942852, 37.55777417], [126.91942558, 37.55777191], [126.91927087, 37.55766513], [126.91920607, 37.55772275], [126.91929902, 37.55779156], [126.91933578, 37.55781609], [126.91936179, 37.55783413], [126.91936428, 37.55783467], [126.91936779, 37.55783368]]]}, "properties": {"name": "동교동 205-1", "status": "empty", "capacity": 4, "active": 0, "industry": "", "vacancy_rate": 100.0, "source": "polygon_only", "capacity_method": "floor_approx", "active_pip": 0, "licensed": 0, "id": "1144012100102050001-1", "pnu": "1144012100102050001", "floors": 4, "height": 0.0}}, {"type": "Feature", "geometry": {"type": "Polygon", "coordinates": [[[126.91990753, 37.55709388], [126.91980587, 37.55701642], [126.91980598, 37.55701642], [126.91987044, 37.55695781], [126.9197836, 37.55688819], [126.91964575, 37.55699738], [126.91973316, 37.55706106], [126.91973305, 37.55706115], [126.91976415, 37.55708369], [126.91976143, 37.55708621], [126.91985857, 37.5571553], [126.91988859, 37.55712838], [126.91987751, 37.55712062], [126.91990753, 37.55709388]]]}, "properties": {"name": "동교동 205-5", "status": "high", "capacity": 3, "active": 1, "industry": "기타 간이", "vacancy_rate": 66.7, "vacancy_rate_lo": 66.7, "vacancy_rate_hi": 66.7, "stores": 2, "source": "stores+ledger", "capacity_method": "floor_ouln", "active_pip": 0, "licensed": 0, "com_floors": [1, 2, 3], "occ_floors": [1], "unknown_n": 0, "id": "1144012100102050005-1", "pnu": "1144012100102050005", "floors": 3, "height": 0.0}}, {"type": "Feature", "geometry": {"type": "Polygon", "coordinates": [[[126.91904883, 37.55931434], [126.91897181, 37.55927131], [126.9188994, 37.55935361], [126.91899736, 37.55940819], [126.91902409, 37.55937784], [126.91900318, 37.55936621], [126.91904883, 37.55931434]]]}, "properties": {"name": "좌측", "status": "full", "capacity": 1, "active": 1, "industry": "기타 개인", "vacancy_rate": 0.0, "vacancy_rate_lo": 0.0, "vacancy_rate_hi": 0.0, "stores": 2, "source": "stores+ledger", "capacity_method": "floor_ouln", "active_pip": 0, "licensed": 1, "com_floors": [1], "occ_floors": [1], "unknown_n": 0, "id": "1144012400105640013-1", "pnu": "1144012400105640013", "floors": 1, "height": 0.0}}, {"type": "Feature", "geometry": {"type": "Polygon", "coordinates": [[[126.91946518, 37.55873069], [126.91940659, 37.55869425], [126.91938721, 37.55871397], [126.91932477, 37.55867527], [126.91930993, 37.55869049], [126.91929421, 37.55868075], [126.91925309, 37.55872271], [126.91938994, 37.55880758], [126.91946518, 37.55873069]]]}, "properties": {"name": "연남동 570-7", "status": "empty", "capacity": 1, "active": 0, "industry": "", "vacancy_rate": 100.0, "source": "polygon_only", "capacity_method": "floor_approx", "active_pip": 0, "licensed": 0, "id": "1144012400105700007-1", "pnu": "1144012400105700007", "floors": 1, "height": 0.0}}, {"type": "Feature", "geometry": {"type": "Polygon", "coordinates": [[[126.92025642, 37.56012947], [126.92033906, 37.56017824], [126.92034984, 37.56016666], [126.92036348, 37.56017471], [126.9204137, 37.56012101], [126.92030512, 37.56005939], [126.92026229, 37.56010152], [126.9202766, 37.56010885], [126.92025642, 37.56012947]]]}, "properties": {"name": "연남동 565-41", "status": "partial", "capacity": 4, "active": 3, "industry": "이용·미용", "vacancy_rate": 25.0, "vacancy_rate_lo": 25.0, "vacancy_rate_hi": 25.0, "stores": 3, "source": "stores+ledger", "capacity_method": "floor_ouln", "active_pip": 0, "licensed": 0, "com_floors": [1, 2, 4, 5], "occ_floors": [1, 2, 5], "unknown_n": 0, "id": "1144012400105650041-1", "pnu": "1144012400105650041", "floors": 5, "height": 15.3}}, {"type": "Feature", "geometry": {"type": "Polygon", "coordinates": [[[126.920634, 37.5596491], [126.92069819, 37.55968702], [126.92070624, 37.55967839], [126.92071347, 37.55968265], [126.92076379, 37.55962867], [126.92075656, 37.55962441], [126.92076461, 37.55961576], [126.92075829, 37.55961203], [126.92075023, 37.55962066], [126.92073125, 37.55960945], [126.92073929, 37.55960081], [126.9206968, 37.5595757], [126.92067634, 37.55959766], [126.9206673, 37.55959232], [126.9206418, 37.55961967], [126.92065446, 37.55962715], [126.920634, 37.5596491]]]}, "properties": {"name": "황금빌라", "status": "full", "capacity": 1, "active": 1, "industry": "이용·미용", "vacancy_rate": 0.0, "vacancy_rate_lo": null, "vacancy_rate_hi": null, "stores": 1, "source": "stores+ledger", "capacity_method": "expos_units", "active_pip": 0, "licensed": 0, "com_floors": null, "occ_floors": null, "unknown_n": null, "id": "1144012400105680008-1", "pnu": "1144012400105680008", "floors": 5, "height": 14.55}}, {"type": "Feature", "geometry": {"type": "Polygon", "coordinates": [[[126.91904016, 37.55854813], [126.91891123, 37.55846803], [126.91882204, 37.55857078], [126.91882193, 37.55857087], [126.91894702, 37.55864402], [126.91895949, 37.55863034], [126.91904016, 37.55854813]]]}, "properties": {"name": "연남동 570-1", "status": "partial", "capacity": 4, "active": 3, "industry": "비알코올 ", "vacancy_rate": 25.0, "vacancy_rate_lo": 25.0, "vacancy_rate_hi": 75.0, "stores": 2, "source": "stores+ledger", "capacity_method": "floor_ouln", "active_pip": 0, "licensed": 2, "com_floors": [1, 2, 3, 4], "occ_floors": [1], "unknown_n": 2, "id": "1144012400105700001-1", "pnu": "1144012400105700001", "floors": 5, "height": 0.0}}, {"type": "Feature", "geometry": {"type": "Polygon", "coordinates": [[[126.92046804, 37.56033118], [126.9203572, 37.56026443], [126.92031981, 37.56030027], [126.92032826, 37.5603337], [126.92042226, 37.56038467], [126.92046804, 37.56033118]]]}, "properties": {"name": "연남동 565-11", "status": "empty", "capacity": 3, "active": 0, "industry": "", "vacancy_rate": 100.0, "source": "polygon_only", "capacity_method": "floor_approx", "active_pip": 0, "licensed": 0, "id": "1144012400105650011-1", "pnu": "1144012400105650011", "floors": 3, "height": 0.0}}, {"type": "Feature", "geometry": {"type": "Polygon", "coordinates": [[[126.92047303, 37.56063315], [126.92058045, 37.56070129], [126.92063766, 37.56063784], [126.9206269, 37.56059192], [126.92055307, 37.56055045], [126.92047303, 37.56063315]]]}, "properties": {"name": "우측일부", "status": "high", "capacity": 3, "active": 1, "industry": "이용·미용", "vacancy_rate": 66.7, "vacancy_rate_lo": 66.7, "vacancy_rate_hi": 66.7, "stores": 2, "source": "stores+ledger", "capacity_method": "floor_ouln", "active_pip": 0, "licensed": 1, "com_floors": [1, 4, 5], "occ_floors": [1], "unknown_n": 0, "id": "1144012400105620037-1", "pnu": "1144012400105620037", "floors": 5, "height": 14.5}}, {"type": "Feature", "geometry": {"type": "Polygon", "coordinates": [[[126.91979807, 37.55756339], [126.91991586, 37.55763879], [126.92000877, 37.557547], [126.919936, 37.55749332], [126.91988228, 37.55749688], [126.91979807, 37.55756339]]]}, "properties": {"name": "동교동 203-12", "status": "full", "capacity": 2, "active": 2, "industry": "기타 간이", "vacancy_rate": 0.0, "vacancy_rate_lo": 0.0, "vacancy_rate_hi": 0.0, "stores": 1, "source": "stores+ledger", "capacity_method": "floor_ouln", "active_pip": 0, "licensed": 1, "com_floors": [1, 5], "occ_floors": [1, 5], "unknown_n": 0, "id": "1144012100102030012-1", "pnu": "1144012100102030012", "floors": 5, "height": 18.9}}, {"type": "Feature", "geometry": {"type": "Polygon", "coordinates": [[[126.92498529, 37.55900111], [126.92487884, 37.55894617], [126.92483895, 37.55899507], [126.92494574, 37.5590501], [126.92498529, 37.55900111]]]}, "properties": {"name": "동교동 154-2", "status": "full", "capacity": 4, "active": 4, "industry": "일반 숙박", "vacancy_rate": 0.0, "vacancy_rate_lo": 0.0, "vacancy_rate_hi": 0.0, "stores": 4, "source": "stores+ledger", "capacity_method": "floor_ouln", "active_pip": 0, "licensed": 1, "com_floors": [1, 2, 3, 4], "occ_floors": [1, 2, 3, 4], "unknown_n": 0, "id": "1144012100101540002-1", "pnu": "1144012100101540002", "floors": 4, "height": 0.0}}, {"type": "Feature", "geometry": {"type": "Polygon", "coordinates": [[[126.92482068, 37.55814786], [126.92479492, 37.55811402], [126.92470577, 37.55815724], [126.92475661, 37.55822436], [126.92483433, 37.55819012], [126.92480732, 37.55815415], [126.92482068, 37.55814786]]]}, "properties": {"name": "동교동 155-32", "status": "partial", "capacity": 2, "active": 1, "industry": "기타 상품 소매", "vacancy_rate": 50.0, "vacancy_rate_lo": 50.0, "vacancy_rate_hi": 50.0, "stores": 1, "source": "stores+ledger", "capacity_method": "floor_ouln", "active_pip": 0, "licensed": 0, "com_floors": [1, 2], "occ_floors": [1], "unknown_n": 0, "id": "1144012100101550032-1", "pnu": "1144012100101550032", "floors": 2, "height": 0.0}}, {"type": "Feature", "geometry": {"type": "Polygon", "coordinates": [[[126.92596839, 37.55908318], [126.92595594, 37.55908732], [126.92598543, 37.55913383], [126.92600162, 37.55912708], [126.92610397, 37.55909003], [126.92606533, 37.5590281], [126.92598313, 37.55905544], [126.92595879, 37.55906336], [126.92596839, 37.55908318]]]}, "properties": {"name": "1~2층", "status": "full", "capacity": 2, "active": 2, "industry": "비알코올 ", "vacancy_rate": 0.0, "vacancy_rate_lo": 0.0, "vacancy_rate_hi": 0.0, "stores": 1, "source": "stores+ledger", "capacity_method": "floor_ouln", "active_pip": 0, "licensed": 1, "com_floors": [1, 2], "occ_floors": [1, 2], "unknown_n": 0, "id": "1144012100101470034-1", "pnu": "1144012100101470034", "floors": 2, "height": 6.2}}, {"type": "Feature", "geometry": {"type": "Polygon", "coordinates": [[[126.92603581, 37.55980023], [126.92602528, 37.55980212], [126.92602066, 37.55978103], [126.92596101, 37.55979018], [126.92594927, 37.55976199], [126.92589199, 37.55977257], [126.92592016, 37.5598945], [126.92607582, 37.55986955], [126.92605539, 37.55979673], [126.92603581, 37.55980023]]]}, "properties": {"name": "동교동 113-90", "status": "high", "capacity": 5, "active": 2, "industry": "한식", "vacancy_rate": 60.0, "vacancy_rate_lo": 60.0, "vacancy_rate_hi": 80.0, "stores": 1, "source": "stores+ledger", "capacity_method": "floor_ouln", "active_pip": 0, "licensed": 1, "com_floors": [1, 4, 5, 6, 7], "occ_floors": [1], "unknown_n": 1, "id": "1144012100101130090-1", "pnu": "1144012100101130090", "floors": 2, "height": 6.7}}, {"type": "Feature", "geometry": {"type": "Polygon", "coordinates": [[[126.92528656, 37.55998209], [126.92535568, 37.56001647], [126.9254139, 37.55994451], [126.92535491, 37.55991426], [126.92534023, 37.55993406], [126.92535457, 37.55994195], [126.92534377, 37.55995632], [126.92531656, 37.55994335], [126.92528656, 37.55998209]]]}, "properties": {"name": "동교동 148-3", "status": "full", "capacity": 1, "active": 1, "industry": "기타 생활용품 소매", "vacancy_rate": 0.0, "vacancy_rate_lo": 0.0, "vacancy_rate_hi": 0.0, "stores": 2, "source": "stores+ledger", "capacity_method": "floor_ouln", "active_pip": 0, "licensed": 1, "com_floors": [1], "occ_floors": [1], "unknown_n": 0, "id": "1144012100101480003-1", "pnu": "1144012100101480003", "floors": 3, "height": 8.1}}, {"type": "Feature", "geometry": {"type": "Polygon", "coordinates": [[[126.92612129, 37.55791844], [126.92611395, 37.55792433], [126.92613236, 37.55793887], [126.9261397, 37.55793299], [126.92612129, 37.55791844]]]}, "properties": {"name": "애경타워", "status": "full", "capacity": 12, "active": 12, "industry": "오락용품 소매", "vacancy_rate": 0.0, "vacancy_rate_lo": 0.0, "vacancy_rate_hi": 50.0, "stores": 26, "source": "stores+ledger", "capacity_method": "floor_ouln", "active_pip": 0, "licensed": 0, "com_floors": [1, 2, 3, 4, 5, 6, 7, 8, 10, 12, 16, 17], "occ_floors": [1, 2, 3, 4, 5, 7], "unknown_n": 6, "id": "1144012100101900001-1", "pnu": "1144012100101900001", "floors": 0, "height": 0.0}}, {"type": "Feature", "geometry": {"type": "Polygon", "coordinates": [[[126.92539019, 37.55746857], [126.92536276, 37.55748978], [126.92540759, 37.5575289], [126.92543792, 37.5575098], [126.92539019, 37.55746857]]]}, "properties": {"name": "동교동 166-3", "status": "full", "capacity": 2, "active": 2, "industry": "한식", "vacancy_rate": 0.0, "vacancy_rate_lo": 0.0, "vacancy_rate_hi": 0.0, "stores": 3, "source": "stores+ledger", "capacity_method": "floor_ouln", "active_pip": 0, "licensed": 3, "com_floors": [1, 2], "occ_floors": [1, 2], "unknown_n": 0, "id": "1144012100101660003-1", "pnu": "1144012100101660003", "floors": 0, "height": 0.0}}, {"type": "Feature", "geometry": {"type": "Polygon", "coordinates": [[[126.9257823, 37.55956617], [126.9257684, 37.55954625], [126.92574904, 37.5595503], [126.92574181, 37.55954029], [126.92569256, 37.55956063], [126.92573064, 37.55961786], [126.92575009, 37.5596294], [126.92579493, 37.55961348], [126.92580251, 37.55961827], [126.92582697, 37.55960522], [126.92579906, 37.55956133], [126.9257823, 37.55956617]]]}, "properties": {"name": "동교동 147-29", "status": "full", "capacity": 2, "active": 2, "industry": "", "vacancy_rate": 0.0, "source": "pip_only", "capacity_method": "floor_approx", "active_pip": 0, "licensed": 2, "id": "1144012100101470029-1", "pnu": "1144012100101470029", "floors": 2, "height": 5.6}}, {"type": "Feature", "geometry": {"type": "Polygon", "coordinates": [[[126.92605314, 37.55898601], [126.92610047, 37.55896641], [126.92617927, 37.55893672], [126.92611837, 37.55883748], [126.92605587, 37.55886042], [126.92599066, 37.55888525], [126.92605314, 37.55898601]]]}, "properties": {"name": "우측호", "status": "full", "capacity": 3, "active": 3, "industry": "장례식장 ", "vacancy_rate": 0.0, "vacancy_rate_lo": 0.0, "vacancy_rate_hi": 0.0, "stores": 4, "source": "stores+ledger", "capacity_method": "floor_ouln", "active_pip": 0, "licensed": 2, "com_floors": [1, 2, 3], "occ_floors": [1, 2, 3], "unknown_n": 0, "id": "1144012100101470006-1", "pnu": "1144012100101470006", "floors": 3, "height": 9.0}}, {"type": "Feature", "geometry": {"type": "Polygon", "coordinates": [[[126.92633625, 37.5582481], [126.92632549, 37.55825638], [126.92626341, 37.55821038], [126.92622444, 37.55824127], [126.92621799, 37.55824136], [126.92617025, 37.55821889], [126.92608833, 37.55831408], [126.92609557, 37.55831958], [126.92608821, 37.55832462], [126.92609228, 37.55832768], [126.926101, 37.55832436], [126.92611491, 37.55833455], [126.92610947, 37.55834013], [126.92611614, 37.55834383], [126.92621544, 37.5584175], [126.92621917, 37.55841534], [126.92623625, 37.55842481], [126.9262341, 37.55843076], [126.92626204, 37.5584396], [126.92635721, 37.55845111], [126.9263836, 37.55831805], [126.92631355, 37.55831179], [126.92634947, 37.55827423], [126.92633477, 37.55826441], [126.92634462, 37.55825413], [126.92633625, 37.5582481]]]}, "properties": {"name": "대영빌딩", "status": "full", "capacity": 6, "active": 6, "industry": "비알코올 ", "vacancy_rate": 0.0, "vacancy_rate_lo": 0.0, "vacancy_rate_hi": 33.3, "stores": 7, "source": "stores+ledger", "capacity_method": "floor_ouln", "active_pip": 0, "licensed": 2, "com_floors": [1, 2, 3, 4, 5, 7], "occ_floors": [1, 2, 3, 4], "unknown_n": 2, "id": "1144012100101730014-1", "pnu": "1144012100101730014", "floors": 7, "height": 25.8}}, {"type": "Feature", "geometry": {"type": "Polygon", "coordinates": [[[126.92625413, 37.55968649], [126.92625941, 37.55973325], [126.9262593, 37.55973352], [126.92626218, 37.55979641], [126.92617503, 37.55979888], [126.92618385, 37.55992602], [126.92625911, 37.55992237], [126.92626097, 37.55999184], [126.92627466, 37.55999212], [126.92627522, 37.55999996], [126.92628594, 37.56014754], [126.92647575, 37.56013793], [126.92646627, 37.55999999], [126.92645411, 37.55982393], [126.92644622, 37.55968147], [126.92632227, 37.5596859], [126.92625413, 37.55968649]]]}, "properties": {"name": "한국특허정보원빌딩", "status": "full", "capacity": 4, "active": 4, "industry": "교육 지원", "vacancy_rate": 0.0, "vacancy_rate_lo": 0.0, "vacancy_rate_hi": 0.0, "stores": 18, "source": "stores+ledger", "capacity_method": "floor_ouln", "active_pip": 0, "licensed": 1, "com_floors": [1, 2, 5, 6], "occ_floors": [1, 2, 5, 6], "unknown_n": 0, "id": "1144012100101460008-1", "pnu": "1144012100101460008", "floors": 9, "height": 30.8}}, {"type": "Feature", "geometry": {"type": "Polygon", "coordinates": [[[126.92567398, 37.55866214], [126.9257376, 37.55876039], [126.9258069, 37.55872052], [126.92589126, 37.5586785], [126.92580873, 37.55861002], [126.92577969, 37.55865158], [126.92570741, 37.55861874], [126.92567398, 37.55866214]]]}, "properties": {"name": "동교동 147-11", "status": "partial", "capacity": 3, "active": 2, "industry": "의약·화장품 소매", "vacancy_rate": 33.3, "vacancy_rate_lo": 33.3, "vacancy_rate_hi": 66.7, "stores": 2, "source": "stores+ledger", "capacity_method": "floor_ouln", "active_pip": 0, "licensed": 1, "com_floors": [1, 2, 3], "occ_floors": [1], "unknown_n": 1, "id": "1144012100101470011-1", "pnu": "1144012100101470011", "floors": 2, "height": 0.0}}, {"type": "Feature", "geometry": {"type": "Polygon", "coordinates": [[[126.92473131, 37.55855586], [126.92468405, 37.55850411], [126.92452336, 37.55859681], [126.92457028, 37.5586481], [126.92473131, 37.55855586]]]}, "properties": {"name": "동교동 154-11", "status": "full", "capacity": 3, "active": 3, "industry": "주점", "vacancy_rate": 0.0, "vacancy_rate_lo": 0.0, "vacancy_rate_hi": 0.0, "stores": 4, "source": "stores+ledger", "capacity_method": "floor_ouln", "active_pip": 0, "licensed": 3, "com_floors": [1, 2, 3], "occ_floors": [1, 2, 3], "unknown_n": 0, "id": "1144012100101540011-1", "pnu": "1144012100101540011", "floors": 3, "height": 10.57}}, {"type": "Feature", "geometry": {"type": "Polygon", "coordinates": [[[126.92563737, 37.55962411], [126.92556804, 37.55969164], [126.92562991, 37.55973385], [126.92572756, 37.5596421], [126.92570629, 37.55962812], [126.92571445, 37.55961948], [126.92567928, 37.55959711], [126.9256428, 37.55962754], [126.92563737, 37.55962411]]]}, "properties": {"name": "동교동 147-28", "status": "full", "capacity": 3, "active": 3, "industry": "한식", "vacancy_rate": 0.0, "vacancy_rate_lo": 0.0, "vacancy_rate_hi": 0.0, "stores": 4, "source": "stores+ledger", "capacity_method": "floor_ouln", "active_pip": 0, "licensed": 4, "com_floors": [1, 2, 3], "occ_floors": [1, 2, 3], "unknown_n": 0, "id": "1144012100101470028-1", "pnu": "1144012100101470028", "floors": 3, "height": 11.25}}, {"type": "Feature", "geometry": {"type": "Polygon", "coordinates": [[[126.92549106, 37.55786787], [126.92554039, 37.5578258], [126.92564714, 37.55784164], [126.92567291, 37.55781901], [126.92567497, 37.55779517], [126.92570724, 37.55774376], [126.92559856, 37.55766884], [126.92543081, 37.55782973], [126.92549106, 37.55786787]]]}, "properties": {"name": "동교동 167-29", "status": "empty", "capacity": 10, "active": 0, "industry": "", "vacancy_rate": 100.0, "source": "polygon_only", "capacity_method": "floor_approx", "active_pip": 0, "licensed": 0, "id": "1144012100101670029-1", "pnu": "1144012100101670029", "floors": 10, "height": 39.8}}, {"type": "Feature", "geometry": {"type": "Polygon", "coordinates": [[[126.92613164, 37.56040703], [126.92607912, 37.56042033], [126.92612951, 37.56051335], [126.92616483, 37.56050274], [126.92617477, 37.56052067], [126.92620375, 37.56051213], [126.92621709, 37.56053304], [126.92626351, 37.56051703], [126.9262347, 37.56046106], [126.92622587, 37.56046349], [126.9262034, 37.56041762], [126.92619321, 37.56041932], [126.92618043, 37.56039391], [126.92613584, 37.56040811], [126.92613164, 37.56040703]]]}, "properties": {"name": "동교동 113-40", "status": "empty", "capacity": 2, "active": 0, "industry": "", "vacancy_rate": 100.0, "source": "polygon_only", "capacity_method": "floor_approx", "active_pip": 0, "licensed": 0, "id": "1144012100101130040-1", "pnu": "1144012100101130040", "floors": 2, "height": 0.0}}, {"type": "Feature", "geometry": {"type": "Polygon", "coordinates": [[[126.92901562, 37.558129], [126.92889108, 37.55817515], [126.92895808, 37.55829998], [126.92905589, 37.5582686], [126.92906767, 37.55826428], [126.9290749, 37.55827284], [126.92916875, 37.55824433], [126.9290891, 37.55810247], [126.92901562, 37.558129]]]}, "properties": {"name": "동우빌딩", "status": "full", "capacity": 4, "active": 4, "industry": "한식", "vacancy_rate": 0.0, "vacancy_rate_lo": 0.0, "vacancy_rate_hi": 25.0, "stores": 6, "source": "stores+ledger", "capacity_method": "floor_ouln", "active_pip": 0, "licensed": 1, "com_floors": [1, 2, 3, 4], "occ_floors": [1, 2, 3], "unknown_n": 1, "id": "1141011600105030013-1", "pnu": "1141011600105030013", "floors": 4, "height": 0.0}}, {"type": "Feature", "geometry": {"type": "Polygon", "coordinates": [[[126.9285003, 37.55755278], [126.92847499, 37.55751213], [126.9283328, 37.55756006], [126.92835302, 37.55759702], [126.92836185, 37.55759378], [126.92838049, 37.55762604], [126.92838671, 37.55762821], [126.92841366, 37.55761841], [126.92841536, 37.55761489], [126.92848488, 37.55758998], [126.9285003, 37.55755278]]]}, "properties": {"name": "동교동 175-1", "status": "full", "capacity": 3, "active": 3, "industry": "이용·미용", "vacancy_rate": 0.0, "vacancy_rate_lo": 0.0, "vacancy_rate_hi": 0.0, "stores": 3, "source": "stores+ledger", "capacity_method": "floor_ouln", "active_pip": 0, "licensed": 0, "com_floors": [1, 2, 3], "occ_floors": [1, 2, 3], "unknown_n": 0, "id": "1144012100101750001-1", "pnu": "1144012100101750001", "floors": 4, "height": 0.0}}, {"type": "Feature", "geometry": {"type": "Polygon", "coordinates": [[[126.92522595, 37.55765453], [126.92540513, 37.55778209], [126.92551383, 37.55767797], [126.92540966, 37.55760437], [126.92522595, 37.55765453]]]}, "properties": {"name": "동교동 167-24", "status": "partial", "capacity": 4, "active": 2, "industry": "오락용품 소매", "vacancy_rate": 50.0, "vacancy_rate_lo": 50.0, "vacancy_rate_hi": 75.0, "stores": 1, "source": "stores+ledger", "capacity_method": "floor_ouln", "active_pip": 0, "licensed": 0, "com_floors": [1, 2, 4, 13], "occ_floors": [4], "unknown_n": 1, "id": "1144012100101670024-1", "pnu": "1144012100101670024", "floors": 13, "height": 65.5}}, {"type": "Feature", "geometry": {"type": "Polygon", "coordinates": [[[126.92475278, 37.55700904], [126.92467713, 37.55694592], [126.92465674, 37.55696672], [126.92473308, 37.55702444], [126.92475278, 37.55700904]]]}, "properties": {"name": "연희빌딩", "status": "full", "capacity": 2, "active": 2, "industry": "서양식", "vacancy_rate": 0.0, "vacancy_rate_lo": 0.0, "vacancy_rate_hi": 0.0, "stores": 3, "source": "stores+ledger", "capacity_method": "floor_ouln", "active_pip": 0, "licensed": 1, "com_floors": [1, 2], "occ_floors": [1, 2], "unknown_n": 0, "id": "1144012100101660010-1", "pnu": "1144012100101660010", "floors": 0, "height": 0.0}}, {"type": "Feature", "geometry": {"type": "Polygon", "coordinates": [[[126.92479858, 37.55862951], [126.92475076, 37.55857317], [126.9245912, 37.55865911], [126.92463924, 37.55871572], [126.92479858, 37.55862951]]]}, "properties": {"name": "진빌딩", "status": "full", "capacity": 2, "active": 2, "industry": "동남아시아", "vacancy_rate": 0.0, "vacancy_rate_lo": 0.0, "vacancy_rate_hi": 0.0, "stores": 2, "source": "stores+ledger", "capacity_method": "floor_ouln", "active_pip": 0, "licensed": 1, "com_floors": [1, 3], "occ_floors": [1, 3], "unknown_n": 0, "id": "1144012100101540010-1", "pnu": "1144012100101540010", "floors": 4, "height": 12.1}}, {"type": "Feature", "geometry": {"type": "Polygon", "coordinates": [[[126.92921642, 37.56109584], [126.92911118, 37.56118776], [126.92928956, 37.5613005], [126.92938506, 37.56121388], [126.92921642, 37.56109584]]]}, "properties": {"name": "대우아파트", "status": "partial", "capacity": 3, "active": 2, "industry": "세탁", "vacancy_rate": 33.3, "vacancy_rate_lo": null, "vacancy_rate_hi": null, "stores": 2, "source": "stores+ledger", "capacity_method": "expos_units", "active_pip": 0, "licensed": 0, "com_floors": null, "occ_floors": null, "unknown_n": null, "id": "1141011700107390000-1", "pnu": "1141011700107390000", "floors": 22, "height": 69.0}}, {"type": "Feature", "geometry": {"type": "Polygon", "coordinates": [[[126.93, 37.56167412], [126.9300008, 37.56167456], [126.93004237, 37.56163846], [126.93005356, 37.56165], [126.93010624, 37.56160191], [126.93001608, 37.56153699], [126.93001529, 37.56154663], [126.93000001, 37.56153599], [126.92999153, 37.56153013], [126.92999595, 37.5615258], [126.92990603, 37.56146133], [126.92975197, 37.56159765], [126.92977855, 37.56161623], [126.92974084, 37.56164035], [126.92975453, 37.56165226], [126.92972848, 37.56167576], [126.92975054, 37.56168919], [126.9297384, 37.56170243], [126.92979338, 37.56173634], [126.9297722, 37.56175489], [126.92983385, 37.56179403], [126.92988516, 37.56175135], [126.92990326, 37.56176596], [126.92994596, 37.56172625], [126.92985875, 37.56167376], [126.92990463, 37.56162955], [126.93, 37.56167412]]]}, "properties": {"name": "대우아파트", "status": "partial", "capacity": 3, "active": 2, "industry": "세탁", "vacancy_rate": 33.3, "vacancy_rate_lo": null, "vacancy_rate_hi": null, "stores": 2, "source": "stores+ledger", "capacity_method": "expos_units", "active_pip": 0, "licensed": 0, "com_floors": null, "occ_floors": null, "unknown_n": null, "id": "1141011700107390000-2", "pnu": "1141011700107390000", "floors": 22, "height": 69.0}}, {"type": "Feature", "geometry": {"type": "Polygon", "coordinates": [[[126.92817208, 37.55851313], [126.92814299, 37.55852212], [126.92815304, 37.5585388], [126.92818078, 37.55852836], [126.92817208, 37.55851313]]]}, "properties": {"name": "좌측코너", "status": "full", "capacity": 4, "active": 4, "industry": "기타 간이", "vacancy_rate": 0.0, "vacancy_rate_lo": 0.0, "vacancy_rate_hi": 50.0, "stores": 6, "source": "stores+ledger", "capacity_method": "floor_ouln", "active_pip": 0, "licensed": 4, "com_floors": [1, 2, 3, 4], "occ_floors": [1, 2], "unknown_n": 2, "id": "1141011600105080002-1", "pnu": "1141011600105080002", "floors": 0, "height": 0.0}}, {"type": "Feature", "geometry": {"type": "Polygon", "coordinates": [[[126.92792302, 37.55975879], [126.92780441, 37.55976115], [126.92780313, 37.55979755], [126.92776781, 37.55979807], [126.92776743, 37.55984429], [126.92777773, 37.55984402], [126.92777758, 37.55987619], [126.9278155, 37.55987567], [126.92792302, 37.55987249], [126.9279374, 37.55987205], [126.92793555, 37.55979024], [126.92792887, 37.55979042], [126.92792809, 37.55977924], [126.92793015, 37.55975861], [126.92792302, 37.55975879]]]}, "properties": {"name": "창천동 417", "status": "partial", "capacity": 4, "active": 2, "industry": "종합 소매", "vacancy_rate": 50.0, "vacancy_rate_lo": 50.0, "vacancy_rate_hi": 75.0, "stores": 1, "source": "stores+ledger", "capacity_method": "floor_ouln", "active_pip": 0, "licensed": 1, "com_floors": [1, 2, 3, 4], "occ_floors": [1], "unknown_n": 1, "id": "1141011600104170000-1", "pnu": "1141011600104170000", "floors": 4, "height": 12.77}}, {"type": "Feature", "geometry": {"type": "Polygon", "coordinates": [[[126.92735455, 37.56007865], [126.92736819, 37.56023877], [126.92750832, 37.56023102], [126.92750429, 37.56018083], [126.92749026, 37.56018289], [126.92748368, 37.56007765], [126.92735466, 37.56007838], [126.92735455, 37.56007865]]]}, "properties": {"name": "창천동 467", "status": "empty", "capacity": 5, "active": 0, "industry": "", "vacancy_rate": 100.0, "source": "polygon_only", "capacity_method": "floor_approx", "active_pip": 0, "licensed": 0, "id": "1141011600104670000-1", "pnu": "1141011600104670000", "floors": 5, "height": 14.944}}, {"type": "Feature", "geometry": {"type": "Polygon", "coordinates": [[[126.93012397, 37.55776206], [126.93011277, 37.55775223], [126.93000001, 37.55779505], [126.92998959, 37.55779901], [126.92996208, 37.55780945], [126.92999996, 37.55784749], [126.93012456, 37.55797199], [126.93023384, 37.55790304], [126.93024684, 37.55791666], [126.93029158, 37.55788523], [126.93027405, 37.55787144], [126.93027847, 37.55786784], [126.93026071, 37.5578535], [126.93025007, 37.55786152], [126.93024735, 37.55785863], [126.93018527, 37.55780065], [126.93017135, 37.55780723], [126.93016275, 37.55779903], [126.93012397, 37.55776206]]]}, "properties": {"name": "및", "status": "full", "capacity": 1, "active": 1, "industry": "식료품 소매", "vacancy_rate": 0.0, "vacancy_rate_lo": 0.0, "vacancy_rate_hi": 0.0, "stores": 1, "source": "stores+ledger", "capacity_method": "floor_ouln", "active_pip": 0, "licensed": 0, "com_floors": [1], "occ_floors": [1], "unknown_n": 0, "id": "1141011600105030004-1", "pnu": "1141011600105030004", "floors": 5, "height": 0.0}}, {"type": "Feature", "geometry": {"type": "Polygon", "coordinates": [[[126.92947446, 37.55918957], [126.92926815, 37.55929126], [126.92932806, 37.55937139], [126.92953312, 37.55926863], [126.92947446, 37.55918957]]]}, "properties": {"name": "가장오른쪽집", "status": "high", "capacity": 4, "active": 1, "industry": "이용·미용", "vacancy_rate": 75.0, "vacancy_rate_lo": 75.0, "vacancy_rate_hi": 75.0, "stores": 5, "source": "stores+ledger", "capacity_method": "floor_ouln", "active_pip": 0, "licensed": 3, "com_floors": [1, 2, 3, 4], "occ_floors": [1], "unknown_n": 0, "id": "1141011600102880000-1", "pnu": "1141011600102880000", "floors": 4, "height": 0.0}}, {"type": "Feature", "geometry": {"type": "Polygon", "coordinates": [[[126.92794322, 37.55853506], [126.92803132, 37.55859431], [126.92807414, 37.55855253], [126.92806883, 37.5585473], [126.92817718, 37.55851007], [126.92814283, 37.55845004], [126.92794323, 37.55852236], [126.92794322, 37.55853506]]]}, "properties": {"name": "좌측코너", "status": "full", "capacity": 4, "active": 4, "industry": "기타 간이", "vacancy_rate": 0.0, "vacancy_rate_lo": 0.0, "vacancy_rate_hi": 50.0, "stores": 6, "source": "stores+ledger", "capacity_method": "floor_ouln", "active_pip": 0, "licensed": 4, "com_floors": [1, 2, 3, 4], "occ_floors": [1, 2], "unknown_n": 2, "id": "1141011600105080002-2", "pnu": "1141011600105080002", "floors": 4, "height": 0.0}}, {"type": "Feature", "geometry": {"type": "Polygon", "coordinates": [[[126.92808513, 37.55854281], [126.92803562, 37.5585953], [126.92807939, 37.55862452], [126.92813026, 37.55857176], [126.92808513, 37.55854281]]]}, "properties": {"name": "좌측코너", "status": "full", "capacity": 4, "active": 4, "industry": "기타 간이", "vacancy_rate": 0.0, "vacancy_rate_lo": 0.0, "vacancy_rate_hi": 50.0, "stores": 6, "source": "stores+ledger", "capacity_method": "floor_ouln", "active_pip": 0, "licensed": 4, "com_floors": [1, 2, 3, 4], "occ_floors": [1, 2], "unknown_n": 2, "id": "1141011600105080002-3", "pnu": "1141011600105080002", "floors": 0, "height": 0.0}}, {"type": "Feature", "geometry": {"type": "Polygon", "coordinates": [[[126.92833555, 37.55894868], [126.92830462, 37.55897758], [126.9283588, 37.55901374], [126.92839096, 37.55898097], [126.9284321, 37.55893937], [126.92835936, 37.5588895], [126.92835043, 37.55888355], [126.92830388, 37.55892929], [126.92833555, 37.55894868]]]}, "properties": {"name": "창천동 510-13", "status": "empty", "capacity": 4, "active": 0, "industry": "", "vacancy_rate": 100.0, "source": "polygon_only", "capacity_method": "floor_approx", "active_pip": 0, "licensed": 0, "id": "1141011600105100013-1", "pnu": "1141011600105100013", "floors": 4, "height": 12.4}}, {"type": "Feature", "geometry": {"type": "Polygon", "coordinates": [[[126.92818041, 37.55843565], [126.92821555, 37.55850144], [126.92824578, 37.55848966], [126.92839489, 37.55843326], [126.92835885, 37.55836954], [126.92818041, 37.55843565]]]}, "properties": {"name": "창천동 506-22", "status": "partial", "capacity": 4, "active": 2, "industry": "섬유·의복·신발 소매", "vacancy_rate": 50.0, "vacancy_rate_lo": 50.0, "vacancy_rate_hi": 75.0, "stores": 5, "source": "stores+ledger", "capacity_method": "floor_ouln", "active_pip": 0, "licensed": 0, "com_floors": [1, 2, 3, 4], "occ_floors": [1], "unknown_n": 1, "id": "1141011600105060022-1", "pnu": "1141011600105060022", "floors": 4, "height": 0.0}}, {"type": "Feature", "geometry": {"type": "Polygon", "coordinates": [[[126.92869118, 37.55950706], [126.92870827, 37.55950968], [126.92874482, 37.55951628], [126.92874323, 37.55952214], [126.92876881, 37.55952576], [126.9287704, 37.55952008], [126.92882901, 37.55953012], [126.92884878, 37.55945328], [126.92885219, 37.55944184], [126.92880025, 37.55943388], [126.92879752, 37.55944235], [126.92871639, 37.55943013], [126.92869118, 37.55950706]]]}, "properties": {"name": "창천동 511-4", "status": "empty", "capacity": 5, "active": 0, "industry": "", "vacancy_rate": 100.0, "source": "polygon_only", "capacity_method": "floor_approx", "active_pip": 0, "licensed": 0, "id": "1141011600105110004-1", "pnu": "1141011600105110004", "floors": 5, "height": 15.1}}, {"type": "Feature", "geometry": {"type": "Polygon", "coordinates": [[[126.92693818, 37.56017508], [126.92680065, 37.56018283], [126.92680552, 37.56030032], [126.92694927, 37.56028861], [126.92693818, 37.56017508]]]}, "properties": {"name": "창천동 497", "status": "empty", "capacity": 3, "active": 0, "industry": "", "vacancy_rate": 100.0, "source": "polygon_only", "capacity_method": "floor_approx", "active_pip": 0, "licensed": 0, "id": "1141011600104970000-1", "pnu": "1141011600104970000", "floors": 3, "height": 0.0}}, {"type": "Feature", "geometry": {"type": "Polygon", "coordinates": [[[126.92692084, 37.56030282], [126.92680551, 37.5603069], [126.92681641, 37.56049701], [126.92692937, 37.56049177], [126.92692084, 37.56030282]]]}, "properties": {"name": "좌측", "status": "full", "capacity": 1, "active": 1, "industry": "비알코올 ", "vacancy_rate": 0.0, "vacancy_rate_lo": 0.0, "vacancy_rate_hi": 0.0, "stores": 2, "source": "stores+ledger", "capacity_method": "floor_ouln", "active_pip": 0, "licensed": 1, "com_floors": [1], "occ_floors": [1], "unknown_n": 0, "id": "1141011600104960000-1", "pnu": "1141011600104960000", "floors": 3, "height": 9.85}}, {"type": "Feature", "geometry": {"type": "Polygon", "coordinates": [[[126.92797827, 37.55915101], [126.92796132, 37.55912406], [126.92792328, 37.55913998], [126.92792181, 37.55914061], [126.92784372, 37.55902352], [126.92771406, 37.55907579], [126.92786731, 37.55931366], [126.92792313, 37.55929072], [126.92803839, 37.55924304], [126.92799172, 37.55917111], [126.92797586, 37.55917551], [126.92796525, 37.55915587], [126.92797827, 37.55915101]]]}, "properties": {"name": "한빛빌딩", "status": "full", "capacity": 1, "active": 1, "industry": "비알코올 ", "vacancy_rate": 0.0, "vacancy_rate_lo": 0.0, "vacancy_rate_hi": 0.0, "stores": 1, "source": "stores+ledger", "capacity_method": "floor_ouln", "active_pip": 0, "licensed": 1, "com_floors": [1], "occ_floors": [1], "unknown_n": 0, "id": "1141011600103770000-1", "pnu": "1141011600103770000", "floors": 5, "height": 24.9}}, {"type": "Feature", "geometry": {"type": "Polygon", "coordinates": [[[126.9285351, 37.55773066], [126.92850823, 37.55767334], [126.92848855, 37.55765593], [126.92845096, 37.55766952], [126.92839594, 37.55768894], [126.92843744, 37.55773159], [126.92849003, 37.55776036], [126.9285351, 37.55773066]]]}, "properties": {"name": "동교동 174-4", "status": "full", "capacity": 1, "active": 1, "industry": "", "vacancy_rate": 0.0, "source": "pip_only", "capacity_method": "floor_approx", "active_pip": 0, "licensed": 1, "id": "1144012100101740004-1", "pnu": "1144012100101740004", "floors": 0, "height": 0.0}}, {"type": "Feature", "geometry": {"type": "Polygon", "coordinates": [[[126.92926721, 37.55749673], [126.92943509, 37.55743799], [126.92940849, 37.55737159], [126.92939777, 37.55737321], [126.92939696, 37.55736107], [126.9293797, 37.55736024], [126.92934083, 37.55739146], [126.9293379, 37.55738623], [126.92930178, 37.55740914], [126.92930594, 37.55741767], [126.92928999, 37.55743122], [126.9292887, 37.55742893], [126.92926305, 37.55743852], [126.92925043, 37.55746789], [126.92926721, 37.55749673]]]}, "properties": {"name": "동교동 179-19", "status": "empty", "capacity": 6, "active": 0, "industry": "", "vacancy_rate": 100.0, "source": "polygon_only", "capacity_method": "floor_approx", "active_pip": 0, "licensed": 0, "id": "1144012100101790019-1", "pnu": "1144012100101790019", "floors": 6, "height": 20.9}}, {"type": "Feature", "geometry": {"type": "Polygon", "coordinates": [[[126.92756375, 37.55738072], [126.92765605, 37.55734168], [126.92761373, 37.55727826], [126.92758847, 37.55728895], [126.92757711, 37.55727193], [126.92751524, 37.55730802], [126.92756375, 37.55738072]]]}, "properties": {"name": "동교동", "status": "full", "capacity": 4, "active": 4, "industry": "비알코올 ", "vacancy_rate": 0.0, "vacancy_rate_lo": 0.0, "vacancy_rate_hi": 25.0, "stores": 1, "source": "stores+ledger", "capacity_method": "floor_ouln", "active_pip": 0, "licensed": 1, "com_floors": [1, 2, 5, 7], "occ_floors": [1, 2, 5], "unknown_n": 1, "id": "1144012100101760009-1", "pnu": "1144012100101760009", "floors": 7, "height": 23.5}}, {"type": "Feature", "geometry": {"type": "Polygon", "coordinates": [[[126.92875448, 37.55781287], [126.92879071, 37.5577992], [126.92882909, 37.55778525], [126.92879485, 37.55773405], [126.9287225, 37.55776005], [126.92874544, 37.55779917], [126.92875448, 37.55781287]]]}, "properties": {"name": "동교동 179-1", "status": "full", "capacity": 2, "active": 2, "industry": "기타 간이", "vacancy_rate": 0.0, "vacancy_rate_lo": 0.0, "vacancy_rate_hi": 0.0, "stores": 1, "source": "stores+ledger", "capacity_method": "floor_ouln", "active_pip": 0, "licensed": 1, "com_floors": [2, 3], "occ_floors": [2, 3], "unknown_n": 0, "id": "1144012100101790001-1", "pnu": "1144012100101790001", "floors": 0, "height": 0.0}}, {"type": "Feature", "geometry": {"type": "Polygon", "coordinates": [[[126.92856118, 37.55720376], [126.92845318, 37.55724577], [126.92844809, 37.55724857], [126.92844627, 37.55725316], [126.92844717, 37.55725775], [126.92844909, 37.55726119], [126.92850763, 37.55735096], [126.92862448, 37.55730165], [126.92856118, 37.55720376]]]}, "properties": {"name": "우측", "status": "full", "capacity": 5, "active": 5, "industry": "섬유·의복·신발 소매", "vacancy_rate": 0.0, "vacancy_rate_lo": 0.0, "vacancy_rate_hi": 20.0, "stores": 4, "source": "stores+ledger", "capacity_method": "floor_ouln", "active_pip": 0, "licensed": 0, "com_floors": [1, 2, 3, 4, 5], "occ_floors": [1, 3, 4, 5], "unknown_n": 1, "id": "1144012100101790038-1", "pnu": "1144012100101790038", "floors": 4, "height": 13.3}}, {"type": "Feature", "geometry": {"type": "Polygon", "coordinates": [[[126.92833484, 37.55779684], [126.92843518, 37.55773212], [126.9284052, 37.55770066], [126.92833794, 37.55773981], [126.92831352, 37.55772061], [126.9282758, 37.55774509], [126.92833484, 37.55779684]]]}, "properties": {"name": "동교동 174-6", "status": "empty", "capacity": 1, "active": 0, "industry": "", "vacancy_rate": 100.0, "source": "polygon_only", "capacity_method": "floor_approx", "active_pip": 0, "licensed": 0, "id": "1144012100101740006-1", "pnu": "1144012100101740006", "floors": 1, "height": 0.0}}, {"type": "Feature", "geometry": {"type": "Polygon", "coordinates": [[[126.92813076, 37.55781421], [126.92802762, 37.55785315], [126.92809473, 37.55796573], [126.92819471, 37.55792614], [126.92813076, 37.55781421]]]}, "properties": {"name": "동교동 174-8", "status": "full", "capacity": 2, "active": 2, "industry": "한식", "vacancy_rate": 0.0, "vacancy_rate_lo": null, "vacancy_rate_hi": null, "stores": 2, "source": "stores+ledger", "capacity_method": "expos_units", "active_pip": 0, "licensed": 1, "com_floors": null, "occ_floors": null, "unknown_n": null, "id": "1144012100101740008-1", "pnu": "1144012100101740008", "floors": 3, "height": 0.0}}, {"type": "Feature", "geometry": {"type": "Polygon", "coordinates": [[[126.92683842, 37.56148849], [126.92679309, 37.56154297], [126.92689976, 37.56160493], [126.92691381, 37.56159692], [126.92683842, 37.56148849]]]}, "properties": {"name": "동교동 117-2", "status": "full", "capacity": 2, "active": 2, "industry": "", "vacancy_rate": 0.0, "source": "pip_only", "capacity_method": "floor_approx", "active_pip": 1, "licensed": 2, "id": "1144012100101170002-1", "pnu": "1144012100101170002", "floors": 0, "height": 0.0}}, {"type": "Feature", "geometry": {"type": "Polygon", "coordinates": [[[126.92956296, 37.55739051], [126.92946212, 37.55739928], [126.92947362, 37.55744055], [126.9295695, 37.55741394], [126.92956296, 37.55739051]]]}, "properties": {"name": "신도엘피스", "status": "full", "capacity": 4, "active": 4, "industry": "일반 숙박", "vacancy_rate": 0.0, "vacancy_rate_lo": 0.0, "vacancy_rate_hi": 25.0, "stores": 5, "source": "stores+ledger", "capacity_method": "floor_ouln", "active_pip": 0, "licensed": 1, "com_floors": [1, 2, 3, 4], "occ_floors": [1, 2, 3], "unknown_n": 1, "id": "1144012100101790018-1", "pnu": "1144012100101790018", "floors": 0, "height": 0.0}}, {"type": "Feature", "geometry": {"type": "Polygon", "coordinates": [[[126.92955558, 37.55729275], [126.92954392, 37.55729536], [126.9295421, 37.55729698], [126.92943843, 37.5573071], [126.92943605, 37.55730782], [126.92943469, 37.55731178], [126.92946246, 37.55739757], [126.92958685, 37.55738503], [126.92958449, 37.55736701], [126.92957279, 37.55729718], [126.92956123, 37.55729339], [126.92955558, 37.55729275]]]}, "properties": {"name": "신도엘피스", "status": "full", "capacity": 4, "active": 4, "industry": "일반 숙박", "vacancy_rate": 0.0, "vacancy_rate_lo": 0.0, "vacancy_rate_hi": 25.0, "stores": 5, "source": "stores+ledger", "capacity_method": "floor_ouln", "active_pip": 0, "licensed": 1, "com_floors": [1, 2, 3, 4], "occ_floors": [1, 2, 3], "unknown_n": 1, "id": "1144012100101790018-2", "pnu": "1144012100101790018", "floors": 4, "height": 11.5}}, {"type": "Feature", "geometry": {"type": "Polygon", "coordinates": [[[126.92884343, 37.55769607], [126.92881044, 37.5576291], [126.92867924, 37.55767686], [126.92867402, 37.55767929], [126.92871075, 37.55774419], [126.92884343, 37.55769607]]]}, "properties": {"name": "동교동 179-28", "status": "partial", "capacity": 3, "active": 2, "industry": "일반 숙박", "vacancy_rate": 33.3, "vacancy_rate_lo": 33.3, "vacancy_rate_hi": 33.3, "stores": 2, "source": "stores+ledger", "capacity_method": "floor_ouln", "active_pip": 0, "licensed": 0, "com_floors": [1, 2, 4], "occ_floors": [1, 2], "unknown_n": 0, "id": "1144012100101790028-1", "pnu": "1144012100101790028", "floors": 4, "height": 12.0}}, {"type": "Feature", "geometry": {"type": "Polygon", "coordinates": [[[126.92865537, 37.55731815], [126.92871669, 37.55729193], [126.92870948, 37.55728111], [126.92873953, 37.55726843], [126.92866536, 37.55715697], [126.9285752, 37.55719499], [126.92865537, 37.55731815]]]}, "properties": {"name": "동교동 179-37", "status": "empty", "capacity": 4, "active": 0, "industry": "", "vacancy_rate": 100.0, "source": "polygon_only", "capacity_method": "floor_approx", "active_pip": 0, "licensed": 0, "id": "1144012100101790037-1", "pnu": "1144012100101790037", "floors": 4, "height": 11.7}}, {"type": "Feature", "geometry": {"type": "Polygon", "coordinates": [[[126.92780145, 37.55942083], [126.92773318, 37.55944729], [126.9276969, 37.55938951], [126.92761504, 37.55942226], [126.92774127, 37.55961911], [126.92776233, 37.55961237], [126.9277743, 37.55963229], [126.92792297, 37.55957047], [126.92811341, 37.55949113], [126.92809511, 37.55945958], [126.92812172, 37.55944978], [126.92807765, 37.55937677], [126.92810041, 37.55936768], [126.92806379, 37.55931198], [126.92792305, 37.55936919], [126.92788331, 37.55938539], [126.92783856, 37.5593167], [126.92780278, 37.55933101], [126.92780741, 37.55934056], [126.92776258, 37.55935801], [126.92780145, 37.55942083]]]}, "properties": {"name": "창천동 380", "status": "empty", "capacity": 6, "active": 0, "industry": "", "vacancy_rate": 100.0, "source": "polygon_only", "capacity_method": "floor_approx", "active_pip": 0, "licensed": 0, "id": "1141011600103800000-1", "pnu": "1141011600103800000", "floors": 6, "height": 18.55}}, {"type": "Feature", "geometry": {"type": "Polygon", "coordinates": [[[126.92723375, 37.55752161], [126.92731629, 37.55748691], [126.92729079, 37.55744837], [126.92721719, 37.55749375], [126.92723375, 37.55752161]]]}, "properties": {"name": "동교동 176-12", "status": "full", "capacity": 4, "active": 4, "industry": "이용·미용", "vacancy_rate": 0.0, "vacancy_rate_lo": 0.0, "vacancy_rate_hi": 25.0, "stores": 7, "source": "stores+ledger", "capacity_method": "floor_ouln", "active_pip": 0, "licensed": 1, "com_floors": [1, 2, 3, 4], "occ_floors": [1, 3, 4], "unknown_n": 1, "id": "1144012100101760012-1", "pnu": "1144012100101760012", "floors": 6, "height": 20.0}}, {"type": "Feature", "geometry": {"type": "Polygon", "coordinates": [[[126.9258812, 37.56132853], [126.92583875, 37.56130653], [126.92584061, 37.56130426], [126.92580314, 37.56128485], [126.9257562, 37.56134223], [126.92574482, 37.56133633], [126.92571734, 37.56136993], [126.92580561, 37.56141434], [126.9258812, 37.56132853]]]}, "properties": {"name": "연남동 390-42", "status": "full", "capacity": 3, "active": 3, "industry": "한식", "vacancy_rate": 0.0, "vacancy_rate_lo": 0.0, "vacancy_rate_hi": 0.0, "stores": 4, "source": "stores+ledger", "capacity_method": "floor_ouln", "active_pip": 0, "licensed": 4, "com_floors": [1, 2, 3], "occ_floors": [1, 2, 3], "unknown_n": 0, "id": "1144012400103900042-1", "pnu": "1144012400103900042", "floors": 3, "height": 9.85}}, {"type": "Feature", "geometry": {"type": "Polygon", "coordinates": [[[126.92475434, 37.56073083], [126.92482762, 37.56073131], [126.92481399, 37.56070171], [126.92483939, 37.56069357], [126.92482466, 37.56066393], [126.92483171, 37.56066184], [126.92481302, 37.56062468], [126.92471884, 37.56065716], [126.92475284, 37.56073047], [126.92475434, 37.56073083]]]}, "properties": {"name": "연남동 260-57", "status": "partial", "capacity": 4, "active": 3, "industry": "", "vacancy_rate": 25.0, "source": "pip_only", "capacity_method": "floor_approx", "active_pip": 3, "licensed": 0, "id": "1144012400102600057-1", "pnu": "1144012400102600057", "floors": 4, "height": 11.65}}, {"type": "Feature", "geometry": {"type": "Polygon", "coordinates": [[[126.92477609, 37.56012537], [126.92488735, 37.56018187], [126.92492109, 37.56013704], [126.92481253, 37.56008383], [126.92477609, 37.56012537]]]}, "properties": {"name": "동교동 150-9", "status": "high", "capacity": 3, "active": 1, "industry": "", "vacancy_rate": 66.7, "source": "pip_only", "capacity_method": "floor_approx", "active_pip": 0, "licensed": 1, "id": "1144012100101500009-1", "pnu": "1144012100101500009", "floors": 3, "height": 10.3}}, {"type": "Feature", "geometry": {"type": "Polygon", "coordinates": [[[126.92466768, 37.56132571], [126.92477653, 37.56131862], [126.9247679, 37.56123466], [126.92465905, 37.56124175], [126.92466768, 37.56132571]]]}, "properties": {"name": "투윤빌딩", "status": "high", "capacity": 3, "active": 1, "industry": "한식", "vacancy_rate": 66.7, "vacancy_rate_lo": null, "vacancy_rate_hi": null, "stores": 1, "source": "stores+ledger", "capacity_method": "expos_units", "active_pip": 0, "licensed": 1, "com_floors": null, "occ_floors": null, "unknown_n": null, "id": "1144012400102600024-1", "pnu": "1144012400102600024", "floors": 5, "height": 16.7}}, {"type": "Feature", "geometry": {"type": "Polygon", "coordinates": [[[126.92605388, 37.56122013], [126.92601226, 37.56119226], [126.92595085, 37.56125007], [126.92600379, 37.56128425], [126.92600775, 37.56128678], [126.92600424, 37.56129065], [126.92603398, 37.56130932], [126.92610128, 37.5612462], [126.92605909, 37.56121562], [126.92605388, 37.56122013]]]}, "properties": {"name": "연남동 383-34", "status": "partial", "capacity": 4, "active": 3, "industry": "주점", "vacancy_rate": 25.0, "vacancy_rate_lo": 25.0, "vacancy_rate_hi": 50.0, "stores": 2, "source": "stores+ledger", "capacity_method": "floor_ouln", "active_pip": 0, "licensed": 2, "com_floors": [1, 2, 3, 4], "occ_floors": [1, 4], "unknown_n": 1, "id": "1144012400103830034-1", "pnu": "1144012400103830034", "floors": 2, "height": 0.0}}, {"type": "Feature", "geometry": {"type": "Polygon", "coordinates": [[[126.92625222, 37.56083454], [126.92627667, 37.56082518], [126.92625147, 37.56078678], [126.92627909, 37.56077482], [126.92626249, 37.56074561], [126.9261676, 37.56078421], [126.92622174, 37.56086299], [126.92625865, 37.5608486], [126.92625222, 37.56083454]]]}, "properties": {"name": "동교동 113-78", "status": "full", "capacity": 1, "active": 1, "industry": "주점", "vacancy_rate": 0.0, "vacancy_rate_lo": 0.0, "vacancy_rate_hi": 0.0, "stores": 1, "source": "stores+ledger", "capacity_method": "floor_ouln", "active_pip": 0, "licensed": 0, "com_floors": [1], "occ_floors": [1], "unknown_n": 0, "id": "1144012100101130078-1", "pnu": "1144012100101130078", "floors": 1, "height": 0.0}}, {"type": "Feature", "geometry": {"type": "Polygon", "coordinates": [[[126.92546656, 37.56100991], [126.92545628, 37.56109649], [126.92558032, 37.56110639], [126.92559286, 37.56102216], [126.92546656, 37.56100991]]]}, "properties": {"name": "연남동 382-18", "status": "full", "capacity": 3, "active": 3, "industry": "주점", "vacancy_rate": 0.0, "vacancy_rate_lo": 0.0, "vacancy_rate_hi": 0.0, "stores": 4, "source": "stores+ledger", "capacity_method": "floor_ouln", "active_pip": 0, "licensed": 4, "com_floors": [1, 2, 3], "occ_floors": [1, 2, 3], "unknown_n": 0, "id": "1144012400103820018-1", "pnu": "1144012400103820018", "floors": 3, "height": 9.6}}, {"type": "Feature", "geometry": {"type": "Polygon", "coordinates": [[[126.92510211, 37.56140701], [126.9251879, 37.56141183], [126.92518958, 37.56139295], [126.92521895, 37.5613946], [126.92522485, 37.56132787], [126.92510884, 37.56133127], [126.92510211, 37.56140701]]]}, "properties": {"name": "태주빌딩", "status": "full", "capacity": 4, "active": 4, "industry": "일식", "vacancy_rate": 0.0, "vacancy_rate_lo": 0.0, "vacancy_rate_hi": 50.0, "stores": 3, "source": "stores+ledger", "capacity_method": "floor_ouln", "active_pip": 0, "licensed": 2, "com_floors": [1, 2, 4, 5], "occ_floors": [1, 2], "unknown_n": 2, "id": "1144012400103900051-1", "pnu": "1144012400103900051", "floors": 5, "height": 14.3}}, {"type": "Feature", "geometry": {"type": "Polygon", "coordinates": [[[126.92574606, 37.56038723], [126.92564981, 37.56042726], [126.92567739, 37.56046847], [126.92567219, 37.56047107], [126.92569116, 37.56049748], [126.92569593, 37.56049649], [126.92572904, 37.56054067], [126.92582166, 37.56049927], [126.92574606, 37.56038723]]]}, "properties": {"name": "우측호", "status": "partial", "capacity": 6, "active": 5, "industry": "일식", "vacancy_rate": 16.7, "vacancy_rate_lo": null, "vacancy_rate_hi": null, "stores": 5, "source": "stores+ledger", "capacity_method": "expos_units", "active_pip": 0, "licensed": 5, "com_floors": null, "occ_floors": null, "unknown_n": null, "id": "1144012100101130025-1", "pnu": "1144012100101130025", "floors": 4, "height": 0.0}}, {"type": "Feature", "geometry": {"type": "Polygon", "coordinates": [[[126.92551103, 37.5603396], [126.92551047, 37.56033708], [126.92550674, 37.56032905], [126.9255038, 37.56032455], [126.92550177, 37.56032167], [126.92550143, 37.56032131], [126.92546414, 37.56026064], [126.92536484, 37.56029852], [126.92540733, 37.56036855], [126.92545543, 37.56036372], [126.92547479, 37.56035977], [126.92550582, 37.56034609], [126.92550955, 37.56034348], [126.92551035, 37.56034248], [126.92551103, 37.5603396]]]}, "properties": {"name": "동교동 118-18", "status": "partial", "capacity": 4, "active": 3, "industry": "일식", "vacancy_rate": 25.0, "vacancy_rate_lo": 25.0, "vacancy_rate_hi": 25.0, "stores": 3, "source": "stores+ledger", "capacity_method": "floor_ouln", "active_pip": 0, "licensed": 2, "com_floors": [1, 2, 3, 4], "occ_floors": [1, 2, 3], "unknown_n": 0, "id": "1144012100101180018-1", "pnu": "1144012100101180018", "floors": 4, "height": 11.8}}, {"type": "Feature", "geometry": {"type": "Polygon", "coordinates": [[[126.92508514, 37.56009742], [126.92506758, 37.56011687], [126.92504337, 37.56010451], [126.92500473, 37.56015025], [126.92501989, 37.56015846], [126.92502487, 37.56015468], [126.92510803, 37.56019591], [126.92514995, 37.56014386], [126.92512089, 37.5601297], [126.92512552, 37.56012483], [126.92511173, 37.5601114], [126.92508514, 37.56009742]]]}, "properties": {"name": "지", "status": "full", "capacity": 3, "active": 3, "industry": "비알코올 ", "vacancy_rate": 0.0, "vacancy_rate_lo": 0.0, "vacancy_rate_hi": 0.0, "stores": 4, "source": "stores+ledger", "capacity_method": "floor_ouln", "active_pip": 0, "licensed": 4, "com_floors": [1, 2, 3], "occ_floors": [1, 2, 3], "unknown_n": 0, "id": "1144012100101490013-1", "pnu": "1144012100101490013", "floors": 4, "height": 15.8}}, {"type": "Feature", "geometry": {"type": "Polygon", "coordinates": [[[126.92534268, 37.56118076], [126.92534301, 37.5611877], [126.92536792, 37.5611888], [126.92536722, 37.56120186], [126.92536757, 37.56120447], [126.92543174, 37.5612065], [126.92544224, 37.56111072], [126.92530575, 37.56109992], [126.92529833, 37.56115902], [126.92530512, 37.56116001], [126.92530239, 37.56117839], [126.92534268, 37.56118076]]]}, "properties": {"name": "연남동 382-23", "status": "full", "capacity": 2, "active": 2, "industry": "한식", "vacancy_rate": 0.0, "vacancy_rate_lo": 0.0, "vacancy_rate_hi": 0.0, "stores": 2, "source": "stores+ledger", "capacity_method": "floor_ouln", "active_pip": 0, "licensed": 2, "com_floors": [1, 2], "occ_floors": [1, 2], "unknown_n": 0, "id": "1144012400103820023-1", "pnu": "1144012400103820023", "floors": 2, "height": 0.0}}, {"type": "Feature", "geometry": {"type": "Polygon", "coordinates": [[[126.92500006, 37.56109269], [126.92507451, 37.56108773], [126.92506261, 37.56101597], [126.92503273, 37.56101766], [126.92502986, 37.56100077], [126.92500003, 37.56100295], [126.92497366, 37.56100447], [126.92498161, 37.56109376], [126.92500006, 37.56109269]]]}, "properties": {"name": "연남동 260-39", "status": "full", "capacity": 2, "active": 2, "industry": "한식", "vacancy_rate": 0.0, "vacancy_rate_lo": 0.0, "vacancy_rate_hi": 0.0, "stores": 1, "source": "stores+ledger", "capacity_method": "floor_ouln", "active_pip": 0, "licensed": 1, "com_floors": [1, 2], "occ_floors": [1, 2], "unknown_n": 0, "id": "1144012400102600039-1", "pnu": "1144012400102600039", "floors": 2, "height": 0.0}}, {"type": "Feature", "geometry": {"type": "Polygon", "coordinates": [[[126.92588913, 37.56105217], [126.92589795, 37.56106011], [126.92590838, 37.56105642], [126.92591628, 37.56106588], [126.9259803, 37.56111826], [126.92604724, 37.56107029], [126.92590384, 37.56095001], [126.92586624, 37.56097368], [126.92586077, 37.56102116], [126.92589434, 37.56104767], [126.92588913, 37.56105217]]]}, "properties": {"name": "전체호", "status": "full", "capacity": 3, "active": 3, "industry": "종합 소매", "vacancy_rate": 0.0, "vacancy_rate_lo": 0.0, "vacancy_rate_hi": 0.0, "stores": 5, "source": "stores+ledger", "capacity_method": "floor_ouln", "active_pip": 0, "licensed": 3, "com_floors": [1, 2, 3], "occ_floors": [1, 2, 3], "unknown_n": 0, "id": "1144012400103830038-1", "pnu": "1144012400103830038", "floors": 4, "height": 13.4}}, {"type": "Feature", "geometry": {"type": "Polygon", "coordinates": [[[126.9246227, 37.5600863], [126.92461377, 37.56008188], [126.92456096, 37.56014961], [126.92462034, 37.56017902], [126.92467973, 37.56020807], [126.92473436, 37.56013729], [126.9246227, 37.5600863]]]}, "properties": {"name": "동교동 150-19", "status": "partial", "capacity": 3, "active": 2, "industry": "기타 교육", "vacancy_rate": 33.3, "vacancy_rate_lo": 33.3, "vacancy_rate_hi": 33.3, "stores": 2, "source": "stores+ledger", "capacity_method": "floor_ouln", "active_pip": 0, "licensed": 0, "com_floors": [1, 2, 3], "occ_floors": [2, 3], "unknown_n": 0, "id": "1144012100101500019-1", "pnu": "1144012100101500019", "floors": 4, "height": 11.5}}, {"type": "Feature", "geometry": {"type": "Polygon", "coordinates": [[[126.92643052, 37.56124343], [126.92646384, 37.56131859], [126.92646768, 37.56132436], [126.92647255, 37.56132644], [126.92647708, 37.5613259], [126.92656606, 37.5612992], [126.92658808, 37.56134615], [126.92663031, 37.56133374], [126.92668127, 37.56131855], [126.92668342, 37.56131423], [126.9266832, 37.56130774], [126.9266814, 37.56130188], [126.92667935, 37.56129927], [126.92667654, 37.56129701], [126.92667427, 37.56129638], [126.92667201, 37.56129647], [126.92666996, 37.56129692], [126.92666171, 37.56129754], [126.92665142, 37.56127474], [126.92665448, 37.56127393], [126.926658, 37.56127222], [126.92666082, 37.56127015], [126.92666184, 37.56126763], [126.92666015, 37.56126168], [126.92662367, 37.56118327], [126.92661768, 37.56117985], [126.92661405, 37.56118012], [126.92643246, 37.56123109], [126.92643076, 37.56123334], [126.92642895, 37.56123676], [126.92642951, 37.56124054], [126.92643052, 37.56124343]]]}, "properties": {"name": "서아빌딩", "status": "partial", "capacity": 5, "active": 4, "industry": "의약·화장품 소매", "vacancy_rate": 20.0, "vacancy_rate_lo": 20.0, "vacancy_rate_hi": 60.0, "stores": 4, "source": "stores+ledger", "capacity_method": "floor_ouln", "active_pip": 0, "licensed": 1, "com_floors": [1, 2, 4, 5, 6], "occ_floors": [1, 2], "unknown_n": 2, "id": "1144012100101130003-1", "pnu": "1144012100101130003", "floors": 7, "height": 24.9}}, {"type": "Feature", "geometry": {"type": "Polygon", "coordinates": [[[126.92663924, 37.56144649], [126.92672599, 37.56141061], [126.92668003, 37.56132757], [126.92657338, 37.5613718], [126.92660556, 37.56142064], [126.92662397, 37.561413], [126.92663924, 37.56144649]]]}, "properties": {"name": "동교동 113-96", "status": "high", "capacity": 7, "active": 2, "industry": "일반 숙박", "vacancy_rate": 71.4, "vacancy_rate_lo": 71.4, "vacancy_rate_hi": 100.0, "stores": 1, "source": "stores+ledger", "capacity_method": "floor_ouln", "active_pip": 0, "licensed": 1, "com_floors": [1, 2, 3, 4, 5, 6, 7], "occ_floors": [], "unknown_n": 2, "id": "1144012100101130096-1", "pnu": "1144012100101130096", "floors": 7, "height": 23.91}}, {"type": "Feature", "geometry": {"type": "Polygon", "coordinates": [[[126.92611338, 37.56101214], [126.9262434, 37.56095446], [126.92622517, 37.56092795], [126.92623721, 37.56092106], [126.9262131, 37.56088601], [126.92618728, 37.56089726], [126.9261824, 37.56089015], [126.92603623, 37.56095489], [126.92606403, 37.56099667], [126.92609382, 37.56098368], [126.92611338, 37.56101214]]]}, "properties": {"name": "동교동 113-18", "status": "high", "capacity": 4, "active": 1, "industry": "", "vacancy_rate": 75.0, "source": "pip_only", "capacity_method": "floor_approx", "active_pip": 0, "licensed": 1, "id": "1144012100101130018-1", "pnu": "1144012100101130018", "floors": 4, "height": 11.0}}, {"type": "Feature", "geometry": {"type": "Polygon", "coordinates": [[[126.92885295, 37.55768544], [126.9289322, 37.55765818], [126.92888656, 37.55757481], [126.92886007, 37.55758272], [126.92885499, 37.55757497], [126.92880312, 37.55759152], [126.92885295, 37.55768544]]]}, "properties": {"name": "동교동 179-27", "status": "full", "capacity": 3, "active": 3, "industry": "이용·미용", "vacancy_rate": 0.0, "vacancy_rate_lo": 0.0, "vacancy_rate_hi": 33.3, "stores": 1, "source": "stores+ledger", "capacity_method": "floor_ouln", "active_pip": 0, "licensed": 1, "com_floors": [1, 2, 4], "occ_floors": [1, 2], "unknown_n": 1, "id": "1144012100101790027-1", "pnu": "1144012100101790027", "floors": 4, "height": 10.75}}, {"type": "Feature", "geometry": {"type": "Polygon", "coordinates": [[[126.92905632, 37.55698756], [126.92900003, 37.55701347], [126.92900762, 37.55702411], [126.92900071, 37.55702663], [126.92897671, 37.55703769], [126.92903899, 37.55711675], [126.92908269, 37.5570956], [126.92910775, 37.55704768], [126.92913132, 37.55701814], [126.92910543, 37.55698524], [126.92906932, 37.55700225], [126.92905632, 37.55698756]]]}, "properties": {"name": "일부호", "status": "full", "capacity": 1, "active": 1, "industry": "교육 지원", "vacancy_rate": 0.0, "vacancy_rate_lo": 0.0, "vacancy_rate_hi": 0.0, "stores": 3, "source": "stores+ledger", "capacity_method": "floor_ouln", "active_pip": 0, "licensed": 1, "com_floors": [1], "occ_floors": [1], "unknown_n": 0, "id": "1144012100101780011-1", "pnu": "1144012100101780011", "floors": 3, "height": 8.9}}, {"type": "Feature", "geometry": {"type": "Polygon", "coordinates": [[[126.92929597, 37.55715303], [126.92928758, 37.55716978], [126.92929528, 37.55717159], [126.92928643, 37.55718789], [126.92929424, 37.55718907], [126.92928653, 37.55720195], [126.92938123, 37.5572303], [126.92938781, 37.55721832], [126.92939279, 37.55722003], [126.9293988, 37.55720544], [126.92940468, 37.55720788], [126.92940683, 37.55720599], [126.92941012, 37.55720202], [126.92941318, 37.55719536], [126.92941523, 37.55718815], [126.92941557, 37.55718635], [126.92940742, 37.55718256], [126.92941593, 37.5571641], [126.92941084, 37.55716247], [126.92941809, 37.55715085], [126.92932317, 37.55711953], [126.92931206, 37.55714079], [126.92930844, 37.55714087], [126.92930118, 37.55715511], [126.92929597, 37.55715303]]]}, "properties": {"name": "일부", "status": "full", "capacity": 2, "active": 2, "industry": "이용·미용", "vacancy_rate": 0.0, "vacancy_rate_lo": 0.0, "vacancy_rate_hi": 0.0, "stores": 4, "source": "stores+ledger", "capacity_method": "floor_ouln", "active_pip": 0, "licensed": 1, "com_floors": [1, 2], "occ_floors": [1, 2], "unknown_n": 0, "id": "1144012100101780013-1", "pnu": "1144012100101780013", "floors": 4, "height": 12.5}}, {"type": "Feature", "geometry": {"type": "Polygon", "coordinates": [[[126.92942451, 37.55706355], [126.92942098, 37.55709139], [126.92960001, 37.55710267], [126.92960343, 37.55707573], [126.92942451, 37.55706355]]]}, "properties": {"name": "동교동 178-9", "status": "empty", "capacity": 5, "active": 0, "industry": "", "vacancy_rate": 100.0, "source": "polygon_only", "capacity_method": "floor_approx", "active_pip": 0, "licensed": 0, "id": "1144012100101780009-1", "pnu": "1144012100101780009", "floors": 5, "height": 25.15}}, {"type": "Feature", "geometry": {"type": "Polygon", "coordinates": [[[126.92931057, 37.55751009], [126.92924257, 37.55753471], [126.92923039, 37.55751347], [126.92918299, 37.55753068], [126.92909871, 37.55749651], [126.92904325, 37.55754414], [126.92910052, 37.5575864], [126.92913506, 37.55764665], [126.9293451, 37.55757034], [126.92931057, 37.55751009]]]}, "properties": {"name": "동교동 179-4", "status": "full", "capacity": 2, "active": 2, "industry": "비알코올 ", "vacancy_rate": 0.0, "vacancy_rate_lo": 0.0, "vacancy_rate_hi": 50.0, "stores": 1, "source": "stores+ledger", "capacity_method": "floor_ouln", "active_pip": 0, "licensed": 1, "com_floors": [1, 4], "occ_floors": [1], "unknown_n": 1, "id": "1144012100101790004-1", "pnu": "1144012100101790004", "floors": 4, "height": 20.0}}, {"type": "Feature", "geometry": {"type": "Polygon", "coordinates": [[[126.92938612, 37.55757413], [126.92957666, 37.55750351], [126.92953315, 37.55743834], [126.92948357, 37.55745489], [126.92948752, 37.55746138], [126.92934895, 37.55750887], [126.92938612, 37.55757413]]]}, "properties": {"name": "동교동 179-8", "status": "empty", "capacity": 4, "active": 0, "industry": "", "vacancy_rate": 100.0, "source": "polygon_only", "capacity_method": "floor_approx", "active_pip": 0, "licensed": 0, "id": "1144012100101790008-1", "pnu": "1144012100101790008", "floors": 4, "height": 0.0}}, {"type": "Feature", "geometry": {"type": "Polygon", "coordinates": [[[126.9291565, 37.55733346], [126.92918954, 37.55734012], [126.92918084, 37.55735598], [126.92929845, 37.55739013], [126.92933671, 37.55731298], [126.92932627, 37.5573093], [126.92933681, 37.55728791], [126.92922095, 37.55725878], [126.92921534, 37.55727038], [126.9291913, 37.55726741], [126.9291565, 37.55733346]]]}, "properties": {"name": "예림빌딩", "status": "partial", "capacity": 3, "active": 2, "industry": "중고 상품 소매", "vacancy_rate": 33.3, "vacancy_rate_lo": null, "vacancy_rate_hi": null, "stores": 2, "source": "stores+ledger", "capacity_method": "expos_units", "active_pip": 0, "licensed": 0, "com_floors": null, "occ_floors": null, "unknown_n": null, "id": "1144012100101790020-1", "pnu": "1144012100101790020", "floors": 6, "height": 21.7}}, {"type": "Feature", "geometry": {"type": "Polygon", "coordinates": [[[126.92800957, 37.55719204], [126.92793633, 37.55708672], [126.92783365, 37.55713197], [126.92788941, 37.55721216], [126.92791508, 37.55720085], [126.92793256, 37.55722598], [126.92800957, 37.55719204]]]}, "properties": {"name": "좌측", "status": "partial", "capacity": 4, "active": 3, "industry": "주점", "vacancy_rate": 25.0, "vacancy_rate_lo": 25.0, "vacancy_rate_hi": 50.0, "stores": 3, "source": "stores+ledger", "capacity_method": "floor_ouln", "active_pip": 0, "licensed": 1, "com_floors": [1, 2, 3, 4], "occ_floors": [1, 4], "unknown_n": 1, "id": "1144012100101760006-1", "pnu": "1144012100101760006", "floors": 6, "height": 24.6}}, {"type": "Feature", "geometry": {"type": "Polygon", "coordinates": [[[126.92809653, 37.55727601], [126.92810673, 37.55727287], [126.9281239, 37.55729603], [126.92819512, 37.55726553], [126.92817963, 37.5572403], [126.92818654, 37.55723805], [126.9281367, 37.55716233], [126.9280519, 37.55719625], [126.92809653, 37.55727601]]]}, "properties": {"name": "동교동 176-20", "status": "partial", "capacity": 4, "active": 2, "industry": "기타 교육", "vacancy_rate": 50.0, "vacancy_rate_lo": 50.0, "vacancy_rate_hi": 50.0, "stores": 1, "source": "stores+ledger", "capacity_method": "floor_ouln", "active_pip": 0, "licensed": 1, "com_floors": [1, 2, 3, 4], "occ_floors": [1, 3], "unknown_n": 0, "id": "1144012100101760020-1", "pnu": "1144012100101760020", "floors": 4, "height": 11.9}}, {"type": "Feature", "geometry": {"type": "Polygon", "coordinates": [[[126.9274437, 37.55743095], [126.92754268, 37.55738827], [126.92750463, 37.55733233], [126.92746702, 37.55734854], [126.92747024, 37.55735327], [126.92740886, 37.55737972], [126.9274437, 37.55743095]]]}, "properties": {"name": "진영빌딩", "status": "partial", "capacity": 4, "active": 3, "industry": "이용·미용", "vacancy_rate": 25.0, "vacancy_rate_lo": 25.0, "vacancy_rate_hi": 25.0, "stores": 2, "source": "stores+ledger", "capacity_method": "floor_ouln", "active_pip": 0, "licensed": 0, "com_floors": [1, 2, 3, 4], "occ_floors": [1, 2, 4], "unknown_n": 0, "id": "1144012100101760010-1", "pnu": "1144012100101760010", "floors": 7, "height": 24.3}}, {"type": "Feature", "geometry": {"type": "Polygon", "coordinates": [[[126.9247901, 37.55704339], [126.92475538, 37.55701517], [126.92473952, 37.55702723], [126.92477412, 37.55705609], [126.9247901, 37.55704339]]]}, "properties": {"name": "연희빌딩", "status": "full", "capacity": 2, "active": 2, "industry": "서양식", "vacancy_rate": 0.0, "vacancy_rate_lo": 0.0, "vacancy_rate_hi": 0.0, "stores": 3, "source": "stores+ledger", "capacity_method": "floor_ouln", "active_pip": 0, "licensed": 1, "com_floors": [1, 2], "occ_floors": [1, 2], "unknown_n": 0, "id": "1144012100101660010-2", "pnu": "1144012100101660010", "floors": 0, "height": 0.0}}, {"type": "Feature", "geometry": {"type": "Polygon", "coordinates": [[[126.9265483, 37.55725551], [126.92652779, 37.55727883], [126.92655663, 37.55729534], [126.92657782, 37.55727201], [126.9265483, 37.55725551]]]}, "properties": {"name": "동교동 168-1", "status": "empty", "capacity": 1, "active": 0, "industry": "", "vacancy_rate": 100.0, "source": "polygon_only", "capacity_method": "floor_approx", "active_pip": 0, "licensed": 0, "id": "1144012100101680001-1", "pnu": "1144012100101680001", "floors": 1, "height": 0.0}}, {"type": "Feature", "geometry": {"type": "Polygon", "coordinates": [[[126.92817869, 37.55763642], [126.92828657, 37.55760133], [126.92823778, 37.55750628], [126.92800742, 37.55758412], [126.92803322, 37.55763436], [126.92814748, 37.55759719], [126.92814995, 37.55760201], [126.92815944, 37.55759892], [126.92817869, 37.55763642]]]}, "properties": {"name": "동교동 175-20", "status": "empty", "capacity": 6, "active": 0, "industry": "", "vacancy_rate": 100.0, "source": "polygon_only", "capacity_method": "floor_approx", "active_pip": 0, "licensed": 0, "id": "1144012100101750020-1", "pnu": "1144012100101750020", "floors": 6, "height": 14.1}}, {"type": "Feature", "geometry": {"type": "Polygon", "coordinates": [[[126.92788023, 37.55724279], [126.92785771, 37.55721024], [126.92786165, 37.55720851], [126.9278226, 37.55715202], [126.92772603, 37.55719434], [126.9277857, 37.55728064], [126.92784679, 37.55725387], [126.92784869, 37.55725661], [126.92788023, 37.55724279]]]}, "properties": {"name": "명칭없음", "status": "full", "capacity": 3, "active": 3, "industry": "이용·미용", "vacancy_rate": 0.0, "vacancy_rate_lo": null, "vacancy_rate_hi": null, "stores": 3, "source": "stores+ledger", "capacity_method": "expos_units", "active_pip": 0, "licensed": 1, "com_floors": null, "occ_floors": null, "unknown_n": null, "id": "1144012100101760007-1", "pnu": "1144012100101760007", "floors": 7, "height": 21.8}}, {"type": "Feature", "geometry": {"type": "Polygon", "coordinates": [[[126.9271967, 37.55721111], [126.92716565, 37.55722945], [126.92717558, 37.55724011], [126.92720663, 37.55722177], [126.9271967, 37.55721111]]]}, "properties": {"name": "애경타워", "status": "full", "capacity": 12, "active": 12, "industry": "오락용품 소매", "vacancy_rate": 0.0, "vacancy_rate_lo": 0.0, "vacancy_rate_hi": 50.0, "stores": 26, "source": "stores+ledger", "capacity_method": "floor_ouln", "active_pip": 0, "licensed": 0, "com_floors": [1, 2, 3, 4, 5, 6, 7, 8, 10, 12, 16, 17], "occ_floors": [1, 2, 3, 4, 5, 7], "unknown_n": 6, "id": "1144012100101900001-2", "pnu": "1144012100101900001", "floors": 0, "height": 0.0}}, {"type": "Feature", "geometry": {"type": "Polygon", "coordinates": [[[126.9280714, 37.55705213], [126.92812264, 37.55712975], [126.92820405, 37.55709568], [126.9281528, 37.55701806], [126.9280714, 37.55705213]]]}, "properties": {"name": "넘버원빌딩", "status": "partial", "capacity": 6, "active": 3, "industry": "일반 교육", "vacancy_rate": 50.0, "vacancy_rate_lo": 50.0, "vacancy_rate_hi": 50.0, "stores": 2, "source": "stores+ledger", "capacity_method": "floor_ouln", "active_pip": 0, "licensed": 0, "com_floors": [1, 2, 3, 4, 5, 7], "occ_floors": [2, 4, 5], "unknown_n": 0, "id": "1144012100101760004-1", "pnu": "1144012100101760004", "floors": 7, "height": 22.4}}, {"type": "Feature", "geometry": {"type": "Polygon", "coordinates": [[[126.92645815, 37.55697777], [126.92642956, 37.55704721], [126.92652551, 37.55707277], [126.92655274, 37.55700368], [126.92645815, 37.55697777]]]}, "properties": {"name": "동교동 170-30", "status": "empty", "capacity": 4, "active": 0, "industry": "", "vacancy_rate": 100.0, "source": "polygon_only", "capacity_method": "floor_approx", "active_pip": 0, "licensed": 0, "id": "1144012100101700030-1", "pnu": "1144012100101700030", "floors": 4, "height": 14.1}}, {"type": "Feature", "geometry": {"type": "Polygon", "coordinates": [[[126.92733481, 37.55742772], [126.92730244, 37.55744159], [126.92732779, 37.55747906], [126.92742488, 37.55743744], [126.92739372, 37.55739138], [126.92736822, 37.55740231], [126.92737139, 37.557407], [126.92733216, 37.55742381], [126.92733481, 37.55742772]]]}, "properties": {"name": "은창빌딩", "status": "full", "capacity": 4, "active": 4, "industry": "이용·미용", "vacancy_rate": 0.0, "vacancy_rate_lo": 0.0, "vacancy_rate_hi": 0.0, "stores": 3, "source": "stores+ledger", "capacity_method": "floor_ouln", "active_pip": 0, "licensed": 1, "com_floors": [1, 2, 3, 4], "occ_floors": [1, 2, 3, 4], "unknown_n": 0, "id": "1144012100101760011-1", "pnu": "1144012100101760011", "floors": 7, "height": 21.8}}, {"type": "Feature", "geometry": {"type": "Polygon", "coordinates": [[[126.92732863, 37.55751214], [126.92724428, 37.55754517], [126.92730769, 37.55763773], [126.92738966, 37.55760274], [126.92732863, 37.55751214]]]}, "properties": {"name": "보애빌딩", "status": "full", "capacity": 3, "active": 3, "industry": "종합 소매", "vacancy_rate": 0.0, "vacancy_rate_lo": 0.0, "vacancy_rate_hi": 0.0, "stores": 4, "source": "stores+ledger", "capacity_method": "floor_ouln", "active_pip": 0, "licensed": 1, "com_floors": [1, 2, 4], "occ_floors": [1, 2, 4], "unknown_n": 0, "id": "1144012100101760013-1", "pnu": "1144012100101760013", "floors": 4, "height": 13.6}}, {"type": "Feature", "geometry": {"type": "Polygon", "coordinates": [[[126.92798508, 37.55735478], [126.92792451, 37.55726419], [126.92792236, 37.55726491], [126.92791602, 37.55726698], [126.9279106, 37.55725833], [126.92783168, 37.55729297], [126.92789564, 37.55738896], [126.92791739, 37.55738123], [126.92792066, 37.55738701], [126.92792258, 37.55738601], [126.92798508, 37.55735478]]]}, "properties": {"name": "동교동 176-18", "status": "full", "capacity": 1, "active": 1, "industry": "섬유·의복·신발 소매", "vacancy_rate": 0.0, "vacancy_rate_lo": 0.0, "vacancy_rate_hi": 0.0, "stores": 3, "source": "stores+ledger", "capacity_method": "floor_ouln", "active_pip": 0, "licensed": 0, "com_floors": [4], "occ_floors": [4], "unknown_n": 0, "id": "1144012100101760018-1", "pnu": "1144012100101760018", "floors": 4, "height": 12.5}}, {"type": "Feature", "geometry": {"type": "Polygon", "coordinates": [[[126.9276967, 37.55719951], [126.92761714, 37.55724573], [126.92767366, 37.55733362], [126.92773425, 37.55730893], [126.92773246, 37.55730611], [126.92776146, 37.55729429], [126.92774403, 37.55726719], [126.92774101, 37.55726841], [126.9276967, 37.55719951]]]}, "properties": {"name": "명칭없음", "status": "full", "capacity": 4, "active": 4, "industry": "이용·미용", "vacancy_rate": 0.0, "vacancy_rate_lo": null, "vacancy_rate_hi": null, "stores": 4, "source": "stores+ledger", "capacity_method": "expos_units", "active_pip": 0, "licensed": 1, "com_floors": null, "occ_floors": null, "unknown_n": null, "id": "1144012100101760008-1", "pnu": "1144012100101760008", "floors": 8, "height": 29.2}}, {"type": "Feature", "geometry": {"type": "Polygon", "coordinates": [[[126.92675519, 37.55713455], [126.92675599, 37.55713238], [126.92678461, 37.55713871], [126.92680799, 37.55707728], [126.92678649, 37.55707195], [126.92678888, 37.55706312], [126.9267073, 37.55704045], [126.92667556, 37.55711236], [126.92675519, 37.55713455]]]}, "properties": {"name": "동교동 170-33", "status": "full", "capacity": 2, "active": 2, "industry": "이용·미용", "vacancy_rate": 0.0, "vacancy_rate_lo": 0.0, "vacancy_rate_hi": 0.0, "stores": 2, "source": "stores+ledger", "capacity_method": "floor_ouln", "active_pip": 0, "licensed": 1, "com_floors": [1, 2], "occ_floors": [1, 2], "unknown_n": 0, "id": "1144012100101700033-1", "pnu": "1144012100101700033", "floors": 4, "height": 13.2}}, {"type": "Feature", "geometry": {"type": "Polygon", "coordinates": [[[126.92553718, 37.55749094], [126.92554035, 37.55748824], [126.92554262, 37.557484], [126.92554398, 37.5574804], [126.92554353, 37.55747509], [126.92550147, 37.55743596], [126.9254611, 37.55740187], [126.92538182, 37.55745984], [126.9254456, 37.55751494], [126.92547697, 37.55749333], [126.92548285, 37.55749793], [126.92550754, 37.55748245], [126.9255193, 37.55749264], [126.92552903, 37.55749346], [126.92553718, 37.55749094]]]}, "properties": {"name": "동교동 166-3", "status": "full", "capacity": 2, "active": 2, "industry": "한식", "vacancy_rate": 0.0, "vacancy_rate_lo": 0.0, "vacancy_rate_hi": 0.0, "stores": 3, "source": "stores+ledger", "capacity_method": "floor_ouln", "active_pip": 0, "licensed": 3, "com_floors": [1, 2], "occ_floors": [1, 2], "unknown_n": 0, "id": "1144012100101660003-2", "pnu": "1144012100101660003", "floors": 3, "height": 9.8}}, {"type": "Feature", "geometry": {"type": "Polygon", "coordinates": [[[126.92802115, 37.55717625], [126.92810856, 37.55713858], [126.92805964, 37.55706664], [126.92797223, 37.5571043], [126.92802115, 37.55717625]]]}, "properties": {"name": "동교동 176-5", "status": "full", "capacity": 7, "active": 7, "industry": "이용·미용", "vacancy_rate": 0.0, "vacancy_rate_lo": 0.0, "vacancy_rate_hi": 14.3, "stores": 6, "source": "stores+ledger", "capacity_method": "floor_ouln", "active_pip": 0, "licensed": 1, "com_floors": [1, 2, 3, 4, 5, 6, 7], "occ_floors": [1, 2, 4, 5, 6, 7], "unknown_n": 1, "id": "1144012100101760005-1", "pnu": "1144012100101760005", "floors": 7, "height": 22.9}}, {"type": "Feature", "geometry": {"type": "Polygon", "coordinates": [[[126.92562526, 37.55745966], [126.92562733, 37.55745859], [126.92563083, 37.55745678], [126.92563565, 37.5574534], [126.92563924, 37.55744931], [126.92564327, 37.5574447], [126.92564529, 37.55743967], [126.92564633, 37.55743547], [126.9256464, 37.55743167], [126.92564513, 37.55743018], [126.92564868, 37.55742677], [126.92553344, 37.55733722], [126.92547657, 37.55738452], [126.92559339, 37.55747355], [126.92561221, 37.55746152], [126.92561651, 37.55745913], [126.92561781, 37.55746189], [126.92561914, 37.55746121], [126.9256229, 37.55746089], [126.92562526, 37.55745966]]]}, "properties": {"name": "동", "status": "full", "capacity": 3, "active": 3, "industry": "담배 소매", "vacancy_rate": 0.0, "vacancy_rate_lo": 0.0, "vacancy_rate_hi": 0.0, "stores": 4, "source": "stores+ledger", "capacity_method": "floor_ouln", "active_pip": 0, "licensed": 3, "com_floors": [1, 2, 3], "occ_floors": [1, 2, 3], "unknown_n": 0, "id": "1144012100101660005-1", "pnu": "1144012100101660005", "floors": 4, "height": 12.5}}, {"type": "Feature", "geometry": {"type": "Polygon", "coordinates": [[[126.92864913, 37.55706475], [126.92857447, 37.55695913], [126.92848964, 37.55699714], [126.9285643, 37.55710275], [126.92864913, 37.55706475]]]}, "properties": {"name": "동교동 177-2", "status": "full", "capacity": 1, "active": 1, "industry": "기타 상품 소매", "vacancy_rate": 0.0, "vacancy_rate_lo": 0.0, "vacancy_rate_hi": 0.0, "stores": 3, "source": "stores+ledger", "capacity_method": "floor_ouln", "active_pip": 0, "licensed": 1, "com_floors": [1], "occ_floors": [1], "unknown_n": 0, "id": "1144012100101770002-1", "pnu": "1144012100101770002", "floors": 5, "height": 15.5}}, {"type": "Feature", "geometry": {"type": "Polygon", "coordinates": [[[126.92515308, 37.55961057], [126.92513477, 37.55959614], [126.92506222, 37.55954012], [126.92500006, 37.55959292], [126.9249874, 37.55960415], [126.92500006, 37.55961317], [126.92508441, 37.5596756], [126.92515308, 37.55961057]]]}, "properties": {"name": "동교동 148-9", "status": "partial", "capacity": 4, "active": 3, "industry": "기타 간이", "vacancy_rate": 25.0, "vacancy_rate_lo": 25.0, "vacancy_rate_hi": 25.0, "stores": 2, "source": "stores+ledger", "capacity_method": "floor_ouln", "active_pip": 0, "licensed": 2, "com_floors": [1, 2, 3, 4], "occ_floors": [1, 2, 3], "unknown_n": 0, "id": "1144012100101480009-1", "pnu": "1144012100101480009", "floors": 4, "height": 12.7}}, {"type": "Feature", "geometry": {"type": "Polygon", "coordinates": [[[126.9302533, 37.5576732], [126.93009955, 37.55773006], [126.93015382, 37.55778947], [126.93027839, 37.55770827], [126.9302533, 37.5576732]]]}, "properties": {"name": "창천동 503-3", "status": "partial", "capacity": 2, "active": 1, "industry": "기타 가정용품 수리", "vacancy_rate": 50.0, "vacancy_rate_lo": 50.0, "vacancy_rate_hi": 50.0, "stores": 1, "source": "stores+ledger", "capacity_method": "floor_ouln", "active_pip": 0, "licensed": 0, "com_floors": [1, 2], "occ_floors": [1], "unknown_n": 0, "id": "1141011600105030003-1", "pnu": "1141011600105030003", "floors": 2, "height": 0.0}}, {"type": "Feature", "geometry": {"type": "Polygon", "coordinates": [[[126.92605865, 37.56063601], [126.92599728, 37.56065958], [126.92600089, 37.56066733], [126.925965, 37.5606829], [126.9259711, 37.56069371], [126.92602727, 37.5607743], [126.92612521, 37.56073354], [126.92607153, 37.56064936], [126.92606701, 37.56065116], [126.92606486, 37.56064809], [126.9260652, 37.560648], [126.92605865, 37.56063601]]]}, "properties": {"name": "동교동 113-22", "status": "full", "capacity": 4, "active": 4, "industry": "주점", "vacancy_rate": 0.0, "vacancy_rate_lo": 0.0, "vacancy_rate_hi": 25.0, "stores": 3, "source": "stores+ledger", "capacity_method": "floor_ouln", "active_pip": 0, "licensed": 3, "com_floors": [1, 2, 3, 4], "occ_floors": [1, 2, 3], "unknown_n": 1, "id": "1144012100101130022-1", "pnu": "1144012100101130022", "floors": 4, "height": 16.62}}, {"type": "Feature", "geometry": {"type": "Polygon", "coordinates": [[[126.926258, 37.56116791], [126.92627045, 37.56116161], [126.92626955, 37.56116287], [126.92626864, 37.56116638], [126.9262692, 37.56116953], [126.92627158, 37.56117188], [126.92627372, 37.56117323], [126.92628199, 37.56117387], [126.92630143, 37.56120145], [126.92640367, 37.56116322], [126.92634886, 37.5610803], [126.92631081, 37.56109397], [126.92631387, 37.56109802], [126.9262354, 37.56113014], [126.926258, 37.56116791]]]}, "properties": {"name": "동교동 113-16", "status": "empty", "capacity": 3, "active": 0, "industry": "", "vacancy_rate": 100.0, "source": "polygon_only", "capacity_method": "floor_approx", "active_pip": 0, "licensed": 0, "id": "1144012100101130016-1", "pnu": "1144012100101130016", "floors": 3, "height": 9.1}}, {"type": "Feature", "geometry": {"type": "Polygon", "coordinates": [[[126.9248172, 37.5578953], [126.92475196, 37.5578311], [126.92468421, 37.55787038], [126.92474923, 37.55793206], [126.9248172, 37.5578953]]]}, "properties": {"name": "동교동 155-15", "status": "high", "capacity": 3, "active": 1, "industry": "섬유·의복·신발 소매", "vacancy_rate": 66.7, "vacancy_rate_lo": 66.7, "vacancy_rate_hi": 66.7, "stores": 1, "source": "stores+ledger", "capacity_method": "floor_ouln", "active_pip": 0, "licensed": 0, "com_floors": [1, 2, 4], "occ_floors": [4], "unknown_n": 0, "id": "1144012100101550015-1", "pnu": "1144012100101550015", "floors": 4, "height": 13.9}}, {"type": "Feature", "geometry": {"type": "Polygon", "coordinates": [[[126.9289435, 37.55851315], [126.92889357, 37.55852915], [126.92889673, 37.55853438], [126.9288493, 37.5585503], [126.92887404, 37.55859599], [126.92889136, 37.55859159], [126.92890888, 37.55861737], [126.92902062, 37.55857554], [126.92898108, 37.55850407], [126.92894655, 37.5585181], [126.9289435, 37.55851315]]]}, "properties": {"name": "좌측", "status": "full", "capacity": 2, "active": 2, "industry": "한식", "vacancy_rate": 0.0, "vacancy_rate_lo": 0.0, "vacancy_rate_hi": 0.0, "stores": 2, "source": "stores+ledger", "capacity_method": "floor_ouln", "active_pip": 0, "licensed": 1, "com_floors": [1, 2], "occ_floors": [1, 2], "unknown_n": 0, "id": "1141011600105060013-1", "pnu": "1141011600105060013", "floors": 4, "height": 0.0}}, {"type": "Feature", "geometry": {"type": "Polygon", "coordinates": [[[126.9277478, 37.55859333], [126.92763358, 37.55863453], [126.92770927, 37.55876918], [126.9278277, 37.55873087], [126.9277478, 37.55859333]]]}, "properties": {"name": "동교동로타리", "status": "full", "capacity": 3, "active": 3, "industry": "기타 간이", "vacancy_rate": 0.0, "vacancy_rate_lo": 0.0, "vacancy_rate_hi": 66.7, "stores": 4, "source": "stores+ledger", "capacity_method": "floor_ouln", "active_pip": 0, "licensed": 2, "com_floors": [1, 2, 3], "occ_floors": [1], "unknown_n": 2, "id": "1141011600105100005-1", "pnu": "1141011600105100005", "floors": 3, "height": 0.0}}, {"type": "Feature", "geometry": {"type": "Polygon", "coordinates": [[[126.9251241, 37.55996301], [126.92512953, 37.55996554], [126.92511333, 37.55998184], [126.9251286, 37.5599941], [126.92512169, 37.55999995], [126.92509269, 37.56002444], [126.92516021, 37.56007332], [126.9252054, 37.56003722], [126.92521287, 37.56004065], [126.92525659, 37.56000193], [126.92525388, 37.55999995], [126.92516148, 37.55993304], [126.9251241, 37.55996301]]]}, "properties": {"name": "동교동 148-14", "status": "full", "capacity": 4, "active": 4, "industry": "시계·귀금속 소매", "vacancy_rate": 0.0, "vacancy_rate_lo": 0.0, "vacancy_rate_hi": 50.0, "stores": 2, "source": "stores+ledger", "capacity_method": "floor_ouln", "active_pip": 0, "licensed": 1, "com_floors": [1, 2, 3, 4], "occ_floors": [2, 3], "unknown_n": 2, "id": "1144012100101480014-1", "pnu": "1144012100101480014", "floors": 4, "height": 13.32}}, {"type": "Feature", "geometry": {"type": "Polygon", "coordinates": [[[126.92718265, 37.56133318], [126.92715831, 37.56133641], [126.92709649, 37.56135583], [126.92716644, 37.56147084], [126.92725226, 37.56144198], [126.92724842, 37.56143405], [126.92734285, 37.56139906], [126.92729708, 37.56132271], [126.92719835, 37.56135986], [126.92718265, 37.56133318]]]}, "properties": {"name": "일광빌딩", "status": "full", "capacity": 4, "active": 4, "industry": "이용·미용", "vacancy_rate": 0.0, "vacancy_rate_lo": 0.0, "vacancy_rate_hi": 0.0, "stores": 7, "source": "stores+ledger", "capacity_method": "floor_ouln", "active_pip": 0, "licensed": 0, "com_floors": [1, 2, 3, 4], "occ_floors": [1, 2, 3, 4], "unknown_n": 0, "id": "1141011600104490000-1", "pnu": "1141011600104490000", "floors": 4, "height": 0.0}}, {"type": "Feature", "geometry": {"type": "Polygon", "coordinates": [[[126.92739804, 37.55909267], [126.92748363, 37.55905934], [126.92747574, 37.5590465], [126.92762351, 37.55898896], [126.927503, 37.55879553], [126.9272716, 37.55887666], [126.92739804, 37.55909267]]]}, "properties": {"name": "쓰리알유씨티아파트", "status": "high", "capacity": 35, "active": 10, "industry": "중식", "vacancy_rate": 71.4, "vacancy_rate_lo": null, "vacancy_rate_hi": null, "stores": 10, "source": "stores+ledger", "capacity_method": "expos_units", "active_pip": 0, "licensed": 0, "com_floors": null, "occ_floors": null, "unknown_n": null, "id": "1141011600105100002-1", "pnu": "1141011600105100002", "floors": 12, "height": 49.11}}, {"type": "Feature", "geometry": {"type": "Polygon", "coordinates": [[[126.92892993, 37.55862396], [126.92889347, 37.55863592], [126.92890409, 37.55865259], [126.92893896, 37.55863964], [126.92892993, 37.55862396]]]}, "properties": {"name": "좌측", "status": "full", "capacity": 2, "active": 2, "industry": "한식", "vacancy_rate": 0.0, "vacancy_rate_lo": 0.0, "vacancy_rate_hi": 0.0, "stores": 2, "source": "stores+ledger", "capacity_method": "floor_ouln", "active_pip": 0, "licensed": 1, "com_floors": [1, 2], "occ_floors": [1, 2], "unknown_n": 0, "id": "1141011600105060013-2", "pnu": "1141011600105060013", "floors": 0, "height": 0.0}}, {"type": "Feature", "geometry": {"type": "Polygon", "coordinates": [[[126.92943427, 37.55860119], [126.92941831, 37.55860516], [126.92942475, 37.55862002], [126.92939361, 37.55863162], [126.92942016, 37.55868336], [126.92944835, 37.55867644], [126.92945354, 37.55868401], [126.92957627, 37.55864597], [126.92952996, 37.5585489], [126.92942444, 37.55858164], [126.92943427, 37.55860119]]]}, "properties": {"name": "창천동 504-12", "status": "full", "capacity": 3, "active": 3, "industry": "이용·미용", "vacancy_rate": 0.0, "vacancy_rate_lo": 0.0, "vacancy_rate_hi": 66.7, "stores": 3, "source": "stores+ledger", "capacity_method": "floor_ouln", "active_pip": 0, "licensed": 0, "com_floors": [3, 4, 5], "occ_floors": [3], "unknown_n": 2, "id": "1141011600105040012-1", "pnu": "1141011600105040012", "floors": 2, "height": 7.8}}, {"type": "Feature", "geometry": {"type": "Polygon", "coordinates": [[[126.92697135, 37.56038827], [126.92702783, 37.56038271], [126.9270275, 37.56037758], [126.92710831, 37.5603724], [126.92710218, 37.56028374], [126.92696454, 37.56029105], [126.92697135, 37.56038827]]]}, "properties": {"name": "청운", "status": "high", "capacity": 8, "active": 1, "industry": "기타 교육", "vacancy_rate": 87.5, "vacancy_rate_lo": 87.5, "vacancy_rate_hi": 100.0, "stores": 1, "source": "stores+ledger", "capacity_method": "floor_ouln", "active_pip": 0, "licensed": 0, "com_floors": [1, 2, 3, 4, 5, 6, 7, 8], "occ_floors": [], "unknown_n": 1, "id": "1141011600104760000-1", "pnu": "1141011600104760000", "floors": 8, "height": 24.86}}, {"type": "Feature", "geometry": {"type": "Polygon", "coordinates": [[[126.92754134, 37.55879655], [126.92767852, 37.55874099], [126.92760899, 37.55863218], [126.92747179, 37.55868774], [126.92754134, 37.55879655]]]}, "properties": {"name": "창천동 510-4", "status": "full", "capacity": 3, "active": 3, "industry": "종합 소매", "vacancy_rate": 0.0, "vacancy_rate_lo": 0.0, "vacancy_rate_hi": 66.7, "stores": 1, "source": "stores+ledger", "capacity_method": "floor_ouln", "active_pip": 0, "licensed": 1, "com_floors": [1, 2, 3], "occ_floors": [3], "unknown_n": 2, "id": "1141011600105100004-1", "pnu": "1141011600105100004", "floors": 4, "height": 0.0}}, {"type": "Feature", "geometry": {"type": "Polygon", "coordinates": [[[126.92836556, 37.55880292], [126.92844021, 37.55873314], [126.92837088, 37.55868192], [126.928284, 37.55875998], [126.92834813, 37.55880327], [126.92836556, 37.55880292]]]}, "properties": {"name": "창천동 508-5", "status": "full", "capacity": 1, "active": 1, "industry": "한식", "vacancy_rate": 0.0, "vacancy_rate_lo": 0.0, "vacancy_rate_hi": 0.0, "stores": 1, "source": "stores+ledger", "capacity_method": "floor_ouln", "active_pip": 0, "licensed": 1, "com_floors": [1], "occ_floors": [1], "unknown_n": 0, "id": "1141011600105080005-1", "pnu": "1141011600105080005", "floors": 3, "height": 0.0}}, {"type": "Feature", "geometry": {"type": "Polygon", "coordinates": [[[126.92955644, 37.55806491], [126.92949248, 37.5579536], [126.92936965, 37.55799902], [126.92940523, 37.55806941], [126.92946077, 37.55810422], [126.92955644, 37.55806491]]]}, "properties": {"name": "창천동 503-10", "status": "high", "capacity": 3, "active": 1, "industry": "유원지·오락", "vacancy_rate": 66.7, "vacancy_rate_lo": 66.7, "vacancy_rate_hi": 66.7, "stores": 1, "source": "stores+ledger", "capacity_method": "floor_ouln", "active_pip": 0, "licensed": 0, "com_floors": [1, 2, 3], "occ_floors": [3], "unknown_n": 0, "id": "1141011600105030010-1", "pnu": "1141011600105030010", "floors": 3, "height": 0.0}}, {"type": "Feature", "geometry": {"type": "Polygon", "coordinates": [[[126.929127, 37.55835189], [126.92909118, 37.5582879], [126.92897899, 37.5583263], [126.92904102, 37.55843248], [126.92905301, 37.5584369], [126.92908324, 37.55842548], [126.92910087, 37.55845612], [126.92915499, 37.55843597], [126.92910787, 37.55835791], [126.929127, 37.55835189]]]}, "properties": {"name": "창천동 503-16", "status": "partial", "capacity": 2, "active": 1, "industry": "기타 교육", "vacancy_rate": 50.0, "vacancy_rate_lo": 50.0, "vacancy_rate_hi": 50.0, "stores": 3, "source": "stores+ledger", "capacity_method": "floor_ouln", "active_pip": 0, "licensed": 1, "com_floors": [1, 3], "occ_floors": [1], "unknown_n": 0, "id": "1141011600105030016-1", "pnu": "1141011600105030016", "floors": 3, "height": 0.0}}, {"type": "Feature", "geometry": {"type": "Polygon", "coordinates": [[[126.92684735, 37.56079126], [126.92695111, 37.56077644], [126.92692346, 37.5605197], [126.92681752, 37.56052486], [126.92682759, 37.56063731], [126.92683257, 37.56063767], [126.92684735, 37.56079126]]]}, "properties": {"name": "창천동 495", "status": "full", "capacity": 2, "active": 2, "industry": "이용·미용", "vacancy_rate": 0.0, "vacancy_rate_lo": 0.0, "vacancy_rate_hi": 0.0, "stores": 4, "source": "stores+ledger", "capacity_method": "floor_ouln", "active_pip": 0, "licensed": 0, "com_floors": [1, 2], "occ_floors": [1, 2], "unknown_n": 0, "id": "1141011600104950000-1", "pnu": "1141011600104950000", "floors": 2, "height": 0.0}}, {"type": "Feature", "geometry": {"type": "Polygon", "coordinates": [[[126.92882539, 37.55991766], [126.92891571, 37.55991565], [126.92891603, 37.55992465], [126.92897478, 37.55992333], [126.9289739, 37.55989815], [126.92898181, 37.55989797], [126.92898041, 37.55985839], [126.92896912, 37.55985864], [126.92896817, 37.55983165], [126.92890827, 37.55983299], [126.92890863, 37.55984289], [126.92882274, 37.5598448], [126.92882539, 37.55991766]]]}, "properties": {"name": "창천동 340", "status": "empty", "capacity": 5, "active": 0, "industry": "", "vacancy_rate": 100.0, "source": "polygon_only", "capacity_method": "floor_approx", "active_pip": 0, "licensed": 0, "id": "1141011600103400000-1", "pnu": "1141011600103400000", "floors": 5, "height": 13.1}}, {"type": "Feature", "geometry": {"type": "Polygon", "coordinates": [[[126.92481327, 37.55887954], [126.92476689, 37.55885573], [126.9247321, 37.55889877], [126.92475336, 37.55891401], [126.92475053, 37.55891653], [126.92475053, 37.55891662], [126.9247418, 37.55892689], [126.92480877, 37.55896252], [126.92485693, 37.5589048], [126.92481168, 37.55888162], [126.92481327, 37.55887954]]]}, "properties": {"name": "코너쪽", "status": "full", "capacity": 1, "active": 1, "industry": "이용·미용", "vacancy_rate": 0.0, "vacancy_rate_lo": 0.0, "vacancy_rate_hi": 0.0, "stores": 1, "source": "stores+ledger", "capacity_method": "floor_ouln", "active_pip": 0, "licensed": 0, "com_floors": [1], "occ_floors": [1], "unknown_n": 0, "id": "1144012100101540030-1", "pnu": "1144012100101540030", "floors": 4, "height": 12.0}}, {"type": "Feature", "geometry": {"type": "Polygon", "coordinates": [[[126.926437, 37.56041415], [126.9263692, 37.56042627], [126.92641517, 37.56051371], [126.92646317, 37.56050437], [126.926437, 37.56041415]]]}, "properties": {"name": "동교동 113-101", "status": "full", "capacity": 1, "active": 1, "industry": "서양식", "vacancy_rate": 0.0, "vacancy_rate_lo": 0.0, "vacancy_rate_hi": 0.0, "stores": 1, "source": "stores+ledger", "capacity_method": "floor_ouln", "active_pip": 0, "licensed": 1, "com_floors": [1], "occ_floors": [1], "unknown_n": 0, "id": "1144012100101130101-1", "pnu": "1144012100101130101", "floors": 1, "height": 0.0}}, {"type": "Feature", "geometry": {"type": "Polygon", "coordinates": [[[126.92568378, 37.55927123], [126.92578738, 37.55922813], [126.92572817, 37.55913808], [126.92567213, 37.55915958], [126.92567857, 37.55916976], [126.92563214, 37.55918964], [126.92568378, 37.55927123]]]}, "properties": {"name": "좌측호", "status": "full", "capacity": 2, "active": 2, "industry": "기타 간이", "vacancy_rate": 0.0, "vacancy_rate_lo": 0.0, "vacancy_rate_hi": 0.0, "stores": 4, "source": "stores+ledger", "capacity_method": "floor_ouln", "active_pip": 0, "licensed": 4, "com_floors": [1, 2], "occ_floors": [1, 2], "unknown_n": 0, "id": "1144012100101470050-1", "pnu": "1144012100101470050", "floors": 2, "height": 0.0}}, {"type": "Feature", "geometry": {"type": "Polygon", "coordinates": [[[126.92563262, 37.5592738], [126.92553514, 37.55931086], [126.92557729, 37.55937549], [126.92567387, 37.55933833], [126.92563262, 37.5592738]]]}, "properties": {"name": "동교동 147-59", "status": "full", "capacity": 3, "active": 3, "industry": "기타 간이", "vacancy_rate": 0.0, "vacancy_rate_lo": 0.0, "vacancy_rate_hi": 0.0, "stores": 4, "source": "stores+ledger", "capacity_method": "floor_ouln", "active_pip": 0, "licensed": 2, "com_floors": [1, 2, 4], "occ_floors": [1, 2, 4], "unknown_n": 0, "id": "1144012100101470059-1", "pnu": "1144012100101470059", "floors": 4, "height": 12.1}}, {"type": "Feature", "geometry": {"type": "Polygon", "coordinates": [[[126.92816659, 37.55762636], [126.92804556, 37.55767234], [126.92808263, 37.55772893], [126.92820264, 37.5576836], [126.92816659, 37.55762636]]]}, "properties": {"name": "동교동 175-19", "status": "full", "capacity": 1, "active": 1, "industry": "비알코올 ", "vacancy_rate": 0.0, "vacancy_rate_lo": 0.0, "vacancy_rate_hi": 0.0, "stores": 1, "source": "stores+ledger", "capacity_method": "floor_ouln", "active_pip": 0, "licensed": 1, "com_floors": [1], "occ_floors": [1], "unknown_n": 0, "id": "1144012100101750019-1", "pnu": "1144012100101750019", "floors": 4, "height": 12.0}}, {"type": "Feature", "geometry": {"type": "Polygon", "coordinates": [[[126.92527636, 37.55959054], [126.92524961, 37.55962531], [126.92521885, 37.5596097], [126.92519663, 37.55963545], [126.92518577, 37.55963103], [126.92513862, 37.55969479], [126.92526182, 37.55975606], [126.92536074, 37.55963286], [126.92527636, 37.55959054]]]}, "properties": {"name": "동교동 148-7", "status": "partial", "capacity": 2, "active": 1, "industry": "비알코올 ", "vacancy_rate": 50.0, "vacancy_rate_lo": 50.0, "vacancy_rate_hi": 100.0, "stores": 1, "source": "stores+ledger", "capacity_method": "floor_ouln", "active_pip": 0, "licensed": 0, "com_floors": [1, 2], "occ_floors": [], "unknown_n": 1, "id": "1144012100101480007-1", "pnu": "1144012100101480007", "floors": 3, "height": 0.0}}, {"type": "Feature", "geometry": {"type": "Polygon", "coordinates": [[[126.92533187, 37.55920036], [126.92534183, 37.55919776], [126.92535358, 37.55921831], [126.92544643, 37.55917989], [126.92540349, 37.55911599], [126.92536578, 37.55913137], [126.92537313, 37.5591439], [126.92531244, 37.55916891], [126.92533187, 37.55920036]]]}, "properties": {"name": "동교동 147-19", "status": "full", "capacity": 1, "active": 1, "industry": "한식", "vacancy_rate": 0.0, "vacancy_rate_lo": 0.0, "vacancy_rate_hi": 0.0, "stores": 1, "source": "stores+ledger", "capacity_method": "floor_ouln", "active_pip": 0, "licensed": 1, "com_floors": [1], "occ_floors": [1], "unknown_n": 0, "id": "1144012100101470019-1", "pnu": "1144012100101470019", "floors": 1, "height": 0.0}}, {"type": "Feature", "geometry": {"type": "Polygon", "coordinates": [[[126.92651184, 37.56061882], [126.92650974, 37.56055981], [126.92649924, 37.56053727], [126.92636033, 37.56057287], [126.92639444, 37.56064856], [126.92651184, 37.56061882]]]}, "properties": {"name": "동교동 113-82", "status": "full", "capacity": 2, "active": 2, "industry": "기타 간이", "vacancy_rate": 0.0, "vacancy_rate_lo": 0.0, "vacancy_rate_hi": 0.0, "stores": 1, "source": "stores+ledger", "capacity_method": "floor_ouln", "active_pip": 0, "licensed": 1, "com_floors": [1, 2], "occ_floors": [1, 2], "unknown_n": 0, "id": "1144012100101130082-1", "pnu": "1144012100101130082", "floors": 5, "height": 16.7}}, {"type": "Feature", "geometry": {"type": "Polygon", "coordinates": [[[126.92642817, 37.56110999], [126.92641775, 37.56111449], [126.9264269, 37.56112954], [126.92642203, 37.56113179], [126.92642938, 37.56114261], [126.92642474, 37.56114495], [126.92645446, 37.56119254], [126.92653213, 37.56116087], [126.92647269, 37.56106974], [126.92656112, 37.56103205], [126.92654191, 37.56100095], [126.92653704, 37.56100275], [126.92641352, 37.56081482], [126.92634523, 37.56084496], [126.92633868, 37.56083441], [126.92631162, 37.56084575], [126.92630348, 37.56083277], [126.92624756, 37.56085589], [126.92626868, 37.56088951], [126.92627809, 37.560886], [126.92628814, 37.56090412], [126.9262758, 37.56091014], [126.92629377, 37.56093989], [126.9262889, 37.56094268], [126.92632619, 37.56100181], [126.92634566, 37.56099398], [126.9264138, 37.5611044], [126.92642218, 37.56110017], [126.92642817, 37.56110999]]]}, "properties": {"name": "미래오피스텔", "status": "full", "capacity": 4, "active": 4, "industry": "기타 보건", "vacancy_rate": 0.0, "vacancy_rate_lo": 0.0, "vacancy_rate_hi": 0.0, "stores": 8, "source": "stores+ledger", "capacity_method": "floor_ouln", "active_pip": 0, "licensed": 3, "com_floors": [1, 2, 3, 4], "occ_floors": [1, 2, 3, 4], "unknown_n": 0, "id": "1144012100101130007-1", "pnu": "1144012100101130007", "floors": 5, "height": 15.25}}, {"type": "Feature", "geometry": {"type": "Polygon", "coordinates": [[[126.92618893, 37.56004495], [126.92618894, 37.56004081], [126.92616958, 37.56004169], [126.92616947, 37.56004557], [126.92616946, 37.56004656], [126.9261569, 37.56004701], [126.92616014, 37.56009151], [126.92625386, 37.56008779], [126.92625232, 37.56004094], [126.92620026, 37.56003937], [126.92620025, 37.5600446], [126.92618893, 37.56004495]]]}, "properties": {"name": "한국특허정보원빌딩", "status": "full", "capacity": 4, "active": 4, "industry": "교육 지원", "vacancy_rate": 0.0, "vacancy_rate_lo": 0.0, "vacancy_rate_hi": 0.0, "stores": 18, "source": "stores+ledger", "capacity_method": "floor_ouln", "active_pip": 0, "licensed": 1, "com_floors": [1, 2, 5, 6], "occ_floors": [1, 2, 5, 6], "unknown_n": 0, "id": "1144012100101460008-2", "pnu": "1144012100101460008", "floors": 0, "height": 0.0}}, {"type": "Feature", "geometry": {"type": "Polygon", "coordinates": [[[126.92766731, 37.55802997], [126.92769448, 37.55802017], [126.92769133, 37.55801233], [126.92774387, 37.55799227], [126.9277129, 37.55793684], [126.92763313, 37.55796773], [126.92766731, 37.55802997]]]}, "properties": {"name": "동교동외", "status": "partial", "capacity": 6, "active": 3, "industry": "의원", "vacancy_rate": 50.0, "vacancy_rate_lo": 50.0, "vacancy_rate_hi": 66.7, "stores": 3, "source": "stores+ledger", "capacity_method": "floor_ouln", "active_pip": 0, "licensed": 0, "com_floors": [1, 3, 4, 5, 6, 7], "occ_floors": [3, 6], "unknown_n": 1, "id": "1144012100101740011-1", "pnu": "1144012100101740011", "floors": 0, "height": 0.0}}, {"type": "Feature", "geometry": {"type": "Polygon", "coordinates": [[[126.92451122, 37.55797237], [126.92457778, 37.55802687], [126.92466186, 37.55798174], [126.92460947, 37.55791989], [126.92451122, 37.55797237]]]}, "properties": {"name": "동교동 155-17", "status": "high", "capacity": 8, "active": 1, "industry": "", "vacancy_rate": 87.5, "source": "pip_only", "capacity_method": "floor_approx", "active_pip": 0, "licensed": 1, "id": "1144012100101550017-1", "pnu": "1144012100101550017", "floors": 8, "height": 30.0}}, {"type": "Feature", "geometry": {"type": "Polygon", "coordinates": [[[126.92465484, 37.55938457], [126.92467946, 37.55935999], [126.92467105, 37.55935197], [126.92471124, 37.55932032], [126.92465803, 37.55928902], [126.92467597, 37.55927402], [126.92469438, 37.5592864], [126.92476431, 37.55922682], [126.92476444, 37.55921011], [126.92473321, 37.55918645], [126.92465339, 37.55925533], [126.9246404, 37.55924331], [126.924554, 37.55931165], [126.92465484, 37.55938457]]]}, "properties": {"name": "동교동 153-32", "status": "partial", "capacity": 2, "active": 1, "industry": "", "vacancy_rate": 50.0, "source": "pip_only", "capacity_method": "floor_approx", "active_pip": 0, "licensed": 1, "id": "1144012100101530032-1", "pnu": "1144012100101530032", "floors": 2, "height": 9.0}}, {"type": "Feature", "geometry": {"type": "Polygon", "coordinates": [[[126.92647755, 37.56083773], [126.92650039, 37.5608747], [126.9265356, 37.56086355], [126.92651374, 37.56075343], [126.9264465, 37.56077285], [126.92647755, 37.56083773]]]}, "properties": {"name": "동교동 113-88", "status": "full", "capacity": 3, "active": 3, "industry": "이용·미용", "vacancy_rate": 0.0, "vacancy_rate_lo": 0.0, "vacancy_rate_hi": 0.0, "stores": 3, "source": "stores+ledger", "capacity_method": "floor_ouln", "active_pip": 0, "licensed": 0, "com_floors": [1, 3, 4], "occ_floors": [1, 3, 4], "unknown_n": 0, "id": "1144012100101130088-1", "pnu": "1144012100101130088", "floors": 7, "height": 24.49}}, {"type": "Feature", "geometry": {"type": "Polygon", "coordinates": [[[126.92553825, 37.56039693], [126.92550745, 37.56040736], [126.92550214, 37.56040213], [126.9254684, 37.56041418], [126.92546128, 37.56040589], [126.92542301, 37.56042091], [126.92546379, 37.5604886], [126.92556366, 37.56044911], [126.92557285, 37.56042983], [126.92555884, 37.56040523], [126.92553825, 37.56039693]]]}, "properties": {"name": "연남동 381-24", "status": "partial", "capacity": 2, "active": 1, "industry": "섬유·의복·신발 소매", "vacancy_rate": 50.0, "vacancy_rate_lo": 50.0, "vacancy_rate_hi": 100.0, "stores": 1, "source": "stores+ledger", "capacity_method": "floor_ouln", "active_pip": 0, "licensed": 0, "com_floors": [1, 2], "occ_floors": [], "unknown_n": 1, "id": "1144012400103810024-1", "pnu": "1144012400103810024", "floors": 4, "height": 10.7}}, {"type": "Feature", "geometry": {"type": "Polygon", "coordinates": [[[126.92528128, 37.55704478], [126.92534321, 37.55691247], [126.92526676, 37.55684376], [126.92520484, 37.55698085], [126.92522883, 37.5569879], [126.9252175, 37.55700077], [126.92528128, 37.55704478]]]}, "properties": {"name": "동교동 168-3", "status": "full", "capacity": 4, "active": 4, "industry": "오락용품 소매", "vacancy_rate": 0.0, "vacancy_rate_lo": 0.0, "vacancy_rate_hi": 25.0, "stores": 1, "source": "stores+ledger", "capacity_method": "floor_ouln", "active_pip": 0, "licensed": 1, "com_floors": [1, 2, 3, 4], "occ_floors": [1, 2, 4], "unknown_n": 1, "id": "1144012100101680003-1", "pnu": "1144012100101680003", "floors": 5, "height": 17.58}}, {"type": "Feature", "geometry": {"type": "Polygon", "coordinates": [[[126.92480399, 37.55684364], [126.92480003, 37.55684328], [126.92479403, 37.55684346], [126.92467849, 37.55694439], [126.92476761, 37.55701202], [126.92477111, 37.55701374], [126.92477293, 37.55701418], [126.92477484, 37.55701446], [126.92477916, 37.55701419], [126.9247838, 37.55701257], [126.9248846, 37.55692424], [126.92486142, 37.55690631], [126.92486856, 37.55690045], [126.92486823, 37.55690036], [126.92486959, 37.5568964], [126.92486936, 37.55689153], [126.92486845, 37.55688901], [126.92480659, 37.55684491], [126.92480399, 37.55684364]]]}, "properties": {"name": "연희빌딩", "status": "full", "capacity": 2, "active": 2, "industry": "서양식", "vacancy_rate": 0.0, "vacancy_rate_lo": 0.0, "vacancy_rate_hi": 0.0, "stores": 3, "source": "stores+ledger", "capacity_method": "floor_ouln", "active_pip": 0, "licensed": 1, "com_floors": [1, 2], "occ_floors": [1, 2], "unknown_n": 0, "id": "1144012100101660010-3", "pnu": "1144012100101660010", "floors": 4, "height": 13.2}}, {"type": "Feature", "geometry": {"type": "Polygon", "coordinates": [[[126.92547373, 37.55738301], [126.92545732, 37.55739332], [126.92556534, 37.55748631], [126.92558987, 37.55747104], [126.92547373, 37.55738301]]]}, "properties": {"name": "동", "status": "full", "capacity": 3, "active": 3, "industry": "담배 소매", "vacancy_rate": 0.0, "vacancy_rate_lo": 0.0, "vacancy_rate_hi": 0.0, "stores": 4, "source": "stores+ledger", "capacity_method": "floor_ouln", "active_pip": 0, "licensed": 3, "com_floors": [1, 2, 3], "occ_floors": [1, 2, 3], "unknown_n": 0, "id": "1144012100101660005-2", "pnu": "1144012100101660005", "floors": 0, "height": 0.0}}, {"type": "Feature", "geometry": {"type": "Polygon", "coordinates": [[[126.92994934, 37.55702728], [126.92994947, 37.55701079], [126.92984818, 37.55700451], [126.9298564, 37.55693136], [126.92977956, 37.55692537], [126.92975912, 37.55711907], [126.92977722, 37.55712188], [126.92977699, 37.55712891], [126.92991483, 37.55713826], [126.92991597, 37.55713088], [126.92994007, 37.55713224], [126.92994269, 37.55711557], [126.92995152, 37.55711585], [126.92995885, 37.55702774], [126.92994934, 37.55702728]]]}, "properties": {"name": "동교동 178-1", "status": "empty", "capacity": 2, "active": 0, "industry": "", "vacancy_rate": 100.0, "source": "polygon_only", "capacity_method": "floor_approx", "active_pip": 0, "licensed": 0, "id": "1144012100101780001-1", "pnu": "1144012100101780001", "floors": 2, "height": 10.2}}, {"type": "Feature", "geometry": {"type": "Polygon", "coordinates": [[[126.92821077, 37.55710896], [126.92813013, 37.55714286], [126.92819953, 37.55724747], [126.92824868, 37.55722681], [126.92825989, 37.55719067], [126.92822046, 37.55713124], [126.92822443, 37.55712957], [126.92821077, 37.55710896]]]}, "properties": {"name": "동교동 176-1", "status": "partial", "capacity": 4, "active": 3, "industry": "기타 교육", "vacancy_rate": 25.0, "vacancy_rate_lo": 25.0, "vacancy_rate_hi": 25.0, "stores": 3, "source": "stores+ledger", "capacity_method": "floor_ouln", "active_pip": 0, "licensed": 1, "com_floors": [1, 2, 3, 5], "occ_floors": [1, 3, 5], "unknown_n": 0, "id": "1144012100101760001-1", "pnu": "1144012100101760001", "floors": 6, "height": 22.1}}, {"type": "Feature", "geometry": {"type": "Polygon", "coordinates": [[[126.9298621, 37.5572552], [126.92990198, 37.55724081], [126.92994199, 37.55730452], [126.9298837, 37.55732557], [126.92987996, 37.557319], [126.92976942, 37.55735692], [126.92977408, 37.55736513], [126.92976207, 37.55736947], [126.92970459, 37.55726952], [126.92969103, 37.55727442], [126.92973376, 37.55738315], [126.92976267, 37.55737271], [126.92977599, 37.5573961], [126.92997654, 37.55732251], [126.92995849, 37.55722016], [126.92993226, 37.55720819], [126.92983524, 37.55723037], [126.9298621, 37.5572552]]]}, "properties": {"name": "동교동 179-10", "status": "empty", "capacity": 1, "active": 0, "industry": "", "vacancy_rate": 100.0, "source": "polygon_only", "capacity_method": "floor_approx", "active_pip": 0, "licensed": 0, "id": "1144012100101790010-1", "pnu": "1144012100101790010", "floors": 0, "height": 0.9}}, {"type": "Feature", "geometry": {"type": "Polygon", "coordinates": [[[126.92534404, 37.5569859], [126.92532895, 37.55702229], [126.92535113, 37.55702816], [126.92534193, 37.55705302], [126.92536038, 37.55705772], [126.92534767, 37.55709294], [126.92539564, 37.5571045], [126.92542627, 37.55703325], [126.92541971, 37.55703099], [126.92542697, 37.55700739], [126.92534404, 37.5569859]]]}, "properties": {"name": "동교동 168-6", "status": "full", "capacity": 1, "active": 1, "industry": "한식", "vacancy_rate": 0.0, "vacancy_rate_lo": 0.0, "vacancy_rate_hi": 0.0, "stores": 1, "source": "stores+ledger", "capacity_method": "floor_ouln", "active_pip": 0, "licensed": 1, "com_floors": [1], "occ_floors": [1], "unknown_n": 0, "id": "1144012100101680006-1", "pnu": "1144012100101680006", "floors": 1, "height": 0.0}}, {"type": "Feature", "geometry": {"type": "Polygon", "coordinates": [[[126.9266824, 37.55703863], [126.92664065, 37.55702726], [126.92659958, 37.55701579], [126.92659345, 37.55703371], [126.92658395, 37.55703109], [126.92656104, 37.5570818], [126.92665348, 37.55710664], [126.9266824, 37.55703863]]]}, "properties": {"name": "동교동 170-32", "status": "full", "capacity": 2, "active": 2, "industry": "기타 교육", "vacancy_rate": 0.0, "vacancy_rate_lo": 0.0, "vacancy_rate_hi": 0.0, "stores": 3, "source": "stores+ledger", "capacity_method": "floor_ouln", "active_pip": 0, "licensed": 1, "com_floors": [1, 4], "occ_floors": [1, 4], "unknown_n": 0, "id": "1144012100101700032-1", "pnu": "1144012100101700032", "floors": 5, "height": 13.6}}, {"type": "Feature", "geometry": {"type": "Polygon", "coordinates": [[[126.92486504, 37.56097007], [126.92485991, 37.56088393], [126.9247422, 37.56088836], [126.92474732, 37.5609745], [126.92486504, 37.56097007]]]}, "properties": {"name": "연남동 260-45", "status": "full", "capacity": 2, "active": 2, "industry": "한식", "vacancy_rate": 0.0, "vacancy_rate_lo": 0.0, "vacancy_rate_hi": 0.0, "stores": 4, "source": "stores+ledger", "capacity_method": "floor_ouln", "active_pip": 0, "licensed": 3, "com_floors": [1, 2], "occ_floors": [1, 2], "unknown_n": 0, "id": "1144012400102600045-1", "pnu": "1144012400102600045", "floors": 3, "height": 9.1}}, {"type": "Feature", "geometry": {"type": "Polygon", "coordinates": [[[126.92497855, 37.56109367], [126.92496935, 37.56101996], [126.92493618, 37.56102256], [126.92493405, 37.56100634], [126.92488719, 37.56101009], [126.92489841, 37.56110002], [126.92497855, 37.56109367]]]}, "properties": {"name": "연남동 260-38", "status": "full", "capacity": 2, "active": 2, "industry": "한식", "vacancy_rate": 0.0, "vacancy_rate_lo": 0.0, "vacancy_rate_hi": 0.0, "stores": 2, "source": "stores+ledger", "capacity_method": "floor_ouln", "active_pip": 0, "licensed": 2, "com_floors": [1, 2], "occ_floors": [1, 2], "unknown_n": 0, "id": "1144012400102600038-1", "pnu": "1144012400102600038", "floors": 2, "height": 0.0}}, {"type": "Feature", "geometry": {"type": "Polygon", "coordinates": [[[126.92452279, 37.56132673], [126.92454879, 37.56132569], [126.92454828, 37.56131759], [126.92462346, 37.56131458], [126.92461876, 37.56124034], [126.92451759, 37.56124439], [126.92452279, 37.56132673]]]}, "properties": {"name": "전체", "status": "full", "capacity": 2, "active": 2, "industry": "일식", "vacancy_rate": 0.0, "vacancy_rate_lo": 0.0, "vacancy_rate_hi": 0.0, "stores": 3, "source": "stores+ledger", "capacity_method": "floor_ouln", "active_pip": 0, "licensed": 3, "com_floors": [1, 2], "occ_floors": [1, 2], "unknown_n": 0, "id": "1144012400102600025-1", "pnu": "1144012400102600025", "floors": 3, "height": 11.285}}, {"type": "Feature", "geometry": {"type": "Polygon", "coordinates": [[[126.9246211, 37.56156587], [126.92475087, 37.56155792], [126.92474384, 37.56148515], [126.92461406, 37.5614931], [126.9246211, 37.56156587]]]}, "properties": {"name": "연남동 260-14", "status": "full", "capacity": 4, "active": 4, "industry": "주점", "vacancy_rate": 0.0, "vacancy_rate_lo": 0.0, "vacancy_rate_hi": 0.0, "stores": 3, "source": "stores+ledger", "capacity_method": "floor_ouln", "active_pip": 0, "licensed": 2, "com_floors": [1, 2, 3, 4], "occ_floors": [1, 2, 3, 4], "unknown_n": 0, "id": "1144012400102600014-1", "pnu": "1144012400102600014", "floors": 4, "height": 13.1}}, {"type": "Feature", "geometry": {"type": "Polygon", "coordinates": [[[126.92464811, 37.56070837], [126.92466206, 37.56067396], [126.92470215, 37.56065543], [126.92466842, 37.56060589], [126.92463493, 37.56061898], [126.9246371, 37.56062245], [126.92457845, 37.56064445], [126.9246014, 37.56067726], [126.92460887, 37.56067402], [126.92461079, 37.56067681], [126.92461113, 37.56067808], [126.92463395, 37.56071404], [126.92464811, 37.56070837]]]}, "properties": {"name": "일부", "status": "full", "capacity": 2, "active": 2, "industry": "주점", "vacancy_rate": 0.0, "vacancy_rate_lo": 0.0, "vacancy_rate_hi": 0.0, "stores": 3, "source": "stores+ledger", "capacity_method": "floor_ouln", "active_pip": 0, "licensed": 3, "com_floors": [1, 2], "occ_floors": [1, 2], "unknown_n": 0, "id": "1144012100101490002-1", "pnu": "1144012100101490002", "floors": 2, "height": 7.0}}, {"type": "Feature", "geometry": {"type": "Polygon", "coordinates": [[[126.92595299, 37.56149172], [126.92601927, 37.56142274], [126.92591566, 37.56136222], [126.92583759, 37.56144425], [126.92589494, 37.56147762], [126.92590638, 37.56146673], [126.92595299, 37.56149172]]]}, "properties": {"name": "연남동 390-41", "status": "full", "capacity": 1, "active": 1, "industry": "한식", "vacancy_rate": 0.0, "vacancy_rate_lo": 0.0, "vacancy_rate_hi": 0.0, "stores": 2, "source": "stores+ledger", "capacity_method": "floor_ouln", "active_pip": 0, "licensed": 2, "com_floors": [1], "occ_floors": [1], "unknown_n": 0, "id": "1144012400103900041-1", "pnu": "1144012400103900041", "floors": 3, "height": 9.8}}, {"type": "Feature", "geometry": {"type": "Polygon", "coordinates": [[[126.92616531, 37.56149374], [126.92612772, 37.56152652], [126.92612861, 37.5615312], [126.9260936, 37.5615665], [126.92611871, 37.5615812], [126.92610919, 37.56159327], [126.9261756, 37.56163034], [126.92621661, 37.56159135], [126.92622159, 37.56159397], [126.92626294, 37.56155372], [126.92616531, 37.56149374]]]}, "properties": {"name": "연남동 390-39", "status": "full", "capacity": 3, "active": 3, "industry": "주점", "vacancy_rate": 0.0, "vacancy_rate_lo": 0.0, "vacancy_rate_hi": 0.0, "stores": 4, "source": "stores+ledger", "capacity_method": "floor_ouln", "active_pip": 0, "licensed": 3, "com_floors": [1, 2, 3], "occ_floors": [1, 2, 3], "unknown_n": 0, "id": "1144012400103900039-1", "pnu": "1144012400103900039", "floors": 5, "height": 15.85}}, {"type": "Feature", "geometry": {"type": "Polygon", "coordinates": [[[126.92571853, 37.56120496], [126.92572788, 37.56115037], [126.92559807, 37.56113785], [126.92558953, 37.56118109], [126.92559338, 37.56118127], [126.92558826, 37.56121596], [126.92562956, 37.56122112], [126.92562945, 37.56122067], [126.92569305, 37.56122612], [126.92569905, 37.5612254], [126.92570732, 37.56121991], [126.92570981, 37.56121658], [126.92571175, 37.56120748], [126.92571186, 37.56120514], [126.92571853, 37.56120496]]]}, "properties": {"name": "연남동 382-16", "status": "full", "capacity": 4, "active": 4, "industry": "일반 숙박", "vacancy_rate": 0.0, "vacancy_rate_lo": 0.0, "vacancy_rate_hi": 25.0, "stores": 3, "source": "stores+ledger", "capacity_method": "floor_ouln", "active_pip": 0, "licensed": 2, "com_floors": [1, 2, 3, 4], "occ_floors": [1, 2, 4], "unknown_n": 1, "id": "1144012400103820016-1", "pnu": "1144012400103820016", "floors": 4, "height": 12.3}}, {"type": "Feature", "geometry": {"type": "Polygon", "coordinates": [[[126.92560279, 37.56108593], [126.92572683, 37.56110181], [126.92574243, 37.56102972], [126.925614, 37.5610126], [126.92560279, 37.56108593]]]}, "properties": {"name": "좌측", "status": "full", "capacity": 2, "active": 2, "industry": "일식", "vacancy_rate": 0.0, "vacancy_rate_lo": 0.0, "vacancy_rate_hi": 0.0, "stores": 3, "source": "stores+ledger", "capacity_method": "floor_ouln", "active_pip": 0, "licensed": 2, "com_floors": [1, 3], "occ_floors": [1, 3], "unknown_n": 0, "id": "1144012400103820019-1", "pnu": "1144012400103820019", "floors": 4, "height": 11.9}}, {"type": "Feature", "geometry": {"type": "Polygon", "coordinates": [[[126.92554605, 37.56096834], [126.92554571, 37.56097582], [126.92560478, 37.56098126], [126.9256479, 37.5609848], [126.92565601, 37.56091093], [126.92562002, 37.56090703], [126.92551744, 37.56095174], [126.92551618, 37.56096652], [126.92554356, 37.56096807], [126.92554605, 37.56096834]]]}, "properties": {"name": "세모하우스", "status": "full", "capacity": 2, "active": 2, "industry": "이용·미용", "vacancy_rate": 0.0, "vacancy_rate_lo": 0.0, "vacancy_rate_hi": 0.0, "stores": 2, "source": "stores+ledger", "capacity_method": "floor_ouln", "active_pip": 0, "licensed": 2, "com_floors": [1, 2], "occ_floors": [1, 2], "unknown_n": 0, "id": "1144012400103820022-1", "pnu": "1144012400103820022", "floors": 3, "height": 9.925}}, {"type": "Feature", "geometry": {"type": "Polygon", "coordinates": [[[126.92629226, 37.56097782], [126.92623791, 37.56099923], [126.92625079, 37.56102068], [126.92620482, 37.56103957], [126.9262081, 37.56104471], [126.92617016, 37.5610618], [126.92621808, 37.56112905], [126.92635668, 37.56106976], [126.92630876, 37.56100098], [126.92629226, 37.56097782]]]}, "properties": {"name": "미래오피스텔", "status": "full", "capacity": 4, "active": 4, "industry": "기타 보건", "vacancy_rate": 0.0, "vacancy_rate_lo": 0.0, "vacancy_rate_hi": 0.0, "stores": 8, "source": "stores+ledger", "capacity_method": "floor_ouln", "active_pip": 0, "licensed": 3, "com_floors": [1, 2, 3, 4], "occ_floors": [1, 2, 3, 4], "unknown_n": 0, "id": "1144012100101130007-2", "pnu": "1144012100101130007", "floors": 3, "height": 0.0}}, {"type": "Feature", "geometry": {"type": "Polygon", "coordinates": [[[126.92540632, 37.56125387], [126.92539447, 37.56134487], [126.92551523, 37.5613544], [126.92552947, 37.5612653], [126.92540632, 37.56125387]]]}, "properties": {"name": "연남동 382-12", "status": "empty", "capacity": 3, "active": 0, "industry": "", "vacancy_rate": 100.0, "source": "polygon_only", "capacity_method": "floor_approx", "active_pip": 0, "licensed": 0, "id": "1144012400103820012-1", "pnu": "1144012400103820012", "floors": 3, "height": 7.75}}, {"type": "Feature", "geometry": {"type": "Polygon", "coordinates": [[[126.92546664, 37.56058131], [126.92545736, 37.56058455], [126.92543916, 37.56056003], [126.9254027, 37.56057352], [126.9253949, 37.56056424], [126.92532425, 37.56059086], [126.92537872, 37.56068253], [126.92549953, 37.5606363], [126.92546664, 37.56058131]]]}, "properties": {"name": "왼쪽호", "status": "full", "capacity": 3, "active": 3, "industry": "한식", "vacancy_rate": 0.0, "vacancy_rate_lo": 0.0, "vacancy_rate_hi": 0.0, "stores": 4, "source": "stores+ledger", "capacity_method": "floor_ouln", "active_pip": 0, "licensed": 3, "com_floors": [1, 2, 3], "occ_floors": [1, 2, 3], "unknown_n": 0, "id": "1144012400103810015-1", "pnu": "1144012400103810015", "floors": 3, "height": 9.8}}, {"type": "Feature", "geometry": {"type": "Polygon", "coordinates": [[[126.92578169, 37.56079211], [126.92574861, 37.56074329], [126.92574558, 37.56074469], [126.92573414, 37.56072734], [126.92573252, 37.56072576], [126.92573117, 37.56072474], [126.92572856, 37.5607235], [126.9257259, 37.56072263], [126.92572214, 37.56072228], [126.92571966, 37.56072245], [126.92571752, 37.56072273], [126.92571491, 37.5607236], [126.92569431, 37.5607323], [126.92569271, 37.56072985], [126.92561826, 37.56076105], [126.92567198, 37.5608401], [126.92578169, 37.56079211]]]}, "properties": {"name": "연남동예일빌라", "status": "full", "capacity": 2, "active": 2, "industry": "일반 숙박", "vacancy_rate": 0.0, "vacancy_rate_lo": null, "vacancy_rate_hi": null, "stores": 2, "source": "stores+ledger", "capacity_method": "expos_units", "active_pip": 0, "licensed": 1, "com_floors": null, "occ_floors": null, "unknown_n": null, "id": "1144012400103810006-1", "pnu": "1144012400103810006", "floors": 4, "height": 11.7}}, {"type": "Feature", "geometry": {"type": "Polygon", "coordinates": [[[126.92653211, 37.56049215], [126.92652722, 37.56040232], [126.92644504, 37.56041326], [126.92644357, 37.56041336], [126.92646905, 37.56050563], [126.92653211, 37.56049215]]]}, "properties": {"name": "동교동 113-83", "status": "empty", "capacity": 4, "active": 0, "industry": "", "vacancy_rate": 100.0, "source": "polygon_only", "capacity_method": "floor_approx", "active_pip": 0, "licensed": 0, "id": "1144012100101130083-1", "pnu": "1144012100101130083", "floors": 4, "height": 0.0}}, {"type": "Feature", "geometry": {"type": "Polygon", "coordinates": [[[126.92682177, 37.56149947], [126.92679871, 37.56146981], [126.92676639, 37.5614233], [126.92666969, 37.56146648], [126.92679435, 37.56153216], [126.92682177, 37.56149947]]]}, "properties": {"name": "동교동 113-37", "status": "full", "capacity": 2, "active": 2, "industry": "한식", "vacancy_rate": 0.0, "vacancy_rate_lo": 0.0, "vacancy_rate_hi": 0.0, "stores": 2, "source": "stores+ledger", "capacity_method": "floor_ouln", "active_pip": 0, "licensed": 1, "com_floors": [1, 2], "occ_floors": [1, 2], "unknown_n": 0, "id": "1144012100101130037-1", "pnu": "1144012100101130037", "floors": 5, "height": 0.0}}, {"type": "Feature", "geometry": {"type": "Polygon", "coordinates": [[[126.92602413, 37.5608552], [126.92600842, 37.56083447], [126.92599506, 37.56083969], [126.92598274, 37.56082419], [126.92591774, 37.56085803], [126.92598522, 37.56093988], [126.92599949, 37.56094358], [126.92601013, 37.56094277], [126.92607672, 37.56090767], [126.92605072, 37.56086531], [126.92604426, 37.56086711], [126.9260316, 37.56085196], [126.92602413, 37.5608552]]]}, "properties": {"name": "전면우측상가", "status": "full", "capacity": 1, "active": 1, "industry": "장식품 소매", "vacancy_rate": 0.0, "vacancy_rate_lo": 0.0, "vacancy_rate_hi": 0.0, "stores": 3, "source": "stores+ledger", "capacity_method": "floor_ouln", "active_pip": 0, "licensed": 1, "com_floors": [1], "occ_floors": [1], "unknown_n": 0, "id": "1144012100101130020-1", "pnu": "1144012100101130020", "floors": 3, "height": 8.6}}, {"type": "Feature", "geometry": {"type": "Polygon", "coordinates": [[[126.92634011, 37.56122634], [126.92633093, 37.56123553], [126.92634552, 37.56124644], [126.9263556, 37.56123644], [126.92634011, 37.56122634]]]}, "properties": {"name": "서아빌딩", "status": "partial", "capacity": 5, "active": 4, "industry": "의약·화장품 소매", "vacancy_rate": 20.0, "vacancy_rate_lo": 20.0, "vacancy_rate_hi": 60.0, "stores": 4, "source": "stores+ledger", "capacity_method": "floor_ouln", "active_pip": 0, "licensed": 1, "com_floors": [1, 2, 4, 5, 6], "occ_floors": [1, 2], "unknown_n": 2, "id": "1144012100101130003-2", "pnu": "1144012100101130003", "floors": 0, "height": 0.0}}, {"type": "Feature", "geometry": {"type": "Polygon", "coordinates": [[[126.92488951, 37.56096014], [126.92493902, 37.56095588], [126.92493757, 37.56094513], [126.92495782, 37.5609434], [126.92495648, 37.56093196], [126.92501, 37.56092737], [126.92500595, 37.56089735], [126.92499694, 37.56089813], [126.92499164, 37.56085894], [126.92485755, 37.56087044], [126.92486693, 37.56093965], [126.92488651, 37.56093797], [126.92488951, 37.56096014]]]}, "properties": {"name": "좌측", "status": "full", "capacity": 1, "active": 1, "industry": "중식", "vacancy_rate": 0.0, "vacancy_rate_lo": 0.0, "vacancy_rate_hi": 0.0, "stores": 3, "source": "stores+ledger", "capacity_method": "floor_ouln", "active_pip": 0, "licensed": 3, "com_floors": [1], "occ_floors": [1], "unknown_n": 0, "id": "1144012400102600041-1", "pnu": "1144012400102600041", "floors": 2, "height": 0.0}}, {"type": "Feature", "geometry": {"type": "Polygon", "coordinates": [[[126.92469309, 37.56086026], [126.9246912, 37.56083913], [126.92467765, 37.56083991], [126.92467265, 37.56078418], [126.92460435, 37.56078806], [126.92461124, 37.56086491], [126.92469309, 37.56086026]]]}, "properties": {"name": "연남동 260-47", "status": "full", "capacity": 3, "active": 3, "industry": "서양식", "vacancy_rate": 0.0, "vacancy_rate_lo": 0.0, "vacancy_rate_hi": 0.0, "stores": 4, "source": "stores+ledger", "capacity_method": "floor_ouln", "active_pip": 0, "licensed": 3, "com_floors": [1, 2, 3], "occ_floors": [1, 2, 3], "unknown_n": 0, "id": "1144012400102600047-1", "pnu": "1144012400102600047", "floors": 4, "height": 11.65}}, {"type": "Feature", "geometry": {"type": "Polygon", "coordinates": [[[126.92526064, 37.56100923], [126.9253619, 37.56096898], [126.92531133, 37.56088837], [126.92521007, 37.56092862], [126.92526064, 37.56100923]]]}, "properties": {"name": "우측", "status": "full", "capacity": 2, "active": 2, "industry": "서양식", "vacancy_rate": 0.0, "vacancy_rate_lo": 0.0, "vacancy_rate_hi": 0.0, "stores": 5, "source": "stores+ledger", "capacity_method": "floor_ouln", "active_pip": 0, "licensed": 5, "com_floors": [1, 2], "occ_floors": [1, 2], "unknown_n": 0, "id": "1144012400103810003-1", "pnu": "1144012400103810003", "floors": 2, "height": 6.75}}, {"type": "Feature", "geometry": {"type": "Polygon", "coordinates": [[[126.92642673, 37.56073509], [126.92643884, 37.56073077], [126.9264402, 37.56073347], [126.92651344, 37.56071433], [126.92650911, 37.56063305], [126.92639386, 37.56066371], [126.92642673, 37.56073509]]]}, "properties": {"name": "동교동 113-81", "status": "full", "capacity": 2, "active": 2, "industry": "이용·미용", "vacancy_rate": 0.0, "vacancy_rate_lo": 0.0, "vacancy_rate_hi": 0.0, "stores": 1, "source": "stores+ledger", "capacity_method": "floor_ouln", "active_pip": 0, "licensed": 0, "com_floors": [1, 3], "occ_floors": [1, 3], "unknown_n": 0, "id": "1144012100101130081-1", "pnu": "1144012100101130081", "floors": 7, "height": 24.49}}, {"type": "Feature", "geometry": {"type": "Polygon", "coordinates": [[[126.92540653, 37.56157063], [126.92546472, 37.56157849], [126.92546701, 37.56156901], [126.92552535, 37.56157262], [126.92553974, 37.56148884], [126.9254101, 37.56147969], [126.92539962, 37.56155218], [126.92540989, 37.56155197], [126.92540653, 37.56157063]]]}, "properties": {"name": "좌측호", "status": "partial", "capacity": 4, "active": 3, "industry": "이용·미용", "vacancy_rate": 25.0, "vacancy_rate_lo": 25.0, "vacancy_rate_hi": 25.0, "stores": 4, "source": "stores+ledger", "capacity_method": "floor_ouln", "active_pip": 0, "licensed": 3, "com_floors": [1, 2, 3, 4], "occ_floors": [2, 3, 4], "unknown_n": 0, "id": "1144012400103820027-1", "pnu": "1144012400103820027", "floors": 4, "height": 12.3}}, {"type": "Feature", "geometry": {"type": "Polygon", "coordinates": [[[126.92656928, 37.56158472], [126.92664148, 37.56152698], [126.92659627, 37.56149926], [126.92659415, 37.56150095], [126.92658077, 37.56149036], [126.92657843, 37.56149224], [126.92655483, 37.56147354], [126.92649219, 37.56152363], [126.92656928, 37.56158472]]]}, "properties": {"name": "연남동 383-100", "status": "full", "capacity": 3, "active": 3, "industry": "서양식", "vacancy_rate": 0.0, "vacancy_rate_lo": 0.0, "vacancy_rate_hi": 0.0, "stores": 2, "source": "stores+ledger", "capacity_method": "floor_ouln", "active_pip": 0, "licensed": 2, "com_floors": [1, 2, 3], "occ_floors": [1, 2, 3], "unknown_n": 0, "id": "1144012400103830100-1", "pnu": "1144012400103830100", "floors": 3, "height": 10.5}}, {"type": "Feature", "geometry": {"type": "Polygon", "coordinates": [[[126.92578527, 37.56065037], [126.9258845, 37.56061092], [126.92583723, 37.56053605], [126.92582008, 37.56054359], [126.92582657, 37.56055388], [126.92578044, 37.56057435], [126.92577101, 37.56055796], [126.92574714, 37.56056751], [126.92575679, 37.56058281], [126.92574547, 37.56058734], [126.92578527, 37.56065037]]]}, "properties": {"name": "동교동 113-24", "status": "full", "capacity": 4, "active": 4, "industry": "한식", "vacancy_rate": 0.0, "vacancy_rate_lo": 0.0, "vacancy_rate_hi": 25.0, "stores": 3, "source": "stores+ledger", "capacity_method": "floor_ouln", "active_pip": 0, "licensed": 3, "com_floors": [1, 2, 4, 5], "occ_floors": [2, 4, 5], "unknown_n": 1, "id": "1144012100101130024-1", "pnu": "1144012100101130024", "floors": 5, "height": 18.02}}, {"type": "Feature", "geometry": {"type": "Polygon", "coordinates": [[[126.92470633, 37.56085816], [126.92478771, 37.56085332], [126.92478015, 37.56077282], [126.92469877, 37.56077767], [126.92470633, 37.56085816]]]}, "properties": {"name": "연남동 260-46", "status": "partial", "capacity": 4, "active": 3, "industry": "한식", "vacancy_rate": 25.0, "vacancy_rate_lo": 25.0, "vacancy_rate_hi": 25.0, "stores": 3, "source": "stores+ledger", "capacity_method": "floor_ouln", "active_pip": 0, "licensed": 3, "com_floors": [1, 2, 3, 4], "occ_floors": [1, 2, 4], "unknown_n": 0, "id": "1144012400102600046-1", "pnu": "1144012400102600046", "floors": 4, "height": 11.75}}, {"type": "Feature", "geometry": {"type": "Polygon", "coordinates": [[[126.92589722, 37.55872157], [126.92587764, 37.55873003], [126.92587276, 37.55873165], [126.92586134, 37.55871659], [126.92580168, 37.55873863], [126.92581129, 37.55875665], [126.92575104, 37.55878103], [126.92588541, 37.5589897], [126.92598211, 37.55895048], [126.9259352, 37.55888657], [126.92594369, 37.55888351], [126.92592933, 37.55885656], [126.9259744, 37.55883776], [126.92589722, 37.55872157]]]}, "properties": {"name": "덕흥빌딩", "status": "full", "capacity": 4, "active": 4, "industry": "오락용품 소매", "vacancy_rate": 0.0, "vacancy_rate_lo": 0.0, "vacancy_rate_hi": 0.0, "stores": 10, "source": "stores+ledger", "capacity_method": "floor_ouln", "active_pip": 0, "licensed": 0, "com_floors": [1, 2, 3, 4], "occ_floors": [1, 2, 3, 4], "unknown_n": 0, "id": "1144012100101470007-1", "pnu": "1144012100101470007", "floors": 4, "height": 0.0}}, {"type": "Feature", "geometry": {"type": "Polygon", "coordinates": [[[126.92479225, 37.56144412], [126.92478765, 37.56138745], [126.9247735, 37.56138816], [126.9247725, 37.56137609], [126.92473051, 37.56137822], [126.92472961, 37.56136715], [126.92466826, 37.56137026], [126.9246742, 37.5614437], [126.92468075, 37.56144334], [126.92468187, 37.56145668], [126.92478374, 37.56145152], [126.92478318, 37.56144457], [126.92479225, 37.56144412]]]}, "properties": {"name": "연남동 260-23", "status": "full", "capacity": 2, "active": 2, "industry": "이용·미용", "vacancy_rate": 0.0, "vacancy_rate_lo": 0.0, "vacancy_rate_hi": 0.0, "stores": 3, "source": "stores+ledger", "capacity_method": "floor_ouln", "active_pip": 0, "licensed": 1, "com_floors": [1, 2], "occ_floors": [1, 2], "unknown_n": 0, "id": "1144012400102600023-1", "pnu": "1144012400102600023", "floors": 3, "height": 10.85}}, {"type": "Feature", "geometry": {"type": "Polygon", "coordinates": [[[126.92566161, 37.56150918], [126.92576304, 37.56156152], [126.92581756, 37.56149462], [126.92570976, 37.56143988], [126.92568723, 37.56144356], [126.92566161, 37.56150918]]]}, "properties": {"name": "지빌딩", "status": "full", "capacity": 2, "active": 2, "industry": "주점", "vacancy_rate": 0.0, "vacancy_rate_lo": 0.0, "vacancy_rate_hi": 0.0, "stores": 5, "source": "stores+ledger", "capacity_method": "floor_ouln", "active_pip": 0, "licensed": 4, "com_floors": [1, 2], "occ_floors": [1, 2], "unknown_n": 0, "id": "1144012400103900035-1", "pnu": "1144012400103900035", "floors": 5, "height": 15.95}}, {"type": "Feature", "geometry": {"type": "Polygon", "coordinates": [[[126.92466961, 37.5589109], [126.92461477, 37.55886798], [126.92460638, 37.55887572], [126.92460322, 37.55887365], [126.92458037, 37.55885579], [126.92451694, 37.5589072], [126.92459701, 37.55896978], [126.92466961, 37.5589109]]]}, "properties": {"name": "동교동 154-27", "status": "high", "capacity": 4, "active": 1, "industry": "", "vacancy_rate": 75.0, "source": "pip_only", "capacity_method": "floor_approx", "active_pip": 0, "licensed": 1, "id": "1144012100101540027-1", "pnu": "1144012100101540027", "floors": 4, "height": 12.1}}, {"type": "Feature", "geometry": {"type": "Polygon", "coordinates": [[[126.92697433, 37.55780602], [126.92705184, 37.55777582], [126.92704658, 37.55776722], [126.92718671, 37.55771288], [126.92716314, 37.55767642], [126.92696761, 37.5577993], [126.92697433, 37.55780602]]]}, "properties": {"name": "동교동 172-3", "status": "partial", "capacity": 3, "active": 2, "industry": "기타 교육", "vacancy_rate": 33.3, "vacancy_rate_lo": 33.3, "vacancy_rate_hi": 33.3, "stores": 1, "source": "stores+ledger", "capacity_method": "floor_ouln", "active_pip": 0, "licensed": 0, "com_floors": [1, 2, 3], "occ_floors": [1, 3], "unknown_n": 0, "id": "1144012100101720003-1", "pnu": "1144012100101720003", "floors": 5, "height": 17.7}}, {"type": "Feature", "geometry": {"type": "Polygon", "coordinates": [[[126.9246316, 37.55959176], [126.92460372, 37.5595784], [126.92455547, 37.5596422], [126.92458333, 37.55965556], [126.9246316, 37.55959176]]]}, "properties": {"name": "애경타워", "status": "full", "capacity": 12, "active": 12, "industry": "오락용품 소매", "vacancy_rate": 0.0, "vacancy_rate_lo": 0.0, "vacancy_rate_hi": 50.0, "stores": 26, "source": "stores+ledger", "capacity_method": "floor_ouln", "active_pip": 0, "licensed": 0, "com_floors": [1, 2, 3, 4, 5, 6, 7, 8, 10, 12, 16, 17], "occ_floors": [1, 2, 3, 4, 5, 7], "unknown_n": 6, "id": "1144012100101900001-3", "pnu": "1144012100101900001", "floors": 0, "height": 0.0}}, {"type": "Feature", "geometry": {"type": "Polygon", "coordinates": [[[126.92480794, 37.55843436], [126.92475233, 37.55836053], [126.92469164, 37.55838951], [126.92471639, 37.55842232], [126.92472443, 37.55841791], [126.92473506, 37.55842999], [126.92472532, 37.55843539], [126.924752, 37.55846559], [126.92480794, 37.55843436]]]}, "properties": {"name": "동교동 155-37", "status": "empty", "capacity": 1, "active": 0, "industry": "", "vacancy_rate": 100.0, "source": "polygon_only", "capacity_method": "floor_approx", "active_pip": 0, "licensed": 0, "id": "1144012100101550037-1", "pnu": "1144012100101550037", "floors": 1, "height": 0.0}}, {"type": "Feature", "geometry": {"type": "Polygon", "coordinates": [[[126.92478735, 37.55899296], [126.92469958, 37.55893641], [126.92465687, 37.55897847], [126.92468073, 37.5589938], [126.92465547, 37.55902037], [126.92472061, 37.55906582], [126.92478735, 37.55899296]]]}, "properties": {"name": "전면우측호", "status": "full", "capacity": 2, "active": 2, "industry": "비알코올 ", "vacancy_rate": 0.0, "vacancy_rate_lo": 0.0, "vacancy_rate_hi": 0.0, "stores": 4, "source": "stores+ledger", "capacity_method": "floor_ouln", "active_pip": 0, "licensed": 2, "com_floors": [1, 2], "occ_floors": [1, 2], "unknown_n": 0, "id": "1144012100101540029-1", "pnu": "1144012100101540029", "floors": 2, "height": 0.0}}, {"type": "Feature", "geometry": {"type": "Polygon", "coordinates": [[[126.92579951, 37.55944825], [126.92583301, 37.55943682], [126.92584026, 37.55944052], [126.92590762, 37.55941471], [126.92586119, 37.5593408], [126.92576167, 37.55937903], [126.92579951, 37.55944825]]]}, "properties": {"name": "동교동 147-46", "status": "high", "capacity": 3, "active": 1, "industry": "", "vacancy_rate": 66.7, "source": "pip_only", "capacity_method": "floor_approx", "active_pip": 0, "licensed": 1, "id": "1144012100101470046-1", "pnu": "1144012100101470046", "floors": 3, "height": 8.5}}, {"type": "Feature", "geometry": {"type": "Polygon", "coordinates": [[[126.92533855, 37.55977052], [126.92530806, 37.55980933], [126.92529946, 37.55980591], [126.92528938, 37.55982004], [126.92527648, 37.55981372], [126.92525008, 37.55984299], [126.92532847, 37.55988287], [126.92534219, 37.55986404], [126.92535078, 37.55986774], [126.92535825, 37.55986855], [126.92540416, 37.55980371], [126.92533855, 37.55977052]]]}, "properties": {"name": "동교동 148-7", "status": "partial", "capacity": 2, "active": 1, "industry": "비알코올 ", "vacancy_rate": 50.0, "vacancy_rate_lo": 50.0, "vacancy_rate_hi": 100.0, "stores": 1, "source": "stores+ledger", "capacity_method": "floor_ouln", "active_pip": 0, "licensed": 0, "com_floors": [1, 2], "occ_floors": [], "unknown_n": 1, "id": "1144012100101480007-2", "pnu": "1144012100101480007", "floors": 1, "height": 0.0}}, {"type": "Feature", "geometry": {"type": "Polygon", "coordinates": [[[126.92539772, 37.55910751], [126.92537298, 37.5590692], [126.92535937, 37.55909217], [126.92539772, 37.55910751]]]}, "properties": {"name": "동교동 147-19", "status": "full", "capacity": 1, "active": 1, "industry": "한식", "vacancy_rate": 0.0, "vacancy_rate_lo": 0.0, "vacancy_rate_hi": 0.0, "stores": 1, "source": "stores+ledger", "capacity_method": "floor_ouln", "active_pip": 0, "licensed": 1, "com_floors": [1], "occ_floors": [1], "unknown_n": 0, "id": "1144012100101470019-2", "pnu": "1144012100101470019", "floors": 0, "height": 0.0}}, {"type": "Feature", "geometry": {"type": "Polygon", "coordinates": [[[126.92577736, 37.56020777], [126.92567749, 37.56025078], [126.92574146, 37.56034389], [126.92580498, 37.56031951], [126.92579571, 37.56030527], [126.92580873, 37.56030051], [126.92580161, 37.56028924], [126.92582505, 37.56028015], [126.92577736, 37.56020777]]]}, "properties": {"name": "동교동 113-27", "status": "full", "capacity": 3, "active": 3, "industry": "비알코올 ", "vacancy_rate": 0.0, "vacancy_rate_lo": 0.0, "vacancy_rate_hi": 0.0, "stores": 1, "source": "stores+ledger", "capacity_method": "floor_ouln", "active_pip": 0, "licensed": 1, "com_floors": [1, 2, 3], "occ_floors": [1, 2, 3], "unknown_n": 0, "id": "1144012100101130027-1", "pnu": "1144012100101130027", "floors": 3, "height": 11.5}}, {"type": "Feature", "geometry": {"type": "Polygon", "coordinates": [[[126.92580932, 37.56016581], [126.92585902, 37.56015034], [126.9258144, 37.56006499], [126.92577365, 37.56007776], [126.92578144, 37.56009524], [126.92572483, 37.56011314], [126.92575895, 37.56017289], [126.92578544, 37.56016642], [126.92578736, 37.56016922], [126.92580672, 37.5601622], [126.92580932, 37.56016581]]]}, "properties": {"name": "동교동 113-71", "status": "full", "capacity": 1, "active": 1, "industry": "비알코올 ", "vacancy_rate": 0.0, "vacancy_rate_lo": 0.0, "vacancy_rate_hi": 0.0, "stores": 1, "source": "stores+ledger", "capacity_method": "floor_ouln", "active_pip": 0, "licensed": 1, "com_floors": [1], "occ_floors": [1], "unknown_n": 0, "id": "1144012100101130071-1", "pnu": "1144012100101130071", "floors": 1, "height": 4.7}}, {"type": "Feature", "geometry": {"type": "Polygon", "coordinates": [[[126.9251636, 37.56019865], [126.92512449, 37.56024331], [126.92513207, 37.56024953], [126.92511293, 37.56026925], [126.92510206, 37.56026582], [126.92507271, 37.56030401], [126.92514093, 37.56034252], [126.92515124, 37.56033325], [126.92516187, 37.56033839], [126.9252627, 37.56022727], [126.92522685, 37.56020608], [126.92522084, 37.56021265], [126.92520773, 37.56020525], [126.92519605, 37.5602148], [126.9251636, 37.56019865]]]}, "properties": {"name": "동교동 149-11", "status": "full", "capacity": 3, "active": 3, "industry": "서양식", "vacancy_rate": 0.0, "vacancy_rate_lo": 0.0, "vacancy_rate_hi": 33.3, "stores": 3, "source": "stores+ledger", "capacity_method": "floor_ouln", "active_pip": 0, "licensed": 3, "com_floors": [1, 2, 4], "occ_floors": [1, 4], "unknown_n": 1, "id": "1144012100101490011-1", "pnu": "1144012100101490011", "floors": 5, "height": 17.315}}, {"type": "Feature", "geometry": {"type": "Polygon", "coordinates": [[[126.92470829, 37.56028522], [126.92464393, 37.56024472], [126.92458944, 37.56029884], [126.92465719, 37.56034204], [126.92470829, 37.56028522]]]}, "properties": {"name": "동교동 150-14", "status": "empty", "capacity": 2, "active": 0, "industry": "", "vacancy_rate": 100.0, "source": "polygon_only", "capacity_method": "floor_approx", "active_pip": 0, "licensed": 0, "id": "1144012100101500014-1", "pnu": "1144012100101500014", "floors": 2, "height": 6.6}}, {"type": "Feature", "geometry": {"type": "Polygon", "coordinates": [[[126.92494567, 37.55878016], [126.92483742, 37.55872333], [126.92477965, 37.55866446], [126.92468112, 37.55872566], [126.92468122, 37.55872593], [126.92472126, 37.55876479], [126.92472998, 37.55875759], [126.92473507, 37.55876155], [126.92475949, 37.5587859], [126.92478449, 37.55879988], [126.92478449, 37.55880006], [126.9247769, 37.55880915], [126.92487746, 37.5588622], [126.92494567, 37.55878016]]]}, "properties": {"name": "용호빌딩", "status": "full", "capacity": 5, "active": 5, "industry": "유원지·오락", "vacancy_rate": 0.0, "vacancy_rate_lo": 0.0, "vacancy_rate_hi": 20.0, "stores": 10, "source": "stores+ledger", "capacity_method": "floor_ouln", "active_pip": 0, "licensed": 3, "com_floors": [1, 2, 3, 4, 5], "occ_floors": [1, 2, 3, 4], "unknown_n": 1, "id": "1144012100101540008-1", "pnu": "1144012100101540008", "floors": 5, "height": 15.3}}, {"type": "Feature", "geometry": {"type": "Polygon", "coordinates": [[[126.92890071, 37.55769222], [126.92879847, 37.5577292], [126.9288309, 37.55778453], [126.92893257, 37.55774765], [126.92890071, 37.55769222]]]}, "properties": {"name": "동교동 179-1", "status": "full", "capacity": 2, "active": 2, "industry": "기타 간이", "vacancy_rate": 0.0, "vacancy_rate_lo": 0.0, "vacancy_rate_hi": 0.0, "stores": 1, "source": "stores+ledger", "capacity_method": "floor_ouln", "active_pip": 0, "licensed": 1, "com_floors": [2, 3], "occ_floors": [2, 3], "unknown_n": 0, "id": "1144012100101790001-2", "pnu": "1144012100101790001", "floors": 3, "height": 0.0}}, {"type": "Feature", "geometry": {"type": "Polygon", "coordinates": [[[126.92593923, 37.56029807], [126.92592202, 37.56030382], [126.92592902, 37.56031779], [126.92590174, 37.56032931], [126.92594762, 37.56039961], [126.92597275, 37.56038945], [126.92598101, 37.56040171], [126.92602856, 37.56038183], [126.92604065, 37.56039868], [126.92607586, 37.5603842], [126.92608118, 37.56039123], [126.92612557, 37.56037234], [126.92608195, 37.56029771], [126.92608795, 37.56029528], [126.92604275, 37.56022885], [126.92592759, 37.56027626], [126.92593923, 37.56029807]]]}, "properties": {"name": "동교동 113-41", "status": "empty", "capacity": 6, "active": 0, "industry": "", "vacancy_rate": 100.0, "source": "polygon_only", "capacity_method": "floor_approx", "active_pip": 0, "licensed": 0, "id": "1144012100101130041-1", "pnu": "1144012100101130041", "floors": 6, "height": 15.9}}, {"type": "Feature", "geometry": {"type": "Polygon", "coordinates": [[[126.9280701, 37.55805203], [126.92827446, 37.55797529], [126.9282488, 37.55793446], [126.92815314, 37.55796874], [126.92814929, 37.55796297], [126.92804796, 37.55800093], [126.9280701, 37.55805203]]]}, "properties": {"name": "외", "status": "full", "capacity": 3, "active": 3, "industry": "비알코올 ", "vacancy_rate": 0.0, "vacancy_rate_lo": 0.0, "vacancy_rate_hi": 0.0, "stores": 4, "source": "stores+ledger", "capacity_method": "floor_ouln", "active_pip": 0, "licensed": 1, "com_floors": [1, 2, 3], "occ_floors": [1, 2, 3], "unknown_n": 0, "id": "1144012100101740014-1", "pnu": "1144012100101740014", "floors": 3, "height": 0.0}}, {"type": "Feature", "geometry": {"type": "Polygon", "coordinates": [[[126.92615497, 37.56004953], [126.92611717, 37.56004995], [126.9261194, 37.56009032], [126.9261572, 37.56008891], [126.92615497, 37.56004953]]]}, "properties": {"name": "한국특허정보원빌딩", "status": "full", "capacity": 4, "active": 4, "industry": "교육 지원", "vacancy_rate": 0.0, "vacancy_rate_lo": 0.0, "vacancy_rate_hi": 0.0, "stores": 18, "source": "stores+ledger", "capacity_method": "floor_ouln", "active_pip": 0, "licensed": 1, "com_floors": [1, 2, 5, 6], "occ_floors": [1, 2, 5, 6], "unknown_n": 0, "id": "1144012100101460008-3", "pnu": "1144012100101460008", "floors": 0, "height": 0.0}}, {"type": "Feature", "geometry": {"type": "Polygon", "coordinates": [[[126.92647038, 37.55812078], [126.92644619, 37.55821086], [126.9266089, 37.55823935], [126.92663073, 37.55814809], [126.92647038, 37.55812078]]]}, "properties": {"name": "동교동 173-8", "status": "empty", "capacity": 3, "active": 0, "industry": "", "vacancy_rate": 100.0, "source": "polygon_only", "capacity_method": "floor_approx", "active_pip": 0, "licensed": 0, "id": "1144012100101730008-1", "pnu": "1144012100101730008", "floors": 3, "height": 10.65}}, {"type": "Feature", "geometry": {"type": "Polygon", "coordinates": [[[126.92621502, 37.55906325], [126.92613781, 37.55909203], [126.92618977, 37.55918783], [126.92626869, 37.55915788], [126.92621502, 37.55906325]]]}, "properties": {"name": "동교동 147-4", "status": "full", "capacity": 3, "active": 3, "industry": "기타 간이", "vacancy_rate": 0.0, "vacancy_rate_lo": 0.0, "vacancy_rate_hi": 0.0, "stores": 4, "source": "stores+ledger", "capacity_method": "floor_ouln", "active_pip": 0, "licensed": 3, "com_floors": [1, 2, 3], "occ_floors": [1, 2, 3], "unknown_n": 0, "id": "1144012100101470004-1", "pnu": "1144012100101470004", "floors": 3, "height": 0.0}}, {"type": "Feature", "geometry": {"type": "Polygon", "coordinates": [[[126.9263091, 37.55914781], [126.92617619, 37.55919476], [126.92624207, 37.55930311], [126.9263725, 37.55925345], [126.9263091, 37.55914781]]]}, "properties": {"name": "기쁨내과의원", "status": "partial", "capacity": 3, "active": 2, "industry": "의원", "vacancy_rate": 33.3, "vacancy_rate_lo": 33.3, "vacancy_rate_hi": 66.7, "stores": 3, "source": "stores+ledger", "capacity_method": "floor_ouln", "active_pip": 0, "licensed": 0, "com_floors": [1, 2, 3], "occ_floors": [1], "unknown_n": 1, "id": "1144012100101470003-1", "pnu": "1144012100101470003", "floors": 4, "height": 0.0}}, {"type": "Feature", "geometry": {"type": "Polygon", "coordinates": [[[126.9261804, 37.55893888], [126.92605393, 37.55898908], [126.92611529, 37.55909273], [126.92624504, 37.55904218], [126.9261804, 37.55893888]]]}, "properties": {"name": "동교동 147-5", "status": "high", "capacity": 3, "active": 1, "industry": "", "vacancy_rate": 66.7, "source": "pip_only", "capacity_method": "floor_approx", "active_pip": 0, "licensed": 1, "id": "1144012100101470005-1", "pnu": "1144012100101470005", "floors": 3, "height": 0.0}}, {"type": "Feature", "geometry": {"type": "Polygon", "coordinates": [[[126.92478317, 37.55796439], [126.92468412, 37.55787043], [126.92462014, 37.55790752], [126.92471693, 37.55800021], [126.92478317, 37.55796439]]]}, "properties": {"name": "동서빌딩", "status": "full", "capacity": 4, "active": 4, "industry": "이용·미용", "vacancy_rate": 0.0, "vacancy_rate_lo": 0.0, "vacancy_rate_hi": 0.0, "stores": 5, "source": "stores+ledger", "capacity_method": "floor_ouln", "active_pip": 0, "licensed": 4, "com_floors": [1, 2, 3, 4], "occ_floors": [1, 2, 3, 4], "unknown_n": 0, "id": "1144012100101550016-1", "pnu": "1144012100101550016", "floors": 4, "height": 13.7}}, {"type": "Feature", "geometry": {"type": "Polygon", "coordinates": [[[126.92566334, 37.56025473], [126.92556857, 37.56029108], [126.92562914, 37.56038608], [126.92572414, 37.56035001], [126.92566334, 37.56025473]]]}, "properties": {"name": "동교동 113-28", "status": "empty", "capacity": 5, "active": 0, "industry": "", "vacancy_rate": 100.0, "source": "polygon_only", "capacity_method": "floor_approx", "active_pip": 0, "licensed": 0, "id": "1144012100101130028-1", "pnu": "1144012100101130028", "floors": 5, "height": 13.9}}, {"type": "Feature", "geometry": {"type": "Polygon", "coordinates": [[[126.92604495, 37.55961708], [126.92612146, 37.55961522], [126.92611709, 37.5595142], [126.92600784, 37.55956138], [126.92604495, 37.55961708]]]}, "properties": {"name": "동교동 147-31", "status": "full", "capacity": 2, "active": 2, "industry": "이용·미용", "vacancy_rate": 0.0, "vacancy_rate_lo": 0.0, "vacancy_rate_hi": 0.0, "stores": 3, "source": "stores+ledger", "capacity_method": "floor_ouln", "active_pip": 0, "licensed": 1, "com_floors": [1, 3], "occ_floors": [1, 3], "unknown_n": 0, "id": "1144012100101470031-1", "pnu": "1144012100101470031", "floors": 4, "height": 14.19}}, {"type": "Feature", "geometry": {"type": "Polygon", "coordinates": [[[126.92517927, 37.55956526], [126.92517543, 37.55956291], [126.9252221, 37.55952059], [126.92514192, 37.55946369], [126.92509324, 37.55947483], [126.92505607, 37.55951895], [126.92516284, 37.55958813], [126.92518641, 37.55957265], [126.92517927, 37.55956526]]]}, "properties": {"name": "일부", "status": "full", "capacity": 3, "active": 3, "industry": "주점", "vacancy_rate": 0.0, "vacancy_rate_lo": 0.0, "vacancy_rate_hi": 0.0, "stores": 4, "source": "stores+ledger", "capacity_method": "floor_ouln", "active_pip": 0, "licensed": 3, "com_floors": [1, 2, 3], "occ_floors": [1, 2, 3], "unknown_n": 0, "id": "1144012100101480008-1", "pnu": "1144012100101480008", "floors": 3, "height": 0.0}}, {"type": "Feature", "geometry": {"type": "Polygon", "coordinates": [[[126.92534514, 37.55928353], [126.92529339, 37.55920178], [126.92528354, 37.55919988], [126.92520795, 37.55930597], [126.92526551, 37.55934952], [126.92534514, 37.55928353]]]}, "properties": {"name": "우측", "status": "full", "capacity": 3, "active": 3, "industry": "일식", "vacancy_rate": 0.0, "vacancy_rate_lo": 0.0, "vacancy_rate_hi": 0.0, "stores": 4, "source": "stores+ledger", "capacity_method": "floor_ouln", "active_pip": 0, "licensed": 3, "com_floors": [1, 2, 3], "occ_floors": [1, 2, 3], "unknown_n": 0, "id": "1144012100101470021-1", "pnu": "1144012100101470021", "floors": 2, "height": 0.0}}, {"type": "Feature", "geometry": {"type": "Polygon", "coordinates": [[[126.92482739, 37.55992102], [126.92480375, 37.5599019], [126.92475157, 37.55990574], [126.92469729, 37.55997634], [126.92478168, 37.5600174], [126.92478168, 37.56001758], [126.92481194, 37.5599793], [126.92484287, 37.55994013], [126.92482036, 37.55993146], [126.92482422, 37.55992507], [126.92482433, 37.5599248], [126.92482739, 37.55992102]]]}, "properties": {"name": "동교동 150-11", "status": "empty", "capacity": 5, "active": 0, "industry": "", "vacancy_rate": 100.0, "source": "polygon_only", "capacity_method": "floor_approx", "active_pip": 0, "licensed": 0, "id": "1144012100101500011-1", "pnu": "1144012100101500011", "floors": 5, "height": 17.0}}, {"type": "Feature", "geometry": {"type": "Polygon", "coordinates": [[[126.92531418, 37.56002639], [126.92529925, 37.56001836], [126.92528203, 37.56003556], [126.9252449, 37.56003968], [126.92518124, 37.56009144], [126.92519402, 37.56010172], [126.92527389, 37.56014862], [126.92535863, 37.56005588], [126.92531418, 37.56002639]]]}, "properties": {"name": "일부", "status": "full", "capacity": 1, "active": 1, "industry": "이용·미용", "vacancy_rate": 0.0, "vacancy_rate_lo": 0.0, "vacancy_rate_hi": 0.0, "stores": 3, "source": "stores+ledger", "capacity_method": "floor_ouln", "active_pip": 0, "licensed": 0, "com_floors": [1], "occ_floors": [1], "unknown_n": 0, "id": "1144012100101480002-1", "pnu": "1144012100101480002", "floors": 2, "height": 6.0}}, {"type": "Feature", "geometry": {"type": "Polygon", "coordinates": [[[126.92499443, 37.55981814], [126.92489467, 37.55974951], [126.92488934, 37.55975437], [126.92488934, 37.55975473], [126.92487655, 37.55975473], [126.92486432, 37.55976355], [126.92486432, 37.55976364], [126.92486737, 37.55976823], [126.92482218, 37.55980361], [126.92482509, 37.5598438], [126.92490788, 37.55989953], [126.92499443, 37.55981814]]]}, "properties": {"name": "우측호", "status": "full", "capacity": 3, "active": 3, "industry": "서양식", "vacancy_rate": 0.0, "vacancy_rate_lo": 0.0, "vacancy_rate_hi": 0.0, "stores": 4, "source": "stores+ledger", "capacity_method": "floor_ouln", "active_pip": 0, "licensed": 2, "com_floors": [1, 2, 3], "occ_floors": [1, 2, 3], "unknown_n": 0, "id": "1144012100101480011-1", "pnu": "1144012100101480011", "floors": 3, "height": 0.0}}, {"type": "Feature", "geometry": {"type": "Polygon", "coordinates": [[[126.92506017, 37.55973483], [126.92500006, 37.55969432], [126.92496957, 37.55967334], [126.9249596, 37.55967054], [126.92495078, 37.55966603], [126.92491441, 37.5597115], [126.92492322, 37.55971601], [126.92492684, 37.55972331], [126.92492322, 37.55973043], [126.92496427, 37.55974947], [126.92495895, 37.55975676], [126.92500002, 37.5597758], [126.92502072, 37.55978498], [126.92506017, 37.55973483]]]}, "properties": {"name": "동교동 148-10", "status": "full", "capacity": 2, "active": 2, "industry": "유원지·오락", "vacancy_rate": 0.0, "vacancy_rate_lo": 0.0, "vacancy_rate_hi": 50.0, "stores": 2, "source": "stores+ledger", "capacity_method": "floor_ouln", "active_pip": 0, "licensed": 1, "com_floors": [1, 2], "occ_floors": [1], "unknown_n": 1, "id": "1144012100101480010-1", "pnu": "1144012100101480010", "floors": 5, "height": 0.0}}, {"type": "Feature", "geometry": {"type": "Polygon", "coordinates": [[[126.92571277, 37.55908933], [126.92574873, 37.55914603], [126.92577627, 37.55913648], [126.92578417, 37.55914895], [126.9258843, 37.55910871], [126.92587502, 37.55909528], [126.92586793, 37.55909808], [126.92583072, 37.55904041], [126.92571277, 37.55908933]]]}, "properties": {"name": "동교동 147-41", "status": "high", "capacity": 4, "active": 1, "industry": "", "vacancy_rate": 75.0, "source": "pip_only", "capacity_method": "floor_approx", "active_pip": 0, "licensed": 1, "id": "1144012100101470041-1", "pnu": "1144012100101470041", "floors": 4, "height": 11.1}}, {"type": "Feature", "geometry": {"type": "Polygon", "coordinates": [[[126.92467279, 37.55834048], [126.92471989, 37.55832096], [126.92472159, 37.55832339], [126.92476031, 37.55830729], [126.92475669, 37.55830179], [126.92482746, 37.55827247], [126.92483222, 37.55826869], [126.92483426, 37.55826625], [126.92483483, 37.55826148], [126.92480182, 37.5582083], [126.92463358, 37.55828045], [126.92467279, 37.55834048]]]}, "properties": {"name": "동교동 155-35", "status": "full", "capacity": 2, "active": 2, "industry": "주점", "vacancy_rate": 0.0, "vacancy_rate_lo": 0.0, "vacancy_rate_hi": 0.0, "stores": 3, "source": "stores+ledger", "capacity_method": "floor_ouln", "active_pip": 0, "licensed": 2, "com_floors": [1, 2], "occ_floors": [1, 2], "unknown_n": 0, "id": "1144012100101550035-1", "pnu": "1144012100101550035", "floors": 5, "height": 14.8}}, {"type": "Feature", "geometry": {"type": "Polygon", "coordinates": [[[126.92698344, 37.55948575], [126.92681501, 37.55949492], [126.9268268, 37.55959972], [126.92699387, 37.55958973], [126.92698344, 37.55948575]]]}, "properties": {"name": "창천동 515-3", "status": "empty", "capacity": 4, "active": 0, "industry": "", "vacancy_rate": 100.0, "source": "polygon_only", "capacity_method": "floor_approx", "active_pip": 0, "licensed": 0, "id": "1141011600105150003-1", "pnu": "1141011600105150003", "floors": 4, "height": 0.0}}, {"type": "Feature", "geometry": {"type": "Polygon", "coordinates": [[[126.92702343, 37.55943612], [126.92702673, 37.55943622], [126.92702864, 37.55943531], [126.92703181, 37.55943252], [126.92703283, 37.55943046], [126.92709914, 37.5594615], [126.92710536, 37.55946321], [126.92710864, 37.55946141], [126.92714854, 37.55940557], [126.92714808, 37.55940259], [126.92714559, 37.5594007], [126.92714265, 37.55939908], [126.9270914, 37.559375], [126.92716155, 37.5592852], [126.927187, 37.55929567], [126.92725341, 37.55932905], [126.9272568, 37.55933067], [126.92725861, 37.55933112], [126.9272611, 37.55933032], [126.92726315, 37.55932879], [126.92726541, 37.55932581], [126.92734564, 37.55921928], [126.92734621, 37.55921729], [126.9273461, 37.55921657], [126.92734531, 37.55921486], [126.92729112, 37.55918744], [126.9273088, 37.55916159], [126.9273088, 37.55915961], [126.92730688, 37.5591569], [126.92726944, 37.55913823], [126.92728043, 37.55912139], [126.92728304, 37.55911634], [126.92728327, 37.55911499], [126.92728282, 37.55911391], [126.92728158, 37.55911238], [126.92727999, 37.55911085], [126.92724391, 37.55909425], [126.92724561, 37.55909118], [126.92724969, 37.55908227], [126.92725445, 37.55907344], [126.92725525, 37.55907029], [126.92725514, 37.55906587], [126.92725412, 37.55906137], [126.92725277, 37.55905884], [126.92724949, 37.55905479], [126.92724542, 37.55905073], [126.92714983, 37.55900454], [126.92714429, 37.55900201], [126.92713942, 37.55900048], [126.92713365, 37.55899921], [126.92712211, 37.55899866], [126.92711169, 37.55900244], [126.9271092, 37.55900325], [126.92710037, 37.5590073], [126.92682522, 37.5593633], [126.92682046, 37.55937068], [126.92681694, 37.55937645], [126.92681445, 37.55938212], [126.92681354, 37.55938554], [126.92681399, 37.55939131], [126.92681477, 37.55939509], [126.92681703, 37.55939987], [126.92681941, 37.55940312], [126.9268237, 37.55940681], [126.92683535, 37.55941475], [126.92690843, 37.55944705], [126.92691285, 37.55944859], [126.92691669, 37.55944913], [126.92692179, 37.55944877], [126.92692779, 37.55944805], [126.92693346, 37.55944689], [126.92694104, 37.55944329], [126.92694692, 37.55943942], [126.92695157, 37.55943591], [126.92696778, 37.55940907], [126.92701959, 37.55943496], [126.92702343, 37.55943612]]]}, "properties": {"name": "창천동 515-1", "status": "empty", "capacity": 10, "active": 0, "industry": "", "vacancy_rate": 100.0, "source": "polygon_only", "capacity_method": "floor_approx", "active_pip": 0, "licensed": 0, "id": "1141011600105150001-1", "pnu": "1141011600105150001", "floors": 10, "height": 36.33}}, {"type": "Feature", "geometry": {"type": "Polygon", "coordinates": [[[126.92606886, 37.56129141], [126.92597993, 37.5613783], [126.92606227, 37.56142971], [126.92615041, 37.56134345], [126.92606886, 37.56129141]]]}, "properties": {"name": "연남동 383-68", "status": "empty", "capacity": 3, "active": 0, "industry": "", "vacancy_rate": 100.0, "source": "polygon_only", "capacity_method": "floor_approx", "active_pip": 0, "licensed": 0, "id": "1144012400103830068-1", "pnu": "1144012400103830068", "floors": 3, "height": 9.95}}, {"type": "Feature", "geometry": {"type": "Polygon", "coordinates": [[[126.92631175, 37.56152816], [126.9262772, 37.56155426], [126.92634551, 37.56160386], [126.92641585, 37.56155075], [126.92640228, 37.56153668], [126.92641406, 37.56152715], [126.92636035, 37.56148432], [126.92630462, 37.56152275], [126.92631175, 37.56152816]]]}, "properties": {"name": "연남동 383-102", "status": "full", "capacity": 3, "active": 3, "industry": "기타 교육", "vacancy_rate": 0.0, "vacancy_rate_lo": 0.0, "vacancy_rate_hi": 0.0, "stores": 4, "source": "stores+ledger", "capacity_method": "floor_ouln", "active_pip": 0, "licensed": 2, "com_floors": [1, 2, 3], "occ_floors": [1, 2, 3], "unknown_n": 0, "id": "1144012400103830102-1", "pnu": "1144012400103830102", "floors": 3, "height": 10.01}}, {"type": "Feature", "geometry": {"type": "Polygon", "coordinates": [[[126.92921956, 37.56135884], [126.92912248, 37.56144419], [126.92951417, 37.56172275], [126.92961035, 37.56163505], [126.92921956, 37.56135884]]]}, "properties": {"name": "대우아파트", "status": "partial", "capacity": 3, "active": 2, "industry": "세탁", "vacancy_rate": 33.3, "vacancy_rate_lo": null, "vacancy_rate_hi": null, "stores": 2, "source": "stores+ledger", "capacity_method": "expos_units", "active_pip": 0, "licensed": 0, "com_floors": null, "occ_floors": null, "unknown_n": null, "id": "1141011700107390000-3", "pnu": "1141011700107390000", "floors": 22, "height": 71.1}}, {"type": "Feature", "geometry": {"type": "Polygon", "coordinates": [[[126.93006759, 37.56140899], [126.9301615, 37.56132607], [126.92999997, 37.56122082], [126.92975655, 37.56106219], [126.92965981, 37.56114854], [126.92999995, 37.56136579], [126.93006759, 37.56140899]]]}, "properties": {"name": "대우아파트", "status": "partial", "capacity": 3, "active": 2, "industry": "세탁", "vacancy_rate": 33.3, "vacancy_rate_lo": null, "vacancy_rate_hi": null, "stores": 2, "source": "stores+ledger", "capacity_method": "expos_units", "active_pip": 0, "licensed": 0, "com_floors": null, "occ_floors": null, "unknown_n": null, "id": "1141011700107390000-4", "pnu": "1141011700107390000", "floors": 21, "height": 68.9}}, {"type": "Feature", "geometry": {"type": "Polygon", "coordinates": [[[126.92704479, 37.56039849], [126.92696953, 37.56040314], [126.92697053, 37.56041909], [126.92704648, 37.56041571], [126.92704479, 37.56039849]]]}, "properties": {"name": "청운", "status": "high", "capacity": 8, "active": 1, "industry": "기타 교육", "vacancy_rate": 87.5, "vacancy_rate_lo": 87.5, "vacancy_rate_hi": 100.0, "stores": 1, "source": "stores+ledger", "capacity_method": "floor_ouln", "active_pip": 0, "licensed": 0, "com_floors": [1, 2, 3, 4, 5, 6, 7, 8], "occ_floors": [], "unknown_n": 1, "id": "1141011600104760000-2", "pnu": "1141011600104760000", "floors": 0, "height": 0.0}}, {"type": "Feature", "geometry": {"type": "Polygon", "coordinates": [[[126.92833787, 37.55911644], [126.92834217, 37.55911645], [126.92834417, 37.55916042], [126.92835605, 37.55915988], [126.92835874, 37.5591871], [126.92839971, 37.55918478], [126.92840016, 37.55918874], [126.92849886, 37.55918151], [126.92849068, 37.559096], [126.92849057, 37.55909645], [126.92848811, 37.55906446], [126.92840458, 37.55906729], [126.92840324, 37.55904801], [126.92833341, 37.55905184], [126.92833384, 37.55907265], [126.92833787, 37.55911644]]]}, "properties": {"name": "창천동 510-14", "status": "empty", "capacity": 4, "active": 0, "industry": "", "vacancy_rate": 100.0, "source": "polygon_only", "capacity_method": "floor_approx", "active_pip": 0, "licensed": 0, "id": "1141011600105100014-1", "pnu": "1141011600105100014", "floors": 4, "height": 13.5}}, {"type": "Feature", "geometry": {"type": "Polygon", "coordinates": [[[126.929716, 37.55892302], [126.92984517, 37.55890021], [126.92982079, 37.55881632], [126.9298329, 37.55881443], [126.92981507, 37.55875955], [126.92967754, 37.55878415], [126.929716, 37.55892302]]]}, "properties": {"name": "창천동 504-1", "status": "empty", "capacity": 1, "active": 0, "industry": "", "vacancy_rate": 100.0, "source": "polygon_only", "capacity_method": "floor_approx", "active_pip": 0, "licensed": 0, "id": "1141011600105040001-1", "pnu": "1141011600105040001", "floors": 1, "height": 0.0}}, {"type": "Feature", "geometry": {"type": "Polygon", "coordinates": [[[126.92886828, 37.56108293], [126.92885277, 37.56108814], [126.92885978, 37.56110148], [126.92887631, 37.5610951], [126.92886828, 37.56108293]]]}, "properties": {"name": "대우아파트", "status": "partial", "capacity": 3, "active": 2, "industry": "세탁", "vacancy_rate": 33.3, "vacancy_rate_lo": null, "vacancy_rate_hi": null, "stores": 2, "source": "stores+ledger", "capacity_method": "expos_units", "active_pip": 0, "licensed": 0, "com_floors": null, "occ_floors": null, "unknown_n": null, "id": "1141011700107390000-5", "pnu": "1141011700107390000", "floors": 0, "height": 0.0}}, {"type": "Feature", "geometry": {"type": "Polygon", "coordinates": [[[126.92738863, 37.56145044], [126.92737806, 37.56149575], [126.92738712, 37.56149684], [126.92738257, 37.56152558], [126.92739275, 37.56152712], [126.92738616, 37.56155117], [126.92750341, 37.5615698], [126.92752036, 37.5614844], [126.92746773, 37.56147833], [126.92746545, 37.56148572], [126.92744204, 37.56148147], [126.92744794, 37.56145877], [126.92738863, 37.56145044]]]}, "properties": {"name": "창천동 447", "status": "empty", "capacity": 6, "active": 0, "industry": "", "vacancy_rate": 100.0, "source": "polygon_only", "capacity_method": "floor_approx", "active_pip": 0, "licensed": 0, "id": "1141011600104470000-1", "pnu": "1141011600104470000", "floors": 6, "height": 16.8}}, {"type": "Feature", "geometry": {"type": "Polygon", "coordinates": [[[126.92694982, 37.56030276], [126.92692118, 37.56030427], [126.92692994, 37.56048591], [126.92696911, 37.56048297], [126.92694982, 37.56030276]]]}, "properties": {"name": "좌측", "status": "full", "capacity": 1, "active": 1, "industry": "비알코올 ", "vacancy_rate": 0.0, "vacancy_rate_lo": 0.0, "vacancy_rate_hi": 0.0, "stores": 2, "source": "stores+ledger", "capacity_method": "floor_ouln", "active_pip": 0, "licensed": 1, "com_floors": [1], "occ_floors": [1], "unknown_n": 0, "id": "1141011600104960000-2", "pnu": "1141011600104960000", "floors": 0, "height": 0.0}}, {"type": "Feature", "geometry": {"type": "Polygon", "coordinates": [[[126.92942646, 37.55811817], [126.92941788, 37.55809798], [126.92940679, 37.55810005], [126.92940272, 37.55809157], [126.92935382, 37.55810371], [126.92935449, 37.55810668], [126.92932336, 37.55811333], [126.92932449, 37.55811721], [126.92927344, 37.55813213], [126.92931825, 37.55825154], [126.92950821, 37.55820507], [126.92947941, 37.55813883], [126.92946356, 37.55814081], [126.929456, 37.55812233], [126.92944186, 37.55811484], [126.92942646, 37.55811817]]]}, "properties": {"name": "창천동 503-19", "status": "full", "capacity": 2, "active": 2, "industry": "기타 숙박", "vacancy_rate": 0.0, "vacancy_rate_lo": 0.0, "vacancy_rate_hi": 0.0, "stores": 1, "source": "stores+ledger", "capacity_method": "floor_ouln", "active_pip": 0, "licensed": 1, "com_floors": [1, 3], "occ_floors": [1, 3], "unknown_n": 0, "id": "1141011600105030019-1", "pnu": "1141011600105030019", "floors": 5, "height": 15.85}}, {"type": "Feature", "geometry": {"type": "Polygon", "coordinates": [[[126.92942894, 37.55897061], [126.92942304, 37.55897763], [126.92940551, 37.55897113], [126.92936504, 37.55903373], [126.92939368, 37.55904519], [126.92938687, 37.55905725], [126.9294569, 37.55908703], [126.92950982, 37.55900489], [126.92942894, 37.55897061]]]}, "properties": {"name": "창천동 506-8", "status": "full", "capacity": 1, "active": 1, "industry": "종합 소매", "vacancy_rate": 0.0, "vacancy_rate_lo": 0.0, "vacancy_rate_hi": 100.0, "stores": 1, "source": "stores+ledger", "capacity_method": "floor_ouln", "active_pip": 0, "licensed": 0, "com_floors": [1], "occ_floors": [], "unknown_n": 1, "id": "1141011600105060008-1", "pnu": "1141011600105060008", "floors": 2, "height": 7.75}}, {"type": "Feature", "geometry": {"type": "Polygon", "coordinates": [[[126.92921802, 37.55808777], [126.92917511, 37.5581009], [126.92917195, 37.55809972], [126.92916369, 37.55809972], [126.92915757, 37.55810143], [126.92915384, 37.55810332], [126.92914794, 37.55810989], [126.92910855, 37.55812204], [126.92917475, 37.55824227], [126.92927132, 37.55821187], [126.92923778, 37.5581413], [126.929244, 37.55813896], [126.92921836, 37.55809353], [126.92922028, 37.55809254], [126.92921802, 37.55808777]]]}, "properties": {"name": "창천동 503-12", "status": "full", "capacity": 3, "active": 3, "industry": "비알코올 ", "vacancy_rate": 0.0, "vacancy_rate_lo": 0.0, "vacancy_rate_hi": 0.0, "stores": 1, "source": "stores+ledger", "capacity_method": "floor_ouln", "active_pip": 0, "licensed": 1, "com_floors": [1, 2, 4], "occ_floors": [1, 2, 4], "unknown_n": 0, "id": "1141011600105030012-1", "pnu": "1141011600105030012", "floors": 4, "height": 16.2}}, {"type": "Feature", "geometry": {"type": "Polygon", "coordinates": [[[126.92882949, 37.55819782], [126.92863782, 37.55826834], [126.92868697, 37.5583491], [126.92887186, 37.55827794], [126.92882949, 37.55819782]]]}, "properties": {"name": "창천동 506-17", "status": "high", "capacity": 4, "active": 1, "industry": "가전·통신 소매", "vacancy_rate": 75.0, "vacancy_rate_lo": 75.0, "vacancy_rate_hi": 75.0, "stores": 2, "source": "stores+ledger", "capacity_method": "floor_ouln", "active_pip": 0, "licensed": 1, "com_floors": [1, 2, 3, 4], "occ_floors": [1], "unknown_n": 0, "id": "1141011600105060017-1", "pnu": "1141011600105060017", "floors": 4, "height": 0.0}}, {"type": "Feature", "geometry": {"type": "Polygon", "coordinates": [[[126.92910932, 37.55885445], [126.92894142, 37.55891463], [126.92896752, 37.55896113], [126.9289778, 37.55897754], [126.92898718, 37.5589953], [126.92899497, 37.55900917], [126.92900695, 37.55902936], [126.92918659, 37.55900487], [126.92920757, 37.55896434], [126.92921527, 37.55895155], [126.9292163, 37.55894858], [126.92922977, 37.55894372], [126.92916638, 37.55883503], [126.92915766, 37.55883718], [126.92915246, 37.55883907], [126.9291117, 37.55885067], [126.92911193, 37.55885148], [126.92910932, 37.55885445]]]}, "properties": {"name": "창천동 506-10", "status": "empty", "capacity": 6, "active": 0, "industry": "", "vacancy_rate": 100.0, "source": "polygon_only", "capacity_method": "floor_approx", "active_pip": 0, "licensed": 0, "id": "1141011600105060010-1", "pnu": "1141011600105060010", "floors": 6, "height": 22.1}}, {"type": "Feature", "geometry": {"type": "Polygon", "coordinates": [[[126.92932112, 37.55809639], [126.92939663, 37.55806905], [126.92935878, 37.55800361], [126.92920661, 37.55805965], [126.92924662, 37.55812527], [126.92932112, 37.55809639]]]}, "properties": {"name": "좌측호", "status": "full", "capacity": 4, "active": 4, "industry": "한식", "vacancy_rate": 0.0, "vacancy_rate_lo": 0.0, "vacancy_rate_hi": 0.0, "stores": 3, "source": "stores+ledger", "capacity_method": "floor_ouln", "active_pip": 0, "licensed": 3, "com_floors": [1, 2, 3, 4], "occ_floors": [1, 2, 3, 4], "unknown_n": 0, "id": "1141011600105030011-1", "pnu": "1141011600105030011", "floors": 4, "height": 0.0}}, {"type": "Feature", "geometry": {"type": "Polygon", "coordinates": [[[126.92806257, 37.55881687], [126.92813802, 37.55874034], [126.92806812, 37.55869299], [126.9279921, 37.55876909], [126.92802966, 37.55879245], [126.92802342, 37.55880001], [126.92806257, 37.55881687]]]}, "properties": {"name": "창천동 510-10", "status": "full", "capacity": 1, "active": 1, "industry": "중식", "vacancy_rate": 0.0, "vacancy_rate_lo": 0.0, "vacancy_rate_hi": 0.0, "stores": 1, "source": "stores+ledger", "capacity_method": "floor_ouln", "active_pip": 0, "licensed": 1, "com_floors": [1], "occ_floors": [1], "unknown_n": 0, "id": "1141011600105100010-1", "pnu": "1141011600105100010", "floors": 2, "height": 0.0}}, {"type": "Feature", "geometry": {"type": "Polygon", "coordinates": [[[126.92792297, 37.55863894], [126.92795003, 37.55862824], [126.92793681, 37.55860533], [126.92792301, 37.55859614], [126.92785843, 37.55855304], [126.92775505, 37.55859316], [126.92781234, 37.55868969], [126.9278959, 37.55865848], [126.92789601, 37.55865821], [126.92790756, 37.55865424], [126.92790361, 37.55864668], [126.92792297, 37.55863894]]]}, "properties": {"name": "Y", "status": "partial", "capacity": 4, "active": 3, "industry": "기타 교육", "vacancy_rate": 25.0, "vacancy_rate_lo": 25.0, "vacancy_rate_hi": 50.0, "stores": 2, "source": "stores+ledger", "capacity_method": "floor_ouln", "active_pip": 0, "licensed": 2, "com_floors": [1, 2, 3, 4], "occ_floors": [1, 3], "unknown_n": 1, "id": "1141011600105100008-1", "pnu": "1141011600105100008", "floors": 4, "height": 12.0}}, {"type": "Feature", "geometry": {"type": "Polygon", "coordinates": [[[126.92804743, 37.55867722], [126.92797436, 37.55862905], [126.92796032, 37.55863518], [126.92792295, 37.55865552], [126.92787528, 37.55868153], [126.92792301, 37.55871246], [126.92799653, 37.55876017], [126.9280653, 37.55868885], [126.92804743, 37.55867722]]]}, "properties": {"name": "창천동 510-9", "status": "empty", "capacity": 4, "active": 0, "industry": "", "vacancy_rate": 100.0, "source": "polygon_only", "capacity_method": "floor_approx", "active_pip": 0, "licensed": 0, "id": "1141011600105100009-1", "pnu": "1141011600105100009", "floors": 4, "height": 0.0}}, {"type": "Feature", "geometry": {"type": "Polygon", "coordinates": [[[126.92847652, 37.55875595], [126.92847086, 37.5587564], [126.92846588, 37.55875802], [126.92840188, 37.55881934], [126.92840503, 37.55884367], [126.92846621, 37.55888263], [126.92852547, 37.55882158], [126.92852049, 37.55881355], [126.92853885, 37.55879474], [126.92848659, 37.55875992], [126.9284824, 37.55875749], [126.92847652, 37.55875595]]]}, "properties": {"name": "창천동 506-26", "status": "high", "capacity": 4, "active": 1, "industry": "", "vacancy_rate": 75.0, "source": "pip_only", "capacity_method": "floor_approx", "active_pip": 0, "licensed": 1, "id": "1141011600105060026-1", "pnu": "1141011600105060026", "floors": 4, "height": 0.0}}, {"type": "Feature", "geometry": {"type": "Polygon", "coordinates": [[[126.92711461, 37.56041349], [126.92696826, 37.56041981], [126.92697972, 37.56050631], [126.92712291, 37.56049567], [126.92711461, 37.56041349]]]}, "properties": {"name": "청운", "status": "high", "capacity": 8, "active": 1, "industry": "기타 교육", "vacancy_rate": 87.5, "vacancy_rate_lo": 87.5, "vacancy_rate_hi": 100.0, "stores": 1, "source": "stores+ledger", "capacity_method": "floor_ouln", "active_pip": 0, "licensed": 0, "com_floors": [1, 2, 3, 4, 5, 6, 7, 8], "occ_floors": [], "unknown_n": 1, "id": "1141011600104760000-3", "pnu": "1141011600104760000", "floors": 0, "height": 0.0}}, {"type": "Feature", "geometry": {"type": "Polygon", "coordinates": [[[126.92939208, 37.56097647], [126.92938165, 37.56098836], [126.92940292, 37.56100198], [126.92943463, 37.56097263], [126.92941586, 37.56095792], [126.92940963, 37.56096288], [126.92940137, 37.56095755], [126.92938427, 37.56097196], [126.92939208, 37.56097647]]]}, "properties": {"name": "대우아파트", "status": "partial", "capacity": 3, "active": 2, "industry": "세탁", "vacancy_rate": 33.3, "vacancy_rate_lo": null, "vacancy_rate_hi": null, "stores": 2, "source": "stores+ledger", "capacity_method": "expos_units", "active_pip": 0, "licensed": 0, "com_floors": null, "occ_floors": null, "unknown_n": null, "id": "1141011700107390000-6", "pnu": "1141011700107390000", "floors": 0, "height": 0.0}}, {"type": "Feature", "geometry": {"type": "Polygon", "coordinates": [[[126.92694318, 37.56003425], [126.92693673, 37.56003406], [126.92693686, 37.56000505], [126.92683579, 37.56000715], [126.92683622, 37.56003914], [126.92682829, 37.5600385], [126.92683395, 37.56015752], [126.92694861, 37.56015237], [126.92694318, 37.56003425]]]}, "properties": {"name": "창천동 512-1", "status": "partial", "capacity": 4, "active": 2, "industry": "자동차 부품 소매", "vacancy_rate": 50.0, "vacancy_rate_lo": 50.0, "vacancy_rate_hi": 50.0, "stores": 1, "source": "stores+ledger", "capacity_method": "floor_ouln", "active_pip": 0, "licensed": 1, "com_floors": [1, 3, 4, 5], "occ_floors": [1, 3], "unknown_n": 0, "id": "1141011600105120001-1", "pnu": "1141011600105120001", "floors": 5, "height": 15.0}}, {"type": "Feature", "geometry": {"type": "Polygon", "coordinates": [[[126.92898915, 37.56132617], [126.92897704, 37.56133328], [126.92896944, 37.56134464], [126.9289683, 37.56135553], [126.92897078, 37.56136553], [126.928977, 37.56137329], [126.92901342, 37.56139799], [126.92900051, 37.56141231], [126.92903455, 37.5614337], [126.92911067, 37.56136292], [126.92910389, 37.56135877], [126.92914535, 37.56131951], [126.92906867, 37.56126441], [126.92900432, 37.56132231], [126.92898915, 37.56132617]]]}, "properties": {"name": "대우아파트", "status": "partial", "capacity": 3, "active": 2, "industry": "세탁", "vacancy_rate": 33.3, "vacancy_rate_lo": null, "vacancy_rate_hi": null, "stores": 2, "source": "stores+ledger", "capacity_method": "expos_units", "active_pip": 0, "licensed": 0, "com_floors": null, "occ_floors": null, "unknown_n": null, "id": "1141011700107390000-7", "pnu": "1141011700107390000", "floors": 0, "height": 0.0}}, {"type": "Feature", "geometry": {"type": "Polygon", "coordinates": [[[126.92810785, 37.56103814], [126.92811204, 37.56104184], [126.92811815, 37.56104426], [126.92812267, 37.56104851], [126.9281144, 37.56105418], [126.92818611, 37.56111729], [126.92827093, 37.5610558], [126.92818013, 37.56097096], [126.92810006, 37.56102407], [126.92810639, 37.56102922], [126.92810514, 37.56103336], [126.92810785, 37.56103814]]]}, "properties": {"name": "창천동 403", "status": "full", "capacity": 3, "active": 3, "industry": "섬유·의복·신발 소매", "vacancy_rate": 0.0, "vacancy_rate_lo": 0.0, "vacancy_rate_hi": 100.0, "stores": 1, "source": "stores+ledger", "capacity_method": "floor_ouln", "active_pip": 0, "licensed": 0, "com_floors": [1, 2, 3], "occ_floors": [], "unknown_n": 3, "id": "1141011600104030000-1", "pnu": "1141011600104030000", "floors": 5, "height": 16.2}}, {"type": "Feature", "geometry": {"type": "Polygon", "coordinates": [[[126.92707585, 37.56117247], [126.92707053, 37.56117292], [126.92707786, 37.56120419], [126.92708487, 37.56120356], [126.9270887, 37.5612251], [126.92708304, 37.56122644], [126.92711167, 37.56134251], [126.92731713, 37.56131056], [126.92731589, 37.56130362], [126.92739524, 37.56129025], [126.92739637, 37.56129521], [126.92750006, 37.56127887], [126.92749961, 37.56127518], [126.92757953, 37.56126207], [126.9275483, 37.56113753], [126.92746872, 37.56114965], [126.92746817, 37.5611428], [126.92738893, 37.56115582], [126.92738172, 37.56112077], [126.92727078, 37.56113727], [126.92727045, 37.56113367], [126.92722538, 37.56114049], [126.92722235, 37.56112958], [126.92713304, 37.56114448], [126.92713382, 37.56114755], [126.92707145, 37.56115814], [126.92707585, 37.56117247]]]}, "properties": {"name": "창천동 490", "status": "high", "capacity": 9, "active": 1, "industry": "", "vacancy_rate": 88.9, "source": "pip_only", "capacity_method": "floor_approx", "active_pip": 1, "licensed": 0, "id": "1141011600104900000-1", "pnu": "1141011600104900000", "floors": 9, "height": 35.85}}, {"type": "Feature", "geometry": {"type": "Polygon", "coordinates": [[[126.92738949, 37.56115438], [126.92747745, 37.56114101], [126.92747429, 37.56112883], [126.92743671, 37.56113395], [126.92743253, 37.56112161], [126.92738397, 37.56112734], [126.92738949, 37.56115438]]]}, "properties": {"name": "창천동 490", "status": "full", "capacity": 1, "active": 1, "industry": "", "vacancy_rate": 0.0, "source": "pip_only", "capacity_method": "floor_approx", "active_pip": 1, "licensed": 0, "id": "1141011600104900000-2", "pnu": "1141011600104900000", "floors": 0, "height": 0.0}}, {"type": "Feature", "geometry": {"type": "Polygon", "coordinates": [[[126.92699183, 37.56121584], [126.92702136, 37.56121163], [126.92702791, 37.56123488], [126.92708259, 37.56122671], [126.92706916, 37.56117211], [126.92707516, 37.56117211], [126.92707292, 37.56116481], [126.92698304, 37.56117881], [126.92699183, 37.56121584]]]}, "properties": {"name": "창천동 490", "status": "full", "capacity": 1, "active": 1, "industry": "", "vacancy_rate": 0.0, "source": "pip_only", "capacity_method": "floor_approx", "active_pip": 1, "licensed": 0, "id": "1141011600104900000-3", "pnu": "1141011600104900000", "floors": 0, "height": 0.0}}, {"type": "Feature", "geometry": {"type": "Polygon", "coordinates": [[[126.92698536, 37.5606108], [126.92707301, 37.56060809], [126.92707224, 37.56058528], [126.92711302, 37.56058402], [126.92711049, 37.56052504], [126.92698037, 37.56052906], [126.92698385, 37.56061084], [126.92698536, 37.5606108]]]}, "properties": {"name": "창천동 480", "status": "empty", "capacity": 6, "active": 0, "industry": "", "vacancy_rate": 100.0, "source": "polygon_only", "capacity_method": "floor_approx", "active_pip": 0, "licensed": 0, "id": "1141011600104800000-1", "pnu": "1141011600104800000", "floors": 6, "height": 17.8}}, {"type": "Feature", "geometry": {"type": "Polygon", "coordinates": [[[126.92969111, 37.55927893], [126.92972862, 37.55925712], [126.92973057, 37.55925925], [126.9298404, 37.55919537], [126.92978429, 37.55913424], [126.92966018, 37.55920644], [126.92965366, 37.55919932], [126.92963044, 37.55921282], [126.92969111, 37.55927893]]]}, "properties": {"name": "창천동 256-1", "status": "empty", "capacity": 4, "active": 0, "industry": "", "vacancy_rate": 100.0, "source": "polygon_only", "capacity_method": "floor_approx", "active_pip": 0, "licensed": 0, "id": "1141011600102560001-1", "pnu": "1141011600102560001", "floors": 4, "height": 11.25}}, {"type": "Feature", "geometry": {"type": "Polygon", "coordinates": [[[126.92962235, 37.5581131], [126.92966349, 37.55818343], [126.9298497, 37.55811208], [126.92981954, 37.55806467], [126.92979494, 37.55807448], [126.9297827, 37.55805216], [126.92962235, 37.5581131]]]}, "properties": {"name": "창천동 503-6", "status": "empty", "capacity": 9, "active": 0, "industry": "", "vacancy_rate": 100.0, "source": "polygon_only", "capacity_method": "floor_approx", "active_pip": 0, "licensed": 0, "id": "1141011600105030006-1", "pnu": "1141011600105030006", "floors": 9, "height": 30.6}}, {"type": "Feature", "geometry": {"type": "Polygon", "coordinates": [[[126.92854099, 37.55773706], [126.92852989, 37.55773966], [126.92856164, 37.55779915], [126.92856662, 37.55779915], [126.92862967, 37.55777648], [126.92856753, 37.55766508], [126.92852545, 37.55764271], [126.92849002, 37.55765539], [126.92850901, 37.55767289], [126.92854099, 37.55773706]]]}, "properties": {"name": "동교동 174-4", "status": "partial", "capacity": 2, "active": 1, "industry": "", "vacancy_rate": 50.0, "source": "pip_only", "capacity_method": "floor_approx", "active_pip": 0, "licensed": 1, "id": "1144012100101740004-2", "pnu": "1144012100101740004", "floors": 2, "height": 0.0}}, {"type": "Feature", "geometry": {"type": "Polygon", "coordinates": [[[126.92797333, 37.55792241], [126.92794312, 37.55793248], [126.92794085, 37.55792869], [126.92792307, 37.55793517], [126.92777464, 37.55798887], [126.92781453, 37.55805493], [126.92785307, 37.55812271], [126.92792304, 37.55809726], [126.92804757, 37.55805192], [126.92801357, 37.55798919], [126.92805602, 37.5579758], [126.92803433, 37.5579392], [126.92802529, 37.55792352], [126.92798407, 37.55793917], [126.92797333, 37.55792241]]]}, "properties": {"name": "동교동 174-13", "status": "partial", "capacity": 4, "active": 3, "industry": "기타 교육", "vacancy_rate": 25.0, "vacancy_rate_lo": 25.0, "vacancy_rate_hi": 75.0, "stores": 2, "source": "stores+ledger", "capacity_method": "floor_ouln", "active_pip": 0, "licensed": 0, "com_floors": [1, 2, 3, 5], "occ_floors": [5], "unknown_n": 2, "id": "1144012100101740013-1", "pnu": "1144012100101740013", "floors": 5, "height": 0.0}}, {"type": "Feature", "geometry": {"type": "Polygon", "coordinates": [[[126.92820618, 37.55789516], [126.92832244, 37.55784972], [126.9282942, 37.55779916], [126.92826539, 37.55774788], [126.92814549, 37.55778844], [126.92815159, 37.55779925], [126.92820618, 37.55789516]]]}, "properties": {"name": "동교동 174-7", "status": "partial", "capacity": 2, "active": 1, "industry": "도서관·사적지", "vacancy_rate": 50.0, "vacancy_rate_lo": 50.0, "vacancy_rate_hi": 50.0, "stores": 1, "source": "stores+ledger", "capacity_method": "floor_ouln", "active_pip": 0, "licensed": 0, "com_floors": [1, 4], "occ_floors": [1], "unknown_n": 0, "id": "1144012100101740007-1", "pnu": "1144012100101740007", "floors": 4, "height": 13.2}}, {"type": "Feature", "geometry": {"type": "Polygon", "coordinates": [[[126.92833726, 37.55782915], [126.92840268, 37.55789002], [126.92840468, 37.55789136], [126.92840841, 37.55789323], [126.92841251, 37.55789456], [126.92841682, 37.5578953], [126.92842123, 37.55789544], [126.92842561, 37.55789495], [126.92861682, 37.55782053], [126.92857787, 37.55778434], [126.92852573, 37.55780375], [126.92845969, 37.55774256], [126.92833726, 37.55782915]]]}, "properties": {"name": "동교동 174-3", "status": "full", "capacity": 4, "active": 4, "industry": "기타 교육", "vacancy_rate": 0.0, "vacancy_rate_lo": 0.0, "vacancy_rate_hi": 50.0, "stores": 5, "source": "stores+ledger", "capacity_method": "floor_ouln", "active_pip": 0, "licensed": 2, "com_floors": [1, 2, 3, 4], "occ_floors": [1, 4], "unknown_n": 2, "id": "1144012100101740003-1", "pnu": "1144012100101740003", "floors": 5, "height": 15.6}}, {"type": "Feature", "geometry": {"type": "Polygon", "coordinates": [[[126.92493295, 37.56052142], [126.92479709, 37.56044655], [126.92473353, 37.56051976], [126.92482176, 37.56056343], [126.92481609, 37.56057072], [126.9248446, 37.5605848], [126.92484483, 37.56058489], [126.92488547, 37.56057924], [126.92490745, 37.56055312], [126.92493295, 37.56052142]]]}, "properties": {"name": "동교동 149-4", "status": "empty", "capacity": 5, "active": 0, "industry": "", "vacancy_rate": 100.0, "source": "polygon_only", "capacity_method": "floor_approx", "active_pip": 0, "licensed": 0, "id": "1144012100101490004-1", "pnu": "1144012100101490004", "floors": 5, "height": 15.5}}, {"type": "Feature", "geometry": {"type": "Polygon", "coordinates": [[[126.92889952, 37.55738858], [126.92888938, 37.55734506], [126.92882625, 37.55731502], [126.92871351, 37.55733306], [126.92872219, 37.55737451], [126.92869468, 37.5573799], [126.92870335, 37.55742153], [126.92889952, 37.55738858]]]}, "properties": {"name": "우측", "status": "full", "capacity": 5, "active": 5, "industry": "섬유·의복·신발 소매", "vacancy_rate": 0.0, "vacancy_rate_lo": 0.0, "vacancy_rate_hi": 20.0, "stores": 4, "source": "stores+ledger", "capacity_method": "floor_ouln", "active_pip": 0, "licensed": 0, "com_floors": [1, 2, 3, 4, 5], "occ_floors": [1, 3, 4, 5], "unknown_n": 1, "id": "1144012100101790038-2", "pnu": "1144012100101790038", "floors": 7, "height": 22.4}}, {"type": "Feature", "geometry": {"type": "Polygon", "coordinates": [[[126.92590525, 37.56124698], [126.9259279, 37.56122591], [126.92585484, 37.56117622], [126.92581972, 37.56120737], [126.92581621, 37.56120547], [126.92577475, 37.5612432], [126.92586003, 37.56130011], [126.92591192, 37.56125122], [126.92590525, 37.56124698]]]}, "properties": {"name": "연남동 383-36", "status": "partial", "capacity": 3, "active": 2, "industry": "", "vacancy_rate": 33.3, "source": "pip_only", "capacity_method": "floor_approx", "active_pip": 0, "licensed": 2, "id": "1144012400103830036-1", "pnu": "1144012400103830036", "floors": 3, "height": 9.35}}, {"type": "Feature", "geometry": {"type": "Polygon", "coordinates": [[[126.92762302, 37.55820051], [126.92782273, 37.55812702], [126.92774555, 37.55799245], [126.92769201, 37.55801242], [126.9276955, 37.5580209], [126.92754889, 37.55807415], [126.92762302, 37.55820051]]]}, "properties": {"name": "동교동외", "status": "partial", "capacity": 6, "active": 3, "industry": "의원", "vacancy_rate": 50.0, "vacancy_rate_lo": 50.0, "vacancy_rate_hi": 66.7, "stores": 3, "source": "stores+ledger", "capacity_method": "floor_ouln", "active_pip": 0, "licensed": 0, "com_floors": [1, 3, 4, 5, 6, 7], "occ_floors": [3, 6], "unknown_n": 1, "id": "1144012100101740011-2", "pnu": "1144012100101740011", "floors": 7, "height": 29.2}}, {"type": "Feature", "geometry": {"type": "Polygon", "coordinates": [[[126.92518665, 37.55939894], [126.92524499, 37.55934728], [126.9251957, 37.559307], [126.92515841, 37.5593562], [126.92516596, 37.5593847], [126.92518665, 37.55939894]]]}, "properties": {"name": "동교동 147-22", "status": "empty", "capacity": 4, "active": 0, "industry": "", "vacancy_rate": 100.0, "source": "polygon_only", "capacity_method": "floor_approx", "active_pip": 0, "licensed": 0, "id": "1144012100101470022-1", "pnu": "1144012100101470022", "floors": 4, "height": 12.58}}, {"type": "Feature", "geometry": {"type": "Polygon", "coordinates": [[[126.9264373, 37.55953254], [126.92644568, 37.55953163], [126.92644125, 37.55943171], [126.92634667, 37.5592774], [126.92621579, 37.55932607], [126.92624257, 37.55937131], [126.9262446, 37.55937474], [126.9262472, 37.55937889], [126.9262155, 37.55939184], [126.92624826, 37.55944619], [126.92625404, 37.55944529], [126.92628013, 37.55949522], [126.9262938, 37.55952019], [126.92630793, 37.55954182], [126.92631239, 37.55960652], [126.92634691, 37.55960573], [126.92634595, 37.55954662], [126.92636973, 37.55953511], [126.9263903, 37.55956197], [126.9264375, 37.55956073], [126.9264373, 37.55953254]]]}, "properties": {"name": "동교동빌딩", "status": "full", "capacity": 5, "active": 5, "industry": "기타 생활용품 소매", "vacancy_rate": 0.0, "vacancy_rate_lo": 0.0, "vacancy_rate_hi": 40.0, "stores": 8, "source": "stores+ledger", "capacity_method": "floor_ouln", "active_pip": 0, "licensed": 2, "com_floors": [1, 2, 3, 4, 5], "occ_floors": [1, 4, 5], "unknown_n": 2, "id": "1144012100101470002-1", "pnu": "1144012100101470002", "floors": 5, "height": 20.02}}, {"type": "Feature", "geometry": {"type": "Polygon", "coordinates": [[[126.92462682, 37.56004839], [126.92476424, 37.5601151], [126.92479514, 37.56007476], [126.92465772, 37.56000805], [126.92462682, 37.56004839]]]}, "properties": {"name": "동교동 150-20", "status": "full", "capacity": 2, "active": 2, "industry": "중식", "vacancy_rate": 0.0, "vacancy_rate_lo": 0.0, "vacancy_rate_hi": 0.0, "stores": 3, "source": "stores+ledger", "capacity_method": "floor_ouln", "active_pip": 0, "licensed": 0, "com_floors": [1, 2], "occ_floors": [1, 2], "unknown_n": 0, "id": "1144012100101500020-1", "pnu": "1144012100101500020", "floors": 4, "height": 10.6}}, {"type": "Feature", "geometry": {"type": "Polygon", "coordinates": [[[126.92544683, 37.55706615], [126.92543094, 37.55711209], [126.92544633, 37.55711445], [126.92543759, 37.55714453], [126.9254902, 37.55715619], [126.92553332, 37.55704864], [126.92552212, 37.55704502], [126.92552405, 37.55703944], [126.92544631, 37.55702001], [126.92542873, 37.55706074], [126.92544683, 37.55706615]]]}, "properties": {"name": "동교동 168-2", "status": "full", "capacity": 2, "active": 2, "industry": "이용·미용", "vacancy_rate": 0.0, "vacancy_rate_lo": 0.0, "vacancy_rate_hi": 0.0, "stores": 3, "source": "stores+ledger", "capacity_method": "floor_ouln", "active_pip": 0, "licensed": 1, "com_floors": [1, 2], "occ_floors": [1, 2], "unknown_n": 0, "id": "1144012100101680002-1", "pnu": "1144012100101680002", "floors": 5, "height": 16.7}}, {"type": "Feature", "geometry": {"type": "Polygon", "coordinates": [[[126.92516037, 37.55990934], [126.92517114, 37.55989682], [126.92518065, 37.559888], [126.92511301, 37.55985417], [126.92507472, 37.55988649], [126.9250642, 37.55987945], [126.92503679, 37.55990124], [126.92503374, 37.55989938], [126.92500007, 37.5599325], [126.92498786, 37.55994049], [126.92500007, 37.55995041], [126.92506024, 37.55999514], [126.92516037, 37.55990934]]]}, "properties": {"name": "동교동 148-12", "status": "empty", "capacity": 2, "active": 0, "industry": "", "vacancy_rate": 100.0, "source": "polygon_only", "capacity_method": "floor_approx", "active_pip": 0, "licensed": 0, "id": "1144012100101480012-1", "pnu": "1144012100101480012", "floors": 2, "height": 6.4}}, {"type": "Feature", "geometry": {"type": "Polygon", "coordinates": [[[126.92571565, 37.5597268], [126.92580637, 37.5597241], [126.92582023, 37.55970866], [126.92581767, 37.55967314], [126.92574081, 37.55967615], [126.92574063, 37.55967302], [126.92571911, 37.55967347], [126.92569982, 37.5596878], [126.92571326, 37.55970004], [126.92571565, 37.5597268]]]}, "properties": {"name": "동교동 113-95", "status": "partial", "capacity": 2, "active": 1, "industry": "일식", "vacancy_rate": 50.0, "vacancy_rate_lo": 50.0, "vacancy_rate_hi": 50.0, "stores": 1, "source": "stores+ledger", "capacity_method": "floor_ouln", "active_pip": 0, "licensed": 0, "com_floors": [1, 2], "occ_floors": [2], "unknown_n": 0, "id": "1144012100101130095-1", "pnu": "1144012100101130095", "floors": 5, "height": 16.1}}, {"type": "Feature", "geometry": {"type": "Polygon", "coordinates": [[[126.92644847, 37.56153222], [126.92653965, 37.5614646], [126.92649485, 37.5614306], [126.92648874, 37.5614342], [126.92646036, 37.56141337], [126.92637449, 37.56147378], [126.92644847, 37.56153222]]]}, "properties": {"name": "연남동 383-103", "status": "full", "capacity": 3, "active": 3, "industry": "한식", "vacancy_rate": 0.0, "vacancy_rate_lo": 0.0, "vacancy_rate_hi": 0.0, "stores": 4, "source": "stores+ledger", "capacity_method": "floor_ouln", "active_pip": 0, "licensed": 4, "com_floors": [1, 2, 3], "occ_floors": [1, 2, 3], "unknown_n": 0, "id": "1144012400103830103-1", "pnu": "1144012400103830103", "floors": 3, "height": 13.22}}, {"type": "Feature", "geometry": {"type": "Polygon", "coordinates": [[[126.92829024, 37.55851167], [126.92828933, 37.55851852], [126.92829011, 37.55852365], [126.92829305, 37.55852825], [126.92829746, 37.55853294], [126.92830821, 37.55853574], [126.92831217, 37.55853484], [126.92833421, 37.55856981], [126.92844924, 37.55852718], [126.92841399, 37.55846598], [126.92832285, 37.55849755], [126.92829828, 37.55850339], [126.92829319, 37.55850672], [126.92829024, 37.55851167]]]}, "properties": {"name": "창천동 506-22", "status": "partial", "capacity": 4, "active": 2, "industry": "섬유·의복·신발 소매", "vacancy_rate": 50.0, "vacancy_rate_lo": 50.0, "vacancy_rate_hi": 75.0, "stores": 5, "source": "stores+ledger", "capacity_method": "floor_ouln", "active_pip": 0, "licensed": 0, "com_floors": [1, 2, 3, 4], "occ_floors": [1], "unknown_n": 1, "id": "1141011600105060022-2", "pnu": "1141011600105060022", "floors": 0, "height": 0.0}}, {"type": "Feature", "geometry": {"type": "Polygon", "coordinates": [[[126.92886256, 37.55925138], [126.92885134, 37.55913667], [126.92875061, 37.55914148], [126.92875822, 37.55923293], [126.92879069, 37.55925602], [126.92886256, 37.55925138]]]}, "properties": {"name": "창천동 506-1", "status": "full", "capacity": 1, "active": 1, "industry": "이용·미용", "vacancy_rate": 0.0, "vacancy_rate_lo": 0.0, "vacancy_rate_hi": 0.0, "stores": 4, "source": "stores+ledger", "capacity_method": "floor_ouln", "active_pip": 0, "licensed": 0, "com_floors": [1], "occ_floors": [1], "unknown_n": 0, "id": "1141011600105060001-1", "pnu": "1141011600105060001", "floors": 3, "height": 0.0}}, {"type": "Feature", "geometry": {"type": "Polygon", "coordinates": [[[126.92554521, 37.55784847], [126.92575761, 37.55801958], [126.92627854, 37.55768041], [126.92638242, 37.55751236], [126.92634364, 37.55746566], [126.92613827, 37.55744189], [126.92556266, 37.55755548], [126.9255504, 37.55758037], [126.92576525, 37.55775381], [126.92570343, 37.55781247], [126.92569228, 37.55786276], [126.92556461, 37.55782635], [126.92554521, 37.55784847]]]}, "properties": {"name": "L", "status": "full", "capacity": 10, "active": 10, "industry": "기타 교육", "vacancy_rate": 0.0, "vacancy_rate_lo": 0.0, "vacancy_rate_hi": 20.0, "stores": 13, "source": "stores+ledger", "capacity_method": "floor_ouln", "active_pip": 0, "licensed": 7, "com_floors": [1, 2, 3, 4, 5, 6, 7, 8, 9, 10], "occ_floors": [1, 2, 3, 4, 5, 6, 7, 9], "unknown_n": 2, "id": "1144012100101670002-1", "pnu": "1144012100101670002", "floors": 10, "height": 69.8}}, {"type": "Feature", "geometry": {"type": "Polygon", "coordinates": [[[126.92461385, 37.55808415], [126.92480213, 37.55798377], [126.92478221, 37.55793112], [126.92472516, 37.55795889], [126.92473786, 37.55797426], [126.92458275, 37.55803659], [126.92461385, 37.55808415]]]}, "properties": {"name": "동교동 155-30", "status": "high", "capacity": 10, "active": 3, "industry": "일반 숙박", "vacancy_rate": 70.0, "vacancy_rate_lo": 70.0, "vacancy_rate_hi": 100.0, "stores": 2, "source": "stores+ledger", "capacity_method": "floor_ouln", "active_pip": 0, "licensed": 0, "com_floors": [1, 2, 3, 4, 5, 6, 7, 8, 9, 10], "occ_floors": [], "unknown_n": 3, "id": "1144012100101550030-1", "pnu": "1144012100101550030", "floors": 10, "height": 32.6}}, {"type": "Feature", "geometry": {"type": "Polygon", "coordinates": [[[126.92581393, 37.56113727], [126.92593455, 37.56118594], [126.92597051, 37.56113559], [126.92582974, 37.5610699], [126.92582165, 37.56107161], [126.92581756, 37.56107491], [126.92581393, 37.56113727]]]}, "properties": {"name": "연남동 383-37", "status": "full", "capacity": 2, "active": 2, "industry": "서양식", "vacancy_rate": 0.0, "vacancy_rate_lo": 0.0, "vacancy_rate_hi": 50.0, "stores": 2, "source": "stores+ledger", "capacity_method": "floor_ouln", "active_pip": 0, "licensed": 1, "com_floors": [1, 2], "occ_floors": [1], "unknown_n": 1, "id": "1144012400103830037-1", "pnu": "1144012400103830037", "floors": 4, "height": 13.65}}, {"type": "Feature", "geometry": {"type": "Polygon", "coordinates": [[[126.92452614, 37.56017952], [126.92450107, 37.56021365], [126.92458062, 37.56026598], [126.92461185, 37.56023589], [126.92452614, 37.56017952]]]}, "properties": {"name": "동교동 150-21", "status": "full", "capacity": 2, "active": 2, "industry": "비알코올 ", "vacancy_rate": 0.0, "vacancy_rate_lo": 0.0, "vacancy_rate_hi": 0.0, "stores": 1, "source": "stores+ledger", "capacity_method": "floor_ouln", "active_pip": 0, "licensed": 1, "com_floors": [1, 2], "occ_floors": [1, 2], "unknown_n": 0, "id": "1144012100101500021-1", "pnu": "1144012100101500021", "floors": 2, "height": 7.8}}, {"type": "Feature", "geometry": {"type": "Polygon", "coordinates": [[[126.9254459, 37.559936], [126.92549894, 37.55986441], [126.92543876, 37.55983248], [126.92544261, 37.5598259], [126.92540721, 37.55980975], [126.92534454, 37.55988855], [126.9254459, 37.559936]]]}, "properties": {"name": "일부", "status": "full", "capacity": 2, "active": 2, "industry": "한식", "vacancy_rate": 0.0, "vacancy_rate_lo": 0.0, "vacancy_rate_hi": 0.0, "stores": 3, "source": "stores+ledger", "capacity_method": "floor_ouln", "active_pip": 0, "licensed": 3, "com_floors": [1, 2], "occ_floors": [1, 2], "unknown_n": 0, "id": "1144012100101480004-1", "pnu": "1144012100101480004", "floors": 2, "height": 6.5}}, {"type": "Feature", "geometry": {"type": "Polygon", "coordinates": [[[126.92574538, 37.55936865], [126.92585135, 37.55932755], [126.92579495, 37.55924111], [126.9257405, 37.55926026], [126.92574309, 37.55926765], [126.92569554, 37.55928826], [126.92574538, 37.55936865]]]}, "properties": {"name": "일부", "status": "full", "capacity": 2, "active": 2, "industry": "일식", "vacancy_rate": 0.0, "vacancy_rate_lo": 0.0, "vacancy_rate_hi": 0.0, "stores": 5, "source": "stores+ledger", "capacity_method": "floor_ouln", "active_pip": 0, "licensed": 4, "com_floors": [1, 2], "occ_floors": [1, 2], "unknown_n": 0, "id": "1144012100101470048-1", "pnu": "1144012100101470048", "floors": 3, "height": 10.1}}, {"type": "Feature", "geometry": {"type": "Polygon", "coordinates": [[[126.92559568, 37.56080034], [126.92547521, 37.56085108], [126.92553183, 37.56093229], [126.92565434, 37.5608821], [126.92559568, 37.56080034]]]}, "properties": {"name": "일부", "status": "full", "capacity": 2, "active": 2, "industry": "서양식", "vacancy_rate": 0.0, "vacancy_rate_lo": 0.0, "vacancy_rate_hi": 0.0, "stores": 6, "source": "stores+ledger", "capacity_method": "floor_ouln", "active_pip": 0, "licensed": 5, "com_floors": [1, 2], "occ_floors": [1, 2], "unknown_n": 0, "id": "1144012400103810005-1", "pnu": "1144012400103810005", "floors": 3, "height": 9.45}}, {"type": "Feature", "geometry": {"type": "Polygon", "coordinates": [[[126.92572432, 37.55970832], [126.92571519, 37.55967597], [126.92570523, 37.5596784], [126.92567712, 37.55971685], [126.92567915, 37.559721], [126.92572432, 37.55970832]]]}, "properties": {"name": "동교동 113-95", "status": "partial", "capacity": 2, "active": 1, "industry": "일식", "vacancy_rate": 50.0, "vacancy_rate_lo": 50.0, "vacancy_rate_hi": 50.0, "stores": 1, "source": "stores+ledger", "capacity_method": "floor_ouln", "active_pip": 0, "licensed": 0, "com_floors": [1, 2], "occ_floors": [2], "unknown_n": 0, "id": "1144012100101130095-2", "pnu": "1144012100101130095", "floors": 0, "height": 0.0}}, {"type": "Feature", "geometry": {"type": "Polygon", "coordinates": [[[126.9269348, 37.55831402], [126.92696023, 37.55815653], [126.92670814, 37.55813073], [126.92665714, 37.5584466], [126.92685836, 37.5584672], [126.92709107, 37.55837814], [126.92706009, 37.55832685], [126.9269348, 37.55831402]]]}, "properties": {"name": "동교동 173-3", "status": "partial", "capacity": 2, "active": 1, "industry": "기타 가정용품 수리", "vacancy_rate": 50.0, "vacancy_rate_lo": 50.0, "vacancy_rate_hi": 100.0, "stores": 1, "source": "stores+ledger", "capacity_method": "floor_ouln", "active_pip": 0, "licensed": 0, "com_floors": [1, 2], "occ_floors": [], "unknown_n": 1, "id": "1144012100101730003-1", "pnu": "1144012100101730003", "floors": 3, "height": 15.8}}, {"type": "Feature", "geometry": {"type": "Polygon", "coordinates": [[[126.92505897, 37.55893278], [126.92500006, 37.55889704], [126.92494491, 37.55886575], [126.92491375, 37.55890042], [126.92500005, 37.55894958], [126.92503042, 37.5589665], [126.92505897, 37.55893278]]]}, "properties": {"name": "동교동 154-5", "status": "full", "capacity": 2, "active": 2, "industry": "유원지·오락", "vacancy_rate": 0.0, "vacancy_rate_lo": 0.0, "vacancy_rate_hi": 0.0, "stores": 5, "source": "stores+ledger", "capacity_method": "floor_ouln", "active_pip": 0, "licensed": 3, "com_floors": [1, 2], "occ_floors": [1, 2], "unknown_n": 0, "id": "1144012100101540005-1", "pnu": "1144012100101540005", "floors": 4, "height": 11.2}}, {"type": "Feature", "geometry": {"type": "Polygon", "coordinates": [[[126.92592312, 37.56125248], [126.92586501, 37.56130407], [126.92596375, 37.56137126], [126.92602956, 37.56131373], [126.92598014, 37.56128117], [126.92597413, 37.56128513], [126.92596226, 37.56127891], [126.92595931, 37.56128188], [126.92592312, 37.56125248]]]}, "properties": {"name": "연남동 383-35", "status": "full", "capacity": 2, "active": 2, "industry": "기타 간이", "vacancy_rate": 0.0, "vacancy_rate_lo": 0.0, "vacancy_rate_hi": 0.0, "stores": 3, "source": "stores+ledger", "capacity_method": "floor_ouln", "active_pip": 0, "licensed": 3, "com_floors": [1, 2], "occ_floors": [1, 2], "unknown_n": 0, "id": "1144012400103830035-1", "pnu": "1144012400103830035", "floors": 2, "height": 0.0}}, {"type": "Feature", "geometry": {"type": "Polygon", "coordinates": [[[126.92636011, 37.5605735], [126.92633995, 37.5605796], [126.92637248, 37.56065387], [126.92639376, 37.56064821], [126.92636011, 37.5605735]]]}, "properties": {"name": "동교동 113-82", "status": "full", "capacity": 2, "active": 2, "industry": "기타 간이", "vacancy_rate": 0.0, "vacancy_rate_lo": 0.0, "vacancy_rate_hi": 0.0, "stores": 1, "source": "stores+ledger", "capacity_method": "floor_ouln", "active_pip": 0, "licensed": 1, "com_floors": [1, 2], "occ_floors": [1, 2], "unknown_n": 0, "id": "1144012100101130082-2", "pnu": "1144012100101130082", "floors": 0, "height": 0.0}}, {"type": "Feature", "geometry": {"type": "Polygon", "coordinates": [[[126.92867975, 37.55753407], [126.92872998, 37.55751592], [126.92864884, 37.55737504], [126.9285264, 37.55742607], [126.9285613, 37.55748654], [126.92862406, 37.55746393], [126.92862979, 37.55747364], [126.92864227, 37.55746916], [126.92867975, 37.55753407]]]}, "properties": {"name": "동교동 179-39", "status": "full", "capacity": 1, "active": 1, "industry": "오락용품 소매", "vacancy_rate": 0.0, "vacancy_rate_lo": 0.0, "vacancy_rate_hi": 100.0, "stores": 1, "source": "stores+ledger", "capacity_method": "floor_ouln", "active_pip": 0, "licensed": 0, "com_floors": [1], "occ_floors": [], "unknown_n": 1, "id": "1144012100101790039-1", "pnu": "1144012100101790039", "floors": 3, "height": 9.4}}, {"type": "Feature", "geometry": {"type": "Polygon", "coordinates": [[[126.92639627, 37.56144244], [126.92644725, 37.561393], [126.92636876, 37.56133493], [126.92627677, 37.56141579], [126.92632733, 37.56144871], [126.92633639, 37.56143987], [126.92636332, 37.56145701], [126.92638529, 37.56143693], [126.92639627, 37.56144244]]]}, "properties": {"name": "연남동 383-23", "status": "full", "capacity": 2, "active": 2, "industry": "비알코올 ", "vacancy_rate": 0.0, "vacancy_rate_lo": 0.0, "vacancy_rate_hi": 0.0, "stores": 4, "source": "stores+ledger", "capacity_method": "floor_ouln", "active_pip": 0, "licensed": 4, "com_floors": [1, 2], "occ_floors": [1, 2], "unknown_n": 0, "id": "1144012400103830023-1", "pnu": "1144012400103830023", "floors": 3, "height": 9.7}}, {"type": "Feature", "geometry": {"type": "Polygon", "coordinates": [[[126.92625212, 37.56138487], [126.92626706, 37.56138919], [126.92633186, 37.561325], [126.92630245, 37.56130533], [126.92630834, 37.56129957], [126.92625778, 37.56126855], [126.92618358, 37.56133824], [126.92625212, 37.56138487]]]}, "properties": {"name": "연남동 383-72", "status": "full", "capacity": 4, "active": 4, "industry": "비알코올 ", "vacancy_rate": 0.0, "vacancy_rate_lo": 0.0, "vacancy_rate_hi": 0.0, "stores": 4, "source": "stores+ledger", "capacity_method": "floor_ouln", "active_pip": 0, "licensed": 3, "com_floors": [1, 2, 3, 4], "occ_floors": [1, 2, 3, 4], "unknown_n": 0, "id": "1144012400103830072-1", "pnu": "1144012400103830072", "floors": 4, "height": 9.76}}, {"type": "Feature", "geometry": {"type": "Polygon", "coordinates": [[[126.92657145, 37.56088744], [126.92650148, 37.56091326], [126.92654442, 37.5609778], [126.92659016, 37.56096368], [126.92657145, 37.56088744]]]}, "properties": {"name": "청", "status": "partial", "capacity": 2, "active": 1, "industry": "서양식", "vacancy_rate": 50.0, "vacancy_rate_lo": 50.0, "vacancy_rate_hi": 50.0, "stores": 2, "source": "stores+ledger", "capacity_method": "floor_ouln", "active_pip": 0, "licensed": 2, "com_floors": [1, 2], "occ_floors": [1], "unknown_n": 0, "id": "1144012100101130085-1", "pnu": "1144012100101130085", "floors": 2, "height": 8.9}}, {"type": "Feature", "geometry": {"type": "Polygon", "coordinates": [[[126.92823443, 37.55733908], [126.92814749, 37.5573711], [126.92821472, 37.55747773], [126.92829929, 37.55744643], [126.92823443, 37.55733908]]]}, "properties": {"name": "동교동 175-5", "status": "empty", "capacity": 4, "active": 0, "industry": "", "vacancy_rate": 100.0, "source": "polygon_only", "capacity_method": "floor_approx", "active_pip": 0, "licensed": 0, "id": "1144012100101750005-1", "pnu": "1144012100101750005", "floors": 4, "height": 0.0}}, {"type": "Feature", "geometry": {"type": "Polygon", "coordinates": [[[126.92970325, 37.55732528], [126.92962343, 37.55735487], [126.92962773, 37.5573628], [126.92962354, 37.5573646], [126.92964603, 37.55739642], [126.92956938, 37.5574243], [126.92957322, 37.55743016], [126.92954481, 37.55743889], [126.92958142, 37.55750099], [126.92961267, 37.55748893], [126.92961436, 37.55749128], [126.92975294, 37.55743775], [126.92972944, 37.55739503], [126.92974167, 37.5573908], [126.92970325, 37.55732528]]]}, "properties": {"name": "동교동 179-9", "status": "empty", "capacity": 5, "active": 0, "industry": "", "vacancy_rate": 100.0, "source": "polygon_only", "capacity_method": "floor_approx", "active_pip": 0, "licensed": 0, "id": "1144012100101790009-1", "pnu": "1144012100101790009", "floors": 5, "height": 14.7}}, {"type": "Feature", "geometry": {"type": "Polygon", "coordinates": [[[126.92511331, 37.55886785], [126.92510935, 37.55884562], [126.92500007, 37.5587845], [126.92499943, 37.55878416], [126.92496566, 37.55882423], [126.92495241, 37.5588372], [126.92500003, 37.55886246], [126.92508111, 37.55890633], [126.92511331, 37.55886785]]]}, "properties": {"name": "지층", "status": "full", "capacity": 3, "active": 3, "industry": "주점", "vacancy_rate": 0.0, "vacancy_rate_lo": 0.0, "vacancy_rate_hi": 0.0, "stores": 4, "source": "stores+ledger", "capacity_method": "floor_ouln", "active_pip": 0, "licensed": 4, "com_floors": [1, 2, 3], "occ_floors": [1, 2, 3], "unknown_n": 0, "id": "1144012100101540007-1", "pnu": "1144012100101540007", "floors": 3, "height": 0.0}}, {"type": "Feature", "geometry": {"type": "Polygon", "coordinates": [[[126.92573559, 37.55885202], [126.92559814, 37.55890491], [126.92564684, 37.55898162], [126.92578022, 37.55892944], [126.92573559, 37.55885202]]]}, "properties": {"name": "동교동 147-39", "status": "empty", "capacity": 4, "active": 0, "industry": "", "vacancy_rate": 100.0, "source": "polygon_only", "capacity_method": "floor_approx", "active_pip": 0, "licensed": 0, "id": "1144012100101470039-1", "pnu": "1144012100101470039", "floors": 4, "height": 10.5}}, {"type": "Feature", "geometry": {"type": "Polygon", "coordinates": [[[126.92553784, 37.56024186], [126.92554626, 37.56024604], [126.92555464, 37.56025646], [126.92563834, 37.56023619], [126.92558961, 37.56013768], [126.92550481, 37.56016564], [126.92549599, 37.56017157], [126.92549758, 37.56018259], [126.92551277, 37.56019367], [126.92553784, 37.56024186]]]}, "properties": {"name": "우측비", "status": "full", "capacity": 9, "active": 9, "industry": "서양식", "vacancy_rate": 0.0, "vacancy_rate_lo": null, "vacancy_rate_hi": null, "stores": 9, "source": "stores+ledger", "capacity_method": "expos_units", "active_pip": 0, "licensed": 2, "com_floors": null, "occ_floors": null, "unknown_n": null, "id": "1144012100101130029-1", "pnu": "1144012100101130029", "floors": 4, "height": 13.77}}, {"type": "Feature", "geometry": {"type": "Polygon", "coordinates": [[[126.92532665, 37.55748817], [126.92521844, 37.55740597], [126.92509258, 37.55751244], [126.92514961, 37.55755543], [126.92522427, 37.55749267], [126.92526033, 37.55751986], [126.92526589, 37.55751519], [126.9252835, 37.55752846], [126.92532665, 37.55748817]]]}, "properties": {"name": "동교동목화빌딩", "status": "full", "capacity": 10, "active": 10, "industry": "의원", "vacancy_rate": 0.0, "vacancy_rate_lo": 0.0, "vacancy_rate_hi": 20.0, "stores": 8, "source": "stores+ledger", "capacity_method": "floor_ouln", "active_pip": 0, "licensed": 1, "com_floors": [1, 2, 3, 4, 5, 6, 7, 8, 10, 11], "occ_floors": [2, 3, 4, 5, 6, 7, 10, 11], "unknown_n": 2, "id": "1144012100101660001-1", "pnu": "1144012100101660001", "floors": 13, "height": 51.7}}, {"type": "Feature", "geometry": {"type": "Polygon", "coordinates": [[[126.92601066, 37.56116891], [126.92607809, 37.56122347], [126.9261475, 37.56117044], [126.92612044, 37.56114934], [126.92610984, 37.56115745], [126.92609478, 37.56114498], [126.9261005, 37.5611406], [126.92606333, 37.56110981], [126.92600907, 37.56115134], [126.92602088, 37.56115918], [126.92601066, 37.56116891]]]}, "properties": {"name": "연남동 383-24", "status": "partial", "capacity": 4, "active": 3, "industry": "중식", "vacancy_rate": 25.0, "vacancy_rate_lo": null, "vacancy_rate_hi": null, "stores": 3, "source": "stores+ledger", "capacity_method": "expos_units", "active_pip": 0, "licensed": 3, "com_floors": null, "occ_floors": null, "unknown_n": null, "id": "1144012400103830024-1", "pnu": "1144012400103830024", "floors": 4, "height": 13.55}}, {"type": "Feature", "geometry": {"type": "Polygon", "coordinates": [[[126.92556293, 37.55959118], [126.92554022, 37.55955287], [126.92551692, 37.55953268], [126.92548136, 37.55956058], [126.9254756, 37.55955698], [126.9254347, 37.5595902], [126.92551161, 37.55965007], [126.92557051, 37.55959947], [126.92556293, 37.55959118]]]}, "properties": {"name": "동교동 147-26", "status": "full", "capacity": 2, "active": 2, "industry": "이용·미용", "vacancy_rate": 0.0, "vacancy_rate_lo": 0.0, "vacancy_rate_hi": 0.0, "stores": 1, "source": "stores+ledger", "capacity_method": "floor_ouln", "active_pip": 0, "licensed": 1, "com_floors": [1, 2], "occ_floors": [1, 2], "unknown_n": 0, "id": "1144012100101470026-1", "pnu": "1144012100101470026", "floors": 5, "height": 15.5}}, {"type": "Feature", "geometry": {"type": "Polygon", "coordinates": [[[126.92866835, 37.55766217], [126.92879064, 37.55761733], [126.92876746, 37.55757886], [126.92863527, 37.55760556], [126.92866835, 37.55766217]]]}, "properties": {"name": "정원빌딩", "status": "partial", "capacity": 6, "active": 4, "industry": "이용·미용", "vacancy_rate": 33.3, "vacancy_rate_lo": 33.3, "vacancy_rate_hi": 33.3, "stores": 1, "source": "stores+ledger", "capacity_method": "floor_ouln", "active_pip": 0, "licensed": 1, "com_floors": [1, 2, 3, 4, 5, 6], "occ_floors": [1, 3, 4, 6], "unknown_n": 0, "id": "1144012100101790040-1", "pnu": "1144012100101790040", "floors": 6, "height": 20.4}}, {"type": "Feature", "geometry": {"type": "Polygon", "coordinates": [[[126.92508398, 37.56092913], [126.92516278, 37.56089927], [126.92513815, 37.56085952], [126.92514153, 37.56085808], [126.9251116, 37.5608103], [126.92503042, 37.56083963], [126.92508398, 37.56092913]]]}, "properties": {"name": "연남동 381-9", "status": "full", "capacity": 1, "active": 1, "industry": "이용·미용", "vacancy_rate": 0.0, "vacancy_rate_lo": 0.0, "vacancy_rate_hi": 0.0, "stores": 3, "source": "stores+ledger", "capacity_method": "floor_ouln", "active_pip": 0, "licensed": 2, "com_floors": [1], "occ_floors": [1], "unknown_n": 0, "id": "1144012400103810009-1", "pnu": "1144012400103810009", "floors": 3, "height": 11.2}}, {"type": "Feature", "geometry": {"type": "Polygon", "coordinates": [[[126.92236654, 37.5654547], [126.92238252, 37.56543471], [126.92240206, 37.56544441], [126.92240663, 37.56543959], [126.92241322, 37.56544261], [126.922449, 37.56540187], [126.9223353, 37.56533665], [126.92233497, 37.56533647], [126.92230483, 37.56536942], [126.92231739, 37.56537664], [126.92231433, 37.56537997], [126.92231433, 37.56537988], [126.92228679, 37.56541446], [126.92236654, 37.5654547]]]}, "properties": {"name": "연남동 241-39", "status": "empty", "capacity": 4, "active": 0, "industry": "", "vacancy_rate": 100.0, "source": "polygon_only", "capacity_method": "floor_approx", "active_pip": 0, "licensed": 0, "id": "1144012400102410039-1", "pnu": "1144012400102410039", "floors": 4, "height": 10.4}}, {"type": "Feature", "geometry": {"type": "Polygon", "coordinates": [[[126.91884318, 37.56192899], [126.9186877, 37.56185045], [126.91864363, 37.56203657], [126.91879566, 37.56206133], [126.91884318, 37.56192899]]]}, "properties": {"name": "에이치엔엘빌", "status": "partial", "capacity": 3, "active": 2, "industry": "비알코올 ", "vacancy_rate": 33.3, "vacancy_rate_lo": null, "vacancy_rate_hi": null, "stores": 2, "source": "stores+ledger", "capacity_method": "expos_units", "active_pip": 0, "licensed": 0, "com_floors": null, "occ_floors": null, "unknown_n": null, "id": "1144012400104880011-1", "pnu": "1144012400104880011", "floors": 6, "height": 19.97}}, {"type": "Feature", "geometry": {"type": "Polygon", "coordinates": [[[126.92417732, 37.56535316], [126.92414988, 37.56528629], [126.92406735, 37.56530777], [126.92409636, 37.56537851], [126.92413565, 37.56536836], [126.92413407, 37.56536439], [126.92417732, 37.56535316]]]}, "properties": {"name": "연남동 223-9", "status": "full", "capacity": 2, "active": 2, "industry": "비알코올 ", "vacancy_rate": 0.0, "vacancy_rate_lo": 0.0, "vacancy_rate_hi": 0.0, "stores": 3, "source": "stores+ledger", "capacity_method": "floor_ouln", "active_pip": 0, "licensed": 1, "com_floors": [1, 2], "occ_floors": [1, 2], "unknown_n": 0, "id": "1144012400102230009-1", "pnu": "1144012400102230009", "floors": 4, "height": 14.85}}, {"type": "Feature", "geometry": {"type": "Polygon", "coordinates": [[[126.92341114, 37.56556284], [126.92344663, 37.56555803], [126.92344416, 37.56554649], [126.92347061, 37.5655429], [126.92347194, 37.56554912], [126.92348232, 37.56554772], [126.92348136, 37.56554328], [126.92350814, 37.56553965], [126.92350244, 37.565513], [126.9235125, 37.56551165], [126.92350133, 37.56545942], [126.9233922, 37.56547419], [126.92341114, 37.56556284]]]}, "properties": {"name": "연남동 241-87", "status": "partial", "capacity": 4, "active": 3, "industry": "종합 소매", "vacancy_rate": 25.0, "vacancy_rate_lo": 25.0, "vacancy_rate_hi": 50.0, "stores": 3, "source": "stores+ledger", "capacity_method": "floor_ouln", "active_pip": 0, "licensed": 2, "com_floors": [1, 2, 3, 4], "occ_floors": [1, 2], "unknown_n": 1, "id": "1144012400102410087-1", "pnu": "1144012400102410087", "floors": 4, "height": 13.0}}, {"type": "Feature", "geometry": {"type": "Polygon", "coordinates": [[[126.92184017, 37.56506908], [126.92177195, 37.56503525], [126.9217197, 37.56510199], [126.92178792, 37.56513581], [126.92184017, 37.56506908]]]}, "properties": {"name": "연남동 245-48", "status": "full", "capacity": 2, "active": 2, "industry": "섬유·의복·신발 소매", "vacancy_rate": 0.0, "vacancy_rate_lo": 0.0, "vacancy_rate_hi": 0.0, "stores": 1, "source": "stores+ledger", "capacity_method": "floor_ouln", "active_pip": 0, "licensed": 1, "com_floors": [1, 2], "occ_floors": [1, 2], "unknown_n": 0, "id": "1144012400102450048-1", "pnu": "1144012400102450048", "floors": 2, "height": 7.0}}, {"type": "Feature", "geometry": {"type": "Polygon", "coordinates": [[[126.9245866, 37.56603863], [126.92455906, 37.56595428], [126.92452011, 37.56596461], [126.92453784, 37.56600679], [126.92449606, 37.56601785], [126.92447935, 37.5659781], [126.9244421, 37.56598808], [126.92447315, 37.56606207], [126.9245866, 37.56603863]]]}, "properties": {"name": "연희동 220-30", "status": "empty", "capacity": 6, "active": 0, "industry": "", "vacancy_rate": 100.0, "source": "polygon_only", "capacity_method": "floor_approx", "active_pip": 0, "licensed": 0, "id": "1141011700102200030-1", "pnu": "1141011700102200030", "floors": 6, "height": 18.1}}, {"type": "Feature", "geometry": {"type": "Polygon", "coordinates": [[[126.92340042, 37.56544366], [126.92340804, 37.56540609], [126.92336539, 37.56538381], [126.92333788, 37.56538613], [126.92333686, 37.56538352], [126.92333676, 37.5653837], [126.92333472, 37.56537108], [126.92329137, 37.56537548], [126.92328901, 37.56536051], [126.92323003, 37.56536633], [126.9232298, 37.56536633], [126.92323689, 37.56541066], [126.92324912, 37.56540942], [126.92325587, 37.56545104], [126.92325587, 37.56545473], [126.92340042, 37.56544366]]]}, "properties": {"name": "연남동 241-16", "status": "full", "capacity": 2, "active": 2, "industry": "서양식", "vacancy_rate": 0.0, "vacancy_rate_lo": 0.0, "vacancy_rate_hi": 0.0, "stores": 3, "source": "stores+ledger", "capacity_method": "floor_ouln", "active_pip": 0, "licensed": 1, "com_floors": [1, 2], "occ_floors": [1, 2], "unknown_n": 0, "id": "1144012400102410016-1", "pnu": "1144012400102410016", "floors": 2, "height": 10.4}}, {"type": "Feature", "geometry": {"type": "Polygon", "coordinates": [[[126.9210136, 37.56567004], [126.92109215, 37.56556666], [126.92104826, 37.5655387], [126.92102978, 37.56556148], [126.92101033, 37.56555147], [126.9209744, 37.56559577], [126.92096331, 37.56559], [126.92093248, 37.565628], [126.92098147, 37.56565317], [126.9210136, 37.56567004]]]}, "properties": {"name": "연남동 245-75", "status": "full", "capacity": 1, "active": 1, "industry": "한식", "vacancy_rate": 0.0, "vacancy_rate_lo": 0.0, "vacancy_rate_hi": 0.0, "stores": 1, "source": "stores+ledger", "capacity_method": "floor_ouln", "active_pip": 0, "licensed": 1, "com_floors": [1], "occ_floors": [1], "unknown_n": 0, "id": "1144012400102450075-1", "pnu": "1144012400102450075", "floors": 1, "height": 0.0}}, {"type": "Feature", "geometry": {"type": "Polygon", "coordinates": [[[126.92381211, 37.56542113], [126.92380479, 37.56538491], [126.92373653, 37.5653936], [126.9237354, 37.56538793], [126.9236908, 37.56539357], [126.92369924, 37.56543547], [126.92381211, 37.56542113]]]}, "properties": {"name": "연남동 223-114", "status": "full", "capacity": 1, "active": 1, "industry": "비알코올 ", "vacancy_rate": 0.0, "vacancy_rate_lo": 0.0, "vacancy_rate_hi": 0.0, "stores": 1, "source": "stores+ledger", "capacity_method": "floor_ouln", "active_pip": 0, "licensed": 0, "com_floors": [1], "occ_floors": [1], "unknown_n": 0, "id": "1144012400102230114-1", "pnu": "1144012400102230114", "floors": 1, "height": 0.0}}, {"type": "Feature", "geometry": {"type": "Polygon", "coordinates": [[[126.92070877, 37.5658895], [126.9206812, 37.5658401], [126.9206101, 37.56586519], [126.92063767, 37.56591459], [126.92070877, 37.5658895]]]}, "properties": {"name": "연남동 244-22", "status": "partial", "capacity": 3, "active": 2, "industry": "비알코올 ", "vacancy_rate": 33.3, "vacancy_rate_lo": 33.3, "vacancy_rate_hi": 66.7, "stores": 2, "source": "stores+ledger", "capacity_method": "floor_ouln", "active_pip": 0, "licensed": 1, "com_floors": [1, 2, 3], "occ_floors": [1], "unknown_n": 1, "id": "1144012400102440022-1", "pnu": "1144012400102440022", "floors": 3, "height": 8.75}}, {"type": "Feature", "geometry": {"type": "Polygon", "coordinates": [[[126.92345984, 37.5657713], [126.92351158, 37.56576223], [126.92351383, 37.56577043], [126.9235864, 37.56575768], [126.92358008, 37.56573506], [126.92359356, 37.56573264], [126.92357901, 37.5656801], [126.92344124, 37.56570435], [126.92345984, 37.5657713]]]}, "properties": {"name": "왼쪽전체호", "status": "full", "capacity": 3, "active": 3, "industry": "오락용품 소매", "vacancy_rate": 0.0, "vacancy_rate_lo": 0.0, "vacancy_rate_hi": 33.3, "stores": 5, "source": "stores+ledger", "capacity_method": "floor_ouln", "active_pip": 0, "licensed": 2, "com_floors": [1, 2, 3], "occ_floors": [1, 2], "unknown_n": 1, "id": "1144012400102410080-1", "pnu": "1144012400102410080", "floors": 3, "height": 9.68}}, {"type": "Feature", "geometry": {"type": "Polygon", "coordinates": [[[126.92255666, 37.56551129], [126.9225241, 37.5654584], [126.92251358, 37.56545128], [126.92249784, 37.56545631], [126.92250608, 37.56547263], [126.92248887, 37.56547821], [126.92248051, 37.5654618], [126.92244376, 37.56547366], [126.9224755, 37.56553621], [126.92255666, 37.56551129]]]}, "properties": {"name": "연남동 241-42", "status": "full", "capacity": 1, "active": 1, "industry": "한식", "vacancy_rate": 0.0, "vacancy_rate_lo": 0.0, "vacancy_rate_hi": 0.0, "stores": 1, "source": "stores+ledger", "capacity_method": "floor_ouln", "active_pip": 0, "licensed": 1, "com_floors": [1], "occ_floors": [1], "unknown_n": 0, "id": "1144012400102410042-1", "pnu": "1144012400102410042", "floors": 1, "height": 0.0}}, {"type": "Feature", "geometry": {"type": "Polygon", "coordinates": [[[126.92202951, 37.56552187], [126.92203756, 37.56551286], [126.92204514, 37.56551719], [126.92206621, 37.56549378], [126.92207119, 37.56549892], [126.92211683, 37.56547075], [126.92202243, 37.56542527], [126.92195346, 37.56551253], [126.92200131, 37.56553752], [126.92202951, 37.56552187]]]}, "properties": {"name": "좌측", "status": "full", "capacity": 2, "active": 2, "industry": "의약·화장품 소매", "vacancy_rate": 0.0, "vacancy_rate_lo": 0.0, "vacancy_rate_hi": 50.0, "stores": 2, "source": "stores+ledger", "capacity_method": "floor_ouln", "active_pip": 0, "licensed": 2, "com_floors": [1, 2], "occ_floors": [1], "unknown_n": 1, "id": "1144012400102410048-1", "pnu": "1144012400102410048", "floors": 2, "height": 7.9}}, {"type": "Feature", "geometry": {"type": "Polygon", "coordinates": [[[126.92164544, 37.56576263], [126.92159457, 37.56569682], [126.92155188, 37.56571382], [126.92154678, 37.56572247], [126.92154666, 37.56572283], [126.92151346, 37.56576317], [126.92154929, 37.5658096], [126.92164544, 37.56576263]]]}, "properties": {"name": "일부호", "status": "full", "capacity": 3, "active": 3, "industry": "기타 교육", "vacancy_rate": 0.0, "vacancy_rate_lo": 0.0, "vacancy_rate_hi": 0.0, "stores": 3, "source": "stores+ledger", "capacity_method": "floor_ouln", "active_pip": 0, "licensed": 0, "com_floors": [1, 3, 5], "occ_floors": [1, 3, 5], "unknown_n": 0, "id": "1144012400102450033-1", "pnu": "1144012400102450033", "floors": 5, "height": 15.09}}, {"type": "Feature", "geometry": {"type": "Polygon", "coordinates": [[[126.92258059, 37.56511066], [126.92249292, 37.56506753], [126.92244418, 37.5651303], [126.92248061, 37.56514816], [126.92247505, 37.56515528], [126.92252643, 37.56518054], [126.92258059, 37.56511066]]]}, "properties": {"name": "연남동 241-28", "status": "partial", "capacity": 2, "active": 1, "industry": "오락용품 소매", "vacancy_rate": 50.0, "vacancy_rate_lo": 50.0, "vacancy_rate_hi": 100.0, "stores": 1, "source": "stores+ledger", "capacity_method": "floor_ouln", "active_pip": 0, "licensed": 0, "com_floors": [1, 2], "occ_floors": [], "unknown_n": 1, "id": "1144012400102410028-1", "pnu": "1144012400102410028", "floors": 4, "height": 11.7}}, {"type": "Feature", "geometry": {"type": "Polygon", "coordinates": [[[126.92187541, 37.56578482], [126.9219543, 37.56577175], [126.92194921, 37.56575153], [126.92187006, 37.56576363], [126.92187541, 37.56578482]]]}, "properties": {"name": "연남동 241-102", "status": "high", "capacity": 3, "active": 1, "industry": "", "vacancy_rate": 66.7, "source": "pip_only", "capacity_method": "floor_approx", "active_pip": 0, "licensed": 1, "id": "1144012400102410102-1", "pnu": "1144012400102410102", "floors": 3, "height": 9.4}}, {"type": "Feature", "geometry": {"type": "Polygon", "coordinates": [[[126.9238367, 37.56549944], [126.92381854, 37.56543492], [126.92376171, 37.56544507], [126.92375709, 37.56542857], [126.92370649, 37.56543755], [126.92371878, 37.56548099], [126.92372682, 37.56547955], [126.92373742, 37.56551713], [126.9238367, 37.56549944]]]}, "properties": {"name": "연남동 223-92", "status": "partial", "capacity": 3, "active": 2, "industry": "섬유·의복·신발 소매", "vacancy_rate": 33.3, "vacancy_rate_lo": 33.3, "vacancy_rate_hi": 66.7, "stores": 1, "source": "stores+ledger", "capacity_method": "floor_ouln", "active_pip": 0, "licensed": 1, "com_floors": [1, 2, 3], "occ_floors": [1], "unknown_n": 1, "id": "1144012400102230092-1", "pnu": "1144012400102230092", "floors": 3, "height": 10.704}}, {"type": "Feature", "geometry": {"type": "Polygon", "coordinates": [[[126.92081848, 37.56532619], [126.92079088, 37.56531203], [126.92078719, 37.56531658], [126.92076625, 37.56530584], [126.92076993, 37.5653013], [126.92070141, 37.56526617], [126.92064256, 37.56533891], [126.92075963, 37.56539892], [126.92081848, 37.56532619]]]}, "properties": {"name": "연세하우스", "status": "full", "capacity": 1, "active": 1, "industry": "이용·미용", "vacancy_rate": 0.0, "vacancy_rate_lo": null, "vacancy_rate_hi": null, "stores": 1, "source": "stores+ledger", "capacity_method": "expos_units", "active_pip": 0, "licensed": 0, "com_floors": null, "occ_floors": null, "unknown_n": null, "id": "1144012400102460003-1", "pnu": "1144012400102460003", "floors": 5, "height": 15.4}}, {"type": "Feature", "geometry": {"type": "Polygon", "coordinates": [[[126.92227424, 37.56550176], [126.92226318, 37.56547571], [126.92225095, 37.56547949], [126.92223401, 37.56544551], [126.92214966, 37.5654723], [126.9221492, 37.56547248], [126.9221518, 37.56547771], [126.92212202, 37.56548706], [126.92214009, 37.56552329], [126.92213647, 37.56552446], [126.92214675, 37.56554492], [126.92227424, 37.56550176]]]}, "properties": {"name": "연남동 241-45", "status": "full", "capacity": 3, "active": 3, "industry": "기타 간이", "vacancy_rate": 0.0, "vacancy_rate_lo": 0.0, "vacancy_rate_hi": 0.0, "stores": 3, "source": "stores+ledger", "capacity_method": "floor_ouln", "active_pip": 0, "licensed": 3, "com_floors": [1, 2, 3], "occ_floors": [1, 2, 3], "unknown_n": 0, "id": "1144012400102410045-1", "pnu": "1144012400102410045", "floors": 4, "height": 12.5}}, {"type": "Feature", "geometry": {"type": "Polygon", "coordinates": [[[126.9224646, 37.56596698], [126.9224408, 37.56589101], [126.92238125, 37.56590277], [126.92237775, 37.56589169], [126.92229975, 37.56590713], [126.92232693, 37.56599418], [126.9224646, 37.56596698]]]}, "properties": {"name": "연남동 241-62", "status": "empty", "capacity": 1, "active": 0, "industry": "", "vacancy_rate": 100.0, "source": "polygon_only", "capacity_method": "floor_approx", "active_pip": 0, "licensed": 0, "id": "1144012400102410062-1", "pnu": "1144012400102410062", "floors": 1, "height": 0.0}}, {"type": "Feature", "geometry": {"type": "Polygon", "coordinates": [[[126.92164653, 37.56546639], [126.92159755, 37.56544194], [126.92158134, 37.56546247], [126.92152772, 37.56543576], [126.92147445, 37.56550366], [126.92157705, 37.56555473], [126.92164653, 37.56546639]]]}, "properties": {"name": "연남동 245-78", "status": "empty", "capacity": 2, "active": 0, "industry": "", "vacancy_rate": 100.0, "source": "polygon_only", "capacity_method": "floor_approx", "active_pip": 0, "licensed": 0, "id": "1144012400102450078-1", "pnu": "1144012400102450078", "floors": 2, "height": 0.0}}, {"type": "Feature", "geometry": {"type": "Polygon", "coordinates": [[[126.9238771, 37.56561822], [126.92384767, 37.56551071], [126.92376254, 37.5655257], [126.92376885, 37.5655485], [126.92365632, 37.56556825], [126.92367978, 37.56565287], [126.9238771, 37.56561822]]]}, "properties": {"name": "연남동 223-91", "status": "empty", "capacity": 3, "active": 0, "industry": "", "vacancy_rate": 100.0, "source": "polygon_only", "capacity_method": "floor_approx", "active_pip": 0, "licensed": 0, "id": "1144012400102230091-1", "pnu": "1144012400102230091", "floors": 3, "height": 0.0}}, {"type": "Feature", "geometry": {"type": "Polygon", "coordinates": [[[126.92191232, 37.56588998], [126.92195595, 37.56588127], [126.92195764, 37.56589938], [126.92201739, 37.56588739], [126.92199237, 37.56579859], [126.92189344, 37.56581625], [126.92191232, 37.56588998]]]}, "properties": {"name": "연남동 241-59", "status": "empty", "capacity": 1, "active": 0, "industry": "기타 간이", "vacancy_rate": 100.0, "vacancy_rate_lo": 100.0, "vacancy_rate_hi": 100.0, "stores": 1, "source": "stores+ledger", "capacity_method": "floor_ouln", "active_pip": 0, "licensed": 0, "com_floors": [1], "occ_floors": [], "unknown_n": 0, "id": "1144012400102410059-1", "pnu": "1144012400102410059", "floors": 4, "height": 14.45}}, {"type": "Feature", "geometry": {"type": "Polygon", "coordinates": [[[126.92283446, 37.56512272], [126.92283774, 37.56511849], [126.92279047, 37.56509548], [126.92276949, 37.56512267], [126.92276373, 37.56511988], [126.92272701, 37.5651677], [126.92283765, 37.56522165], [126.92288185, 37.56516419], [126.92286251, 37.56515472], [126.92287271, 37.56514139], [126.92283446, 37.56512272]]]}, "properties": {"name": "좌측", "status": "full", "capacity": 2, "active": 2, "industry": "이용·미용", "vacancy_rate": 0.0, "vacancy_rate_lo": 0.0, "vacancy_rate_hi": 0.0, "stores": 3, "source": "stores+ledger", "capacity_method": "floor_ouln", "active_pip": 0, "licensed": 1, "com_floors": [1, 2], "occ_floors": [1, 2], "unknown_n": 0, "id": "1144012400102410023-1", "pnu": "1144012400102410023", "floors": 4, "height": 12.75}}, {"type": "Feature", "geometry": {"type": "Polygon", "coordinates": [[[126.92342019, 37.56558458], [126.9234061, 37.56553295], [126.92338776, 37.56553618], [126.9233819, 37.56551428], [126.92331907, 37.56552514], [126.92331343, 37.56550433], [126.92331342, 37.56550451], [126.92330745, 37.56548486], [126.9232608, 37.5654878], [126.92326317, 37.56551124], [126.92326315, 37.56551133], [126.9232635, 37.5655143], [126.92326033, 37.56551457], [126.92328502, 37.56560739], [126.92342019, 37.56558458]]]}, "properties": {"name": "연남동 241-88", "status": "full", "capacity": 3, "active": 3, "industry": "비알코올 ", "vacancy_rate": 0.0, "vacancy_rate_lo": 0.0, "vacancy_rate_hi": 0.0, "stores": 4, "source": "stores+ledger", "capacity_method": "floor_ouln", "active_pip": 0, "licensed": 3, "com_floors": [1, 3, 4], "occ_floors": [1, 3, 4], "unknown_n": 0, "id": "1144012400102410088-1", "pnu": "1144012400102410088", "floors": 4, "height": 12.7}}, {"type": "Feature", "geometry": {"type": "Polygon", "coordinates": [[[126.92360989, 37.5658123], [126.92359883, 37.56577562], [126.92355536, 37.56578398], [126.92355333, 37.56577694], [126.9234657, 37.56579391], [126.92347867, 37.56585475], [126.92359447, 37.5658377], [126.92360989, 37.5658123]]]}, "properties": {"name": "영광빌라", "status": "partial", "capacity": 2, "active": 1, "industry": "주점", "vacancy_rate": 50.0, "vacancy_rate_lo": null, "vacancy_rate_hi": null, "stores": 1, "source": "stores+ledger", "capacity_method": "expos_units", "active_pip": 0, "licensed": 1, "com_floors": null, "occ_floors": null, "unknown_n": null, "id": "1144012400102410001-1", "pnu": "1144012400102410001", "floors": 4, "height": 12.8}}, {"type": "Feature", "geometry": {"type": "Polygon", "coordinates": [[[126.92262116, 37.56559977], [126.92272989, 37.56557808], [126.92270514, 37.56549096], [126.92261674, 37.56548816], [126.92259587, 37.56550993], [126.92262116, 37.56559977]]]}, "properties": {"name": "연남동 241-13", "status": "full", "capacity": 2, "active": 2, "industry": "한식", "vacancy_rate": 0.0, "vacancy_rate_lo": 0.0, "vacancy_rate_hi": 50.0, "stores": 3, "source": "stores+ledger", "capacity_method": "floor_ouln", "active_pip": 0, "licensed": 1, "com_floors": [1, 2], "occ_floors": [1], "unknown_n": 1, "id": "1144012400102410013-1", "pnu": "1144012400102410013", "floors": 5, "height": 16.0}}, {"type": "Feature", "geometry": {"type": "Polygon", "coordinates": [[[126.92084648, 37.56315318], [126.92074162, 37.5631013], [126.92067654, 37.56319351], [126.92071082, 37.56321111], [126.92070028, 37.56322515], [126.92076397, 37.56325628], [126.92084648, 37.56315318]]]}, "properties": {"name": "로프트스튜디오", "status": "partial", "capacity": 4, "active": 2, "industry": "일식", "vacancy_rate": 50.0, "vacancy_rate_lo": null, "vacancy_rate_hi": null, "stores": 2, "source": "stores+ledger", "capacity_method": "expos_units", "active_pip": 0, "licensed": 1, "com_floors": null, "occ_floors": null, "unknown_n": null, "id": "1144012400103690015-1", "pnu": "1144012400103690015", "floors": 6, "height": 20.4}}, {"type": "Feature", "geometry": {"type": "Polygon", "coordinates": [[[126.9242282, 37.56226872], [126.92425994, 37.56223198], [126.92426111, 37.56218819], [126.92424719, 37.56218161], [126.92426029, 37.5621639], [126.92420593, 37.56213464], [126.92420412, 37.56213671], [126.9241979, 37.56213337], [126.92419053, 37.56214193], [126.92419822, 37.56214608], [126.92413488, 37.56221947], [126.92416203, 37.56223435], [126.92416316, 37.56223309], [126.9242282, 37.56226872]]]}, "properties": {"name": "연남동 258-1", "status": "full", "capacity": 3, "active": 3, "industry": "기타 간이", "vacancy_rate": 0.0, "vacancy_rate_lo": 0.0, "vacancy_rate_hi": 0.0, "stores": 2, "source": "stores+ledger", "capacity_method": "floor_ouln", "active_pip": 0, "licensed": 2, "com_floors": [1, 2, 3], "occ_floors": [1, 2, 3], "unknown_n": 0, "id": "1144012400102580001-1", "pnu": "1144012400102580001", "floors": 5, "height": 0.0}}, {"type": "Feature", "geometry": {"type": "Polygon", "coordinates": [[[126.92074906, 37.56354603], [126.92059216, 37.56346728], [126.92054773, 37.56351842], [126.92048393, 37.56348946], [126.92044788, 37.56354439], [126.92045092, 37.56355647], [126.9204956, 37.56357902], [126.92047259, 37.56360838], [126.92063868, 37.56368679], [126.92074906, 37.56354603]]]}, "properties": {"name": "영진빌딩", "status": "full", "capacity": 6, "active": 6, "industry": "오락용품 소매", "vacancy_rate": 0.0, "vacancy_rate_lo": 0.0, "vacancy_rate_hi": 16.7, "stores": 5, "source": "stores+ledger", "capacity_method": "floor_ouln", "active_pip": 0, "licensed": 0, "com_floors": [1, 2, 3, 4, 5, 6], "occ_floors": [1, 2, 3, 5, 6], "unknown_n": 1, "id": "1144012400103690017-1", "pnu": "1144012400103690017", "floors": 6, "height": 20.0}}, {"type": "Feature", "geometry": {"type": "Polygon", "coordinates": [[[126.92138649, 37.56346275], [126.92124509, 37.56338806], [126.92110049, 37.56355258], [126.9212522, 37.56362935], [126.92138649, 37.56346275]]]}, "properties": {"name": "코오롱하늘채아파트", "status": "high", "capacity": 208, "active": 15, "industry": "이용·미용", "vacancy_rate": 92.8, "vacancy_rate_lo": null, "vacancy_rate_hi": null, "stores": 15, "source": "stores+ledger", "capacity_method": "expos_units", "active_pip": 0, "licensed": 3, "com_floors": null, "occ_floors": null, "unknown_n": null, "id": "1144012400105730000-3", "pnu": "1144012400105730000", "floors": 4, "height": 15.3}}, {"type": "Feature", "geometry": {"type": "Polygon", "coordinates": [[[126.92303244, 37.56467487], [126.92301999, 37.56466954], [126.92295438, 37.5647496], [126.92304193, 37.56479507], [126.92306959, 37.56475418], [126.92304832, 37.56474507], [126.92307338, 37.56470805], [126.92302416, 37.56468694], [126.92303244, 37.56467487]]]}, "properties": {"name": "연남동 240-38", "status": "partial", "capacity": 2, "active": 1, "industry": "비알코올 ", "vacancy_rate": 50.0, "vacancy_rate_lo": null, "vacancy_rate_hi": null, "stores": 1, "source": "stores+ledger", "capacity_method": "floor_approx", "active_pip": 0, "licensed": 1, "com_floors": null, "occ_floors": null, "unknown_n": null, "id": "1144012400102400038-1", "pnu": "1144012400102400038", "floors": 1, "height": 0.0}}, {"type": "Feature", "geometry": {"type": "Polygon", "coordinates": [[[126.92372752, 37.56500752], [126.92361474, 37.5649433], [126.92355514, 37.56500957], [126.92367562, 37.56507145], [126.92372752, 37.56500752]]]}, "properties": {"name": "연남동 240-11", "status": "full", "capacity": 2, "active": 2, "industry": "서양식", "vacancy_rate": 0.0, "vacancy_rate_lo": 0.0, "vacancy_rate_hi": 0.0, "stores": 3, "source": "stores+ledger", "capacity_method": "floor_ouln", "active_pip": 0, "licensed": 2, "com_floors": [1, 3], "occ_floors": [1, 3], "unknown_n": 0, "id": "1144012400102400011-1", "pnu": "1144012400102400011", "floors": 3, "height": 11.3}}, {"type": "Feature", "geometry": {"type": "Polygon", "coordinates": [[[126.92215052, 37.56246225], [126.92204917, 37.56240606], [126.92170487, 37.5628338], [126.92181573, 37.5628919], [126.92215052, 37.56246225]]]}, "properties": {"name": "코오롱하늘채아파트", "status": "high", "capacity": 208, "active": 15, "industry": "이용·미용", "vacancy_rate": 92.8, "vacancy_rate_lo": null, "vacancy_rate_hi": null, "stores": 15, "source": "stores+ledger", "capacity_method": "expos_units", "active_pip": 0, "licensed": 3, "com_floors": null, "occ_floors": null, "unknown_n": null, "id": "1144012400105730000-4", "pnu": "1144012400105730000", "floors": 15, "height": 39.85}}, {"type": "Feature", "geometry": {"type": "Polygon", "coordinates": [[[126.92078633, 37.56415748], [126.9206766, 37.56410181], [126.91997776, 37.5649744], [126.92008749, 37.56503006], [126.92078633, 37.56415748]]]}, "properties": {"name": "코오롱하늘채아파트", "status": "high", "capacity": 208, "active": 15, "industry": "이용·미용", "vacancy_rate": 92.8, "vacancy_rate_lo": null, "vacancy_rate_hi": null, "stores": 15, "source": "stores+ledger", "capacity_method": "expos_units", "active_pip": 0, "licensed": 3, "com_floors": null, "occ_floors": null, "unknown_n": null, "id": "1144012400105730000-5", "pnu": "1144012400105730000", "floors": 15, "height": 39.85}}, {"type": "Feature", "geometry": {"type": "Polygon", "coordinates": [[[126.92442632, 37.56360717], [126.92433601, 37.563561], [126.92428294, 37.56362677], [126.92428741, 37.5636431], [126.92436522, 37.56368288], [126.92442632, 37.56360717]]]}, "properties": {"name": "와이팰리스", "status": "full", "capacity": 1, "active": 1, "industry": "세탁", "vacancy_rate": 0.0, "vacancy_rate_lo": null, "vacancy_rate_hi": null, "stores": 1, "source": "stores+ledger", "capacity_method": "expos_units", "active_pip": 0, "licensed": 0, "com_floors": null, "occ_floors": null, "unknown_n": null, "id": "1144012400102290022-1", "pnu": "1144012400102290022", "floors": 5, "height": 17.7}}, {"type": "Feature", "geometry": {"type": "Polygon", "coordinates": [[[126.92388194, 37.56363473], [126.92395377, 37.56367185], [126.92395815, 37.56366641], [126.9239842, 37.56367968], [126.92403478, 37.56361683], [126.92393637, 37.56356618], [126.92388194, 37.56363473]]]}, "properties": {"name": "명칭없음", "status": "full", "capacity": 1, "active": 1, "industry": "기타 교육", "vacancy_rate": 0.0, "vacancy_rate_lo": null, "vacancy_rate_hi": null, "stores": 1, "source": "stores+ledger", "capacity_method": "expos_units", "active_pip": 0, "licensed": 0, "com_floors": null, "occ_floors": null, "unknown_n": null, "id": "1144012400102390030-1", "pnu": "1144012400102390030", "floors": 3, "height": 11.5}}, {"type": "Feature", "geometry": {"type": "Polygon", "coordinates": [[[126.92467186, 37.56466169], [126.92455864, 37.56458071], [126.92446529, 37.56466345], [126.92457873, 37.56474497], [126.92467186, 37.56466169]]]}, "properties": {"name": "유일빌딩", "status": "full", "capacity": 1, "active": 1, "industry": "기타 교육", "vacancy_rate": 0.0, "vacancy_rate_lo": 0.0, "vacancy_rate_hi": 0.0, "stores": 3, "source": "stores+ledger", "capacity_method": "floor_ouln", "active_pip": 0, "licensed": 1, "com_floors": [1], "occ_floors": [1], "unknown_n": 0, "id": "1144012400102230102-1", "pnu": "1144012400102230102", "floors": 5, "height": 17.1}}, {"type": "Feature", "geometry": {"type": "Polygon", "coordinates": [[[126.91896566, 37.56217768], [126.91905584, 37.56222233], [126.91912599, 37.56213267], [126.9190291, 37.5620847], [126.91896314, 37.56216911], [126.91896566, 37.56217768]]]}, "properties": {"name": "명칭없음", "status": "partial", "capacity": 3, "active": 2, "industry": "이용·미용", "vacancy_rate": 33.3, "vacancy_rate_lo": null, "vacancy_rate_hi": null, "stores": 2, "source": "stores+ledger", "capacity_method": "expos_units", "active_pip": 0, "licensed": 2, "com_floors": null, "occ_floors": null, "unknown_n": null, "id": "1144012400104880004-1", "pnu": "1144012400104880004", "floors": 5, "height": 19.3}}, {"type": "Feature", "geometry": {"type": "Polygon", "coordinates": [[[126.92302845, 37.56492138], [126.92298568, 37.56490018], [126.92293355, 37.56497439], [126.92302542, 37.56501526], [126.923061, 37.56496978], [126.92304618, 37.56496238], [126.92305174, 37.56495527], [126.92301576, 37.56493741], [126.92302845, 37.56492138]]]}, "properties": {"name": "연남동 240-34", "status": "full", "capacity": 1, "active": 1, "industry": "비알코올 ", "vacancy_rate": 0.0, "vacancy_rate_lo": 0.0, "vacancy_rate_hi": 0.0, "stores": 1, "source": "stores+ledger", "capacity_method": "floor_ouln", "active_pip": 0, "licensed": 1, "com_floors": [1], "occ_floors": [1], "unknown_n": 0, "id": "1144012400102400034-1", "pnu": "1144012400102400034", "floors": 4, "height": 11.5}}, {"type": "Feature", "geometry": {"type": "Polygon", "coordinates": [[[126.92446748, 37.56205024], [126.92458677, 37.56204449], [126.92459986, 37.56198683], [126.9244631, 37.56199342], [126.92446748, 37.56205024]]]}, "properties": {"name": "연남동 228-48", "status": "full", "capacity": 2, "active": 2, "industry": "한식", "vacancy_rate": 0.0, "vacancy_rate_lo": 0.0, "vacancy_rate_hi": 0.0, "stores": 2, "source": "stores+ledger", "capacity_method": "floor_ouln", "active_pip": 0, "licensed": 2, "com_floors": [1, 2], "occ_floors": [1, 2], "unknown_n": 0, "id": "1144012400102280048-1", "pnu": "1144012400102280048", "floors": 4, "height": 11.55}}, {"type": "Feature", "geometry": {"type": "Polygon", "coordinates": [[[126.92257972, 37.56475447], [126.92268852, 37.56479299], [126.92272136, 37.56473541], [126.92261399, 37.56469702], [126.92257972, 37.56475447]]]}, "properties": {"name": "리인연남", "status": "full", "capacity": 2, "active": 2, "industry": "비알코올 ", "vacancy_rate": 0.0, "vacancy_rate_lo": 0.0, "vacancy_rate_hi": 0.0, "stores": 4, "source": "stores+ledger", "capacity_method": "floor_ouln", "active_pip": 0, "licensed": 2, "com_floors": [1, 2], "occ_floors": [1, 2], "unknown_n": 0, "id": "1144012400102400053-1", "pnu": "1144012400102400053", "floors": 4, "height": 12.6}}, {"type": "Feature", "geometry": {"type": "Polygon", "coordinates": [[[126.92091349, 37.56282292], [126.92085535, 37.5627871], [126.92085117, 37.5627872], [126.92084969, 37.56278764], [126.92082469, 37.56277447], [126.92079546, 37.56280148], [126.92078901, 37.56280752], [126.92075195, 37.56284668], [126.92084063, 37.5628999], [126.92091349, 37.56282292]]]}, "properties": {"name": "연남동 509-2", "status": "full", "capacity": 3, "active": 3, "industry": "이용·미용", "vacancy_rate": 0.0, "vacancy_rate_lo": 0.0, "vacancy_rate_hi": 0.0, "stores": 2, "source": "stores+ledger", "capacity_method": "floor_ouln", "active_pip": 0, "licensed": 1, "com_floors": [1, 2, 3], "occ_floors": [1, 2, 3], "unknown_n": 0, "id": "1144012400105090002-1", "pnu": "1144012400105090002", "floors": 5, "height": 0.0}}, {"type": "Feature", "geometry": {"type": "Polygon", "coordinates": [[[126.92217589, 37.56451267], [126.92196197, 37.56440522], [126.92187572, 37.56451418], [126.9220677, 37.56461063], [126.92207777, 37.56461045], [126.92208751, 37.56460856], [126.92209362, 37.56460533], [126.92211673, 37.56458471], [126.92213419, 37.5645631], [126.92213555, 37.56456057], [126.92214167, 37.56454932], [126.92214235, 37.56454724], [126.92214508, 37.56453833], [126.92217589, 37.56451267]]]}, "properties": {"name": "연남동 250-9", "status": "empty", "capacity": 3, "active": 0, "industry": "", "vacancy_rate": 100.0, "source": "polygon_only", "capacity_method": "floor_approx", "active_pip": 0, "licensed": 0, "id": "1144012400102500009-1", "pnu": "1144012400102500009", "floors": 3, "height": 12.75}}, {"type": "Feature", "geometry": {"type": "Polygon", "coordinates": [[[126.92142005, 37.56222364], [126.92133273, 37.56217375], [126.92126406, 37.56224895], [126.92136337, 37.56231271], [126.92137685, 37.56230677], [126.92142466, 37.56225301], [126.92142005, 37.56222364]]]}, "properties": {"name": "연남동 509-28", "status": "full", "capacity": 1, "active": 1, "industry": "기타 간이", "vacancy_rate": 0.0, "vacancy_rate_lo": 0.0, "vacancy_rate_hi": 0.0, "stores": 1, "source": "stores+ledger", "capacity_method": "floor_ouln", "active_pip": 0, "licensed": 1, "com_floors": [1], "occ_floors": [1], "unknown_n": 0, "id": "1144012400105090028-1", "pnu": "1144012400105090028", "floors": 4, "height": 0.0}}, {"type": "Feature", "geometry": {"type": "Polygon", "coordinates": [[[126.92204388, 37.56379188], [126.92193142, 37.56373432], [126.92180291, 37.56389344], [126.92191524, 37.563951], [126.92204388, 37.56379188]]]}, "properties": {"name": "연남동 249-11", "status": "partial", "capacity": 4, "active": 2, "industry": "기타 교육", "vacancy_rate": 50.0, "vacancy_rate_lo": 50.0, "vacancy_rate_hi": 75.0, "stores": 2, "source": "stores+ledger", "capacity_method": "floor_ouln", "active_pip": 0, "licensed": 1, "com_floors": [1, 2, 3, 4], "occ_floors": [1], "unknown_n": 1, "id": "1144012400102490011-1", "pnu": "1144012400102490011", "floors": 4, "height": 14.5}}, {"type": "Feature", "geometry": {"type": "Polygon", "coordinates": [[[126.92422883, 37.56199446], [126.92408194, 37.56197103], [126.92406709, 37.56199291], [126.92411064, 37.56202123], [126.92407811, 37.56206491], [126.9242279, 37.56212159], [126.92422883, 37.56199446]]]}, "properties": {"name": "연남동 258-3", "status": "partial", "capacity": 4, "active": 2, "industry": "비알코올 ", "vacancy_rate": 50.0, "vacancy_rate_lo": 50.0, "vacancy_rate_hi": 50.0, "stores": 2, "source": "stores+ledger", "capacity_method": "floor_ouln", "active_pip": 0, "licensed": 1, "com_floors": [1, 2, 3, 4], "occ_floors": [3, 4], "unknown_n": 0, "id": "1144012400102580003-1", "pnu": "1144012400102580003", "floors": 5, "height": 14.34}}, {"type": "Feature", "geometry": {"type": "Polygon", "coordinates": [[[126.92454411, 37.5618159], [126.92454335, 37.5617877], [126.92453327, 37.56178796], [126.92453185, 37.56174237], [126.92451068, 37.56174632], [126.92450256, 37.56171866], [126.92443926, 37.56172459], [126.92444935, 37.5618372], [126.92452655, 37.56182985], [126.92454411, 37.5618159]]]}, "properties": {"name": "일부", "status": "full", "capacity": 2, "active": 2, "industry": "종합 소매", "vacancy_rate": 0.0, "vacancy_rate_lo": 0.0, "vacancy_rate_hi": 0.0, "stores": 2, "source": "stores+ledger", "capacity_method": "floor_ouln", "active_pip": 0, "licensed": 2, "com_floors": [1, 2], "occ_floors": [1, 2], "unknown_n": 0, "id": "1144012400102280059-1", "pnu": "1144012400102280059", "floors": 2, "height": 0.0}}, {"type": "Feature", "geometry": {"type": "Polygon", "coordinates": [[[126.92169244, 37.56238339], [126.92160839, 37.56234143], [126.92153347, 37.56243644], [126.92161752, 37.56247839], [126.92169244, 37.56238339]]]}, "properties": {"name": "홍덕빌딩", "status": "full", "capacity": 2, "active": 2, "industry": "기타 교육", "vacancy_rate": 0.0, "vacancy_rate_lo": 0.0, "vacancy_rate_hi": 0.0, "stores": 4, "source": "stores+ledger", "capacity_method": "floor_ouln", "active_pip": 0, "licensed": 1, "com_floors": [1, 2], "occ_floors": [1, 2], "unknown_n": 0, "id": "1144012400105090022-1", "pnu": "1144012400105090022", "floors": 5, "height": 0.0}}, {"type": "Feature", "geometry": {"type": "Polygon", "coordinates": [[[126.9213758, 37.5627607], [126.92139552, 37.56274062], [126.92139552, 37.56274088], [126.92139597, 37.56274161], [126.92139914, 37.56274053], [126.92144231, 37.56269461], [126.92134402, 37.56263616], [126.92128282, 37.56270522], [126.921324, 37.56272841], [126.92132388, 37.56272832], [126.9213758, 37.5627607]]]}, "properties": {"name": "연남동 509-29", "status": "full", "capacity": 3, "active": 3, "industry": "비알코올 ", "vacancy_rate": 0.0, "vacancy_rate_lo": 0.0, "vacancy_rate_hi": 0.0, "stores": 2, "source": "stores+ledger", "capacity_method": "floor_ouln", "active_pip": 0, "licensed": 1, "com_floors": [1, 2, 3], "occ_floors": [1, 2, 3], "unknown_n": 0, "id": "1144012400105090029-1", "pnu": "1144012400105090029", "floors": 5, "height": 16.4}}, {"type": "Feature", "geometry": {"type": "Polygon", "coordinates": [[[126.92400945, 37.56251133], [126.92407064, 37.56253584], [126.92406347, 37.56254556], [126.92413203, 37.56257343], [126.92418423, 37.56249683], [126.92405562, 37.5624421], [126.92400945, 37.56251133]]]}, "properties": {"name": "연남동 255-19", "status": "partial", "capacity": 5, "active": 3, "industry": "서양식", "vacancy_rate": 40.0, "vacancy_rate_lo": 40.0, "vacancy_rate_hi": 40.0, "stores": 3, "source": "stores+ledger", "capacity_method": "floor_ouln", "active_pip": 0, "licensed": 3, "com_floors": [1, 2, 3, 4, 5], "occ_floors": [1, 2, 3], "unknown_n": 0, "id": "1144012400102550019-1", "pnu": "1144012400102550019", "floors": 5, "height": 14.95}}, {"type": "Feature", "geometry": {"type": "Polygon", "coordinates": [[[126.9239659, 37.56456466], [126.92399774, 37.56451963], [126.92400136, 37.56452124], [126.9240969, 37.56439742], [126.92401635, 37.56435998], [126.92399187, 37.56439348], [126.92393168, 37.56448155], [126.92391856, 37.56447587], [126.92388296, 37.56452793], [126.92390943, 37.56453939], [126.9239659, 37.56456466]]]}, "properties": {"name": "연남동 239-10", "status": "partial", "capacity": 4, "active": 2, "industry": "애완동물·용품 소매", "vacancy_rate": 50.0, "vacancy_rate_lo": 50.0, "vacancy_rate_hi": 75.0, "stores": 1, "source": "stores+ledger", "capacity_method": "floor_ouln", "active_pip": 0, "licensed": 0, "com_floors": [1, 2, 3, 4], "occ_floors": [1], "unknown_n": 1, "id": "1144012400102390010-1", "pnu": "1144012400102390010", "floors": 5, "height": 17.2}}, {"type": "Feature", "geometry": {"type": "Polygon", "coordinates": [[[126.92213878, 37.56341127], [126.92202604, 37.5633562], [126.92198259, 37.56341053], [126.92209628, 37.5634662], [126.92213878, 37.56341127]]]}, "properties": {"name": "연남동 252-18", "status": "empty", "capacity": 2, "active": 0, "industry": "", "vacancy_rate": 100.0, "source": "polygon_only", "capacity_method": "floor_approx", "active_pip": 0, "licensed": 0, "id": "1144012400102520018-1", "pnu": "1144012400102520018", "floors": 2, "height": 0.0}}, {"type": "Feature", "geometry": {"type": "Polygon", "coordinates": [[[126.92275991, 37.56507816], [126.92266749, 37.56503404], [126.92261161, 37.56510824], [126.92270642, 37.56515354], [126.92273259, 37.56511869], [126.92273023, 37.5651176], [126.92275991, 37.56507816]]]}, "properties": {"name": "왼쪽", "status": "full", "capacity": 1, "active": 1, "industry": "비알코올 ", "vacancy_rate": 0.0, "vacancy_rate_lo": 0.0, "vacancy_rate_hi": 0.0, "stores": 3, "source": "stores+ledger", "capacity_method": "floor_ouln", "active_pip": 0, "licensed": 1, "com_floors": [1], "occ_floors": [1], "unknown_n": 0, "id": "1144012400102410026-1", "pnu": "1144012400102410026", "floors": 4, "height": 12.347}}, {"type": "Feature", "geometry": {"type": "Polygon", "coordinates": [[[126.92318663, 37.56509285], [126.92308164, 37.56504061], [126.92304821, 37.56508312], [126.92308079, 37.56509936], [126.92304554, 37.56514421], [126.92313016, 37.56518633], [126.9231942, 37.56510502], [126.92318187, 37.56509888], [126.92318663, 37.56509285]]]}, "properties": {"name": "안쪽", "status": "full", "capacity": 2, "active": 2, "industry": "비알코올 ", "vacancy_rate": 0.0, "vacancy_rate_lo": 0.0, "vacancy_rate_hi": 0.0, "stores": 2, "source": "stores+ledger", "capacity_method": "floor_ouln", "active_pip": 0, "licensed": 2, "com_floors": [1, 2], "occ_floors": [1, 2], "unknown_n": 0, "id": "1144012400102400029-1", "pnu": "1144012400102400029", "floors": 2, "height": 6.9}}, {"type": "Feature", "geometry": {"type": "Polygon", "coordinates": [[[126.92388446, 37.56484184], [126.92375323, 37.5647712], [126.92373884, 37.5647893], [126.9237239, 37.56478181], [126.92367245, 37.56484638], [126.92381816, 37.56491982], [126.92388446, 37.56484184]]]}, "properties": {"name": "연남동 240-9", "status": "empty", "capacity": 1, "active": 0, "industry": "", "vacancy_rate": 100.0, "source": "polygon_only", "capacity_method": "floor_approx", "active_pip": 0, "licensed": 0, "id": "1144012400102400009-1", "pnu": "1144012400102400009", "floors": 1, "height": 0.0}}, {"type": "Feature", "geometry": {"type": "Polygon", "coordinates": [[[126.92247766, 37.56505085], [126.92250452, 37.56501645], [126.92251029, 37.56501925], [126.92254315, 37.56497719], [126.92249655, 37.56495148], [126.92248295, 37.56496724], [126.92244347, 37.5649455], [126.92243871, 37.56495109], [126.92242774, 37.56494513], [126.92237856, 37.56500168], [126.92247766, 37.56505085]]]}, "properties": {"name": "일부", "status": "full", "capacity": 1, "active": 1, "industry": "비알코올 ", "vacancy_rate": 0.0, "vacancy_rate_lo": 0.0, "vacancy_rate_hi": 0.0, "stores": 1, "source": "stores+ledger", "capacity_method": "floor_ouln", "active_pip": 0, "licensed": 1, "com_floors": [1], "occ_floors": [1], "unknown_n": 0, "id": "1144012400102410030-1", "pnu": "1144012400102410030", "floors": 2, "height": 8.49}}, {"type": "Feature", "geometry": {"type": "Polygon", "coordinates": [[[126.92116201, 37.56279762], [126.92107832, 37.56275221], [126.92101736, 37.56281903], [126.92109951, 37.56286628], [126.92116201, 37.56279762]]]}, "properties": {"name": "연남동 509-12", "status": "empty", "capacity": 4, "active": 0, "industry": "", "vacancy_rate": 100.0, "source": "polygon_only", "capacity_method": "floor_approx", "active_pip": 0, "licensed": 0, "id": "1144012400105090012-1", "pnu": "1144012400105090012", "floors": 4, "height": 12.0}}, {"type": "Feature", "geometry": {"type": "Polygon", "coordinates": [[[126.92119225, 37.56252062], [126.92129396, 37.56258009], [126.92136532, 37.56250276], [126.92128915, 37.56245822], [126.92128111, 37.56246694], [126.92125557, 37.562452], [126.92119225, 37.56252062]]]}, "properties": {"name": "연남동 509-19", "status": "high", "capacity": 5, "active": 1, "industry": "", "vacancy_rate": 80.0, "source": "pip_only", "capacity_method": "floor_approx", "active_pip": 0, "licensed": 1, "id": "1144012400105090019-1", "pnu": "1144012400105090019", "floors": 5, "height": 16.0}}, {"type": "Feature", "geometry": {"type": "Polygon", "coordinates": [[[126.9211821, 37.56441398], [126.92129401, 37.56447306], [126.921374, 37.56438235], [126.92128446, 37.56433357], [126.92124526, 37.56433852], [126.9211821, 37.56441398]]]}, "properties": {"name": "연남동 246-31", "status": "high", "capacity": 3, "active": 1, "industry": "일반 숙박", "vacancy_rate": 66.7, "vacancy_rate_lo": 66.7, "vacancy_rate_hi": 66.7, "stores": 1, "source": "stores+ledger", "capacity_method": "floor_ouln", "active_pip": 0, "licensed": 0, "com_floors": [3, 4, 5], "occ_floors": [4], "unknown_n": 0, "id": "1144012400102460031-1", "pnu": "1144012400102460031", "floors": 5, "height": 18.0}}, {"type": "Feature", "geometry": {"type": "Polygon", "coordinates": [[[126.92335557, 37.56248026], [126.92342686, 37.56238399], [126.92334111, 37.56234374], [126.92330337, 37.56239463], [126.92328244, 37.56238479], [126.92324878, 37.56243018], [126.92335557, 37.56248026]]]}, "properties": {"name": "연남동 257-5", "status": "partial", "capacity": 2, "active": 1, "industry": "오락용품 소매", "vacancy_rate": 50.0, "vacancy_rate_lo": 50.0, "vacancy_rate_hi": 100.0, "stores": 1, "source": "stores+ledger", "capacity_method": "floor_ouln", "active_pip": 0, "licensed": 0, "com_floors": [1, 2], "occ_floors": [], "unknown_n": 1, "id": "1144012400102570005-1", "pnu": "1144012400102570005", "floors": 2, "height": 9.9}}, {"type": "Feature", "geometry": {"type": "Polygon", "coordinates": [[[126.92443164, 37.5628849], [126.92449906, 37.56291792], [126.92463692, 37.56274894], [126.92457108, 37.56270033], [126.92443164, 37.5628849]]]}, "properties": {"name": "연남동 229-51", "status": "full", "capacity": 4, "active": 4, "industry": "이용·미용", "vacancy_rate": 0.0, "vacancy_rate_lo": 0.0, "vacancy_rate_hi": 0.0, "stores": 4, "source": "stores+ledger", "capacity_method": "floor_ouln", "active_pip": 0, "licensed": 2, "com_floors": [1, 2, 3, 5], "occ_floors": [1, 2, 3, 5], "unknown_n": 0, "id": "1144012400102290051-1", "pnu": "1144012400102290051", "floors": 5, "height": 16.6}}, {"type": "Feature", "geometry": {"type": "Polygon", "coordinates": [[[126.92323467, 37.56359957], [126.92318445, 37.56357341], [126.92311792, 37.56365437], [126.92323987, 37.56371788], [126.92328327, 37.56366511], [126.9232723, 37.56365942], [126.92328579, 37.56364295], [126.92322504, 37.56361128], [126.92323467, 37.56359957]]]}, "properties": {"name": "좌측", "status": "full", "capacity": 2, "active": 2, "industry": "비알코올 ", "vacancy_rate": 0.0, "vacancy_rate_lo": 0.0, "vacancy_rate_hi": 50.0, "stores": 4, "source": "stores+ledger", "capacity_method": "floor_ouln", "active_pip": 0, "licensed": 2, "com_floors": [1, 2], "occ_floors": [1], "unknown_n": 1, "id": "1144012400102540008-1", "pnu": "1144012400102540008", "floors": 2, "height": 7.24}}, {"type": "Feature", "geometry": {"type": "Polygon", "coordinates": [[[126.92307822, 37.56437391], [126.92317678, 37.56442515], [126.92323496, 37.56435423], [126.92316956, 37.56432024], [126.92315784, 37.56433453], [126.92312402, 37.56431808], [126.92307822, 37.56437391]]]}, "properties": {"name": "우측", "status": "full", "capacity": 2, "active": 2, "industry": "식물 소매", "vacancy_rate": 0.0, "vacancy_rate_lo": 0.0, "vacancy_rate_hi": 0.0, "stores": 4, "source": "stores+ledger", "capacity_method": "floor_ouln", "active_pip": 0, "licensed": 1, "com_floors": [1, 2], "occ_floors": [1, 2], "unknown_n": 0, "id": "1144012400102400044-1", "pnu": "1144012400102400044", "floors": 4, "height": 15.9}}, {"type": "Feature", "geometry": {"type": "Polygon", "coordinates": [[[126.9228558, 37.56467144], [126.92295351, 37.56471783], [126.92301925, 37.56463314], [126.92296029, 37.56460414], [126.9229504, 37.56461643], [126.92293551, 37.56460991], [126.9229057, 37.5646483], [126.92288203, 37.56463766], [126.9228558, 37.56467144]]]}, "properties": {"name": "연남동 240-41", "status": "full", "capacity": 3, "active": 3, "industry": "비알코올 ", "vacancy_rate": 0.0, "vacancy_rate_lo": 0.0, "vacancy_rate_hi": 0.0, "stores": 4, "source": "stores+ledger", "capacity_method": "floor_ouln", "active_pip": 0, "licensed": 2, "com_floors": [1, 2, 3], "occ_floors": [1, 2, 3], "unknown_n": 0, "id": "1144012400102400041-1", "pnu": "1144012400102400041", "floors": 3, "height": 8.55}}, {"type": "Feature", "geometry": {"type": "Polygon", "coordinates": [[[126.92156876, 37.56221246], [126.92164655, 37.56225777], [126.92178047, 37.5621121], [126.92170269, 37.5620668], [126.92156876, 37.56221246]]]}, "properties": {"name": "씨", "status": "partial", "capacity": 2, "active": 1, "industry": "의약·화장품 소매", "vacancy_rate": 50.0, "vacancy_rate_lo": 50.0, "vacancy_rate_hi": 50.0, "stores": 2, "source": "stores+ledger", "capacity_method": "floor_ouln", "active_pip": 0, "licensed": 0, "com_floors": [1, 2], "occ_floors": [1], "unknown_n": 0, "id": "1144012400105150025-1", "pnu": "1144012400105150025", "floors": 3, "height": 12.5}}, {"type": "Feature", "geometry": {"type": "Polygon", "coordinates": [[[126.92410058, 37.56374691], [126.92415013, 37.5636853], [126.92411404, 37.56366692], [126.92412072, 37.56365861], [126.92409367, 37.56364481], [126.92408698, 37.56365312], [126.92405089, 37.56363474], [126.92400134, 37.56369634], [126.92410058, 37.56374691]]]}, "properties": {"name": "연남동 239-29", "status": "high", "capacity": 5, "active": 1, "industry": "", "vacancy_rate": 80.0, "source": "pip_only", "capacity_method": "floor_approx", "active_pip": 0, "licensed": 1, "id": "1144012400102390029-1", "pnu": "1144012400102390029", "floors": 5, "height": 14.5}}, {"type": "Feature", "geometry": {"type": "Polygon", "coordinates": [[[126.92416948, 37.5638231], [126.92422588, 37.56385253], [126.92424955, 37.56384862], [126.9243162, 37.56376772], [126.92421535, 37.56371508], [126.92415231, 37.5637916], [126.92418247, 37.56380735], [126.92416948, 37.5638231]]]}, "properties": {"name": "연남동 239-19", "status": "partial", "capacity": 2, "active": 1, "industry": "이용·미용", "vacancy_rate": 50.0, "vacancy_rate_lo": 50.0, "vacancy_rate_hi": 50.0, "stores": 1, "source": "stores+ledger", "capacity_method": "floor_ouln", "active_pip": 0, "licensed": 0, "com_floors": [1, 2], "occ_floors": [2], "unknown_n": 0, "id": "1144012400102390019-1", "pnu": "1144012400102390019", "floors": 5, "height": 15.0}}, {"type": "Feature", "geometry": {"type": "Polygon", "coordinates": [[[126.92422276, 37.56196107], [126.92421473, 37.56187545], [126.92421417, 37.56187334], [126.92421243, 37.56186925], [126.92421052, 37.56186626], [126.92420723, 37.56186259], [126.92420359, 37.56185966], [126.92419963, 37.5618573], [126.92419551, 37.56185552], [126.92419159, 37.56185433], [126.92418878, 37.56185374], [126.92418408, 37.56185319], [126.92418137, 37.56185312], [126.9241794, 37.56185317], [126.92417719, 37.56185334], [126.92417331, 37.56185393], [126.92416978, 37.56185481], [126.92416616, 37.56185609], [126.92416317, 37.56185747], [126.92416019, 37.56185921], [126.92415799, 37.5618608], [126.92415488, 37.56186359], [126.92415292, 37.56186586], [126.92415025, 37.56186927], [126.92410182, 37.56193119], [126.9241229, 37.56194164], [126.92412548, 37.56194215], [126.92422042, 37.56196121], [126.92422276, 37.56196107]]]}, "properties": {"name": "연남동 258-5", "status": "full", "capacity": 3, "active": 3, "industry": "기타 간이", "vacancy_rate": 0.0, "vacancy_rate_lo": 0.0, "vacancy_rate_hi": 0.0, "stores": 2, "source": "stores+ledger", "capacity_method": "floor_ouln", "active_pip": 0, "licensed": 2, "com_floors": [1, 2, 4], "occ_floors": [1, 2, 4], "unknown_n": 0, "id": "1144012400102580005-1", "pnu": "1144012400102580005", "floors": 4, "height": 11.9}}, {"type": "Feature", "geometry": {"type": "Polygon", "coordinates": [[[126.92128287, 37.56288272], [126.92116013, 37.56281136], [126.92109486, 37.56288232], [126.92121884, 37.56295511], [126.92128287, 37.56288272]]]}, "properties": {"name": "은혜빌딩", "status": "partial", "capacity": 5, "active": 3, "industry": "자동차 수리·세차", "vacancy_rate": 40.0, "vacancy_rate_lo": 40.0, "vacancy_rate_hi": 60.0, "stores": 2, "source": "stores+ledger", "capacity_method": "floor_ouln", "active_pip": 0, "licensed": 1, "com_floors": [1, 2, 3, 4, 5], "occ_floors": [2, 3], "unknown_n": 1, "id": "1144012400105090015-1", "pnu": "1144012400105090015", "floors": 5, "height": 15.8}}, {"type": "Feature", "geometry": {"type": "Polygon", "coordinates": [[[126.92182477, 37.56290803], [126.92167274, 37.56282333], [126.92141174, 37.56314094], [126.92157101, 37.56321997], [126.92182477, 37.56290803]]]}, "properties": {"name": "코오롱하늘채아파트", "status": "high", "capacity": 208, "active": 15, "industry": "이용·미용", "vacancy_rate": 92.8, "vacancy_rate_lo": null, "vacancy_rate_hi": null, "stores": 15, "source": "stores+ledger", "capacity_method": "expos_units", "active_pip": 0, "licensed": 3, "com_floors": null, "occ_floors": null, "unknown_n": null, "id": "1144012400105730000-6", "pnu": "1144012400105730000", "floors": 4, "height": 16.9}}, {"type": "Feature", "geometry": {"type": "Polygon", "coordinates": [[[126.92332355, 37.5649104], [126.92333067, 37.56490158], [126.92334098, 37.56490681], [126.92339323, 37.56484233], [126.92334639, 37.56481833], [126.92333323, 37.56483454], [126.92330439, 37.56481966], [126.92330893, 37.56481417], [126.92326334, 37.5647908], [126.92321267, 37.56485347], [126.92332355, 37.5649104]]]}, "properties": {"name": "연남동 240-26", "status": "empty", "capacity": 3, "active": 0, "industry": "", "vacancy_rate": 100.0, "source": "polygon_only", "capacity_method": "floor_approx", "active_pip": 0, "licensed": 0, "id": "1144012400102400026-1", "pnu": "1144012400102400026", "floors": 3, "height": 11.87}}, {"type": "Feature", "geometry": {"type": "Polygon", "coordinates": [[[126.92427612, 37.56242573], [126.92426862, 37.56238011], [126.92418253, 37.56233617], [126.9241176, 37.56241686], [126.92413083, 37.56242363], [126.92413423, 37.5624193], [126.92422688, 37.56246658], [126.92422314, 37.56247225], [126.92423547, 37.5624773], [126.92427612, 37.56242573]]]}, "properties": {"name": "우측두번째호", "status": "full", "capacity": 3, "active": 3, "industry": "기타 간이", "vacancy_rate": 0.0, "vacancy_rate_lo": 0.0, "vacancy_rate_hi": 33.3, "stores": 4, "source": "stores+ledger", "capacity_method": "floor_ouln", "active_pip": 0, "licensed": 4, "com_floors": [1, 2, 3], "occ_floors": [1, 2], "unknown_n": 1, "id": "1144012400102550020-1", "pnu": "1144012400102550020", "floors": 3, "height": 0.0}}, {"type": "Feature", "geometry": {"type": "Polygon", "coordinates": [[[126.92439903, 37.56268419], [126.92430287, 37.5626371], [126.92425017, 37.56270491], [126.92429883, 37.56272828], [126.92429123, 37.56273845], [126.92434033, 37.56276209], [126.9243511, 37.56274967], [126.92434124, 37.56274695], [126.92439903, 37.56268419]]]}, "properties": {"name": "연남동 229-63", "status": "full", "capacity": 3, "active": 3, "industry": "섬유·의복·신발 소매", "vacancy_rate": 0.0, "vacancy_rate_lo": 0.0, "vacancy_rate_hi": 66.7, "stores": 2, "source": "stores+ledger", "capacity_method": "floor_ouln", "active_pip": 0, "licensed": 0, "com_floors": [1, 3, 4], "occ_floors": [1], "unknown_n": 2, "id": "1144012400102290063-1", "pnu": "1144012400102290063", "floors": 4, "height": 10.6}}, {"type": "Feature", "geometry": {"type": "Polygon", "coordinates": [[[126.92312112, 37.56452464], [126.92321492, 37.56457177], [126.92327751, 37.56449586], [126.92327224, 37.5644932], [126.92329043, 37.56447038], [126.92326463, 37.56445734], [126.92324644, 37.56448017], [126.9232237, 37.56446868], [126.9232858, 37.56439078], [126.92324384, 37.56436958], [126.92312112, 37.56452464]]]}, "properties": {"name": "연남동 240-64", "status": "partial", "capacity": 3, "active": 2, "industry": "서양식", "vacancy_rate": 33.3, "vacancy_rate_lo": 33.3, "vacancy_rate_hi": 66.7, "stores": 2, "source": "stores+ledger", "capacity_method": "floor_ouln", "active_pip": 0, "licensed": 0, "com_floors": [1, 2, 3], "occ_floors": [1], "unknown_n": 1, "id": "1144012400102400064-1", "pnu": "1144012400102400064", "floors": 3, "height": 9.2}}, {"type": "Feature", "geometry": {"type": "Polygon", "coordinates": [[[126.92445937, 37.56196822], [126.92458833, 37.56197121], [126.92456658, 37.56190364], [126.92446348, 37.56189964], [126.92445937, 37.56196822]]]}, "properties": {"name": "일부호", "status": "full", "capacity": 4, "active": 4, "industry": "종합 소매", "vacancy_rate": 0.0, "vacancy_rate_lo": 0.0, "vacancy_rate_hi": 0.0, "stores": 6, "source": "stores+ledger", "capacity_method": "floor_ouln", "active_pip": 0, "licensed": 4, "com_floors": [1, 2, 3, 4], "occ_floors": [1, 2, 3, 4], "unknown_n": 0, "id": "1144012400102280057-1", "pnu": "1144012400102280057", "floors": 4, "height": 13.4}}, {"type": "Feature", "geometry": {"type": "Polygon", "coordinates": [[[126.92384714, 37.56270161], [126.92387561, 37.56271606], [126.92387865, 37.56271226], [126.92397146, 37.56275936], [126.92401347, 37.56270691], [126.92392085, 37.5626599], [126.92392328, 37.56265686], [126.92389845, 37.56264425], [126.92388798, 37.56265733], [126.92388417, 37.56265539], [126.92384714, 37.56270161]]]}, "properties": {"name": "가야빌딩", "status": "partial", "capacity": 3, "active": 2, "industry": "비알코올 ", "vacancy_rate": 33.3, "vacancy_rate_lo": 33.3, "vacancy_rate_hi": 33.3, "stores": 1, "source": "stores+ledger", "capacity_method": "floor_ouln", "active_pip": 0, "licensed": 1, "com_floors": [1, 3, 4], "occ_floors": [1, 4], "unknown_n": 0, "id": "1144012400102550012-1", "pnu": "1144012400102550012", "floors": 5, "height": 14.8}}, {"type": "Feature", "geometry": {"type": "Polygon", "coordinates": [[[126.92336612, 37.56411431], [126.92324745, 37.56405819], [126.92321412, 37.56410285], [126.92322465, 37.56410791], [126.92317568, 37.56417356], [126.9232758, 37.56422525], [126.92336612, 37.56411431]]]}, "properties": {"name": "좌측호", "status": "partial", "capacity": 2, "active": 1, "industry": "섬유·의복·신발 소매", "vacancy_rate": 50.0, "vacancy_rate_lo": 50.0, "vacancy_rate_hi": 50.0, "stores": 3, "source": "stores+ledger", "capacity_method": "floor_ouln", "active_pip": 0, "licensed": 2, "com_floors": [1, 2], "occ_floors": [1], "unknown_n": 0, "id": "1144012400102390049-1", "pnu": "1144012400102390049", "floors": 2, "height": 10.5}}, {"type": "Feature", "geometry": {"type": "Polygon", "coordinates": [[[126.92397877, 37.56192136], [126.92400461, 37.56193259], [126.92403245, 37.56190092], [126.92404769, 37.5619055], [126.92412993, 37.56179867], [126.92405449, 37.56175959], [126.92395911, 37.5618614], [126.92398705, 37.56187699], [126.92397476, 37.56189212], [126.92399176, 37.56190094], [126.92397877, 37.56192136]]]}, "properties": {"name": "연남동 258-10", "status": "full", "capacity": 5, "active": 5, "industry": "한식", "vacancy_rate": 0.0, "vacancy_rate_lo": 0.0, "vacancy_rate_hi": 20.0, "stores": 7, "source": "stores+ledger", "capacity_method": "floor_ouln", "active_pip": 0, "licensed": 2, "com_floors": [1, 2, 3, 4, 5], "occ_floors": [1, 2, 3, 4], "unknown_n": 1, "id": "1144012400102580010-1", "pnu": "1144012400102580010", "floors": 5, "height": 15.4}}, {"type": "Feature", "geometry": {"type": "Polygon", "coordinates": [[[126.92413185, 37.56231029], [126.92403252, 37.56226012], [126.92398209, 37.56232344], [126.92400076, 37.56233291], [126.92397956, 37.56235948], [126.92406023, 37.56240025], [126.92413185, 37.56231029]]]}, "properties": {"name": "우측호", "status": "partial", "capacity": 4, "active": 3, "industry": "서양식", "vacancy_rate": 25.0, "vacancy_rate_lo": 25.0, "vacancy_rate_hi": 50.0, "stores": 4, "source": "stores+ledger", "capacity_method": "floor_ouln", "active_pip": 0, "licensed": 3, "com_floors": [1, 2, 3, 4], "occ_floors": [1, 4], "unknown_n": 1, "id": "1144012400102550021-1", "pnu": "1144012400102550021", "floors": 5, "height": 14.6}}, {"type": "Feature", "geometry": {"type": "Polygon", "coordinates": [[[126.92428072, 37.56495238], [126.92431244, 37.56492654], [126.92432511, 37.56493636], [126.92435378, 37.56490511], [126.92428558, 37.5648566], [126.92426495, 37.56487858], [126.92423452, 37.56486053], [126.92420053, 37.56489682], [126.92428072, 37.56495238]]]}, "properties": {"name": "연남동 223-21", "status": "full", "capacity": 3, "active": 3, "industry": "서양식", "vacancy_rate": 0.0, "vacancy_rate_lo": 0.0, "vacancy_rate_hi": 0.0, "stores": 2, "source": "stores+ledger", "capacity_method": "floor_ouln", "active_pip": 0, "licensed": 1, "com_floors": [1, 2, 3], "occ_floors": [1, 2, 3], "unknown_n": 0, "id": "1144012400102230021-1", "pnu": "1144012400102230021", "floors": 3, "height": 9.85}}, {"type": "Feature", "geometry": {"type": "Polygon", "coordinates": [[[126.92461028, 37.56409781], [126.92455532, 37.56405849], [126.92449539, 37.5641053], [126.92450105, 37.56410981], [126.92446378, 37.56413889], [126.92462958, 37.56426504], [126.92462981, 37.5642654], [126.92466058, 37.56428642], [126.92471404, 37.56423942], [126.92463907, 37.56417162], [126.92465391, 37.56416126], [126.92458978, 37.56411267], [126.9245899, 37.56411248], [126.92460779, 37.56410015], [126.92460745, 37.56409979], [126.92461028, 37.56409781]]]}, "properties": {"name": "연남동 239-39", "status": "full", "capacity": 2, "active": 2, "industry": "비알코올 ", "vacancy_rate": 0.0, "vacancy_rate_lo": 0.0, "vacancy_rate_hi": 0.0, "stores": 5, "source": "stores+ledger", "capacity_method": "floor_ouln", "active_pip": 0, "licensed": 2, "com_floors": [1, 2], "occ_floors": [1, 2], "unknown_n": 0, "id": "1144012400102390039-1", "pnu": "1144012400102390039", "floors": 2, "height": 7.3}}, {"type": "Feature", "geometry": {"type": "Polygon", "coordinates": [[[126.92451625, 37.56273391], [126.92456022, 37.56267817], [126.92449767, 37.56262686], [126.92444112, 37.56269881], [126.92449532, 37.56272606], [126.92449678, 37.56272417], [126.92451625, 37.56273391]]]}, "properties": {"name": "연남동 229-59", "status": "full", "capacity": 1, "active": 1, "industry": "한식", "vacancy_rate": 0.0, "vacancy_rate_lo": 0.0, "vacancy_rate_hi": 0.0, "stores": 4, "source": "stores+ledger", "capacity_method": "floor_ouln", "active_pip": 0, "licensed": 1, "com_floors": [1], "occ_floors": [1], "unknown_n": 0, "id": "1144012400102290059-1", "pnu": "1144012400102290059", "floors": 4, "height": 12.1}}, {"type": "Feature", "geometry": {"type": "Polygon", "coordinates": [[[126.92448952, 37.56555518], [126.92444239, 37.56547614], [126.92435384, 37.56550951], [126.92439996, 37.56558684], [126.92446278, 37.56556733], [126.92446098, 37.56556273], [126.92448952, 37.56555518]]]}, "properties": {"name": "연남동 223-119", "status": "high", "capacity": 4, "active": 1, "industry": "", "vacancy_rate": 75.0, "source": "pip_only", "capacity_method": "floor_approx", "active_pip": 0, "licensed": 1, "id": "1144012400102230119-1", "pnu": "1144012400102230119", "floors": 4, "height": 11.85}}, {"type": "Feature", "geometry": {"type": "Polygon", "coordinates": [[[126.92277454, 37.56242682], [126.92287997, 37.56248366], [126.92293384, 37.56242248], [126.92292613, 37.56241825], [126.92295321, 37.56238683], [126.92286427, 37.56233805], [126.92284004, 37.56234394], [126.92277454, 37.56242682]]]}, "properties": {"name": "연남동 257-19", "status": "full", "capacity": 4, "active": 4, "industry": "일반 숙박", "vacancy_rate": 0.0, "vacancy_rate_lo": 0.0, "vacancy_rate_hi": 0.0, "stores": 6, "source": "stores+ledger", "capacity_method": "floor_ouln", "active_pip": 0, "licensed": 3, "com_floors": [1, 2, 3, 4], "occ_floors": [1, 2, 3, 4], "unknown_n": 0, "id": "1144012400102570019-1", "pnu": "1144012400102570019", "floors": 4, "height": 13.9}}, {"type": "Feature", "geometry": {"type": "Polygon", "coordinates": [[[126.92346207, 37.56447801], [126.92337474, 37.56443263], [126.92327954, 37.56454871], [126.92336688, 37.56459409], [126.92346207, 37.56447801]]]}, "properties": {"name": "연남동 240-63", "status": "high", "capacity": 5, "active": 1, "industry": "", "vacancy_rate": 80.0, "source": "pip_only", "capacity_method": "floor_approx", "active_pip": 0, "licensed": 1, "id": "1144012400102400063-1", "pnu": "1144012400102400063", "floors": 5, "height": 15.0}}, {"type": "Feature", "geometry": {"type": "Polygon", "coordinates": [[[126.92244492, 37.5646762], [126.9224013, 37.5646527], [126.92236209, 37.56469881], [126.92240571, 37.56472231], [126.92244492, 37.5646762]]]}, "properties": {"name": "연남동 250-1", "status": "empty", "capacity": 1, "active": 0, "industry": "", "vacancy_rate": 100.0, "source": "polygon_only", "capacity_method": "floor_approx", "active_pip": 0, "licensed": 0, "id": "1144012400102500001-1", "pnu": "1144012400102500001", "floors": 1, "height": 0.0}}, {"type": "Feature", "geometry": {"type": "Polygon", "coordinates": [[[126.92248635, 37.56540035], [126.92251083, 37.56537667], [126.92253617, 37.56538939], [126.92256405, 37.56535409], [126.92241133, 37.56527281], [126.92238073, 37.56530811], [126.92238492, 37.56530874], [126.92240279, 37.56531875], [126.92240121, 37.56532065], [126.92240097, 37.56532092], [126.92238012, 37.56534757], [126.92248635, 37.56540035]]]}, "properties": {"name": "연남", "status": "full", "capacity": 1, "active": 1, "industry": "기타 교육", "vacancy_rate": 0.0, "vacancy_rate_lo": 0.0, "vacancy_rate_hi": 0.0, "stores": 2, "source": "stores+ledger", "capacity_method": "floor_ouln", "active_pip": 0, "licensed": 1, "com_floors": [1], "occ_floors": [1], "unknown_n": 0, "id": "1144012400102410038-1", "pnu": "1144012400102410038", "floors": 2, "height": 0.0}}, {"type": "Feature", "geometry": {"type": "Polygon", "coordinates": [[[126.92322553, 37.56544642], [126.92322106, 37.5653966], [126.92321641, 37.56539686], [126.92321216, 37.56534974], [126.92317628, 37.5653518], [126.92317527, 37.56534071], [126.92312852, 37.56534338], [126.92313827, 37.56545142], [126.92322553, 37.56544642]]]}, "properties": {"name": "연남동 241-17", "status": "high", "capacity": 6, "active": 1, "industry": "한식", "vacancy_rate": 83.3, "vacancy_rate_lo": null, "vacancy_rate_hi": null, "stores": 1, "source": "stores+ledger", "capacity_method": "floor_approx", "active_pip": 0, "licensed": 1, "com_floors": null, "occ_floors": null, "unknown_n": null, "id": "1144012400102410017-1", "pnu": "1144012400102410017", "floors": 3, "height": 9.5}}, {"type": "Feature", "geometry": {"type": "Polygon", "coordinates": [[[126.92283246, 37.56573692], [126.92290697, 37.56572138], [126.92288105, 37.56560793], [126.92282207, 37.56561645], [126.92284024, 37.5656716], [126.92277639, 37.56568499], [126.92279128, 37.56573023], [126.92282785, 37.56572259], [126.92283246, 37.56573692]]]}, "properties": {"name": "연남동 241-10", "status": "full", "capacity": 1, "active": 1, "industry": "비알코올 ", "vacancy_rate": 0.0, "vacancy_rate_lo": 0.0, "vacancy_rate_hi": 0.0, "stores": 1, "source": "stores+ledger", "capacity_method": "floor_ouln", "active_pip": 0, "licensed": 0, "com_floors": [1], "occ_floors": [1], "unknown_n": 0, "id": "1144012400102410010-1", "pnu": "1144012400102410010", "floors": 2, "height": 7.0}}, {"type": "Feature", "geometry": {"type": "Polygon", "coordinates": [[[126.92304932, 37.56575761], [126.92303253, 37.56568984], [126.92292011, 37.56570725], [126.92291649, 37.56570787], [126.9229201, 37.56572022], [126.92293532, 37.56578231], [126.92300335, 37.56577172], [126.92300178, 37.56576487], [126.92304932, 37.56575761]]]}, "properties": {"name": "연남동 241-77", "status": "full", "capacity": 2, "active": 2, "industry": "일식", "vacancy_rate": 0.0, "vacancy_rate_lo": 0.0, "vacancy_rate_hi": 50.0, "stores": 3, "source": "stores+ledger", "capacity_method": "floor_ouln", "active_pip": 0, "licensed": 2, "com_floors": [1, 2], "occ_floors": [1], "unknown_n": 1, "id": "1144012400102410077-1", "pnu": "1144012400102410077", "floors": 4, "height": 13.75}}, {"type": "Feature", "geometry": {"type": "Polygon", "coordinates": [[[126.92232981, 37.56605527], [126.92230567, 37.56597453], [126.9222245, 37.56598989], [126.92225428, 37.56608938], [126.9223119, 37.56607851], [126.92230638, 37.56605967], [126.92232981, 37.56605527]]]}, "properties": {"name": "연남동 241-58", "status": "full", "capacity": 3, "active": 3, "industry": "비알코올 ", "vacancy_rate": 0.0, "vacancy_rate_lo": 0.0, "vacancy_rate_hi": 33.3, "stores": 2, "source": "stores+ledger", "capacity_method": "floor_ouln", "active_pip": 0, "licensed": 0, "com_floors": [1, 3, 4], "occ_floors": [1, 4], "unknown_n": 1, "id": "1144012400102410058-1", "pnu": "1144012400102410058", "floors": 4, "height": 14.1}}, {"type": "Feature", "geometry": {"type": "Polygon", "coordinates": [[[126.92325709, 37.56513822], [126.92319419, 37.56510898], [126.92314704, 37.56516788], [126.92315429, 37.56517121], [126.92313989, 37.56519085], [126.92327485, 37.56525896], [126.92333299, 37.56518602], [126.92325018, 37.56514758], [126.92325709, 37.56513822]]]}, "properties": {"name": "상가일부", "status": "full", "capacity": 1, "active": 1, "industry": "기타 간이", "vacancy_rate": 0.0, "vacancy_rate_lo": 0.0, "vacancy_rate_hi": 0.0, "stores": 8, "source": "stores+ledger", "capacity_method": "floor_ouln", "active_pip": 0, "licensed": 3, "com_floors": [1], "occ_floors": [1], "unknown_n": 0, "id": "1144012400102400016-1", "pnu": "1144012400102400016", "floors": 1, "height": 6.0}}, {"type": "Feature", "geometry": {"type": "Polygon", "coordinates": [[[126.92253141, 37.5643027], [126.92256405, 37.56426145], [126.92256427, 37.56426145], [126.92257719, 37.56424506], [126.92256498, 37.56423893], [126.92257529, 37.56422587], [126.92251929, 37.56419772], [126.92253414, 37.56417899], [126.92248039, 37.56415203], [126.92245864, 37.56417957], [126.92240957, 37.5642401], [126.92253141, 37.5643027]]]}, "properties": {"name": "연남동 250-4", "status": "high", "capacity": 3, "active": 1, "industry": "장식품 소매", "vacancy_rate": 66.7, "vacancy_rate_lo": 66.7, "vacancy_rate_hi": 66.7, "stores": 1, "source": "stores+ledger", "capacity_method": "floor_ouln", "active_pip": 0, "licensed": 0, "com_floors": [2, 3, 4], "occ_floors": [2], "unknown_n": 0, "id": "1144012400102500004-1", "pnu": "1144012400102500004", "floors": 4, "height": 14.35}}, {"type": "Feature", "geometry": {"type": "Polygon", "coordinates": [[[126.92352789, 37.56419388], [126.9234177, 37.56414308], [126.92338008, 37.56419477], [126.92339071, 37.56419965], [126.92334582, 37.56426133], [126.92343701, 37.56430752], [126.92352789, 37.56419388]]]}, "properties": {"name": "연남동 239-48", "status": "full", "capacity": 2, "active": 2, "industry": "비알코올 ", "vacancy_rate": 0.0, "vacancy_rate_lo": 0.0, "vacancy_rate_hi": 0.0, "stores": 1, "source": "stores+ledger", "capacity_method": "floor_ouln", "active_pip": 0, "licensed": 1, "com_floors": [1, 2], "occ_floors": [1, 2], "unknown_n": 0, "id": "1144012400102390048-1", "pnu": "1144012400102390048", "floors": 2, "height": 0.0}}, {"type": "Feature", "geometry": {"type": "Polygon", "coordinates": [[[126.92385909, 37.56507752], [126.9237506, 37.56501672], [126.92370368, 37.56507417], [126.92380958, 37.56513353], [126.92385909, 37.56507752]]]}, "properties": {"name": "연남동 240-4", "status": "high", "capacity": 3, "active": 1, "industry": "일반 숙박", "vacancy_rate": 66.7, "vacancy_rate_lo": 66.7, "vacancy_rate_hi": 66.7, "stores": 1, "source": "stores+ledger", "capacity_method": "floor_ouln", "active_pip": 0, "licensed": 0, "com_floors": [1, 2, 3], "occ_floors": [3], "unknown_n": 0, "id": "1144012400102400004-1", "pnu": "1144012400102400004", "floors": 4, "height": 12.5}}, {"type": "Feature", "geometry": {"type": "Polygon", "coordinates": [[[126.92281978, 37.56465707], [126.92288507, 37.56457188], [126.92282295, 37.56453976], [126.9228115, 37.56455381], [126.92280008, 37.56454795], [126.92276893, 37.56457856], [126.92275287, 37.56456819], [126.92271614, 37.56461808], [126.92277463, 37.56464533], [126.92277996, 37.56463812], [126.92281978, 37.56465707]]]}, "properties": {"name": "연남동 240-49", "status": "full", "capacity": 1, "active": 1, "industry": "비알코올 ", "vacancy_rate": 0.0, "vacancy_rate_lo": 0.0, "vacancy_rate_hi": 0.0, "stores": 1, "source": "stores+ledger", "capacity_method": "floor_ouln", "active_pip": 0, "licensed": 1, "com_floors": [1], "occ_floors": [1], "unknown_n": 0, "id": "1144012400102400049-1", "pnu": "1144012400102400049", "floors": 1, "height": 0.0}}, {"type": "Feature", "geometry": {"type": "Polygon", "coordinates": [[[126.92233417, 37.56338193], [126.92223224, 37.56333267], [126.92214067, 37.56344001], [126.92224633, 37.5634972], [126.92233417, 37.56338193]]]}, "properties": {"name": "올인빌라", "status": "full", "capacity": 2, "active": 2, "industry": "일반 숙박", "vacancy_rate": 0.0, "vacancy_rate_lo": null, "vacancy_rate_hi": null, "stores": 2, "source": "stores+ledger", "capacity_method": "expos_units", "active_pip": 0, "licensed": 2, "com_floors": null, "occ_floors": null, "unknown_n": null, "id": "1144012400102520009-1", "pnu": "1144012400102520009", "floors": 5, "height": 13.85}}, {"type": "Feature", "geometry": {"type": "Polygon", "coordinates": [[[126.92292009, 37.56495907], [126.9228564, 37.56492433], [126.92282433, 37.56496161], [126.92283519, 37.56496757], [126.92280255, 37.56500557], [126.92281364, 37.56501161], [126.92280729, 37.56501909], [126.92285718, 37.56504633], [126.92292008, 37.56497321], [126.92292834, 37.56496348], [126.92292009, 37.56495907]]]}, "properties": {"name": "연남동 240-32", "status": "full", "capacity": 1, "active": 1, "industry": "기타 간이", "vacancy_rate": 0.0, "vacancy_rate_lo": 0.0, "vacancy_rate_hi": 0.0, "stores": 1, "source": "stores+ledger", "capacity_method": "floor_ouln", "active_pip": 0, "licensed": 1, "com_floors": [1], "occ_floors": [1], "unknown_n": 0, "id": "1144012400102400032-1", "pnu": "1144012400102400032", "floors": 1, "height": 4.12}}, {"type": "Feature", "geometry": {"type": "Polygon", "coordinates": [[[126.92226409, 37.56458735], [126.92222594, 37.56456838], [126.92220187, 37.56459908], [126.92224001, 37.56461805], [126.92226409, 37.56458735]]]}, "properties": {"name": "연남동 250-1", "status": "empty", "capacity": 1, "active": 0, "industry": "", "vacancy_rate": 100.0, "source": "polygon_only", "capacity_method": "floor_approx", "active_pip": 0, "licensed": 0, "id": "1144012400102500001-2", "pnu": "1144012400102500001", "floors": 1, "height": 0.0}}, {"type": "Feature", "geometry": {"type": "Polygon", "coordinates": [[[126.92307848, 37.56502727], [126.92315835, 37.56505761], [126.92316274, 37.5650503], [126.92320776, 37.56506514], [126.92324378, 37.56500926], [126.92311919, 37.56496186], [126.92307848, 37.56502727]]]}, "properties": {"name": "연남동 240-28", "status": "partial", "capacity": 4, "active": 2, "industry": "", "vacancy_rate": 50.0, "source": "pip_only", "capacity_method": "floor_approx", "active_pip": 0, "licensed": 2, "id": "1144012400102400028-1", "pnu": "1144012400102400028", "floors": 4, "height": 13.0}}, {"type": "Feature", "geometry": {"type": "Polygon", "coordinates": [[[126.92209047, 37.56157531], [126.92219018, 37.56163478], [126.92216413, 37.56166245], [126.92217319, 37.56166786], [126.92217163, 37.56166951], [126.92223425, 37.56170451], [126.9223122, 37.56160769], [126.92216388, 37.56151922], [126.92216282, 37.56151995], [126.92214975, 37.56151215], [126.92209047, 37.56157531]]]}, "properties": {"name": "까사벨라", "status": "partial", "capacity": 2, "active": 1, "industry": "기타 간이", "vacancy_rate": 50.0, "vacancy_rate_lo": null, "vacancy_rate_hi": null, "stores": 1, "source": "stores+ledger", "capacity_method": "expos_units", "active_pip": 0, "licensed": 1, "com_floors": null, "occ_floors": null, "unknown_n": null, "id": "1144012400105150022-1", "pnu": "1144012400105150022", "floors": 5, "height": 17.4}}, {"type": "Feature", "geometry": {"type": "Polygon", "coordinates": [[[126.92357511, 37.56274583], [126.92365069, 37.56265415], [126.92364074, 37.56265171], [126.92364267, 37.56264668], [126.92364255, 37.56264677], [126.92354029, 37.56259209], [126.92349542, 37.56264523], [126.92347619, 37.56263485], [126.92344185, 37.56267556], [126.92347952, 37.56269576], [126.92348008, 37.56269504], [126.92357511, 37.56274583]]]}, "properties": {"name": "연남동 255-9", "status": "empty", "capacity": 2, "active": 0, "industry": "", "vacancy_rate": 100.0, "source": "polygon_only", "capacity_method": "floor_approx", "active_pip": 0, "licensed": 0, "id": "1144012400102550009-1", "pnu": "1144012400102550009", "floors": 2, "height": 8.3}}, {"type": "Feature", "geometry": {"type": "Polygon", "coordinates": [[[126.9234504, 37.56211518], [126.92339118, 37.56218877], [126.92350674, 37.5622477], [126.92356597, 37.5621741], [126.9234504, 37.56211518]]]}, "properties": {"name": "명칭없음", "status": "full", "capacity": 1, "active": 1, "industry": "주점", "vacancy_rate": 0.0, "vacancy_rate_lo": null, "vacancy_rate_hi": null, "stores": 1, "source": "stores+ledger", "capacity_method": "expos_units", "active_pip": 0, "licensed": 1, "com_floors": null, "occ_floors": null, "unknown_n": null, "id": "1144012400102570007-1", "pnu": "1144012400102570007", "floors": 4, "height": 14.35}}, {"type": "Feature", "geometry": {"type": "Polygon", "coordinates": [[[126.92408022, 37.56376814], [126.92398297, 37.5637191], [126.92393678, 37.56377714], [126.92403403, 37.56382618], [126.92408022, 37.56376814]]]}, "properties": {"name": "연남동 239-20", "status": "empty", "capacity": 4, "active": 0, "industry": "", "vacancy_rate": 100.0, "source": "polygon_only", "capacity_method": "floor_approx", "active_pip": 0, "licensed": 0, "id": "1144012400102390020-1", "pnu": "1144012400102390020", "floors": 4, "height": 10.5}}, {"type": "Feature", "geometry": {"type": "Polygon", "coordinates": [[[126.92388413, 37.56243904], [126.92398247, 37.56248891], [126.92403668, 37.56242116], [126.92398183, 37.56239335], [126.92398063, 37.56239486], [126.92394091, 37.56237472], [126.92392526, 37.5623943], [126.92392147, 37.56239238], [126.92388413, 37.56243904]]]}, "properties": {"name": "아트빌", "status": "partial", "capacity": 2, "active": 1, "industry": "이용·미용", "vacancy_rate": 50.0, "vacancy_rate_lo": 50.0, "vacancy_rate_hi": 100.0, "stores": 1, "source": "stores+ledger", "capacity_method": "floor_ouln", "active_pip": 0, "licensed": 0, "com_floors": [4, 5], "occ_floors": [], "unknown_n": 1, "id": "1144012400102550022-1", "pnu": "1144012400102550022", "floors": 5, "height": 14.7}}, {"type": "Feature", "geometry": {"type": "Polygon", "coordinates": [[[126.92371602, 37.5623019], [126.92367214, 37.56227965], [126.92367394, 37.56227736], [126.92364912, 37.56226477], [126.92364729, 37.56226705], [126.92360339, 37.56224478], [126.92354868, 37.56231317], [126.92366129, 37.56237028], [126.9236844, 37.56234141], [126.92367485, 37.56233657], [126.92368215, 37.56232745], [126.9236917, 37.56233229], [126.92371602, 37.5623019]]]}, "properties": {"name": "이삭하우스", "status": "full", "capacity": 1, "active": 1, "industry": "이용·미용", "vacancy_rate": 0.0, "vacancy_rate_lo": null, "vacancy_rate_hi": null, "stores": 1, "source": "stores+ledger", "capacity_method": "expos_units", "active_pip": 0, "licensed": 0, "com_floors": null, "occ_floors": null, "unknown_n": null, "id": "1144012400102550026-1", "pnu": "1144012400102550026", "floors": 5, "height": 15.2}}, {"type": "Feature", "geometry": {"type": "Polygon", "coordinates": [[[126.9234397, 37.56199911], [126.92344923, 37.56200401], [126.92346584, 37.56198354], [126.92336109, 37.56192965], [126.92334447, 37.56195012], [126.92335399, 37.56195502], [126.9232986, 37.56202325], [126.92333002, 37.56203941], [126.92333865, 37.5620288], [126.9233615, 37.56204056], [126.92335288, 37.56205118], [126.92338431, 37.56206734], [126.9234397, 37.56199911]]]}, "properties": {"name": "샹글리라", "status": "full", "capacity": 1, "active": 1, "industry": "주점", "vacancy_rate": 0.0, "vacancy_rate_lo": null, "vacancy_rate_hi": null, "stores": 1, "source": "stores+ledger", "capacity_method": "expos_units", "active_pip": 0, "licensed": 1, "com_floors": null, "occ_floors": null, "unknown_n": null, "id": "1144012400102570016-1", "pnu": "1144012400102570016", "floors": 5, "height": 13.2}}, {"type": "Feature", "geometry": {"type": "Polygon", "coordinates": [[[126.92214042, 37.56553996], [126.92211975, 37.56549562], [126.92207242, 37.56550964], [126.92207592, 37.56551721], [126.92203924, 37.565528], [126.922003, 37.56554834], [126.92202481, 37.56558358], [126.92214042, 37.56553996]]]}, "properties": {"name": "연남동 241-49", "status": "full", "capacity": 2, "active": 2, "industry": "비알코올 ", "vacancy_rate": 0.0, "vacancy_rate_lo": 0.0, "vacancy_rate_hi": 0.0, "stores": 1, "source": "stores+ledger", "capacity_method": "floor_ouln", "active_pip": 0, "licensed": 1, "com_floors": [1, 2], "occ_floors": [1, 2], "unknown_n": 0, "id": "1144012400102410049-1", "pnu": "1144012400102410049", "floors": 3, "height": 9.6}}, {"type": "Feature", "geometry": {"type": "Polygon", "coordinates": [[[126.9233383, 37.56387933], [126.9234434, 37.56393001], [126.9234903, 37.56387118], [126.92350457, 37.56385328], [126.92337144, 37.56378603], [126.92330891, 37.56386448], [126.9233383, 37.56387933]]]}, "properties": {"name": "연남동 239-56", "status": "high", "capacity": 5, "active": 1, "industry": "", "vacancy_rate": 80.0, "source": "pip_only", "capacity_method": "floor_approx", "active_pip": 0, "licensed": 1, "id": "1144012400102390056-1", "pnu": "1144012400102390056", "floors": 5, "height": 18.8}}, {"type": "Feature", "geometry": {"type": "Polygon", "coordinates": [[[126.92181494, 37.56159636], [126.92169865, 37.56152798], [126.9216429, 37.56158723], [126.92175885, 37.56165669], [126.92175885, 37.56165659], [126.92181494, 37.56159636]]]}, "properties": {"name": "연남동 515-10", "status": "empty", "capacity": 4, "active": 0, "industry": "", "vacancy_rate": 100.0, "source": "polygon_only", "capacity_method": "floor_approx", "active_pip": 0, "licensed": 0, "id": "1144012400105150010-1", "pnu": "1144012400105150010", "floors": 4, "height": 13.2}}, {"type": "Feature", "geometry": {"type": "Polygon", "coordinates": [[[126.92393023, 37.56423012], [126.92396465, 37.56418679], [126.92395128, 37.56418006], [126.92396759, 37.56415953], [126.92398096, 37.56416626], [126.92400632, 37.56413432], [126.92392466, 37.56409322], [126.92390691, 37.56409706], [126.92383807, 37.56418373], [126.92393023, 37.56423012]]]}, "properties": {"name": "명칭없음", "status": "full", "capacity": 1, "active": 1, "industry": "이용·미용", "vacancy_rate": 0.0, "vacancy_rate_lo": null, "vacancy_rate_hi": null, "stores": 1, "source": "stores+ledger", "capacity_method": "expos_units", "active_pip": 0, "licensed": 0, "com_floors": null, "occ_floors": null, "unknown_n": null, "id": "1144012400102390012-1", "pnu": "1144012400102390012", "floors": 5, "height": 13.65}}, {"type": "Feature", "geometry": {"type": "Polygon", "coordinates": [[[126.92320205, 37.56567759], [126.92321084, 37.56567582], [126.92321713, 37.5656964], [126.92327778, 37.56568475], [126.92327399, 37.56567135], [126.92328472, 37.56566939], [126.92328036, 37.56565765], [126.92329243, 37.56565522], [126.92328279, 37.56562487], [126.92329256, 37.5656229], [126.92328865, 37.56560719], [126.92318621, 37.5656267], [126.92320205, 37.56567759]]]}, "properties": {"name": "연남동 241-90", "status": "full", "capacity": 3, "active": 3, "industry": "기타 간이", "vacancy_rate": 0.0, "vacancy_rate_lo": 0.0, "vacancy_rate_hi": 0.0, "stores": 2, "source": "stores+ledger", "capacity_method": "floor_ouln", "active_pip": 0, "licensed": 2, "com_floors": [1, 2, 3], "occ_floors": [1, 2, 3], "unknown_n": 0, "id": "1144012400102410090-1", "pnu": "1144012400102410090", "floors": 4, "height": 12.2}}, {"type": "Feature", "geometry": {"type": "Polygon", "coordinates": [[[126.92298142, 37.56232061], [126.92303252, 37.56225573], [126.92303585, 37.56225739], [126.92306139, 37.56222496], [126.92297317, 37.56218134], [126.92290238, 37.56228006], [126.92298142, 37.56232061]]]}, "properties": {"name": "건수빌딩", "status": "full", "capacity": 3, "active": 3, "industry": "기타 교육", "vacancy_rate": 0.0, "vacancy_rate_lo": 0.0, "vacancy_rate_hi": 0.0, "stores": 2, "source": "stores+ledger", "capacity_method": "floor_ouln", "active_pip": 0, "licensed": 1, "com_floors": [1, 2, 5], "occ_floors": [1, 2, 5], "unknown_n": 0, "id": "1144012400102570020-1", "pnu": "1144012400102570020", "floors": 7, "height": 20.75}}, {"type": "Feature", "geometry": {"type": "Polygon", "coordinates": [[[126.92291815, 37.56359753], [126.92287823, 37.56357779], [126.92286524, 37.56359428], [126.9228157, 37.56356929], [126.9227732, 37.56362261], [126.92287286, 37.56366817], [126.92292256, 37.56359973], [126.92291815, 37.56359753]]]}, "properties": {"name": "연남동 254-3", "status": "full", "capacity": 1, "active": 1, "industry": "기타 간이", "vacancy_rate": 0.0, "vacancy_rate_lo": 0.0, "vacancy_rate_hi": 0.0, "stores": 2, "source": "stores+ledger", "capacity_method": "floor_ouln", "active_pip": 0, "licensed": 0, "com_floors": [2], "occ_floors": [2], "unknown_n": 0, "id": "1144012400102540003-1", "pnu": "1144012400102540003", "floors": 2, "height": 0.0}}, {"type": "Feature", "geometry": {"type": "Polygon", "coordinates": [[[126.92375113, 37.56360666], [126.92370827, 37.56358294], [126.92365807, 37.56364048], [126.92366428, 37.56364391], [126.92365454, 37.56365498], [126.92376314, 37.56371506], [126.9237943, 37.56367931], [126.92378163, 37.56367228], [126.92379682, 37.5636549], [126.92377623, 37.56364353], [126.9237794, 37.56363993], [126.92374071, 37.56361846], [126.92375113, 37.56360666]]]}, "properties": {"name": "연남동 239-34", "status": "full", "capacity": 2, "active": 2, "industry": "일반 숙박", "vacancy_rate": 0.0, "vacancy_rate_lo": 0.0, "vacancy_rate_hi": 0.0, "stores": 1, "source": "stores+ledger", "capacity_method": "floor_ouln", "active_pip": 0, "licensed": 1, "com_floors": [1, 2], "occ_floors": [1, 2], "unknown_n": 0, "id": "1144012400102390034-1", "pnu": "1144012400102390034", "floors": 2, "height": 0.0}}, {"type": "Feature", "geometry": {"type": "Polygon", "coordinates": [[[126.92390017, 37.56518562], [126.92399202, 37.56524446], [126.92399324, 37.56525004], [126.92404844, 37.56524591], [126.92412118, 37.56517397], [126.92398088, 37.56508408], [126.92395746, 37.56510723], [126.92397016, 37.56511641], [126.92390017, 37.56518562]]]}, "properties": {"name": "지상", "status": "partial", "capacity": 2, "active": 1, "industry": "동남아시아", "vacancy_rate": 50.0, "vacancy_rate_lo": 50.0, "vacancy_rate_hi": 50.0, "stores": 1, "source": "stores+ledger", "capacity_method": "floor_ouln", "active_pip": 0, "licensed": 0, "com_floors": [1, 2], "occ_floors": [1], "unknown_n": 0, "id": "1144012400102230015-1", "pnu": "1144012400102230015", "floors": 3, "height": 10.05}}, {"type": "Feature", "geometry": {"type": "Polygon", "coordinates": [[[126.92211186, 37.56600081], [126.92208389, 37.56589952], [126.92192631, 37.56592707], [126.92195439, 37.56602836], [126.92211186, 37.56600081]]]}, "properties": {"name": "코스모스", "status": "full", "capacity": 1, "active": 1, "industry": "기타 간이", "vacancy_rate": 0.0, "vacancy_rate_lo": null, "vacancy_rate_hi": null, "stores": 1, "source": "stores+ledger", "capacity_method": "expos_units", "active_pip": 0, "licensed": 1, "com_floors": null, "occ_floors": null, "unknown_n": null, "id": "1144012400102410098-1", "pnu": "1144012400102410098", "floors": 4, "height": 11.65}}, {"type": "Feature", "geometry": {"type": "Polygon", "coordinates": [[[126.92399518, 37.56526663], [126.92398761, 37.56525357], [126.92389654, 37.56519377], [126.9238638, 37.56522538], [126.9238689, 37.56522871], [126.92383456, 37.56526185], [126.92382382, 37.56525482], [126.92379652, 37.5652812], [126.92384063, 37.56531015], [126.92397072, 37.56527563], [126.92399518, 37.56526663]]]}, "properties": {"name": "연남동 223-14", "status": "full", "capacity": 2, "active": 2, "industry": "주점", "vacancy_rate": 0.0, "vacancy_rate_lo": 0.0, "vacancy_rate_hi": 0.0, "stores": 2, "source": "stores+ledger", "capacity_method": "floor_ouln", "active_pip": 0, "licensed": 2, "com_floors": [1, 2], "occ_floors": [1, 2], "unknown_n": 0, "id": "1144012400102230014-1", "pnu": "1144012400102230014", "floors": 2, "height": 0.0}}, {"type": "Feature", "geometry": {"type": "Polygon", "coordinates": [[[126.92379556, 37.56533173], [126.9237554, 37.56530847], [126.92368673, 37.56538357], [126.9236883, 37.56539042], [126.92378567, 37.56537652], [126.9237824, 37.5653621], [126.92379044, 37.56536092], [126.92378604, 37.56534129], [126.92379556, 37.56533173]]]}, "properties": {"name": "연남동 223-114", "status": "full", "capacity": 1, "active": 1, "industry": "비알코올 ", "vacancy_rate": 0.0, "vacancy_rate_lo": 0.0, "vacancy_rate_hi": 0.0, "stores": 1, "source": "stores+ledger", "capacity_method": "floor_ouln", "active_pip": 0, "licensed": 0, "com_floors": [1], "occ_floors": [1], "unknown_n": 0, "id": "1144012400102230114-2", "pnu": "1144012400102230114", "floors": 1, "height": 0.0}}, {"type": "Feature", "geometry": {"type": "Polygon", "coordinates": [[[126.92336389, 37.56466386], [126.9234968, 37.56468775], [126.92351719, 37.5646111], [126.92338143, 37.5645875], [126.92336389, 37.56466386]]]}, "properties": {"name": "연남동 240-24", "status": "empty", "capacity": 4, "active": 0, "industry": "", "vacancy_rate": 100.0, "source": "polygon_only", "capacity_method": "floor_approx", "active_pip": 0, "licensed": 0, "id": "1144012400102400024-1", "pnu": "1144012400102400024", "floors": 4, "height": 13.16}}, {"type": "Feature", "geometry": {"type": "Polygon", "coordinates": [[[126.92420432, 37.56171234], [126.92409345, 37.56166046], [126.92405844, 37.56170189], [126.92406692, 37.56170568], [126.92404822, 37.56173188], [126.92416385, 37.56178699], [126.92420046, 37.56173815], [126.92418913, 37.56173288], [126.92420432, 37.56171234]]]}, "properties": {"name": "연남동 259-16", "status": "full", "capacity": 3, "active": 3, "industry": "이용·미용", "vacancy_rate": 0.0, "vacancy_rate_lo": 0.0, "vacancy_rate_hi": 0.0, "stores": 3, "source": "stores+ledger", "capacity_method": "floor_ouln", "active_pip": 0, "licensed": 3, "com_floors": [1, 2, 3], "occ_floors": [1, 2, 3], "unknown_n": 0, "id": "1144012400102590016-1", "pnu": "1144012400102590016", "floors": 3, "height": 10.145}}, {"type": "Feature", "geometry": {"type": "Polygon", "coordinates": [[[126.92300127, 37.56542843], [126.92311147, 37.56541969], [126.92309785, 37.56532939], [126.9230716, 37.56532868], [126.92304472, 37.56529974], [126.92301025, 37.56530475], [126.92300127, 37.56542843]]]}, "properties": {"name": "연남동 241-74", "status": "full", "capacity": 5, "active": 5, "industry": "주점", "vacancy_rate": 0.0, "vacancy_rate_lo": 0.0, "vacancy_rate_hi": 40.0, "stores": 7, "source": "stores+ledger", "capacity_method": "floor_ouln", "active_pip": 0, "licensed": 2, "com_floors": [1, 2, 3, 4, 5], "occ_floors": [1, 2, 3], "unknown_n": 2, "id": "1144012400102410074-1", "pnu": "1144012400102410074", "floors": 5, "height": 17.85}}, {"type": "Feature", "geometry": {"type": "Polygon", "coordinates": [[[126.92252687, 37.5660229], [126.92260018, 37.56600958], [126.922566, 37.56591446], [126.92249397, 37.56593218], [126.92252687, 37.5660229]]]}, "properties": {"name": "연남동 241-69", "status": "full", "capacity": 1, "active": 1, "industry": "기타 간이", "vacancy_rate": 0.0, "vacancy_rate_lo": 0.0, "vacancy_rate_hi": 0.0, "stores": 2, "source": "stores+ledger", "capacity_method": "floor_ouln", "active_pip": 0, "licensed": 1, "com_floors": [1], "occ_floors": [1], "unknown_n": 0, "id": "1144012400102410069-1", "pnu": "1144012400102410069", "floors": 4, "height": 15.55}}, {"type": "Feature", "geometry": {"type": "Polygon", "coordinates": [[[126.92352698, 37.56523886], [126.92364101, 37.56528835], [126.92369259, 37.5652368], [126.92357776, 37.56517109], [126.92352698, 37.56523886]]]}, "properties": {"name": "K", "status": "full", "capacity": 2, "active": 2, "industry": "장식품 소매", "vacancy_rate": 0.0, "vacancy_rate_lo": 0.0, "vacancy_rate_hi": 0.0, "stores": 3, "source": "stores+ledger", "capacity_method": "floor_ouln", "active_pip": 0, "licensed": 1, "com_floors": [1, 2], "occ_floors": [1, 2], "unknown_n": 0, "id": "1144012400102400002-1", "pnu": "1144012400102400002", "floors": 5, "height": 18.5}}, {"type": "Feature", "geometry": {"type": "Polygon", "coordinates": [[[126.92311977, 37.56284346], [126.92324961, 37.56291176], [126.92330327, 37.5628471], [126.92317343, 37.56277881], [126.92311977, 37.56284346]]]}, "properties": {"name": "스퀘어일레븐", "status": "full", "capacity": 2, "active": 2, "industry": "유원지·오락", "vacancy_rate": 0.0, "vacancy_rate_lo": null, "vacancy_rate_hi": null, "stores": 2, "source": "stores+ledger", "capacity_method": "expos_units", "active_pip": 0, "licensed": 1, "com_floors": null, "occ_floors": null, "unknown_n": null, "id": "1144012400102550006-1", "pnu": "1144012400102550006", "floors": 5, "height": 13.85}}, {"type": "Feature", "geometry": {"type": "Polygon", "coordinates": [[[126.92342123, 37.56533843], [126.92343449, 37.56532295], [126.92344603, 37.56532917], [126.92349942, 37.56526668], [126.9234537, 37.56524196], [126.9234324, 37.56526681], [126.92338455, 37.56524092], [126.92337469, 37.56525254], [126.92335353, 37.56524126], [126.92331851, 37.56528476], [126.92342123, 37.56533843]]]}, "properties": {"name": "연남동 240-14", "status": "partial", "capacity": 2, "active": 1, "industry": "", "vacancy_rate": 50.0, "source": "pip_only", "capacity_method": "floor_approx", "active_pip": 0, "licensed": 1, "id": "1144012400102400014-1", "pnu": "1144012400102400014", "floors": 2, "height": 0.0}}, {"type": "Feature", "geometry": {"type": "Polygon", "coordinates": [[[126.92356368, 37.56385261], [126.92363325, 37.56377256], [126.92355395, 37.56373348], [126.92352301, 37.5637733], [126.92350616, 37.56376509], [126.92347068, 37.56381064], [126.92356368, 37.56385261]]]}, "properties": {"name": "일부", "status": "full", "capacity": 3, "active": 3, "industry": "일반 숙박", "vacancy_rate": 0.0, "vacancy_rate_lo": 0.0, "vacancy_rate_hi": 0.0, "stores": 4, "source": "stores+ledger", "capacity_method": "floor_ouln", "active_pip": 0, "licensed": 0, "com_floors": [1, 3, 4], "occ_floors": [1, 3, 4], "unknown_n": 0, "id": "1144012400102390044-1", "pnu": "1144012400102390044", "floors": 4, "height": 11.7}}, {"type": "Feature", "geometry": {"type": "Polygon", "coordinates": [[[126.92332483, 37.56579148], [126.92342833, 37.56577318], [126.92341066, 37.56570553], [126.92330628, 37.56572277], [126.92332204, 37.56579099], [126.92332483, 37.56579148]]]}, "properties": {"name": "연남동 241-81", "status": "high", "capacity": 4, "active": 1, "industry": "", "vacancy_rate": 75.0, "source": "pip_only", "capacity_method": "floor_approx", "active_pip": 0, "licensed": 1, "id": "1144012400102410081-1", "pnu": "1144012400102410081", "floors": 4, "height": 14.2}}, {"type": "Feature", "geometry": {"type": "Polygon", "coordinates": [[[126.92459924, 37.56214003], [126.92459431, 37.56208345], [126.9244766, 37.56208995], [126.92448342, 37.56216789], [126.92448331, 37.56216798], [126.92459821, 37.56216219], [126.92459946, 37.56214021], [126.92459924, 37.56214003]]]}, "properties": {"name": "연남동 228-47", "status": "full", "capacity": 3, "active": 3, "industry": "주점", "vacancy_rate": 0.0, "vacancy_rate_lo": 0.0, "vacancy_rate_hi": 0.0, "stores": 3, "source": "stores+ledger", "capacity_method": "floor_ouln", "active_pip": 0, "licensed": 2, "com_floors": [1, 2, 4], "occ_floors": [1, 2, 4], "unknown_n": 0, "id": "1144012400102280047-1", "pnu": "1144012400102280047", "floors": 4, "height": 12.4}}, {"type": "Feature", "geometry": {"type": "Polygon", "coordinates": [[[126.92260752, 37.56282187], [126.92262373, 37.56280143], [126.9226906, 37.56271696], [126.92260067, 37.56266654], [126.92250831, 37.56277081], [126.92254123, 37.5627893], [126.92254123, 37.56278894], [126.92254259, 37.56278894], [126.92254281, 37.56279426], [126.92254654, 37.5627994], [126.92254993, 37.56280147], [126.9225514, 37.56280228], [126.92255717, 37.56280427], [126.92256351, 37.56280464], [126.92257426, 37.56280437], [126.92257381, 37.56280491], [126.92260752, 37.56282187]]]}, "properties": {"name": "계단반층위", "status": "full", "capacity": 2, "active": 2, "industry": "기타 교육", "vacancy_rate": 0.0, "vacancy_rate_lo": 0.0, "vacancy_rate_hi": 0.0, "stores": 3, "source": "stores+ledger", "capacity_method": "floor_ouln", "active_pip": 0, "licensed": 1, "com_floors": [1, 2], "occ_floors": [1, 2], "unknown_n": 0, "id": "1144012400102560008-1", "pnu": "1144012400102560008", "floors": 3, "height": 9.1}}, {"type": "Feature", "geometry": {"type": "Polygon", "coordinates": [[[126.92277432, 37.56393781], [126.92292031, 37.56401445], [126.92299637, 37.56391882], [126.9229775, 37.56390726], [126.92300038, 37.56388024], [126.92287668, 37.56381568], [126.92277432, 37.56393781]]]}, "properties": {"name": "연남동 254-24", "status": "high", "capacity": 6, "active": 1, "industry": "", "vacancy_rate": 83.3, "source": "pip_only", "capacity_method": "floor_approx", "active_pip": 0, "licensed": 1, "id": "1144012400102540024-1", "pnu": "1144012400102540024", "floors": 6, "height": 23.04}}, {"type": "Feature", "geometry": {"type": "Polygon", "coordinates": [[[126.92400927, 37.56198206], [126.9239346, 37.56194597], [126.9238513, 37.56205495], [126.92392596, 37.56209112], [126.92400927, 37.56198206]]]}, "properties": {"name": "연남동 258-10", "status": "full", "capacity": 5, "active": 5, "industry": "한식", "vacancy_rate": 0.0, "vacancy_rate_lo": 0.0, "vacancy_rate_hi": 20.0, "stores": 7, "source": "stores+ledger", "capacity_method": "floor_ouln", "active_pip": 0, "licensed": 2, "com_floors": [1, 2, 3, 4, 5], "occ_floors": [1, 2, 3, 4], "unknown_n": 1, "id": "1144012400102580010-2", "pnu": "1144012400102580010", "floors": 4, "height": 12.6}}, {"type": "Feature", "geometry": {"type": "Polygon", "coordinates": [[[126.92115572, 37.56303084], [126.92117123, 37.56302752], [126.92117224, 37.56303049], [126.92120296, 37.56298952], [126.92117377, 37.56297004], [126.92118024, 37.56296383], [126.921092, 37.56290971], [126.92102277, 37.5629812], [126.92103509, 37.56299347], [126.9210877, 37.56302837], [126.92110705, 37.56303369], [126.92111043, 37.56303406], [126.92112017, 37.56303496], [126.92112731, 37.56303479], [126.92114723, 37.56303309], [126.92115572, 37.56303084]]]}, "properties": {"name": "일부호", "status": "full", "capacity": 2, "active": 2, "industry": "기타 가정용품 수리", "vacancy_rate": 0.0, "vacancy_rate_lo": 0.0, "vacancy_rate_hi": 0.0, "stores": 3, "source": "stores+ledger", "capacity_method": "floor_ouln", "active_pip": 0, "licensed": 0, "com_floors": [1, 3], "occ_floors": [1, 3], "unknown_n": 0, "id": "1144012400105090014-1", "pnu": "1144012400105090014", "floors": 5, "height": 0.0}}, {"type": "Feature", "geometry": {"type": "Polygon", "coordinates": [[[126.91965035, 37.56209189], [126.91949686, 37.56200025], [126.91943624, 37.56206012], [126.91963045, 37.56217631], [126.91968654, 37.56211678], [126.91964831, 37.56209406], [126.91965035, 37.56209189]]]}, "properties": {"name": "일부", "status": "partial", "capacity": 3, "active": 2, "industry": "종합 소매", "vacancy_rate": 33.3, "vacancy_rate_lo": 33.3, "vacancy_rate_hi": 33.3, "stores": 3, "source": "stores+ledger", "capacity_method": "floor_ouln", "active_pip": 0, "licensed": 2, "com_floors": [1, 2, 3], "occ_floors": [1, 2], "unknown_n": 0, "id": "1144012400105040001-1", "pnu": "1144012400105040001", "floors": 5, "height": 0.0}}, {"type": "Feature", "geometry": {"type": "Polygon", "coordinates": [[[126.92003232, 37.56443339], [126.91993142, 37.5643844], [126.91988189, 37.56443977], [126.91998801, 37.56449129], [126.92003232, 37.56443339]]]}, "properties": {"name": "연남동 366-19", "status": "full", "capacity": 2, "active": 2, "industry": "비알코올 ", "vacancy_rate": 0.0, "vacancy_rate_lo": 0.0, "vacancy_rate_hi": 0.0, "stores": 1, "source": "stores+ledger", "capacity_method": "floor_ouln", "active_pip": 0, "licensed": 1, "com_floors": [1, 2], "occ_floors": [1, 2], "unknown_n": 0, "id": "1144012400103660019-1", "pnu": "1144012400103660019", "floors": 4, "height": 0.0}}, {"type": "Feature", "geometry": {"type": "Polygon", "coordinates": [[[126.92303794, 37.56438196], [126.92310922, 37.56429304], [126.92304744, 37.56426082], [126.92303908, 37.56427114], [126.92302675, 37.56426483], [126.92299059, 37.56430976], [126.92297113, 37.56429984], [126.92294371, 37.56433397], [126.92303794, 37.56438196]]]}, "properties": {"name": "연남동 240-46", "status": "empty", "capacity": 2, "active": 0, "industry": "", "vacancy_rate": 100.0, "source": "polygon_only", "capacity_method": "floor_approx", "active_pip": 0, "licensed": 0, "id": "1144012400102400046-1", "pnu": "1144012400102400046", "floors": 2, "height": 0.0}}, {"type": "Feature", "geometry": {"type": "Polygon", "coordinates": [[[126.92009703, 37.56436505], [126.91999567, 37.56431083], [126.91996711, 37.56434622], [126.91996281, 37.56434414], [126.91993935, 37.5643735], [126.92004331, 37.56442844], [126.92009703, 37.56436505]]]}, "properties": {"name": "연남동 366-20", "status": "partial", "capacity": 4, "active": 3, "industry": "일반 숙박", "vacancy_rate": 25.0, "vacancy_rate_lo": 25.0, "vacancy_rate_hi": 50.0, "stores": 1, "source": "stores+ledger", "capacity_method": "floor_ouln", "active_pip": 0, "licensed": 0, "com_floors": [1, 3, 4, 5], "occ_floors": [1, 3], "unknown_n": 1, "id": "1144012400103660020-1", "pnu": "1144012400103660020", "floors": 5, "height": 16.5}}, {"type": "Feature", "geometry": {"type": "Polygon", "coordinates": [[[126.92446612, 37.56259864], [126.92441094, 37.56254986], [126.9243634, 37.56255397], [126.92432339, 37.56260629], [126.92438799, 37.5626376], [126.92438243, 37.56264697], [126.92441547, 37.56265915], [126.92443349, 37.56263862], [126.92446612, 37.56259864]]]}, "properties": {"name": "연남동 229-64", "status": "full", "capacity": 5, "active": 5, "industry": "주점", "vacancy_rate": 0.0, "vacancy_rate_lo": 0.0, "vacancy_rate_hi": 20.0, "stores": 4, "source": "stores+ledger", "capacity_method": "floor_ouln", "active_pip": 0, "licensed": 2, "com_floors": [1, 2, 3, 4, 5], "occ_floors": [1, 2, 3, 4], "unknown_n": 1, "id": "1144012400102290064-1", "pnu": "1144012400102290064", "floors": 5, "height": 13.8}}, {"type": "Feature", "geometry": {"type": "Polygon", "coordinates": [[[126.92032676, 37.56376235], [126.9202341, 37.56372156], [126.92018423, 37.56378567], [126.92027824, 37.56383205], [126.92032676, 37.56376235]]]}, "properties": {"name": "연남동 369-13", "status": "full", "capacity": 2, "active": 2, "industry": "", "vacancy_rate": 0.0, "source": "pip_only", "capacity_method": "floor_approx", "active_pip": 0, "licensed": 2, "id": "1144012400103690013-1", "pnu": "1144012400103690013", "floors": 2, "height": 0.0}}, {"type": "Feature", "geometry": {"type": "Polygon", "coordinates": [[[126.92240422, 37.56393366], [126.92229318, 37.56387659], [126.92224157, 37.56394184], [126.92235356, 37.56399796], [126.92240422, 37.56393366]]]}, "properties": {"name": "연남동 250-28", "status": "full", "capacity": 5, "active": 5, "industry": "비알코올 ", "vacancy_rate": 0.0, "vacancy_rate_lo": 0.0, "vacancy_rate_hi": 40.0, "stores": 4, "source": "stores+ledger", "capacity_method": "floor_ouln", "active_pip": 0, "licensed": 1, "com_floors": [1, 2, 3, 4, 5], "occ_floors": [1, 2, 3], "unknown_n": 2, "id": "1144012400102500028-1", "pnu": "1144012400102500028", "floors": 2, "height": 8.8}}, {"type": "Feature", "geometry": {"type": "Polygon", "coordinates": [[[126.92156037, 37.56233181], [126.92147485, 37.56227827], [126.92133658, 37.56243717], [126.921422, 37.56248428], [126.92156037, 37.56233181]]]}, "properties": {"name": "명칭없음", "status": "full", "capacity": 1, "active": 1, "industry": "이용·미용", "vacancy_rate": 0.0, "vacancy_rate_lo": null, "vacancy_rate_hi": null, "stores": 1, "source": "stores+ledger", "capacity_method": "expos_units", "active_pip": 0, "licensed": 0, "com_floors": null, "occ_floors": null, "unknown_n": null, "id": "1144012400105090023-1", "pnu": "1144012400105090023", "floors": 5, "height": 13.45}}, {"type": "Feature", "geometry": {"type": "Polygon", "coordinates": [[[126.92334792, 37.56210876], [126.92324996, 37.5620596], [126.92319793, 37.56212632], [126.92330756, 37.56217793], [126.9233403, 37.56213759], [126.9233299, 37.56213182], [126.92334792, 37.56210876]]]}, "properties": {"name": "전원빌라", "status": "full", "capacity": 1, "active": 1, "industry": "이용·미용", "vacancy_rate": 0.0, "vacancy_rate_lo": null, "vacancy_rate_hi": null, "stores": 1, "source": "stores+ledger", "capacity_method": "expos_units", "active_pip": 0, "licensed": 0, "com_floors": null, "occ_floors": null, "unknown_n": null, "id": "1144012400102570024-1", "pnu": "1144012400102570024", "floors": 4, "height": 10.5}}, {"type": "Feature", "geometry": {"type": "Polygon", "coordinates": [[[126.9210603, 37.56244685], [126.92116308, 37.56250968], [126.92122728, 37.56244313], [126.92112475, 37.56238004], [126.9210603, 37.56244685]]]}, "properties": {"name": "미오빌", "status": "full", "capacity": 1, "active": 1, "industry": "식료품 소매", "vacancy_rate": 0.0, "vacancy_rate_lo": null, "vacancy_rate_hi": null, "stores": 1, "source": "stores+ledger", "capacity_method": "expos_units", "active_pip": 0, "licensed": 0, "com_floors": null, "occ_floors": null, "unknown_n": null, "id": "1144012400105090018-1", "pnu": "1144012400105090018", "floors": 5, "height": 16.2}}, {"type": "Feature", "geometry": {"type": "Polygon", "coordinates": [[[126.92058352, 37.56248201], [126.92050911, 37.56243915], [126.92043414, 37.56251641], [126.92050954, 37.5625612], [126.92058352, 37.56248201]]]}, "properties": {"name": "연남동 504-35", "status": "empty", "capacity": 5, "active": 0, "industry": "", "vacancy_rate": 100.0, "source": "polygon_only", "capacity_method": "floor_approx", "active_pip": 0, "licensed": 0, "id": "1144012400105040035-1", "pnu": "1144012400105040035", "floors": 5, "height": 13.5}}, {"type": "Feature", "geometry": {"type": "Polygon", "coordinates": [[[126.92281162, 37.56279489], [126.92270868, 37.56273959], [126.92267718, 37.56277669], [126.92267718, 37.56277687], [126.92265814, 37.56280145], [126.92263887, 37.56282631], [126.92264045, 37.56282982], [126.92264147, 37.56283172], [126.92264237, 37.56283298], [126.92264961, 37.56283794], [126.92265776, 37.56284047], [126.9226607, 37.56284065], [126.92266705, 37.56284074], [126.9226899, 37.56284986], [126.92268592, 37.56285616], [126.92271546, 37.5628679], [126.92272044, 37.5628743], [126.92272281, 37.56287628], [126.9227271, 37.56287818], [126.9227323, 37.56287935], [126.92274137, 37.56287855], [126.92274375, 37.56287837], [126.92274894, 37.5628772], [126.92275224, 37.56287603], [126.92275779, 37.56287108], [126.92276335, 37.56286054], [126.92276345, 37.56285883], [126.92277955, 37.56283902], [126.92277683, 37.56283757], [126.92280607, 37.56280146], [126.92281162, 37.56279489]]]}, "properties": {"name": "연남동 256-6", "status": "full", "capacity": 2, "active": 2, "industry": "이용·미용", "vacancy_rate": 0.0, "vacancy_rate_lo": 0.0, "vacancy_rate_hi": 0.0, "stores": 2, "source": "stores+ledger", "capacity_method": "floor_ouln", "active_pip": 0, "licensed": 1, "com_floors": [1, 2], "occ_floors": [1, 2], "unknown_n": 0, "id": "1144012400102560006-1", "pnu": "1144012400102560006", "floors": 5, "height": 14.7}}, {"type": "Feature", "geometry": {"type": "Polygon", "coordinates": [[[126.92457399, 37.56399697], [126.92463517, 37.56392313], [126.92451204, 37.56385848], [126.92451088, 37.56385866], [126.92445016, 37.56393195], [126.92449866, 37.56395741], [126.92449989, 37.56395592], [126.92451638, 37.56396457], [126.92451514, 37.56396606], [126.92457399, 37.56399697]]]}, "properties": {"name": "그린하우스", "status": "full", "capacity": 3, "active": 3, "industry": "비알코올 ", "vacancy_rate": 0.0, "vacancy_rate_lo": 0.0, "vacancy_rate_hi": 33.3, "stores": 1, "source": "stores+ledger", "capacity_method": "floor_ouln", "active_pip": 0, "licensed": 1, "com_floors": [1, 4, 5], "occ_floors": [1, 5], "unknown_n": 1, "id": "1144012400102390005-1", "pnu": "1144012400102390005", "floors": 5, "height": 14.55}}, {"type": "Feature", "geometry": {"type": "Polygon", "coordinates": [[[126.92234886, 37.56373459], [126.92241086, 37.56365463], [126.92227375, 37.56358732], [126.9222122, 37.56366666], [126.92224015, 37.56368046], [126.92223516, 37.56368694], [126.92228143, 37.56370968], [126.92228619, 37.56370356], [126.92234886, 37.56373459]]]}, "properties": {"name": "연남동 252-1", "status": "full", "capacity": 2, "active": 2, "industry": "종합 소매", "vacancy_rate": 0.0, "vacancy_rate_lo": 0.0, "vacancy_rate_hi": 0.0, "stores": 2, "source": "stores+ledger", "capacity_method": "floor_ouln", "active_pip": 0, "licensed": 1, "com_floors": [1, 4], "occ_floors": [1, 4], "unknown_n": 0, "id": "1144012400102520001-1", "pnu": "1144012400102520001", "floors": 6, "height": 17.4}}, {"type": "Feature", "geometry": {"type": "Polygon", "coordinates": [[[126.92343151, 37.56238119], [126.92350891, 37.56228583], [126.92342509, 37.5622427], [126.92337703, 37.56230187], [126.92336233, 37.56229429], [126.92333298, 37.56233049], [126.92343151, 37.56238119]]]}, "properties": {"name": "연남동 257-6", "status": "full", "capacity": 2, "active": 2, "industry": "한식", "vacancy_rate": 0.0, "vacancy_rate_lo": 0.0, "vacancy_rate_hi": 0.0, "stores": 4, "source": "stores+ledger", "capacity_method": "floor_ouln", "active_pip": 0, "licensed": 1, "com_floors": [1, 2], "occ_floors": [1, 2], "unknown_n": 0, "id": "1144012400102570006-1", "pnu": "1144012400102570006", "floors": 2, "height": 8.8}}, {"type": "Feature", "geometry": {"type": "Polygon", "coordinates": [[[126.92231619, 37.56314703], [126.92222986, 37.56310841], [126.92215145, 37.56320197], [126.92224365, 37.56324988], [126.92231619, 37.56314703]]]}, "properties": {"name": "영인빌딩", "status": "full", "capacity": 4, "active": 4, "industry": "섬유·의복·신발 소매", "vacancy_rate": 0.0, "vacancy_rate_lo": 0.0, "vacancy_rate_hi": 25.0, "stores": 3, "source": "stores+ledger", "capacity_method": "floor_ouln", "active_pip": 0, "licensed": 0, "com_floors": [1, 2, 4, 5], "occ_floors": [1, 2, 4], "unknown_n": 1, "id": "1144012400102520015-1", "pnu": "1144012400102520015", "floors": 5, "height": 15.2}}, {"type": "Feature", "geometry": {"type": "Polygon", "coordinates": [[[126.92189571, 37.56184382], [126.92187038, 37.56182759], [126.9217982, 37.56189908], [126.92194389, 37.56198216], [126.92199885, 37.56192102], [126.92196084, 37.5619027], [126.92197138, 37.56188883], [126.92189571, 37.56184382]]]}, "properties": {"name": "연남동 515-19", "status": "full", "capacity": 1, "active": 1, "industry": "한식", "vacancy_rate": 0.0, "vacancy_rate_lo": 0.0, "vacancy_rate_hi": 0.0, "stores": 1, "source": "stores+ledger", "capacity_method": "floor_ouln", "active_pip": 0, "licensed": 0, "com_floors": [1], "occ_floors": [1], "unknown_n": 0, "id": "1144012400105150019-1", "pnu": "1144012400105150019", "floors": 2, "height": 8.6}}, {"type": "Feature", "geometry": {"type": "Polygon", "coordinates": [[[126.91982685, 37.56469256], [126.91984463, 37.56467663], [126.9198452, 37.56467699], [126.9198885, 37.56461799], [126.91979699, 37.5645701], [126.919736, 37.56464709], [126.91982685, 37.56469256]]]}, "properties": {"name": "연남동 366-4", "status": "partial", "capacity": 2, "active": 1, "industry": "오락용품 소매", "vacancy_rate": 50.0, "vacancy_rate_lo": 50.0, "vacancy_rate_hi": 50.0, "stores": 2, "source": "stores+ledger", "capacity_method": "floor_ouln", "active_pip": 0, "licensed": 0, "com_floors": [1, 3], "occ_floors": [1], "unknown_n": 0, "id": "1144012400103660004-1", "pnu": "1144012400103660004", "floors": 5, "height": 16.6}}, {"type": "Feature", "geometry": {"type": "Polygon", "coordinates": [[[126.92048796, 37.56257422], [126.92045888, 37.56255808], [126.92045888, 37.56255817], [126.92045322, 37.56256294], [126.92041261, 37.56254003], [126.92035289, 37.56260711], [126.92038852, 37.56262713], [126.92042178, 37.56264644], [126.92048796, 37.56257422]]]}, "properties": {"name": "연남동 504-32", "status": "partial", "capacity": 2, "active": 1, "industry": "주점", "vacancy_rate": 50.0, "vacancy_rate_lo": 50.0, "vacancy_rate_hi": 50.0, "stores": 1, "source": "stores+ledger", "capacity_method": "floor_ouln", "active_pip": 0, "licensed": 1, "com_floors": [1, 2], "occ_floors": [1], "unknown_n": 0, "id": "1144012400105040032-1", "pnu": "1144012400105040032", "floors": 4, "height": 12.5}}, {"type": "Feature", "geometry": {"type": "Polygon", "coordinates": [[[126.92106393, 37.562915], [126.92102603, 37.56289308], [126.92102309, 37.56289173], [126.92101732, 37.56289227], [126.92101188, 37.56289488], [126.92096437, 37.56286944], [126.92090182, 37.56293625], [126.92099231, 37.56299002], [126.92100558, 37.56298272], [126.92106393, 37.562915]]]}, "properties": {"name": "일부", "status": "partial", "capacity": 3, "active": 2, "industry": "비알코올 ", "vacancy_rate": 33.3, "vacancy_rate_lo": 33.3, "vacancy_rate_hi": 33.3, "stores": 2, "source": "stores+ledger", "capacity_method": "floor_ouln", "active_pip": 0, "licensed": 2, "com_floors": [1, 2, 3], "occ_floors": [1, 2], "unknown_n": 0, "id": "1144012400105090013-1", "pnu": "1144012400105090013", "floors": 5, "height": 0.0}}, {"type": "Feature", "geometry": {"type": "Polygon", "coordinates": [[[126.92004916, 37.56223875], [126.91996851, 37.56218924], [126.91992885, 37.56223011], [126.91993722, 37.56223525], [126.91987502, 37.56229954], [126.9199474, 37.56234392], [126.92004916, 37.56223875]]]}, "properties": {"name": "펠릭스빌딩", "status": "partial", "capacity": 6, "active": 5, "industry": "섬유·의복·신발 소매", "vacancy_rate": 16.7, "vacancy_rate_lo": 16.7, "vacancy_rate_hi": 16.7, "stores": 2, "source": "stores+ledger", "capacity_method": "floor_ouln", "active_pip": 0, "licensed": 0, "com_floors": [1, 2, 3, 5, 6, 7], "occ_floors": [1, 2, 3, 5, 6], "unknown_n": 0, "id": "1144012400105040003-1", "pnu": "1144012400105040003", "floors": 7, "height": 23.7}}, {"type": "Feature", "geometry": {"type": "Polygon", "coordinates": [[[126.9198061, 37.56471886], [126.91972036, 37.56467492], [126.91963739, 37.56477712], [126.91972314, 37.56482097], [126.9198061, 37.56471886]]]}, "properties": {"name": "연남동 366-3", "status": "full", "capacity": 3, "active": 3, "industry": "자동차 수리·세차", "vacancy_rate": 0.0, "vacancy_rate_lo": 0.0, "vacancy_rate_hi": 0.0, "stores": 2, "source": "stores+ledger", "capacity_method": "floor_ouln", "active_pip": 0, "licensed": 0, "com_floors": [1, 2, 3], "occ_floors": [1, 2, 3], "unknown_n": 0, "id": "1144012400103660003-1", "pnu": "1144012400103660003", "floors": 6, "height": 0.0}}, {"type": "Feature", "geometry": {"type": "Polygon", "coordinates": [[[126.92049692, 37.56383571], [126.92039465, 37.56378348], [126.92034218, 37.5638484], [126.92044433, 37.56390082], [126.92049692, 37.56383571]]]}, "properties": {"name": "연남동 369-14", "status": "high", "capacity": 5, "active": 1, "industry": "", "vacancy_rate": 80.0, "source": "pip_only", "capacity_method": "floor_approx", "active_pip": 0, "licensed": 1, "id": "1144012400103690014-1", "pnu": "1144012400103690014", "floors": 5, "height": 17.8}}, {"type": "Feature", "geometry": {"type": "Polygon", "coordinates": [[[126.92087894, 37.56338448], [126.92077168, 37.56333187], [126.92065666, 37.56347641], [126.920763, 37.56353009], [126.92087894, 37.56338448]]]}, "properties": {"name": "맨좌측", "status": "full", "capacity": 1, "active": 1, "industry": "기타 간이", "vacancy_rate": 0.0, "vacancy_rate_lo": 0.0, "vacancy_rate_hi": 0.0, "stores": 6, "source": "stores+ledger", "capacity_method": "floor_ouln", "active_pip": 0, "licensed": 2, "com_floors": [1], "occ_floors": [1], "unknown_n": 0, "id": "1144012400103690020-1", "pnu": "1144012400103690020", "floors": 4, "height": 0.0}}, {"type": "Feature", "geometry": {"type": "Polygon", "coordinates": [[[126.91973516, 37.56162049], [126.91961946, 37.56155154], [126.91958434, 37.56158882], [126.91969984, 37.56165774], [126.91973516, 37.56162049]]]}, "properties": {"name": "연남동 493-12", "status": "full", "capacity": 1, "active": 1, "industry": "비알코올 ", "vacancy_rate": 0.0, "vacancy_rate_lo": 0.0, "vacancy_rate_hi": 0.0, "stores": 1, "source": "stores+ledger", "capacity_method": "floor_ouln", "active_pip": 0, "licensed": 1, "com_floors": [1], "occ_floors": [1], "unknown_n": 0, "id": "1144012400104930012-1", "pnu": "1144012400104930012", "floors": 4, "height": 11.6}}, {"type": "Feature", "geometry": {"type": "Polygon", "coordinates": [[[126.9191244, 37.56553523], [126.91904397, 37.56549391], [126.91898232, 37.56556243], [126.91906682, 37.56560601], [126.9191244, 37.56553523]]]}, "properties": {"name": "연남동 365-16", "status": "full", "capacity": 1, "active": 1, "industry": "비알코올 ", "vacancy_rate": 0.0, "vacancy_rate_lo": 0.0, "vacancy_rate_hi": 0.0, "stores": 1, "source": "stores+ledger", "capacity_method": "floor_ouln", "active_pip": 0, "licensed": 1, "com_floors": [1], "occ_floors": [1], "unknown_n": 0, "id": "1144012400103650016-1", "pnu": "1144012400103650016", "floors": 5, "height": 16.4}}, {"type": "Feature", "geometry": {"type": "Polygon", "coordinates": [[[126.92089909, 37.56317366], [126.92089423, 37.56316537], [126.92089106, 37.56316654], [126.92088065, 37.56316897], [126.92087873, 37.56316383], [126.9207935, 37.56326964], [126.9209116, 37.56333189], [126.9209677, 37.56326444], [126.9209492, 37.56320064], [126.92089909, 37.56317366]]]}, "properties": {"name": "로얄빌딩", "status": "partial", "capacity": 4, "active": 3, "industry": "의원", "vacancy_rate": 25.0, "vacancy_rate_lo": null, "vacancy_rate_hi": null, "stores": 3, "source": "stores+ledger", "capacity_method": "expos_units", "active_pip": 0, "licensed": 1, "com_floors": null, "occ_floors": null, "unknown_n": null, "id": "1144012400103690006-1", "pnu": "1144012400103690006", "floors": 6, "height": 20.2}}, {"type": "Feature", "geometry": {"type": "Polygon", "coordinates": [[[126.9216165, 37.56561917], [126.92152565, 37.56557668], [126.92149924, 37.56561252], [126.9214757, 37.56560151], [126.92143705, 37.56565383], [126.92145607, 37.56566276], [126.92145584, 37.56566303], [126.9215434, 37.565704], [126.9216165, 37.56561917]]]}, "properties": {"name": "연남동 245-67", "status": "partial", "capacity": 2, "active": 1, "industry": "", "vacancy_rate": 50.0, "source": "pip_only", "capacity_method": "floor_approx", "active_pip": 0, "licensed": 1, "id": "1144012400102450067-1", "pnu": "1144012400102450067", "floors": 2, "height": 7.38}}, {"type": "Feature", "geometry": {"type": "Polygon", "coordinates": [[[126.9212439, 37.56569687], [126.92123264, 37.56564478], [126.92121917, 37.56564666], [126.92121444, 37.56562485], [126.92117108, 37.56563077], [126.92116568, 37.56560599], [126.92111485, 37.56561299], [126.92114224, 37.56571428], [126.9212439, 37.56569687]]]}, "properties": {"name": "연남동 245-39", "status": "partial", "capacity": 3, "active": 2, "industry": "종합 소매", "vacancy_rate": 33.3, "vacancy_rate_lo": 33.3, "vacancy_rate_hi": 66.7, "stores": 1, "source": "stores+ledger", "capacity_method": "floor_ouln", "active_pip": 0, "licensed": 1, "com_floors": [1, 2, 3], "occ_floors": [1], "unknown_n": 1, "id": "1144012400102450039-1", "pnu": "1144012400102450039", "floors": 3, "height": 9.9}}, {"type": "Feature", "geometry": {"type": "Polygon", "coordinates": [[[126.91898863, 37.56381739], [126.9189936, 37.56381208], [126.91900096, 37.5638165], [126.91904183, 37.56377088], [126.91902943, 37.56376291], [126.91905458, 37.56373626], [126.91899305, 37.56369936], [126.91897425, 37.56370151], [126.91890944, 37.56376994], [126.91898863, 37.56381739]]]}, "properties": {"name": "연남동 370-30", "status": "full", "capacity": 1, "active": 1, "industry": "동남아시아", "vacancy_rate": 0.0, "vacancy_rate_lo": 0.0, "vacancy_rate_hi": 0.0, "stores": 3, "source": "stores+ledger", "capacity_method": "floor_ouln", "active_pip": 0, "licensed": 1, "com_floors": [1], "occ_floors": [1], "unknown_n": 0, "id": "1144012400103700030-1", "pnu": "1144012400103700030", "floors": 4, "height": 17.05}}, {"type": "Feature", "geometry": {"type": "Polygon", "coordinates": [[[126.92025611, 37.56155567], [126.9201793, 37.56151075], [126.92016627, 37.56152416], [126.92015474, 37.56151713], [126.92010737, 37.56156603], [126.92020816, 37.56162789], [126.92023932, 37.56158917], [126.92023208, 37.56158547], [126.92025611, 37.56155567]]]}, "properties": {"name": "연남동 504-22", "status": "full", "capacity": 2, "active": 2, "industry": "기타 교육", "vacancy_rate": 0.0, "vacancy_rate_lo": 0.0, "vacancy_rate_hi": 0.0, "stores": 2, "source": "stores+ledger", "capacity_method": "floor_ouln", "active_pip": 0, "licensed": 1, "com_floors": [1, 3], "occ_floors": [1, 3], "unknown_n": 0, "id": "1144012400105040022-1", "pnu": "1144012400105040022", "floors": 3, "height": 10.3}}, {"type": "Feature", "geometry": {"type": "Polygon", "coordinates": [[[126.92117589, 37.56171207], [126.92108902, 37.56166228], [126.9210608, 37.56169343], [126.92108603, 37.56170795], [126.92104829, 37.56174955], [126.92106684, 37.56176011], [126.92105404, 37.56177434], [126.92112441, 37.56181475], [126.92119646, 37.56173515], [126.92116977, 37.56171819], [126.92117589, 37.56171207]]]}, "properties": {"name": "연남동 561-58", "status": "empty", "capacity": 2, "active": 0, "industry": "", "vacancy_rate": 100.0, "source": "polygon_only", "capacity_method": "floor_approx", "active_pip": 0, "licensed": 0, "id": "1144012400105610058-1", "pnu": "1144012400105610058", "floors": 2, "height": 8.3}}, {"type": "Feature", "geometry": {"type": "Polygon", "coordinates": [[[126.92089473, 37.56605479], [126.92098347, 37.56602836], [126.92092343, 37.56591716], [126.92081275, 37.56595114], [126.92085206, 37.5660325], [126.92091894, 37.56601205], [126.92092068, 37.56602482], [126.92088671, 37.56603533], [126.92089473, 37.56605479]]]}, "properties": {"name": "연남동 244-8", "status": "partial", "capacity": 4, "active": 3, "industry": "주점", "vacancy_rate": 25.0, "vacancy_rate_lo": 25.0, "vacancy_rate_hi": 25.0, "stores": 2, "source": "stores+ledger", "capacity_method": "floor_ouln", "active_pip": 0, "licensed": 2, "com_floors": [1, 2, 4, 6], "occ_floors": [1, 4, 6], "unknown_n": 0, "id": "1144012400102440008-1", "pnu": "1144012400102440008", "floors": 6, "height": 19.05}}, {"type": "Feature", "geometry": {"type": "Polygon", "coordinates": [[[126.91886336, 37.56564524], [126.91897181, 37.56569764], [126.91901723, 37.56563592], [126.9189125, 37.5655847], [126.91886336, 37.56564524]]]}, "properties": {"name": "에브리치빌딩", "status": "full", "capacity": 3, "active": 3, "industry": "종합 소매", "vacancy_rate": 0.0, "vacancy_rate_lo": 0.0, "vacancy_rate_hi": 0.0, "stores": 4, "source": "stores+ledger", "capacity_method": "floor_ouln", "active_pip": 0, "licensed": 1, "com_floors": [1, 2, 4], "occ_floors": [1, 2, 4], "unknown_n": 0, "id": "1144012400103650006-1", "pnu": "1144012400103650006", "floors": 4, "height": 14.4}}, {"type": "Feature", "geometry": {"type": "Polygon", "coordinates": [[[126.92111978, 37.56469685], [126.92100381, 37.56464218], [126.92094579, 37.56472268], [126.92106038, 37.56477745], [126.92111978, 37.56469685]]]}, "properties": {"name": "서울골든빌", "status": "high", "capacity": 3, "active": 1, "industry": "기타 생활용품 소매", "vacancy_rate": 66.7, "vacancy_rate_lo": null, "vacancy_rate_hi": null, "stores": 1, "source": "stores+ledger", "capacity_method": "expos_units", "active_pip": 0, "licensed": 0, "com_floors": null, "occ_floors": null, "unknown_n": null, "id": "1144012400102460016-1", "pnu": "1144012400102460016", "floors": 5, "height": 14.05}}, {"type": "Feature", "geometry": {"type": "Polygon", "coordinates": [[[126.92067522, 37.56528932], [126.92062749, 37.56526082], [126.92061876, 37.56527009], [126.92052792, 37.56522813], [126.92049958, 37.56526695], [126.92050897, 37.56527137], [126.92049854, 37.5652856], [126.92062886, 37.56535605], [126.92067522, 37.56528932]]]}, "properties": {"name": "연남동 246-22", "status": "partial", "capacity": 2, "active": 1, "industry": "", "vacancy_rate": 50.0, "source": "pip_only", "capacity_method": "floor_approx", "active_pip": 0, "licensed": 1, "id": "1144012400102460022-1", "pnu": "1144012400102460022", "floors": 2, "height": 0.0}}, {"type": "Feature", "geometry": {"type": "Polygon", "coordinates": [[[126.91990595, 37.56216144], [126.91979091, 37.5620992], [126.91969628, 37.56220996], [126.91980385, 37.56227255], [126.91990595, 37.56216144]]]}, "properties": {"name": "연남동 504-2", "status": "empty", "capacity": 6, "active": 0, "industry": "", "vacancy_rate": 100.0, "source": "polygon_only", "capacity_method": "floor_approx", "active_pip": 0, "licensed": 0, "id": "1144012400105040002-1", "pnu": "1144012400105040002", "floors": 6, "height": 18.6}}, {"type": "Feature", "geometry": {"type": "Polygon", "coordinates": [[[126.92120665, 37.5656062], [126.92125924, 37.56553964], [126.92125924, 37.56553991], [126.92126536, 37.56553298], [126.92121705, 37.5655088], [126.92121003, 37.56551764], [126.92115765, 37.56549138], [126.92110075, 37.56556324], [126.92118571, 37.56560574], [126.92119138, 37.56559852], [126.92120665, 37.5656062]]]}, "properties": {"name": "연남동 245-73", "status": "empty", "capacity": 2, "active": 0, "industry": "", "vacancy_rate": 100.0, "source": "polygon_only", "capacity_method": "floor_approx", "active_pip": 0, "licensed": 0, "id": "1144012400102450073-1", "pnu": "1144012400102450073", "floors": 2, "height": 7.5}}, {"type": "Feature", "geometry": {"type": "Polygon", "coordinates": [[[126.92123989, 37.56225999], [126.92129668, 37.56219714], [126.9211509, 37.56211007], [126.92112923, 37.56213308], [126.92112349, 37.5621285], [126.92107861, 37.56217969], [126.92119689, 37.56224741], [126.92120405, 37.56223947], [126.92123989, 37.56225999]]]}, "properties": {"name": "연남동 509-4", "status": "full", "capacity": 2, "active": 2, "industry": "비알코올 ", "vacancy_rate": 0.0, "vacancy_rate_lo": 0.0, "vacancy_rate_hi": 0.0, "stores": 1, "source": "stores+ledger", "capacity_method": "floor_ouln", "active_pip": 0, "licensed": 1, "com_floors": [1, 2], "occ_floors": [1, 2], "unknown_n": 0, "id": "1144012400105090004-1", "pnu": "1144012400105090004", "floors": 2, "height": 7.76}}, {"type": "Feature", "geometry": {"type": "Polygon", "coordinates": [[[126.92018742, 37.56401916], [126.92028536, 37.56406322], [126.92030407, 37.56406412], [126.92031548, 37.56406038], [126.92032421, 37.56405396], [126.9203559, 37.56401828], [126.9203569, 37.56400834], [126.92035142, 37.56400139], [126.92023769, 37.56394863], [126.92022631, 37.56395134], [126.92022121, 37.56395541], [126.92018439, 37.56400789], [126.92018464, 37.56401435], [126.92018742, 37.56401916]]]}, "properties": {"name": "연남동 369-9", "status": "empty", "capacity": 4, "active": 0, "industry": "", "vacancy_rate": 100.0, "source": "polygon_only", "capacity_method": "floor_approx", "active_pip": 0, "licensed": 0, "id": "1144012400103690009-1", "pnu": "1144012400103690009", "floors": 4, "height": 18.95}}, {"type": "Feature", "geometry": {"type": "Polygon", "coordinates": [[[126.91885215, 37.56170292], [126.91889973, 37.56165088], [126.91875575, 37.56156736], [126.91873892, 37.56163789], [126.91883428, 37.561693], [126.91883439, 37.5616939], [126.91883462, 37.56169606], [126.91883676, 37.56169832], [126.91884072, 37.56170057], [126.91884569, 37.56170122], [126.91884887, 37.56170103], [126.91885215, 37.56170292]]]}, "properties": {"name": "연남동 493-1", "status": "full", "capacity": 3, "active": 3, "industry": "유원지·오락", "vacancy_rate": 0.0, "vacancy_rate_lo": 0.0, "vacancy_rate_hi": 33.3, "stores": 3, "source": "stores+ledger", "capacity_method": "floor_ouln", "active_pip": 0, "licensed": 0, "com_floors": [1, 3, 4], "occ_floors": [1, 4], "unknown_n": 1, "id": "1144012400104930001-1", "pnu": "1144012400104930001", "floors": 5, "height": 18.5}}, {"type": "Feature", "geometry": {"type": "Polygon", "coordinates": [[[126.91878632, 37.56575226], [126.91881181, 37.5657664], [126.91880693, 37.56577825], [126.91886245, 37.56580948], [126.9189348, 37.56572344], [126.91885095, 37.56567915], [126.91878632, 37.56575226]]]}, "properties": {"name": "연남동 365-5", "status": "full", "capacity": 1, "active": 1, "industry": "비알코올 ", "vacancy_rate": 0.0, "vacancy_rate_lo": 0.0, "vacancy_rate_hi": 0.0, "stores": 2, "source": "stores+ledger", "capacity_method": "floor_ouln", "active_pip": 0, "licensed": 1, "com_floors": [1], "occ_floors": [1], "unknown_n": 0, "id": "1144012400103650005-1", "pnu": "1144012400103650005", "floors": 5, "height": 17.48}}, {"type": "Feature", "geometry": {"type": "Polygon", "coordinates": [[[126.91928579, 37.56533073], [126.91911374, 37.56523744], [126.91904506, 37.56531812], [126.91922164, 37.56540934], [126.91928579, 37.56533073]]]}, "properties": {"name": "올웨이즈어거스트", "status": "high", "capacity": 4, "active": 1, "industry": "비알코올 ", "vacancy_rate": 75.0, "vacancy_rate_lo": 75.0, "vacancy_rate_hi": 75.0, "stores": 1, "source": "stores+ledger", "capacity_method": "floor_ouln", "active_pip": 0, "licensed": 0, "com_floors": [1, 2, 3, 4], "occ_floors": [1], "unknown_n": 0, "id": "1144012400103650029-1", "pnu": "1144012400103650029", "floors": 5, "height": 15.5}}, {"type": "Feature", "geometry": {"type": "Polygon", "coordinates": [[[126.92460238, 37.56228158], [126.92459489, 37.56219454], [126.92448272, 37.56220077], [126.92449044, 37.56228799], [126.92460238, 37.56228158]]]}, "properties": {"name": "연남동 228-45", "status": "high", "capacity": 5, "active": 2, "industry": "기타 교육", "vacancy_rate": 60.0, "vacancy_rate_lo": 60.0, "vacancy_rate_hi": 80.0, "stores": 1, "source": "stores+ledger", "capacity_method": "floor_ouln", "active_pip": 0, "licensed": 1, "com_floors": [1, 2, 3, 4, 5], "occ_floors": [3], "unknown_n": 1, "id": "1144012400102280045-1", "pnu": "1144012400102280045", "floors": 5, "height": 19.39}}, {"type": "Feature", "geometry": {"type": "Polygon", "coordinates": [[[126.92002934, 37.56161039], [126.92007172, 37.56156843], [126.9200137, 37.56153126], [126.92001358, 37.56153145], [126.91996597, 37.56150106], [126.91989753, 37.56156886], [126.91991495, 37.56158004], [126.91991733, 37.5615777], [126.91997456, 37.56161431], [126.91998091, 37.56160648], [126.92002344, 37.56162849], [126.92003103, 37.56161877], [126.92002515, 37.56161579], [126.92002934, 37.56161039]]]}, "properties": {"name": "연남동 504-24", "status": "full", "capacity": 1, "active": 1, "industry": "이용·미용", "vacancy_rate": 0.0, "vacancy_rate_lo": 0.0, "vacancy_rate_hi": 0.0, "stores": 2, "source": "stores+ledger", "capacity_method": "floor_ouln", "active_pip": 0, "licensed": 0, "com_floors": [1], "occ_floors": [1], "unknown_n": 0, "id": "1144012400105040024-1", "pnu": "1144012400105040024", "floors": 3, "height": 0.0}}, {"type": "Feature", "geometry": {"type": "Polygon", "coordinates": [[[126.92274121, 37.56270773], [126.92284663, 37.5627491], [126.92288983, 37.56267966], [126.92278564, 37.56263878], [126.92274121, 37.56270773]]]}, "properties": {"name": "연남동 256-7", "status": "full", "capacity": 2, "active": 2, "industry": "비알코올 ", "vacancy_rate": 0.0, "vacancy_rate_lo": 0.0, "vacancy_rate_hi": 0.0, "stores": 3, "source": "stores+ledger", "capacity_method": "floor_ouln", "active_pip": 0, "licensed": 1, "com_floors": [1, 2], "occ_floors": [1, 2], "unknown_n": 0, "id": "1144012400102560007-1", "pnu": "1144012400102560007", "floors": 3, "height": 16.9}}, {"type": "Feature", "geometry": {"type": "Polygon", "coordinates": [[[126.92405728, 37.56318591], [126.92391474, 37.56311185], [126.92383359, 37.56321425], [126.92397048, 37.56327947], [126.92405728, 37.56318591]]]}, "properties": {"name": "연남동 229-71", "status": "empty", "capacity": 5, "active": 0, "industry": "", "vacancy_rate": 100.0, "source": "polygon_only", "capacity_method": "floor_approx", "active_pip": 0, "licensed": 0, "id": "1144012400102290071-1", "pnu": "1144012400102290071", "floors": 5, "height": 17.86}}, {"type": "Feature", "geometry": {"type": "Polygon", "coordinates": [[[126.92264656, 37.56185891], [126.92253625, 37.5618028], [126.92215864, 37.56227314], [126.92226747, 37.56232331], [126.92264656, 37.56185891]]]}, "properties": {"name": "코오롱하늘채아파트", "status": "high", "capacity": 208, "active": 15, "industry": "이용·미용", "vacancy_rate": 92.8, "vacancy_rate_lo": null, "vacancy_rate_hi": null, "stores": 15, "source": "stores+ledger", "capacity_method": "expos_units", "active_pip": 0, "licensed": 3, "com_floors": null, "occ_floors": null, "unknown_n": null, "id": "1144012400105730000-7", "pnu": "1144012400105730000", "floors": 14, "height": 37.25}}, {"type": "Feature", "geometry": {"type": "Polygon", "coordinates": [[[126.92196983, 37.56169884], [126.92202687, 37.56173075], [126.92203903, 37.56171718], [126.92214286, 37.56177305], [126.92219805, 37.56171045], [126.92203914, 37.56161919], [126.92196983, 37.56169884]]]}, "properties": {"name": "전체", "status": "partial", "capacity": 2, "active": 1, "industry": "한식", "vacancy_rate": 50.0, "vacancy_rate_lo": 50.0, "vacancy_rate_hi": 50.0, "stores": 1, "source": "stores+ledger", "capacity_method": "floor_ouln", "active_pip": 0, "licensed": 1, "com_floors": [1, 2], "occ_floors": [1], "unknown_n": 0, "id": "1144012400105150020-1", "pnu": "1144012400105150020", "floors": 2, "height": 7.1}}, {"type": "Feature", "geometry": {"type": "Polygon", "coordinates": [[[126.91995783, 37.56214798], [126.92004261, 37.56220246], [126.92011862, 37.56212395], [126.92003345, 37.56207171], [126.91995783, 37.56214798]]]}, "properties": {"name": "크림슨연남", "status": "high", "capacity": 4, "active": 1, "industry": "욕탕·신체관리", "vacancy_rate": 75.0, "vacancy_rate_lo": 75.0, "vacancy_rate_hi": 100.0, "stores": 1, "source": "stores+ledger", "capacity_method": "floor_ouln", "active_pip": 0, "licensed": 0, "com_floors": [1, 3, 4, 5], "occ_floors": [], "unknown_n": 1, "id": "1144012400105040004-1", "pnu": "1144012400105040004", "floors": 5, "height": 16.9}}, {"type": "Feature", "geometry": {"type": "Polygon", "coordinates": [[[126.9227164, 37.56271527], [126.92279732, 37.56261521], [126.92272526, 37.56258202], [126.92272469, 37.56258283], [126.92271236, 37.56257714], [126.92266487, 37.56264243], [126.92265005, 37.56263558], [126.9226233, 37.56267232], [126.9227164, 37.56271527]]]}, "properties": {"name": "연남동 256-9", "status": "full", "capacity": 1, "active": 1, "industry": "비알코올 ", "vacancy_rate": 0.0, "vacancy_rate_lo": 0.0, "vacancy_rate_hi": 0.0, "stores": 1, "source": "stores+ledger", "capacity_method": "floor_ouln", "active_pip": 0, "licensed": 1, "com_floors": [1], "occ_floors": [1], "unknown_n": 0, "id": "1144012400102560009-1", "pnu": "1144012400102560009", "floors": 2, "height": 6.0}}, {"type": "Feature", "geometry": {"type": "Polygon", "coordinates": [[[126.92324137, 37.56204626], [126.92318932, 37.56202099], [126.92318501, 37.56202659], [126.92312053, 37.56199537], [126.92305968, 37.56206803], [126.9231771, 37.56213028], [126.92324137, 37.56204626]]]}, "properties": {"name": "연남동 257-22", "status": "full", "capacity": 2, "active": 2, "industry": "비알코올 ", "vacancy_rate": 0.0, "vacancy_rate_lo": 0.0, "vacancy_rate_hi": 50.0, "stores": 1, "source": "stores+ledger", "capacity_method": "floor_ouln", "active_pip": 0, "licensed": 1, "com_floors": [1, 2], "occ_floors": [1], "unknown_n": 1, "id": "1144012400102570022-1", "pnu": "1144012400102570022", "floors": 2, "height": 10.5}}, {"type": "Feature", "geometry": {"type": "Polygon", "coordinates": [[[126.92275508, 37.56256447], [126.92278534, 37.5625799], [126.922789, 37.56257535], [126.92279424, 37.56257802], [126.92281744, 37.56254919], [126.92281959, 37.56255029], [126.92286139, 37.56249832], [126.92275846, 37.56244583], [126.92270903, 37.56250729], [126.92272047, 37.56251312], [126.92270489, 37.56253246], [126.92275874, 37.56255992], [126.92275508, 37.56256447]]]}, "properties": {"name": "연남동 257-18", "status": "full", "capacity": 1, "active": 1, "industry": "기타 상품 소매", "vacancy_rate": 0.0, "vacancy_rate_lo": 0.0, "vacancy_rate_hi": 100.0, "stores": 1, "source": "stores+ledger", "capacity_method": "floor_ouln", "active_pip": 0, "licensed": 0, "com_floors": [1], "occ_floors": [], "unknown_n": 1, "id": "1144012400102570018-1", "pnu": "1144012400102570018", "floors": 4, "height": 14.58}}, {"type": "Feature", "geometry": {"type": "Polygon", "coordinates": [[[126.92327216, 37.56258463], [126.9233499, 37.56248584], [126.9232654, 37.56244371], [126.92321984, 37.56250161], [126.92321373, 37.56249854], [126.92318155, 37.56253943], [126.92327216, 37.56258463]]]}, "properties": {"name": "연남동 257-4", "status": "full", "capacity": 2, "active": 2, "industry": "이용·미용", "vacancy_rate": 0.0, "vacancy_rate_lo": 0.0, "vacancy_rate_hi": 50.0, "stores": 1, "source": "stores+ledger", "capacity_method": "floor_ouln", "active_pip": 0, "licensed": 1, "com_floors": [1, 2], "occ_floors": [1], "unknown_n": 1, "id": "1144012400102570004-1", "pnu": "1144012400102570004", "floors": 2, "height": 0.0}}, {"type": "Feature", "geometry": {"type": "Polygon", "coordinates": [[[126.92074473, 37.56216787], [126.92088914, 37.56225398], [126.9209684, 37.56216733], [126.92082544, 37.56208066], [126.92074473, 37.56216787]]]}, "properties": {"name": "안플레이하우스", "status": "full", "capacity": 2, "active": 2, "industry": "가구 소매", "vacancy_rate": 0.0, "vacancy_rate_lo": 0.0, "vacancy_rate_hi": 0.0, "stores": 2, "source": "stores+ledger", "capacity_method": "floor_ouln", "active_pip": 0, "licensed": 1, "com_floors": [1, 2], "occ_floors": [1, 2], "unknown_n": 0, "id": "1144012400105040012-1", "pnu": "1144012400105040012", "floors": 6, "height": 20.3}}, {"type": "Feature", "geometry": {"type": "Polygon", "coordinates": [[[126.92383477, 37.56254175], [126.923856, 37.56255257], [126.92386222, 37.56255574], [126.92388016, 37.56256489], [126.92388204, 37.56256585], [126.92391099, 37.5625806], [126.92396411, 37.56251455], [126.92386282, 37.56246292], [126.92381772, 37.56251898], [126.9238428, 37.56253177], [126.92383477, 37.56254175]]]}, "properties": {"name": "명칭없음", "status": "full", "capacity": 1, "active": 1, "industry": "비알코올 ", "vacancy_rate": 0.0, "vacancy_rate_lo": null, "vacancy_rate_hi": null, "stores": 1, "source": "stores+ledger", "capacity_method": "expos_units", "active_pip": 0, "licensed": 1, "com_floors": null, "occ_floors": null, "unknown_n": null, "id": "1144012400102550017-1", "pnu": "1144012400102550017", "floors": 5, "height": 14.8}}, {"type": "Feature", "geometry": {"type": "Polygon", "coordinates": [[[126.92384496, 37.56216278], [126.92375356, 37.56211777], [126.92370341, 37.56212621], [126.92367915, 37.56215899], [126.9238028, 37.56221709], [126.92384496, 37.56216278]]]}, "properties": {"name": "일부", "status": "full", "capacity": 4, "active": 4, "industry": "섬유·의복·신발 소매", "vacancy_rate": 0.0, "vacancy_rate_lo": 0.0, "vacancy_rate_hi": 25.0, "stores": 4, "source": "stores+ledger", "capacity_method": "floor_ouln", "active_pip": 0, "licensed": 2, "com_floors": [1, 2, 3, 4], "occ_floors": [1, 2, 3], "unknown_n": 1, "id": "1144012400102550024-1", "pnu": "1144012400102550024", "floors": 4, "height": 13.0}}, {"type": "Feature", "geometry": {"type": "Polygon", "coordinates": [[[126.92244997, 37.56292709], [126.92246165, 37.56291043], [126.92240599, 37.56288174], [126.92237868, 37.56291524], [126.92237868, 37.56291515], [126.92233573, 37.56296658], [126.92246538, 37.56303009], [126.92252238, 37.56295922], [126.92244997, 37.56292709]]]}, "properties": {"name": "연남동 252-17", "status": "partial", "capacity": 4, "active": 3, "industry": "시계·귀금속 소매", "vacancy_rate": 25.0, "vacancy_rate_lo": 25.0, "vacancy_rate_hi": 50.0, "stores": 2, "source": "stores+ledger", "capacity_method": "floor_ouln", "active_pip": 0, "licensed": 1, "com_floors": [1, 2, 3, 5], "occ_floors": [1, 3], "unknown_n": 1, "id": "1144012400102520017-1", "pnu": "1144012400102520017", "floors": 5, "height": 17.9}}, {"type": "Feature", "geometry": {"type": "Polygon", "coordinates": [[[126.92084078, 37.56206238], [126.92099582, 37.56214945], [126.92107176, 37.56205837], [126.92106543, 37.56201508], [126.92094783, 37.56194896], [126.92084078, 37.56206238]]]}, "properties": {"name": "프로젝트", "status": "full", "capacity": 3, "active": 3, "industry": "비알코올 ", "vacancy_rate": 0.0, "vacancy_rate_lo": 0.0, "vacancy_rate_hi": 0.0, "stores": 2, "source": "stores+ledger", "capacity_method": "floor_ouln", "active_pip": 0, "licensed": 1, "com_floors": [1, 2, 3], "occ_floors": [1, 2, 3], "unknown_n": 0, "id": "1144012400105040050-1", "pnu": "1144012400105040050", "floors": 8, "height": 24.05}}, {"type": "Feature", "geometry": {"type": "Polygon", "coordinates": [[[126.92376582, 37.56462606], [126.92366967, 37.56457816], [126.92363776, 37.56456255], [126.92359265, 37.56462081], [126.92359333, 37.56462018], [126.92358189, 37.56463531], [126.92371199, 37.56469792], [126.92376582, 37.56462606]]]}, "properties": {"name": "연남동 240-22", "status": "full", "capacity": 1, "active": 1, "industry": "서양식", "vacancy_rate": 0.0, "vacancy_rate_lo": 0.0, "vacancy_rate_hi": 0.0, "stores": 3, "source": "stores+ledger", "capacity_method": "floor_ouln", "active_pip": 0, "licensed": 1, "com_floors": [1], "occ_floors": [1], "unknown_n": 0, "id": "1144012400102400022-1", "pnu": "1144012400102400022", "floors": 4, "height": 0.0}}, {"type": "Feature", "geometry": {"type": "Polygon", "coordinates": [[[126.92282616, 37.56381545], [126.9226873, 37.56374414], [126.92261367, 37.56383384], [126.9227549, 37.5639073], [126.92282616, 37.56381545]]]}, "properties": {"name": "현대빌딩", "status": "partial", "capacity": 5, "active": 3, "industry": "안경·정밀기기 소매", "vacancy_rate": 40.0, "vacancy_rate_lo": 40.0, "vacancy_rate_hi": 40.0, "stores": 1, "source": "stores+ledger", "capacity_method": "floor_ouln", "active_pip": 0, "licensed": 0, "com_floors": [1, 2, 3, 4, 5], "occ_floors": [1, 2, 5], "unknown_n": 0, "id": "1144012400102540002-1", "pnu": "1144012400102540002", "floors": 5, "height": 18.75}}, {"type": "Feature", "geometry": {"type": "Polygon", "coordinates": [[[126.91996394, 37.56498449], [126.91992491, 37.56496392], [126.91989147, 37.56500462], [126.9199305, 37.56502492], [126.91996394, 37.56498449]]]}, "properties": {"name": "코오롱하늘채아파트", "status": "high", "capacity": 208, "active": 15, "industry": "이용·미용", "vacancy_rate": 92.8, "vacancy_rate_lo": null, "vacancy_rate_hi": null, "stores": 15, "source": "stores+ledger", "capacity_method": "expos_units", "active_pip": 0, "licensed": 3, "com_floors": null, "occ_floors": null, "unknown_n": null, "id": "1144012400105730000-8", "pnu": "1144012400105730000", "floors": 1, "height": 2.7}}, {"type": "Feature", "geometry": {"type": "Polygon", "coordinates": [[[126.92214193, 37.56495351], [126.92209736, 37.56493032], [126.9220331, 37.56500849], [126.92213989, 37.56506406], [126.92218205, 37.56501282], [126.92215569, 37.5649991], [126.92216295, 37.56499028], [126.92212697, 37.56497161], [126.92214193, 37.56495351]]]}, "properties": {"name": "연남동 245-63", "status": "full", "capacity": 1, "active": 1, "industry": "비알코올 ", "vacancy_rate": 0.0, "vacancy_rate_lo": 0.0, "vacancy_rate_hi": 0.0, "stores": 1, "source": "stores+ledger", "capacity_method": "floor_ouln", "active_pip": 0, "licensed": 0, "com_floors": [1], "occ_floors": [1], "unknown_n": 0, "id": "1144012400102450063-1", "pnu": "1144012400102450063", "floors": 2, "height": 0.0}}, {"type": "Feature", "geometry": {"type": "Polygon", "coordinates": [[[126.91956762, 37.56545147], [126.91950857, 37.56542278], [126.91949429, 37.56543484], [126.91949011, 37.56543169], [126.91942992, 37.56550976], [126.91951205, 37.56555054], [126.9195548, 37.56548273], [126.91956762, 37.56545147]]]}, "properties": {"name": "연남동 361-11", "status": "high", "capacity": 3, "active": 1, "industry": "한식", "vacancy_rate": 66.7, "vacancy_rate_lo": 66.7, "vacancy_rate_hi": 66.7, "stores": 1, "source": "stores+ledger", "capacity_method": "floor_ouln", "active_pip": 0, "licensed": 1, "com_floors": [1, 4, 5], "occ_floors": [1], "unknown_n": 0, "id": "1144012400103610011-1", "pnu": "1144012400103610011", "floors": 5, "height": 14.2}}, {"type": "Feature", "geometry": {"type": "Polygon", "coordinates": [[[126.92197234, 37.56574626], [126.9219636, 37.56570589], [126.92195608, 37.56570733], [126.92195315, 37.56569562], [126.92193266, 37.56569894], [126.92193232, 37.56569776], [126.92191935, 37.56565965], [126.92184721, 37.56569345], [126.92186887, 37.56576575], [126.92197234, 37.56574626]]]}, "properties": {"name": "연남동 241-52", "status": "full", "capacity": 2, "active": 2, "industry": "서양식", "vacancy_rate": 0.0, "vacancy_rate_lo": 0.0, "vacancy_rate_hi": 0.0, "stores": 2, "source": "stores+ledger", "capacity_method": "floor_ouln", "active_pip": 0, "licensed": 0, "com_floors": [1, 2], "occ_floors": [1, 2], "unknown_n": 0, "id": "1144012400102410052-1", "pnu": "1144012400102410052", "floors": 2, "height": 6.3}}, {"type": "Feature", "geometry": {"type": "Polygon", "coordinates": [[[126.92425663, 37.56521749], [126.92432916, 37.56520899], [126.92431797, 37.56511638], [126.92422394, 37.56512614], [126.92423488, 37.56520649], [126.92425331, 37.56520307], [126.92425663, 37.56521749]]]}, "properties": {"name": "연남동 223-16", "status": "partial", "capacity": 2, "active": 1, "industry": "주점", "vacancy_rate": 50.0, "vacancy_rate_lo": 50.0, "vacancy_rate_hi": 50.0, "stores": 1, "source": "stores+ledger", "capacity_method": "floor_ouln", "active_pip": 0, "licensed": 1, "com_floors": [1, 2], "occ_floors": [1], "unknown_n": 0, "id": "1144012400102230016-1", "pnu": "1144012400102230016", "floors": 5, "height": 14.2}}, {"type": "Feature", "geometry": {"type": "Polygon", "coordinates": [[[126.92230918, 37.56532852], [126.9222611, 37.56530335], [126.92225781, 37.56530731], [126.92224298, 37.56529956], [126.92223245, 37.56531234], [126.92222339, 37.56530765], [126.922209, 37.56532521], [126.9221394, 37.56528848], [126.92210648, 37.56532875], [126.92224824, 37.56540266], [126.92230918, 37.56532852]]]}, "properties": {"name": "연남동 241-37", "status": "full", "capacity": 1, "active": 1, "industry": "서양식", "vacancy_rate": 0.0, "vacancy_rate_lo": 0.0, "vacancy_rate_hi": 0.0, "stores": 3, "source": "stores+ledger", "capacity_method": "floor_ouln", "active_pip": 0, "licensed": 0, "com_floors": [1], "occ_floors": [1], "unknown_n": 0, "id": "1144012400102410037-1", "pnu": "1144012400102410037", "floors": 2, "height": 0.0}}, {"type": "Feature", "geometry": {"type": "Polygon", "coordinates": [[[126.92182814, 37.56541271], [126.92184413, 37.5653975], [126.9218517, 37.56540255], [126.92185158, 37.56540291], [126.92191925, 37.5653142], [126.92186699, 37.56528471], [126.92187674, 37.5652694], [126.92187742, 37.56526868], [126.92182425, 37.56523892], [126.92171477, 37.56537796], [126.92176669, 37.56540123], [126.92177531, 37.56538908], [126.92182814, 37.56541271]]]}, "properties": {"name": "일부", "status": "full", "capacity": 2, "active": 2, "industry": "오락용품 소매", "vacancy_rate": 0.0, "vacancy_rate_lo": 0.0, "vacancy_rate_hi": 50.0, "stores": 2, "source": "stores+ledger", "capacity_method": "floor_ouln", "active_pip": 0, "licensed": 0, "com_floors": [1, 2], "occ_floors": [1], "unknown_n": 1, "id": "1144012400102450044-1", "pnu": "1144012400102450044", "floors": 4, "height": 0.0}}, {"type": "Feature", "geometry": {"type": "Polygon", "coordinates": [[[126.92414925, 37.56568814], [126.92425342, 37.5656527], [126.92420653, 37.56556536], [126.92414686, 37.5655856], [126.92415341, 37.56559785], [126.92410642, 37.56561386], [126.92410631, 37.56561395], [126.92412879, 37.56565937], [126.92413422, 37.56565767], [126.92414925, 37.56568814]]]}, "properties": {"name": "반", "status": "full", "capacity": 2, "active": 2, "industry": "섬유·의복·신발 소매", "vacancy_rate": 0.0, "vacancy_rate_lo": 0.0, "vacancy_rate_hi": 0.0, "stores": 2, "source": "stores+ledger", "capacity_method": "floor_ouln", "active_pip": 0, "licensed": 2, "com_floors": [1, 2], "occ_floors": [1, 2], "unknown_n": 0, "id": "1144012400102230024-1", "pnu": "1144012400102230024", "floors": 3, "height": 11.0}}, {"type": "Feature", "geometry": {"type": "Polygon", "coordinates": [[[126.92307947, 37.56593701], [126.92307891, 37.56593224], [126.92307891, 37.56593242], [126.9230674, 37.56589457], [126.92306752, 37.56589457], [126.92305545, 37.5658551], [126.92297212, 37.56587117], [126.9229825, 37.56590451], [126.92297718, 37.56590559], [126.92299241, 37.56595426], [126.92307947, 37.56593701]]]}, "properties": {"name": "일부호", "status": "full", "capacity": 3, "active": 3, "industry": "이용·미용", "vacancy_rate": 0.0, "vacancy_rate_lo": 0.0, "vacancy_rate_hi": 33.3, "stores": 2, "source": "stores+ledger", "capacity_method": "floor_ouln", "active_pip": 0, "licensed": 1, "com_floors": [1, 2, 3], "occ_floors": [2, 3], "unknown_n": 1, "id": "1144012400102410005-1", "pnu": "1144012400102410005", "floors": 3, "height": 9.9}}, {"type": "Feature", "geometry": {"type": "Polygon", "coordinates": [[[126.92131887, 37.56598595], [126.92136628, 37.56597407], [126.92129978, 37.56585006], [126.9212563, 37.56586491], [126.92130993, 37.56598577], [126.92131786, 37.56598334], [126.92131887, 37.56598595]]]}, "properties": {"name": "일부", "status": "full", "capacity": 1, "active": 1, "industry": "기타 간이", "vacancy_rate": 0.0, "vacancy_rate_lo": 0.0, "vacancy_rate_hi": 0.0, "stores": 1, "source": "stores+ledger", "capacity_method": "floor_ouln", "active_pip": 0, "licensed": 1, "com_floors": [1], "occ_floors": [1], "unknown_n": 0, "id": "1144012400102450027-1", "pnu": "1144012400102450027", "floors": 0, "height": 0.0}}, {"type": "Feature", "geometry": {"type": "Polygon", "coordinates": [[[126.92214162, 37.5654704], [126.92215171, 37.56545807], [126.92216042, 37.56546258], [126.92219859, 37.5654147], [126.92208434, 37.56535326], [126.92203334, 37.56541401], [126.92214162, 37.5654704]]]}, "properties": {"name": "연남동 241-47", "status": "full", "capacity": 1, "active": 1, "industry": "이용·미용", "vacancy_rate": 0.0, "vacancy_rate_lo": 0.0, "vacancy_rate_hi": 0.0, "stores": 3, "source": "stores+ledger", "capacity_method": "floor_ouln", "active_pip": 0, "licensed": 1, "com_floors": [1], "occ_floors": [1], "unknown_n": 0, "id": "1144012400102410047-1", "pnu": "1144012400102410047", "floors": 2, "height": 0.0}}, {"type": "Feature", "geometry": {"type": "Polygon", "coordinates": [[[126.92390259, 37.56571464], [126.92388331, 37.56563561], [126.92381153, 37.56564638], [126.92382021, 37.56568297], [126.92382859, 37.56568171], [126.92384279, 37.56574181], [126.9238343, 37.56574316], [126.92383959, 37.56576569], [126.92384119, 37.56576875], [126.92390502, 37.56575888], [126.92389455, 37.5657159], [126.92390259, 37.56571464]]]}, "properties": {"name": "연남동 223-90", "status": "partial", "capacity": 4, "active": 2, "industry": "주점", "vacancy_rate": 50.0, "vacancy_rate_lo": 50.0, "vacancy_rate_hi": 50.0, "stores": 1, "source": "stores+ledger", "capacity_method": "floor_ouln", "active_pip": 0, "licensed": 1, "com_floors": [1, 2, 3, 4], "occ_floors": [1, 2], "unknown_n": 0, "id": "1144012400102230090-1", "pnu": "1144012400102230090", "floors": 4, "height": 12.65}}, {"type": "Feature", "geometry": {"type": "Polygon", "coordinates": [[[126.91985003, 37.56513496], [126.91979379, 37.5651115], [126.91978314, 37.56512582], [126.91984062, 37.56515126], [126.91985003, 37.56513496]]]}, "properties": {"name": "코오롱하늘채아파트", "status": "high", "capacity": 208, "active": 15, "industry": "이용·미용", "vacancy_rate": 92.8, "vacancy_rate_lo": null, "vacancy_rate_hi": null, "stores": 15, "source": "stores+ledger", "capacity_method": "expos_units", "active_pip": 0, "licensed": 3, "com_floors": null, "occ_floors": null, "unknown_n": null, "id": "1144012400105730000-9", "pnu": "1144012400105730000", "floors": 1, "height": 2.7}}, {"type": "Feature", "geometry": {"type": "Polygon", "coordinates": [[[126.92196042, 37.56556263], [126.92192252, 37.56554549], [126.92188071, 37.56559394], [126.92191224, 37.56563388], [126.9219871, 37.56559635], [126.92196042, 37.56556263]]]}, "properties": {"name": "연남동 241-51", "status": "full", "capacity": 2, "active": 2, "industry": "비알코올 ", "vacancy_rate": 0.0, "vacancy_rate_lo": 0.0, "vacancy_rate_hi": 0.0, "stores": 3, "source": "stores+ledger", "capacity_method": "floor_ouln", "active_pip": 0, "licensed": 1, "com_floors": [1, 2], "occ_floors": [1, 2], "unknown_n": 0, "id": "1144012400102410051-1", "pnu": "1144012400102410051", "floors": 2, "height": 0.0}}, {"type": "Feature", "geometry": {"type": "Polygon", "coordinates": [[[126.922479, 37.56505923], [126.9224324, 37.56503271], [126.92241699, 37.56504991], [126.92237242, 37.56502447], [126.922368, 37.56502933], [126.92235929, 37.56502437], [126.92235929, 37.56502428], [126.92231203, 37.56508128], [126.92242176, 37.56513902], [126.92248455, 37.56506212], [126.922479, 37.56505923]]]}, "properties": {"name": "연남동 241-31", "status": "full", "capacity": 2, "active": 2, "industry": "비알코올 ", "vacancy_rate": 0.0, "vacancy_rate_lo": 0.0, "vacancy_rate_hi": 0.0, "stores": 4, "source": "stores+ledger", "capacity_method": "floor_ouln", "active_pip": 0, "licensed": 2, "com_floors": [1, 2], "occ_floors": [1, 2], "unknown_n": 0, "id": "1144012400102410031-1", "pnu": "1144012400102410031", "floors": 2, "height": 8.21}}, {"type": "Feature", "geometry": {"type": "Polygon", "coordinates": [[[126.92280551, 37.5646677], [126.92270221, 37.56461555], [126.92265293, 37.56467192], [126.92276255, 37.56472452], [126.92280551, 37.5646677]]]}, "properties": {"name": "연남동 240-50", "status": "full", "capacity": 2, "active": 2, "industry": "장식품 소매", "vacancy_rate": 0.0, "vacancy_rate_lo": 0.0, "vacancy_rate_hi": 0.0, "stores": 2, "source": "stores+ledger", "capacity_method": "floor_ouln", "active_pip": 0, "licensed": 0, "com_floors": [1, 2], "occ_floors": [1, 2], "unknown_n": 0, "id": "1144012400102400050-1", "pnu": "1144012400102400050", "floors": 4, "height": 13.2}}, {"type": "Feature", "geometry": {"type": "Polygon", "coordinates": [[[126.92346891, 37.56475724], [126.92341914, 37.56473108], [126.92340894, 37.5647434], [126.92335079, 37.56471292], [126.92333583, 37.56473093], [126.92331898, 37.56472209], [126.92328351, 37.56476486], [126.92340828, 37.56483045], [126.92346891, 37.56475724]]]}, "properties": {"name": "연남동 240-25", "status": "high", "capacity": 3, "active": 1, "industry": "이용·미용", "vacancy_rate": 66.7, "vacancy_rate_lo": 66.7, "vacancy_rate_hi": 100.0, "stores": 1, "source": "stores+ledger", "capacity_method": "floor_ouln", "active_pip": 0, "licensed": 0, "com_floors": [1, 2, 3], "occ_floors": [], "unknown_n": 1, "id": "1144012400102400025-1", "pnu": "1144012400102400025", "floors": 1, "height": 0.0}}, {"type": "Feature", "geometry": {"type": "Polygon", "coordinates": [[[126.92292007, 37.56486508], [126.92290774, 37.56485868], [126.92285799, 37.56491974], [126.92292009, 37.56495185], [126.92292903, 37.56495636], [126.92297833, 37.56489449], [126.92292007, 37.56486508]]]}, "properties": {"name": "전체", "status": "partial", "capacity": 3, "active": 2, "industry": "주점", "vacancy_rate": 33.3, "vacancy_rate_lo": 33.3, "vacancy_rate_hi": 33.3, "stores": 3, "source": "stores+ledger", "capacity_method": "floor_ouln", "active_pip": 0, "licensed": 0, "com_floors": [1, 2, 3], "occ_floors": [1, 2], "unknown_n": 0, "id": "1144012400102400033-1", "pnu": "1144012400102400033", "floors": 3, "height": 9.5}}, {"type": "Feature", "geometry": {"type": "Polygon", "coordinates": [[[126.92179846, 37.56490895], [126.92169844, 37.56485906], [126.92166636, 37.56490255], [126.92163401, 37.56488739], [126.92159888, 37.56493503], [126.92163791, 37.56495327], [126.92172818, 37.56499828], [126.92179846, 37.56490895]]]}, "properties": {"name": "연남동 245-51", "status": "empty", "capacity": 2, "active": 0, "industry": "", "vacancy_rate": 100.0, "source": "polygon_only", "capacity_method": "floor_approx", "active_pip": 0, "licensed": 0, "id": "1144012400102450051-1", "pnu": "1144012400102450051", "floors": 2, "height": 10.6}}, {"type": "Feature", "geometry": {"type": "Polygon", "coordinates": [[[126.92429224, 37.56499221], [126.9242178, 37.56493981], [126.92421021, 37.56494792], [126.92420082, 37.56494232], [126.92417476, 37.56497015], [126.92415745, 37.56495986], [126.92412335, 37.56499624], [126.92415208, 37.56501563], [126.9242118, 37.56505396], [126.92429494, 37.56499437], [126.92429211, 37.56499239], [126.92429224, 37.56499221]]]}, "properties": {"name": "연남동 223-20", "status": "full", "capacity": 2, "active": 2, "industry": "기타 간이", "vacancy_rate": 0.0, "vacancy_rate_lo": 0.0, "vacancy_rate_hi": 0.0, "stores": 2, "source": "stores+ledger", "capacity_method": "floor_ouln", "active_pip": 0, "licensed": 2, "com_floors": [1, 2], "occ_floors": [1, 2], "unknown_n": 0, "id": "1144012400102230020-1", "pnu": "1144012400102230020", "floors": 2, "height": 0.0}}, {"type": "Feature", "geometry": {"type": "Polygon", "coordinates": [[[126.92256145, 37.5654443], [126.92262913, 37.56544404], [126.92262194, 37.56537807], [126.92260625, 37.56537077], [126.92253614, 37.56539135], [126.92256145, 37.5654443]]]}, "properties": {"name": "PL아파트", "status": "full", "capacity": 5, "active": 5, "industry": "일식", "vacancy_rate": 0.0, "vacancy_rate_lo": 0.0, "vacancy_rate_hi": 0.0, "stores": 2, "source": "stores+ledger", "capacity_method": "floor_ouln", "active_pip": 0, "licensed": 0, "com_floors": [1, 2, 3, 4, 5], "occ_floors": [1, 2, 3, 4, 5], "unknown_n": 0, "id": "1144012400102410041-1", "pnu": "1144012400102410041", "floors": 5, "height": 13.75}}, {"type": "Feature", "geometry": {"type": "Polygon", "coordinates": [[[126.92110675, 37.56450037], [126.92110709, 37.56450883], [126.92112186, 37.56452045], [126.92113862, 37.5645233], [126.92114823, 37.56452003], [126.9212022, 37.56454817], [126.92125442, 37.56449051], [126.92115794, 37.56443996], [126.92110675, 37.56450037]]]}, "properties": {"name": "연남동 246-20", "status": "high", "capacity": 4, "active": 1, "industry": "", "vacancy_rate": 75.0, "source": "pip_only", "capacity_method": "floor_approx", "active_pip": 0, "licensed": 1, "id": "1144012400102460020-1", "pnu": "1144012400102460020", "floors": 4, "height": 14.3}}, {"type": "Feature", "geometry": {"type": "Polygon", "coordinates": [[[126.92402292, 37.56539911], [126.92407871, 37.5653859], [126.92406708, 37.56535845], [126.92404655, 37.565295], [126.92398708, 37.56530856], [126.92402292, 37.56539911]]]}, "properties": {"name": "연남동 223-8", "status": "high", "capacity": 4, "active": 1, "industry": "", "vacancy_rate": 75.0, "source": "pip_only", "capacity_method": "floor_approx", "active_pip": 0, "licensed": 1, "id": "1144012400102230008-1", "pnu": "1144012400102230008", "floors": 4, "height": 11.9}}, {"type": "Feature", "geometry": {"type": "Polygon", "coordinates": [[[126.92343515, 37.56456562], [126.92353809, 37.56461826], [126.92360019, 37.56454131], [126.92349764, 37.56448878], [126.92343515, 37.56456562]]]}, "properties": {"name": "연남동 240-23", "status": "full", "capacity": 4, "active": 4, "industry": "섬유·의복·신발 소매", "vacancy_rate": 0.0, "vacancy_rate_lo": 0.0, "vacancy_rate_hi": 25.0, "stores": 2, "source": "stores+ledger", "capacity_method": "floor_ouln", "active_pip": 0, "licensed": 1, "com_floors": [1, 2, 3, 4], "occ_floors": [1, 3, 4], "unknown_n": 1, "id": "1144012400102400023-1", "pnu": "1144012400102400023", "floors": 4, "height": 13.6}}, {"type": "Feature", "geometry": {"type": "Polygon", "coordinates": [[[126.92427777, 37.56385275], [126.92430955, 37.56386932], [126.92431669, 37.56386064], [126.9243532, 37.56387967], [126.92434607, 37.56388835], [126.92437167, 37.56390169], [126.92438285, 37.56388811], [126.92437147, 37.56388218], [126.9244168, 37.56382706], [126.92436179, 37.56379839], [126.924368, 37.56379083], [126.9243405, 37.5637765], [126.92427777, 37.56385275]]]}, "properties": {"name": "명칭없음", "status": "full", "capacity": 1, "active": 1, "industry": "비알코올 ", "vacancy_rate": 0.0, "vacancy_rate_lo": null, "vacancy_rate_hi": null, "stores": 1, "source": "stores+ledger", "capacity_method": "expos_units", "active_pip": 0, "licensed": 0, "com_floors": null, "occ_floors": null, "unknown_n": null, "id": "1144012400102390018-1", "pnu": "1144012400102390018", "floors": 5, "height": 16.3}}, {"type": "Feature", "geometry": {"type": "Polygon", "coordinates": [[[126.92172156, 37.56548572], [126.92166228, 37.56545649], [126.92164471, 37.56547512], [126.92157796, 37.5655541], [126.92167594, 37.5656066], [126.92173804, 37.56553745], [126.92175322, 37.5655179], [126.92171227, 37.56549769], [126.92172156, 37.56548572]]]}, "properties": {"name": "연남동 245-41", "status": "full", "capacity": 5, "active": 5, "industry": "이용·미용", "vacancy_rate": 0.0, "vacancy_rate_lo": 0.0, "vacancy_rate_hi": 0.0, "stores": 11, "source": "stores+ledger", "capacity_method": "floor_ouln", "active_pip": 0, "licensed": 2, "com_floors": [1, 2, 3, 4, 5], "occ_floors": [1, 2, 3, 4, 5], "unknown_n": 0, "id": "1144012400102450041-1", "pnu": "1144012400102450041", "floors": 5, "height": 17.7}}, {"type": "Feature", "geometry": {"type": "Polygon", "coordinates": [[[126.9242465, 37.56388511], [126.92417037, 37.56397848], [126.92426511, 37.56402744], [126.92434124, 37.56393406], [126.9242465, 37.56388511]]]}, "properties": {"name": "연남동 239-17", "status": "high", "capacity": 5, "active": 1, "industry": "", "vacancy_rate": 80.0, "source": "pip_only", "capacity_method": "floor_approx", "active_pip": 0, "licensed": 1, "id": "1144012400102390017-1", "pnu": "1144012400102390017", "floors": 5, "height": 13.05}}, {"type": "Feature", "geometry": {"type": "Polygon", "coordinates": [[[126.92122742, 37.56361925], [126.92112052, 37.56356692], [126.92079252, 37.56398143], [126.92089659, 37.56402943], [126.92122742, 37.56361925]]]}, "properties": {"name": "코오롱하늘채아파트", "status": "high", "capacity": 208, "active": 15, "industry": "이용·미용", "vacancy_rate": 92.8, "vacancy_rate_lo": null, "vacancy_rate_hi": null, "stores": 15, "source": "stores+ledger", "capacity_method": "expos_units", "active_pip": 0, "licensed": 3, "com_floors": null, "occ_floors": null, "unknown_n": null, "id": "1144012400105730000-10", "pnu": "1144012400105730000", "floors": 15, "height": 39.85}}, {"type": "Feature", "geometry": {"type": "Polygon", "coordinates": [[[126.92169184, 37.56403112], [126.92158992, 37.56398079], [126.92155478, 37.5640259], [126.92154438, 37.56402085], [126.92151185, 37.56406264], [126.92162418, 37.56411803], [126.92169184, 37.56403112]]]}, "properties": {"name": "일부", "status": "full", "capacity": 2, "active": 2, "industry": "이용·미용", "vacancy_rate": 0.0, "vacancy_rate_lo": 0.0, "vacancy_rate_hi": 0.0, "stores": 3, "source": "stores+ledger", "capacity_method": "floor_ouln", "active_pip": 0, "licensed": 2, "com_floors": [1, 2], "occ_floors": [1, 2], "unknown_n": 0, "id": "1144012400102490008-1", "pnu": "1144012400102490008", "floors": 4, "height": 11.68}}, {"type": "Feature", "geometry": {"type": "Polygon", "coordinates": [[[126.9222942, 37.56556857], [126.92233027, 37.56555783], [126.92233494, 37.56556666], [126.92236073, 37.56555738], [126.92233513, 37.56550893], [126.92230948, 37.5655185], [126.92231037, 37.56552015], [126.92227445, 37.5655312], [126.9222942, 37.56556857]]]}, "properties": {"name": "연남동 241-44", "status": "empty", "capacity": 3, "active": 0, "industry": "", "vacancy_rate": 100.0, "source": "polygon_only", "capacity_method": "floor_approx", "active_pip": 0, "licensed": 0, "id": "1144012400102410044-1", "pnu": "1144012400102410044", "floors": 3, "height": 8.95}}, {"type": "Feature", "geometry": {"type": "Polygon", "coordinates": [[[126.92050543, 37.56540715], [126.92051042, 37.56540012], [126.92052469, 37.56540301], [126.92056594, 37.56534276], [126.92053992, 37.56533248], [126.920544, 37.56532599], [126.92049445, 37.56530641], [126.92045387, 37.56535413], [126.92045645, 37.56537603], [126.92046686, 37.56538207], [126.92046177, 37.56538756], [126.92050543, 37.56540715]]]}, "properties": {"name": "연남동 246-4", "status": "partial", "capacity": 3, "active": 2, "industry": "비알코올 ", "vacancy_rate": 33.3, "vacancy_rate_lo": 33.3, "vacancy_rate_hi": 66.7, "stores": 1, "source": "stores+ledger", "capacity_method": "floor_ouln", "active_pip": 0, "licensed": 1, "com_floors": [1, 2, 3], "occ_floors": [1], "unknown_n": 1, "id": "1144012400102460004-1", "pnu": "1144012400102460004", "floors": 5, "height": 0.0}}, {"type": "Feature", "geometry": {"type": "Polygon", "coordinates": [[[126.91966951, 37.56532603], [126.9195996, 37.56529139], [126.91950734, 37.56540809], [126.91957669, 37.56544292], [126.91966951, 37.56532603]]]}, "properties": {"name": "연남동 361-36", "status": "empty", "capacity": 1, "active": 0, "industry": "", "vacancy_rate": 100.0, "source": "polygon_only", "capacity_method": "floor_approx", "active_pip": 0, "licensed": 0, "id": "1144012400103610036-1", "pnu": "1144012400103610036", "floors": 1, "height": 3.3}}, {"type": "Feature", "geometry": {"type": "Polygon", "coordinates": [[[126.92368434, 37.56540438], [126.9236677, 37.56540113], [126.92361025, 37.56545992], [126.92363192, 37.56552409], [126.92369883, 37.56550981], [126.92368269, 37.56546222], [126.9237025, 37.56545791], [126.92368434, 37.56540438]]]}, "properties": {"name": "연남동 223-93", "status": "full", "capacity": 2, "active": 2, "industry": "비알코올 ", "vacancy_rate": 0.0, "vacancy_rate_lo": 0.0, "vacancy_rate_hi": 0.0, "stores": 2, "source": "stores+ledger", "capacity_method": "floor_ouln", "active_pip": 0, "licensed": 1, "com_floors": [1, 2], "occ_floors": [1, 2], "unknown_n": 0, "id": "1144012400102230093-1", "pnu": "1144012400102230093", "floors": 3, "height": 8.875}}, {"type": "Feature", "geometry": {"type": "Polygon", "coordinates": [[[126.92159066, 37.56521398], [126.92154123, 37.56518827], [126.92152355, 37.5652097], [126.92145951, 37.56528588], [126.92156314, 37.5653383], [126.92161584, 37.5652722], [126.92162389, 37.56525914], [126.92157467, 37.56524001], [126.92159066, 37.56521398]]]}, "properties": {"name": "연남동 245-83", "status": "partial", "capacity": 2, "active": 1, "industry": "", "vacancy_rate": 50.0, "source": "pip_only", "capacity_method": "floor_approx", "active_pip": 0, "licensed": 1, "id": "1144012400102450083-1", "pnu": "1144012400102450083", "floors": 2, "height": 7.9}}, {"type": "Feature", "geometry": {"type": "Polygon", "coordinates": [[[126.92125456, 37.56515766], [126.92134142, 37.56520255], [126.92136672, 37.56517154], [126.92133773, 37.5651558], [126.92134698, 37.56514446], [126.92136339, 37.56515245], [126.92136837, 37.56514665], [126.92138149, 37.56515343], [126.92146439, 37.56505179], [126.92138607, 37.56501132], [126.92128806, 37.56513147], [126.92127952, 37.56512705], [126.92125456, 37.56515766]]]}, "properties": {"name": "마포공예센터", "status": "full", "capacity": 2, "active": 2, "industry": "이용·미용", "vacancy_rate": 0.0, "vacancy_rate_lo": 0.0, "vacancy_rate_hi": 0.0, "stores": 8, "source": "stores+ledger", "capacity_method": "floor_ouln", "active_pip": 0, "licensed": 2, "com_floors": [1, 2], "occ_floors": [1, 2], "unknown_n": 0, "id": "1144012400102450043-1", "pnu": "1144012400102450043", "floors": 4, "height": 11.2}}, {"type": "Feature", "geometry": {"type": "Polygon", "coordinates": [[[126.92322655, 37.56533913], [126.92323992, 37.56532102], [126.92309874, 37.56524983], [126.92306066, 37.56530153], [126.92307106, 37.5653065], [126.92306744, 37.56531136], [126.92309255, 37.56532336], [126.92313974, 37.56533213], [126.92314156, 37.565326], [126.92318037, 37.56534108], [126.92322655, 37.56533913]]]}, "properties": {"name": "일부", "status": "full", "capacity": 2, "active": 2, "industry": "기타 간이", "vacancy_rate": 0.0, "vacancy_rate_lo": 0.0, "vacancy_rate_hi": 0.0, "stores": 3, "source": "stores+ledger", "capacity_method": "floor_ouln", "active_pip": 0, "licensed": 3, "com_floors": [1, 2], "occ_floors": [1, 2], "unknown_n": 0, "id": "1144012400102410018-1", "pnu": "1144012400102410018", "floors": 2, "height": 0.0}}, {"type": "Feature", "geometry": {"type": "Polygon", "coordinates": [[[126.92319652, 37.56581564], [126.92318164, 37.56575427], [126.92306244, 37.56577257], [126.92307743, 37.56583403], [126.92319652, 37.56581564]]]}, "properties": {"name": "아이에프비씨", "status": "full", "capacity": 3, "active": 3, "industry": "종합 소매", "vacancy_rate": 0.0, "vacancy_rate_lo": 0.0, "vacancy_rate_hi": 33.3, "stores": 3, "source": "stores+ledger", "capacity_method": "floor_ouln", "active_pip": 0, "licensed": 2, "com_floors": [1, 2, 3], "occ_floors": [1, 3], "unknown_n": 1, "id": "1144012400102410003-1", "pnu": "1144012400102410003", "floors": 3, "height": 9.1}}, {"type": "Feature", "geometry": {"type": "Polygon", "coordinates": [[[126.92179876, 37.56474718], [126.92192159, 37.56480929], [126.92200628, 37.56470077], [126.92187731, 37.5646381], [126.92179876, 37.56474718]]]}, "properties": {"name": "연남동 245-70", "status": "high", "capacity": 5, "active": 1, "industry": "", "vacancy_rate": 80.0, "source": "pip_only", "capacity_method": "floor_approx", "active_pip": 0, "licensed": 1, "id": "1144012400102450070-1", "pnu": "1144012400102450070", "floors": 5, "height": 14.99}}, {"type": "Feature", "geometry": {"type": "Polygon", "coordinates": [[[126.92176301, 37.56503164], [126.92170792, 37.56500232], [126.92164049, 37.56508157], [126.92169807, 37.56511376], [126.92176301, 37.56503164]]]}, "properties": {"name": "연남동 245-49", "status": "full", "capacity": 2, "active": 2, "industry": "기타 교육", "vacancy_rate": 0.0, "vacancy_rate_lo": 0.0, "vacancy_rate_hi": 0.0, "stores": 3, "source": "stores+ledger", "capacity_method": "floor_ouln", "active_pip": 0, "licensed": 3, "com_floors": [1, 3], "occ_floors": [1, 3], "unknown_n": 0, "id": "1144012400102450049-1", "pnu": "1144012400102450049", "floors": 3, "height": 9.9}}, {"type": "Feature", "geometry": {"type": "Polygon", "coordinates": [[[126.92410158, 37.56481098], [126.92397952, 37.56474648], [126.92387832, 37.5648676], [126.92399291, 37.56493255], [126.92410158, 37.56481098]]]}, "properties": {"name": "일부호", "status": "high", "capacity": 4, "active": 1, "industry": "한식", "vacancy_rate": 75.0, "vacancy_rate_lo": 75.0, "vacancy_rate_hi": 75.0, "stores": 1, "source": "stores+ledger", "capacity_method": "floor_ouln", "active_pip": 0, "licensed": 0, "com_floors": [1, 4, 5, 6], "occ_floors": [1], "unknown_n": 0, "id": "1144012400102400006-1", "pnu": "1144012400102400006", "floors": 7, "height": 22.3}}, {"type": "Feature", "geometry": {"type": "Polygon", "coordinates": [[[126.92469576, 37.56530997], [126.92469511, 37.56528132], [126.92468809, 37.5652814], [126.9246776, 37.5652477], [126.9246587, 37.56525147], [126.92465475, 37.56523886], [126.92456679, 37.56524863], [126.92457985, 37.56532288], [126.92469576, 37.56530997]]]}, "properties": {"name": "연남동 223-26", "status": "high", "capacity": 3, "active": 1, "industry": "기타 간이", "vacancy_rate": 66.7, "vacancy_rate_lo": 66.7, "vacancy_rate_hi": 66.7, "stores": 1, "source": "stores+ledger", "capacity_method": "floor_ouln", "active_pip": 0, "licensed": 1, "com_floors": [1, 2, 3], "occ_floors": [1], "unknown_n": 0, "id": "1144012400102230026-1", "pnu": "1144012400102230026", "floors": 3, "height": 9.95}}, {"type": "Feature", "geometry": {"type": "Polygon", "coordinates": [[[126.92500006, 37.56228489], [126.9250502, 37.56228219], [126.92504635, 37.56220601], [126.92500006, 37.5622084], [126.92495287, 37.56221071], [126.92495499, 37.56223891], [126.92494696, 37.56223936], [126.92495064, 37.56228729], [126.92500006, 37.56228489]]]}, "properties": {"name": "연남동 390-73", "status": "high", "capacity": 3, "active": 1, "industry": "", "vacancy_rate": 66.7, "source": "pip_only", "capacity_method": "floor_approx", "active_pip": 0, "licensed": 1, "id": "1144012400103900073-1", "pnu": "1144012400103900073", "floors": 3, "height": 9.35}}, {"type": "Feature", "geometry": {"type": "Polygon", "coordinates": [[[126.92618161, 37.56173207], [126.92618648, 37.56172513], [126.92612133, 37.56169076], [126.92606286, 37.56175325], [126.92615822, 37.56180512], [126.92616275, 37.56180116], [126.92618119, 37.56180901], [126.9262094, 37.56178029], [126.92618565, 37.56176324], [126.92619823, 37.56174613], [126.92619485, 37.56173874], [126.92618161, 37.56173207]]]}, "properties": {"name": "연남동 390-38", "status": "empty", "capacity": 3, "active": 0, "industry": "", "vacancy_rate": 100.0, "source": "polygon_only", "capacity_method": "floor_approx", "active_pip": 0, "licensed": 0, "id": "1144012400103900038-1", "pnu": "1144012400103900038", "floors": 3, "height": 9.3}}, {"type": "Feature", "geometry": {"type": "Polygon", "coordinates": [[[126.92504699, 37.56498247], [126.9251749, 37.56498061], [126.92521341, 37.56498214], [126.92521455, 37.56500897], [126.92527177, 37.56500889], [126.92527053, 37.56498136], [126.92528977, 37.56498088], [126.92528727, 37.56491704], [126.92519957, 37.56490388], [126.92513404, 37.56490631], [126.92510676, 37.56487856], [126.92504133, 37.56491738], [126.92506775, 37.56494924], [126.92504543, 37.56494979], [126.92504699, 37.56498247]]]}, "properties": {"name": "연남동 223-113", "status": "partial", "capacity": 5, "active": 3, "industry": "", "vacancy_rate": 40.0, "source": "pip_only", "capacity_method": "floor_approx", "active_pip": 3, "licensed": 0, "id": "1144012400102230113-1", "pnu": "1144012400102230113", "floors": 5, "height": 15.0}}, {"type": "Feature", "geometry": {"type": "Polygon", "coordinates": [[[126.92780367, 37.56603172], [126.92786064, 37.56599896], [126.92784967, 37.5659885], [126.92791547, 37.56595052], [126.92788065, 37.56591022], [126.92775516, 37.56598232], [126.92780367, 37.56603172]]]}, "properties": {"name": "연희동 192-40", "status": "empty", "capacity": 3, "active": 0, "industry": "", "vacancy_rate": 100.0, "source": "polygon_only", "capacity_method": "floor_approx", "active_pip": 0, "licensed": 0, "id": "1141011700101920040-1", "pnu": "1141011700101920040", "floors": 3, "height": 12.3}}, {"type": "Feature", "geometry": {"type": "Polygon", "coordinates": [[[126.92893216, 37.56591573], [126.92904938, 37.5658602], [126.92899489, 37.56577485], [126.92897066, 37.56578268], [126.92896309, 37.56577348], [126.9288623, 37.56581883], [126.92893216, 37.56591573]]]}, "properties": {"name": "정암빌딩", "status": "full", "capacity": 6, "active": 6, "industry": "종합 소매", "vacancy_rate": 0.0, "vacancy_rate_lo": 0.0, "vacancy_rate_hi": 50.0, "stores": 5, "source": "stores+ledger", "capacity_method": "floor_ouln", "active_pip": 0, "licensed": 2, "com_floors": [1, 2, 3, 4, 5, 6], "occ_floors": [1, 2, 6], "unknown_n": 3, "id": "1141011700101930017-1", "pnu": "1141011700101930017", "floors": 6, "height": 18.43}}, {"type": "Feature", "geometry": {"type": "Polygon", "coordinates": [[[126.92770969, 37.56512661], [126.92784879, 37.56502101], [126.92782402, 37.565], [126.92774474, 37.56493265], [126.92765775, 37.56499999], [126.92760463, 37.56504104], [126.92770969, 37.56512661]]]}, "properties": {"name": "연희동 218-23", "status": "high", "capacity": 5, "active": 1, "industry": "", "vacancy_rate": 80.0, "source": "pip_only", "capacity_method": "floor_approx", "active_pip": 0, "licensed": 1, "id": "1141011700102180023-1", "pnu": "1141011700102180023", "floors": 5, "height": 20.6}}, {"type": "Feature", "geometry": {"type": "Polygon", "coordinates": [[[126.9298413, 37.56482931], [126.9298456, 37.5648321], [126.92984412, 37.56483823], [126.92991191, 37.56485251], [126.92993612, 37.56485846], [126.92996507, 37.56477406], [126.92987352, 37.56475229], [126.92985105, 37.56481508], [126.92985059, 37.56481851], [126.92984595, 37.56481876], [126.9298413, 37.56482931]]]}, "properties": {"name": "연희동 194-40", "status": "high", "capacity": 3, "active": 1, "industry": "의약·화장품 소매", "vacancy_rate": 66.7, "vacancy_rate_lo": 66.7, "vacancy_rate_hi": 100.0, "stores": 1, "source": "stores+ledger", "capacity_method": "floor_ouln", "active_pip": 0, "licensed": 0, "com_floors": [1, 2, 5], "occ_floors": [], "unknown_n": 1, "id": "1141011700101940040-1", "pnu": "1141011700101940040", "floors": 5, "height": 18.75}}, {"type": "Feature", "geometry": {"type": "Polygon", "coordinates": [[[126.92860305, 37.56550542], [126.92868662, 37.56560112], [126.9288043, 37.56553339], [126.92872614, 37.56544591], [126.92866196, 37.56548228], [126.92865605, 37.56547568], [126.92860396, 37.5655049], [126.92860305, 37.56550542]]]}, "properties": {"name": "연희동 193-9", "status": "empty", "capacity": 8, "active": 0, "industry": "", "vacancy_rate": 100.0, "source": "polygon_only", "capacity_method": "floor_approx", "active_pip": 0, "licensed": 0, "id": "1141011700101930009-1", "pnu": "1141011700101930009", "floors": 8, "height": 24.8}}, {"type": "Feature", "geometry": {"type": "Polygon", "coordinates": [[[126.92681125, 37.56496244], [126.92680582, 37.56495775], [126.92677331, 37.56498413], [126.9267775, 37.564988], [126.92676187, 37.56499998], [126.92672743, 37.56502627], [126.92682448, 37.56510561], [126.92695677, 37.565001], [126.92716985, 37.56517521], [126.9272701, 37.5650949], [126.9271535, 37.56499996], [126.9270603, 37.56492411], [126.92706721, 37.56492006], [126.92696882, 37.56483964], [126.92681125, 37.56496244]]]}, "properties": {"name": "임광아파트", "status": "high", "capacity": 8, "active": 1, "industry": "비알코올 ", "vacancy_rate": 87.5, "vacancy_rate_lo": null, "vacancy_rate_hi": null, "stores": 1, "source": "stores+ledger", "capacity_method": "expos_units", "active_pip": 0, "licensed": 1, "com_floors": null, "occ_floors": null, "unknown_n": null, "id": "1141011700107380000-1", "pnu": "1141011700107380000", "floors": 18, "height": 50.1}}, {"type": "Feature", "geometry": {"type": "Polygon", "coordinates": [[[126.92734837, 37.5651573], [126.92724778, 37.56523301], [126.92734742, 37.56531317], [126.92733757, 37.565321], [126.92734232, 37.56532542], [126.92717909, 37.56545254], [126.92727725, 37.56553396], [126.92744865, 37.56540107], [126.92747906, 37.56542849], [126.92758214, 37.56534872], [126.92743014, 37.56522212], [126.92743308, 37.56521879], [126.92740289, 37.56519346], [126.92739666, 37.56519805], [126.92734837, 37.5651573]]]}, "properties": {"name": "임광아파트", "status": "high", "capacity": 8, "active": 1, "industry": "비알코올 ", "vacancy_rate": 87.5, "vacancy_rate_lo": null, "vacancy_rate_hi": null, "stores": 1, "source": "stores+ledger", "capacity_method": "expos_units", "active_pip": 0, "licensed": 1, "com_floors": null, "occ_floors": null, "unknown_n": null, "id": "1141011700107380000-2", "pnu": "1141011700107380000", "floors": 18, "height": 50.1}}, {"type": "Feature", "geometry": {"type": "Polygon", "coordinates": [[[126.92687189, 37.56522755], [126.92683916, 37.56525086], [126.92685781, 37.5652716], [126.92689089, 37.5652463], [126.92687189, 37.56522755]]]}, "properties": {"name": "임광아파트", "status": "high", "capacity": 8, "active": 1, "industry": "비알코올 ", "vacancy_rate": 87.5, "vacancy_rate_lo": null, "vacancy_rate_hi": null, "stores": 1, "source": "stores+ledger", "capacity_method": "expos_units", "active_pip": 0, "licensed": 1, "com_floors": null, "occ_floors": null, "unknown_n": null, "id": "1141011700107380000-3", "pnu": "1141011700107380000", "floors": 0, "height": 0.0}}, {"type": "Feature", "geometry": {"type": "Polygon", "coordinates": [[[126.9269205, 37.56528912], [126.92689286, 37.56531036], [126.92695088, 37.56535509], [126.92697479, 37.56533303], [126.9269205, 37.56528912]]]}, "properties": {"name": "임광아파트", "status": "high", "capacity": 8, "active": 1, "industry": "비알코올 ", "vacancy_rate": 87.5, "vacancy_rate_lo": null, "vacancy_rate_hi": null, "stores": 1, "source": "stores+ledger", "capacity_method": "expos_units", "active_pip": 0, "licensed": 1, "com_floors": null, "occ_floors": null, "unknown_n": null, "id": "1141011700107380000-4", "pnu": "1141011700107380000", "floors": 0, "height": 0.0}}, {"type": "Feature", "geometry": {"type": "Polygon", "coordinates": [[[126.92802363, 37.56588724], [126.92804118, 37.56587374], [126.92807738, 37.56590322], [126.92808689, 37.56589828], [126.92813564, 37.56593426], [126.92813734, 37.56593263], [126.92814582, 37.56593949], [126.92828548, 37.56583281], [126.9282191, 37.565776], [126.92819715, 37.56576815], [126.92817813, 37.56576751], [126.92816036, 37.56576975], [126.92814723, 37.56577461], [126.92813726, 37.5657837], [126.92810203, 37.5658135], [126.92808629, 37.56580106], [126.92806954, 37.56581591], [126.92806615, 37.56581267], [126.92805401, 37.56582167], [126.92803783, 37.56582743], [126.92800147, 37.56585642], [126.9280018, 37.56587002], [126.92802363, 37.56588724]]]}, "properties": {"name": "외", "status": "partial", "capacity": 6, "active": 4, "industry": "기타 교육", "vacancy_rate": 33.3, "vacancy_rate_lo": 33.3, "vacancy_rate_hi": 50.0, "stores": 1, "source": "stores+ledger", "capacity_method": "floor_ouln", "active_pip": 0, "licensed": 1, "com_floors": [1, 2, 3, 4, 5, 7], "occ_floors": [2, 3, 7], "unknown_n": 1, "id": "1141011700101920014-1", "pnu": "1141011700101920014", "floors": 7, "height": 22.3}}, {"type": "Feature", "geometry": {"type": "Polygon", "coordinates": [[[126.93004507, 37.56479591], [126.93002187, 37.56479103], [126.93001778, 37.56480626], [126.93000427, 37.56484796], [126.93005407, 37.56485953], [126.93005065, 37.56487232], [126.93023682, 37.56491469], [126.93025974, 37.56483749], [126.93009758, 37.56480288], [126.93009508, 37.56480801], [126.93004507, 37.56479591]]]}, "properties": {"name": "연희동 194-33", "status": "empty", "capacity": 4, "active": 0, "industry": "", "vacancy_rate": 100.0, "source": "polygon_only", "capacity_method": "floor_approx", "active_pip": 0, "licensed": 0, "id": "1141011700101940033-1", "pnu": "1141011700101940033", "floors": 4, "height": 13.5}}, {"type": "Feature", "geometry": {"type": "Polygon", "coordinates": [[[126.92479805, 37.56590497], [126.92479318, 37.56590415], [126.92478437, 37.56590595], [126.92477835, 37.56590937], [126.92477495, 37.56591405], [126.92477495, 37.56591414], [126.92473001, 37.5659152], [126.92473035, 37.56592358], [126.92468428, 37.56592463], [126.9246845, 37.56593003], [126.9246536, 37.56593073], [126.92465393, 37.56593803], [126.9246228, 37.56593882], [126.92462479, 37.5659945], [126.92481302, 37.56599012], [126.92481038, 37.56591146], [126.92480869, 37.56590993], [126.9248036, 37.56590686], [126.92479805, 37.56590497]]]}, "properties": {"name": "연희동 220-26", "status": "empty", "capacity": 4, "active": 0, "industry": "", "vacancy_rate": 100.0, "source": "polygon_only", "capacity_method": "floor_approx", "active_pip": 0, "licensed": 0, "id": "1141011700102200026-1", "pnu": "1141011700102200026", "floors": 4, "height": 11.9}}, {"type": "Feature", "geometry": {"type": "Polygon", "coordinates": [[[126.92478423, 37.56528828], [126.92485893, 37.56528855], [126.92485918, 37.5652453], [126.92482296, 37.56524517], [126.92482306, 37.56522715], [126.92478457, 37.56522701], [126.92478423, 37.56528828]]]}, "properties": {"name": "연남동 223-28", "status": "partial", "capacity": 2, "active": 1, "industry": "비알코올 ", "vacancy_rate": 50.0, "vacancy_rate_lo": null, "vacancy_rate_hi": null, "stores": 1, "source": "stores+ledger", "capacity_method": "floor_approx", "active_pip": 0, "licensed": 0, "com_floors": null, "occ_floors": null, "unknown_n": null, "id": "1144012400102230028-1", "pnu": "1144012400102230028", "floors": 1, "height": 4.5}}, {"type": "Feature", "geometry": {"type": "Polygon", "coordinates": [[[126.93007509, 37.5624655], [126.93014117, 37.56248609], [126.93018505, 37.56240962], [126.93009011, 37.56238001], [126.93005338, 37.56244801], [126.93008042, 37.56245605], [126.93007906, 37.56245839], [126.93007509, 37.5624655]]]}, "properties": {"name": "연희동 344-107", "status": "empty", "capacity": 3, "active": 0, "industry": "", "vacancy_rate": 100.0, "source": "polygon_only", "capacity_method": "floor_approx", "active_pip": 0, "licensed": 0, "id": "1141011700103440107-1", "pnu": "1141011700103440107", "floors": 3, "height": 9.8}}, {"type": "Feature", "geometry": {"type": "Polygon", "coordinates": [[[126.93026371, 37.56240958], [126.93030827, 37.5623276], [126.93013131, 37.56225903], [126.93010025, 37.56231172], [126.93009211, 37.56230802], [126.93007329, 37.56234035], [126.93026371, 37.56240958]]]}, "properties": {"name": "연희동 344-80", "status": "high", "capacity": 5, "active": 1, "industry": "기타 숙박", "vacancy_rate": 80.0, "vacancy_rate_lo": 80.0, "vacancy_rate_hi": 100.0, "stores": 1, "source": "stores+ledger", "capacity_method": "floor_ouln", "active_pip": 0, "licensed": 0, "com_floors": [1, 2, 3, 4, 5], "occ_floors": [], "unknown_n": 1, "id": "1141011700103440080-1", "pnu": "1141011700103440080", "floors": 5, "height": 18.65}}, {"type": "Feature", "geometry": {"type": "Polygon", "coordinates": [[[126.92671002, 37.56558154], [126.92668921, 37.56556432], [126.92671039, 37.5655483], [126.92671008, 37.56551937], [126.92665625, 37.56547862], [126.92654591, 37.56557018], [126.92664092, 37.56564024], [126.92671002, 37.56558154]]]}, "properties": {"name": "연희동 219-11", "status": "empty", "capacity": 4, "active": 0, "industry": "", "vacancy_rate": 100.0, "source": "polygon_only", "capacity_method": "floor_approx", "active_pip": 0, "licensed": 0, "id": "1141011700102190011-1", "pnu": "1141011700102190011", "floors": 4, "height": 13.85}}, {"type": "Feature", "geometry": {"type": "Polygon", "coordinates": [[[126.92960149, 37.56575683], [126.92958643, 37.56576349], [126.92959706, 37.5657762], [126.92961189, 37.56577008], [126.92960149, 37.56575683]]]}, "properties": {"name": "은혜빌딩", "status": "partial", "capacity": 6, "active": 4, "industry": "서양식", "vacancy_rate": 33.3, "vacancy_rate_lo": null, "vacancy_rate_hi": null, "stores": 4, "source": "stores+ledger", "capacity_method": "expos_units", "active_pip": 0, "licensed": 1, "com_floors": null, "occ_floors": null, "unknown_n": null, "id": "1141011700101880008-1", "pnu": "1141011700101880008", "floors": 0, "height": 0.0}}, {"type": "Feature", "geometry": {"type": "Polygon", "coordinates": [[[126.92675374, 37.56555643], [126.9267253, 37.56557912], [126.92679691, 37.56563367], [126.92682612, 37.5656108], [126.92675374, 37.56555643]]]}, "properties": {"name": "임광아파트", "status": "high", "capacity": 8, "active": 1, "industry": "비알코올 ", "vacancy_rate": 87.5, "vacancy_rate_lo": null, "vacancy_rate_hi": null, "stores": 1, "source": "stores+ledger", "capacity_method": "expos_units", "active_pip": 0, "licensed": 1, "com_floors": null, "occ_floors": null, "unknown_n": null, "id": "1141011700107380000-5", "pnu": "1141011700107380000", "floors": 0, "height": 0.0}}, {"type": "Feature", "geometry": {"type": "Polygon", "coordinates": [[[126.92973123, 37.56584845], [126.92969817, 37.56586528], [126.92973943, 37.56591405], [126.92976967, 37.56589875], [126.92973123, 37.56584845]]]}, "properties": {"name": "은혜빌딩", "status": "partial", "capacity": 6, "active": 4, "industry": "서양식", "vacancy_rate": 33.3, "vacancy_rate_lo": null, "vacancy_rate_hi": null, "stores": 4, "source": "stores+ledger", "capacity_method": "expos_units", "active_pip": 0, "licensed": 1, "com_floors": null, "occ_floors": null, "unknown_n": null, "id": "1141011700101880008-2", "pnu": "1141011700101880008", "floors": 0, "height": 0.0}}, {"type": "Feature", "geometry": {"type": "Polygon", "coordinates": [[[126.92900509, 37.56612877], [126.92900825, 37.56613372], [126.92901119, 37.56613508], [126.92901391, 37.56613526], [126.92901674, 37.56613454], [126.92902048, 37.56613238], [126.92903471, 37.5661568], [126.92908114, 37.56613854], [126.92907684, 37.56613223], [126.92913561, 37.56611074], [126.92912996, 37.56610055], [126.92915611, 37.56609192], [126.92914922, 37.56608101], [126.9291533, 37.56607903], [126.92915749, 37.56607552], [126.92915908, 37.56607165], [126.92915761, 37.56606749], [126.92910449, 37.56598719], [126.92910132, 37.56598413], [126.92909499, 37.56598286], [126.92909068, 37.56598483], [126.92895446, 37.56604323], [126.92895151, 37.5660462], [126.92900509, 37.56612877]]]}, "properties": {"name": "연희동 188-16", "status": "full", "capacity": 4, "active": 4, "industry": "이용·미용", "vacancy_rate": 0.0, "vacancy_rate_lo": 0.0, "vacancy_rate_hi": 25.0, "stores": 3, "source": "stores+ledger", "capacity_method": "floor_ouln", "active_pip": 0, "licensed": 1, "com_floors": [1, 2, 3, 4], "occ_floors": [1, 2, 4], "unknown_n": 1, "id": "1141011700101880016-1", "pnu": "1141011700101880016", "floors": 5, "height": 16.9}}, {"type": "Feature", "geometry": {"type": "Polygon", "coordinates": [[[126.92995136, 37.5658748], [126.92979693, 37.56568261], [126.92965254, 37.56575704], [126.92970013, 37.56581951], [126.92970647, 37.56581681], [126.92971032, 37.56582105], [126.92981014, 37.56594905], [126.92995136, 37.5658748]]]}, "properties": {"name": "은혜빌딩", "status": "partial", "capacity": 6, "active": 4, "industry": "서양식", "vacancy_rate": 33.3, "vacancy_rate_lo": null, "vacancy_rate_hi": null, "stores": 4, "source": "stores+ledger", "capacity_method": "expos_units", "active_pip": 0, "licensed": 1, "com_floors": null, "occ_floors": null, "unknown_n": null, "id": "1141011700101880008-3", "pnu": "1141011700101880008", "floors": 6, "height": 20.9}}, {"type": "Feature", "geometry": {"type": "Polygon", "coordinates": [[[126.92947864, 37.56532266], [126.9294047, 37.56535622], [126.92944143, 37.5654049], [126.9295138, 37.56536764], [126.92947864, 37.56532266]]]}, "properties": {"name": "한영빌딩", "status": "full", "capacity": 4, "active": 4, "industry": "의원", "vacancy_rate": 0.0, "vacancy_rate_lo": 0.0, "vacancy_rate_hi": 25.0, "stores": 5, "source": "stores+ledger", "capacity_method": "floor_ouln", "active_pip": 0, "licensed": 1, "com_floors": [1, 2, 3, 4], "occ_floors": [1, 2, 4], "unknown_n": 1, "id": "1141011700101930001-1", "pnu": "1141011700101930001", "floors": 0, "height": 0.0}}, {"type": "Feature", "geometry": {"type": "Polygon", "coordinates": [[[126.92913527, 37.56539534], [126.92906224, 37.56529619], [126.92905918, 37.56529348], [126.92905579, 37.56529375], [126.92905149, 37.56529528], [126.92905058, 37.56529591], [126.92879195, 37.56541911], [126.92878854, 37.56542091], [126.92878843, 37.56542279], [126.92878991, 37.56542631], [126.92879069, 37.56542793], [126.92886474, 37.56552555], [126.9288696, 37.56552826], [126.92887345, 37.56552673], [126.92894446, 37.56549326], [126.92913096, 37.56540516], [126.92913504, 37.56540318], [126.92913719, 37.56539994], [126.92913527, 37.56539534]]]}, "properties": {"name": "영화빌딩", "status": "full", "capacity": 5, "active": 5, "industry": "기타 간이", "vacancy_rate": 0.0, "vacancy_rate_lo": 0.0, "vacancy_rate_hi": 40.0, "stores": 3, "source": "stores+ledger", "capacity_method": "floor_ouln", "active_pip": 0, "licensed": 0, "com_floors": [1, 2, 3, 4, 5], "occ_floors": [3, 4, 5], "unknown_n": 2, "id": "1141011700101930007-1", "pnu": "1141011700101930007", "floors": 5, "height": 17.4}}, {"type": "Feature", "geometry": {"type": "Polygon", "coordinates": [[[126.92872746, 37.56585776], [126.92872565, 37.56585938], [126.92872406, 37.56586154], [126.9287244, 37.5658646], [126.92873593, 37.56587731], [126.92872732, 37.56588217], [126.9287263, 37.56588308], [126.92872551, 37.56588479], [126.92872619, 37.56588776], [126.92879753, 37.56596988], [126.9287998, 37.56597142], [126.92880296, 37.5659716], [126.92880624, 37.56596998], [126.92888767, 37.56592669], [126.92883442, 37.56585945], [126.92883691, 37.5658581], [126.92880628, 37.56581582], [126.92872746, 37.56585776]]]}, "properties": {"name": "에스빌딩", "status": "full", "capacity": 6, "active": 6, "industry": "한식", "vacancy_rate": 0.0, "vacancy_rate_lo": 0.0, "vacancy_rate_hi": 33.3, "stores": 4, "source": "stores+ledger", "capacity_method": "floor_ouln", "active_pip": 0, "licensed": 3, "com_floors": [1, 2, 3, 4, 5, 6], "occ_floors": [1, 3, 5, 6], "unknown_n": 2, "id": "1141011700101930006-1", "pnu": "1141011700101930006", "floors": 6, "height": 22.5}}, {"type": "Feature", "geometry": {"type": "Polygon", "coordinates": [[[126.92945609, 37.56546113], [126.92932248, 37.56552006], [126.92932338, 37.56552142], [126.92931342, 37.56552582], [126.9293549, 37.56558541], [126.92935218, 37.56558666], [126.92943017, 37.56569825], [126.92943481, 37.56569646], [126.9294338, 37.56569483], [126.92946631, 37.56568134], [126.92946494, 37.56567936], [126.92948929, 37.56566865], [126.92949143, 37.56567171], [126.92957987, 37.56563302], [126.92945609, 37.56546113]]]}, "properties": {"name": "연희동 193-2", "status": "partial", "capacity": 6, "active": 4, "industry": "중식", "vacancy_rate": 33.3, "vacancy_rate_lo": 33.3, "vacancy_rate_hi": 50.0, "stores": 2, "source": "stores+ledger", "capacity_method": "floor_ouln", "active_pip": 0, "licensed": 2, "com_floors": [1, 2, 3, 4, 5, 6], "occ_floors": [1, 5, 6], "unknown_n": 1, "id": "1141011700101930002-1", "pnu": "1141011700101930002", "floors": 7, "height": 22.65}}, {"type": "Feature", "geometry": {"type": "Polygon", "coordinates": [[[126.9269425, 37.56524849], [126.92691758, 37.56526803], [126.92694042, 37.56528886], [126.92696817, 37.56527095], [126.9269425, 37.56524849]]]}, "properties": {"name": "임광아파트", "status": "high", "capacity": 8, "active": 1, "industry": "비알코올 ", "vacancy_rate": 87.5, "vacancy_rate_lo": null, "vacancy_rate_hi": null, "stores": 1, "source": "stores+ledger", "capacity_method": "expos_units", "active_pip": 0, "licensed": 1, "com_floors": null, "occ_floors": null, "unknown_n": null, "id": "1141011700107380000-6", "pnu": "1141011700107380000", "floors": 0, "height": 0.0}}, {"type": "Feature", "geometry": {"type": "Polygon", "coordinates": [[[126.92695038, 37.56564494], [126.92702298, 37.56558597], [126.92697842, 37.56555053], [126.92684181, 37.56565586], [126.92686613, 37.5656738], [126.92695038, 37.56564494]]]}, "properties": {"name": "임광아파트", "status": "high", "capacity": 8, "active": 1, "industry": "비알코올 ", "vacancy_rate": 87.5, "vacancy_rate_lo": null, "vacancy_rate_hi": null, "stores": 1, "source": "stores+ledger", "capacity_method": "expos_units", "active_pip": 0, "licensed": 1, "com_floors": null, "occ_floors": null, "unknown_n": null, "id": "1141011700107380000-7", "pnu": "1141011700107380000", "floors": 0, "height": 0.0}}, {"type": "Feature", "geometry": {"type": "Polygon", "coordinates": [[[126.92633575, 37.56588935], [126.92630961, 37.56587573], [126.92630068, 37.56587709], [126.92629661, 37.56586942], [126.92621191, 37.56589442], [126.92624839, 37.56597977], [126.92641063, 37.56593652], [126.92640747, 37.56592959], [126.92639189, 37.56588804], [126.92636086, 37.56589316], [126.92635917, 37.56588432], [126.92633575, 37.56588935]]]}, "properties": {"name": "연희동 220-56", "status": "empty", "capacity": 5, "active": 0, "industry": "", "vacancy_rate": 100.0, "source": "polygon_only", "capacity_method": "floor_approx", "active_pip": 0, "licensed": 0, "id": "1141011700102200056-1", "pnu": "1141011700102200056", "floors": 5, "height": 0.0}}, {"type": "Feature", "geometry": {"type": "Polygon", "coordinates": [[[126.92710167, 37.56533032], [126.92706724, 37.56535552], [126.92708816, 37.56537373], [126.92712362, 37.56534438], [126.92710167, 37.56533032]]]}, "properties": {"name": "임광아파트", "status": "high", "capacity": 8, "active": 1, "industry": "비알코올 ", "vacancy_rate": 87.5, "vacancy_rate_lo": null, "vacancy_rate_hi": null, "stores": 1, "source": "stores+ledger", "capacity_method": "expos_units", "active_pip": 0, "licensed": 1, "com_floors": null, "occ_floors": null, "unknown_n": null, "id": "1141011700107380000-8", "pnu": "1141011700107380000", "floors": 0, "height": 0.0}}, {"type": "Feature", "geometry": {"type": "Polygon", "coordinates": [[[126.93039498, 37.56583371], [126.93036749, 37.56582171], [126.93032158, 37.56577627], [126.93025636, 37.56568415], [126.93023895, 37.56565954], [126.93027779, 37.56564272], [126.93031334, 37.56562724], [126.93030668, 37.56560841], [126.93013789, 37.56564236], [126.93040132, 37.56596859], [126.93048037, 37.56592359], [126.93048976, 37.56591819], [126.93044182, 37.56587275], [126.93042395, 37.56585589], [126.9304185, 37.56585994], [126.93039498, 37.56583371]]]}, "properties": {"name": "연희동 187-61", "status": "full", "capacity": 7, "active": 7, "industry": "", "vacancy_rate": 0.0, "source": "pip_only", "capacity_method": "floor_approx", "active_pip": 0, "licensed": 7, "id": "1141011700101870061-1", "pnu": "1141011700101870061", "floors": 2, "height": 0.0}}, {"type": "Feature", "geometry": {"type": "Polygon", "coordinates": [[[126.9292682, 37.56594304], [126.92923865, 37.56595735], [126.92924102, 37.56596105], [126.92915733, 37.56600776], [126.92921758, 37.56608574], [126.92921486, 37.56608709], [126.92923035, 37.56610521], [126.92934688, 37.56604824], [126.92929002, 37.5659737], [126.92929375, 37.56597216], [126.9292682, 37.56594304]]]}, "properties": {"name": "연희동 188-15", "status": "high", "capacity": 4, "active": 1, "industry": "기타 간이", "vacancy_rate": 75.0, "vacancy_rate_lo": 75.0, "vacancy_rate_hi": 75.0, "stores": 1, "source": "stores+ledger", "capacity_method": "floor_ouln", "active_pip": 0, "licensed": 1, "com_floors": [1, 2, 3, 4], "occ_floors": [1], "unknown_n": 0, "id": "1141011700101880015-1", "pnu": "1141011700101880015", "floors": 4, "height": 0.0}}, {"type": "Feature", "geometry": {"type": "Polygon", "coordinates": [[[126.92856772, 37.565557], [126.92840297, 37.56565041], [126.9284494, 37.56570229], [126.92847705, 37.56568661], [126.92850857, 37.56572183], [126.92851134, 37.56572027], [126.92854352, 37.56575623], [126.92866125, 37.56568948], [126.92859755, 37.56561829], [126.92861414, 37.56560888], [126.92856772, 37.565557]]]}, "properties": {"name": "연희동 193-10", "status": "full", "capacity": 5, "active": 5, "industry": "한식", "vacancy_rate": 0.0, "vacancy_rate_lo": 0.0, "vacancy_rate_hi": 20.0, "stores": 4, "source": "stores+ledger", "capacity_method": "floor_ouln", "active_pip": 0, "licensed": 4, "com_floors": [1, 2, 3, 4, 5], "occ_floors": [1, 2, 3, 5], "unknown_n": 1, "id": "1141011700101930010-1", "pnu": "1141011700101930010", "floors": 8, "height": 29.5}}, {"type": "Feature", "geometry": {"type": "Polygon", "coordinates": [[[126.9294254, 37.56585052], [126.92926869, 37.56590989], [126.92940433, 37.56609954], [126.92944147, 37.56608289], [126.92944927, 37.56609713], [126.92946975, 37.56610625], [126.92949136, 37.56610869], [126.92951287, 37.56610537], [126.92952805, 37.56609781], [126.92954459, 37.56607953], [126.92955106, 37.56606395], [126.92954712, 37.56603791], [126.92954046, 37.56602025], [126.92951436, 37.56597473], [126.92950813, 37.56597617], [126.9294254, 37.56585052]]]}, "properties": {"name": "외", "status": "partial", "capacity": 6, "active": 3, "industry": "한식", "vacancy_rate": 50.0, "vacancy_rate_lo": 50.0, "vacancy_rate_hi": 66.7, "stores": 2, "source": "stores+ledger", "capacity_method": "floor_ouln", "active_pip": 0, "licensed": 2, "com_floors": [1, 2, 3, 4, 5, 6], "occ_floors": [1, 5], "unknown_n": 1, "id": "1141011700101880055-1", "pnu": "1141011700101880055", "floors": 6, "height": 23.5}}, {"type": "Feature", "geometry": {"type": "Polygon", "coordinates": [[[126.9295327, 37.56536215], [126.92948469, 37.56538492], [126.92950086, 37.56540304], [126.92953274, 37.56544811], [126.92952368, 37.56545098], [126.92951801, 37.56545423], [126.92963072, 37.56560567], [126.92971532, 37.5655657], [126.92959978, 37.56541319], [126.92956314, 37.5653728], [126.92955793, 37.56537505], [126.9295327, 37.56536215]]]}, "properties": {"name": "한영빌딩", "status": "full", "capacity": 4, "active": 4, "industry": "의원", "vacancy_rate": 0.0, "vacancy_rate_lo": 0.0, "vacancy_rate_hi": 25.0, "stores": 5, "source": "stores+ledger", "capacity_method": "floor_ouln", "active_pip": 0, "licensed": 1, "com_floors": [1, 2, 3, 4], "occ_floors": [1, 2, 4], "unknown_n": 1, "id": "1141011700101930001-2", "pnu": "1141011700101930001", "floors": 4, "height": 13.15}}, {"type": "Feature", "geometry": {"type": "Polygon", "coordinates": [[[126.92488809, 37.56168665], [126.9248771, 37.56158474], [126.92476165, 37.5615926], [126.92476669, 37.56163918], [126.92478163, 37.5616382], [126.92478758, 37.56169352], [126.92488809, 37.56168665]]]}, "properties": {"name": "연남동 260-11", "status": "empty", "capacity": 4, "active": 0, "industry": "", "vacancy_rate": 100.0, "source": "polygon_only", "capacity_method": "floor_approx", "active_pip": 0, "licensed": 0, "id": "1144012400102600011-1", "pnu": "1144012400102600011", "floors": 4, "height": 11.8}}, {"type": "Feature", "geometry": {"type": "Polygon", "coordinates": [[[126.92539003, 37.56292795], [126.92542422, 37.56291854], [126.92542195, 37.56291229], [126.92549089, 37.56283569], [126.92540718, 37.56278634], [126.92535696, 37.56284364], [126.92539003, 37.56292795]]]}, "properties": {"name": "우측상가", "status": "full", "capacity": 4, "active": 4, "industry": "이용·미용", "vacancy_rate": 0.0, "vacancy_rate_lo": 0.0, "vacancy_rate_hi": 0.0, "stores": 6, "source": "stores+ledger", "capacity_method": "floor_ouln", "active_pip": 0, "licensed": 5, "com_floors": [1, 2, 3, 4], "occ_floors": [1, 2, 3, 4], "unknown_n": 0, "id": "1144012400103870013-1", "pnu": "1144012400103870013", "floors": 4, "height": 12.6}}, {"type": "Feature", "geometry": {"type": "Polygon", "coordinates": [[[126.92544628, 37.56296552], [126.92541388, 37.5629982], [126.92549668, 37.56304637], [126.92557247, 37.56297145], [126.92551285, 37.56293718], [126.92550414, 37.56294636], [126.92549565, 37.5629423], [126.9254585, 37.56297453], [126.92544628, 37.56296552]]]}, "properties": {"name": "하늘드리움", "status": "full", "capacity": 3, "active": 3, "industry": "한식", "vacancy_rate": 0.0, "vacancy_rate_lo": 0.0, "vacancy_rate_hi": 0.0, "stores": 6, "source": "stores+ledger", "capacity_method": "floor_ouln", "active_pip": 0, "licensed": 4, "com_floors": [1, 2, 3], "occ_floors": [1, 2, 3], "unknown_n": 0, "id": "1144012400103870012-1", "pnu": "1144012400103870012", "floors": 5, "height": 17.85}}, {"type": "Feature", "geometry": {"type": "Polygon", "coordinates": [[[126.92500005, 37.56469416], [126.92504107, 37.56466092], [126.92504842, 37.56466571], [126.92507674, 37.56464107], [126.92500005, 37.56458676], [126.92499718, 37.56458461], [126.92492241, 37.5646527], [126.92495843, 37.56467809], [126.92496149, 37.56467539], [126.92499474, 37.56469893], [126.92500005, 37.56469416]]]}, "properties": {"name": "그레이블라썸", "status": "partial", "capacity": 4, "active": 3, "industry": "주점", "vacancy_rate": 25.0, "vacancy_rate_lo": 25.0, "vacancy_rate_hi": 25.0, "stores": 4, "source": "stores+ledger", "capacity_method": "floor_ouln", "active_pip": 0, "licensed": 3, "com_floors": [1, 2, 3, 4], "occ_floors": [1, 2, 3], "unknown_n": 0, "id": "1144012400102230079-1", "pnu": "1144012400102230079", "floors": 4, "height": 13.59}}, {"type": "Feature", "geometry": {"type": "Polygon", "coordinates": [[[126.92486299, 37.5620945], [126.92492329, 37.56209005], [126.92491399, 37.56201967], [126.92485539, 37.56202285], [126.92486299, 37.5620945]]]}, "properties": {"name": "신영빌딩", "status": "partial", "capacity": 4, "active": 2, "industry": "이용·미용", "vacancy_rate": 50.0, "vacancy_rate_lo": 50.0, "vacancy_rate_hi": 50.0, "stores": 3, "source": "stores+ledger", "capacity_method": "floor_ouln", "active_pip": 0, "licensed": 1, "com_floors": [1, 2, 3, 4], "occ_floors": [1, 4], "unknown_n": 0, "id": "1144012400103900070-1", "pnu": "1144012400103900070", "floors": 4, "height": 12.65}}, {"type": "Feature", "geometry": {"type": "Polygon", "coordinates": [[[126.92532126, 37.5622268], [126.92532564, 37.56225878], [126.92531229, 37.56225896], [126.92531486, 37.56228879], [126.92535675, 37.56228846], [126.92535696, 37.56229107], [126.92535696, 37.56229593], [126.92544343, 37.56229302], [126.92544289, 37.56226994], [126.92545398, 37.56226968], [126.92545186, 37.56223796], [126.9254127, 37.56223893], [126.92541067, 37.5622319], [126.92536698, 37.56223404], [126.92536506, 37.5622271], [126.92532126, 37.5622268]]]}, "properties": {"name": "연남동 390-56", "status": "full", "capacity": 1, "active": 1, "industry": "이용·미용", "vacancy_rate": 0.0, "vacancy_rate_lo": 0.0, "vacancy_rate_hi": 0.0, "stores": 1, "source": "stores+ledger", "capacity_method": "floor_ouln", "active_pip": 0, "licensed": 1, "com_floors": [2], "occ_floors": [2], "unknown_n": 0, "id": "1144012400103900056-1", "pnu": "1144012400103900056", "floors": 3, "height": 10.1}}, {"type": "Feature", "geometry": {"type": "Polygon", "coordinates": [[[126.9251872, 37.56295553], [126.925271, 37.56302605], [126.92529446, 37.56300723], [126.92529819, 37.56300957], [126.92532775, 37.56298724], [126.92528523, 37.56295163], [126.92524214, 37.56291313], [126.9251872, 37.56295553]]]}, "properties": {"name": "연남동 228-23", "status": "full", "capacity": 4, "active": 4, "industry": "이용·미용", "vacancy_rate": 0.0, "vacancy_rate_lo": 0.0, "vacancy_rate_hi": 0.0, "stores": 3, "source": "stores+ledger", "capacity_method": "floor_ouln", "active_pip": 0, "licensed": 3, "com_floors": [1, 2, 4, 5], "occ_floors": [1, 2, 4, 5], "unknown_n": 0, "id": "1144012400102280023-1", "pnu": "1144012400102280023", "floors": 5, "height": 15.2}}, {"type": "Feature", "geometry": {"type": "Polygon", "coordinates": [[[126.92500006, 37.56209271], [126.9250707, 37.56208936], [126.92506874, 37.56202143], [126.92500003, 37.56202306], [126.92497717, 37.56202332], [126.92497727, 37.56203134], [126.92493393, 37.56203185], [126.92493499, 37.56209528], [126.92500006, 37.56209271]]]}, "properties": {"name": "연남동 390-71", "status": "full", "capacity": 3, "active": 3, "industry": "한식", "vacancy_rate": 0.0, "vacancy_rate_lo": 0.0, "vacancy_rate_hi": 0.0, "stores": 5, "source": "stores+ledger", "capacity_method": "floor_ouln", "active_pip": 0, "licensed": 4, "com_floors": [1, 2, 3], "occ_floors": [1, 2, 3], "unknown_n": 0, "id": "1144012400103900071-1", "pnu": "1144012400103900071", "floors": 3, "height": 10.88}}, {"type": "Feature", "geometry": {"type": "Polygon", "coordinates": [[[126.92495979, 37.56349562], [126.92485055, 37.56344205], [126.92480432, 37.56349577], [126.92481677, 37.56350256], [126.92480247, 37.56351917], [126.92489577, 37.56357004], [126.92495979, 37.56349562]]]}, "properties": {"name": "연남동 229-16", "status": "high", "capacity": 4, "active": 1, "industry": "기타 간이", "vacancy_rate": 75.0, "vacancy_rate_lo": 75.0, "vacancy_rate_hi": 75.0, "stores": 1, "source": "stores+ledger", "capacity_method": "floor_ouln", "active_pip": 0, "licensed": 1, "com_floors": [1, 2, 3, 4], "occ_floors": [1], "unknown_n": 0, "id": "1144012400102290016-1", "pnu": "1144012400102290016", "floors": 4, "height": 11.9}}, {"type": "Feature", "geometry": {"type": "Polygon", "coordinates": [[[126.9246169, 37.56477548], [126.92475685, 37.56487119], [126.92484469, 37.56479111], [126.92470757, 37.56469353], [126.9246169, 37.56477548]]]}, "properties": {"name": "보빌딩", "status": "full", "capacity": 3, "active": 3, "industry": "식료품 소매", "vacancy_rate": 0.0, "vacancy_rate_lo": 0.0, "vacancy_rate_hi": 0.0, "stores": 3, "source": "stores+ledger", "capacity_method": "floor_ouln", "active_pip": 0, "licensed": 3, "com_floors": [1, 2, 3], "occ_floors": [1, 2, 3], "unknown_n": 0, "id": "1144012400102230111-1", "pnu": "1144012400102230111", "floors": 5, "height": 18.6}}, {"type": "Feature", "geometry": {"type": "Polygon", "coordinates": [[[126.92491608, 37.56179604], [126.92495069, 37.56179904], [126.92494939, 37.56181523], [126.92498143, 37.56181722], [126.92498302, 37.56180105], [126.92499433, 37.56180154], [126.92500348, 37.56170436], [126.9249257, 37.56169952], [126.92491608, 37.56179604]]]}, "properties": {"name": "연남동 260-6", "status": "empty", "capacity": 5, "active": 0, "industry": "", "vacancy_rate": 100.0, "source": "polygon_only", "capacity_method": "floor_approx", "active_pip": 0, "licensed": 0, "id": "1144012400102600006-1", "pnu": "1144012400102600006", "floors": 5, "height": 15.0}}, {"type": "Feature", "geometry": {"type": "Polygon", "coordinates": [[[126.92467977, 37.56463233], [126.92474769, 37.5646832], [126.92484652, 37.56459825], [126.92477896, 37.56454813], [126.92467977, 37.56463233]]]}, "properties": {"name": "연남동 223-76", "status": "empty", "capacity": 5, "active": 0, "industry": "", "vacancy_rate": 100.0, "source": "polygon_only", "capacity_method": "floor_approx", "active_pip": 0, "licensed": 0, "id": "1144012400102230076-1", "pnu": "1144012400102230076", "floors": 5, "height": 19.0}}, {"type": "Feature", "geometry": {"type": "Polygon", "coordinates": [[[126.92555688, 37.56260042], [126.92549705, 37.56266831], [126.92559252, 37.56272658], [126.92563036, 37.56269145], [126.92562662, 37.56268957], [126.92565087, 37.56266445], [126.92560902, 37.56263621], [126.92561163, 37.56263352], [126.92555688, 37.56260042]]]}, "properties": {"name": "연남동 387-15", "status": "full", "capacity": 3, "active": 3, "industry": "일식", "vacancy_rate": 0.0, "vacancy_rate_lo": 0.0, "vacancy_rate_hi": 0.0, "stores": 4, "source": "stores+ledger", "capacity_method": "floor_ouln", "active_pip": 0, "licensed": 3, "com_floors": [1, 2, 3], "occ_floors": [1, 2, 3], "unknown_n": 0, "id": "1144012400103870015-1", "pnu": "1144012400103870015", "floors": 3, "height": 10.98}}, {"type": "Feature", "geometry": {"type": "Polygon", "coordinates": [[[126.92824986, 37.56284823], [126.92811039, 37.56287355], [126.92822671, 37.56303121], [126.9283342, 37.5629537], [126.92824986, 37.56284823]]]}, "properties": {"name": "연희동 354-6", "status": "empty", "capacity": 2, "active": 0, "industry": "", "vacancy_rate": 100.0, "source": "polygon_only", "capacity_method": "floor_approx", "active_pip": 0, "licensed": 0, "id": "1141011700103540006-1", "pnu": "1141011700103540006", "floors": 2, "height": 0.0}}, {"type": "Feature", "geometry": {"type": "Polygon", "coordinates": [[[126.92786673, 37.56226127], [126.92777444, 37.56230311], [126.92782203, 37.56237306], [126.92782769, 37.56237189], [126.92785063, 37.56240623], [126.92784632, 37.56240866], [126.9278938, 37.56247852], [126.92799457, 37.56243497], [126.92786673, 37.56226127]]]}, "properties": {"name": "재이손빌딩", "status": "full", "capacity": 3, "active": 3, "industry": "의원", "vacancy_rate": 0.0, "vacancy_rate_lo": 0.0, "vacancy_rate_hi": 33.3, "stores": 4, "source": "stores+ledger", "capacity_method": "floor_ouln", "active_pip": 0, "licensed": 1, "com_floors": [1, 2, 3], "occ_floors": [1, 2], "unknown_n": 1, "id": "1141011700103530100-1", "pnu": "1141011700103530100", "floors": 5, "height": 15.5}}, {"type": "Feature", "geometry": {"type": "Polygon", "coordinates": [[[126.9279126, 37.56258268], [126.92794701, 37.56257892], [126.92806293, 37.56256611], [126.9280527, 37.56248771], [126.92792276, 37.56250295], [126.92786186, 37.5625103], [126.9279126, 37.56258268]]]}, "properties": {"name": "연희동 353-128", "status": "partial", "capacity": 4, "active": 2, "industry": "", "vacancy_rate": 50.0, "source": "pip_only", "capacity_method": "floor_approx", "active_pip": 2, "licensed": 1, "id": "1141011700103530128-1", "pnu": "1141011700103530128", "floors": 4, "height": 0.0}}, {"type": "Feature", "geometry": {"type": "Polygon", "coordinates": [[[126.92735088, 37.56175838], [126.92739616, 37.56174687], [126.92735131, 37.56166143], [126.92735629, 37.56165999], [126.92735178, 37.56164846], [126.92728012, 37.56166373], [126.92735088, 37.56175838]]]}, "properties": {"name": "일부", "status": "full", "capacity": 2, "active": 2, "industry": "주점", "vacancy_rate": 0.0, "vacancy_rate_lo": 0.0, "vacancy_rate_hi": 0.0, "stores": 3, "source": "stores+ledger", "capacity_method": "floor_ouln", "active_pip": 0, "licensed": 3, "com_floors": [1, 2], "occ_floors": [1, 2], "unknown_n": 0, "id": "1141011600104440001-1", "pnu": "1141011600104440001", "floors": 2, "height": 0.0}}, {"type": "Feature", "geometry": {"type": "Polygon", "coordinates": [[[126.92814952, 37.5626714], [126.9279985, 37.5627105], [126.92804303, 37.56277783], [126.92817593, 37.56274574], [126.92814952, 37.5626714]]]}, "properties": {"name": "연희동 353-103", "status": "full", "capacity": 2, "active": 2, "industry": "기타 간이", "vacancy_rate": 0.0, "vacancy_rate_lo": 0.0, "vacancy_rate_hi": 50.0, "stores": 3, "source": "stores+ledger", "capacity_method": "floor_ouln", "active_pip": 0, "licensed": 1, "com_floors": [1, 2], "occ_floors": [1], "unknown_n": 1, "id": "1141011700103530103-1", "pnu": "1141011700103530103", "floors": 3, "height": 0.0}}, {"type": "Feature", "geometry": {"type": "Polygon", "coordinates": [[[126.92829688, 37.56244183], [126.92828587, 37.56248187], [126.92830246, 37.56248476], [126.92829615, 37.56250764], [126.92830389, 37.562509], [126.92829809, 37.56253011], [126.92831467, 37.56253301], [126.92830861, 37.56255502], [126.92836113, 37.56256417], [126.9283908, 37.56245635], [126.9283438, 37.56244816], [126.92834333, 37.56244992], [126.92829688, 37.56244183]]]}, "properties": {"name": "연희동 353-139", "status": "empty", "capacity": 5, "active": 0, "industry": "", "vacancy_rate": 100.0, "source": "polygon_only", "capacity_method": "floor_approx", "active_pip": 0, "licensed": 0, "id": "1141011700103530139-1", "pnu": "1141011700103530139", "floors": 5, "height": 14.2}}, {"type": "Feature", "geometry": {"type": "Polygon", "coordinates": [[[126.92463058, 37.56170243], [126.92461869, 37.56159845], [126.92450426, 37.56160666], [126.92450512, 37.56164586], [126.92453727, 37.56164354], [126.92454119, 37.56167886], [126.92456055, 37.56167752], [126.92456201, 37.56169004], [126.92458001, 37.56168879], [126.92458191, 37.561706], [126.92463058, 37.56170243]]]}, "properties": {"name": "연남동 260-16", "status": "full", "capacity": 2, "active": 2, "industry": "한식", "vacancy_rate": 0.0, "vacancy_rate_lo": 0.0, "vacancy_rate_hi": 0.0, "stores": 4, "source": "stores+ledger", "capacity_method": "floor_ouln", "active_pip": 0, "licensed": 2, "com_floors": [1, 2], "occ_floors": [1, 2], "unknown_n": 0, "id": "1144012400102600016-1", "pnu": "1144012400102600016", "floors": 2, "height": 7.793}}, {"type": "Feature", "geometry": {"type": "Polygon", "coordinates": [[[126.92628231, 37.56187904], [126.92641324, 37.56183298], [126.92639483, 37.56180146], [126.9263876, 37.56180402], [126.92635852, 37.56174682], [126.92626415, 37.56180481], [126.92627223, 37.56181713], [126.92628231, 37.56187904]]]}, "properties": {"name": "연남스퀘어빌딩", "status": "partial", "capacity": 4, "active": 2, "industry": "비알코올 ", "vacancy_rate": 50.0, "vacancy_rate_lo": 50.0, "vacancy_rate_hi": 50.0, "stores": 1, "source": "stores+ledger", "capacity_method": "floor_ouln", "active_pip": 0, "licensed": 0, "com_floors": [1, 2, 3, 4], "occ_floors": [2, 3], "unknown_n": 0, "id": "1144012400103830041-1", "pnu": "1144012400103830041", "floors": 4, "height": 13.42}}, {"type": "Feature", "geometry": {"type": "Polygon", "coordinates": [[[126.9256183, 37.56180087], [126.92575168, 37.56181925], [126.92576348, 37.56176912], [126.92563735, 37.56174922], [126.9256183, 37.56180087]]]}, "properties": {"name": "연남동 390-26", "status": "full", "capacity": 4, "active": 4, "industry": "서양식", "vacancy_rate": 0.0, "vacancy_rate_lo": 0.0, "vacancy_rate_hi": 25.0, "stores": 3, "source": "stores+ledger", "capacity_method": "floor_ouln", "active_pip": 0, "licensed": 3, "com_floors": [1, 2, 3, 4], "occ_floors": [1, 2, 3], "unknown_n": 1, "id": "1144012400103900026-1", "pnu": "1144012400103900026", "floors": 4, "height": 12.8}}, {"type": "Feature", "geometry": {"type": "Polygon", "coordinates": [[[126.9268919, 37.56259153], [126.92697836, 37.56265709], [126.9270779, 37.56257392], [126.92699171, 37.56250856], [126.9268919, 37.56259153]]]}, "properties": {"name": "연남동 226-16", "status": "full", "capacity": 1, "active": 1, "industry": "주점", "vacancy_rate": 0.0, "vacancy_rate_lo": 0.0, "vacancy_rate_hi": 0.0, "stores": 2, "source": "stores+ledger", "capacity_method": "floor_ouln", "active_pip": 0, "licensed": 2, "com_floors": [1], "occ_floors": [1], "unknown_n": 0, "id": "1144012400102260016-1", "pnu": "1144012400102260016", "floors": 4, "height": 14.4}}, {"type": "Feature", "geometry": {"type": "Polygon", "coordinates": [[[126.9267026, 37.56182753], [126.92678587, 37.56176235], [126.92674978, 37.56173305], [126.92674515, 37.56173593], [126.9267085, 37.56170518], [126.9266035, 37.56177954], [126.92667509, 37.56183661], [126.92669447, 37.56182212], [126.9267026, 37.56182753]]]}, "properties": {"name": "일부호", "status": "full", "capacity": 3, "active": 3, "industry": "이용·미용", "vacancy_rate": 0.0, "vacancy_rate_lo": 0.0, "vacancy_rate_hi": 0.0, "stores": 9, "source": "stores+ledger", "capacity_method": "floor_ouln", "active_pip": 0, "licensed": 3, "com_floors": [1, 2, 3], "occ_floors": [1, 2, 3], "unknown_n": 0, "id": "1144012400103830091-1", "pnu": "1144012400103830091", "floors": 3, "height": 10.55}}, {"type": "Feature", "geometry": {"type": "Polygon", "coordinates": [[[126.92683761, 37.56185798], [126.92686049, 37.56184133], [126.92681106, 37.56180129], [126.92679736, 37.56181264], [126.92677384, 37.56179388], [126.92669341, 37.56185744], [126.9267684, 37.56191578], [126.92684157, 37.56186168], [126.92683761, 37.56185798]]]}, "properties": {"name": "신박사빌딩", "status": "full", "capacity": 3, "active": 3, "industry": "주점", "vacancy_rate": 0.0, "vacancy_rate_lo": 0.0, "vacancy_rate_hi": 33.3, "stores": 5, "source": "stores+ledger", "capacity_method": "floor_ouln", "active_pip": 0, "licensed": 2, "com_floors": [1, 2, 3], "occ_floors": [2, 3], "unknown_n": 1, "id": "1144012400103830082-1", "pnu": "1144012400103830082", "floors": 3, "height": 10.0}}, {"type": "Feature", "geometry": {"type": "Polygon", "coordinates": [[[126.92683985, 37.56199214], [126.92691936, 37.56193741], [126.92685197, 37.56187637], [126.92678605, 37.56191705], [126.92679013, 37.5619203], [126.92677099, 37.5619311], [126.92683985, 37.56199214]]]}, "properties": {"name": "연남동 227-4", "status": "full", "capacity": 2, "active": 2, "industry": "오락용품 소매", "vacancy_rate": 0.0, "vacancy_rate_lo": 0.0, "vacancy_rate_hi": 0.0, "stores": 2, "source": "stores+ledger", "capacity_method": "floor_ouln", "active_pip": 0, "licensed": 1, "com_floors": [1, 2], "occ_floors": [1, 2], "unknown_n": 0, "id": "1144012400102270004-1", "pnu": "1144012400102270004", "floors": 2, "height": 6.69}}, {"type": "Feature", "geometry": {"type": "Polygon", "coordinates": [[[126.92540187, 37.56447214], [126.92541773, 37.5644617], [126.92537396, 37.5644259], [126.92528335, 37.56448954], [126.92530699, 37.56450983], [126.92529792, 37.56451613], [126.92539701, 37.56459601], [126.9254516, 37.56455776], [126.92544007, 37.56454577], [126.92546487, 37.56452641], [126.92542958, 37.56449441], [126.92540187, 37.56447214]]]}, "properties": {"name": "연남동 223-45", "status": "empty", "capacity": 1, "active": 0, "industry": "", "vacancy_rate": 100.0, "source": "polygon_only", "capacity_method": "floor_approx", "active_pip": 0, "licensed": 0, "id": "1144012400102230045-1", "pnu": "1144012400102230045", "floors": 1, "height": 0.0}}, {"type": "Feature", "geometry": {"type": "Polygon", "coordinates": [[[126.92624561, 37.56339849], [126.9261636, 37.56346584], [126.92624706, 37.56353148], [126.92633021, 37.56346252], [126.92624561, 37.56339849]]]}, "properties": {"name": "연남동 224-39", "status": "full", "capacity": 4, "active": 4, "industry": "섬유·의복·신발 소매", "vacancy_rate": 0.0, "vacancy_rate_lo": 0.0, "vacancy_rate_hi": 0.0, "stores": 3, "source": "stores+ledger", "capacity_method": "floor_ouln", "active_pip": 0, "licensed": 1, "com_floors": [1, 2, 3, 4], "occ_floors": [1, 2, 3, 4], "unknown_n": 0, "id": "1144012400102240039-1", "pnu": "1144012400102240039", "floors": 4, "height": 10.95}}, {"type": "Feature", "geometry": {"type": "Polygon", "coordinates": [[[126.92635833, 37.56168614], [126.9263238, 37.56169386], [126.92633114, 37.56171144], [126.92636522, 37.56170506], [126.92635833, 37.56168614]]]}, "properties": {"name": "연남스퀘어빌딩", "status": "partial", "capacity": 4, "active": 2, "industry": "비알코올 ", "vacancy_rate": 50.0, "vacancy_rate_lo": 50.0, "vacancy_rate_hi": 50.0, "stores": 1, "source": "stores+ledger", "capacity_method": "floor_ouln", "active_pip": 0, "licensed": 0, "com_floors": [1, 2, 3, 4], "occ_floors": [2, 3], "unknown_n": 0, "id": "1144012400103830041-2", "pnu": "1144012400103830041", "floors": 0, "height": 0.0}}, {"type": "Feature", "geometry": {"type": "Polygon", "coordinates": [[[126.92594862, 37.56476053], [126.92592551, 37.56477961], [126.92595616, 37.56480846], [126.925977, 37.56479523], [126.92599136, 37.56480506], [126.92605434, 37.56475834], [126.92600774, 37.56472173], [126.92595326, 37.56476305], [126.92594862, 37.56476053]]]}, "properties": {"name": "연남동 225-1", "status": "high", "capacity": 5, "active": 1, "industry": "", "vacancy_rate": 80.0, "source": "pip_only", "capacity_method": "floor_approx", "active_pip": 0, "licensed": 1, "id": "1144012400102250001-1", "pnu": "1144012400102250001", "floors": 5, "height": 12.1}}, {"type": "Feature", "geometry": {"type": "Polygon", "coordinates": [[[126.92667548, 37.56202241], [126.92665306, 37.56203735], [126.92664684, 37.56203257], [126.9266106, 37.56205408], [126.92662744, 37.56207274], [126.92661816, 37.56207967], [126.92665988, 37.56212205], [126.92673361, 37.56207361], [126.92670919, 37.56204666], [126.92670511, 37.56204955], [126.92667548, 37.56202241]]]}, "properties": {"name": "연남동 227-7", "status": "partial", "capacity": 2, "active": 1, "industry": "이용·미용", "vacancy_rate": 50.0, "vacancy_rate_lo": 50.0, "vacancy_rate_hi": 50.0, "stores": 2, "source": "stores+ledger", "capacity_method": "floor_ouln", "active_pip": 0, "licensed": 0, "com_floors": [1, 2], "occ_floors": [2], "unknown_n": 0, "id": "1144012400102270007-1", "pnu": "1144012400102270007", "floors": 3, "height": 9.08}}, {"type": "Feature", "geometry": {"type": "Polygon", "coordinates": [[[126.92644183, 37.5621775], [126.92642651, 37.56210838], [126.92630709, 37.56212399], [126.92631495, 37.56218192], [126.92633033, 37.56219067], [126.92644183, 37.5621775]]]}, "properties": {"name": "연남동 384-1", "status": "high", "capacity": 3, "active": 1, "industry": "이용·미용", "vacancy_rate": 66.7, "vacancy_rate_lo": 66.7, "vacancy_rate_hi": 66.7, "stores": 1, "source": "stores+ledger", "capacity_method": "floor_ouln", "active_pip": 0, "licensed": 0, "com_floors": [1, 2, 3], "occ_floors": [2], "unknown_n": 0, "id": "1144012400103840001-1", "pnu": "1144012400103840001", "floors": 3, "height": 9.2}}, {"type": "Feature", "geometry": {"type": "Polygon", "coordinates": [[[126.92640256, 37.56182483], [126.92633736, 37.56182866], [126.92633781, 37.56183488], [126.9262828, 37.56183953], [126.92628616, 37.56187124], [126.92627643, 37.56187187], [126.9262843, 37.56192278], [126.92636332, 37.56191508], [126.92636365, 37.56191869], [126.92641651, 37.56191169], [126.92640256, 37.56182483]]]}, "properties": {"name": "연남동 383-40", "status": "full", "capacity": 3, "active": 3, "industry": "이용·미용", "vacancy_rate": 0.0, "vacancy_rate_lo": 0.0, "vacancy_rate_hi": 33.3, "stores": 4, "source": "stores+ledger", "capacity_method": "floor_ouln", "active_pip": 0, "licensed": 2, "com_floors": [1, 2, 3], "occ_floors": [1, 2], "unknown_n": 1, "id": "1144012400103830040-1", "pnu": "1144012400103830040", "floors": 3, "height": 9.2}}, {"type": "Feature", "geometry": {"type": "Polygon", "coordinates": [[[126.92669214, 37.56154263], [126.92659359, 37.56162015], [126.92666609, 37.5616738], [126.92676452, 37.56159728], [126.92669214, 37.56154263]]]}, "properties": {"name": "전체", "status": "full", "capacity": 1, "active": 1, "industry": "중식", "vacancy_rate": 0.0, "vacancy_rate_lo": 0.0, "vacancy_rate_hi": 0.0, "stores": 2, "source": "stores+ledger", "capacity_method": "floor_ouln", "active_pip": 0, "licensed": 2, "com_floors": [1], "occ_floors": [1], "unknown_n": 0, "id": "1144012400103830095-1", "pnu": "1144012400103830095", "floors": 3, "height": 10.0}}, {"type": "Feature", "geometry": {"type": "Polygon", "coordinates": [[[126.92586976, 37.562224], [126.92587983, 37.56222274], [126.925875, 37.5621921], [126.92588802, 37.56219058], [126.92588318, 37.56215751], [126.92580916, 37.56216323], [126.92582763, 37.56224658], [126.92587359, 37.56224139], [126.92586976, 37.562224]]]}, "properties": {"name": "연남동 384-10", "status": "empty", "capacity": 1, "active": 0, "industry": "", "vacancy_rate": 100.0, "source": "polygon_only", "capacity_method": "floor_approx", "active_pip": 0, "licensed": 0, "id": "1144012400103840010-1", "pnu": "1144012400103840010", "floors": 1, "height": 0.0}}, {"type": "Feature", "geometry": {"type": "Polygon", "coordinates": [[[126.92525734, 37.56231515], [126.92520957, 37.56231548], [126.92520673, 37.56233007], [126.92517628, 37.56233114], [126.92517254, 37.5623369], [126.92516213, 37.5623368], [126.9251623, 37.56239393], [126.92526066, 37.56239345], [126.92525734, 37.56231515]]]}, "properties": {"name": "연남동 390-62", "status": "empty", "capacity": 1, "active": 0, "industry": "", "vacancy_rate": 100.0, "source": "polygon_only", "capacity_method": "floor_approx", "active_pip": 0, "licensed": 0, "id": "1144012400103900062-1", "pnu": "1144012400103900062", "floors": 1, "height": 0.0}}, {"type": "Feature", "geometry": {"type": "Polygon", "coordinates": [[[126.92540518, 37.56161274], [126.9253886, 37.5616703], [126.92541632, 37.56167446], [126.92541405, 37.56168338], [126.92546633, 37.56169242], [126.92547132, 37.56168017], [126.92548434, 37.5616809], [126.92549059, 37.56165216], [126.92550112, 37.56165325], [126.9255077, 37.5616292], [126.92540518, 37.56161274]]]}, "properties": {"name": "연남동 382-1", "status": "full", "capacity": 3, "active": 3, "industry": "섬유·의복·신발 소매", "vacancy_rate": 0.0, "vacancy_rate_lo": 0.0, "vacancy_rate_hi": 33.3, "stores": 4, "source": "stores+ledger", "capacity_method": "floor_ouln", "active_pip": 0, "licensed": 1, "com_floors": [1, 2, 3], "occ_floors": [1, 3], "unknown_n": 1, "id": "1144012400103820001-1", "pnu": "1144012400103820001", "floors": 4, "height": 12.4}}, {"type": "Feature", "geometry": {"type": "Polygon", "coordinates": [[[126.92541953, 37.56184371], [126.92549554, 37.56187604], [126.92547723, 37.56189561], [126.92549627, 37.56190325], [126.92556183, 37.56181551], [126.92547617, 37.5617655], [126.92541953, 37.56184371]]]}, "properties": {"name": "연남동 390-24", "status": "full", "capacity": 4, "active": 4, "industry": "주점", "vacancy_rate": 0.0, "vacancy_rate_lo": 0.0, "vacancy_rate_hi": 0.0, "stores": 4, "source": "stores+ledger", "capacity_method": "floor_ouln", "active_pip": 0, "licensed": 3, "com_floors": [1, 2, 3, 4], "occ_floors": [1, 2, 3, 4], "unknown_n": 0, "id": "1144012400103900024-1", "pnu": "1144012400103900024", "floors": 4, "height": 13.24}}, {"type": "Feature", "geometry": {"type": "Polygon", "coordinates": [[[126.92522649, 37.56170146], [126.92522398, 37.56171812], [126.92526835, 37.56172059], [126.92526689, 37.56170464], [126.92522649, 37.56170146]]]}, "properties": {"name": "연남동 390-84", "status": "partial", "capacity": 4, "active": 2, "industry": "기타 교육", "vacancy_rate": 50.0, "vacancy_rate_lo": 50.0, "vacancy_rate_hi": 75.0, "stores": 2, "source": "stores+ledger", "capacity_method": "floor_ouln", "active_pip": 0, "licensed": 0, "com_floors": [1, 2, 3, 4], "occ_floors": [2], "unknown_n": 1, "id": "1144012400103900084-1", "pnu": "1144012400103900084", "floors": 0, "height": 0.0}}, {"type": "Feature", "geometry": {"type": "Polygon", "coordinates": [[[126.9262396, 37.56202474], [126.92625343, 37.56200745], [126.92623009, 37.56191806], [126.92613953, 37.56193269], [126.92616728, 37.56203632], [126.9262396, 37.56202474]]]}, "properties": {"name": "좌측", "status": "full", "capacity": 1, "active": 1, "industry": "주점", "vacancy_rate": 0.0, "vacancy_rate_lo": 0.0, "vacancy_rate_hi": 0.0, "stores": 3, "source": "stores+ledger", "capacity_method": "floor_ouln", "active_pip": 0, "licensed": 3, "com_floors": [1], "occ_floors": [1], "unknown_n": 0, "id": "1144012400103830044-1", "pnu": "1144012400103830044", "floors": 3, "height": 9.8}}, {"type": "Feature", "geometry": {"type": "Polygon", "coordinates": [[[126.92478695, 37.56242928], [126.9247782, 37.56234881], [126.92474594, 37.56235104], [126.92474493, 37.56234149], [126.92465993, 37.56234739], [126.9246652, 37.56239605], [126.92466961, 37.56239569], [126.92467275, 37.56242434], [126.92471292, 37.56243661], [126.92471665, 37.56243725], [126.92472254, 37.56243762], [126.92478695, 37.56242928]]]}, "properties": {"name": "일부호", "status": "full", "capacity": 2, "active": 2, "industry": "서양식", "vacancy_rate": 0.0, "vacancy_rate_lo": 0.0, "vacancy_rate_hi": 0.0, "stores": 7, "source": "stores+ledger", "capacity_method": "floor_ouln", "active_pip": 0, "licensed": 5, "com_floors": [1, 3], "occ_floors": [1, 3], "unknown_n": 0, "id": "1144012400103900065-1", "pnu": "1144012400103900065", "floors": 3, "height": 9.8}}, {"type": "Feature", "geometry": {"type": "Polygon", "coordinates": [[[126.92570962, 37.5626961], [126.92565226, 37.56276078], [126.92573584, 37.56280774], [126.92579319, 37.56274307], [126.92570962, 37.5626961]]]}, "properties": {"name": "연남동 387-9", "status": "full", "capacity": 1, "active": 1, "industry": "한식", "vacancy_rate": 0.0, "vacancy_rate_lo": 0.0, "vacancy_rate_hi": 0.0, "stores": 1, "source": "stores+ledger", "capacity_method": "floor_ouln", "active_pip": 0, "licensed": 1, "com_floors": [1], "occ_floors": [1], "unknown_n": 0, "id": "1144012400103870009-1", "pnu": "1144012400103870009", "floors": 3, "height": 11.85}}, {"type": "Feature", "geometry": {"type": "Polygon", "coordinates": [[[126.92571048, 37.56167581], [126.92571038, 37.56167726], [126.92571149, 37.56168302], [126.92571387, 37.56168663], [126.92571714, 37.56168807], [126.9257218, 37.56168879], [126.92573096, 37.56168772], [126.92573695, 37.5616916], [126.92576501, 37.56170891], [126.92580046, 37.56167055], [126.9258076, 37.56167453], [126.92583978, 37.5616395], [126.92577836, 37.56160531], [126.92570902, 37.56167501], [126.92571048, 37.56167581]]]}, "properties": {"name": "연남동 390-44", "status": "full", "capacity": 3, "active": 3, "industry": "일식", "vacancy_rate": 0.0, "vacancy_rate_lo": 0.0, "vacancy_rate_hi": 0.0, "stores": 2, "source": "stores+ledger", "capacity_method": "floor_ouln", "active_pip": 0, "licensed": 2, "com_floors": [1, 3, 4], "occ_floors": [1, 3, 4], "unknown_n": 0, "id": "1144012400103900044-1", "pnu": "1144012400103900044", "floors": 4, "height": 11.4}}, {"type": "Feature", "geometry": {"type": "Polygon", "coordinates": [[[126.9276147, 37.56282001], [126.92769212, 37.56293178], [126.92768827, 37.56293412], [126.92771144, 37.56296522], [126.92771642, 37.56296306], [126.92771767, 37.56296261], [126.92783623, 37.56313252], [126.92790226, 37.5631012], [126.92768309, 37.56278986], [126.9276147, 37.56282001]]]}, "properties": {"name": "지층", "status": "full", "capacity": 3, "active": 3, "industry": "비알코올 ", "vacancy_rate": 0.0, "vacancy_rate_lo": 0.0, "vacancy_rate_hi": 0.0, "stores": 4, "source": "stores+ledger", "capacity_method": "floor_ouln", "active_pip": 0, "licensed": 1, "com_floors": [1, 2, 3], "occ_floors": [1, 2, 3], "unknown_n": 0, "id": "1144012400102260034-1", "pnu": "1144012400102260034", "floors": 3, "height": 0.0}}, {"type": "Feature", "geometry": {"type": "Polygon", "coordinates": [[[126.92467861, 37.5627887], [126.92465542, 37.56277743], [126.92463287, 37.56280697], [126.9245966, 37.56285244], [126.9246621, 37.56288555], [126.92471344, 37.56282125], [126.92468041, 37.56280447], [126.92467861, 37.5627887]]]}, "properties": {"name": "연남동 229-56", "status": "full", "capacity": 2, "active": 2, "industry": "중식", "vacancy_rate": 0.0, "vacancy_rate_lo": 0.0, "vacancy_rate_hi": 0.0, "stores": 3, "source": "stores+ledger", "capacity_method": "floor_ouln", "active_pip": 0, "licensed": 3, "com_floors": [1, 2], "occ_floors": [1, 2], "unknown_n": 0, "id": "1144012400102290056-1", "pnu": "1144012400102290056", "floors": 5, "height": 15.9}}, {"type": "Feature", "geometry": {"type": "Polygon", "coordinates": [[[126.92672078, 37.56199594], [126.92668907, 37.56201863], [126.92673735, 37.56206487], [126.92680349, 37.56202221], [126.92676629, 37.56198326], [126.92675418, 37.56198992], [126.92674671, 37.56198451], [126.92672463, 37.56199837], [126.92672078, 37.56199594]]]}, "properties": {"name": "연남동 227-6", "status": "full", "capacity": 4, "active": 4, "industry": "비알코올 ", "vacancy_rate": 0.0, "vacancy_rate_lo": 0.0, "vacancy_rate_hi": 25.0, "stores": 1, "source": "stores+ledger", "capacity_method": "floor_ouln", "active_pip": 0, "licensed": 1, "com_floors": [1, 2, 3, 4], "occ_floors": [1, 2, 4], "unknown_n": 1, "id": "1144012400102270006-1", "pnu": "1144012400102270006", "floors": 4, "height": 11.36}}, {"type": "Feature", "geometry": {"type": "Polygon", "coordinates": [[[126.92556723, 37.56285232], [126.92551082, 37.56290857], [126.92558569, 37.56295615], [126.9256421, 37.5628999], [126.92556723, 37.56285232]]]}, "properties": {"name": "일부", "status": "full", "capacity": 2, "active": 2, "industry": "식물 소매", "vacancy_rate": 0.0, "vacancy_rate_lo": 0.0, "vacancy_rate_hi": 0.0, "stores": 2, "source": "stores+ledger", "capacity_method": "floor_ouln", "active_pip": 0, "licensed": 0, "com_floors": [1, 2], "occ_floors": [1, 2], "unknown_n": 0, "id": "1144012400103870011-1", "pnu": "1144012400103870011", "floors": 4, "height": 11.5}}, {"type": "Feature", "geometry": {"type": "Polygon", "coordinates": [[[126.92509513, 37.56313009], [126.92503217, 37.56320655], [126.92508641, 37.56324199], [126.92515393, 37.56318473], [126.92509513, 37.56313009]]]}, "properties": {"name": "연남동 229-13", "status": "partial", "capacity": 2, "active": 1, "industry": "종합 소매", "vacancy_rate": 50.0, "vacancy_rate_lo": 50.0, "vacancy_rate_hi": 50.0, "stores": 1, "source": "stores+ledger", "capacity_method": "floor_ouln", "active_pip": 0, "licensed": 1, "com_floors": [1, 2], "occ_floors": [1], "unknown_n": 0, "id": "1144012400102290013-1", "pnu": "1144012400102290013", "floors": 4, "height": 0.0}}, {"type": "Feature", "geometry": {"type": "Polygon", "coordinates": [[[126.92544865, 37.56307931], [126.92537956, 37.56312927], [126.92549264, 37.56322972], [126.92556207, 37.56318156], [126.92544865, 37.56307931]]]}, "properties": {"name": "연남동 228-20", "status": "partial", "capacity": 3, "active": 2, "industry": "주점", "vacancy_rate": 33.3, "vacancy_rate_lo": 33.3, "vacancy_rate_hi": 33.3, "stores": 2, "source": "stores+ledger", "capacity_method": "floor_ouln", "active_pip": 0, "licensed": 1, "com_floors": [1, 2, 3], "occ_floors": [1, 2], "unknown_n": 0, "id": "1144012400102280020-1", "pnu": "1144012400102280020", "floors": 4, "height": 0.0}}, {"type": "Feature", "geometry": {"type": "Polygon", "coordinates": [[[126.92683024, 37.56291863], [126.92683034, 37.56291827], [126.92673885, 37.56284613], [126.92667155, 37.56279374], [126.9265978, 37.56286127], [126.92675627, 37.56297715], [126.92678873, 37.5630014], [126.92685772, 37.56294279], [126.92683024, 37.56291863]]]}, "properties": {"name": "연남동 226-21", "status": "partial", "capacity": 3, "active": 2, "industry": "중식", "vacancy_rate": 33.3, "vacancy_rate_lo": 33.3, "vacancy_rate_hi": 33.3, "stores": 3, "source": "stores+ledger", "capacity_method": "floor_ouln", "active_pip": 0, "licensed": 2, "com_floors": [1, 2, 3], "occ_floors": [1, 2], "unknown_n": 0, "id": "1144012400102260021-1", "pnu": "1144012400102260021", "floors": 5, "height": 16.6}}, {"type": "Feature", "geometry": {"type": "Polygon", "coordinates": [[[126.92620336, 37.56297374], [126.92627484, 37.56291378], [126.92618842, 37.56285525], [126.92614084, 37.56289946], [126.92614899, 37.56290352], [126.92612826, 37.5629209], [126.92620336, 37.56297374]]]}, "properties": {"name": "연남동 228-1", "status": "full", "capacity": 1, "active": 1, "industry": "한식", "vacancy_rate": 0.0, "vacancy_rate_lo": 0.0, "vacancy_rate_hi": 0.0, "stores": 2, "source": "stores+ledger", "capacity_method": "floor_ouln", "active_pip": 0, "licensed": 2, "com_floors": [1], "occ_floors": [1], "unknown_n": 0, "id": "1144012400102280001-1", "pnu": "1144012400102280001", "floors": 3, "height": 0.0}}, {"type": "Feature", "geometry": {"type": "Polygon", "coordinates": [[[126.92608102, 37.56399143], [126.92597817, 37.56407101], [126.92605236, 37.56413025], [126.92615328, 37.56405536], [126.92608102, 37.56399143]]]}, "properties": {"name": "연남동 225-14", "status": "empty", "capacity": 5, "active": 0, "industry": "", "vacancy_rate": 100.0, "source": "polygon_only", "capacity_method": "floor_approx", "active_pip": 0, "licensed": 0, "id": "1144012400102250014-1", "pnu": "1144012400102250014", "floors": 5, "height": 0.0}}, {"type": "Feature", "geometry": {"type": "Polygon", "coordinates": [[[126.92514513, 37.56291938], [126.92522295, 37.56286365], [126.92519886, 37.56284507], [126.92515611, 37.56280829], [126.92512621, 37.56283143], [126.92508068, 37.56286474], [126.92514513, 37.56291938]]]}, "properties": {"name": "연남동 228-26", "status": "full", "capacity": 3, "active": 3, "industry": "오락용품 소매", "vacancy_rate": 0.0, "vacancy_rate_lo": 0.0, "vacancy_rate_hi": 0.0, "stores": 3, "source": "stores+ledger", "capacity_method": "floor_ouln", "active_pip": 0, "licensed": 3, "com_floors": [1, 2, 3], "occ_floors": [1, 2, 3], "unknown_n": 0, "id": "1144012400102280026-1", "pnu": "1144012400102280026", "floors": 5, "height": 14.1}}, {"type": "Feature", "geometry": {"type": "Polygon", "coordinates": [[[126.92576222, 37.56371976], [126.92566061, 37.56380133], [126.92573412, 37.56385913], [126.9258338, 37.56378431], [126.92576222, 37.56371976]]]}, "properties": {"name": "연남동 225-34", "status": "empty", "capacity": 5, "active": 0, "industry": "", "vacancy_rate": 100.0, "source": "polygon_only", "capacity_method": "floor_approx", "active_pip": 0, "licensed": 0, "id": "1144012400102250034-1", "pnu": "1144012400102250034", "floors": 5, "height": 13.88}}, {"type": "Feature", "geometry": {"type": "Polygon", "coordinates": [[[126.92566703, 37.56155028], [126.9256591, 37.56156181], [126.925641, 37.56155215], [126.92560927, 37.56158971], [126.92561538, 37.56159269], [126.92559826, 37.56161898], [126.92569316, 37.56167535], [126.92576455, 37.56159151], [126.9257106, 37.56155922], [126.92570176, 37.56156815], [126.92566703, 37.56155028]]]}, "properties": {"name": "연남동 390-34", "status": "full", "capacity": 3, "active": 3, "industry": "기타 간이", "vacancy_rate": 0.0, "vacancy_rate_lo": 0.0, "vacancy_rate_hi": 0.0, "stores": 4, "source": "stores+ledger", "capacity_method": "floor_ouln", "active_pip": 0, "licensed": 1, "com_floors": [1, 2, 3], "occ_floors": [1, 2, 3], "unknown_n": 0, "id": "1144012400103900034-1", "pnu": "1144012400103900034", "floors": 3, "height": 9.9}}, {"type": "Feature", "geometry": {"type": "Polygon", "coordinates": [[[126.92741279, 37.56327272], [126.92736309, 37.56328999], [126.92737359, 37.56331198], [126.92732208, 37.56332916], [126.92732795, 37.56334223], [126.92730948, 37.56335033], [126.92734034, 37.56340476], [126.92744881, 37.56336734], [126.92744237, 37.56335194], [126.92744928, 37.56334978], [126.92743357, 37.56332048], [126.92743912, 37.56331815], [126.92741279, 37.56327272]]]}, "properties": {"name": "연남동 226-26", "status": "full", "capacity": 2, "active": 2, "industry": "한식", "vacancy_rate": 0.0, "vacancy_rate_lo": 0.0, "vacancy_rate_hi": 0.0, "stores": 4, "source": "stores+ledger", "capacity_method": "floor_ouln", "active_pip": 0, "licensed": 3, "com_floors": [1, 2], "occ_floors": [1, 2], "unknown_n": 0, "id": "1144012400102260026-1", "pnu": "1144012400102260026", "floors": 2, "height": 8.5}}, {"type": "Feature", "geometry": {"type": "Polygon", "coordinates": [[[126.92635876, 37.56389295], [126.9263864, 37.56387233], [126.9263216, 37.5638222], [126.92633179, 37.56381391], [126.92625953, 37.56375377], [126.92617242, 37.56382381], [126.92630768, 37.56393148], [126.92635899, 37.56389259], [126.92635876, 37.56389295]]]}, "properties": {"name": "연남동 224-26", "status": "partial", "capacity": 4, "active": 3, "industry": "주점", "vacancy_rate": 25.0, "vacancy_rate_lo": 25.0, "vacancy_rate_hi": 25.0, "stores": 3, "source": "stores+ledger", "capacity_method": "floor_ouln", "active_pip": 0, "licensed": 3, "com_floors": [1, 2, 3, 6], "occ_floors": [1, 2, 3], "unknown_n": 0, "id": "1144012400102240026-1", "pnu": "1144012400102240026", "floors": 6, "height": 18.5}}, {"type": "Feature", "geometry": {"type": "Polygon", "coordinates": [[[126.92666095, 37.56299835], [126.92659906, 37.56295813], [126.92662468, 37.56292949], [126.92662457, 37.56292914], [126.92656168, 37.56287837], [126.92646722, 37.56295967], [126.92660261, 37.5630503], [126.92666095, 37.56299835]]]}, "properties": {"name": "일부", "status": "full", "capacity": 2, "active": 2, "industry": "종합 소매", "vacancy_rate": 0.0, "vacancy_rate_lo": 0.0, "vacancy_rate_hi": 0.0, "stores": 3, "source": "stores+ledger", "capacity_method": "floor_ouln", "active_pip": 0, "licensed": 1, "com_floors": [1, 2], "occ_floors": [1, 2], "unknown_n": 0, "id": "1144012400102260023-1", "pnu": "1144012400102260023", "floors": 2, "height": 0.0}}, {"type": "Feature", "geometry": {"type": "Polygon", "coordinates": [[[126.92547326, 37.56225974], [126.92550534, 37.56227748], [126.92551198, 37.56227499], [126.92554733, 37.56229307], [126.92555424, 37.56228343], [126.9255573, 37.56227964], [126.92557549, 37.56228626], [126.92561969, 37.56223664], [126.92552673, 37.56219097], [126.92547326, 37.56225974]]]}, "properties": {"name": "보고스", "status": "full", "capacity": 3, "active": 3, "industry": "오락용품 소매", "vacancy_rate": 0.0, "vacancy_rate_lo": 0.0, "vacancy_rate_hi": 0.0, "stores": 2, "source": "stores+ledger", "capacity_method": "floor_ouln", "active_pip": 0, "licensed": 1, "com_floors": [1, 2, 3], "occ_floors": [1, 2, 3], "unknown_n": 0, "id": "1144012400103870025-1", "pnu": "1144012400103870025", "floors": 4, "height": 13.85}}, {"type": "Feature", "geometry": {"type": "Polygon", "coordinates": [[[126.92676213, 37.56345369], [126.92680179, 37.56340777], [126.92672725, 37.5633642], [126.92672963, 37.56336006], [126.9266699, 37.56332777], [126.9266274, 37.56337747], [126.92676213, 37.56345369]]]}, "properties": {"name": "연남동 224-27", "status": "partial", "capacity": 3, "active": 2, "industry": "기타 교육", "vacancy_rate": 33.3, "vacancy_rate_lo": 33.3, "vacancy_rate_hi": 66.7, "stores": 2, "source": "stores+ledger", "capacity_method": "floor_ouln", "active_pip": 0, "licensed": 0, "com_floors": [1, 2, 3], "occ_floors": [3], "unknown_n": 1, "id": "1144012400102240027-1", "pnu": "1144012400102240027", "floors": 4, "height": 10.87}}, {"type": "Feature", "geometry": {"type": "Polygon", "coordinates": [[[126.92529614, 37.56278567], [126.92527531, 37.56279782], [126.92524127, 37.56276753], [126.92522949, 37.56277563], [126.92521433, 37.56276499], [126.9251637, 37.56280153], [126.9252535, 37.56287511], [126.92533494, 37.56281624], [126.92531254, 37.56279857], [126.92529614, 37.56278567]]]}, "properties": {"name": "연남동 228-25", "status": "full", "capacity": 1, "active": 1, "industry": "한식", "vacancy_rate": 0.0, "vacancy_rate_lo": 0.0, "vacancy_rate_hi": 0.0, "stores": 2, "source": "stores+ledger", "capacity_method": "floor_ouln", "active_pip": 0, "licensed": 2, "com_floors": [1], "occ_floors": [1], "unknown_n": 0, "id": "1144012400102280025-1", "pnu": "1144012400102280025", "floors": 1, "height": 6.9}}, {"type": "Feature", "geometry": {"type": "Polygon", "coordinates": [[[126.92649893, 37.56163929], [126.9265564, 37.56159588], [126.92651773, 37.56156297], [126.92651125, 37.56156961], [126.92647114, 37.5615394], [126.92642152, 37.56157826], [126.92649893, 37.56163929]]]}, "properties": {"name": "연남동 383-99", "status": "full", "capacity": 4, "active": 4, "industry": "서양식", "vacancy_rate": 0.0, "vacancy_rate_lo": 0.0, "vacancy_rate_hi": 0.0, "stores": 5, "source": "stores+ledger", "capacity_method": "floor_ouln", "active_pip": 0, "licensed": 2, "com_floors": [1, 2, 3, 4], "occ_floors": [1, 2, 3, 4], "unknown_n": 0, "id": "1144012400103830099-1", "pnu": "1144012400103830099", "floors": 4, "height": 11.2}}, {"type": "Feature", "geometry": {"type": "Polygon", "coordinates": [[[126.9299585, 37.56344761], [126.92997366, 37.56345798], [126.92997819, 37.56345897], [126.92998475, 37.56345835], [126.92999279, 37.56345421], [126.93000003, 37.56345917], [126.93003679, 37.56348433], [126.930134, 37.56338338], [126.93006568, 37.56333974], [126.93006749, 37.56334127], [126.93000699, 37.56339736], [126.93000008, 37.56340457], [126.92995839, 37.56344635], [126.9299585, 37.56344761]]]}, "properties": {"name": "연희동 341-38", "status": "empty", "capacity": 5, "active": 0, "industry": "", "vacancy_rate": 100.0, "source": "polygon_only", "capacity_method": "floor_approx", "active_pip": 0, "licensed": 0, "id": "1141011700103410038-1", "pnu": "1141011700103410038", "floors": 5, "height": 14.7}}, {"type": "Feature", "geometry": {"type": "Polygon", "coordinates": [[[126.92565074, 37.56335821], [126.92571934, 37.56336636], [126.92578264, 37.56332234], [126.92572542, 37.5632723], [126.92570855, 37.56328193], [126.92562995, 37.56321422], [126.92554897, 37.5632703], [126.92565074, 37.56335821]]]}, "properties": {"name": "연남동 228-10", "status": "full", "capacity": 3, "active": 3, "industry": "한식", "vacancy_rate": 0.0, "vacancy_rate_lo": 0.0, "vacancy_rate_hi": 0.0, "stores": 4, "source": "stores+ledger", "capacity_method": "floor_ouln", "active_pip": 0, "licensed": 2, "com_floors": [1, 2, 3], "occ_floors": [1, 2, 3], "unknown_n": 0, "id": "1144012400102280010-1", "pnu": "1144012400102280010", "floors": 4, "height": 13.2}}, {"type": "Feature", "geometry": {"type": "Polygon", "coordinates": [[[126.92996457, 37.56530448], [126.93000006, 37.56535279], [126.930016, 37.56537452], [126.93000853, 37.56537721], [126.93005973, 37.56545014], [126.93006664, 37.56544699], [126.93012272, 37.56552261], [126.93021251, 37.56548139], [126.93021942, 37.56548987], [126.93031861, 37.56544525], [126.93031057, 37.56543631], [126.93040093, 37.56539573], [126.93035221, 37.56532696], [126.93035969, 37.56532363], [126.93029831, 37.56524061], [126.93029095, 37.56524349], [126.93024223, 37.56517715], [126.93015232, 37.5652189], [126.93014599, 37.56521016], [126.93004871, 37.56525534], [126.93005572, 37.56526335], [126.93000001, 37.56528846], [126.92996457, 37.56530448]]]}, "properties": {"name": "브라운스톤연희", "status": "high", "capacity": 23, "active": 9, "industry": "한식", "vacancy_rate": 60.9, "vacancy_rate_lo": null, "vacancy_rate_hi": null, "stores": 9, "source": "stores+ledger", "capacity_method": "expos_units", "active_pip": 0, "licensed": 4, "com_floors": null, "occ_floors": null, "unknown_n": null, "id": "1141011700101940030-1", "pnu": "1141011700101940030", "floors": 13, "height": 51.4}}, {"type": "Feature", "geometry": {"type": "Polygon", "coordinates": [[[126.93017907, 37.56249989], [126.93022535, 37.56251308], [126.93023646, 37.56249272], [126.93025027, 37.56249651], [126.93027647, 37.56244292], [126.93019127, 37.56241214], [126.93014954, 37.56249231], [126.93017907, 37.56249989]]]}, "properties": {"name": "연희동 344-106", "status": "empty", "capacity": 3, "active": 0, "industry": "", "vacancy_rate": 100.0, "source": "polygon_only", "capacity_method": "floor_approx", "active_pip": 0, "licensed": 0, "id": "1141011700103440106-1", "pnu": "1141011700103440106", "floors": 3, "height": 9.7}}, {"type": "Feature", "geometry": {"type": "Polygon", "coordinates": [[[126.92478446, 37.56172726], [126.92487643, 37.56177139], [126.92490174, 37.5617697], [126.92491089, 37.5617002], [126.92479228, 37.56171132], [126.92478446, 37.56172726]]]}, "properties": {"name": "연남동 260-5", "status": "high", "capacity": 5, "active": 1, "industry": "", "vacancy_rate": 80.0, "source": "pip_only", "capacity_method": "floor_approx", "active_pip": 0, "licensed": 1, "id": "1144012400102600005-1", "pnu": "1144012400102600005", "floors": 5, "height": 14.99}}, {"type": "Feature", "geometry": {"type": "Polygon", "coordinates": [[[126.92575003, 37.56322439], [126.9257344, 37.56323816], [126.92576629, 37.56326395], [126.92578329, 37.56325045], [126.92575003, 37.56322439]]]}, "properties": {"name": "연남동 228-8", "status": "full", "capacity": 2, "active": 2, "industry": "섬유·의복·신발 소매", "vacancy_rate": 0.0, "vacancy_rate_lo": 0.0, "vacancy_rate_hi": 0.0, "stores": 5, "source": "stores+ledger", "capacity_method": "floor_ouln", "active_pip": 0, "licensed": 2, "com_floors": [1, 2], "occ_floors": [1, 2], "unknown_n": 0, "id": "1144012400102280008-1", "pnu": "1144012400102280008", "floors": 4, "height": 0.0}}, {"type": "Feature", "geometry": {"type": "Polygon", "coordinates": [[[126.92480929, 37.56249686], [126.92476485, 37.56245891], [126.92475794, 37.56246413], [126.92475092, 37.56245817], [126.9247123, 37.56248681], [126.92471264, 37.56248708], [126.92467333, 37.56251651], [126.92473146, 37.56256647], [126.92479478, 37.56251947], [126.92478731, 37.56251316], [126.92480929, 37.56249686]]]}, "properties": {"name": "연남동 228-41", "status": "full", "capacity": 2, "active": 2, "industry": "한식", "vacancy_rate": 0.0, "vacancy_rate_lo": 0.0, "vacancy_rate_hi": 0.0, "stores": 1, "source": "stores+ledger", "capacity_method": "floor_ouln", "active_pip": 0, "licensed": 1, "com_floors": [1, 2], "occ_floors": [1, 2], "unknown_n": 0, "id": "1144012400102280041-1", "pnu": "1144012400102280041", "floors": 4, "height": 0.0}}, {"type": "Feature", "geometry": {"type": "Polygon", "coordinates": [[[126.92535149, 37.56187291], [126.9252974, 37.56187458], [126.92529649, 37.56188152], [126.92525403, 37.56188348], [126.92525336, 37.56188771], [126.92520955, 37.56189129], [126.92521378, 37.56196446], [126.92533591, 37.56196128], [126.92533582, 37.56194029], [126.92535608, 37.56193796], [126.92535149, 37.56187291]]]}, "properties": {"name": "연남동 390-77", "status": "partial", "capacity": 2, "active": 1, "industry": "", "vacancy_rate": 50.0, "source": "pip_only", "capacity_method": "floor_approx", "active_pip": 0, "licensed": 1, "id": "1144012400103900077-1", "pnu": "1144012400103900077", "floors": 2, "height": 7.1}}, {"type": "Feature", "geometry": {"type": "Polygon", "coordinates": [[[126.92469798, 37.56175387], [126.92474659, 37.56171243], [126.92473662, 37.56159645], [126.92464378, 37.56160134], [126.92464776, 37.56166976], [126.92465985, 37.56166911], [126.92466181, 37.56172637], [126.92469798, 37.56175387]]]}, "properties": {"name": "연남동 260-12", "status": "full", "capacity": 5, "active": 5, "industry": "기타 간이", "vacancy_rate": 0.0, "vacancy_rate_lo": 0.0, "vacancy_rate_hi": 0.0, "stores": 5, "source": "stores+ledger", "capacity_method": "floor_ouln", "active_pip": 0, "licensed": 5, "com_floors": [1, 2, 3, 4, 5], "occ_floors": [1, 2, 3, 4, 5], "unknown_n": 0, "id": "1144012400102600012-1", "pnu": "1144012400102600012", "floors": 5, "height": 16.0}}, {"type": "Feature", "geometry": {"type": "Polygon", "coordinates": [[[126.92826048, 37.5618157], [126.92826388, 37.56181092], [126.92820369, 37.56178133], [126.92815337, 37.56183942], [126.92816334, 37.56184492], [126.92814736, 37.56186473], [126.92825313, 37.56191588], [126.92831251, 37.56184384], [126.92826048, 37.5618157]]]}, "properties": {"name": "연희동 353-74", "status": "high", "capacity": 3, "active": 1, "industry": "비알코올 ", "vacancy_rate": 66.7, "vacancy_rate_lo": 66.7, "vacancy_rate_hi": 66.7, "stores": 3, "source": "stores+ledger", "capacity_method": "floor_ouln", "active_pip": 0, "licensed": 0, "com_floors": [1, 2, 3], "occ_floors": [1], "unknown_n": 0, "id": "1141011700103530074-1", "pnu": "1141011700103530074", "floors": 3, "height": 10.9}}, {"type": "Feature", "geometry": {"type": "Polygon", "coordinates": [[[126.92659032, 37.5617243], [126.92664118, 37.56168397], [126.92657151, 37.56162779], [126.92648849, 37.56168954], [126.92649561, 37.56169405], [126.92647375, 37.56171189], [126.92654727, 37.56176671], [126.92659586, 37.56172845], [126.92659032, 37.5617243]]]}, "properties": {"name": "연남동 383-96", "status": "full", "capacity": 2, "active": 2, "industry": "서양식", "vacancy_rate": 0.0, "vacancy_rate_lo": 0.0, "vacancy_rate_hi": 0.0, "stores": 3, "source": "stores+ledger", "capacity_method": "floor_ouln", "active_pip": 0, "licensed": 3, "com_floors": [1, 2], "occ_floors": [1, 2], "unknown_n": 0, "id": "1144012400103830096-1", "pnu": "1144012400103830096", "floors": 3, "height": 9.5}}, {"type": "Feature", "geometry": {"type": "Polygon", "coordinates": [[[126.92584866, 37.56181682], [126.92584186, 37.56182555], [126.92583168, 37.56181916], [126.92582137, 37.56183023], [126.92581537, 37.56182753], [126.92575452, 37.56189308], [126.9258647, 37.56195477], [126.92594515, 37.56187067], [126.92584866, 37.56181682]]]}, "properties": {"name": "연남동 390-27", "status": "high", "capacity": 4, "active": 1, "industry": "기타 상품 소매", "vacancy_rate": 75.0, "vacancy_rate_lo": 75.0, "vacancy_rate_hi": 100.0, "stores": 1, "source": "stores+ledger", "capacity_method": "floor_ouln", "active_pip": 0, "licensed": 0, "com_floors": [1, 2, 3, 4], "occ_floors": [], "unknown_n": 1, "id": "1144012400103900027-1", "pnu": "1144012400103900027", "floors": 4, "height": 13.25}}, {"type": "Feature", "geometry": {"type": "Polygon", "coordinates": [[[126.92648663, 37.56185406], [126.92656375, 37.56191816], [126.92662356, 37.56187003], [126.92654421, 37.56180752], [126.92648663, 37.56185406]]]}, "properties": {"name": "우측상가", "status": "full", "capacity": 4, "active": 4, "industry": "섬유·의복·신발 소매", "vacancy_rate": 0.0, "vacancy_rate_lo": 0.0, "vacancy_rate_hi": 0.0, "stores": 6, "source": "stores+ledger", "capacity_method": "floor_ouln", "active_pip": 0, "licensed": 2, "com_floors": [1, 2, 3, 4], "occ_floors": [1, 2, 3, 4], "unknown_n": 0, "id": "1144012400103830090-1", "pnu": "1144012400103830090", "floors": 4, "height": 11.7}}, {"type": "Feature", "geometry": {"type": "Polygon", "coordinates": [[[126.92500006, 37.56220542], [126.92511623, 37.56219991], [126.92510823, 37.56213585], [126.92508458, 37.5621361], [126.92508199, 37.56212529], [126.92501351, 37.56212651], [126.92501288, 37.5621079], [126.92500006, 37.56210812], [126.92495037, 37.56210899], [126.92496057, 37.56220675], [126.92500006, 37.56220542]]]}, "properties": {"name": "연남동 390-72", "status": "full", "capacity": 2, "active": 2, "industry": "한식", "vacancy_rate": 0.0, "vacancy_rate_lo": 0.0, "vacancy_rate_hi": 50.0, "stores": 1, "source": "stores+ledger", "capacity_method": "floor_ouln", "active_pip": 0, "licensed": 1, "com_floors": [1, 2], "occ_floors": [1], "unknown_n": 1, "id": "1144012400103900072-1", "pnu": "1144012400103900072", "floors": 2, "height": 5.46}}, {"type": "Feature", "geometry": {"type": "Polygon", "coordinates": [[[126.92641921, 37.56192512], [126.92635526, 37.56193048], [126.92635221, 37.56193445], [126.92630952, 37.5619382], [126.92631108, 37.56196487], [126.92630204, 37.56196523], [126.92631216, 37.56202317], [126.92642547, 37.56201594], [126.92641918, 37.56197026], [126.92642631, 37.56196963], [126.92641921, 37.56192512]]]}, "properties": {"name": "연남동 383-78", "status": "full", "capacity": 1, "active": 1, "industry": "이용·미용", "vacancy_rate": 0.0, "vacancy_rate_lo": 0.0, "vacancy_rate_hi": 0.0, "stores": 2, "source": "stores+ledger", "capacity_method": "floor_ouln", "active_pip": 0, "licensed": 0, "com_floors": [2], "occ_floors": [2], "unknown_n": 0, "id": "1144012400103830078-1", "pnu": "1144012400103830078", "floors": 3, "height": 0.0}}, {"type": "Feature", "geometry": {"type": "Polygon", "coordinates": [[[126.92536578, 37.5634348], [126.92525863, 37.56352555], [126.92542002, 37.56364368], [126.92551212, 37.5635658], [126.92546145, 37.56352721], [126.92545409, 37.5635336], [126.92539809, 37.56349383], [126.92542086, 37.56347483], [126.92536578, 37.5634348]]]}, "properties": {"name": "연남동 229-67", "status": "full", "capacity": 2, "active": 2, "industry": "섬유·의복·신발 소매", "vacancy_rate": 0.0, "vacancy_rate_lo": 0.0, "vacancy_rate_hi": 0.0, "stores": 4, "source": "stores+ledger", "capacity_method": "floor_ouln", "active_pip": 0, "licensed": 2, "com_floors": [1, 2], "occ_floors": [1, 2], "unknown_n": 0, "id": "1144012400102290067-1", "pnu": "1144012400102290067", "floors": 2, "height": 6.5}}, {"type": "Feature", "geometry": {"type": "Polygon", "coordinates": [[[126.92703501, 37.56185189], [126.92691255, 37.56195966], [126.92698651, 37.56202305], [126.92709785, 37.56194275], [126.92703501, 37.56185189]]]}, "properties": {"name": "연남동 227-1", "status": "full", "capacity": 3, "active": 3, "industry": "주점", "vacancy_rate": 0.0, "vacancy_rate_lo": 0.0, "vacancy_rate_hi": 0.0, "stores": 3, "source": "stores+ledger", "capacity_method": "floor_ouln", "active_pip": 0, "licensed": 3, "com_floors": [1, 2, 3], "occ_floors": [1, 2, 3], "unknown_n": 0, "id": "1144012400102270001-1", "pnu": "1144012400102270001", "floors": 5, "height": 16.71}}, {"type": "Feature", "geometry": {"type": "Polygon", "coordinates": [[[126.92605024, 37.5635464], [126.92609916, 37.56358299], [126.92610729, 37.5635761], [126.92611967, 37.56358535], [126.9261719, 37.5635411], [126.92617134, 37.56352657], [126.92609921, 37.56347466], [126.92604056, 37.56352619], [126.92605839, 37.56353951], [126.92605024, 37.5635464]]]}, "properties": {"name": "HOUS", "status": "full", "capacity": 4, "active": 4, "industry": "서양식", "vacancy_rate": 0.0, "vacancy_rate_lo": 0.0, "vacancy_rate_hi": 0.0, "stores": 3, "source": "stores+ledger", "capacity_method": "floor_ouln", "active_pip": 0, "licensed": 1, "com_floors": [1, 2, 3, 4], "occ_floors": [1, 2, 3, 4], "unknown_n": 0, "id": "1144012400102240038-1", "pnu": "1144012400102240038", "floors": 5, "height": 14.75}}, {"type": "Feature", "geometry": {"type": "Polygon", "coordinates": [[[126.92651048, 37.56176813], [126.92651694, 37.56176354], [126.92645926, 37.56171268], [126.9264015, 37.56175131], [126.92641978, 37.56180682], [126.92642246, 37.56184196], [126.92644949, 37.56186297], [126.92654033, 37.56179392], [126.92651048, 37.56176813]]]}, "properties": {"name": "연남동 383-97", "status": "full", "capacity": 2, "active": 2, "industry": "일식", "vacancy_rate": 0.0, "vacancy_rate_lo": 0.0, "vacancy_rate_hi": 0.0, "stores": 1, "source": "stores+ledger", "capacity_method": "floor_ouln", "active_pip": 0, "licensed": 1, "com_floors": [1, 2], "occ_floors": [1, 2], "unknown_n": 0, "id": "1144012400103830097-1", "pnu": "1144012400103830097", "floors": 3, "height": 6.5}}, {"type": "Feature", "geometry": {"type": "Polygon", "coordinates": [[[126.92749138, 37.56265108], [126.92749693, 37.56264802], [126.9275817, 37.56276602], [126.92764443, 37.56273749], [126.92746031, 37.56247267], [126.92739565, 37.56250281], [126.92747714, 37.56262143], [126.92747114, 37.56262548], [126.92749138, 37.56265108]]]}, "properties": {"name": "연남동 226-36", "status": "full", "capacity": 3, "active": 3, "industry": "섬유·의복·신발 소매", "vacancy_rate": 0.0, "vacancy_rate_lo": 0.0, "vacancy_rate_hi": 100.0, "stores": 3, "source": "stores+ledger", "capacity_method": "floor_ouln", "active_pip": 0, "licensed": 0, "com_floors": [1, 2, 3], "occ_floors": [], "unknown_n": 3, "id": "1144012400102260036-1", "pnu": "1144012400102260036", "floors": 3, "height": 0.0}}, {"type": "Feature", "geometry": {"type": "Polygon", "coordinates": [[[126.92688124, 37.56346257], [126.92698634, 37.56353175], [126.92705811, 37.56346267], [126.92702453, 37.56344056], [126.92701974, 37.56344518], [126.92697756, 37.56341742], [126.92697307, 37.56342148], [126.9269622, 37.56341432], [126.92693526, 37.56344026], [126.92691694, 37.5634282], [126.92688124, 37.56346257]]]}, "properties": {"name": "연남동 224-55", "status": "partial", "capacity": 2, "active": 1, "industry": "세탁", "vacancy_rate": 50.0, "vacancy_rate_lo": 50.0, "vacancy_rate_hi": 100.0, "stores": 2, "source": "stores+ledger", "capacity_method": "floor_ouln", "active_pip": 0, "licensed": 0, "com_floors": [1, 2], "occ_floors": [], "unknown_n": 1, "id": "1144012400102240055-1", "pnu": "1144012400102240055", "floors": 3, "height": 11.75}}, {"type": "Feature", "geometry": {"type": "Polygon", "coordinates": [[[126.92469072, 37.56244769], [126.92464221, 37.56240639], [126.92459044, 37.56244501], [126.92465106, 37.56249659], [126.92466658, 37.56248506], [126.92466115, 37.56248037], [126.92467621, 37.56246921], [126.92466954, 37.56246353], [126.92469072, 37.56244769]]]}, "properties": {"name": "연남동 228-42", "status": "full", "capacity": 2, "active": 2, "industry": "주점", "vacancy_rate": 0.0, "vacancy_rate_lo": 0.0, "vacancy_rate_hi": 50.0, "stores": 4, "source": "stores+ledger", "capacity_method": "floor_ouln", "active_pip": 0, "licensed": 3, "com_floors": [1, 2], "occ_floors": [2], "unknown_n": 1, "id": "1144012400102280042-1", "pnu": "1144012400102280042", "floors": 4, "height": 0.0}}, {"type": "Feature", "geometry": {"type": "Polygon", "coordinates": [[[126.92513269, 37.56217819], [126.92527815, 37.56217367], [126.9252759, 37.56214129], [126.92528719, 37.56214079], [126.92528453, 37.56210237], [126.92526836, 37.56210309], [126.92512761, 37.56213938], [126.92513269, 37.56217819]]]}, "properties": {"name": "연남HONGSVILL", "status": "full", "capacity": 1, "active": 1, "industry": "주점", "vacancy_rate": 0.0, "vacancy_rate_lo": 0.0, "vacancy_rate_hi": 0.0, "stores": 2, "source": "stores+ledger", "capacity_method": "floor_ouln", "active_pip": 0, "licensed": 1, "com_floors": [1], "occ_floors": [1], "unknown_n": 0, "id": "1144012400103900075-1", "pnu": "1144012400103900075", "floors": 4, "height": 11.35}}, {"type": "Feature", "geometry": {"type": "Polygon", "coordinates": [[[126.92682097, 37.56371146], [126.92688664, 37.56376268], [126.9269691, 37.56369257], [126.92690276, 37.56364207], [126.92682097, 37.56371146]]]}, "properties": {"name": "연남동 224-5", "status": "full", "capacity": 2, "active": 2, "industry": "서양식", "vacancy_rate": 0.0, "vacancy_rate_lo": 0.0, "vacancy_rate_hi": 0.0, "stores": 1, "source": "stores+ledger", "capacity_method": "floor_ouln", "active_pip": 0, "licensed": 1, "com_floors": [1, 2], "occ_floors": [1, 2], "unknown_n": 0, "id": "1144012400102240005-1", "pnu": "1144012400102240005", "floors": 5, "height": 16.8}}, {"type": "Feature", "geometry": {"type": "Polygon", "coordinates": [[[126.92520687, 37.56332198], [126.92520437, 37.56332964], [126.92520471, 37.56333423], [126.92518636, 37.56335116], [126.92521757, 37.56337614], [126.92521338, 37.56337992], [126.92529187, 37.56343754], [126.9253689, 37.56337633], [126.92526531, 37.56328643], [126.92525898, 37.56328363], [126.92525343, 37.5632848], [126.92520778, 37.56332099], [126.92520687, 37.56332198]]]}, "properties": {"name": "연남동 229-10", "status": "full", "capacity": 4, "active": 4, "industry": "주점", "vacancy_rate": 0.0, "vacancy_rate_lo": 0.0, "vacancy_rate_hi": 0.0, "stores": 4, "source": "stores+ledger", "capacity_method": "floor_ouln", "active_pip": 0, "licensed": 4, "com_floors": [1, 2, 4, 5], "occ_floors": [1, 2, 4, 5], "unknown_n": 0, "id": "1144012400102290010-1", "pnu": "1144012400102290010", "floors": 5, "height": 13.9}}, {"type": "Feature", "geometry": {"type": "Polygon", "coordinates": [[[126.928707, 37.56346194], [126.92864964, 37.56340562], [126.92856483, 37.5634586], [126.92862511, 37.56351552], [126.92870643, 37.56346224], [126.928707, 37.56346194]]]}, "properties": {"name": "연희동 212-3", "status": "high", "capacity": 5, "active": 2, "industry": "오락용품 소매", "vacancy_rate": 60.0, "vacancy_rate_lo": 60.0, "vacancy_rate_hi": 100.0, "stores": 2, "source": "stores+ledger", "capacity_method": "floor_ouln", "active_pip": 0, "licensed": 0, "com_floors": [1, 2, 3, 4, 5], "occ_floors": [], "unknown_n": 2, "id": "1141011700102120003-1", "pnu": "1141011700102120003", "floors": 5, "height": 19.52}}, {"type": "Feature", "geometry": {"type": "Polygon", "coordinates": [[[126.9279085, 37.5616733], [126.9279, 37.56168177], [126.92789389, 37.56167754], [126.92787995, 37.56169339], [126.92786692, 37.56171076], [126.92786385, 37.56172121], [126.92796216, 37.56177542], [126.92801609, 37.56171139], [126.9279696, 37.56168676], [126.92796597, 37.56169217], [126.927949, 37.56168297], [126.9279085, 37.5616733]]]}, "properties": {"name": "제", "status": "high", "capacity": 5, "active": 1, "industry": "의약·화장품 소매", "vacancy_rate": 80.0, "vacancy_rate_lo": 80.0, "vacancy_rate_hi": 80.0, "stores": 2, "source": "stores+ledger", "capacity_method": "floor_ouln", "active_pip": 0, "licensed": 0, "com_floors": [1, 2, 3, 4, 5], "occ_floors": [1], "unknown_n": 0, "id": "1141011700103530076-1", "pnu": "1141011700103530076", "floors": 5, "height": 14.6}}, {"type": "Feature", "geometry": {"type": "Polygon", "coordinates": [[[126.92755816, 37.56451321], [126.92778475, 37.56429414], [126.92775343, 37.56426619], [126.92771129, 37.5643022], [126.92771683, 37.56430914], [126.92751394, 37.56447813], [126.92755816, 37.56451321]]]}, "properties": {"name": "연희동 218-15", "status": "full", "capacity": 2, "active": 2, "industry": "비알코올 ", "vacancy_rate": 0.0, "vacancy_rate_lo": 0.0, "vacancy_rate_hi": 0.0, "stores": 1, "source": "stores+ledger", "capacity_method": "floor_ouln", "active_pip": 0, "licensed": 1, "com_floors": [1, 3], "occ_floors": [1, 3], "unknown_n": 0, "id": "1141011700102180015-1", "pnu": "1141011700102180015", "floors": 0, "height": 0.0}}, {"type": "Feature", "geometry": {"type": "Polygon", "coordinates": [[[126.92842308, 37.56421389], [126.92837754, 37.56425837], [126.92840118, 37.56427172], [126.92844582, 37.56422823], [126.92842308, 37.56421389]]]}, "properties": {"name": "연희체스트빌", "status": "partial", "capacity": 4, "active": 2, "industry": "스포츠 서비스", "vacancy_rate": 50.0, "vacancy_rate_lo": null, "vacancy_rate_hi": null, "stores": 2, "source": "stores+ledger", "capacity_method": "expos_units", "active_pip": 0, "licensed": 1, "com_floors": null, "occ_floors": null, "unknown_n": null, "id": "1141011700102180001-1", "pnu": "1141011700102180001", "floors": 0, "height": 0.0}}, {"type": "Feature", "geometry": {"type": "Polygon", "coordinates": [[[126.92746549, 37.5643771], [126.9274229, 37.56440925], [126.92751383, 37.56447777], [126.92755268, 37.56444474], [126.92746549, 37.5643771]]]}, "properties": {"name": "연희동 218-15", "status": "full", "capacity": 2, "active": 2, "industry": "비알코올 ", "vacancy_rate": 0.0, "vacancy_rate_lo": 0.0, "vacancy_rate_hi": 0.0, "stores": 1, "source": "stores+ledger", "capacity_method": "floor_ouln", "active_pip": 0, "licensed": 1, "com_floors": [1, 3], "occ_floors": [1, 3], "unknown_n": 0, "id": "1141011700102180015-2", "pnu": "1141011700102180015", "floors": 0, "height": 0.0}}, {"type": "Feature", "geometry": {"type": "Polygon", "coordinates": [[[126.92747286, 37.56167169], [126.92736545, 37.56167685], [126.92739899, 37.5617475], [126.92749318, 37.56172008], [126.92747286, 37.56167169]]]}, "properties": {"name": "일부", "status": "full", "capacity": 2, "active": 2, "industry": "주점", "vacancy_rate": 0.0, "vacancy_rate_lo": 0.0, "vacancy_rate_hi": 0.0, "stores": 3, "source": "stores+ledger", "capacity_method": "floor_ouln", "active_pip": 0, "licensed": 3, "com_floors": [1, 2], "occ_floors": [1, 2], "unknown_n": 0, "id": "1141011600104440001-2", "pnu": "1141011600104440001", "floors": 1, "height": 0.0}}, {"type": "Feature", "geometry": {"type": "Polygon", "coordinates": [[[126.92856633, 37.5620078], [126.92856066, 37.56202032], [126.92849032, 37.56207208], [126.92854191, 37.56210058], [126.92859803, 37.56211666], [126.92868744, 37.56213068], [126.92873158, 37.56213133], [126.92873805, 37.56211125], [126.92874732, 37.56211143], [126.9287622, 37.56207459], [126.92872916, 37.56206574], [126.92873539, 37.56204682], [126.92856633, 37.5620078]]]}, "properties": {"name": "대우아파트", "status": "partial", "capacity": 3, "active": 2, "industry": "세탁", "vacancy_rate": 33.3, "vacancy_rate_lo": null, "vacancy_rate_hi": null, "stores": 2, "source": "stores+ledger", "capacity_method": "expos_units", "active_pip": 0, "licensed": 0, "com_floors": null, "occ_floors": null, "unknown_n": null, "id": "1141011700107390000-8", "pnu": "1141011700107390000", "floors": 3, "height": 11.5}}, {"type": "Feature", "geometry": {"type": "Polygon", "coordinates": [[[126.92893548, 37.56230346], [126.92876361, 37.56225218], [126.92872324, 37.56232982], [126.9287074, 37.56232728], [126.9286769, 37.56238358], [126.92877398, 37.56241193], [126.92891112, 37.56245265], [126.92904206, 37.5623501], [126.92903879, 37.56233325], [126.92897916, 37.56231853], [126.92893548, 37.56230346]]]}, "properties": {"name": "연희동 353-109", "status": "empty", "capacity": 3, "active": 0, "industry": "", "vacancy_rate": 100.0, "source": "polygon_only", "capacity_method": "floor_approx", "active_pip": 0, "licensed": 0, "id": "1141011700103530109-1", "pnu": "1141011700103530109", "floors": 3, "height": 10.5}}, {"type": "Feature", "geometry": {"type": "Polygon", "coordinates": [[[126.92772304, 37.56173825], [126.92771524, 37.56172788], [126.92766632, 37.56175101], [126.92767062, 37.56175677], [126.92763948, 37.56177144], [126.927639, 37.56179964], [126.92766194, 37.5618347], [126.92779816, 37.56177559], [126.92775916, 37.56171998], [126.92772304, 37.56173825]]]}, "properties": {"name": "연희동 353-93", "status": "full", "capacity": 3, "active": 3, "industry": "종합 소매", "vacancy_rate": 0.0, "vacancy_rate_lo": 0.0, "vacancy_rate_hi": 33.3, "stores": 1, "source": "stores+ledger", "capacity_method": "floor_ouln", "active_pip": 0, "licensed": 1, "com_floors": [1, 2, 5], "occ_floors": [1, 5], "unknown_n": 1, "id": "1141011700103530093-1", "pnu": "1141011700103530093", "floors": 6, "height": 19.5}}, {"type": "Feature", "geometry": {"type": "Polygon", "coordinates": [[[126.92818204, 37.56274737], [126.92804325, 37.56277909], [126.92808111, 37.56283651], [126.92820586, 37.56281253], [126.92818204, 37.56274737]]]}, "properties": {"name": "연희동 353-102", "status": "high", "capacity": 3, "active": 1, "industry": "", "vacancy_rate": 66.7, "source": "pip_only", "capacity_method": "floor_approx", "active_pip": 0, "licensed": 1, "id": "1141011700103530102-1", "pnu": "1141011700103530102", "floors": 3, "height": 0.0}}, {"type": "Feature", "geometry": {"type": "Polygon", "coordinates": [[[126.92902799, 37.56226521], [126.92901077, 37.56228232], [126.92904606, 37.56230667], [126.92906441, 37.56228839], [126.92902799, 37.56226521]]]}, "properties": {"name": "대우아파트", "status": "partial", "capacity": 3, "active": 2, "industry": "세탁", "vacancy_rate": 33.3, "vacancy_rate_lo": null, "vacancy_rate_hi": null, "stores": 2, "source": "stores+ledger", "capacity_method": "expos_units", "active_pip": 0, "licensed": 0, "com_floors": null, "occ_floors": null, "unknown_n": null, "id": "1141011700107390000-9", "pnu": "1141011700107390000", "floors": 0, "height": 0.0}}, {"type": "Feature", "geometry": {"type": "Polygon", "coordinates": [[[126.92745246, 37.56192674], [126.92754418, 37.56188211], [126.92763432, 37.56184117], [126.92756808, 37.56175293], [126.92746234, 37.561778], [126.92737301, 37.5618065], [126.92745246, 37.56192674]]]}, "properties": {"name": "연희동 353-94", "status": "full", "capacity": 3, "active": 3, "industry": "유원지·오락", "vacancy_rate": 0.0, "vacancy_rate_lo": 0.0, "vacancy_rate_hi": 33.3, "stores": 10, "source": "stores+ledger", "capacity_method": "floor_ouln", "active_pip": 0, "licensed": 4, "com_floors": [1, 2, 3], "occ_floors": [1, 2], "unknown_n": 1, "id": "1141011700103530094-1", "pnu": "1141011700103530094", "floors": 3, "height": 9.8}}, {"type": "Feature", "geometry": {"type": "Polygon", "coordinates": [[[126.92805296, 37.56269098], [126.92814183, 37.56266707], [126.92811417, 37.56259362], [126.92810806, 37.56259542], [126.9281005, 37.56257046], [126.92798401, 37.56259804], [126.92805296, 37.56269098]]]}, "properties": {"name": "연희동 353-111", "status": "full", "capacity": 2, "active": 2, "industry": "한식", "vacancy_rate": 0.0, "vacancy_rate_lo": 0.0, "vacancy_rate_hi": 0.0, "stores": 1, "source": "stores+ledger", "capacity_method": "floor_ouln", "active_pip": 0, "licensed": 1, "com_floors": [1, 2], "occ_floors": [1, 2], "unknown_n": 0, "id": "1141011700103530111-1", "pnu": "1141011700103530111", "floors": 2, "height": 0.0}}, {"type": "Feature", "geometry": {"type": "Polygon", "coordinates": [[[126.92834185, 37.56262993], [126.92836764, 37.56272664], [126.92841899, 37.56271854], [126.92842315, 37.56274534], [126.92848418, 37.56273559], [126.92847268, 37.56268771], [126.92845624, 37.56265367], [126.9284423, 37.5626559], [126.92843548, 37.56262886], [126.92839939, 37.56262069], [126.92834185, 37.56262993]]]}, "properties": {"name": "연희동 353-105", "status": "high", "capacity": 3, "active": 1, "industry": "섬유·의복·신발 소매", "vacancy_rate": 66.7, "vacancy_rate_lo": 66.7, "vacancy_rate_hi": 100.0, "stores": 1, "source": "stores+ledger", "capacity_method": "floor_ouln", "active_pip": 0, "licensed": 0, "com_floors": [3, 4, 5], "occ_floors": [], "unknown_n": 1, "id": "1141011700103530105-1", "pnu": "1141011700103530105", "floors": 6, "height": 20.6}}, {"type": "Feature", "geometry": {"type": "Polygon", "coordinates": [[[126.924952, 37.5631982], [126.92485414, 37.5631466], [126.92479238, 37.5632208], [126.92489023, 37.5632724], [126.924952, 37.5631982]]]}, "properties": {"name": "우측호", "status": "full", "capacity": 3, "active": 3, "industry": "이용·미용", "vacancy_rate": 0.0, "vacancy_rate_lo": 0.0, "vacancy_rate_hi": 66.7, "stores": 8, "source": "stores+ledger", "capacity_method": "floor_ouln", "active_pip": 0, "licensed": 1, "com_floors": [1, 2, 3], "occ_floors": [1], "unknown_n": 2, "id": "1144012400102290032-1", "pnu": "1144012400102290032", "floors": 3, "height": 9.1}}, {"type": "Feature", "geometry": {"type": "Polygon", "coordinates": [[[126.92569182, 37.56222935], [126.92578657, 37.56222724], [126.92578189, 37.56216369], [126.92568351, 37.5621663], [126.92569182, 37.56222935]]]}, "properties": {"name": "연남동 387-26", "status": "full", "capacity": 4, "active": 4, "industry": "서양식", "vacancy_rate": 0.0, "vacancy_rate_lo": 0.0, "vacancy_rate_hi": 50.0, "stores": 2, "source": "stores+ledger", "capacity_method": "floor_ouln", "active_pip": 0, "licensed": 2, "com_floors": [1, 2, 3, 4], "occ_floors": [1, 2], "unknown_n": 2, "id": "1144012400103870026-1", "pnu": "1144012400103870026", "floors": 4, "height": 13.97}}, {"type": "Feature", "geometry": {"type": "Polygon", "coordinates": [[[126.92569596, 37.56240084], [126.92571783, 37.56237788], [126.92562858, 37.56232259], [126.92555697, 37.56239769], [126.92558491, 37.56241519], [126.92557992, 37.56242221], [126.92563931, 37.56245738], [126.92566288, 37.56243289], [126.92566978, 37.56243614], [126.9257015, 37.56240463], [126.92569596, 37.56240084]]]}, "properties": {"name": "연남동 387-39", "status": "full", "capacity": 2, "active": 2, "industry": "주점", "vacancy_rate": 0.0, "vacancy_rate_lo": 0.0, "vacancy_rate_hi": 0.0, "stores": 3, "source": "stores+ledger", "capacity_method": "floor_ouln", "active_pip": 0, "licensed": 3, "com_floors": [1, 2], "occ_floors": [1, 2], "unknown_n": 0, "id": "1144012400103870039-1", "pnu": "1144012400103870039", "floors": 3, "height": 9.8}}, {"type": "Feature", "geometry": {"type": "Polygon", "coordinates": [[[126.92545169, 37.56230896], [126.92542902, 37.56233526], [126.92543648, 37.5623394], [126.92542107, 37.56235913], [126.92546734, 37.56239043], [126.92547153, 37.56238349], [126.9254937, 37.56239287], [126.92550992, 37.56237171], [126.92551841, 37.56236937], [126.92556192, 37.56232174], [126.92547865, 37.56227619], [126.92544694, 37.56230688], [126.92545169, 37.56230896]]]}, "properties": {"name": "연남동 387-24", "status": "partial", "capacity": 2, "active": 1, "industry": "장식품 소매", "vacancy_rate": 50.0, "vacancy_rate_lo": 50.0, "vacancy_rate_hi": 50.0, "stores": 2, "source": "stores+ledger", "capacity_method": "floor_ouln", "active_pip": 0, "licensed": 1, "com_floors": [1, 2], "occ_floors": [1], "unknown_n": 0, "id": "1144012400103870024-1", "pnu": "1144012400103870024", "floors": 2, "height": 7.9}}, {"type": "Feature", "geometry": {"type": "Polygon", "coordinates": [[[126.92531382, 37.5618664], [126.92533023, 37.56186776], [126.92533307, 37.56186109], [126.92537188, 37.56186517], [126.92539218, 37.56182482], [126.9253648, 37.56181516], [126.92532281, 37.56180784], [126.92531382, 37.5618664]]]}, "properties": {"name": "연남동 390-3", "status": "full", "capacity": 1, "active": 1, "industry": "기타 간이", "vacancy_rate": 0.0, "vacancy_rate_lo": 0.0, "vacancy_rate_hi": 0.0, "stores": 1, "source": "stores+ledger", "capacity_method": "floor_ouln", "active_pip": 0, "licensed": 1, "com_floors": [1], "occ_floors": [1], "unknown_n": 0, "id": "1144012400103900003-1", "pnu": "1144012400103900003", "floors": 1, "height": 0.0}}, {"type": "Feature", "geometry": {"type": "Polygon", "coordinates": [[[126.92594328, 37.56181471], [126.92599337, 37.5617542], [126.92596293, 37.56173949], [126.92597937, 37.56171761], [126.92591953, 37.56168577], [126.92584633, 37.56176592], [126.92593105, 37.56181516], [126.92594328, 37.56181471]]]}, "properties": {"name": "우측", "status": "full", "capacity": 2, "active": 2, "industry": "서양식", "vacancy_rate": 0.0, "vacancy_rate_lo": 0.0, "vacancy_rate_hi": 0.0, "stores": 3, "source": "stores+ledger", "capacity_method": "floor_ouln", "active_pip": 0, "licensed": 2, "com_floors": [1, 2], "occ_floors": [1, 2], "unknown_n": 0, "id": "1144012400103900032-1", "pnu": "1144012400103900032", "floors": 3, "height": 10.9}}, {"type": "Feature", "geometry": {"type": "Polygon", "coordinates": [[[126.92611505, 37.56207566], [126.92599621, 37.56208433], [126.92600668, 37.5621465], [126.92612484, 37.56213766], [126.92611505, 37.56207566]]]}, "properties": {"name": "좌측호", "status": "full", "capacity": 1, "active": 1, "industry": "이용·미용", "vacancy_rate": 0.0, "vacancy_rate_lo": 0.0, "vacancy_rate_hi": 0.0, "stores": 3, "source": "stores+ledger", "capacity_method": "floor_ouln", "active_pip": 0, "licensed": 1, "com_floors": [1], "occ_floors": [1], "unknown_n": 0, "id": "1144012400103840011-1", "pnu": "1144012400103840011", "floors": 2, "height": 0.0}}, {"type": "Feature", "geometry": {"type": "Polygon", "coordinates": [[[126.92524258, 37.5624766], [126.92522445, 37.56249902], [126.92523972, 37.5625075], [126.92522216, 37.56252281], [126.92524603, 37.56253634], [126.92523946, 37.5625475], [126.92533006, 37.56259919], [126.92538921, 37.56253337], [126.9252426, 37.56244759], [126.925229, 37.56247136], [126.92524258, 37.5624766]]]}, "properties": {"name": "연남동 387-45", "status": "full", "capacity": 4, "active": 4, "industry": "이용·미용", "vacancy_rate": 0.0, "vacancy_rate_lo": 0.0, "vacancy_rate_hi": 0.0, "stores": 6, "source": "stores+ledger", "capacity_method": "floor_ouln", "active_pip": 0, "licensed": 2, "com_floors": [1, 2, 3, 4], "occ_floors": [1, 2, 3, 4], "unknown_n": 0, "id": "1144012400103870045-1", "pnu": "1144012400103870045", "floors": 4, "height": 13.9}}, {"type": "Feature", "geometry": {"type": "Polygon", "coordinates": [[[126.92547356, 37.56193524], [126.92544822, 37.56193036], [126.92545038, 37.56191937], [126.92541043, 37.56191115], [126.92538489, 37.56198402], [126.92549772, 37.56200256], [126.92554095, 37.56200656], [126.92553964, 37.56195772], [126.92551113, 37.56194626], [126.92551113, 37.56194094], [126.9254747, 37.56193128], [126.92547356, 37.56193524]]]}, "properties": {"name": "연남동 390-60", "status": "full", "capacity": 1, "active": 1, "industry": "비알코올 ", "vacancy_rate": 0.0, "vacancy_rate_lo": 0.0, "vacancy_rate_hi": 0.0, "stores": 1, "source": "stores+ledger", "capacity_method": "floor_ouln", "active_pip": 0, "licensed": 1, "com_floors": [1], "occ_floors": [1], "unknown_n": 0, "id": "1144012400103900060-1", "pnu": "1144012400103900060", "floors": 1, "height": 0.0}}, {"type": "Feature", "geometry": {"type": "Polygon", "coordinates": [[[126.92583532, 37.56248057], [126.9257721, 37.56254703], [126.92583137, 37.56258383], [126.92583601, 37.56257824], [126.92583838, 37.56258761], [126.92583974, 37.56258906], [126.92584619, 37.56259122], [126.92585207, 37.56259105], [126.92585637, 37.56258925], [126.92587394, 37.56256953], [126.92587009, 37.56256718], [126.92588664, 37.56254782], [126.92589117, 37.56253981], [126.9258914, 37.56253764], [126.92589084, 37.56253557], [126.92588756, 37.56253097], [126.92587297, 37.56251772], [126.92586642, 37.56250078], [126.92583532, 37.56248057]]]}, "properties": {"name": "연남동 387-31", "status": "full", "capacity": 3, "active": 3, "industry": "일식", "vacancy_rate": 0.0, "vacancy_rate_lo": 0.0, "vacancy_rate_hi": 0.0, "stores": 2, "source": "stores+ledger", "capacity_method": "floor_ouln", "active_pip": 0, "licensed": 2, "com_floors": [1, 2, 3], "occ_floors": [1, 2, 3], "unknown_n": 0, "id": "1144012400103870031-1", "pnu": "1144012400103870031", "floors": 3, "height": 11.05}}, {"type": "Feature", "geometry": {"type": "Polygon", "coordinates": [[[126.92598168, 37.56201863], [126.9260449, 37.56194146], [126.92600757, 37.56192287], [126.9260146, 37.56191342], [126.92595656, 37.56188662], [126.92588777, 37.56197119], [126.92598168, 37.56201863]]]}, "properties": {"name": "좌측", "status": "full", "capacity": 2, "active": 2, "industry": "기타 간이", "vacancy_rate": 0.0, "vacancy_rate_lo": 0.0, "vacancy_rate_hi": 0.0, "stores": 4, "source": "stores+ledger", "capacity_method": "floor_ouln", "active_pip": 0, "licensed": 4, "com_floors": [1, 2], "occ_floors": [1, 2], "unknown_n": 0, "id": "1144012400103900028-1", "pnu": "1144012400103900028", "floors": 2, "height": 0.0}}, {"type": "Feature", "geometry": {"type": "Polygon", "coordinates": [[[126.92670422, 37.56192052], [126.92670558, 37.56191898], [126.92667731, 37.56189563], [126.92661422, 37.56194028], [126.9266331, 37.56195984], [126.92662631, 37.5619638], [126.92666713, 37.56199843], [126.92669896, 37.56197277], [126.92669693, 37.56197106], [126.92670474, 37.5619662], [126.92670689, 37.56196755], [126.92673136, 37.56194819], [126.92670422, 37.56192052]]]}, "properties": {"name": "연남동 383-80", "status": "full", "capacity": 2, "active": 2, "industry": "종합 소매", "vacancy_rate": 0.0, "vacancy_rate_lo": 0.0, "vacancy_rate_hi": 0.0, "stores": 1, "source": "stores+ledger", "capacity_method": "floor_ouln", "active_pip": 0, "licensed": 1, "com_floors": [1, 2], "occ_floors": [1, 2], "unknown_n": 0, "id": "1144012400103830080-1", "pnu": "1144012400103830080", "floors": 2, "height": 6.4}}, {"type": "Feature", "geometry": {"type": "Polygon", "coordinates": [[[126.92478072, 37.56306902], [126.92484872, 37.5631049], [126.92493129, 37.5630037], [126.92485132, 37.56293235], [126.92476808, 37.56303575], [126.9247965, 37.563051], [126.92478072, 37.56306902]]]}, "properties": {"name": "연남동 229-34", "status": "full", "capacity": 3, "active": 3, "industry": "유원지·오락", "vacancy_rate": 0.0, "vacancy_rate_lo": 0.0, "vacancy_rate_hi": 0.0, "stores": 7, "source": "stores+ledger", "capacity_method": "floor_ouln", "active_pip": 0, "licensed": 1, "com_floors": [1, 2, 3], "occ_floors": [1, 2, 3], "unknown_n": 0, "id": "1144012400102290034-1", "pnu": "1144012400102290034", "floors": 5, "height": 17.5}}, {"type": "Feature", "geometry": {"type": "Polygon", "coordinates": [[[126.92573736, 37.56282278], [126.92582907, 37.56287324], [126.92586415, 37.56283284], [126.92587578, 37.56283925], [126.92589831, 37.56281331], [126.92579496, 37.56275644], [126.92573736, 37.56282278]]]}, "properties": {"name": "연남동 387-6", "status": "full", "capacity": 2, "active": 2, "industry": "이용·미용", "vacancy_rate": 0.0, "vacancy_rate_lo": 0.0, "vacancy_rate_hi": 0.0, "stores": 3, "source": "stores+ledger", "capacity_method": "floor_ouln", "active_pip": 0, "licensed": 3, "com_floors": [1, 2], "occ_floors": [1, 2], "unknown_n": 0, "id": "1144012400103870006-1", "pnu": "1144012400103870006", "floors": 4, "height": 14.52}}, {"type": "Feature", "geometry": {"type": "Polygon", "coordinates": [[[126.92463195, 37.56340545], [126.92473027, 37.56345852], [126.92479184, 37.56338594], [126.92469339, 37.56333301], [126.92463195, 37.56340545]]]}, "properties": {"name": "미소안", "status": "full", "capacity": 1, "active": 1, "industry": "종합 소매", "vacancy_rate": 0.0, "vacancy_rate_lo": null, "vacancy_rate_hi": null, "stores": 1, "source": "stores+ledger", "capacity_method": "expos_units", "active_pip": 0, "licensed": 0, "com_floors": null, "occ_floors": null, "unknown_n": null, "id": "1144012400102290028-1", "pnu": "1144012400102290028", "floors": 5, "height": 14.95}}, {"type": "Feature", "geometry": {"type": "Polygon", "coordinates": [[[126.92648976, 37.56330366], [126.92634468, 37.56342621], [126.92641461, 37.56347867], [126.92640486, 37.56348691], [126.92641934, 37.56349778], [126.92648291, 37.56344408], [126.9264676, 37.56343259], [126.92651674, 37.56339109], [126.92652337, 37.56339605], [126.92656549, 37.56336048], [126.92648976, 37.56330366]]]}, "properties": {"name": "연남동 224-30", "status": "empty", "capacity": 5, "active": 0, "industry": "", "vacancy_rate": 100.0, "source": "polygon_only", "capacity_method": "floor_approx", "active_pip": 0, "licensed": 0, "id": "1144012400102240030-1", "pnu": "1144012400102240030", "floors": 5, "height": 13.45}}, {"type": "Feature", "geometry": {"type": "Polygon", "coordinates": [[[126.9253484, 37.56214383], [126.92534169, 37.5621741], [126.92533249, 37.56220384], [126.92539926, 37.56221082], [126.92539949, 37.56221046], [126.92539892, 37.56221694], [126.92547383, 37.56222527], [126.92547941, 37.56219906], [126.92549073, 37.56219943], [126.92549563, 37.56216024], [126.9253484, 37.56214383]]]}, "properties": {"name": "연남동 390-57", "status": "partial", "capacity": 2, "active": 1, "industry": "", "vacancy_rate": 50.0, "source": "pip_only", "capacity_method": "floor_approx", "active_pip": 0, "licensed": 1, "id": "1144012400103900057-1", "pnu": "1144012400103900057", "floors": 2, "height": 7.8}}, {"type": "Feature", "geometry": {"type": "Polygon", "coordinates": [[[126.92677062, 37.56207499], [126.92676598, 37.56207103], [126.92674095, 37.5620911], [126.92679692, 37.56214394], [126.92680404, 37.56215366], [126.9268755, 37.56210713], [126.92687214, 37.56207893], [126.92683064, 37.56204097], [126.92682203, 37.56204592], [126.92681773, 37.56204267], [126.92677062, 37.56207499]]]}, "properties": {"name": "일부", "status": "full", "capacity": 2, "active": 2, "industry": "주점", "vacancy_rate": 0.0, "vacancy_rate_lo": 0.0, "vacancy_rate_hi": 0.0, "stores": 3, "source": "stores+ledger", "capacity_method": "floor_ouln", "active_pip": 0, "licensed": 3, "com_floors": [1, 2], "occ_floors": [1, 2], "unknown_n": 0, "id": "1144012400102270005-1", "pnu": "1144012400102270005", "floors": 2, "height": 0.0}}, {"type": "Feature", "geometry": {"type": "Polygon", "coordinates": [[[126.925864, 37.56381163], [126.92578822, 37.56386988], [126.92587632, 37.56393841], [126.92594689, 37.56388629], [126.925864, 37.56381163]]]}, "properties": {"name": "연남동 225-33", "status": "full", "capacity": 1, "active": 1, "industry": "주점", "vacancy_rate": 0.0, "vacancy_rate_lo": 0.0, "vacancy_rate_hi": 0.0, "stores": 1, "source": "stores+ledger", "capacity_method": "floor_ouln", "active_pip": 0, "licensed": 1, "com_floors": [1], "occ_floors": [1], "unknown_n": 0, "id": "1144012400102250033-1", "pnu": "1144012400102250033", "floors": 5, "height": 0.0}}, {"type": "Feature", "geometry": {"type": "Polygon", "coordinates": [[[126.92699485, 37.56274881], [126.92697847, 37.56271933], [126.92686628, 37.56263304], [126.92686333, 37.5626352], [126.92686028, 37.5626334], [126.92670554, 37.56276016], [126.92676435, 37.56280596], [126.9268432, 37.56273826], [126.92685247, 37.56274529], [126.92685904, 37.56274061], [126.9269398, 37.5627967], [126.92699485, 37.56274881]]]}, "properties": {"name": "지", "status": "full", "capacity": 3, "active": 3, "industry": "한식", "vacancy_rate": 0.0, "vacancy_rate_lo": 0.0, "vacancy_rate_hi": 66.7, "stores": 7, "source": "stores+ledger", "capacity_method": "floor_ouln", "active_pip": 0, "licensed": 0, "com_floors": [1, 3, 4], "occ_floors": [1], "unknown_n": 2, "id": "1144012400102260029-1", "pnu": "1144012400102260029", "floors": 4, "height": 0.0}}, {"type": "Feature", "geometry": {"type": "Polygon", "coordinates": [[[126.92739477, 37.56236676], [126.92737182, 37.56233791], [126.92735114, 37.56230664], [126.92726761, 37.56230019], [126.92711718, 37.56242911], [126.92719567, 37.56248737], [126.92722236, 37.56250712], [126.92729226, 37.56244724], [126.92729192, 37.56244643], [126.92732669, 37.56241997], [126.92739477, 37.56236676]]]}, "properties": {"name": "엘제이타워", "status": "full", "capacity": 4, "active": 4, "industry": "스포츠 서비스", "vacancy_rate": 0.0, "vacancy_rate_lo": 0.0, "vacancy_rate_hi": 0.0, "stores": 4, "source": "stores+ledger", "capacity_method": "floor_ouln", "active_pip": 0, "licensed": 2, "com_floors": [1, 2, 3, 4], "occ_floors": [1, 2, 3, 4], "unknown_n": 0, "id": "1144012400102260014-1", "pnu": "1144012400102260014", "floors": 4, "height": 0.0}}, {"type": "Feature", "geometry": {"type": "Polygon", "coordinates": [[[126.92480546, 37.56191518], [126.92472786, 37.56186909], [126.92470282, 37.56189574], [126.92468371, 37.56188438], [126.9246649, 37.56190446], [126.92469031, 37.56195376], [126.92471361, 37.56196675], [126.92475787, 37.56196344], [126.9247735, 37.56195678], [126.92480341, 37.56192887], [126.92479606, 37.56192391], [126.92480546, 37.56191518]]]}, "properties": {"name": "연남동 228-55", "status": "partial", "capacity": 3, "active": 2, "industry": "한식", "vacancy_rate": 33.3, "vacancy_rate_lo": 33.3, "vacancy_rate_hi": 66.7, "stores": 2, "source": "stores+ledger", "capacity_method": "floor_ouln", "active_pip": 0, "licensed": 2, "com_floors": [1, 2, 3], "occ_floors": [1], "unknown_n": 1, "id": "1144012400102280055-1", "pnu": "1144012400102280055", "floors": 3, "height": 9.7}}, {"type": "Feature", "geometry": {"type": "Polygon", "coordinates": [[[126.92603338, 37.5621559], [126.92598867, 37.56216001], [126.92599856, 37.56222993], [126.92614016, 37.56221812], [126.92612958, 37.56214883], [126.92607854, 37.56215186], [126.92607975, 37.56218817], [126.92604036, 37.56219158], [126.92603338, 37.5621559]]]}, "properties": {"name": "연남동 384-3", "status": "full", "capacity": 1, "active": 1, "industry": "주점", "vacancy_rate": 0.0, "vacancy_rate_lo": 0.0, "vacancy_rate_hi": 0.0, "stores": 1, "source": "stores+ledger", "capacity_method": "floor_ouln", "active_pip": 0, "licensed": 0, "com_floors": [1], "occ_floors": [1], "unknown_n": 0, "id": "1144012400103840003-1", "pnu": "1144012400103840003", "floors": 1, "height": 4.5}}, {"type": "Feature", "geometry": {"type": "Polygon", "coordinates": [[[126.92680707, 37.56357319], [126.92679825, 37.56356643], [126.92671724, 37.56364548], [126.92671724, 37.56364585], [126.92672923, 37.56365198], [126.92680762, 37.56370194], [126.9268611, 37.56364846], [126.92685533, 37.56364638], [126.92687334, 37.56362638], [126.92684518, 37.56361052], [126.92685107, 37.56360214], [126.92680707, 37.56357319]]]}, "properties": {"name": "일부", "status": "full", "capacity": 2, "active": 2, "industry": "서양식", "vacancy_rate": 0.0, "vacancy_rate_lo": 0.0, "vacancy_rate_hi": 50.0, "stores": 2, "source": "stores+ledger", "capacity_method": "floor_ouln", "active_pip": 0, "licensed": 1, "com_floors": [1, 2], "occ_floors": [1], "unknown_n": 1, "id": "1144012400102240006-1", "pnu": "1144012400102240006", "floors": 3, "height": 9.4}}, {"type": "Feature", "geometry": {"type": "Polygon", "coordinates": [[[126.9259025, 37.5634239], [126.9260345, 37.56351893], [126.92609538, 37.56346056], [126.92595944, 37.56336587], [126.9259025, 37.5634239]]]}, "properties": {"name": "시지유빌딩", "status": "partial", "capacity": 2, "active": 1, "industry": "섬유·의복·신발 소매", "vacancy_rate": 50.0, "vacancy_rate_lo": 50.0, "vacancy_rate_hi": 50.0, "stores": 2, "source": "stores+ledger", "capacity_method": "floor_ouln", "active_pip": 0, "licensed": 0, "com_floors": [1, 2], "occ_floors": [2], "unknown_n": 0, "id": "1144012400102240037-1", "pnu": "1144012400102240037", "floors": 5, "height": 14.9}}, {"type": "Feature", "geometry": {"type": "Polygon", "coordinates": [[[126.92567359, 37.56214902], [126.92578727, 37.56214145], [126.92577343, 37.56206517], [126.92570017, 37.56205874], [126.92566681, 37.56208973], [126.92567359, 37.56214902]]]}, "properties": {"name": "연남동 387-40", "status": "high", "capacity": 4, "active": 1, "industry": "", "vacancy_rate": 75.0, "source": "pip_only", "capacity_method": "floor_approx", "active_pip": 0, "licensed": 1, "id": "1144012400103870040-1", "pnu": "1144012400103870040", "floors": 4, "height": 14.65}}, {"type": "Feature", "geometry": {"type": "Polygon", "coordinates": [[[126.92689331, 37.56394032], [126.92696608, 37.56399629], [126.92702334, 37.56394437], [126.92695026, 37.5638934], [126.92689331, 37.56394032]]]}, "properties": {"name": "MI", "status": "full", "capacity": 4, "active": 4, "industry": "섬유·의복·신발 소매", "vacancy_rate": 0.0, "vacancy_rate_lo": 0.0, "vacancy_rate_hi": 25.0, "stores": 3, "source": "stores+ledger", "capacity_method": "floor_ouln", "active_pip": 0, "licensed": 1, "com_floors": [1, 2, 3, 4], "occ_floors": [2, 3, 4], "unknown_n": 1, "id": "1144012400102240008-1", "pnu": "1144012400102240008", "floors": 4, "height": 17.5}}, {"type": "Feature", "geometry": {"type": "Polygon", "coordinates": [[[126.92488149, 37.5625855], [126.92481959, 37.56253345], [126.92475247, 37.56258382], [126.92482196, 37.5626425], [126.92486848, 37.56260759], [126.92486072, 37.56260102], [126.92488149, 37.5625855]]]}, "properties": {"name": "연남동 228-40", "status": "full", "capacity": 4, "active": 4, "industry": "한식", "vacancy_rate": 0.0, "vacancy_rate_lo": 0.0, "vacancy_rate_hi": 25.0, "stores": 3, "source": "stores+ledger", "capacity_method": "floor_ouln", "active_pip": 0, "licensed": 2, "com_floors": [1, 2, 3, 5], "occ_floors": [1, 2, 3], "unknown_n": 1, "id": "1144012400102280040-1", "pnu": "1144012400102280040", "floors": 5, "height": 15.1}}, {"type": "Feature", "geometry": {"type": "Polygon", "coordinates": [[[126.92887446, 37.56184382], [126.92877613, 37.56193098], [126.92900326, 37.5620887], [126.92909672, 37.56200343], [126.92887446, 37.56184382]]]}, "properties": {"name": "대우아파트", "status": "partial", "capacity": 3, "active": 2, "industry": "세탁", "vacancy_rate": 33.3, "vacancy_rate_lo": null, "vacancy_rate_hi": null, "stores": 2, "source": "stores+ledger", "capacity_method": "expos_units", "active_pip": 0, "licensed": 0, "com_floors": null, "occ_floors": null, "unknown_n": null, "id": "1141011700107390000-10", "pnu": "1141011700107390000", "floors": 18, "height": 58.0}}, {"type": "Feature", "geometry": {"type": "Polygon", "coordinates": [[[126.92854318, 37.5642072], [126.92859439, 37.56415849], [126.92853512, 37.56412007], [126.92848527, 37.56416996], [126.92847769, 37.56416581], [126.92842648, 37.56421533], [126.92844661, 37.56422805], [126.92823396, 37.5644355], [126.92833283, 37.56449854], [126.92834447, 37.5645054], [126.92834596, 37.56450378], [126.92835127, 37.56449811], [126.92836216, 37.56448946], [126.92836373, 37.56449054], [126.92860924, 37.56425058], [126.92854318, 37.5642072]]]}, "properties": {"name": "연희체스트빌", "status": "partial", "capacity": 4, "active": 2, "industry": "스포츠 서비스", "vacancy_rate": 50.0, "vacancy_rate_lo": null, "vacancy_rate_hi": null, "stores": 2, "source": "stores+ledger", "capacity_method": "expos_units", "active_pip": 0, "licensed": 1, "com_floors": null, "occ_floors": null, "unknown_n": null, "id": "1141011700102180001-2", "pnu": "1141011700102180001", "floors": 9, "height": 37.1}}, {"type": "Feature", "geometry": {"type": "Polygon", "coordinates": [[[126.92666473, 37.56502568], [126.92660651, 37.56506764], [126.92663399, 37.56509144], [126.92669017, 37.56504732], [126.92666473, 37.56502568]]]}, "properties": {"name": "임광아파트", "status": "high", "capacity": 8, "active": 1, "industry": "비알코올 ", "vacancy_rate": 87.5, "vacancy_rate_lo": null, "vacancy_rate_hi": null, "stores": 1, "source": "stores+ledger", "capacity_method": "expos_units", "active_pip": 0, "licensed": 1, "com_floors": null, "occ_floors": null, "unknown_n": null, "id": "1141011700107380000-9", "pnu": "1141011700107380000", "floors": 0, "height": 0.0}}, {"type": "Feature", "geometry": {"type": "Polygon", "coordinates": [[[126.92805864, 37.56171772], [126.92799542, 37.56179553], [126.92808932, 37.56184091], [126.9281538, 37.56176409], [126.92805864, 37.56171772]]]}, "properties": {"name": "선진하이텔", "status": "full", "capacity": 2, "active": 2, "industry": "기타 교육", "vacancy_rate": 0.0, "vacancy_rate_lo": null, "vacancy_rate_hi": null, "stores": 2, "source": "stores+ledger", "capacity_method": "expos_units", "active_pip": 0, "licensed": 1, "com_floors": null, "occ_floors": null, "unknown_n": null, "id": "1141011700103530075-1", "pnu": "1141011700103530075", "floors": 5, "height": 15.3}}, {"type": "Feature", "geometry": {"type": "Polygon", "coordinates": [[[126.92872758, 37.56347913], [126.92862858, 37.56355223], [126.92886527, 37.56377285], [126.92896698, 37.56369903], [126.92872758, 37.56347913]]]}, "properties": {"name": "연희동 212-2", "status": "empty", "capacity": 10, "active": 0, "industry": "", "vacancy_rate": 100.0, "source": "polygon_only", "capacity_method": "floor_approx", "active_pip": 0, "licensed": 0, "id": "1141011700102120002-1", "pnu": "1141011700102120002", "floors": 10, "height": 41.2}}, {"type": "Feature", "geometry": {"type": "Polygon", "coordinates": [[[126.92838891, 37.56231619], [126.92835854, 37.56236086], [126.92836657, 37.56236429], [126.92833257, 37.56241283], [126.9283501, 37.5624205], [126.9283416, 37.56243319], [126.92841367, 37.56246028], [126.92847987, 37.5623603], [126.928394, 37.56231898], [126.92838891, 37.56231619]]]}, "properties": {"name": "연희동 353-141", "status": "full", "capacity": 1, "active": 1, "industry": "기타 교육", "vacancy_rate": 0.0, "vacancy_rate_lo": 0.0, "vacancy_rate_hi": 0.0, "stores": 1, "source": "stores+ledger", "capacity_method": "floor_ouln", "active_pip": 0, "licensed": 0, "com_floors": [1], "occ_floors": [1], "unknown_n": 0, "id": "1141011700103530141-1", "pnu": "1141011700103530141", "floors": 2, "height": 6.9}}, {"type": "Feature", "geometry": {"type": "Polygon", "coordinates": [[[126.9290119, 37.56228431], [126.92899842, 37.5622961], [126.92903552, 37.56231883], [126.92904606, 37.56230721], [126.9290119, 37.56228431]]]}, "properties": {"name": "대우아파트", "status": "partial", "capacity": 3, "active": 2, "industry": "세탁", "vacancy_rate": 33.3, "vacancy_rate_lo": null, "vacancy_rate_hi": null, "stores": 2, "source": "stores+ledger", "capacity_method": "expos_units", "active_pip": 0, "licensed": 0, "com_floors": null, "occ_floors": null, "unknown_n": null, "id": "1141011700107390000-11", "pnu": "1141011700107390000", "floors": 0, "height": 0.0}}, {"type": "Feature", "geometry": {"type": "Polygon", "coordinates": [[[126.93015413, 37.56327807], [126.93009543, 37.56334038], [126.93017078, 37.56338305], [126.930228, 37.56332226], [126.93015413, 37.56327807]]]}, "properties": {"name": "연희동 341-37", "status": "empty", "capacity": 5, "active": 0, "industry": "", "vacancy_rate": 100.0, "source": "polygon_only", "capacity_method": "floor_approx", "active_pip": 0, "licensed": 0, "id": "1141011700103410037-1", "pnu": "1141011700103410037", "floors": 5, "height": 0.0}}, {"type": "Feature", "geometry": {"type": "Polygon", "coordinates": [[[126.92766243, 37.56215248], [126.92762835, 37.56216634], [126.92770644, 37.56228261], [126.92774359, 37.56226318], [126.92766243, 37.56215248]]]}, "properties": {"name": "좌측", "status": "partial", "capacity": 2, "active": 1, "industry": "의약·화장품 소매", "vacancy_rate": 50.0, "vacancy_rate_lo": 50.0, "vacancy_rate_hi": 50.0, "stores": 1, "source": "stores+ledger", "capacity_method": "floor_ouln", "active_pip": 0, "licensed": 0, "com_floors": [1, 2], "occ_floors": [1], "unknown_n": 0, "id": "1141011700103530104-1", "pnu": "1141011700103530104", "floors": 3, "height": 0.0}}, {"type": "Feature", "geometry": {"type": "Polygon", "coordinates": [[[126.92792332, 37.5650817], [126.92788674, 37.56510564], [126.92786129, 37.56508211], [126.92775324, 37.56515899], [126.92779543, 37.56519577], [126.92781739, 37.56518038], [126.92788853, 37.56524331], [126.92800791, 37.56515446], [126.92792332, 37.5650817]]]}, "properties": {"name": "우청빌딩", "status": "partial", "capacity": 4, "active": 2, "industry": "섬유·의복·신발 소매", "vacancy_rate": 50.0, "vacancy_rate_lo": 50.0, "vacancy_rate_hi": 50.0, "stores": 2, "source": "stores+ledger", "capacity_method": "floor_ouln", "active_pip": 0, "licensed": 1, "com_floors": [1, 2, 5, 6], "occ_floors": [1, 2], "unknown_n": 0, "id": "1141011700102180019-1", "pnu": "1141011700102180019", "floors": 7, "height": 24.0}}, {"type": "Feature", "geometry": {"type": "Polygon", "coordinates": [[[126.92755347, 37.56444471], [126.92771557, 37.56430934], [126.92771, 37.56430214], [126.92773092, 37.56428425], [126.92765521, 37.56422164], [126.92746494, 37.56437611], [126.92755347, 37.56444471]]]}, "properties": {"name": "연희동 218-15", "status": "full", "capacity": 2, "active": 2, "industry": "비알코올 ", "vacancy_rate": 0.0, "vacancy_rate_lo": 0.0, "vacancy_rate_hi": 0.0, "stores": 1, "source": "stores+ledger", "capacity_method": "floor_ouln", "active_pip": 0, "licensed": 1, "com_floors": [1, 3], "occ_floors": [1, 3], "unknown_n": 0, "id": "1141011700102180015-3", "pnu": "1141011700102180015", "floors": 3, "height": 0.0}}, {"type": "Feature", "geometry": {"type": "Polygon", "coordinates": [[[126.92839227, 37.56398968], [126.92839453, 37.56398787], [126.92839227, 37.56398607], [126.92839001, 37.56398787], [126.92839227, 37.56398968]]]}, "properties": {"name": "연희동 218-4", "status": "full", "capacity": 1, "active": 1, "industry": "한식", "vacancy_rate": 0.0, "vacancy_rate_lo": 0.0, "vacancy_rate_hi": 0.0, "stores": 1, "source": "stores+ledger", "capacity_method": "floor_ouln", "active_pip": 0, "licensed": 0, "com_floors": [1], "occ_floors": [1], "unknown_n": 0, "id": "1141011700102180004-1", "pnu": "1141011700102180004", "floors": 1, "height": 0.0}}, {"type": "Feature", "geometry": {"type": "Polygon", "coordinates": [[[126.92827243, 37.56376605], [126.92833317, 37.56381059], [126.92830998, 37.56383157], [126.9283476, 37.56385845], [126.92840899, 37.56380386], [126.92833303, 37.56371234], [126.92827243, 37.56376605]]]}, "properties": {"name": "마이움연희", "status": "high", "capacity": 3, "active": 1, "industry": "주점", "vacancy_rate": 66.7, "vacancy_rate_lo": null, "vacancy_rate_hi": null, "stores": 1, "source": "stores+ledger", "capacity_method": "expos_units", "active_pip": 0, "licensed": 1, "com_floors": null, "occ_floors": null, "unknown_n": null, "id": "1141011700102180005-1", "pnu": "1141011700102180005", "floors": 7, "height": 23.4}}, {"type": "Feature", "geometry": {"type": "Polygon", "coordinates": [[[126.92651418, 37.5651117], [126.92647104, 37.56510903], [126.92642589, 37.56514491], [126.92655182, 37.5652453], [126.92661689, 37.56519359], [126.92651418, 37.5651117]]]}, "properties": {"name": "명칭없음", "status": "full", "capacity": 1, "active": 1, "industry": "종합 소매", "vacancy_rate": 0.0, "vacancy_rate_lo": null, "vacancy_rate_hi": null, "stores": 1, "source": "stores+ledger", "capacity_method": "expos_units", "active_pip": 0, "licensed": 1, "com_floors": null, "occ_floors": null, "unknown_n": null, "id": "1141011700102190013-1", "pnu": "1141011700102190013", "floors": 5, "height": 14.4}}, {"type": "Feature", "geometry": {"type": "Polygon", "coordinates": [[[126.9282181, 37.5647416], [126.9282436, 37.5647203], [126.92823691, 37.56471841], [126.92833604, 37.56462057], [126.92834757, 37.56463017], [126.92836447, 37.56461324], [126.92832664, 37.5645916], [126.92831892, 37.56459645], [126.92829186, 37.56457938], [126.92829856, 37.56457268], [126.92822501, 37.56452615], [126.92814401, 37.56460727], [126.9281343, 37.56459997], [126.92807924, 37.56465259], [126.9282181, 37.5647416]]]}, "properties": {"name": "연희동 218-11", "status": "empty", "capacity": 10, "active": 0, "industry": "", "vacancy_rate": 100.0, "source": "polygon_only", "capacity_method": "floor_approx", "active_pip": 0, "licensed": 0, "id": "1141011700102180011-1", "pnu": "1141011700102180011", "floors": 10, "height": 39.6}}, {"type": "Feature", "geometry": {"type": "Polygon", "coordinates": [[[126.9264182, 37.56202693], [126.92637554, 37.5620324], [126.92637271, 37.56202915], [126.92630252, 37.56203686], [126.92630296, 37.56205848], [126.92629911, 37.56205947], [126.92630597, 37.56210569], [126.92642856, 37.56209091], [126.9264182, 37.56202693]]]}, "properties": {"name": "연남동 384-8", "status": "full", "capacity": 1, "active": 1, "industry": "일식", "vacancy_rate": 0.0, "vacancy_rate_lo": 0.0, "vacancy_rate_hi": 0.0, "stores": 1, "source": "stores+ledger", "capacity_method": "floor_ouln", "active_pip": 0, "licensed": 1, "com_floors": [1], "occ_floors": [1], "unknown_n": 0, "id": "1144012400103840008-1", "pnu": "1144012400103840008", "floors": 3, "height": 9.1}}, {"type": "Feature", "geometry": {"type": "Polygon", "coordinates": [[[126.92615188, 37.56238544], [126.92609517, 37.56238928], [126.92609595, 37.56239416], [126.92602555, 37.56240159], [126.92603107, 37.56242619], [126.92601737, 37.56242816], [126.92602536, 37.56247106], [126.92603895, 37.56247052], [126.9260385, 37.5624653], [126.92614898, 37.56245375], [126.92614606, 37.56242725], [126.92615942, 37.56242519], [126.92615188, 37.56238544]]]}, "properties": {"name": "연남동 385-11", "status": "partial", "capacity": 3, "active": 2, "industry": "", "vacancy_rate": 33.3, "source": "pip_only", "capacity_method": "floor_approx", "active_pip": 0, "licensed": 2, "id": "1144012400103850011-1", "pnu": "1144012400103850011", "floors": 3, "height": 11.18}}, {"type": "Feature", "geometry": {"type": "Polygon", "coordinates": [[[126.92628308, 37.56224479], [126.92623622, 37.56225134], [126.92625066, 37.56229631], [126.92624681, 37.56229847], [126.92625436, 37.56232703], [126.9262924, 37.56232165], [126.92629128, 37.56231048], [126.92635195, 37.56230052], [126.92633188, 37.56223131], [126.92628218, 37.56223731], [126.92628308, 37.56224479]]]}, "properties": {"name": "연남동 385-3", "status": "high", "capacity": 3, "active": 1, "industry": "", "vacancy_rate": 66.7, "source": "pip_only", "capacity_method": "floor_approx", "active_pip": 0, "licensed": 1, "id": "1144012400103850003-1", "pnu": "1144012400103850003", "floors": 3, "height": 10.0}}, {"type": "Feature", "geometry": {"type": "Polygon", "coordinates": [[[126.92622602, 37.56226476], [126.92612177, 37.56227082], [126.92613072, 37.56237507], [126.92621007, 37.56236935], [126.92620985, 37.56235549], [126.92624336, 37.56235171], [126.92623978, 37.56231045], [126.92623163, 37.56231161], [126.92622602, 37.56226476]]]}, "properties": {"name": "연남동 385-4", "status": "full", "capacity": 3, "active": 3, "industry": "일식", "vacancy_rate": 0.0, "vacancy_rate_lo": 0.0, "vacancy_rate_hi": 0.0, "stores": 3, "source": "stores+ledger", "capacity_method": "floor_ouln", "active_pip": 0, "licensed": 3, "com_floors": [1, 2, 3], "occ_floors": [1, 2, 3], "unknown_n": 0, "id": "1144012400103850004-1", "pnu": "1144012400103850004", "floors": 3, "height": 11.075}}, {"type": "Feature", "geometry": {"type": "Polygon", "coordinates": [[[126.92678909, 37.56401854], [126.92686363, 37.56395552], [126.9267866, 37.56389618], [126.9267482, 37.56392832], [126.92675159, 37.56393175], [126.92671432, 37.56396488], [126.92678909, 37.56401854]]]}, "properties": {"name": "우측호", "status": "full", "capacity": 3, "active": 3, "industry": "이용·미용", "vacancy_rate": 0.0, "vacancy_rate_lo": 0.0, "vacancy_rate_hi": 0.0, "stores": 4, "source": "stores+ledger", "capacity_method": "floor_ouln", "active_pip": 0, "licensed": 1, "com_floors": [1, 2, 3], "occ_floors": [1, 2, 3], "unknown_n": 0, "id": "1144012400102240014-1", "pnu": "1144012400102240014", "floors": 3, "height": 9.5}}, {"type": "Feature", "geometry": {"type": "Polygon", "coordinates": [[[126.92626071, 37.56415769], [126.92619672, 37.56420324], [126.92624568, 37.56424498], [126.92630833, 37.56419916], [126.92626071, 37.56415769]]]}, "properties": {"name": "연남동 225-12", "status": "high", "capacity": 5, "active": 2, "industry": "일식", "vacancy_rate": 60.0, "vacancy_rate_lo": 60.0, "vacancy_rate_hi": 60.0, "stores": 1, "source": "stores+ledger", "capacity_method": "floor_ouln", "active_pip": 0, "licensed": 1, "com_floors": [1, 2, 3, 4, 5], "occ_floors": [1, 2], "unknown_n": 0, "id": "1144012400102250012-1", "pnu": "1144012400102250012", "floors": 5, "height": 0.0}}, {"type": "Feature", "geometry": {"type": "Polygon", "coordinates": [[[126.926755, 37.56218437], [126.92679645, 37.56215844], [126.92673313, 37.56210217], [126.92670674, 37.56211964], [126.92671307, 37.56212794], [126.92665723, 37.5621661], [126.92670586, 37.56220695], [126.92671356, 37.56219929], [126.92671854, 37.56220353], [126.92675048, 37.56217976], [126.926755, 37.56218437]]]}, "properties": {"name": "연남동 227-8", "status": "full", "capacity": 3, "active": 3, "industry": "주점", "vacancy_rate": 0.0, "vacancy_rate_lo": 0.0, "vacancy_rate_hi": 0.0, "stores": 3, "source": "stores+ledger", "capacity_method": "floor_ouln", "active_pip": 0, "licensed": 1, "com_floors": [1, 2, 3], "occ_floors": [1, 2, 3], "unknown_n": 0, "id": "1144012400102270008-1", "pnu": "1144012400102270008", "floors": 3, "height": 9.2}}, {"type": "Feature", "geometry": {"type": "Polygon", "coordinates": [[[126.92641625, 37.56321435], [126.92641625, 37.56321471], [126.92648298, 37.56326881], [126.92648275, 37.56326944], [126.9264944, 37.56328035], [126.92658377, 37.56320536], [126.92657936, 37.56320292], [126.92657733, 37.56320211], [126.92662219, 37.56316141], [126.92654709, 37.56310541], [126.92641625, 37.56321435]]]}, "properties": {"name": "우측호", "status": "full", "capacity": 2, "active": 2, "industry": "기타 간이", "vacancy_rate": 0.0, "vacancy_rate_lo": 0.0, "vacancy_rate_hi": 0.0, "stores": 4, "source": "stores+ledger", "capacity_method": "floor_ouln", "active_pip": 0, "licensed": 1, "com_floors": [1, 2], "occ_floors": [1, 2], "unknown_n": 0, "id": "1144012400102240060-1", "pnu": "1144012400102240060", "floors": 4, "height": 0.0}}, {"type": "Feature", "geometry": {"type": "Polygon", "coordinates": [[[126.92685103, 37.56294901], [126.92679145, 37.5629996], [126.9268109, 37.5630152], [126.92686777, 37.56296397], [126.92685103, 37.56294901]]]}, "properties": {"name": "연남동 226-21", "status": "partial", "capacity": 3, "active": 2, "industry": "중식", "vacancy_rate": 33.3, "vacancy_rate_lo": 33.3, "vacancy_rate_hi": 33.3, "stores": 3, "source": "stores+ledger", "capacity_method": "floor_ouln", "active_pip": 0, "licensed": 2, "com_floors": [1, 2, 3], "occ_floors": [1, 2], "unknown_n": 0, "id": "1144012400102260021-2", "pnu": "1144012400102260021", "floors": 0, "height": 0.0}}, {"type": "Feature", "geometry": {"type": "Polygon", "coordinates": [[[126.92663154, 37.56413214], [126.92665407, 37.56411324], [126.92660975, 37.56407709], [126.92656637, 37.56410661], [126.92656127, 37.56410391], [126.92652547, 37.564132], [126.92658282, 37.56418302], [126.92664025, 37.56413982], [126.92663154, 37.56413214]]]}, "properties": {"name": "연남동 224-19", "status": "full", "capacity": 2, "active": 2, "industry": "일반 숙박", "vacancy_rate": 0.0, "vacancy_rate_lo": 0.0, "vacancy_rate_hi": 0.0, "stores": 2, "source": "stores+ledger", "capacity_method": "floor_ouln", "active_pip": 0, "licensed": 1, "com_floors": [1, 3], "occ_floors": [1, 3], "unknown_n": 0, "id": "1144012400102240019-1", "pnu": "1144012400102240019", "floors": 4, "height": 0.0}}, {"type": "Feature", "geometry": {"type": "Polygon", "coordinates": [[[126.92610786, 37.56305405], [126.92617402, 37.56299841], [126.92609768, 37.56293908], [126.92603617, 37.56298931], [126.92609046, 37.56303025], [126.92608287, 37.56303818], [126.92610786, 37.56305405]]]}, "properties": {"name": "연남동 228-4", "status": "full", "capacity": 2, "active": 2, "industry": "기타 교육", "vacancy_rate": 0.0, "vacancy_rate_lo": 0.0, "vacancy_rate_hi": 0.0, "stores": 2, "source": "stores+ledger", "capacity_method": "floor_ouln", "active_pip": 0, "licensed": 2, "com_floors": [1, 2], "occ_floors": [1, 2], "unknown_n": 0, "id": "1144012400102280004-1", "pnu": "1144012400102280004", "floors": 4, "height": 0.0}}, {"type": "Feature", "geometry": {"type": "Polygon", "coordinates": [[[126.92708672, 37.56244468], [126.92703552, 37.5624879], [126.92716501, 37.56258709], [126.92721791, 37.56254279], [126.92708672, 37.56244468]]]}, "properties": {"name": "연남동 226-15", "status": "full", "capacity": 3, "active": 3, "industry": "일반 숙박", "vacancy_rate": 0.0, "vacancy_rate_lo": 0.0, "vacancy_rate_hi": 0.0, "stores": 6, "source": "stores+ledger", "capacity_method": "floor_ouln", "active_pip": 0, "licensed": 1, "com_floors": [1, 2, 3], "occ_floors": [1, 2, 3], "unknown_n": 0, "id": "1144012400102260015-1", "pnu": "1144012400102260015", "floors": 4, "height": 12.5}}, {"type": "Feature", "geometry": {"type": "Polygon", "coordinates": [[[126.92639634, 37.56239794], [126.9264611, 37.56238041], [126.92646765, 37.56239456], [126.92652064, 37.56237892], [126.92648969, 37.56230565], [126.92637184, 37.56233711], [126.92639634, 37.56239794]]]}, "properties": {"name": "중간", "status": "full", "capacity": 2, "active": 2, "industry": "일반 숙박", "vacancy_rate": 0.0, "vacancy_rate_lo": 0.0, "vacancy_rate_hi": 0.0, "stores": 3, "source": "stores+ledger", "capacity_method": "floor_ouln", "active_pip": 0, "licensed": 0, "com_floors": [1, 2], "occ_floors": [1, 2], "unknown_n": 0, "id": "1144012400102270017-1", "pnu": "1144012400102270017", "floors": 2, "height": 0.0}}, {"type": "Feature", "geometry": {"type": "Polygon", "coordinates": [[[126.92631859, 37.56274226], [126.9262189, 37.56282716], [126.92630418, 37.56288623], [126.9264033, 37.56280123], [126.92631859, 37.56274226]]]}, "properties": {"name": "챕터연남", "status": "partial", "capacity": 4, "active": 2, "industry": "비알코올 ", "vacancy_rate": 50.0, "vacancy_rate_lo": 50.0, "vacancy_rate_hi": 50.0, "stores": 2, "source": "stores+ledger", "capacity_method": "floor_ouln", "active_pip": 0, "licensed": 2, "com_floors": [1, 2, 3, 4], "occ_floors": [1, 2], "unknown_n": 0, "id": "1144012400102270023-1", "pnu": "1144012400102270023", "floors": 4, "height": 13.5}}, {"type": "Feature", "geometry": {"type": "Polygon", "coordinates": [[[126.92614044, 37.5621233], [126.92624967, 37.5621108], [126.9262409, 37.5620622], [126.92623418, 37.56206297], [126.92623289, 37.56205583], [126.92613039, 37.56206756], [126.92614044, 37.5621233]]]}, "properties": {"name": "연남동 384-7", "status": "full", "capacity": 2, "active": 2, "industry": "일식", "vacancy_rate": 0.0, "vacancy_rate_lo": 0.0, "vacancy_rate_hi": 0.0, "stores": 3, "source": "stores+ledger", "capacity_method": "floor_ouln", "active_pip": 0, "licensed": 3, "com_floors": [1, 2], "occ_floors": [1, 2], "unknown_n": 0, "id": "1144012400103840007-1", "pnu": "1144012400103840007", "floors": 3, "height": 9.1}}, {"type": "Feature", "geometry": {"type": "Polygon", "coordinates": [[[126.92650133, 37.56440759], [126.92650137, 37.56436597], [126.92644606, 37.56432277], [126.92638036, 37.56437283], [126.92646587, 37.56443514], [126.92650133, 37.56440759]]]}, "properties": {"name": "연남동 225-4", "status": "full", "capacity": 2, "active": 2, "industry": "종합 소매", "vacancy_rate": 0.0, "vacancy_rate_lo": 0.0, "vacancy_rate_hi": 0.0, "stores": 2, "source": "stores+ledger", "capacity_method": "floor_ouln", "active_pip": 0, "licensed": 0, "com_floors": [1, 2], "occ_floors": [1, 2], "unknown_n": 0, "id": "1144012400102250004-1", "pnu": "1144012400102250004", "floors": 3, "height": 0.0}}, {"type": "Feature", "geometry": {"type": "Polygon", "coordinates": [[[126.92596978, 37.56283304], [126.92607225, 37.56290185], [126.92615053, 37.56282964], [126.92610473, 37.56279871], [126.92609251, 37.5627914], [126.92607053, 37.5628104], [126.92602812, 37.56278181], [126.92596978, 37.56283304]]]}, "properties": {"name": "좌측호", "status": "full", "capacity": 2, "active": 2, "industry": "한식", "vacancy_rate": 0.0, "vacancy_rate_lo": 0.0, "vacancy_rate_hi": 0.0, "stores": 7, "source": "stores+ledger", "capacity_method": "floor_ouln", "active_pip": 0, "licensed": 6, "com_floors": [1, 2], "occ_floors": [1, 2], "unknown_n": 0, "id": "1144012400102280002-1", "pnu": "1144012400102280002", "floors": 2, "height": 8.05}}, {"type": "Feature", "geometry": {"type": "Polygon", "coordinates": [[[126.92483002, 37.56507292], [126.92481741, 37.56500245], [126.92476104, 37.56500881], [126.92476475, 37.56502963], [126.92468812, 37.56503823], [126.92469947, 37.56511941], [126.92481244, 37.56511147], [126.92482828, 37.56511076], [126.92482729, 37.56508751], [126.92483002, 37.56507292]]]}, "properties": {"name": "연남동 223-96", "status": "full", "capacity": 2, "active": 2, "industry": "비알코올 ", "vacancy_rate": 0.0, "vacancy_rate_lo": 0.0, "vacancy_rate_hi": 0.0, "stores": 1, "source": "stores+ledger", "capacity_method": "floor_ouln", "active_pip": 0, "licensed": 1, "com_floors": [1, 2], "occ_floors": [1, 2], "unknown_n": 0, "id": "1144012400102230096-1", "pnu": "1144012400102230096", "floors": 2, "height": 0.0}}, {"type": "Feature", "geometry": {"type": "Polygon", "coordinates": [[[126.92459259, 37.56177683], [126.92457099, 37.56176195], [126.92456193, 37.56176924], [126.92458217, 37.5617852], [126.92459259, 37.56177683]]]}, "properties": {"name": "연남동 228-58", "status": "partial", "capacity": 4, "active": 3, "industry": "한식", "vacancy_rate": 25.0, "vacancy_rate_lo": 25.0, "vacancy_rate_hi": 25.0, "stores": 3, "source": "stores+ledger", "capacity_method": "floor_ouln", "active_pip": 0, "licensed": 3, "com_floors": [1, 2, 3, 4], "occ_floors": [1, 2, 3], "unknown_n": 0, "id": "1144012400102280058-1", "pnu": "1144012400102280058", "floors": 0, "height": 0.0}}, {"type": "Feature", "geometry": {"type": "Polygon", "coordinates": [[[126.92473703, 37.56221391], [126.92473573, 37.56215254], [126.92461133, 37.56215418], [126.92461252, 37.56221554], [126.92473703, 37.56221391]]]}, "properties": {"name": "류엘빌딩", "status": "full", "capacity": 2, "active": 2, "industry": "한식", "vacancy_rate": 0.0, "vacancy_rate_lo": 0.0, "vacancy_rate_hi": 0.0, "stores": 4, "source": "stores+ledger", "capacity_method": "floor_ouln", "active_pip": 0, "licensed": 2, "com_floors": [1, 3], "occ_floors": [1, 3], "unknown_n": 0, "id": "1144012400103900067-1", "pnu": "1144012400103900067", "floors": 3, "height": 10.3}}, {"type": "Feature", "geometry": {"type": "Polygon", "coordinates": [[[126.92591265, 37.5640561], [126.92588977, 37.5640705], [126.92584679, 37.56403975], [126.92582935, 37.56405227], [126.92581057, 37.56404028], [126.92576583, 37.56407404], [126.92585992, 37.56415411], [126.9259468, 37.56408478], [126.92591265, 37.5640561]]]}, "properties": {"name": "연남동 225-16", "status": "empty", "capacity": 1, "active": 0, "industry": "", "vacancy_rate": 100.0, "source": "polygon_only", "capacity_method": "floor_approx", "active_pip": 0, "licensed": 0, "id": "1144012400102250016-1", "pnu": "1144012400102250016", "floors": 1, "height": 0.0}}, {"type": "Feature", "geometry": {"type": "Polygon", "coordinates": [[[126.92594046, 37.56215241], [126.92588771, 37.56215589], [126.92589589, 37.56223978], [126.92596845, 37.56223253], [126.92596181, 37.56219612], [126.92593645, 37.56219836], [126.92593477, 37.56218376], [126.92594552, 37.56218296], [126.92594046, 37.56215241]]]}, "properties": {"name": "연남동 384-4", "status": "empty", "capacity": 1, "active": 0, "industry": "", "vacancy_rate": 100.0, "source": "polygon_only", "capacity_method": "floor_approx", "active_pip": 0, "licensed": 0, "id": "1144012400103840004-1", "pnu": "1144012400103840004", "floors": 1, "height": 0.0}}, {"type": "Feature", "geometry": {"type": "Polygon", "coordinates": [[[126.92513248, 37.56244184], [126.92514381, 37.56244428], [126.92514152, 37.56246059], [126.92515159, 37.56246185], [126.92516515, 37.56247709], [126.92519026, 37.56249377], [126.9252086, 37.56249622], [126.92523911, 37.56244695], [126.92524979, 37.5624047], [126.92518051, 37.56239916], [126.92515041, 37.56239896], [126.92512064, 37.56239994], [126.92510909, 37.56240164], [126.92510558, 37.56240326], [126.92510355, 37.56241236], [126.92512796, 37.56243967], [126.92513248, 37.56244184]]]}, "properties": {"name": "연남동 228-32", "status": "full", "capacity": 2, "active": 2, "industry": "비알코올 ", "vacancy_rate": 0.0, "vacancy_rate_lo": 0.0, "vacancy_rate_hi": 0.0, "stores": 2, "source": "stores+ledger", "capacity_method": "floor_ouln", "active_pip": 0, "licensed": 2, "com_floors": [1, 2], "occ_floors": [1, 2], "unknown_n": 0, "id": "1144012400102280032-1", "pnu": "1144012400102280032", "floors": 3, "height": 11.65}}, {"type": "Feature", "geometry": {"type": "Polygon", "coordinates": [[[126.92586609, 37.56260556], [126.92593761, 37.56263381], [126.92598704, 37.56253888], [126.92596193, 37.56251994], [126.92590589, 37.56253099], [126.92586609, 37.56260556]]]}, "properties": {"name": "연남동 227-28", "status": "high", "capacity": 4, "active": 1, "industry": "", "vacancy_rate": 75.0, "source": "pip_only", "capacity_method": "floor_approx", "active_pip": 0, "licensed": 1, "id": "1144012400102270028-1", "pnu": "1144012400102270028", "floors": 4, "height": 13.105}}, {"type": "Feature", "geometry": {"type": "Polygon", "coordinates": [[[126.92525025, 37.56499065], [126.92524985, 37.56493713], [126.9252657, 37.56493741], [126.92526584, 37.56490993], [126.92521729, 37.56490729], [126.9252095, 37.56499999], [126.92520652, 37.56503441], [126.92531959, 37.56503304], [126.92532019, 37.56499998], [126.92532138, 37.56494195], [126.9252751, 37.56493634], [126.92527074, 37.56499111], [126.92525025, 37.56499065]]]}, "properties": {"name": "연남동 223-113", "status": "full", "capacity": 3, "active": 3, "industry": "", "vacancy_rate": 0.0, "source": "pip_only", "capacity_method": "floor_approx", "active_pip": 3, "licensed": 0, "id": "1144012400102230113-2", "pnu": "1144012400102230113", "floors": 1, "height": 0.0}}, {"type": "Feature", "geometry": {"type": "Polygon", "coordinates": [[[126.92550902, 37.56307768], [126.92554872, 37.56309802], [126.92555543, 37.563092], [126.9256186, 37.56312304], [126.92566589, 37.56306451], [126.92556228, 37.56301037], [126.92550902, 37.56307768]]]}, "properties": {"name": "연남동 387-3", "status": "high", "capacity": 3, "active": 1, "industry": "비알코올 ", "vacancy_rate": 66.7, "vacancy_rate_lo": 66.7, "vacancy_rate_hi": 66.7, "stores": 1, "source": "stores+ledger", "capacity_method": "floor_ouln", "active_pip": 0, "licensed": 1, "com_floors": [1, 3, 4], "occ_floors": [1], "unknown_n": 0, "id": "1144012400103870003-1", "pnu": "1144012400103870003", "floors": 4, "height": 13.28}}, {"type": "Feature", "geometry": {"type": "Polygon", "coordinates": [[[126.92592522, 37.56279976], [126.92597179, 37.56274871], [126.92591171, 37.56271443], [126.92592734, 37.56269849], [126.92589058, 37.56267558], [126.92582578, 37.56274068], [126.92592522, 37.56279976]]]}, "properties": {"name": "연남동 387-7", "status": "full", "capacity": 3, "active": 3, "industry": "비알코올 ", "vacancy_rate": 0.0, "vacancy_rate_lo": 0.0, "vacancy_rate_hi": 0.0, "stores": 4, "source": "stores+ledger", "capacity_method": "floor_ouln", "active_pip": 0, "licensed": 4, "com_floors": [1, 2, 3], "occ_floors": [1, 2, 3], "unknown_n": 0, "id": "1144012400103870007-1", "pnu": "1144012400103870007", "floors": 3, "height": 9.64}}, {"type": "Feature", "geometry": {"type": "Polygon", "coordinates": [[[126.92508039, 37.56327372], [126.92513363, 37.56330377], [126.92519884, 37.56323665], [126.9251575, 37.56319946], [126.92508039, 37.56327372]]]}, "properties": {"name": "연남동 229-12", "status": "empty", "capacity": 4, "active": 0, "industry": "", "vacancy_rate": 100.0, "source": "polygon_only", "capacity_method": "floor_approx", "active_pip": 0, "licensed": 0, "id": "1144012400102290012-1", "pnu": "1144012400102290012", "floors": 4, "height": 13.3}}, {"type": "Feature", "geometry": {"type": "Polygon", "coordinates": [[[126.92542656, 37.56185683], [126.92541624, 37.56187412], [126.92544385, 37.56188693], [126.92545665, 37.56187036], [126.92542656, 37.56185683]]]}, "properties": {"name": "연남동 390-24", "status": "full", "capacity": 4, "active": 4, "industry": "주점", "vacancy_rate": 0.0, "vacancy_rate_lo": 0.0, "vacancy_rate_hi": 0.0, "stores": 4, "source": "stores+ledger", "capacity_method": "floor_ouln", "active_pip": 0, "licensed": 3, "com_floors": [1, 2, 3, 4], "occ_floors": [1, 2, 3, 4], "unknown_n": 0, "id": "1144012400103900024-2", "pnu": "1144012400103900024", "floors": 0, "height": 0.0}}, {"type": "Feature", "geometry": {"type": "Polygon", "coordinates": [[[126.92515872, 37.56484274], [126.92515486, 37.56485607], [126.92514207, 37.56485525], [126.92513684, 37.56488399], [126.92516988, 37.56488735], [126.92516999, 37.56489428], [126.92520711, 37.56489692], [126.92520676, 37.5649062], [126.92526584, 37.5649093], [126.92527749, 37.56480515], [126.92522034, 37.56479989], [126.92521386, 37.56482917], [126.92517843, 37.56482816], [126.92517378, 37.56484149], [126.92515872, 37.56484274]]]}, "properties": {"name": "연남동 223-89", "status": "empty", "capacity": 1, "active": 0, "industry": "", "vacancy_rate": 100.0, "source": "polygon_only", "capacity_method": "floor_approx", "active_pip": 0, "licensed": 0, "id": "1144012400102230089-1", "pnu": "1144012400102230089", "floors": 1, "height": 0.0}}, {"type": "Feature", "geometry": {"type": "Polygon", "coordinates": [[[126.92478968, 37.56209939], [126.92484549, 37.56209534], [126.92483824, 37.56202349], [126.92478847, 37.56202761], [126.92477203, 37.5620454], [126.92478968, 37.56209939]]]}, "properties": {"name": "연남동 390-94", "status": "full", "capacity": 4, "active": 4, "industry": "오락용품 소매", "vacancy_rate": 0.0, "vacancy_rate_lo": 0.0, "vacancy_rate_hi": 0.0, "stores": 3, "source": "stores+ledger", "capacity_method": "floor_ouln", "active_pip": 0, "licensed": 1, "com_floors": [1, 2, 3, 4], "occ_floors": [1, 2, 3, 4], "unknown_n": 0, "id": "1144012400103900094-1", "pnu": "1144012400103900094", "floors": 4, "height": 12.2}}, {"type": "Feature", "geometry": {"type": "Polygon", "coordinates": [[[126.92551761, 37.5637258], [126.9256038, 37.56378828], [126.92571852, 37.56369663], [126.92565822, 37.56364563], [126.92560451, 37.56366006], [126.92551761, 37.5637258]]]}, "properties": {"name": "MH빌딩", "status": "full", "capacity": 5, "active": 5, "industry": "한식", "vacancy_rate": 0.0, "vacancy_rate_lo": 0.0, "vacancy_rate_hi": 20.0, "stores": 2, "source": "stores+ledger", "capacity_method": "floor_ouln", "active_pip": 0, "licensed": 1, "com_floors": [1, 2, 3, 4, 5], "occ_floors": [1, 2, 4, 5], "unknown_n": 1, "id": "1144012400102250035-1", "pnu": "1144012400102250035", "floors": 5, "height": 16.6}}, {"type": "Feature", "geometry": {"type": "Polygon", "coordinates": [[[126.92550698, 37.56349047], [126.92546191, 37.56352676], [126.92550794, 37.56356157], [126.92554816, 37.56352483], [126.92550698, 37.56349047]]]}, "properties": {"name": "연남동 229-67", "status": "full", "capacity": 2, "active": 2, "industry": "섬유·의복·신발 소매", "vacancy_rate": 0.0, "vacancy_rate_lo": 0.0, "vacancy_rate_hi": 0.0, "stores": 4, "source": "stores+ledger", "capacity_method": "floor_ouln", "active_pip": 0, "licensed": 2, "com_floors": [1, 2], "occ_floors": [1, 2], "unknown_n": 0, "id": "1144012400102290067-2", "pnu": "1144012400102290067", "floors": 0, "height": 0.0}}, {"type": "Feature", "geometry": {"type": "Polygon", "coordinates": [[[126.92577765, 37.56202748], [126.92581234, 37.5620469], [126.92597569, 37.56203466], [126.92583815, 37.56195446], [126.92577765, 37.56202748]]]}, "properties": {"name": "연남동 390-21", "status": "full", "capacity": 3, "active": 3, "industry": "중식", "vacancy_rate": 0.0, "vacancy_rate_lo": 0.0, "vacancy_rate_hi": 0.0, "stores": 2, "source": "stores+ledger", "capacity_method": "floor_ouln", "active_pip": 0, "licensed": 2, "com_floors": [1, 2, 4], "occ_floors": [1, 2, 4], "unknown_n": 0, "id": "1144012400103900021-1", "pnu": "1144012400103900021", "floors": 5, "height": 15.0}}, {"type": "Feature", "geometry": {"type": "Polygon", "coordinates": [[[126.92554982, 37.56195944], [126.92555481, 37.56195287], [126.92561963, 37.5619894], [126.92567912, 37.56191934], [126.92557098, 37.56186061], [126.92553766, 37.56189871], [126.92553212, 37.56189609], [126.92550356, 37.56193274], [126.92554982, 37.56195944]]]}, "properties": {"name": "연남동 390-23", "status": "full", "capacity": 1, "active": 1, "industry": "기타 간이", "vacancy_rate": 0.0, "vacancy_rate_lo": 0.0, "vacancy_rate_hi": 0.0, "stores": 1, "source": "stores+ledger", "capacity_method": "floor_ouln", "active_pip": 0, "licensed": 1, "com_floors": [1], "occ_floors": [1], "unknown_n": 0, "id": "1144012400103900023-1", "pnu": "1144012400103900023", "floors": 1, "height": 4.4}}, {"type": "Feature", "geometry": {"type": "Polygon", "coordinates": [[[126.92577115, 37.56270758], [126.92576854, 37.56271056], [126.92580575, 37.56272977], [126.9258726, 37.56266017], [126.92583188, 37.562635], [126.9258278, 37.56263815], [126.92578199, 37.56261073], [126.92572081, 37.56267666], [126.92577115, 37.56270758]]]}, "properties": {"name": "좌측호", "status": "full", "capacity": 1, "active": 1, "industry": "서양식", "vacancy_rate": 0.0, "vacancy_rate_lo": 0.0, "vacancy_rate_hi": 0.0, "stores": 3, "source": "stores+ledger", "capacity_method": "floor_ouln", "active_pip": 0, "licensed": 2, "com_floors": [1], "occ_floors": [1], "unknown_n": 0, "id": "1144012400103870008-1", "pnu": "1144012400103870008", "floors": 3, "height": 10.1}}, {"type": "Feature", "geometry": {"type": "Polygon", "coordinates": [[[126.92565927, 37.56288502], [126.92572259, 37.56281832], [126.92564059, 37.562769], [126.92557728, 37.56283571], [126.92565927, 37.56288502]]]}, "properties": {"name": "연남동 387-10", "status": "full", "capacity": 2, "active": 2, "industry": "주점", "vacancy_rate": 0.0, "vacancy_rate_lo": 0.0, "vacancy_rate_hi": 0.0, "stores": 3, "source": "stores+ledger", "capacity_method": "floor_ouln", "active_pip": 0, "licensed": 3, "com_floors": [1, 2], "occ_floors": [1, 2], "unknown_n": 0, "id": "1144012400103870010-1", "pnu": "1144012400103870010", "floors": 4, "height": 11.64}}, {"type": "Feature", "geometry": {"type": "Polygon", "coordinates": [[[126.92530014, 37.56305144], [126.92534532, 37.56309508], [126.92543961, 37.56303674], [126.92540798, 37.56300468], [126.92541897, 37.56299781], [126.92539968, 37.56297728], [126.92530014, 37.56305144]]]}, "properties": {"name": "연남동 228-21", "status": "partial", "capacity": 4, "active": 2, "industry": "한식", "vacancy_rate": 50.0, "vacancy_rate_lo": 50.0, "vacancy_rate_hi": 50.0, "stores": 2, "source": "stores+ledger", "capacity_method": "floor_ouln", "active_pip": 0, "licensed": 2, "com_floors": [1, 2, 3, 4], "occ_floors": [1, 4], "unknown_n": 0, "id": "1144012400102280021-1", "pnu": "1144012400102280021", "floors": 4, "height": 13.3}}, {"type": "Feature", "geometry": {"type": "Polygon", "coordinates": [[[126.92481076, 37.56520472], [126.92480999, 37.56518265], [126.92481553, 37.56518256], [126.92481465, 37.56515697], [126.92481952, 37.56515688], [126.92481809, 37.56511327], [126.92472991, 37.56511898], [126.92473256, 37.565188], [126.92474795, 37.56518765], [126.9247485, 37.56520594], [126.92481076, 37.56520472]]]}, "properties": {"name": "연남동 223-95", "status": "empty", "capacity": 2, "active": 0, "industry": "", "vacancy_rate": 100.0, "source": "polygon_only", "capacity_method": "floor_approx", "active_pip": 0, "licensed": 0, "id": "1144012400102230095-1", "pnu": "1144012400102230095", "floors": 2, "height": 0.0}}, {"type": "Feature", "geometry": {"type": "Polygon", "coordinates": [[[126.9247872, 37.56220266], [126.92485615, 37.56220428], [126.9248577, 37.56214128], [126.92478696, 37.56214107], [126.9247872, 37.56220266]]]}, "properties": {"name": "연남동 390-100", "status": "full", "capacity": 2, "active": 2, "industry": "기타 간이", "vacancy_rate": 0.0, "vacancy_rate_lo": 0.0, "vacancy_rate_hi": 0.0, "stores": 2, "source": "stores+ledger", "capacity_method": "floor_ouln", "active_pip": 0, "licensed": 1, "com_floors": [1, 2], "occ_floors": [1, 2], "unknown_n": 0, "id": "1144012400103900100-1", "pnu": "1144012400103900100", "floors": 4, "height": 12.5}}, {"type": "Feature", "geometry": {"type": "Polygon", "coordinates": [[[126.92478062, 37.56470161], [126.92486788, 37.56476736], [126.92495434, 37.56468966], [126.92486871, 37.56462416], [126.92478062, 37.56470161]]]}, "properties": {"name": "연남동 223-50", "status": "high", "capacity": 5, "active": 1, "industry": "", "vacancy_rate": 80.0, "source": "pip_only", "capacity_method": "floor_approx", "active_pip": 0, "licensed": 1, "id": "1144012400102230050-1", "pnu": "1144012400102230050", "floors": 5, "height": 16.25}}, {"type": "Feature", "geometry": {"type": "Polygon", "coordinates": [[[126.92504913, 37.56193912], [126.92504999, 37.56197255], [126.92511983, 37.56197224], [126.92511831, 37.56189934], [126.92508426, 37.56189112], [126.92504509, 37.56189272], [126.92504562, 37.56193732], [126.92504913, 37.56193912]]]}, "properties": {"name": "연남동 390-95", "status": "high", "capacity": 4, "active": 1, "industry": "", "vacancy_rate": 75.0, "source": "pip_only", "capacity_method": "floor_approx", "active_pip": 0, "licensed": 1, "id": "1144012400103900095-1", "pnu": "1144012400103900095", "floors": 4, "height": 11.5}}, {"type": "Feature", "geometry": {"type": "Polygon", "coordinates": [[[126.92464551, 37.56519461], [126.92463934, 37.56514649], [126.92460651, 37.56514873], [126.92460203, 37.56510665], [126.92450445, 37.56511325], [126.92451443, 37.56520525], [126.92464551, 37.56519461]]]}, "properties": {"name": "연남동 223-104", "status": "full", "capacity": 1, "active": 1, "industry": "이용·미용", "vacancy_rate": 0.0, "vacancy_rate_lo": 0.0, "vacancy_rate_hi": 0.0, "stores": 1, "source": "stores+ledger", "capacity_method": "floor_ouln", "active_pip": 0, "licensed": 0, "com_floors": [1], "occ_floors": [1], "unknown_n": 0, "id": "1144012400102230104-1", "pnu": "1144012400102230104", "floors": 3, "height": 0.0}}, {"type": "Feature", "geometry": {"type": "Polygon", "coordinates": [[[126.92500005, 37.56399745], [126.92506488, 37.56394042], [126.92502513, 37.56391007], [126.92500445, 37.56392827], [126.92500005, 37.56392444], [126.9249824, 37.56391091], [126.92494038, 37.56394584], [126.9249328, 37.56394007], [126.92489145, 37.56397437], [126.92496633, 37.56402569], [126.92500005, 37.56399745]]]}, "properties": {"name": "피버체이서스", "status": "full", "capacity": 2, "active": 2, "industry": "섬유·의복·신발 소매", "vacancy_rate": 0.0, "vacancy_rate_lo": 0.0, "vacancy_rate_hi": 0.0, "stores": 2, "source": "stores+ledger", "capacity_method": "floor_ouln", "active_pip": 0, "licensed": 2, "com_floors": [1, 2], "occ_floors": [1, 2], "unknown_n": 0, "id": "1144012400102290003-1", "pnu": "1144012400102290003", "floors": 2, "height": 0.0}}, {"type": "Feature", "geometry": {"type": "Polygon", "coordinates": [[[126.92500006, 37.56436574], [126.92503333, 37.56433432], [126.925, 37.56430952], [126.92495758, 37.5642749], [126.92489539, 37.56433513], [126.92485976, 37.56431204], [126.9248234, 37.56434536], [126.92486762, 37.56437683], [126.92483308, 37.56439915], [126.92482086, 37.56438716], [126.92476864, 37.56443001], [126.92475744, 37.56442136], [126.92472085, 37.56445134], [126.92479369, 37.56450337], [126.92483772, 37.56450466], [126.92500006, 37.56436574]]]}, "properties": {"name": "우측호", "status": "full", "capacity": 1, "active": 1, "industry": "이용·미용", "vacancy_rate": 0.0, "vacancy_rate_lo": 0.0, "vacancy_rate_hi": 0.0, "stores": 2, "source": "stores+ledger+pip", "capacity_method": "floor_ouln", "active_pip": 1, "licensed": 0, "com_floors": [1], "occ_floors": [1], "unknown_n": 0, "id": "1144012400102230086-1", "pnu": "1144012400102230086", "floors": 2, "height": 0.0}}, {"type": "Feature", "geometry": {"type": "Polygon", "coordinates": [[[126.92999342, 37.56520043], [126.9300001, 37.56519764], [126.93003282, 37.56518388], [126.93001112, 37.56515305], [126.93000002, 37.56515773], [126.92997036, 37.56517032], [126.92999342, 37.56520043]]]}, "properties": {"name": "브라운스톤연희", "status": "high", "capacity": 23, "active": 9, "industry": "한식", "vacancy_rate": 60.9, "vacancy_rate_lo": null, "vacancy_rate_hi": null, "stores": 9, "source": "stores+ledger", "capacity_method": "expos_units", "active_pip": 0, "licensed": 4, "com_floors": null, "occ_floors": null, "unknown_n": null, "id": "1141011700101940030-2", "pnu": "1141011700101940030", "floors": 0, "height": 0.0}}, {"type": "Feature", "geometry": {"type": "Polygon", "coordinates": [[[126.9300219, 37.56524108], [126.9300621, 37.56522048], [126.93003791, 37.56519055], [126.93000009, 37.56520629], [126.92999647, 37.56520782], [126.93000009, 37.56521251], [126.9300219, 37.56524108]]]}, "properties": {"name": "브라운스톤연희", "status": "high", "capacity": 23, "active": 9, "industry": "한식", "vacancy_rate": 60.9, "vacancy_rate_lo": null, "vacancy_rate_hi": null, "stores": 9, "source": "stores+ledger", "capacity_method": "expos_units", "active_pip": 0, "licensed": 4, "com_floors": null, "occ_floors": null, "unknown_n": null, "id": "1141011700101940030-3", "pnu": "1141011700101940030", "floors": 0, "height": 0.0}}, {"type": "Feature", "geometry": {"type": "Polygon", "coordinates": [[[126.9301747, 37.56415502], [126.93018726, 37.56416151], [126.93021928, 37.56417622], [126.93036273, 37.56400214], [126.93027494, 37.56395803], [126.93013273, 37.56413111], [126.93014054, 37.56413328], [126.93016452, 37.5641452], [126.9301747, 37.56415502]]]}, "properties": {"name": "연희동 337-17", "status": "empty", "capacity": 3, "active": 0, "industry": "", "vacancy_rate": 100.0, "source": "polygon_only", "capacity_method": "floor_approx", "active_pip": 0, "licensed": 0, "id": "1141011700103370017-1", "pnu": "1141011700103370017", "floors": 3, "height": 0.0}}, {"type": "Feature", "geometry": {"type": "Polygon", "coordinates": [[[126.93003976, 37.56598982], [126.93000008, 37.56594096], [126.92996029, 37.56588832], [126.92980979, 37.56596446], [126.92981182, 37.56596833], [126.92980401, 37.56597237], [126.92986709, 37.56605504], [126.92993956, 37.56601615], [126.92994827, 37.56602346], [126.92997157, 37.56605429], [126.9300001, 37.56603953], [126.93005605, 37.56601109], [126.93003976, 37.56598982]]]}, "properties": {"name": "인사이드빌딩", "status": "partial", "capacity": 10, "active": 8, "industry": "의원", "vacancy_rate": 20.0, "vacancy_rate_lo": null, "vacancy_rate_hi": null, "stores": 8, "source": "stores+ledger", "capacity_method": "expos_units", "active_pip": 0, "licensed": 1, "com_floors": null, "occ_floors": null, "unknown_n": null, "id": "1141011700101880007-1", "pnu": "1141011700101880007", "floors": 6, "height": 22.0}}, {"type": "Feature", "geometry": {"type": "Polygon", "coordinates": [[[126.92991461, 37.56356621], [126.92991709, 37.56356292], [126.92991865, 37.56356372], [126.92992223, 37.56355978], [126.92993013, 37.5635646], [126.92996174, 37.56353684], [126.92999312, 37.56350466], [126.92995469, 37.56348169], [126.92988634, 37.56354645], [126.92987199, 37.56353787], [126.92988008, 37.5635294], [126.92985701, 37.56351552], [126.92973754, 37.56364248], [126.92977992, 37.56366763], [126.92978856, 37.5636653], [126.92979619, 37.56366114], [126.92980198, 37.56365632], [126.92980612, 37.56365047], [126.92980833, 37.56364434], [126.9298041, 37.56364166], [126.92981105, 37.56363451], [126.92982218, 37.56364154], [126.92982551, 37.56363842], [126.92983129, 37.56364176], [126.92987491, 37.56360932], [126.92989745, 37.56359092], [126.9299206, 37.56356988], [126.92991461, 37.56356621]]]}, "properties": {"name": "연희동 334-39", "status": "empty", "capacity": 4, "active": 0, "industry": "", "vacancy_rate": 100.0, "source": "polygon_only", "capacity_method": "floor_approx", "active_pip": 0, "licensed": 0, "id": "1141011700103340039-1", "pnu": "1141011700103340039", "floors": 4, "height": 13.3}}, {"type": "Feature", "geometry": {"type": "Polygon", "coordinates": [[[126.92921493, 37.56194323], [126.92919784, 37.56195952], [126.92921819, 37.56197765], [126.92920267, 37.56199403], [126.92925685, 37.56202398], [126.92924156, 37.56204001], [126.9293023, 37.56207708], [126.92934885, 37.56204215], [126.92938472, 37.56205965], [126.92941633, 37.56202038], [126.92932414, 37.56196311], [126.92936141, 37.56192737], [126.92945939, 37.56196842], [126.92956597, 37.56189487], [126.92947775, 37.56183021], [126.92947208, 37.56183435], [126.92937006, 37.56175546], [126.92921758, 37.56189106], [126.92923795, 37.56191261], [126.92920328, 37.56193466], [126.92921493, 37.56194323]]]}, "properties": {"name": "대우아파트", "status": "partial", "capacity": 3, "active": 2, "industry": "세탁", "vacancy_rate": 33.3, "vacancy_rate_lo": null, "vacancy_rate_hi": null, "stores": 2, "source": "stores+ledger", "capacity_method": "expos_units", "active_pip": 0, "licensed": 0, "com_floors": null, "occ_floors": null, "unknown_n": null, "id": "1141011700107390000-12", "pnu": "1141011700107390000", "floors": 22, "height": 71.1}}, {"type": "Feature", "geometry": {"type": "Polygon", "coordinates": [[[126.9277618, 37.56204091], [126.92772908, 37.56205432], [126.92775247, 37.56209091], [126.92778644, 37.56207679], [126.9277618, 37.56204091]]]}, "properties": {"name": "연희동 353-89", "status": "full", "capacity": 3, "active": 3, "industry": "종합 소매", "vacancy_rate": 0.0, "vacancy_rate_lo": 0.0, "vacancy_rate_hi": 66.7, "stores": 3, "source": "stores+ledger", "capacity_method": "floor_ouln", "active_pip": 0, "licensed": 0, "com_floors": [1, 2, 3], "occ_floors": [2], "unknown_n": 2, "id": "1141011700103530089-1", "pnu": "1141011700103530089", "floors": 0, "height": 0.0}}, {"type": "Feature", "geometry": {"type": "Polygon", "coordinates": [[[126.9276261, 37.56202767], [126.92757775, 37.56204873], [126.92764976, 37.56214914], [126.92770513, 37.56212476], [126.92770162, 37.56212007], [126.92775416, 37.56209911], [126.92768283, 37.56199789], [126.92762316, 37.56202353], [126.9276261, 37.56202767]]]}, "properties": {"name": "연희동 353-89", "status": "full", "capacity": 3, "active": 3, "industry": "종합 소매", "vacancy_rate": 0.0, "vacancy_rate_lo": 0.0, "vacancy_rate_hi": 66.7, "stores": 3, "source": "stores+ledger", "capacity_method": "floor_ouln", "active_pip": 0, "licensed": 0, "com_floors": [1, 2, 3], "occ_floors": [2], "unknown_n": 2, "id": "1141011700103530089-2", "pnu": "1141011700103530089", "floors": 3, "height": 0.0}}, {"type": "Feature", "geometry": {"type": "Polygon", "coordinates": [[[126.92772664, 37.56152742], [126.92759978, 37.56151806], [126.92758154, 37.56164878], [126.92769924, 37.56165606], [126.92770095, 37.56164183], [126.92772596, 37.56164319], [126.92773475, 37.56157004], [126.92773714, 37.56155679], [126.92772197, 37.56155643], [126.92772664, 37.56152742]]]}, "properties": {"name": "창천동 438", "status": "full", "capacity": 1, "active": 1, "industry": "한식", "vacancy_rate": 0.0, "vacancy_rate_lo": 0.0, "vacancy_rate_hi": 0.0, "stores": 1, "source": "stores+ledger", "capacity_method": "floor_ouln", "active_pip": 0, "licensed": 1, "com_floors": [1], "occ_floors": [1], "unknown_n": 0, "id": "1141011600104380000-1", "pnu": "1141011600104380000", "floors": 4, "height": 0.0}}, {"type": "Feature", "geometry": {"type": "Polygon", "coordinates": [[[126.92727909, 37.5616621], [126.92734498, 37.56164791], [126.92732679, 37.56162321], [126.92735894, 37.56161675], [126.92736089, 37.56157683], [126.92724588, 37.56161172], [126.92727909, 37.5616621]]]}, "properties": {"name": "창천동 445", "status": "full", "capacity": 2, "active": 2, "industry": "서양식", "vacancy_rate": 0.0, "vacancy_rate_lo": 0.0, "vacancy_rate_hi": 0.0, "stores": 2, "source": "stores+ledger", "capacity_method": "floor_ouln", "active_pip": 0, "licensed": 2, "com_floors": [1, 2], "occ_floors": [1, 2], "unknown_n": 0, "id": "1141011600104450000-1", "pnu": "1141011600104450000", "floors": 2, "height": 0.0}}, {"type": "Feature", "geometry": {"type": "Polygon", "coordinates": [[[126.92709425, 37.56318612], [126.92710161, 37.56318342], [126.92710489, 37.5631873], [126.92723986, 37.56313603], [126.92719851, 37.56306068], [126.92708007, 37.56310529], [126.9271003, 37.56313774], [126.92707188, 37.56314826], [126.92709425, 37.56318612]]]}, "properties": {"name": "연남동 226-44", "status": "high", "capacity": 3, "active": 1, "industry": "기타 교육", "vacancy_rate": 66.7, "vacancy_rate_lo": 66.7, "vacancy_rate_hi": 100.0, "stores": 1, "source": "stores+ledger", "capacity_method": "floor_ouln", "active_pip": 0, "licensed": 0, "com_floors": [1, 2, 3], "occ_floors": [], "unknown_n": 1, "id": "1144012400102260044-1", "pnu": "1144012400102260044", "floors": 2, "height": 7.55}}, {"type": "Feature", "geometry": {"type": "Polygon", "coordinates": [[[126.92702766, 37.561839], [126.92698517, 37.56177365], [126.92688983, 37.56181341], [126.92689706, 37.56182585], [126.92688641, 37.56183558], [126.92690111, 37.56185622], [126.92694123, 37.56191283], [126.92695867, 37.56190446], [126.92700308, 37.56186241], [126.92702766, 37.561839]]]}, "properties": {"name": "연남동 227-2", "status": "partial", "capacity": 4, "active": 3, "industry": "비알코올 ", "vacancy_rate": 25.0, "vacancy_rate_lo": 25.0, "vacancy_rate_hi": 25.0, "stores": 3, "source": "stores+ledger", "capacity_method": "floor_ouln", "active_pip": 0, "licensed": 2, "com_floors": [1, 2, 3, 4], "occ_floors": [1, 2, 3], "unknown_n": 0, "id": "1144012400102270002-1", "pnu": "1144012400102270002", "floors": 4, "height": 15.0}}, {"type": "Feature", "geometry": {"type": "Polygon", "coordinates": [[[126.92684472, 37.56163778], [126.92683546, 37.5616248], [126.92677238, 37.56165351], [126.92683038, 37.56173652], [126.92687778, 37.5617461], [126.92688795, 37.56176332], [126.92687392, 37.56176926], [126.92689472, 37.56179747], [126.92697726, 37.5617622], [126.92691328, 37.56166513], [126.92687516, 37.56164609], [126.9268644, 37.56165077], [126.92685186, 37.56163491], [126.92684472, 37.56163778]]]}, "properties": {"name": "연남빌딩", "status": "full", "capacity": 2, "active": 2, "industry": "식료품 소매", "vacancy_rate": 0.0, "vacancy_rate_lo": 0.0, "vacancy_rate_hi": 0.0, "stores": 1, "source": "stores+ledger", "capacity_method": "floor_ouln", "active_pip": 0, "licensed": 0, "com_floors": [1, 2], "occ_floors": [1, 2], "unknown_n": 0, "id": "1144012400103830093-1", "pnu": "1144012400103830093", "floors": 5, "height": 0.0}}, {"type": "Feature", "geometry": {"type": "Polygon", "coordinates": [[[126.92666325, 37.56307476], [126.92665362, 37.56308341], [126.92670814, 37.56311849], [126.92678211, 37.56305285], [126.92670634, 37.56299342], [126.92666873, 37.56302196], [126.92667936, 37.56303243], [126.92664492, 37.56306267], [126.92666325, 37.56307476]]]}, "properties": {"name": "명칭없음", "status": "high", "capacity": 3, "active": 1, "industry": "한식", "vacancy_rate": 66.7, "vacancy_rate_lo": null, "vacancy_rate_hi": null, "stores": 1, "source": "stores+ledger", "capacity_method": "expos_units", "active_pip": 0, "licensed": 1, "com_floors": null, "occ_floors": null, "unknown_n": null, "id": "1144012400102260022-1", "pnu": "1144012400102260022", "floors": 4, "height": 11.95}}, {"type": "Feature", "geometry": {"type": "Polygon", "coordinates": [[[126.92816422, 37.5644507], [126.92810009, 37.56441128], [126.92792312, 37.56458389], [126.92780882, 37.56469527], [126.92787565, 37.56473847], [126.92816422, 37.5644507]]]}, "properties": {"name": "연희동 218-13", "status": "empty", "capacity": 2, "active": 0, "industry": "", "vacancy_rate": 100.0, "source": "polygon_only", "capacity_method": "floor_approx", "active_pip": 0, "licensed": 0, "id": "1141011700102180013-1", "pnu": "1141011700102180013", "floors": 2, "height": 0.0}}, {"type": "Feature", "geometry": {"type": "Polygon", "coordinates": [[[126.92687422, 37.56563003], [126.92697899, 37.56554584], [126.92692663, 37.56550473], [126.92694996, 37.56548618], [126.92689375, 37.56544137], [126.92676733, 37.56554518], [126.92687422, 37.56563003]]]}, "properties": {"name": "임광아파트", "status": "high", "capacity": 8, "active": 1, "industry": "비알코올 ", "vacancy_rate": 87.5, "vacancy_rate_lo": null, "vacancy_rate_hi": null, "stores": 1, "source": "stores+ledger", "capacity_method": "expos_units", "active_pip": 0, "licensed": 1, "com_floors": null, "occ_floors": null, "unknown_n": null, "id": "1141011700107380000-10", "pnu": "1141011700107380000", "floors": 3, "height": 11.7}}, {"type": "Feature", "geometry": {"type": "Polygon", "coordinates": [[[126.92589977, 37.56596567], [126.92563659, 37.56598497], [126.92564511, 37.56607066], [126.92590932, 37.56605226], [126.92589977, 37.56596567]]]}, "properties": {"name": "일부호", "status": "full", "capacity": 4, "active": 4, "industry": "오락용품 소매", "vacancy_rate": 0.0, "vacancy_rate_lo": 0.0, "vacancy_rate_hi": 50.0, "stores": 3, "source": "stores+ledger", "capacity_method": "floor_ouln", "active_pip": 0, "licensed": 0, "com_floors": [1, 2, 3, 4], "occ_floors": [1, 3], "unknown_n": 2, "id": "1141011700102200013-1", "pnu": "1141011700102200013", "floors": 4, "height": 0.0}}, {"type": "Feature", "geometry": {"type": "Polygon", "coordinates": [[[126.92833971, 37.56594276], [126.9283465, 37.56593655], [126.9282791, 37.565882], [126.92820467, 37.5659443], [126.92826507, 37.56598984], [126.9282895, 37.56600562], [126.92829629, 37.56600977], [126.92836255, 37.56596016], [126.92833971, 37.56594276]]]}, "properties": {"name": "연희동 192-25", "status": "partial", "capacity": 2, "active": 1, "industry": "자동차 수리·세차", "vacancy_rate": 50.0, "vacancy_rate_lo": 50.0, "vacancy_rate_hi": 100.0, "stores": 1, "source": "stores+ledger", "capacity_method": "floor_ouln", "active_pip": 0, "licensed": 0, "com_floors": [1, 2], "occ_floors": [], "unknown_n": 1, "id": "1141011700101920025-1", "pnu": "1141011700101920025", "floors": 2, "height": 0.0}}, {"type": "Feature", "geometry": {"type": "Polygon", "coordinates": [[[126.9287001, 37.56570583], [126.9285479, 37.56578476], [126.92856599, 37.56580747], [126.92857505, 37.56580225], [126.92861846, 37.56586003], [126.92865085, 37.56584176], [126.92864768, 37.56583879], [126.92869038, 37.56581512], [126.92870688, 37.56583612], [126.9287754, 37.56579661], [126.9287001, 37.56570583]]]}, "properties": {"name": "연희동 193-16", "status": "full", "capacity": 5, "active": 5, "industry": "스포츠 서비스", "vacancy_rate": 0.0, "vacancy_rate_lo": 0.0, "vacancy_rate_hi": 0.0, "stores": 2, "source": "stores+ledger", "capacity_method": "floor_ouln", "active_pip": 0, "licensed": 2, "com_floors": [1, 2, 3, 4, 5], "occ_floors": [1, 2, 3, 4, 5], "unknown_n": 0, "id": "1141011700101930016-1", "pnu": "1141011700101930016", "floors": 5, "height": 16.1}}, {"type": "Feature", "geometry": {"type": "Polygon", "coordinates": [[[126.92928097, 37.56560086], [126.92919616, 37.56563351], [126.92927754, 37.56575808], [126.92936507, 37.56572272], [126.92928097, 37.56560086]]]}, "properties": {"name": "연희동 193-13", "status": "full", "capacity": 1, "active": 1, "industry": "한식", "vacancy_rate": 0.0, "vacancy_rate_lo": 0.0, "vacancy_rate_hi": 0.0, "stores": 3, "source": "stores+ledger", "capacity_method": "floor_ouln", "active_pip": 0, "licensed": 1, "com_floors": [1], "occ_floors": [1], "unknown_n": 0, "id": "1141011700101930013-1", "pnu": "1141011700101930013", "floors": 5, "height": 0.0}}, {"type": "Feature", "geometry": {"type": "Polygon", "coordinates": [[[126.92832282, 37.5660318], [126.92841383, 37.56609943], [126.92845602, 37.56605987], [126.92844493, 37.56605067], [126.92850746, 37.56599686], [126.92843223, 37.56594225], [126.92842081, 37.56595304], [126.92841974, 37.56595067], [126.92839731, 37.56596944], [126.92839685, 37.56597065], [126.92832282, 37.5660318]]]}, "properties": {"name": "연희동 192-21", "status": "empty", "capacity": 4, "active": 0, "industry": "", "vacancy_rate": 100.0, "source": "polygon_only", "capacity_method": "floor_approx", "active_pip": 0, "licensed": 0, "id": "1141011700101920021-1", "pnu": "1141011700101920021", "floors": 4, "height": 16.0}}, {"type": "Feature", "geometry": {"type": "Polygon", "coordinates": [[[126.92597444, 37.56540743], [126.92600344, 37.56546582], [126.92600449, 37.5654655], [126.92601267, 37.56548194], [126.92606503, 37.5654404], [126.92605893, 37.56543553], [126.92612944, 37.56537958], [126.92611088, 37.56536476], [126.92608285, 37.56536217], [126.92597444, 37.56540743]]]}, "properties": {"name": "전부", "status": "partial", "capacity": 2, "active": 1, "industry": "비알코올 ", "vacancy_rate": 50.0, "vacancy_rate_lo": 50.0, "vacancy_rate_hi": 50.0, "stores": 1, "source": "stores+ledger", "capacity_method": "floor_ouln", "active_pip": 0, "licensed": 0, "com_floors": [1, 2], "occ_floors": [1], "unknown_n": 0, "id": "1141011700102200040-1", "pnu": "1141011700102200040", "floors": 5, "height": 13.7}}, {"type": "Feature", "geometry": {"type": "Polygon", "coordinates": [[[126.92653179, 37.56346025], [126.92666302, 37.56352596], [126.92672278, 37.5634502], [126.9265949, 37.56338372], [126.92653179, 37.56346025]]]}, "properties": {"name": "연남동 224-67", "status": "partial", "capacity": 5, "active": 4, "industry": "기타 교육", "vacancy_rate": 20.0, "vacancy_rate_lo": 20.0, "vacancy_rate_hi": 20.0, "stores": 5, "source": "stores+ledger", "capacity_method": "floor_ouln", "active_pip": 0, "licensed": 0, "com_floors": [1, 2, 3, 4, 5], "occ_floors": [1, 3, 4, 5], "unknown_n": 0, "id": "1144012400102240067-1", "pnu": "1144012400102240067", "floors": 5, "height": 18.37}}, {"type": "Feature", "geometry": {"type": "Polygon", "coordinates": [[[126.9249779, 37.56388325], [126.92490133, 37.56383004], [126.92486191, 37.56386651], [126.9248739, 37.5638748], [126.92480252, 37.56394089], [126.9248739, 37.56397797], [126.9249779, 37.56388325]]]}, "properties": {"name": "연남동 229-4", "status": "empty", "capacity": 3, "active": 0, "industry": "", "vacancy_rate": 100.0, "source": "polygon_only", "capacity_method": "floor_approx", "active_pip": 0, "licensed": 0, "id": "1144012400102290004-1", "pnu": "1144012400102290004", "floors": 3, "height": 8.9}}, {"type": "Feature", "geometry": {"type": "Polygon", "coordinates": [[[126.92481609, 37.56406109], [126.9247652, 37.56402294], [126.92468986, 37.56408858], [126.92469642, 37.56409381], [126.92466776, 37.56411803], [126.92476763, 37.56419296], [126.92483934, 37.56413237], [126.92482656, 37.56412281], [126.92483868, 37.56411264], [126.92481956, 37.5640983], [126.92482217, 37.56409614], [126.92479695, 37.5640772], [126.92481609, 37.56406109]]]}, "properties": {"name": "연남동 239-4", "status": "full", "capacity": 1, "active": 1, "industry": "섬유·의복·신발 소매", "vacancy_rate": 0.0, "vacancy_rate_lo": 0.0, "vacancy_rate_hi": 0.0, "stores": 4, "source": "stores+ledger", "capacity_method": "floor_ouln", "active_pip": 0, "licensed": 1, "com_floors": [1], "occ_floors": [1], "unknown_n": 0, "id": "1144012400102390004-1", "pnu": "1144012400102390004", "floors": 1, "height": 5.7}}, {"type": "Feature", "geometry": {"type": "Polygon", "coordinates": [[[126.92477971, 37.56523798], [126.92472776, 37.56523738], [126.92472423, 37.56525827], [126.92470374, 37.56525934], [126.92470821, 37.56531277], [126.92477533, 37.56530921], [126.92477971, 37.56523798]]]}, "properties": {"name": "연남동 223-27", "status": "empty", "capacity": 1, "active": 0, "industry": "", "vacancy_rate": 100.0, "source": "polygon_only", "capacity_method": "floor_approx", "active_pip": 0, "licensed": 0, "id": "1144012400102230027-1", "pnu": "1144012400102230027", "floors": 1, "height": 3.0}}, {"type": "Feature", "geometry": {"type": "Polygon", "coordinates": [[[126.92670915, 37.56369774], [126.92670315, 37.56370044], [126.92667771, 37.56367943], [126.92664825, 37.56370518], [126.92664113, 37.56370112], [126.92660759, 37.5637366], [126.92668461, 37.56379305], [126.9267579, 37.56373741], [126.92670915, 37.56369774]]]}, "properties": {"name": "연남동 224-11", "status": "partial", "capacity": 2, "active": 1, "industry": "", "vacancy_rate": 50.0, "source": "pip_only", "capacity_method": "floor_approx", "active_pip": 0, "licensed": 1, "id": "1144012400102240011-1", "pnu": "1144012400102240011", "floors": 2, "height": 0.0}}, {"type": "Feature", "geometry": {"type": "Polygon", "coordinates": [[[126.92560612, 37.56384445], [126.92556568, 37.56387677], [126.92555256, 37.56386838], [126.92550985, 37.56390575], [126.92560871, 37.56398204], [126.92571258, 37.56390498], [126.92570703, 37.56389903], [126.92571621, 37.56388741], [126.92564314, 37.56383565], [126.92562332, 37.56385374], [126.92560612, 37.56384445]]]}, "properties": {"name": "연남동 225-47", "status": "partial", "capacity": 2, "active": 1, "industry": "식료품 소매", "vacancy_rate": 50.0, "vacancy_rate_lo": 50.0, "vacancy_rate_hi": 50.0, "stores": 1, "source": "stores+ledger", "capacity_method": "floor_ouln", "active_pip": 0, "licensed": 0, "com_floors": [1, 2], "occ_floors": [2], "unknown_n": 0, "id": "1144012400102250047-1", "pnu": "1144012400102250047", "floors": 4, "height": 14.3}}, {"type": "Feature", "geometry": {"type": "Polygon", "coordinates": [[[126.92597912, 37.56403074], [126.92605568, 37.56397547], [126.92598523, 37.56391451], [126.92590277, 37.56397411], [126.92595196, 37.56401901], [126.92596023, 37.56401379], [126.92597912, 37.56403074]]]}, "properties": {"name": "연남동 225-15", "status": "full", "capacity": 3, "active": 3, "industry": "이용·미용", "vacancy_rate": 0.0, "vacancy_rate_lo": 0.0, "vacancy_rate_hi": 0.0, "stores": 1, "source": "stores+ledger", "capacity_method": "floor_ouln", "active_pip": 0, "licensed": 1, "com_floors": [1, 2, 3], "occ_floors": [1, 2, 3], "unknown_n": 0, "id": "1144012400102250015-1", "pnu": "1144012400102250015", "floors": 4, "height": 12.4}}, {"type": "Feature", "geometry": {"type": "Polygon", "coordinates": [[[126.926139, 37.56419311], [126.92615508, 37.56418158], [126.92616447, 37.56418826], [126.9262407, 37.56413461], [126.92617963, 37.56407907], [126.92608404, 37.56414613], [126.926139, 37.56419311]]]}, "properties": {"name": "연남동 225-13", "status": "full", "capacity": 1, "active": 1, "industry": "주점", "vacancy_rate": 0.0, "vacancy_rate_lo": 0.0, "vacancy_rate_hi": 0.0, "stores": 1, "source": "stores+ledger", "capacity_method": "floor_ouln", "active_pip": 0, "licensed": 1, "com_floors": [1], "occ_floors": [1], "unknown_n": 0, "id": "1144012400102250013-1", "pnu": "1144012400102250013", "floors": 4, "height": 10.67}}, {"type": "Feature", "geometry": {"type": "Polygon", "coordinates": [[[126.92508898, 37.56463195], [126.92517994, 37.56455732], [126.92510778, 37.56450655], [126.92505635, 37.5645512], [126.92504628, 37.56454354], [126.92500981, 37.56457406], [126.92508898, 37.56463195]]]}, "properties": {"name": "일부", "status": "full", "capacity": 4, "active": 4, "industry": "이용·미용", "vacancy_rate": 0.0, "vacancy_rate_lo": 0.0, "vacancy_rate_hi": 0.0, "stores": 4, "source": "stores+ledger", "capacity_method": "floor_ouln", "active_pip": 0, "licensed": 0, "com_floors": [1, 2, 3, 4], "occ_floors": [1, 2, 3, 4], "unknown_n": 0, "id": "1144012400102230080-1", "pnu": "1144012400102230080", "floors": 4, "height": 11.0}}, {"type": "Feature", "geometry": {"type": "Polygon", "coordinates": [[[126.92647431, 37.56391221], [126.92643885, 37.56393841], [126.9264188, 37.56395479], [126.92641699, 37.56395714], [126.9264154, 37.56396118], [126.92641529, 37.56396434], [126.9264163, 37.56396849], [126.92641822, 37.56397128], [126.92642376, 37.56397444], [126.92642852, 37.56397579], [126.92643576, 37.56397624], [126.92644074, 37.56397481], [126.92644448, 37.56397211], [126.92644584, 37.56397355], [126.92645183, 37.5639768], [126.92643235, 37.56399364], [126.92648008, 37.56402799], [126.92651712, 37.56399855], [126.92651645, 37.56398872], [126.92658816, 37.56392498], [126.92651193, 37.56386772], [126.92646526, 37.5639041], [126.92647431, 37.56391221]]]}, "properties": {"name": "연남동 224-23", "status": "full", "capacity": 3, "active": 3, "industry": "이용·미용", "vacancy_rate": 0.0, "vacancy_rate_lo": 0.0, "vacancy_rate_hi": 0.0, "stores": 5, "source": "stores+ledger", "capacity_method": "floor_ouln", "active_pip": 0, "licensed": 1, "com_floors": [1, 2, 4], "occ_floors": [1, 2, 4], "unknown_n": 0, "id": "1144012400102240023-1", "pnu": "1144012400102240023", "floors": 4, "height": 12.75}}, {"type": "Feature", "geometry": {"type": "Polygon", "coordinates": [[[126.92603027, 37.56368767], [126.92609235, 37.56363428], [126.92600413, 37.56356837], [126.9259919, 37.56357899], [126.92599439, 37.56358124], [126.92594103, 37.56362581], [126.92603027, 37.56368767]]]}, "properties": {"name": "연남동 224-35", "status": "full", "capacity": 1, "active": 1, "industry": "중식", "vacancy_rate": 0.0, "vacancy_rate_lo": 0.0, "vacancy_rate_hi": 0.0, "stores": 1, "source": "stores+ledger", "capacity_method": "floor_ouln", "active_pip": 0, "licensed": 1, "com_floors": [1], "occ_floors": [1], "unknown_n": 0, "id": "1144012400102240035-1", "pnu": "1144012400102240035", "floors": 3, "height": 0.0}}, {"type": "Feature", "geometry": {"type": "Polygon", "coordinates": [[[126.92611803, 37.56377386], [126.92616788, 37.56372578], [126.92619858, 37.56369976], [126.92613161, 37.56365314], [126.92608833, 37.56368969], [126.92605039, 37.56372147], [126.92611803, 37.56377386]]]}, "properties": {"name": "연남동 224-33", "status": "full", "capacity": 3, "active": 3, "industry": "섬유·의복·신발 소매", "vacancy_rate": 0.0, "vacancy_rate_lo": 0.0, "vacancy_rate_hi": 33.3, "stores": 5, "source": "stores+ledger", "capacity_method": "floor_ouln", "active_pip": 0, "licensed": 1, "com_floors": [1, 2, 3], "occ_floors": [1, 3], "unknown_n": 1, "id": "1144012400102240033-1", "pnu": "1144012400102240033", "floors": 4, "height": 0.0}}, {"type": "Feature", "geometry": {"type": "Polygon", "coordinates": [[[126.92543499, 37.56395246], [126.92539432, 37.56398947], [126.92540994, 37.56399804], [126.92541005, 37.56399767], [126.92549691, 37.56406675], [126.92552193, 37.56404469], [126.92552601, 37.56404829], [126.92560022, 37.56398185], [126.92552115, 37.56392071], [126.92546587, 37.56397086], [126.92543499, 37.56395246]]]}, "properties": {"name": "연남동 225-46", "status": "empty", "capacity": 4, "active": 0, "industry": "", "vacancy_rate": 100.0, "source": "polygon_only", "capacity_method": "floor_approx", "active_pip": 0, "licensed": 0, "id": "1144012400102250046-1", "pnu": "1144012400102250046", "floors": 4, "height": 14.63}}, {"type": "Feature", "geometry": {"type": "Polygon", "coordinates": [[[126.92658864, 37.56418883], [126.92663611, 37.56423563], [126.92667367, 37.56423342], [126.92670213, 37.56421128], [126.92663874, 37.56415502], [126.92658864, 37.56418883]]]}, "properties": {"name": "연남동 224-18", "status": "partial", "capacity": 4, "active": 3, "industry": "기타 교육", "vacancy_rate": 25.0, "vacancy_rate_lo": 25.0, "vacancy_rate_hi": 25.0, "stores": 5, "source": "stores+ledger", "capacity_method": "floor_ouln", "active_pip": 0, "licensed": 3, "com_floors": [1, 2, 3, 4], "occ_floors": [1, 2, 3], "unknown_n": 0, "id": "1144012400102240018-1", "pnu": "1144012400102240018", "floors": 4, "height": 12.77}}, {"type": "Feature", "geometry": {"type": "Polygon", "coordinates": [[[126.92654289, 37.56382072], [126.92660984, 37.56387319], [126.92668171, 37.56381544], [126.92661534, 37.56376252], [126.92654289, 37.56382072]]]}, "properties": {"name": "서빈빌딩", "status": "partial", "capacity": 2, "active": 1, "industry": "비알코올 ", "vacancy_rate": 50.0, "vacancy_rate_lo": 50.0, "vacancy_rate_hi": 50.0, "stores": 1, "source": "stores+ledger", "capacity_method": "floor_ouln", "active_pip": 0, "licensed": 1, "com_floors": [1, 2], "occ_floors": [1], "unknown_n": 0, "id": "1144012400102240012-1", "pnu": "1144012400102240012", "floors": 2, "height": 7.8}}, {"type": "Feature", "geometry": {"type": "Polygon", "coordinates": [[[126.92726053, 37.56364357], [126.92730269, 37.56359395], [126.9272666, 37.56356951], [126.92727261, 37.56356131], [126.9272242, 37.56353245], [126.92714081, 37.56361574], [126.92722474, 37.56367084], [126.92725533, 37.56364077], [126.92726053, 37.56364357]]]}, "properties": {"name": "연남동 224-51", "status": "full", "capacity": 1, "active": 1, "industry": "한식", "vacancy_rate": 0.0, "vacancy_rate_lo": 0.0, "vacancy_rate_hi": 0.0, "stores": 3, "source": "stores+ledger", "capacity_method": "floor_ouln", "active_pip": 0, "licensed": 2, "com_floors": [1], "occ_floors": [1], "unknown_n": 0, "id": "1144012400102240051-1", "pnu": "1144012400102240051", "floors": 3, "height": 9.0}}, {"type": "Feature", "geometry": {"type": "Polygon", "coordinates": [[[126.92573285, 37.56296701], [126.92581572, 37.56290092], [126.92574387, 37.56284538], [126.92565985, 37.56291454], [126.92573285, 37.56296701]]]}, "properties": {"name": "일부-정면좌측", "status": "full", "capacity": 2, "active": 2, "industry": "한식", "vacancy_rate": 0.0, "vacancy_rate_lo": 0.0, "vacancy_rate_hi": 0.0, "stores": 5, "source": "stores+ledger", "capacity_method": "floor_ouln", "active_pip": 0, "licensed": 4, "com_floors": [1, 2], "occ_floors": [1, 2], "unknown_n": 0, "id": "1144012400103870005-1", "pnu": "1144012400103870005", "floors": 4, "height": 13.79}}, {"type": "Feature", "geometry": {"type": "Polygon", "coordinates": [[[126.92488197, 37.56240551], [126.92494855, 37.56240227], [126.92494259, 37.56233465], [126.92487679, 37.56233784], [126.92488197, 37.56240551]]]}, "properties": {"name": "연남동 390-64", "status": "partial", "capacity": 4, "active": 3, "industry": "이용·미용", "vacancy_rate": 25.0, "vacancy_rate_lo": 25.0, "vacancy_rate_hi": 25.0, "stores": 3, "source": "stores+ledger", "capacity_method": "floor_ouln", "active_pip": 0, "licensed": 1, "com_floors": [1, 2, 3, 4], "occ_floors": [1, 2, 3], "unknown_n": 0, "id": "1144012400103900064-1", "pnu": "1144012400103900064", "floors": 4, "height": 11.9}}, {"type": "Feature", "geometry": {"type": "Polygon", "coordinates": [[[126.92481448, 37.56240908], [126.92487013, 37.56240555], [126.92486396, 37.56233446], [126.92480593, 37.56233941], [126.92481448, 37.56240908]]]}, "properties": {"name": "연남동 390-122", "status": "partial", "capacity": 4, "active": 2, "industry": "이용·미용", "vacancy_rate": 50.0, "vacancy_rate_lo": 50.0, "vacancy_rate_hi": 50.0, "stores": 2, "source": "stores+ledger", "capacity_method": "floor_ouln", "active_pip": 0, "licensed": 0, "com_floors": [1, 2, 3, 4], "occ_floors": [1, 2], "unknown_n": 0, "id": "1144012400103900122-1", "pnu": "1144012400103900122", "floors": 4, "height": 11.0}}, {"type": "Feature", "geometry": {"type": "Polygon", "coordinates": [[[126.9246955, 37.56332752], [126.92477233, 37.56323944], [126.92470908, 37.5632048], [126.92469878, 37.56321669], [126.92468418, 37.56320866], [126.92464589, 37.56325296], [126.9246245, 37.56324134], [126.92459255, 37.56327826], [126.9246955, 37.56332752]]]}, "properties": {"name": "연남동 229-30", "status": "full", "capacity": 1, "active": 1, "industry": "장식품 소매", "vacancy_rate": 0.0, "vacancy_rate_lo": 0.0, "vacancy_rate_hi": 0.0, "stores": 2, "source": "stores+ledger", "capacity_method": "floor_ouln", "active_pip": 0, "licensed": 0, "com_floors": [1], "occ_floors": [1], "unknown_n": 0, "id": "1144012400102290030-1", "pnu": "1144012400102290030", "floors": 1, "height": 0.0}}, {"type": "Feature", "geometry": {"type": "Polygon", "coordinates": [[[126.9253578, 37.5629405], [126.92534094, 37.5629277], [126.92534786, 37.56292166], [126.92533332, 37.56284318], [126.92532857, 37.56284056], [126.92526241, 37.56289927], [126.92534011, 37.56295527], [126.9253578, 37.5629405]]]}, "properties": {"name": "연남동 228-24", "status": "partial", "capacity": 3, "active": 2, "industry": "이용·미용", "vacancy_rate": 33.3, "vacancy_rate_lo": 33.3, "vacancy_rate_hi": 33.3, "stores": 1, "source": "stores+ledger", "capacity_method": "floor_ouln", "active_pip": 0, "licensed": 1, "com_floors": [1, 2, 3], "occ_floors": [1, 3], "unknown_n": 0, "id": "1144012400102280024-1", "pnu": "1144012400102280024", "floors": 4, "height": 11.4}}, {"type": "Feature", "geometry": {"type": "Polygon", "coordinates": [[[126.9249623, 37.56260959], [126.92503795, 37.56267973], [126.92511575, 37.56262655], [126.92504068, 37.56255876], [126.9249623, 37.56260959]]]}, "properties": {"name": "미소빌딩", "status": "partial", "capacity": 4, "active": 2, "industry": "이용·미용", "vacancy_rate": 50.0, "vacancy_rate_lo": 50.0, "vacancy_rate_hi": 50.0, "stores": 2, "source": "stores+ledger", "capacity_method": "floor_ouln", "active_pip": 0, "licensed": 1, "com_floors": [1, 2, 4, 5], "occ_floors": [1, 2], "unknown_n": 0, "id": "1144012400102280034-1", "pnu": "1144012400102280034", "floors": 5, "height": 14.3}}, {"type": "Feature", "geometry": {"type": "Polygon", "coordinates": [[[126.92566083, 37.56247262], [126.92569666, 37.56249466], [126.92570339, 37.5624903], [126.92574214, 37.56251301], [126.92574605, 37.56250899], [126.92576484, 37.56251726], [126.92582437, 37.56245596], [126.9258126, 37.56242622], [126.92575857, 37.56239298], [126.92571726, 37.56243801], [126.92570634, 37.56243031], [126.92566083, 37.56247262]]]}, "properties": {"name": "연남동 387-38", "status": "full", "capacity": 3, "active": 3, "industry": "주점", "vacancy_rate": 0.0, "vacancy_rate_lo": 0.0, "vacancy_rate_hi": 0.0, "stores": 3, "source": "stores+ledger", "capacity_method": "floor_ouln", "active_pip": 0, "licensed": 2, "com_floors": [1, 2, 3], "occ_floors": [1, 2, 3], "unknown_n": 0, "id": "1144012400103870038-1", "pnu": "1144012400103870038", "floors": 4, "height": 12.4}}, {"type": "Feature", "geometry": {"type": "Polygon", "coordinates": [[[126.9256418, 37.56291185], [126.92556702, 37.56298785], [126.92567686, 37.56305567], [126.9257283, 37.56299939], [126.92569957, 37.56298163], [126.92570433, 37.56297478], [126.92567447, 37.56295539], [126.92568648, 37.56294134], [126.9256418, 37.56291185]]]}, "properties": {"name": "維豪-위호", "status": "full", "capacity": 3, "active": 3, "industry": "한식", "vacancy_rate": 0.0, "vacancy_rate_lo": 0.0, "vacancy_rate_hi": 33.3, "stores": 5, "source": "stores+ledger", "capacity_method": "floor_ouln", "active_pip": 0, "licensed": 3, "com_floors": [1, 2, 3], "occ_floors": [1, 3], "unknown_n": 1, "id": "1144012400103870004-1", "pnu": "1144012400103870004", "floors": 2, "height": 0.0}}, {"type": "Feature", "geometry": {"type": "Polygon", "coordinates": [[[126.92553058, 37.56207079], [126.92553672, 37.56204394], [126.92554544, 37.56204566], [126.92555, 37.56201152], [126.92539643, 37.56198826], [126.92538075, 37.56205294], [126.92553058, 37.56207079]]]}, "properties": {"name": "연남동 390-59", "status": "full", "capacity": 4, "active": 4, "industry": "주점", "vacancy_rate": 0.0, "vacancy_rate_lo": 0.0, "vacancy_rate_hi": 0.0, "stores": 4, "source": "stores+ledger", "capacity_method": "floor_ouln", "active_pip": 0, "licensed": 4, "com_floors": [1, 2, 3, 4], "occ_floors": [1, 2, 3, 4], "unknown_n": 0, "id": "1144012400103900059-1", "pnu": "1144012400103900059", "floors": 4, "height": 14.72}}, {"type": "Feature", "geometry": {"type": "Polygon", "coordinates": [[[126.9252432, 37.56219432], [126.92515627, 37.56219877], [126.92516015, 37.56227599], [126.92524369, 37.56227153], [126.92524338, 37.56224414], [126.92526737, 37.56224299], [126.92526605, 37.56220379], [126.92524432, 37.56220567], [126.9252432, 37.56219432]]]}, "properties": {"name": "연남동 390-74", "status": "full", "capacity": 2, "active": 2, "industry": "한식", "vacancy_rate": 0.0, "vacancy_rate_lo": 0.0, "vacancy_rate_hi": 0.0, "stores": 3, "source": "stores+ledger", "capacity_method": "floor_ouln", "active_pip": 0, "licensed": 2, "com_floors": [1, 2], "occ_floors": [1, 2], "unknown_n": 0, "id": "1144012400103900074-1", "pnu": "1144012400103900074", "floors": 4, "height": 10.9}}, {"type": "Feature", "geometry": {"type": "Polygon", "coordinates": [[[126.9261357, 37.56214965], [126.92614525, 37.56221768], [126.92624758, 37.56220747], [126.92626571, 37.56218892], [126.92625806, 37.56214089], [126.9261357, 37.56214965]]]}, "properties": {"name": "연남동 384-2", "status": "full", "capacity": 4, "active": 4, "industry": "섬유·의복·신발 소매", "vacancy_rate": 0.0, "vacancy_rate_lo": 0.0, "vacancy_rate_hi": 25.0, "stores": 2, "source": "stores+ledger", "capacity_method": "floor_ouln", "active_pip": 0, "licensed": 2, "com_floors": [1, 2, 3, 4], "occ_floors": [1, 3, 4], "unknown_n": 1, "id": "1144012400103840002-1", "pnu": "1144012400103840002", "floors": 4, "height": 12.28}}, {"type": "Feature", "geometry": {"type": "Polygon", "coordinates": [[[126.92620128, 37.56186741], [126.92619665, 37.56186074], [126.92620696, 37.56184831], [126.92613015, 37.5618088], [126.92606873, 37.56188093], [126.92612552, 37.56190826], [126.9261407, 37.56189269], [126.92614613, 37.56189503], [126.92615146, 37.56188774], [126.92616254, 37.56189567], [126.92618065, 37.56189361], [126.92620128, 37.56186741]]]}, "properties": {"name": "우측호", "status": "full", "capacity": 1, "active": 1, "industry": "주점", "vacancy_rate": 0.0, "vacancy_rate_lo": 0.0, "vacancy_rate_hi": 0.0, "stores": 3, "source": "stores+ledger", "capacity_method": "floor_ouln", "active_pip": 0, "licensed": 2, "com_floors": [1], "occ_floors": [1], "unknown_n": 0, "id": "1144012400103900030-1", "pnu": "1144012400103900030", "floors": 3, "height": 9.1}}, {"type": "Feature", "geometry": {"type": "Polygon", "coordinates": [[[126.92529327, 37.56271431], [126.9253289, 37.5627365], [126.92531349, 37.5627528], [126.92535105, 37.56277472], [126.92535886, 37.56277823], [126.92544972, 37.56268639], [126.925365, 37.56263516], [126.92534778, 37.56264975], [126.92534473, 37.56264803], [126.92528751, 37.56271079], [126.92529327, 37.56271431]]]}, "properties": {"name": "연남동 387-19", "status": "full", "capacity": 2, "active": 2, "industry": "한식", "vacancy_rate": 0.0, "vacancy_rate_lo": 0.0, "vacancy_rate_hi": 50.0, "stores": 4, "source": "stores+ledger", "capacity_method": "floor_ouln", "active_pip": 0, "licensed": 3, "com_floors": [1, 2], "occ_floors": [1], "unknown_n": 1, "id": "1144012400103870019-1", "pnu": "1144012400103870019", "floors": 4, "height": 13.69}}, {"type": "Feature", "geometry": {"type": "Polygon", "coordinates": [[[126.92553979, 37.56260095], [126.92545744, 37.56254981], [126.92544079, 37.56256692], [126.92541972, 37.56258618], [126.92541338, 37.56258221], [126.92537384, 37.56262327], [126.92546399, 37.56267757], [126.92553979, 37.56260095]]]}, "properties": {"name": "연남동 387-18", "status": "full", "capacity": 1, "active": 1, "industry": "일식", "vacancy_rate": 0.0, "vacancy_rate_lo": 0.0, "vacancy_rate_hi": 0.0, "stores": 1, "source": "stores+ledger", "capacity_method": "floor_ouln", "active_pip": 0, "licensed": 1, "com_floors": [1], "occ_floors": [1], "unknown_n": 0, "id": "1144012400103870018-1", "pnu": "1144012400103870018", "floors": 3, "height": 9.25}}, {"type": "Feature", "geometry": {"type": "Polygon", "coordinates": [[[126.92520302, 37.56197012], [126.92520162, 37.56190192], [126.92512974, 37.56190323], [126.92513062, 37.56193755], [126.92513273, 37.56197305], [126.92520302, 37.56197012]]]}, "properties": {"name": "연남동 390-78", "status": "full", "capacity": 2, "active": 2, "industry": "주점", "vacancy_rate": 0.0, "vacancy_rate_lo": 0.0, "vacancy_rate_hi": 0.0, "stores": 4, "source": "stores+ledger", "capacity_method": "floor_ouln", "active_pip": 0, "licensed": 2, "com_floors": [1, 2], "occ_floors": [1, 2], "unknown_n": 0, "id": "1144012400103900078-1", "pnu": "1144012400103900078", "floors": 2, "height": 7.8}}, {"type": "Feature", "geometry": {"type": "Polygon", "coordinates": [[[126.92615161, 37.56277117], [126.92618261, 37.56278758], [126.9261936, 37.56277597], [126.92626725, 37.56269718], [126.9262056, 37.56265786], [126.92611122, 37.56275132], [126.92614889, 37.56277594], [126.92615161, 37.56277117]]]}, "properties": {"name": "연남동 227-24", "status": "full", "capacity": 1, "active": 1, "industry": "이용·미용", "vacancy_rate": 0.0, "vacancy_rate_lo": 0.0, "vacancy_rate_hi": 0.0, "stores": 1, "source": "stores+ledger", "capacity_method": "floor_ouln", "active_pip": 0, "licensed": 1, "com_floors": [3], "occ_floors": [3], "unknown_n": 0, "id": "1144012400102270024-1", "pnu": "1144012400102270024", "floors": 3, "height": 11.298}}, {"type": "Feature", "geometry": {"type": "Polygon", "coordinates": [[[126.92596376, 37.56284952], [126.92591822, 37.56289112], [126.925931, 37.5628977], [126.92591254, 37.56291526], [126.92595291, 37.56294313], [126.92594657, 37.56294781], [126.92599973, 37.56298217], [126.92602454, 37.56295813], [126.92603077, 37.56296084], [126.92606906, 37.56292104], [126.92602823, 37.56289434], [126.92603174, 37.5628902], [126.92600697, 37.56287243], [126.92600301, 37.56287595], [126.92596376, 37.56284952]]]}, "properties": {"name": "연남동 228-3", "status": "full", "capacity": 3, "active": 3, "industry": "이용·미용", "vacancy_rate": 0.0, "vacancy_rate_lo": 0.0, "vacancy_rate_hi": 0.0, "stores": 6, "source": "stores+ledger", "capacity_method": "floor_ouln", "active_pip": 0, "licensed": 3, "com_floors": [1, 2, 3], "occ_floors": [1, 2, 3], "unknown_n": 0, "id": "1144012400102280003-1", "pnu": "1144012400102280003", "floors": 4, "height": 12.6}}, {"type": "Feature", "geometry": {"type": "Polygon", "coordinates": [[[126.92551691, 37.56281554], [126.92554079, 37.56279049], [126.92554223, 37.56279135], [126.92556494, 37.56276753], [126.92551887, 37.56273969], [126.92552873, 37.56272936], [126.92548365, 37.56270213], [126.92541691, 37.56277153], [126.92544252, 37.562787], [126.925448, 37.56278126], [126.92546784, 37.56279324], [126.92547228, 37.56278858], [126.92551691, 37.56281554]]]}, "properties": {"name": "연남동 387-14", "status": "full", "capacity": 3, "active": 3, "industry": "주점", "vacancy_rate": 0.0, "vacancy_rate_lo": 0.0, "vacancy_rate_hi": 0.0, "stores": 3, "source": "stores+ledger", "capacity_method": "floor_ouln", "active_pip": 0, "licensed": 3, "com_floors": [1, 2, 3], "occ_floors": [1, 2, 3], "unknown_n": 0, "id": "1144012400103870014-1", "pnu": "1144012400103870014", "floors": 4, "height": 13.3}}, {"type": "Feature", "geometry": {"type": "Polygon", "coordinates": [[[126.92547213, 37.56303779], [126.92545683, 37.56305121], [126.92547629, 37.56306491], [126.92549102, 37.56304925], [126.92547213, 37.56303779]]]}, "properties": {"name": "하늘드리움", "status": "full", "capacity": 3, "active": 3, "industry": "한식", "vacancy_rate": 0.0, "vacancy_rate_lo": 0.0, "vacancy_rate_hi": 0.0, "stores": 6, "source": "stores+ledger", "capacity_method": "floor_ouln", "active_pip": 0, "licensed": 4, "com_floors": [1, 2, 3], "occ_floors": [1, 2, 3], "unknown_n": 0, "id": "1144012400103870012-2", "pnu": "1144012400103870012", "floors": 0, "height": 0.0}}, {"type": "Feature", "geometry": {"type": "Polygon", "coordinates": [[[126.92582779, 37.56242255], [126.92583911, 37.56243021], [126.9259583, 37.56241353], [126.92594784, 37.56234793], [126.9258068, 37.56236415], [126.92581344, 37.56240461], [126.92582442, 37.56240434], [126.92582779, 37.56242255]]]}, "properties": {"name": "연남동 385-8", "status": "high", "capacity": 3, "active": 1, "industry": "", "vacancy_rate": 66.7, "source": "pip_only", "capacity_method": "floor_approx", "active_pip": 0, "licensed": 1, "id": "1144012400103850008-1", "pnu": "1144012400103850008", "floors": 3, "height": 12.3}}, {"type": "Feature", "geometry": {"type": "Polygon", "coordinates": [[[126.92500007, 37.5619648], [126.92502497, 37.56194041], [126.92502763, 37.56193244], [126.92502786, 37.56193091], [126.9250266, 37.56192839], [126.92501655, 37.5619209], [126.92502492, 37.56191232], [126.9250239, 37.56190572], [126.92500005, 37.56189134], [126.9249721, 37.56187501], [126.92497902, 37.56186736], [126.92494022, 37.56184472], [126.92493467, 37.56184526], [126.92488199, 37.56189685], [126.92499783, 37.56196711], [126.92500007, 37.5619648]]]}, "properties": {"name": "연남동 260-1", "status": "full", "capacity": 4, "active": 4, "industry": "", "vacancy_rate": 0.0, "source": "pip_only", "capacity_method": "floor_approx", "active_pip": 4, "licensed": 2, "id": "1144012400102600001-1", "pnu": "1144012400102600001", "floors": 1, "height": 0.0}}, {"type": "Feature", "geometry": {"type": "Polygon", "coordinates": [[[126.92496195, 37.56275312], [126.92495527, 37.56274716], [126.92499684, 37.56271727], [126.92499368, 37.56271448], [126.92500002, 37.56270981], [126.92502067, 37.56269394], [126.92500005, 37.56267665], [126.92495324, 37.56263869], [126.92487327, 37.56269792], [126.92494734, 37.56276355], [126.92496195, 37.56275312]]]}, "properties": {"name": "연남동 228-35", "status": "full", "capacity": 2, "active": 2, "industry": "한식", "vacancy_rate": 0.0, "vacancy_rate_lo": 0.0, "vacancy_rate_hi": 0.0, "stores": 2, "source": "stores+ledger", "capacity_method": "floor_ouln", "active_pip": 0, "licensed": 2, "com_floors": [1, 2], "occ_floors": [1, 2], "unknown_n": 0, "id": "1144012400102280035-1", "pnu": "1144012400102280035", "floors": 4, "height": 13.75}}, {"type": "Feature", "geometry": {"type": "Polygon", "coordinates": [[[126.92605175, 37.56188416], [126.92612099, 37.56180032], [126.92605606, 37.56176244], [126.9259934, 37.56182871], [126.9260054, 37.56183449], [126.92598919, 37.56185295], [126.92605175, 37.56188416]]]}, "properties": {"name": "연남동 390-31", "status": "full", "capacity": 3, "active": 3, "industry": "비알코올 ", "vacancy_rate": 0.0, "vacancy_rate_lo": 0.0, "vacancy_rate_hi": 66.7, "stores": 3, "source": "stores+ledger", "capacity_method": "floor_ouln", "active_pip": 0, "licensed": 2, "com_floors": [1, 2, 3], "occ_floors": [1], "unknown_n": 2, "id": "1144012400103900031-1", "pnu": "1144012400103900031", "floors": 3, "height": 10.7}}, {"type": "Feature", "geometry": {"type": "Polygon", "coordinates": [[[126.92623316, 37.56259408], [126.92618706, 37.56263604], [126.92627585, 37.56269367], [126.92634802, 37.56262613], [126.92631284, 37.56260396], [126.92629653, 37.5626162], [126.92625773, 37.56258986], [126.92624369, 37.56259941], [126.92623316, 37.56259408]]]}, "properties": {"name": "연남동 227-34", "status": "full", "capacity": 1, "active": 1, "industry": "한식", "vacancy_rate": 0.0, "vacancy_rate_lo": 0.0, "vacancy_rate_hi": 0.0, "stores": 1, "source": "stores+ledger", "capacity_method": "floor_ouln", "active_pip": 0, "licensed": 1, "com_floors": [1], "occ_floors": [1], "unknown_n": 0, "id": "1144012400102270034-1", "pnu": "1144012400102270034", "floors": 1, "height": 3.0}}, {"type": "Feature", "geometry": {"type": "Polygon", "coordinates": [[[126.92586931, 37.56312743], [126.92575037, 37.56322421], [126.92582898, 37.56328543], [126.92594622, 37.56318604], [126.92586931, 37.56312743]]]}, "properties": {"name": "연남동 228-8", "status": "full", "capacity": 2, "active": 2, "industry": "섬유·의복·신발 소매", "vacancy_rate": 0.0, "vacancy_rate_lo": 0.0, "vacancy_rate_hi": 0.0, "stores": 5, "source": "stores+ledger", "capacity_method": "floor_ouln", "active_pip": 0, "licensed": 2, "com_floors": [1, 2], "occ_floors": [1, 2], "unknown_n": 0, "id": "1144012400102280008-2", "pnu": "1144012400102280008", "floors": 0, "height": 0.0}}, {"type": "Feature", "geometry": {"type": "Polygon", "coordinates": [[[126.9260809, 37.56307674], [126.92602707, 37.56303706], [126.92603081, 37.56303355], [126.9260057, 37.56301398], [126.9259332, 37.56307313], [126.92595254, 37.56308963], [126.92601158, 37.56313517], [126.9260809, 37.56307674]]]}, "properties": {"name": "연남동 228-5", "status": "full", "capacity": 2, "active": 2, "industry": "한식", "vacancy_rate": 0.0, "vacancy_rate_lo": 0.0, "vacancy_rate_hi": 0.0, "stores": 2, "source": "stores+ledger", "capacity_method": "floor_ouln", "active_pip": 0, "licensed": 2, "com_floors": [1, 2], "occ_floors": [1, 2], "unknown_n": 0, "id": "1144012400102280005-1", "pnu": "1144012400102280005", "floors": 5, "height": 15.9}}, {"type": "Feature", "geometry": {"type": "Polygon", "coordinates": [[[126.92638422, 37.56221058], [126.92634687, 37.5622181], [126.92636917, 37.56228832], [126.9264266, 37.56227676], [126.92641927, 37.56225368], [126.92643043, 37.56225144], [126.92642253, 37.56222658], [126.92641639, 37.56222781], [126.92641047, 37.56220918], [126.92638422, 37.56221058]]]}, "properties": {"name": "수목원", "status": "full", "capacity": 2, "active": 2, "industry": "기타 간이", "vacancy_rate": 0.0, "vacancy_rate_lo": 0.0, "vacancy_rate_hi": 0.0, "stores": 2, "source": "stores+ledger", "capacity_method": "floor_ouln", "active_pip": 0, "licensed": 1, "com_floors": [1, 3], "occ_floors": [1, 3], "unknown_n": 0, "id": "1144012400103850001-1", "pnu": "1144012400103850001", "floors": 3, "height": 9.7}}, {"type": "Feature", "geometry": {"type": "Polygon", "coordinates": [[[126.92609573, 37.56326793], [126.9261851, 37.56332611], [126.92629114, 37.56322289], [126.92620258, 37.56316522], [126.92609573, 37.56326793]]]}, "properties": {"name": "아라크네빌딩", "status": "full", "capacity": 4, "active": 4, "industry": "한식", "vacancy_rate": 0.0, "vacancy_rate_lo": 0.0, "vacancy_rate_hi": 0.0, "stores": 3, "source": "stores+ledger", "capacity_method": "floor_ouln", "active_pip": 0, "licensed": 1, "com_floors": [1, 2, 3, 4], "occ_floors": [1, 2, 3, 4], "unknown_n": 0, "id": "1144012400102240057-1", "pnu": "1144012400102240057", "floors": 6, "height": 20.5}}, {"type": "Feature", "geometry": {"type": "Polygon", "coordinates": [[[126.92581777, 37.56313853], [126.92588376, 37.56308405], [126.92585607, 37.56306279], [126.92586059, 37.56305906], [126.92582881, 37.56303467], [126.9258125, 37.56304812], [126.92580273, 37.56304062], [126.9257823, 37.56305748], [126.92577456, 37.56305154], [126.92574078, 37.56307943], [126.92581777, 37.56313853]]]}, "properties": {"name": "우측호", "status": "full", "capacity": 2, "active": 2, "industry": "한식", "vacancy_rate": 0.0, "vacancy_rate_lo": 0.0, "vacancy_rate_hi": 50.0, "stores": 3, "source": "stores+ledger", "capacity_method": "floor_ouln", "active_pip": 0, "licensed": 2, "com_floors": [1, 2], "occ_floors": [1], "unknown_n": 1, "id": "1144012400102280007-1", "pnu": "1144012400102280007", "floors": 2, "height": 7.6}}, {"type": "Feature", "geometry": {"type": "Polygon", "coordinates": [[[126.92604539, 37.56248116], [126.92603438, 37.56250755], [126.92604004, 37.56251017], [126.92603198, 37.56253422], [126.92604522, 37.56253828], [126.92604862, 37.56253216], [126.92612387, 37.56254959], [126.92613022, 37.56253365], [126.92613147, 37.56253068], [126.92614607, 37.5625324], [126.92615186, 37.56251258], [126.92615209, 37.56251357], [126.92616272, 37.56251672], [126.92617328, 37.56248187], [126.92611953, 37.56246895], [126.9261133, 37.56247877], [126.92609768, 37.56247498], [126.92607821, 37.56247875], [126.92607458, 37.56248731], [126.92604539, 37.56248116]]]}, "properties": {"name": "연남동 227-31", "status": "partial", "capacity": 3, "active": 2, "industry": "주점", "vacancy_rate": 33.3, "vacancy_rate_lo": 33.3, "vacancy_rate_hi": 33.3, "stores": 2, "source": "stores+ledger", "capacity_method": "floor_ouln", "active_pip": 0, "licensed": 2, "com_floors": [1, 2, 3], "occ_floors": [1, 3], "unknown_n": 0, "id": "1144012400102270031-1", "pnu": "1144012400102270031", "floors": 3, "height": 10.52}}, {"type": "Feature", "geometry": {"type": "Polygon", "coordinates": [[[126.92481266, 37.56228828], [126.92493748, 37.56228282], [126.92493407, 37.56221192], [126.92480673, 37.56221662], [126.92481266, 37.56228828]]]}, "properties": {"name": "연남동 390-68", "status": "full", "capacity": 2, "active": 2, "industry": "서양식", "vacancy_rate": 0.0, "vacancy_rate_lo": 0.0, "vacancy_rate_hi": 0.0, "stores": 3, "source": "stores+ledger", "capacity_method": "floor_ouln", "active_pip": 0, "licensed": 2, "com_floors": [1, 2], "occ_floors": [1, 2], "unknown_n": 0, "id": "1144012400103900068-1", "pnu": "1144012400103900068", "floors": 4, "height": 13.0}}, {"type": "Feature", "geometry": {"type": "Polygon", "coordinates": [[[126.9245822, 37.56188692], [126.92470029, 37.56184609], [126.92459495, 37.56177704], [126.92454143, 37.56181359], [126.9245822, 37.56188692]]]}, "properties": {"name": "연남동 228-58", "status": "partial", "capacity": 4, "active": 3, "industry": "한식", "vacancy_rate": 25.0, "vacancy_rate_lo": 25.0, "vacancy_rate_hi": 25.0, "stores": 3, "source": "stores+ledger", "capacity_method": "floor_ouln", "active_pip": 0, "licensed": 3, "com_floors": [1, 2, 3, 4], "occ_floors": [1, 2, 3], "unknown_n": 0, "id": "1144012400102280058-2", "pnu": "1144012400102280058", "floors": 4, "height": 13.3}}, {"type": "Feature", "geometry": {"type": "Polygon", "coordinates": [[[126.92500006, 37.56255636], [126.9250233, 37.56253887], [126.92500007, 37.56251957], [126.92493439, 37.56246568], [126.92485579, 37.56252645], [126.92494456, 37.5625993], [126.92500006, 37.56255636]]]}, "properties": {"name": "연남동 228-39", "status": "full", "capacity": 3, "active": 3, "industry": "주점", "vacancy_rate": 0.0, "vacancy_rate_lo": 0.0, "vacancy_rate_hi": 0.0, "stores": 3, "source": "stores+ledger", "capacity_method": "floor_ouln", "active_pip": 0, "licensed": 3, "com_floors": [1, 2, 3], "occ_floors": [1, 2, 3], "unknown_n": 0, "id": "1144012400102280039-1", "pnu": "1144012400102280039", "floors": 3, "height": 9.35}}]}